Date,Open,High,Low,Close,Volume,Dividends,Stock Splits
2021-02-16 00:00:00-05:00,131.96666370650627,132.47313069680968,129.33686380627134,129.72647094726562,80576300,0.0,0.0
2021-02-17 00:00:00-05:00,127.8369410028071,128.78171806051128,126.10322977283343,127.4375991821289,97918500,0.0,0.0
2021-02-18 00:00:00-05:00,125.84021263400942,126.61941198787154,124.09676726976038,126.33695983886719,96856700,0.0,0.0
2021-02-19 00:00:00-05:00,126.85316335933045,127.31094237587132,125.45060763733204,126.4927749633789,87668800,0.0,0.0
2021-02-22 00:00:00-05:00,124.68117557823038,126.34671464924598,122.33384996779367,122.72344970703125,103916400,0.0,0.0
2021-02-23 00:00:00-05:00,120.54167771296495,123.41496128803965,115.3113195259661,122.58706665039062,158273000,0.0,0.0
2021-02-24 00:00:00-05:00,121.69099014380231,122.29486254832105,119.05146344751515,122.09032440185547,111039900,0.0,0.0
2021-02-25 00:00:00-05:00,121.43777330096201,123.17148430278391,117.40543205845579,117.8437271118164,148199500,0.0,0.0
2021-02-26 00:00:00-05:00,119.40211317040608,121.6033452358005,118.04825992472897,118.10670471191406,164560400,0.0,0.0
2021-03-01 00:00:00-05:00,120.53193085770955,124.60323193058755,119.59689616459342,124.46687316894531,116307900,0.0,0.0
2021-03-02 00:00:00-05:00,125.07077944616279,125.3727157063762,121.75919289657611,121.8663330078125,102260900,0.0,0.0
2021-03-03 00:00:00-05:00,121.56436694253905,122.4409643135904,118.6715993335673,118.88587951660156,112966300,0.0,0.0
2021-03-04 00:00:00-05:00,118.58395606502583,120.38584631369558,115.53535272389263,117.0060806274414,178155000,0.0,0.0
2021-03-05 00:00:00-05:00,117.83397451469976,118.76900926850234,114.51264641529035,118.26252746582031,153766600,0.0,0.0
2021-03-08 00:00:00-05:00,117.7853048147253,117.85348421909974,113.18804374548343,113.33414459228516,154376600,0.0,0.0
2021-03-09 00:00:00-05:00,115.93469539878758,118.88590088596752,115.70093853482196,117.94112396240234,129525800,0.0,0.0
2021-03-10 00:00:00-05:00,118.52551679323263,118.99303047984385,116.34376148572666,116.8599853515625,111943300,0.0,0.0
2021-03-11 00:00:00-05:00,119.35341713456053,120.00599237807343,118.10670400337277,118.78849792480469,103026500,0.0,0.0
2021-03-12 00:00:00-05:00,117.26906067587845,118.01903394756955,116.06130832636462,117.88267517089844,88105100,0.0,0.0
2021-03-15 00:00:00-04:00,118.25280599447676,120.77545095974142,117.28854502762586,120.76570892333984,92403800,0.0,0.0
2021-03-16 00:00:00-04:00,122.4312508542222,123.9117284110974,121.47673927373422,122.30463409423828,115227900,0.0,0.0
2021-03-17 00:00:00-04:00,120.82415009129004,122.58707964634337,119.15861117334904,121.51568603515625,111932600,0.0,0.0
2021-03-18 00:00:00-04:00,119.68456358302885,119.97676520351848,117.1911374972353,117.39567565917969,121229700,0.0,0.0
2021-03-19 00:00:00-04:00,116.78205680531912,118.27226866588653,116.56777661577428,116.86971282958984,185549500,0.0,0.0
2021-03-22 00:00:00-04:00,117.20088850037816,120.64883370339138,117.13270910784668,120.18131256103516,111912300,0.0,0.0
2021-03-23 00:00:00-04:00,120.12286614601692,121.00919818208511,118.9638091293934,119.35340881347656,95467100,0.0,0.0
2021-03-24 00:00:00-04:00,119.62614392900645,119.7040653634643,116.94765592524341,116.96713256835938,88530500,0.0,0.0
2021-03-25 00:00:00-04:00,116.43142597838931,118.4962991670475,115.90546750304253,117.45411682128906,98844700,0.0,0.0
2021-03-26 00:00:00-04:00,117.22035432205121,118.32097396831911,115.82754049090362,118.05799102783203,94071200,0.0,0.0
2021-03-29 00:00:00-04:00,118.48658601070271,119.39240236719284,117.59051169251836,118.23334503173828,80819200,0.0,0.0
2021-03-30 00:00:00-04:00,116.98661215897457,117.26907177481125,115.76911765846987,116.78207397460938,85671900,0.0,0.0
2021-03-31 00:00:00-04:00,118.48657394561577,120.3079410804402,117.9995761138878,118.97357177734375,118323800,0.0,0.0
2021-04-01 00:00:00-04:00,120.44429326652572,120.95076768283118,119.30471282559485,119.80145263671875,75089100,0.0,0.0
2021-04-05 00:00:00-04:00,120.6488353850815,122.87928615898178,119.86963594729222,122.62604522705078,88651200,0.0,0.0
2021-04-06 00:00:00-04:00,123.21045341308864,123.82406801579717,122.38255857200649,122.92799377441406,80171300,0.0,0.0
2021-04-07 00:00:00-04:00,122.55787260556289,124.59351991699825,121.88581323910961,124.57404327392578,83466700,0.0,0.0
2021-04-08 00:00:00-04:00,125.59673249128127,126.99928856495599,125.17792150755567,126.9700698852539,88844600,0.0,0.0
2021-04-09 00:00:00-04:00,126.42461457311639,129.58035037412546,126.1031942856078,129.54139709472656,106686700,0.0,0.0
2021-04-12 00:00:00-04:00,129.07388434312833,129.39530463290586,127.23303349221449,127.8271713256836,91420000,0.0,0.0
2021-04-13 00:00:00-04:00,128.99596262492872,131.15823376064404,128.49921542278324,130.9342041015625,91266500,0.0,0.0
2021-04-14 00:00:00-04:00,131.43094899145666,131.48938634080065,128.2362450900617,128.59661865234375,87222800,0.0,0.0
2021-04-15 00:00:00-04:00,130.34010100083557,131.48940869866695,130.16477406100063,131.00241088867188,89347100,0.0,0.0
2021-04-16 00:00:00-04:00,130.8076081751269,131.16798178060714,129.81412853121648,130.67124938964844,84922400,0.0,0.0
2021-04-19 00:00:00-04:00,130.0381412567294,131.9471790846723,129.87256379574342,131.33355712890625,94264200,0.0,0.0
2021-04-20 00:00:00-04:00,131.50891027779352,132.00564275979164,128.38237738217003,129.64857482910156,94812300,0.0,0.0
2021-04-21 00:00:00-04:00,128.9180574819885,130.27191076385841,127.88562452974153,130.02841186523438,68847100,0.0,0.0
2021-04-22 00:00:00-04:00,129.58038910212525,130.66152498796077,127.99278612277816,128.50900268554688,84566500,0.0,0.0
2021-04-23 00:00:00-04:00,128.72325347974677,131.60627194079382,128.72325347974677,130.82708740234375,78657500,0.0,0.0
2021-04-26 00:00:00-04:00,131.32381490404939,131.54782970744535,130.0868364590517,131.2166748046875,66905100,0.0,0.0
2021-04-27 00:00:00-04:00,131.49912083847275,131.88872793710226,130.62253087504087,130.89524841308594,66015800,0.0,0.0
2021-04-28 00:00:00-04:00,130.81733580986761,131.5088791677975,129.61932548257246,130.1063232421875,107760100,0.0,0.0
2021-04-29 00:00:00-04:00,132.92113173631725,133.50553482574796,129.00566670590237,130.00888061523438,151101000,0.0,0.0
2021-04-30 00:00:00-04:00,128.35315956120257,130.0868708182536,127.66163089702832,128.04148864746094,109839500,0.0,0.0
2021-05-03 00:00:00-04:00,128.60637073689202,130.58359545105438,128.401839986388,129.09336853027344,75135100,0.0,0.0
2021-05-04 00:00:00-04:00,127.77849424860072,128.0706959218244,123.40524834260499,124.52534484863281,137564700,0.0,0.0
2021-05-05 00:00:00-04:00,125.84024625685937,127.05774092819507,124.64223566162377,124.76885986328125,84000900,0.0,0.0
2021-05-06 00:00:00-04:00,124.56430537762937,126.37593791446682,123.82406658932013,126.36620330810547,78128300,0.0,0.0
2021-05-07 00:00:00-04:00,127.66382129004229,128.06382651595774,126.3271705323357,127.0394058227539,78973300,0.22,0.0
2021-05-10 00:00:00-04:00,126.25886899143829,126.38569336703041,123.7221730582719,123.76119995117188,88071200,0.0,0.0
2021-05-11 00:00:00-04:00,120.4927732833166,123.19532046962064,119.78054551827158,122.8440933227539,126142800,0.0,0.0
2021-05-12 00:00:00-04:00,120.39520469554279,121.60500854306753,119.27320577012671,119.7805404663086,112172300,0.0,0.0
2021-05-13 00:00:00-04:00,121.54648377421124,123.07825403932372,121.23427605914434,121.92698669433594,105861300,0.0,0.0
2021-05-14 00:00:00-04:00,123.17580356771927,124.7758688561986,122.78554210729591,124.3465805053711,81918000,0.0,0.0
2021-05-17 00:00:00-04:00,123.73192293508849,123.83924502210618,122.12209907344122,123.1953125,74244600,0.0,0.0
2021-05-18 00:00:00-04:00,123.47825121325309,123.89778097564653,121.7415955505699,121.80989074707031,63342900,0.0,0.0
2021-05-19 00:00:00-04:00,120.16105765432343,121.87819629608094,119.86835967667767,121.65380096435547,92612000,0.0,0.0
2021-05-20 00:00:00-04:00,122.18065274217139,124.61001915730156,122.05381347828964,124.20999908447266,76857100,0.0,0.0
2021-05-21 00:00:00-04:00,124.70758107227505,124.8831983677244,122.16113401006866,122.37577819824219,79295400,0.0,0.0
2021-05-24 00:00:00-04:00,122.94165678285485,124.82466155300955,122.87336158160026,124.00511169433594,63092900,0.0,0.0
2021-05-25 00:00:00-04:00,124.70758616767343,125.19541862484827,123.24411112700588,123.80998992919922,72009500,0.0,0.0
2021-05-26 00:00:00-04:00,123.86852204574208,124.28805183989326,123.3416701570207,123.76119995117188,56575900,0.0,0.0
2021-05-27 00:00:00-04:00,123.3611810284224,124.5319579811851,122.03429651202822,122.22942352294922,94625600,0.0,0.0
2021-05-28 00:00:00-04:00,122.51236771666937,122.73677048730885,121.51720801205188,121.57574462890625,71311100,0.0,0.0
2021-06-01 00:00:00-04:00,122.03429182182089,122.29771402080185,120.92205152635813,121.25376892089844,67637100,0.0,0.0
2021-06-02 00:00:00-04:00,121.25377238108098,122.19039542274523,121.02937706510446,122.01477813720703,59278900,0.0,0.0
2021-06-03 00:00:00-04:00,121.64403969713835,121.80989840712398,120.13177925202119,120.53179931640625,76229200,0.0,0.0
2021-06-04 00:00:00-04:00,121.04890967576293,123.08802229025616,120.83426545911946,122.82459259033203,75169300,0.0,0.0
2021-06-07 00:00:00-04:00,123.09775754946514,123.24410653680496,121.7903901347652,122.83433532714844,71057600,0.0,0.0
2021-06-08 00:00:00-04:00,123.51727923465421,125.33199613747028,123.13677635872094,123.65386962890625,74403800,0.0,0.0
2021-06-09 00:00:00-04:00,124.1124318358548,124.63928371308171,123.43923097435068,124.03437805175781,56877900,0.0,0.0
2021-06-10 00:00:00-04:00,123.92703729774797,125.06855324831824,122.8733411455855,123.03919982910156,71186400,0.0,0.0
2021-06-11 00:00:00-04:00,123.44899833208643,124.33684344114933,123.02946851727127,124.24903106689453,53522400,0.0,0.0
2021-06-14 00:00:00-04:00,124.70755558634418,127.36131675668122,123.97581824545021,127.30278015136719,96906500,0.0,0.0
2021-06-15 00:00:00-04:00,126.77592848770462,127.4198608834034,126.23931815795562,126.48323059082031,62746300,0.0,0.0
2021-06-16 00:00:00-04:00,127.19548678307785,127.7028289556805,125.33200658203938,126.98084259033203,91815000,0.0,0.0
2021-06-17 00:00:00-04:00,126.63935317228925,129.32239025268845,126.49299676283543,128.5808868408203,96721700,0.0,0.0
2021-06-18 00:00:00-04:00,127.52723008894328,128.30773825283313,127.06867335467656,127.28331756591797,108953300,0.0,0.0
2021-06-21 00:00:00-04:00,127.12723639758653,129.18585911522888,126.06378114912822,129.0785369873047,79663300,0.0,0.0
2021-06-22 00:00:00-04:00,128.912661708904,130.8151765627034,128.41507059443637,130.7176055908203,74783600,0.0,0.0
2021-06-23 00:00:00-04:00,130.51271488266488,131.0493254021088,129.98585550457855,130.4444122314453,60214200,0.0,0.0
2021-06-24 00:00:00-04:00,131.1761533209972,131.36152922245495,129.69316099657445,130.16148376464844,68711000,0.0,0.0
2021-06-25 00:00:00-04:00,130.2102731739654,130.62979558487248,129.57609165578822,129.86878967285156,70783700,0.0,0.0
2021-06-28 00:00:00-04:00,130.16148725640332,131.95667992046137,130.10295063063353,131.4981231689453,62111300,0.0,0.0
2021-06-29 00:00:00-04:00,131.51764764633526,133.16649883756983,131.0786080414317,133.01039123535156,64556100,0.0,0.0
2021-06-30 00:00:00-04:00,132.85422833936676,134.06403942217588,132.56153042883813,133.625,63261400,0.0,0.0
2021-07-01 00:00:00-04:00,133.27382165358517,133.98604212249344,132.45426418125246,133.92750549316406,52485800,0.0,0.0
2021-07-02 00:00:00-04:00,134.5421050302235,136.59097561940857,134.3957635112395,136.5519561767578,78852600,0.0,0.0
2021-07-06 00:00:00-04:00,136.65929888430668,139.66428770082487,136.65929888430668,138.5618133544922,108181800,0.0,0.0
2021-07-07 00:00:00-04:00,140.04478004189397,141.36191336128311,139.1862182535438,141.04971313476562,104911600,0.0,0.0
2021-07-08 00:00:00-04:00,138.13250812343543,140.5521155930635,137.2446631833098,139.75209045410156,105575500,0.0,0.0
2021-07-09 00:00:00-04:00,139.27403406481795,142.10341304013653,139.17646311232951,141.57656860351562,99890800,0.0,0.0
2021-07-12 00:00:00-04:00,142.64979816390084,142.75712026323748,140.49360503622404,140.98143005371094,76299700,0.0,0.0
2021-07-13 00:00:00-04:00,140.52287651879445,143.8693639556699,140.1326224508896,142.0936737060547,100827100,0.0,0.0
2021-07-14 00:00:00-04:00,144.49379821069462,145.92800517220743,144.0840120326278,145.51821899414062,127050800,0.0,0.0
2021-07-15 00:00:00-04:00,145.6059901139749,146.34747864637848,143.50833398770226,144.86448669433594,106820300,0.0,0.0
2021-07-16 00:00:00-04:00,144.84502714125577,146.11336042052585,142.3278479795718,142.82542419433594,93251400,0.0,0.0
2021-07-19 00:00:00-04:00,140.24968646910114,140.56190161268026,138.2203326975493,138.98133850097656,121434600,0.0,0.0
2021-07-20 00:00:00-04:00,139.96676145319105,143.518127007473,139.47893643261804,142.59124755859375,96350000,0.0,0.0
2021-07-21 00:00:00-04:00,141.98635160042446,142.57174758950413,141.10827250404336,141.85951232910156,74993500,0.0,0.0
2021-07-22 00:00:00-04:00,142.38634335455993,144.59130668501456,142.25950410848452,143.22540283203125,77338200,0.0,0.0
2021-07-23 00:00:00-04:00,143.95714959308972,145.09865822031367,143.34248537564744,144.9425506591797,71447400,0.0,0.0
2021-07-26 00:00:00-04:00,144.65963709619385,146.18164879238583,144.1035094217646,145.3621063232422,72434100,0.0,0.0
2021-07-27 00:00:00-04:00,145.48892025406204,145.5767400665626,142.00585756681636,143.19615173339844,104818600,0.0,0.0
2021-07-28 00:00:00-04:00,141.283848347971,143.39125553651849,139.0691190835095,141.44970703125,118931200,0.0,0.0
2021-07-29 00:00:00-04:00,141.16680912935195,142.9815188308623,141.05948702759235,142.0936737060547,56699500,0.0,0.0
2021-07-30 00:00:00-04:00,140.86434605990442,142.76686050541852,140.60091640214495,142.3083038330078,70440600,0.0,0.0
2021-08-02 00:00:00-04:00,142.7961201026742,143.37174997131473,141.71314811709883,141.97657775878906,62880000,0.0,0.0
2021-08-03 00:00:00-04:00,142.2595139229218,144.43520909857267,141.64484970305608,143.7717742919922,64786600,0.0,0.0
2021-08-04 00:00:00-04:00,143.68394969989515,144.19127687526958,142.7180510419496,143.37173461914062,56368300,0.0,0.0
2021-08-05 00:00:00-04:00,143.40101116673,144.24007063545545,142.6107371680816,143.47906494140625,46397700,0.0,0.0
2021-08-06 00:00:00-04:00,143.000320280882,143.74291989384258,142.29679858037488,142.7951202392578,54126800,0.22,0.0
2021-08-09 00:00:00-04:00,142.853744492803,143.34230040071924,142.18931561461758,142.7462615966797,48908700,0.0,0.0
2021-08-10 00:00:00-04:00,143.08828761420278,144.32922406312062,141.97438049984515,142.26751708984375,69023100,0.0,0.0
2021-08-11 00:00:00-04:00,142.70716850336376,143.36183156118472,142.19906623850963,142.52151489257812,48493500,0.0,0.0
2021-08-12 00:00:00-04:00,142.84396383015653,145.6385039280885,142.50196876649986,145.48216247558594,72282600,0.0,0.0
2021-08-13 00:00:00-04:00,145.56033337689462,146.01957707570978,144.8763581583002,145.68736267089844,59375000,0.0,0.0
2021-08-16 00:00:00-04:00,145.14021253550032,147.72956832789293,143.11759841201288,147.66116333007812,103296000,0.0,0.0
2021-08-17 00:00:00-04:00,146.79151932278535,148.20832862251999,145.67761233221978,146.75244140625,92229700,0.0,0.0
2021-08-18 00:00:00-04:00,146.37135309386304,147.27029417589944,142.80488601790597,143.0100860595703,86326000,0.0,0.0
2021-08-19 00:00:00-04:00,141.71052547158095,144.61254875765684,141.19265740190144,143.34230041503906,86960300,0.0,0.0
2021-08-20 00:00:00-04:00,144.06535347049768,145.10108950161558,143.42045616108942,144.79818725585938,60549600,0.0,0.0
2021-08-23 00:00:00-04:00,144.91543614181833,146.75241093803115,144.50505101044897,146.2834014892578,60131800,0.0,0.0
2021-08-24 00:00:00-04:00,146.02937310982574,147.40710449199298,145.73623655262395,146.1954803466797,48606400,0.0,0.0
2021-08-25 00:00:00-04:00,146.3811034364789,146.87943995254733,144.41711425947602,144.96429443359375,58991300,0.0,0.0
2021-08-26 00:00:00-04:00,144.95451308804914,145.7068782917423,144.13372800564036,144.1630401611328,48597200,0.0,0.0
2021-08-27 00:00:00-04:00,144.10443150378484,145.34536755607812,143.4693148530707,145.1988067626953,55802400,0.0,0.0
2021-08-30 00:00:00-04:00,145.58966053577964,149.97689795560206,145.20858752404757,149.6153564453125,90956700,0.0,0.0
2021-08-31 00:00:00-04:00,149.16587817080352,149.3026732146875,147.8272249811444,148.35487365722656,86453100,0.0,0.0
2021-09-01 00:00:00-04:00,149.33198527371385,151.43276949828842,148.8531951656688,149.01930236816406,80313700,0.0,0.0
2021-09-02 00:00:00-04:00,150.34819027947748,151.17874128646721,148.91183471793337,150.1332244873047,71115500,0.0,0.0
2021-09-03 00:00:00-04:00,150.24069238740682,151.09078972052774,149.5860293255129,150.76834106445312,57808700,0.0,0.0
2021-09-07 00:00:00-04:00,151.4230043452141,153.66058362239795,150.8562777588282,153.1036376953125,82278300,0.0,0.0
2021-09-08 00:00:00-04:00,153.38697789342345,153.4456022050819,150.45564303417842,151.55978393554688,74420200,0.0,0.0
2021-09-09 00:00:00-04:00,151.9310910707807,152.5368955037672,150.42633082753412,150.54359436035156,57305700,0.0,0.0
2021-09-10 00:00:00-04:00,151.45233157203938,151.92134106933233,145.2965241455898,145.5603485107422,140893200,0.0,0.0
2021-09-13 00:00:00-04:00,147.18234237769772,147.95425407222461,145.34536758274155,146.12705993652344,102404300,0.0,0.0
2021-09-14 00:00:00-04:00,146.90876744705565,147.61228914708835,143.54750041568678,144.72979736328125,109296300,0.0,0.0
2021-09-15 00:00:00-04:00,145.15971382126716,146.0195769004921,143.01983678244974,145.61895751953125,83281300,0.0,0.0
2021-09-16 00:00:00-04:00,145.0424802595639,145.56034832894838,143.85040265204483,145.38446044921875,68034100,0.0,0.0
2021-09-17 00:00:00-04:00,145.41378761722353,145.41378761722353,142.4238129361749,142.71694946289062,129868800,0.0,0.0
2021-09-20 00:00:00-04:00,140.50865153615536,141.5248410433877,138.03656037257468,139.6683349609375,123478900,0.0,0.0
2021-09-21 00:00:00-04:00,140.63565047460386,141.2903282973729,139.51197821792402,140.1470947265625,75834000,0.0,0.0
2021-09-22 00:00:00-04:00,141.14378392401113,143.0784609405733,140.4109501394529,142.51174926757812,76404300,0.0,0.0
2021-09-23 00:00:00-04:00,143.29341147385273,143.71357721861844,142.30653411634987,143.46929931640625,64838200,0.0,0.0
2021-09-24 00:00:00-04:00,142.32611071447462,144.09468071612673,142.22839356904527,143.55726623535156,53477900,0.0,0.0
2021-09-27 00:00:00-04:00,142.1404264749726,142.61921652920344,140.52819828937186,142.04270935058594,74150700,0.0,0.0
2021-09-28 00:00:00-04:00,139.9712677848058,141.43693551030117,138.44697573581755,138.6619415283203,108972300,0.0,0.0
2021-09-29 00:00:00-04:00,139.2091369382953,141.14381437221513,138.7792053064143,139.56089782714844,74602000,0.0,0.0
2021-09-30 00:00:00-04:00,140.37188712321222,141.07540882378817,138.04635622911155,138.26132202148438,89056700,0.0,0.0
2021-10-01 00:00:00-04:00,138.65216064526572,139.64881887167329,135.9260252404235,139.38499450683594,94639600,0.0,0.0
2021-10-04 00:00:00-04:00,138.51535016597074,138.95506236159227,135.1052398519007,135.955322265625,98322000,0.0,0.0
2021-10-05 00:00:00-04:00,136.2973477353653,138.98440552812323,136.17031841410787,137.88026428222656,80861100,0.0,0.0
2021-10-06 00:00:00-04:00,136.2777712400183,138.89642346342436,135.20294239635672,138.74986267089844,83221100,0.0,0.0
2021-10-07 00:00:00-04:00,139.7855986818326,140.9190518423827,139.45338427911526,140.0103302001953,61732700,0.0,0.0
2021-10-08 00:00:00-04:00,140.73339820397527,140.87995899645605,139.2970427994977,139.62925720214844,58773200,0.0,0.0
2021-10-11 00:00:00-04:00,139.0137022391212,141.49555969160025,138.56422424355534,139.5413360595703,64452200,0.0,0.0
2021-10-12 00:00:00-04:00,139.95170571768443,139.97125212650982,137.81182869231796,138.2710723876953,73035900,0.0,0.0
2021-10-13 00:00:00-04:00,138.00726310614547,138.16358964828814,136.0139468710265,137.684814453125,78762700,0.0,0.0
2021-10-14 00:00:00-04:00,138.85731545061583,140.5868069751704,138.27104258853484,140.46954345703125,69907100,0.0,0.0
2021-10-15 00:00:00-04:00,140.4793699361988,141.58349614959462,140.22531132197605,141.52487182617188,67940300,0.0,0.0
2021-10-18 00:00:00-04:00,140.1666871499396,143.47909561279081,139.88333128324254,143.19573974609375,85589200,0.0,0.0
2021-10-19 00:00:00-04:00,143.64518755891186,145.75575243725564,143.1957245202807,145.35513305664062,76378900,0.0,0.0
2021-10-20 00:00:00-04:00,145.29652399244392,146.32249438069462,144.72979735027167,145.8437042236328,58418800,0.0,0.0
2021-10-21 00:00:00-04:00,145.40399172614036,146.21499623763387,144.4855043297612,146.05865478515625,61421000,0.0,0.0
2021-10-22 00:00:00-04:00,146.26387023963363,146.74264548774926,145.23789985010384,145.28675842285156,58883400,0.0,0.0
2021-10-25 00:00:00-04:00,145.27699295562158,145.95120256523685,144.24125670704237,145.2379150390625,50720600,0.0,0.0
2021-10-26 00:00:00-04:00,145.9120637213086,147.3874967354295,145.59938088122186,145.9022979736328,60893400,0.0,0.0
2021-10-27 00:00:00-04:00,145.94139101285785,146.30291753836434,145.09130868119013,145.4430694580078,56094900,0.0,0.0
2021-10-28 00:00:00-04:00,146.3908846714247,149.66419997930225,146.29316753585874,149.07794189453125,100077900,0.0,0.0
2021-10-29 00:00:00-04:00,143.85040287273776,146.5081482073945,143.0589446865979,146.37135314941406,124953200,0.0,0.0
2021-11-01 00:00:00-04:00,145.57987978563986,146.2736207539483,144.4171144592604,145.55056762695312,74588300,0.0,0.0
2021-11-02 00:00:00-04:00,145.25743118168475,148.10082985163274,145.2476505224247,146.5863037109375,69122000,0.0,0.0
2021-11-03 00:00:00-04:00,146.94783044977856,148.49166875101167,146.39088452432864,148.0226593017578,54511500,0.0,0.0
2021-11-04 00:00:00-04:00,148.11059575284676,148.94113176601576,147.192108353955,147.50479125976562,60394600,0.0,0.0
2021-11-05 00:00:00-04:00,148.63012712450208,148.93347149692437,146.83940090236302,148.03321838378906,65463900,0.22,0.0
2021-11-08 00:00:00-05:00,148.16042562432813,148.3169952703634,146.93725326087116,147.21124267578125,55020900,0.0,0.0
2021-11-09 00:00:00-05:00,146.97633369825374,148.1799306767577,146.83933904160529,147.5732421875,56787900,0.0,0.0
2021-11-10 00:00:00-05:00,146.80023551358215,146.9078752619248,144.67681041564214,144.74530029296875,65187100,0.0,0.0
2021-11-11 00:00:00-05:00,145.7630135429795,146.22291262356347,144.51047128224292,144.69639587402344,41000000,0.0,0.0
2021-11-12 00:00:00-05:00,145.24435777936998,147.1720784304826,144.31474986015922,146.77088928222656,63804000,0.0,0.0
2021-11-15 00:00:00-05:00,147.14273967083543,148.620341460146,146.22291165316477,146.7806854248047,59222800,0.0,0.0
2021-11-16 00:00:00-05:00,146.72199887322225,148.2387358500832,146.13487006562903,147.75924682617188,59256200,0.0,0.0
2021-11-17 00:00:00-05:00,147.7592057993934,151.6733569463972,147.7494257967945,150.19577026367188,88807000,0.0,0.0
2021-11-18 00:00:00-05:00,150.41107449173293,155.26461435018126,149.76523586281957,154.48178100585938,137827700,0.0,0.0
2021-11-19 00:00:00-05:00,154.2664794451428,157.5641620110988,153.1705218782956,157.104248046875,117305600,0.0,0.0
2021-11-22 00:00:00-05:00,158.21000213967926,162.14372871908944,157.54460352782965,157.56417846679688,117467900,0.0,0.0
2021-11-23 00:00:00-05:00,157.66203166951047,158.3274452479913,155.6462458566702,157.94581604003906,96041900,0.0,0.0
2021-11-24 00:00:00-05:00,157.29995411244806,158.66012108108276,156.2137765381209,158.46441650390625,69463600,0.0,0.0
2021-11-26 00:00:00-05:00,156.14527755829806,157.00638063396804,153.00416477836077,153.4445037841797,76959800,0.0,0.0
2021-11-29 00:00:00-05:00,155.94951974845907,157.73046520147165,155.3819661952341,156.8008575439453,88748200,0.0,0.0
2021-11-30 00:00:00-05:00,156.55627065978888,161.9675835913138,156.48776584559891,161.75230407714844,174048100,0.0,0.0
2021-12-01 00:00:00-05:00,163.88548659020162,166.64497001692308,160.99880341826756,161.23365783691406,152052500,0.0,0.0
2021-12-02 00:00:00-05:00,155.3331118145511,160.6759203936693,154.41328379839803,160.245361328125,136739200,0.0,0.0
2021-12-03 00:00:00-05:00,160.49978216462458,161.41961013164072,156.29206642790317,158.36656188964844,118023100,0.0,0.0
2021-12-06 00:00:00-05:00,160.7639885662799,164.27695105253582,160.75420856233345,161.7718963623047,107497000,0.0,0.0
2021-12-07 00:00:00-05:00,165.45116789916563,167.89751232351225,164.72704457429052,167.50608825683594,120405400,0.0,0.0
2021-12-08 00:00:00-05:00,168.43568937410808,172.18349034092375,167.03637277945757,171.32237243652344,116998900,0.0,0.0
2021-12-09 00:00:00-05:00,171.15601647393692,172.95652208783176,170.187258867456,170.8135223388672,108923700,0.0,0.0
2021-12-10 00:00:00-05:00,171.44958185163827,175.77471631207035,170.94073811179362,175.59857177734375,115402700,0.0,0.0
2021-12-13 00:00:00-05:00,177.23275419312068,178.22108688608395,171.76273170193855,171.96823120117188,153237000,0.0,0.0
2021-12-14 00:00:00-05:00,171.48872330598167,173.92528743178815,168.51397541726456,170.58847045898438,139380400,0.0,0.0
2021-12-15 00:00:00-05:00,171.3517373886768,175.64751729804553,168.6118288401074,175.45181274414062,131063300,0.0,0.0
2021-12-16 00:00:00-05:00,175.43223547777242,177.25231617436867,167.08531019517628,168.56289672851562,150185800,0.0,0.0
2021-12-17 00:00:00-05:00,166.28295767169124,169.74699060527567,166.04811810419747,167.4669952392578,195432700,0.0,0.0
2021-12-20 00:00:00-05:00,164.66832933666538,166.91896912005944,163.86593615587674,166.10678100585938,107499100,0.0,0.0
2021-12-21 00:00:00-05:00,167.8779657038139,169.48276731961977,165.49033075391415,169.27728271484375,91185900,0.0,0.0
2021-12-22 00:00:00-05:00,169.32618739702795,172.08567137280502,168.45528928513505,171.87039184570312,92135300,0.0,0.0
2021-12-23 00:00:00-05:00,172.07587897729215,173.05441678226669,171.50832525865067,172.49664306640625,68356600,0.0,0.0
2021-12-27 00:00:00-05:00,173.28926405046633,176.54779687853835,173.26970404402934,176.45973205566406,74919600,0.0,0.0
2021-12-28 00:00:00-05:00,176.293354548695,177.4382418590108,174.69833332933095,175.4420166015625,79144300,0.0,0.0
2021-12-29 00:00:00-05:00,175.48120622634931,176.75330850310786,174.31674371757737,175.53013610839844,62348900,0.0,0.0
2021-12-30 00:00:00-05:00,175.61820512711046,176.69460283265636,174.2678179931173,174.37545776367188,59773000,0.0,0.0
2021-12-31 00:00:00-05:00,174.2678163999058,175.38334904304386,173.45562812611084,173.7589874267578,64062300,0.0,0.0
2022-01-03 00:00:00-05:00,174.01340208653673,178.9550216250589,173.89598231281707,178.1036834716797,104487900,0.0,0.0
2022-01-04 00:00:00-05:00,178.71038559647081,179.013729963492,175.27570793184105,175.84326171875,99310400,0.0,0.0
2022-01-05 00:00:00-05:00,175.7551772531539,176.3031560396219,170.89184312629723,171.16583251953125,94537600,0.0,0.0
2022-01-06 00:00:00-05:00,168.99349099432447,171.53769548653034,167.95624321761545,168.3085174560547,96904000,0.0,0.0
2022-01-07 00:00:00-05:00,169.17940193566972,170.40257420223315,167.35932100577125,168.474853515625,86709100,0.0,0.0
2022-01-10 00:00:00-05:00,165.45119229098708,168.79779016511287,164.56071920573362,168.49444580078125,106765600,0.0,0.0
2022-01-11 00:00:00-05:00,168.62161391540354,171.42021724210562,167.15380744997546,171.32237243652344,76138300,0.0,0.0
2022-01-12 00:00:00-05:00,172.3400901249927,173.3773379097134,171.06800280036754,171.76275634765625,74805200,0.0,0.0
2022-01-13 00:00:00-05:00,172.00739332853072,172.8293615927784,168.1030216763988,168.49444580078125,84505800,0.0,0.0
2022-01-14 00:00:00-05:00,167.66266389110206,170.05029852382498,167.4180294399018,169.3555450439453,80440800,0.0,0.0
2022-01-18 00:00:00-05:00,167.82900716362772,168.83689986985863,165.77408681023036,166.1557159423828,90956700,0.0,0.0
2022-01-19 00:00:00-05:00,166.3514456378891,167.40826837840387,162.37858408989868,162.662353515625,94815000,0.0,0.0
2022-01-20 00:00:00-05:00,163.3962221186515,166.0382709410417,160.6563135530504,160.97923278808594,91420500,0.0,0.0
2022-01-21 00:00:00-05:00,160.89115642180548,162.76016689126735,158.81666141018044,158.92430114746094,122848900,0.0,0.0
2022-01-24 00:00:00-05:00,156.58560899416545,158.8166737850042,151.37978119467465,158.15126037597656,162294600,0.0,0.0
2022-01-25 00:00:00-05:00,155.56790544915762,159.26677642977702,153.64998009025078,156.35073852539062,115798400,0.0,0.0
2022-01-26 00:00:00-05:00,159.99095298775666,160.8618511560036,154.43286466260852,156.26272583007812,108275300,0.0,0.0
2022-01-27 00:00:00-05:00,158.96343730234798,160.32360403043404,154.8829371180898,155.80276489257812,121954600,0.0,0.0
2022-01-28 00:00:00-05:00,162.15350702087153,166.69392186078738,159.30595841103175,166.67434692382812,179935700,0.0,0.0
2022-01-31 00:00:00-05:00,166.5079991576081,171.24411862639118,165.87194061535732,171.02883911132812,115541600,0.0,0.0
2022-02-01 00:00:00-05:00,170.27534392743365,171.0875320298687,168.61183278338754,170.8624725341797,86213900,0.0,0.0
2022-02-02 00:00:00-05:00,170.99951350894017,172.10526621408275,169.60999135687587,172.0661163330078,84914300,0.0,0.0
2022-02-03 00:00:00-05:00,170.73526997176376,172.45750604377838,168.4259201826274,169.18917846679688,89418100,0.0,0.0
2022-02-04 00:00:00-05:00,168.20940619823992,170.580497991328,167.22962163757825,168.90505981445312,82465400,0.22,0.0
2022-02-07 00:00:00-05:00,169.36554243968104,170.4335039135459,167.4941505320522,168.18980407714844,77251200,0.0,0.0
2022-02-08 00:00:00-05:00,168.25840756625686,171.80523803495097,167.96446919200875,171.29574584960938,74829200,0.0,0.0
2022-02-09 00:00:00-05:00,172.49106914991745,173.07893089654075,171.36430797248656,172.71641540527344,71285000,0.0,0.0
2022-02-10 00:00:00-05:00,170.61965636290995,171.9325638827204,168.08201833200982,168.64048767089844,90865900,0.0,0.0
2022-02-11 00:00:00-05:00,168.846288443205,169.5811269216294,164.64300397443432,165.2308807373047,98670700,0.0,0.0
2022-02-14 00:00:00-05:00,163.98651932384257,166.1518495458794,163.19289630795137,165.46600341796875,86185500,0.0,0.0
2022-02-15 00:00:00-05:00,167.51375134007887,169.45372039657573,166.80830532856646,169.2969512939453,62527400,0.0,0.0
2022-02-16 00:00:00-05:00,168.37596721528965,169.83583650795123,166.612352178537,169.0618133544922,61177400,0.0,0.0
2022-02-17 00:00:00-05:00,167.57253401447812,168.43474911832254,165.06428820364812,165.46600341796875,69589300,0.0,0.0
2022-02-18 00:00:00-05:00,166.38699918366942,167.0924302194162,162.83037691642315,163.91793823242188,82772700,0.0,0.0
2022-02-22 00:00:00-05:00,161.6448765238355,163.32031494834902,158.87208401329053,160.99822998046875,91162800,0.0,0.0
2022-02-23 00:00:00-05:00,162.1934979328617,162.79116699621056,156.52055301215938,156.83409118652344,90009200,0.0,0.0
2022-02-24 00:00:00-05:00,149.49552020889521,159.55791116992768,148.9272434071185,159.45013427734375,141147500,0.0,0.0
2022-02-25 00:00:00-05:00,160.5279097890242,161.78203291625664,157.617948249187,161.5175018310547,91974200,0.0,0.0
2022-02-28 00:00:00-05:00,159.76364417956287,162.07593599497437,159.14637521454355,161.78199768066406,95056600,0.0,0.0
2022-03-01 00:00:00-05:00,161.3704791343853,163.232078365881,158.69567205028895,159.9008026123047,83474400,0.0,0.0
2022-03-02 00:00:00-05:00,161.06680119053394,163.97676285442304,159.6559088746692,163.19293212890625,79724800,0.0,0.0
2022-03-03 00:00:00-05:00,165.06429046074288,165.49539801856008,162.20332160924863,162.86956787109375,76678400,0.0,0.0
2022-03-04 00:00:00-05:00,161.16476749621853,162.20333673673338,158.82308299816066,159.87144470214844,83737200,0.0,0.0
2022-03-07 00:00:00-05:00,160.05758861933697,161.68403439715155,155.82491261205914,156.0796661376953,96418800,0.0,0.0
2022-03-08 00:00:00-05:00,155.60938587479396,159.58730866544224,152.65043241487155,154.2572784423828,131148300,0.0,0.0
2022-03-09 00:00:00-05:00,158.21559935544633,160.10659124427465,156.1874531828048,159.6558837890625,91454900,0.0,0.0
2022-03-10 00:00:00-05:00,156.9614757494235,157.14763719865718,152.82678391494153,155.31544494628906,105342000,0.0,0.0
2022-03-11 00:00:00-05:00,155.7171269987306,156.0600575177212,151.37668929729986,151.60203552246094,96970100,0.0,0.0
2022-03-14 00:00:00-04:00,148.38835719355112,151.0043799732345,147.06565710961667,147.57513427734375,108732100,0.0,0.0
2022-03-15 00:00:00-04:00,147.8494586979721,152.42506496258488,147.33998157862231,151.9547576904297,92964300,0.0,0.0
2022-03-16 00:00:00-04:00,153.87515407206308,156.76551526978483,151.33751588171134,156.36380004882812,102300200,0.0,0.0
2022-03-17 00:00:00-04:00,155.40363939181822,157.74532403885397,154.4434546489776,157.3730010986328,75615400,0.0,0.0
2022-03-18 00:00:00-04:00,157.2652009907308,161.1549465596943,156.53036263312293,160.66505432128906,123511700,0.0,0.0
2022-03-21 00:00:00-04:00,160.2045664067095,162.9871658912754,159.71467413165345,162.03677368164062,95811400,0.0,0.0
2022-03-22 00:00:00-04:00,162.16415722656538,165.99511891868582,161.57629538795769,165.40725708007812,81532000,0.0,0.0
2022-03-23 00:00:00-04:00,164.59399656875675,169.14998832074127,164.26085849061369,166.7691192626953,98062700,0.0,0.0
2022-03-24 00:00:00-04:00,167.60197064721902,170.61970935790146,166.76916261119956,170.55113220214844,90131400,0.0,0.0
2022-03-25 00:00:00-04:00,170.36491195893058,171.73660410420254,169.2577508307534,171.18792724609375,80546200,0.0,0.0
2022-03-28 00:00:00-04:00,168.68953207951532,172.17756326235886,168.5229704725063,172.05020141601562,90371900,0.0,0.0
2022-03-29 00:00:00-04:00,173.11812439551318,175.39121664425457,172.7751938429614,175.3422393798828,100589400,0.0,0.0
2022-03-30 00:00:00-04:00,174.94053078604693,175.979099995584,173.12792342578476,174.17630004882812,92633200,0.0,0.0
2022-03-31 00:00:00-04:00,174.2448693810398,174.4310308254092,170.8744083575564,171.08016967773438,103049300,0.0,0.0
2022-04-01 00:00:00-04:00,170.5119011506989,171.34472398421482,168.46415506398156,170.78623962402344,78751300,0.0,0.0
2022-04-04 00:00:00-04:00,171.04101704135246,174.88177115423625,170.91364025013027,174.83277893066406,76468400,0.0,0.0
2022-04-05 00:00:00-04:00,173.9117489626708,174.6955795536943,170.8940109049415,171.5210723876953,73401800,0.0,0.0
2022-04-06 00:00:00-04:00,168.87565359700926,170.1199840728932,166.69073839236125,168.3563690185547,89058800,0.0,0.0
2022-04-07 00:00:00-04:00,167.69989546465595,169.85541807711806,166.41638033883945,168.6600799560547,77594700,0.0,0.0
2022-04-08 00:00:00-04:00,168.30740398265033,168.30740398265033,165.7795578216243,166.6515655517578,76575500,0.0,0.0
2022-04-11 00:00:00-04:00,165.29944535757966,165.61296861541499,162.1543306146452,162.39927673339844,72246700,0.0,0.0
2022-04-12 00:00:00-04:00,164.62342926631288,166.43602198876223,163.27132159796375,164.2707061767578,79265200,0.0,0.0
2022-04-13 00:00:00-04:00,164.00613046155772,167.58233798502656,163.39866884231074,166.9552764892578,70618900,0.0,0.0
2022-04-14 00:00:00-04:00,167.17078395103502,167.80765268372826,161.70358604199197,161.9485321044922,75329400,0.0,0.0
2022-04-18 00:00:00-04:00,160.60628625032533,163.23211669383912,160.2633706181813,161.73304748535156,69023900,0.0,0.0
2022-04-19 00:00:00-04:00,161.6840831613577,164.42748344345316,160.59652149400418,164.01596069335938,67723800,0.0,0.0
2022-04-20 00:00:00-04:00,165.34844979022682,165.46603411276996,162.7422340206999,163.84938049316406,67929800,0.0,0.0
2022-04-21 00:00:00-04:00,165.4953937411617,168.062424195949,162.55604041418727,163.05572509765625,87227800,0.0,0.0
2022-04-22 00:00:00-04:00,163.09492410815207,164.47640880332085,158.23518671810965,158.51931762695312,84882400,0.0,0.0
2022-04-25 00:00:00-04:00,157.8628653370747,159.87142644375086,155.25665006996203,159.58729553222656,96046400,0.0,0.0
2022-04-26 00:00:00-04:00,158.97005703556184,159.0582340646371,153.55184919980582,153.63023376464844,95623200,0.0,0.0
2022-04-27 00:00:00-04:00,152.7582001127346,156.55975368530983,152.2389155403168,153.4048614501953,88063200,0.0,0.0
2022-04-28 00:00:00-04:00,156.03070106321982,161.194170207573,155.7171628080034,160.3319549560547,130216800,0.0,0.0
2022-04-29 00:00:00-04:00,158.5683119363977,162.84017274008735,154.0711048951049,154.4630126953125,131747600,0.0,0.0
2022-05-02 00:00:00-04:00,153.5420538968097,155.0313157503038,150.17159242252777,154.76678466796875,123055300,0.0,0.0
2022-05-03 00:00:00-04:00,154.9528969165434,157.46115753940876,153.15990462040372,156.25601196289062,88966500,0.0,0.0
2022-05-04 00:00:00-04:00,156.4421811299961,163.11451083359574,156.040465917951,162.663818359375,108256500,0.0,0.0
2022-05-05 00:00:00-04:00,160.53767468016548,160.7630208987196,151.8175848345959,153.60079956054688,130525300,0.0,0.0
2022-05-06 00:00:00-04:00,153.0807759379822,156.44638259515347,151.28513392702433,154.32693481445312,116124600,0.23,0.0
2022-05-09 00:00:00-04:00,152.02103374851995,152.90414437032265,148.6456356183626,149.20492553710938,131577900,0.0,0.0
2022-05-10 00:00:00-04:00,152.59997843272657,153.79707304983472,150.05859659800515,151.6089324951172,115366700,0.0,0.0
2022-05-11 00:00:00-04:00,150.6179132038416,152.53129738037643,143.07229678522884,143.7493438720703,142689800,0.0,0.0
2022-05-12 00:00:00-04:00,140.08936442340104,143.45495579096956,136.19390367446763,139.88330078125,182602000,0.0,0.0
2022-05-13 00:00:00-04:00,141.87518108716213,145.3192870677171,140.42297369266063,144.34786987304688,113990900,0.0,0.0
2022-05-16 00:00:00-04:00,142.8171338324465,144.75014600756265,141.47284698177492,142.80731201171875,86643800,0.0,0.0
2022-05-17 00:00:00-04:00,146.06499632256597,146.95791370140876,143.92592034755194,146.4378662109375,78336300,0.0,0.0
2022-05-18 00:00:00-04:00,144.09277542323014,144.59319436014727,137.27325546059197,138.17599487304688,109742900,0.0,0.0
2022-05-19 00:00:00-04:00,137.2536291483144,139.00020681352638,134.03521536260072,134.77113342285156,136095600,0.0,0.0
2022-05-20 00:00:00-04:00,136.47845848613497,138.0582299092985,130.1201304167111,135.00662231445312,137426100,0.0,0.0
2022-05-23 00:00:00-04:00,135.20285452842407,140.57015125059797,135.0654837610607,140.4229736328125,117726300,0.0,0.0
2022-05-24 00:00:00-04:00,138.1661572066265,139.3043807072169,134.75150167714628,137.724609375,104132700,0.0,0.0
2022-05-25 00:00:00-04:00,135.8308524536192,139.12776621000188,135.742545873108,137.88162231445312,92482700,0.0,0.0
2022-05-26 00:00:00-04:00,134.81034805775556,141.6298510183434,134.56504208814962,141.0803680419922,90601500,0.0,0.0
2022-05-27 00:00:00-04:00,142.6601806038178,146.8696256795322,142.5326166713653,146.83038330078125,90978500,0.0,0.0
2022-05-31 00:00:00-04:00,146.27108722583742,147.8312299883083,144.08294665114528,146.04539489746094,103718400,0.0,0.0
2022-06-01 00:00:00-04:00,147.08546005363647,148.89092345071006,144.9071417470177,145.91781616210938,74286600,0.0,0.0
2022-06-02 00:00:00-04:00,145.05433838348728,148.42975116841052,144.10254995382152,148.37088012695312,72348100,0.0,0.0
2022-06-03 00:00:00-04:00,144.14179449565412,145.19171132509297,141.74762059734428,142.6503448486328,88570300,0.0,0.0
2022-06-06 00:00:00-04:00,144.2693764860653,145.78046996633253,142.17936438712687,143.39608764648438,71598400,0.0,0.0
2022-06-07 00:00:00-04:00,141.63967925937843,146.20236451194296,141.3943732786537,145.91781616210938,67808200,0.0,0.0
2022-06-08 00:00:00-04:00,145.79030004122362,147.05607272879104,144.6913336785422,145.18194580078125,53950200,0.0,0.0
2022-06-09 00:00:00-04:00,144.3184289860741,145.17208908244996,139.85385675234653,139.9617919921875,69473000,0.0,0.0
2022-06-10 00:00:00-04:00,137.6461172993445,138.11710068108783,134.48657445941151,134.55526733398438,91437900,0.0,0.0
2022-06-13 00:00:00-04:00,130.37525676148604,132.6615109809625,128.97211331960065,129.4038543701172,122207100,0.0,0.0
2022-06-14 00:00:00-04:00,130.63033595491132,131.37606069096353,129.0113076188741,130.26727294921875,84784300,0.0,0.0
2022-06-15 00:00:00-04:00,131.76855134556948,134.761287244166,129.67855461334355,132.88714599609375,91533000,0.0,0.0
2022-06-16 00:00:00-04:00,129.60008846415832,129.90426555728718,126.61715864214314,127.61801147460938,108123900,0.0,0.0
2022-06-17 00:00:00-04:00,127.62781429709099,130.58129318016776,127.37268647196602,129.08982849121094,134520300,0.0,0.0
2022-06-21 00:00:00-04:00,130.91492771438774,134.48658311474856,130.8168142802015,133.3189239501953,81000500,0.0,0.0
2022-06-22 00:00:00-04:00,132.25918724085466,135.17342395812105,131.39572023105475,132.80868530273438,73409200,0.0,0.0
2022-06-23 00:00:00-04:00,134.25108671150673,135.9878425646897,133.0834276529192,135.67385864257812,72433800,0.0,0.0
2022-06-24 00:00:00-04:00,137.27323450557805,139.24550436943025,137.14568556404583,139.0001983642578,89116800,0.0,0.0
2022-06-27 00:00:00-04:00,140.02066475796738,140.79584011879487,138.32315139441545,139.0001983642578,70207900,0.0,0.0
2022-06-28 00:00:00-04:00,139.46139501178652,140.7271675936439,134.7417091855751,134.8594512939453,67083400,0.0,0.0
2022-06-29 00:00:00-04:00,134.87907356263912,138.02879459026983,134.1038981265762,136.61582946777344,66242400,0.0,0.0
2022-06-30 00:00:00-04:00,134.67298633539292,135.77195236171494,131.25833120197146,134.15293884277344,98964500,0.0,0.0
2022-07-01 00:00:00-04:00,133.48570492012948,136.42937688810812,133.11284998534265,136.32144165039062,71051600,0.0,0.0
2022-07-05 00:00:00-04:00,135.18325151505502,138.951148551157,134.35901187342057,138.90208435058594,73353800,0.0,0.0
2022-07-06 00:00:00-04:00,138.69604284083624,141.41402301996357,138.4311081218874,140.23655700683594,74064300,0.0,0.0
2022-07-07 00:00:00-04:00,140.59961411426397,143.79841470419998,140.58980726193488,143.6021728515625,66253700,0.0,0.0
2022-07-08 00:00:00-04:00,142.5326123028861,144.7796239540416,142.2774994180926,144.27919006347656,64547800,0.0,0.0
2022-07-11 00:00:00-04:00,142.93489980535588,143.88668829327412,141.08038702449986,142.14991760253906,63141600,0.0,0.0
2022-07-12 00:00:00-04:00,143.0232094985196,145.66270453987497,142.32654882035914,143.121337890625,77588800,0.0,0.0
2022-07-13 00:00:00-04:00,140.3052405126538,143.7002675399076,139.45156535802397,142.75830078125,71185600,0.0,0.0
2022-07-14 00:00:00-04:00,141.3747693527097,146.1533259024835,140.56035155748177,145.68234252929688,78140700,0.0,0.0
2022-07-15 00:00:00-04:00,146.96775651820843,148.0274804295402,145.41742051675783,147.35043334960938,76259900,0.0,0.0
2022-07-18 00:00:00-04:00,147.90974591488566,148.72416382298212,143.94559163866427,144.30865478515625,81420900,0.0,0.0
2022-07-19 00:00:00-04:00,145.1426536934173,148.39050276940443,144.1516228338136,148.16482543945312,82982400,0.0,0.0
2022-07-20 00:00:00-04:00,148.28258588894056,150.83377461851506,147.5466677906739,150.16653442382812,64823400,0.0,0.0
2022-07-21 00:00:00-04:00,151.5991200487024,152.64903699884627,149.08718880462706,152.43316650390625,65086600,0.0,0.0
2022-07-22 00:00:00-04:00,152.47238671293337,153.34567541649065,150.52956751320949,151.19679260253906,66675400,0.0,0.0
2022-07-25 00:00:00-04:00,151.11829629325123,152.1289557716175,149.4207830391442,150.0782012939453,53623900,0.0,0.0
2022-07-26 00:00:00-04:00,149.4011670445513,150.21558479499407,147.96858832963514,148.75357055664062,55138700,0.0,0.0
2022-07-27 00:00:00-04:00,149.71517016840275,154.37598449377768,149.3030578563077,153.8461151123047,78620700,0.0,0.0
2022-07-28 00:00:00-04:00,154.03253631118739,154.68014773185416,151.5107984661639,154.39559936523438,81378700,0.0,0.0
2022-07-29 00:00:00-04:00,158.21258113398608,160.55770616166393,156.50524578988953,159.45872497558594,101786900,0.0,0.0
2022-08-01 00:00:00-04:00,157.98688125382472,160.51844113720935,157.8691391572039,158.4774932861328,67829400,0.0,0.0
2022-08-02 00:00:00-04:00,157.09396729027588,159.36059231885778,156.63279081571793,157.00564575195312,59907000,0.0,0.0
2022-08-03 00:00:00-04:00,157.82008857109244,163.46212742924678,157.73178199101062,163.01077270507812,82507500,0.0,0.0
2022-08-04 00:00:00-04:00,162.89300390623217,164.05085610462757,161.3426680652943,162.69676208496094,55474100,0.0,0.0
2022-08-05 00:00:00-04:00,160.3680286094797,162.96205765324038,160.16167874542583,162.47076416015625,56697000,0.23,0.0
2022-08-08 00:00:00-04:00,163.47298010260957,164.88790765782107,161.34076829816232,161.9990997314453,60276900,0.0,0.0
2022-08-09 00:00:00-04:00,161.16392597706255,162.93258559805665,160.40732977942574,162.04824829101562,63135500,0.0,0.0
2022-08-10 00:00:00-04:00,164.76019658442047,166.39129475740782,163.99377985120265,166.2930450439453,70170500,0.0,0.0
2022-08-11 00:00:00-04:00,167.0987297224726,168.01254335724568,165.26129697429445,165.5560760498047,57149200,0.0,0.0
2022-08-12 00:00:00-04:00,166.86297375697356,169.17204479537065,166.45027391863346,169.103271484375,68039400,0.0,0.0
2022-08-15 00:00:00-04:00,168.53333677957454,170.37076978453467,168.36629877849532,170.17425537109375,54091700,0.0,0.0
2022-08-16 00:00:00-04:00,169.77138205657383,170.6851957704937,168.6708894053126,170.01702880859375,56377100,0.0,0.0
2022-08-17 00:00:00-04:00,169.76158567645695,173.08272003979997,169.56507124556938,171.51058959960938,79542000,0.0,0.0
2022-08-18 00:00:00-04:00,170.72450960712317,171.8544787813878,170.1054749327735,171.11753845214844,62290100,0.0,0.0
2022-08-19 00:00:00-04:00,170.01704154998163,170.71468497495962,168.32699056998192,168.53334045410156,70346300,0.0,0.0
2022-08-22 00:00:00-04:00,166.73521001384654,166.9022480242965,164.22960987091767,164.65213012695312,69026800,0.0,0.0
2022-08-23 00:00:00-04:00,164.17065687050786,165.77227866474297,163.74813661491604,164.3180389404297,54147100,0.0,0.0
2022-08-24 00:00:00-04:00,164.40645810232692,165.18269520734955,163.35508285359487,164.61279296875,53841500,0.0,0.0
2022-08-25 00:00:00-04:00,165.841056236527,167.17737534622174,165.41855096314578,167.0692901611328,51218200,0.0,0.0
2022-08-26 00:00:00-04:00,167.59986540800332,168.07150295198872,160.71192120457525,160.7708740234375,78961000,0.0,0.0
2022-08-29 00:00:00-04:00,158.34389469961232,160.06342201093398,157.03706713692557,158.5699005126953,73314000,0.0,0.0
2022-08-30 00:00:00-04:00,159.30682979347176,159.72933499269527,154.9736176696823,156.1428985595703,77906200,0.0,0.0
2022-08-31 00:00:00-04:00,157.5185361319256,157.78383884788298,154.40373681361956,154.4823455810547,87991100,0.0,0.0
2022-09-01 00:00:00-04:00,153.91243529158203,155.66143904544523,151.97673759886456,155.20945739746094,74229900,0.0,0.0
2022-09-02 00:00:00-04:00,156.9682888748041,157.56766760419046,152.2715237467297,153.09689331054688,76957800,0.0,0.0
2022-09-06 00:00:00-04:00,153.74540904842692,154.3546082697241,151.01381803326322,151.8391876220703,73714800,0.0,0.0
2022-09-07 00:00:00-04:00,152.1241293530868,153.9419063408882,150.93519246411637,153.24427795410156,87449600,0.0,0.0
2022-09-08 00:00:00-04:00,151.94727474830393,153.63732582875608,150.0213973567108,151.77041625976562,84923800,0.0,0.0
2022-09-09 00:00:00-04:00,152.76279054534643,155.07187581808674,152.0553267593616,154.62969970703125,68028800,0.0,0.0
2022-09-12 00:00:00-04:00,156.81105233922636,161.39973173078485,156.5261087123494,160.5841827392578,104956000,0.0,0.0
2022-09-13 00:00:00-04:00,157.11565333541313,157.7445084078153,150.6993615052029,151.1611785888672,122656600,0.0,0.0
2022-09-14 00:00:00-04:00,152.0946413613245,154.3644300184662,150.9351958505273,152.6055908203125,87965400,0.0,0.0
2022-09-15 00:00:00-04:00,151.9570788549336,152.5368165999088,148.74403004784534,149.71678161621094,90481100,0.0,0.0
2022-09-16 00:00:00-04:00,148.57698038414023,148.71454195841454,145.7864220311532,148.0758514404297,162278800,0.0,0.0
2022-09-19 00:00:00-04:00,146.7100512063952,151.86863255679214,146.50371634850782,151.79002380371094,81474200,0.0,0.0
2022-09-20 00:00:00-04:00,150.7288827524741,155.32739901921212,150.41446261928672,154.16793823242188,107689800,0.0,0.0
2022-09-21 00:00:00-04:00,154.60026528272206,155.97589634819317,150.9253987780384,151.04330444335938,101696800,0.0,0.0
2022-09-22 00:00:00-04:00,149.72662084225365,151.7802241971407,148.28221666613402,150.08035278320312,86652500,0.0,0.0
2022-09-23 00:00:00-04:00,148.55732254844892,148.8324456934816,145.9731140864417,147.810546875,96029900,0.0,0.0
2022-09-26 00:00:00-04:00,147.05401139098115,151.09244558704148,147.03435544792117,148.14468383789062,93339400,0.0,0.0
2022-09-27 00:00:00-04:00,150.08036255735442,152.02588086273627,147.33893608818533,149.11741638183594,84442700,0.0,0.0
2022-09-28 00:00:00-04:00,145.06914652315353,148.01690757279204,142.31789987820665,147.2308349609375,146691400,0.0,0.0
2022-09-29 00:00:00-04:00,143.55598373619551,144.16518295071455,138.23034837016746,139.99900817871094,128138200,0.0,0.0
2022-09-30 00:00:00-04:00,138.8199345701029,140.60825067888092,135.59704937852453,135.79356384277344,124925300,0.0,0.0
2022-10-03 00:00:00-04:00,135.80338333009652,140.57875771553063,135.29243378870405,139.96954345703125,114311700,0.0,0.0
2022-10-04 00:00:00-04:00,142.50457878595228,143.67385961125873,141.74798266491518,143.5559539794922,87830100,0.0,0.0
2022-10-05 00:00:00-04:00,141.56132388640066,144.81368463210958,140.51976901629106,143.85073852539062,79471000,0.0,0.0
2022-10-06 00:00:00-04:00,143.27101666436323,144.97088807825529,142.69129389793306,142.8976287841797,68402200,0.0,0.0
2022-10-07 00:00:00-04:00,140.05797036356424,140.60823177983056,137.0217795686969,137.650634765625,85925600,0.0,0.0
2022-10-10 00:00:00-04:00,137.97486877441406,139.4192729060871,136.15709176712548,137.97486877441406,74899000,0.0,0.0
2022-10-11 00:00:00-04:00,137.4639147607023,138.88867789955424,135.8131758038938,136.5599365234375,77033700,0.0,0.0
2022-10-12 00:00:00-04:00,136.70731279613284,137.91589041966,135.75420235526866,135.93106079101562,70433700,0.0,0.0
2022-10-13 00:00:00-04:00,132.63942598399592,141.08966528093347,132.0302118420066,140.5001220703125,113224000,0.0,0.0
2022-10-14 00:00:00-04:00,141.79713183786654,142.00348171103434,135.78370401470698,135.97039794921875,88598000,0.0,0.0
2022-10-17 00:00:00-04:00,138.61357366022068,140.41169491464842,137.82750095740744,139.93023681640625,85250900,0.0,0.0
2022-10-18 00:00:00-04:00,142.95660950013638,144.14553155258784,138.1615794221166,141.2469024658203,99136600,0.0,0.0
2022-10-19 00:00:00-04:00,139.22279832325168,142.42602755565866,139.0361043354965,141.35501098632812,61758300,0.0,0.0
2022-10-20 00:00:00-04:00,140.52960554450746,143.34962560942563,140.16603813694184,140.89315795898438,64522000,0.0,0.0
2022-10-21 00:00:00-04:00,140.3821901686459,145.27548388473534,140.16601984417193,144.70558166503906,86548600,0.0,0.0
2022-10-24 00:00:00-04:00,144.6270145421138,147.6140730780798,143.45773335763306,146.84765625,75981900,0.0,0.0
2022-10-25 00:00:00-04:00,147.47648086131204,149.83469868322362,146.75919654145045,149.6873016357422,74732300,0.0,0.0
2022-10-26 00:00:00-04:00,148.33135548203074,149.3434189974195,145.46218795090752,146.7493896484375,88194300,0.0,0.0
2022-10-27 00:00:00-04:00,145.49164292829627,146.45457384887203,141.6202483177286,142.27857971191406,109180200,0.0,0.0
2022-10-28 00:00:00-04:00,145.6193922207591,154.75745443354808,145.24601935139384,153.02810668945312,164762400,0.0,0.0
2022-10-31 00:00:00-04:00,150.49303288896766,151.55422867895751,149.27461957607085,150.66989135742188,97943200,0.0,0.0
2022-11-01 00:00:00-04:00,152.3796018355527,152.74315424703352,146.5332118743015,148.0267333984375,80379300,0.0,0.0
2022-11-02 00:00:00-04:00,146.35633217647393,149.5202635488904,142.47511648464766,142.5045928955078,93604600,0.0,0.0
2022-11-03 00:00:00-04:00,139.58632020230726,140.31344004952294,136.33395931941936,136.46170043945312,97918500,0.0,0.0
2022-11-04 00:00:00-04:00,139.84740569973505,140.4182534262788,132.25910018387182,136.1959686279297,140814800,0.23,0.0
2022-11-07 00:00:00-05:00,134.94598671425354,136.95378268582516,133.52871190234,136.7274169921875,83374600,0.0,0.0
2022-11-08 00:00:00-05:00,138.19393528890745,139.1978259809836,135.3200229786847,137.2982940673828,89908500,0.0,0.0
2022-11-09 00:00:00-05:00,136.31407662091405,136.36329048249235,132.4657839221066,132.74136352539062,74917800,0.0,0.0
2022-11-10 00:00:00-05:00,139.0108242882595,144.5519561767578,137.2982811810409,144.5519561767578,118854000,0.0,0.0
2022-11-11 00:00:00-05:00,143.5185285677149,147.64238513720315,142.0914019190675,147.3372802734375,93979700,0.0,0.0
2022-11-14 00:00:00-05:00,146.61880940644215,147.90813128864986,145.10310679865555,145.939697265625,73374100,0.0,0.0
2022-11-15 00:00:00-05:00,149.81752177217496,151.16589433590542,146.2152837355369,147.6719207763672,89868300,0.0,0.0
2022-11-16 00:00:00-05:00,146.77626501882386,147.50457588314197,144.96529458424104,146.44161987304688,64218300,0.0,0.0
2022-11-17 00:00:00-05:00,144.1189020339811,149.08920136807347,143.84332244877638,148.34120178222656,80389400,0.0,0.0
2022-11-18 00:00:00-05:00,149.90608139833125,150.28992540848853,147.60301733738748,148.9021759033203,74829600,0.0,0.0
2022-11-21 00:00:00-05:00,147.79001023834212,147.9966873729924,145.3885186493538,145.67393493652344,58724100,0.0,0.0
2022-11-22 00:00:00-05:00,145.7920747269315,148.04592513732047,144.6110022662971,147.80970764160156,51804100,0.0,0.0
2022-11-23 00:00:00-05:00,147.09124229312135,149.4336837921187,146.98297781162248,148.68568420410156,58301400,0.0,0.0
2022-11-25 00:00:00-05:00,145.9692403249909,146.5302512983949,144.7980195359923,145.77239990234375,35195900,0.0,0.0
2022-11-28 00:00:00-05:00,142.84927987681326,144.32560563619245,141.1170630589414,141.9438018798828,69246000,0.0,0.0
2022-11-29 00:00:00-05:00,142.01266197350824,142.5244590100729,138.13485967272496,138.94190979003906,83763800,0.0,0.0
2022-11-30 00:00:00-05:00,139.16829999405587,146.3727767919922,138.3317244213744,145.69366455078125,111380900,0.0,0.0
2022-12-01 00:00:00-05:00,145.87082558028513,146.77630352615344,144.29607218523327,145.96923828125,71250400,0.0,0.0
2022-12-02 00:00:00-05:00,143.65631938407483,145.66411544857186,143.35119950014382,145.47711181640625,65447400,0.0,0.0
2022-12-05 00:00:00-05:00,145.43772619787177,148.53800322701198,143.46929252401586,144.3157196044922,68826400,0.0,0.0
2022-12-06 00:00:00-05:00,144.74881132681773,144.97517704731527,139.68008441838234,140.6544647216797,64727200,0.0,0.0
2022-12-07 00:00:00-05:00,139.9458168978351,141.10718574311466,137.7903792762826,138.71554565429688,69721100,0.0,0.0
2022-12-08 00:00:00-05:00,140.11314322681335,141.25483863673134,138.87303512029186,140.3985595703125,62128300,0.0,0.0
2022-12-09 00:00:00-05:00,140.09342685388958,143.27245818375033,138.67615214625445,139.91627502441406,76097000,0.0,0.0
2022-12-12 00:00:00-05:00,140.44774653895632,142.21933993621704,138.83363144766497,142.20950317382812,70462700,0.0,0.0
2022-12-13 00:00:00-05:00,147.1404505596148,147.60303377953338,141.9634742273276,143.17405700683594,93886200,0.0,0.0
2022-12-14 00:00:00-05:00,143.05593056925082,144.34525228867759,138.93205940879196,140.94970703125,82291200,0.0,0.0
2022-12-15 00:00:00-05:00,138.88283646734595,139.56194847795751,133.8830132053196,134.34559631347656,98931900,0.0,0.0
2022-12-16 00:00:00-05:00,134.53260929976452,135.47744910553232,131.61932069307161,132.3870086669922,160156900,0.0,0.0
2022-12-19 00:00:00-05:00,132.97755207276447,133.0661279935264,129.24737645818792,130.28079223632812,79592600,0.0,0.0
2022-12-20 00:00:00-05:00,129.31628812854967,131.146932591331,127.8399624333377,130.21192932128906,77432800,0.0,0.0
2022-12-21 00:00:00-05:00,130.88117753836192,134.6507305969255,130.65481182459862,133.31219482421875,85928000,0.0,0.0
2022-12-22 00:00:00-05:00,132.2295555538223,132.4362327068824,128.24347383297044,130.14300537109375,77852100,0.0,0.0
2022-12-23 00:00:00-05:00,128.8536879861786,130.33001348787815,127.59389142616514,129.7788543701172,63814900,0.0,0.0
2022-12-27 00:00:00-05:00,129.30644411453827,129.33596942535033,126.68842309082302,127.97774505615234,69007800,0.0,0.0
2022-12-28 00:00:00-05:00,127.62340977201893,128.96194542125178,123.88338987714543,124.05070495605469,85438400,0.0,0.0
2022-12-29 00:00:00-05:00,125.96991984997511,128.4206178463882,125.71402886056813,127.5643539428711,75703700,0.0,0.0
2022-12-30 00:00:00-05:00,126.38333416609474,127.89902204510923,125.41879800683148,127.87933349609375,77034200,0.0,0.0
2023-01-03 00:00:00-05:00,128.2237854341601,128.83399514878522,122.21021915687207,123.09601593017578,112117500,0.0,0.0
2023-01-04 00:00:00-05:00,124.88728777203856,126.62935597280962,123.10585750129947,124.36565399169922,89113600,0.0,0.0
2023-01-05 00:00:00-05:00,125.12350481122068,125.75340309203497,122.79091532129203,123.04680633544922,80962700,0.0,0.0
2023-01-06 00:00:00-05:00,124.02117217456781,128.2336117453076,122.91884655664052,127.57418823242188,87754700,0.0,0.0
2023-01-09 00:00:00-05:00,128.41078181603234,131.30438194257326,127.83993420444634,128.0958251953125,70790800,0.0,0.0
2023-01-10 00:00:00-05:00,128.20410381019116,129.18832083166095,126.09787998496417,128.66668701171875,63896200,0.0,0.0
2023-01-11 00:00:00-05:00,129.1784814447806,131.4028064616691,128.40095662151043,131.3831329345703,69458900,0.0,0.0
2023-01-12 00:00:00-05:00,131.76698078856714,132.14097304777255,129.36548883237654,131.3043975830078,71379600,0.0,0.0
2023-01-13 00:00:00-05:00,129.94617875784812,132.79056549396478,129.58202324711493,132.63308715820312,57809700,0.0,0.0
2023-01-17 00:00:00-05:00,132.7019674841355,135.12313266732727,132.01301865225,133.79444885253906,63646600,0.0,0.0
2023-01-18 00:00:00-05:00,134.6605941996835,136.42233624485746,132.898837136548,133.0760040283203,69672800,0.0,0.0
2023-01-19 00:00:00-05:00,131.96381962844052,134.0995687562006,131.65871475561192,133.13504028320312,58280400,0.0,0.0
2023-01-20 00:00:00-05:00,133.14486670992753,135.84162653742413,132.1015991542997,135.69398498535156,80223600,0.0,0.0
2023-01-23 00:00:00-05:00,135.94007397852303,141.05801539977267,135.72354499448727,138.8828887939453,81760300,0.0,0.0
2023-01-24 00:00:00-05:00,138.0954934654877,140.90051809732327,138.0856567013407,140.28045654296875,66435100,0.0,0.0
2023-01-25 00:00:00-05:00,138.6663258108729,140.18201330953534,136.61915274790366,139.6210174560547,65799300,0.0,0.0
2023-01-26 00:00:00-05:00,140.91035682918778,141.9733130723702,139.66039693887691,141.68789672851562,54105100,0.0,0.0
2023-01-27 00:00:00-05:00,140.90051489349364,144.9062704324847,140.82177572822627,143.6267852783203,70555800,0.0,0.0
2023-01-30 00:00:00-05:00,142.67208313488993,143.25276748002082,140.59538495227355,140.74301147460938,64015300,0.0,0.0
2023-01-31 00:00:00-05:00,140.44779354531312,142.0619091768315,140.03442411726166,142.0126953125,65874500,0.0,0.0
2023-02-01 00:00:00-05:00,141.69774073810188,144.29607334830789,139.08957136310852,143.1346893310547,77663600,0.0,0.0
2023-02-02 00:00:00-05:00,146.54992610628193,148.79393998354684,145.83145179927072,148.43963623046875,118339000,0.0,0.0
2023-02-03 00:00:00-05:00,145.69363837431163,154.8960731461596,145.4967979818679,152.0615234375,154357300,0.0,0.0
2023-02-06 00:00:00-05:00,150.1620046015634,150.6836384438328,148.40024764766747,149.3352508544922,69858300,0.0,0.0
2023-02-07 00:00:00-05:00,148.26246234257331,152.7800151967711,148.26246234257331,152.20916748046875,83322600,0.0,0.0
2023-02-08 00:00:00-05:00,151.45131927430748,152.14026818212696,148.78408455222657,149.52224731445312,64120100,0.0,0.0
2023-02-09 00:00:00-05:00,151.3528593012469,151.89418154841005,148.04589023070798,148.48878479003906,56007100,0.0,0.0
2023-02-10 00:00:00-05:00,147.32569243849323,149.1788354914484,147.08911426452642,148.85354614257812,57450700,0.23,0.0
2023-02-13 00:00:00-05:00,148.79437344145694,152.05710297296255,148.7648030561656,151.65296936035156,62199000,0.0,0.0
2023-02-14 00:00:00-05:00,149.94765859116993,151.5741049324063,148.70565732767898,151.01223754882812,61707600,0.0,0.0
2023-02-15 00:00:00-05:00,150.923562968411,153.279432747917,150.696851620169,153.1118621826172,65573800,0.0,0.0
2023-02-16 00:00:00-05:00,151.3178281549916,154.09756497312395,151.16012443154224,151.51498413085938,68167900,0.0,0.0
2023-02-17 00:00:00-05:00,150.17441057100683,150.81512239489066,148.69583093968438,150.37155151367188,59144100,0.0,0.0
2023-02-21 00:00:00-05:00,148.05508866222715,149.1393862953431,146.29065710385296,146.35964965820312,58867200,0.0,0.0
2023-02-22 00:00:00-05:00,146.74410160351695,147.8086807909047,145.0585291708209,146.78353881835938,51011300,0.0,0.0
2023-02-23 00:00:00-05:00,147.946689634791,148.19311959888688,145.13739706863274,147.26654052734375,48394200,0.0,0.0
2023-02-24 00:00:00-05:00,145.00925692421464,145.08811632211885,143.63910684752537,144.61497497558594,55469600,0.0,0.0
2023-02-27 00:00:00-05:00,145.6006854773172,147.03982803359767,145.344388690471,145.80767822265625,44998500,0.0,0.0
2023-02-28 00:00:00-05:00,144.95007197860627,146.9510815880518,144.7332124606566,145.304931640625,50547000,0.0,0.0
2023-03-01 00:00:00-05:00,144.73320702328428,145.12748883698703,142.9391901768966,143.2349090576172,55479000,0.0,0.0
2023-03-02 00:00:00-05:00,142.31822024697658,144.61494903595985,141.84506394442167,143.8263702392578,52238100,0.0,0.0
2023-03-03 00:00:00-05:00,145.9259379185379,148.95210462024477,145.2260853537234,148.8732452392578,70732300,0.0,0.0
2023-03-06 00:00:00-05:00,151.59381779613093,154.06798373466975,151.26854354881283,151.6332550048828,87558000,0.0,0.0
2023-03-07 00:00:00-05:00,151.50512207262017,151.83041139396585,148.9718301446463,149.43511962890625,56182000,0.0,0.0
2023-03-08 00:00:00-05:00,150.62780991403972,151.2783884609091,149.66180891591966,150.68695068359375,47204800,0.0,0.0
2023-03-09 00:00:00-05:00,151.36711819838627,152.33311931510104,148.08466971716794,148.4395294189453,53833600,0.0,0.0
2023-03-10 00:00:00-05:00,148.06496662146847,148.78453780981002,145.5020893181875,146.37937927246094,68572400,0.0,0.0
2023-03-13 00:00:00-04:00,145.69922529511118,150.95311305935627,145.59079552733544,148.3212432861328,84457100,0.0,0.0
2023-03-14 00:00:00-04:00,149.11965944141213,151.2093801741156,147.956517536496,150.41094970703125,73695900,0.0,0.0
2023-03-15 00:00:00-04:00,149.03096880678774,151.06154904978908,147.7791005346977,150.80526733398438,77167900,0.0,0.0
2023-03-16 00:00:00-04:00,149.98709719489494,154.22569446185167,149.4745187940127,153.62440490722656,76161100,0.0,0.0
2023-03-17 00:00:00-04:00,153.85115455030763,154.50173325502132,152.07685582876627,152.7865753173828,98944600,0.0,0.0
2023-03-20 00:00:00-04:00,152.85558396503848,155.56631354554972,151.94870846939224,155.1522979736328,73641400,0.0,0.0
2023-03-21 00:00:00-04:00,155.07344501678244,157.1237289497417,154.3045697408097,157.0054473876953,73938300,0.0,0.0
2023-03-22 00:00:00-04:00,157.02518131500096,159.824622189753,155.55645326577164,155.576171875,75701800,0.0,0.0
2023-03-23 00:00:00-04:00,156.56188320802048,159.24304236266408,155.428296373163,156.6604461669922,67622100,0.0,0.0
2023-03-24 00:00:00-04:00,156.59142861861952,158.0502895303303,155.59585715875076,157.96157836914062,59196500,0.0,0.0
2023-03-27 00:00:00-04:00,157.65604352005258,158.47419284355544,155.6155961034445,156.01974487304688,52390300,0.0,0.0
2023-03-28 00:00:00-04:00,155.71413440722972,156.22671283698608,153.75254688783264,155.39869689941406,45992200,0.0,0.0
2023-03-29 00:00:00-04:00,157.09416533498404,158.75018247951246,157.07446176772007,158.47418212890625,51305700,0.0,0.0
2023-03-30 00:00:00-04:00,159.22332411879057,160.14990317241256,158.96704237580855,160.04147338867188,49501700,0.0,0.0
2023-03-31 00:00:00-04:00,160.12033413577524,162.64377453412575,159.597903820846,162.54519653320312,68749800,0.0,0.0
2023-04-03 00:00:00-04:00,161.92419649331373,163.91533966892132,161.87490749491164,163.79705810546875,56976200,0.0,0.0
2023-04-04 00:00:00-04:00,164.22091988909426,164.45748300799937,162.75219201536794,163.2647705078125,46278300,0.0,0.0
2023-04-05 00:00:00-04:00,162.38749456021097,162.69306530915642,159.48947577581393,161.42147827148438,51511700,0.0,0.0
2023-04-06 00:00:00-04:00,160.1104432538072,162.60432792623257,159.68659100348637,162.30860900878906,45390100,0.0,0.0
2023-04-10 00:00:00-04:00,159.11489681167845,159.7161865234375,157.79403581892626,159.7161865234375,47716900,0.0,0.0
2023-04-11 00:00:00-04:00,160.03162242596915,160.0414742096721,158.21788648492154,158.50375366210938,47644200,0.0,0.0
2023-04-12 00:00:00-04:00,158.9177526201656,159.74575366976245,157.49831365463328,157.81375122070312,50133100,0.0,0.0
2023-04-13 00:00:00-04:00,159.32188371142138,163.4323331532267,159.11487595150933,163.1957550048828,68445600,0.0,0.0
2023-04-14 00:00:00-04:00,162.23962776220338,163.94493394539444,161.48063430124813,162.8507843017578,49386500,0.0,0.0
2023-04-17 00:00:00-04:00,162.73245273206868,163.02817163401676,161.68759231395518,162.87045288085938,41516200,0.0,0.0
2023-04-18 00:00:00-04:00,163.72804670609275,165.019337094876,163.28446081239204,164.09275817871094,49923000,0.0,0.0
2023-04-19 00:00:00-04:00,163.43233711220313,165.7586363174907,163.17604035173306,165.2362060546875,47720200,0.0,0.0
2023-04-20 00:00:00-04:00,163.71815631933293,165.472735913665,163.19572616151984,164.27015686035156,52456400,0.0,0.0
2023-04-21 00:00:00-04:00,162.69305305620966,164.07305473489896,162.14105238473394,162.66348266601562,58337300,0.0,0.0
2023-04-24 00:00:00-04:00,162.643765839196,163.23520373133107,161.54961626736943,162.96905517578125,41949600,0.0,0.0
2023-04-25 00:00:00-04:00,162.83104036567903,163.93504162144998,161.3918829793584,161.4313201904297,48714100,0.0,0.0
2023-04-26 00:00:00-04:00,160.73147738017352,162.91977666468185,160.47519563222698,161.42147827148438,45498800,0.0,0.0
2023-04-27 00:00:00-04:00,162.83107706887154,166.15294840816836,162.83107706887154,166.00509643554688,64902300,0.0,0.0
2023-04-28 00:00:00-04:00,166.08393356927388,167.424513091262,165.4826438930684,167.25692749023438,55275900,0.0,0.0
2023-05-01 00:00:00-04:00,166.86262693627947,168.0159171618742,166.23176694003394,167.16819763183594,52472900,0.0,0.0
2023-05-02 00:00:00-04:00,167.66109333275145,167.91739013162538,165.14750459229282,166.1332244873047,48425700,0.0,0.0
2023-05-03 00:00:00-04:00,167.07950544573387,168.47922575134587,164.77292473257992,165.05877685546875,65136000,0.0,0.0
2023-05-04 00:00:00-04:00,162.535328337613,164.65461977543495,161.96360907995128,163.42247009277344,81235400,0.0,0.0
2023-05-05 00:00:00-04:00,168.5383442631647,171.81094077356033,168.32148473339686,171.09136962890625,113453200,0.0,0.0
2023-05-08 00:00:00-04:00,170.0169462399646,171.36739258858663,169.65223472844943,171.0223846435547,55962800,0.0,0.0
2023-05-09 00:00:00-04:00,170.57879765359286,171.06179068201072,169.14950709207488,169.31707763671875,45326900,0.0,0.0
2023-05-10 00:00:00-04:00,170.5492304195713,171.54480192353225,169.44521410372417,171.08151245117188,53724500,0.0,0.0
2023-05-11 00:00:00-04:00,171.3673768150292,172.09679977091955,169.71135988855104,171.268798828125,49514700,0.0,0.0
2023-05-12 00:00:00-04:00,171.3773676163626,171.8116866019269,168.79121464447562,170.3409423828125,45533100,0.24,0.0
2023-05-15 00:00:00-04:00,170.92332917405315,170.97268634600138,169.2551561693846,169.847412109375,37266700,0.0,0.0
2023-05-16 00:00:00-04:00,169.76844364659667,170.903583292935,169.58089543020992,169.847412109375,42110300,0.0,0.0
2023-05-17 00:00:00-04:00,169.49204389326178,170.6962714054677,168.21869827349877,170.45938110351562,57951600,0.0,0.0
2023-05-18 00:00:00-04:00,170.76541658498283,172.97648867280256,170.3508433925847,172.7889404296875,65496700,0.0,0.0
2023-05-19 00:00:00-04:00,174.11159953538055,174.11159953538055,172.68033195301507,172.89749145507812,55809500,0.0,0.0
2023-05-22 00:00:00-04:00,171.73274586766902,172.45332751081392,171.2095929310653,171.9499053955078,43570900,0.0,0.0
2023-05-23 00:00:00-04:00,170.89370662105455,171.1404774028389,169.0675968111729,169.34397888183594,50747300,0.0,0.0
2023-05-24 00:00:00-04:00,168.88004898113246,170.19287135053577,168.3174194294986,169.620361328125,45143500,0.0,0.0
2023-05-25 00:00:00-04:00,170.18299842572435,171.65374258398057,169.47229739906246,170.75550842285156,56058300,0.0,0.0
2023-05-26 00:00:00-04:00,171.08125526170468,173.49960591702484,170.87396117733175,173.1639862060547,54835000,0.0,0.0
2023-05-30 00:00:00-04:00,174.6742677286896,176.6780456265802,174.28930584342234,175.00987243652344,55964400,0.0,0.0
2023-05-31 00:00:00-04:00,175.03946345752533,177.03337571367211,174.4768188110026,174.9604949951172,99625300,0.0,0.0
2023-06-01 00:00:00-04:00,175.40472613631158,177.793466279047,174.64466766217365,177.76385498046875,68901800,0.0,0.0
2023-06-02 00:00:00-04:00,178.69166987914852,179.43198227661338,176.94452840385708,178.61270141601562,61996900,0.0,0.0
2023-06-05 00:00:00-04:00,180.27101332814428,182.56103856696868,175.74028990045602,177.26040649414062,121946500,0.0,0.0
2023-06-06 00:00:00-04:00,177.64536518975015,177.79342164547316,175.13816542041533,176.8951873779297,64848400,0.0,0.0
2023-06-07 00:00:00-04:00,176.13514967923302,178.86937468745242,175.02962118278163,175.52316284179688,61944600,0.0,0.0
2023-06-08 00:00:00-04:00,175.60208462454239,178.50411146672758,175.16778069465795,178.23760986328125,50214900,0.0,0.0
2023-06-09 00:00:00-04:00,179.1556227362357,179.87618934318917,178.29686506682958,178.6226043701172,48900000,0.0,0.0
2023-06-12 00:00:00-04:00,178.92859184232086,181.51474523727245,178.63246384356634,181.41603088378906,54274900,0.0,0.0
2023-06-13 00:00:00-04:00,180.43882318354116,181.77137654932005,180.08347260699438,180.94223022460938,54929100,0.0,0.0
2023-06-14 00:00:00-04:00,181.00144926283193,182.00827838693002,179.66889592317074,181.57395935058594,57462900,0.0,0.0
2023-06-15 00:00:00-04:00,181.5838370156226,184.11076766616947,181.4061542027307,183.6073455810547,65433200,0.0,0.0
2023-06-16 00:00:00-04:00,184.31805138125782,184.57470266619666,181.88983501651188,182.53143310546875,101256200,0.0,0.0
2023-06-20 00:00:00-04:00,182.02802885230534,183.69620198313194,182.02802885230534,182.62026977539062,49799100,0.0,0.0
2023-06-21 00:00:00-04:00,182.51167734169172,183.015099412311,180.23151756348105,181.58383178710938,49515700,0.0,0.0
2023-06-22 00:00:00-04:00,181.3666633051449,184.63390612000734,181.29756025506936,184.5845489501953,51245300,0.0,0.0
2023-06-23 00:00:00-04:00,183.1532678644832,185.13729942612093,182.6202345686034,184.26866149902344,53117000,0.0,0.0
2023-06-26 00:00:00-04:00,184.4167547195407,185.6209974197008,182.83741558637178,182.8769073486328,48088700,0.0,0.0
2023-06-27 00:00:00-04:00,183.48889069387212,185.9565986299679,183.27173119056016,185.630859375,50730800,0.0,0.0
2023-06-28 00:00:00-04:00,185.50250885319187,187.44706365086452,185.1767847036212,186.8054656982422,51216800,0.0,0.0
2023-06-29 00:00:00-04:00,186.63769101872532,187.61490879718235,186.49949997485513,187.14109802246094,46347300,0.0,0.0
2023-06-30 00:00:00-04:00,189.15473724224137,191.96791501002735,188.78950625721086,191.46450805664062,85213200,0.0,0.0
2023-07-03 00:00:00-04:00,191.27697146600818,191.37568580561538,189.28305928715224,189.97402954101562,31458200,0.0,0.0
2023-07-05 00:00:00-04:00,189.09553270560195,190.48730854754436,188.15779163185775,188.85862731933594,46920300,0.0,0.0
2023-07-06 00:00:00-04:00,187.3878728511301,189.53972207962792,186.756140199604,189.33242797851562,45094300,0.0,0.0
2023-07-07 00:00:00-04:00,188.9375920522482,190.1813114167851,187.7827065576724,188.21701049804688,46815000,0.0,0.0
2023-07-10 00:00:00-04:00,186.81538047079187,187.5359621262765,184.6240543335807,186.1737823486328,59922200,0.0,0.0
2023-07-11 00:00:00-04:00,186.71667122446578,186.85486227702734,184.18974051380027,185.65061950683594,46638100,0.0,0.0
2023-07-12 00:00:00-04:00,187.22993768452707,189.22385000348103,186.03557542450565,187.31878662109375,60750200,0.0,0.0
2023-07-13 00:00:00-04:00,188.03936545890204,188.72045533421505,187.32866429002723,188.07884216308594,41342300,0.0,0.0
2023-07-14 00:00:00-04:00,187.77283329330808,188.71055932283986,187.18059240914323,188.22689819335938,41616200,0.0,0.0
2023-07-17 00:00:00-04:00,189.421252931179,191.81000743962883,189.33241906132668,191.48426818847656,50520200,0.0,0.0
2023-07-18 00:00:00-04:00,190.85254922844402,191.8198865800326,189.93455398917624,191.22763061523438,48288200,0.0,0.0
2023-07-19 00:00:00-04:00,190.60575926840173,195.6694855056854,190.1615598085878,192.57992553710938,80507300,0.0,0.0
2023-07-20 00:00:00-04:00,192.57005054034346,193.93223012421538,190.01350876450033,190.6353759765625,59581200,0.0,0.0
2023-07-21 00:00:00-04:00,191.5928731808388,192.4516308259383,188.75993388819955,189.4607696533203,71951700,0.0,0.0
2023-07-24 00:00:00-04:00,190.91177825353577,192.3924031537896,189.76675804919924,190.2602996826172,45377800,0.0,0.0
2023-07-25 00:00:00-04:00,190.83280156435973,191.92846454581797,190.42809382758358,191.11904907226562,37283200,0.0,0.0
2023-07-26 00:00:00-04:00,191.16839008411552,193.112945076557,190.82292002182845,191.9876708984375,47471900,0.0,0.0
2023-07-27 00:00:00-04:00,193.48806403406496,194.6528150463848,190.06288393124004,190.72422790527344,47460200,0.0,0.0
2023-07-28 00:00:00-04:00,192.15550162315532,194.09019149232068,191.63234868611636,193.30052185058594,48291400,0.0,0.0
2023-07-31 00:00:00-04:00,193.52752900074864,193.95198260711592,192.7378594315981,193.91249084472656,38824100,0.0,0.0
2023-08-01 00:00:00-04:00,193.7052107356477,194.1888718595327,192.75760424557473,193.08334350585938,35175100,0.0,0.0
2023-08-02 00:00:00-04:00,192.52069974591456,192.65889079076135,189.37191700535638,190.0924835205078,50389300,0.0,0.0
2023-08-03 00:00:00-04:00,189.09554118067888,189.885195713569,188.22690312046603,188.70069885253906,61235200,0.0,0.0
2023-08-04 00:00:00-04:00,183.12366926443607,184.9596445164711,179.57016391801557,179.63926696777344,115956800,0.0,0.0
2023-08-07 00:00:00-04:00,179.7774569305225,180.76454006954836,175.05920073091434,176.53982543945312,97576100,0.0,0.0
2023-08-08 00:00:00-04:00,177.3689898212007,177.94149990785485,175.2862435821482,177.47756958007812,67823000,0.0,0.0
2023-08-09 00:00:00-04:00,178.53372709089916,178.59294967088076,174.72358547458126,175.8883514404297,60378500,0.0,0.0
2023-08-10 00:00:00-04:00,177.1616784798233,178.41527829006225,175.30597241092943,175.6711883544922,54686900,0.0,0.0
2023-08-11 00:00:00-04:00,175.2659575562626,176.5508864753638,174.5048729038775,175.73049926757812,52036700,0.24,0.0
2023-08-14 00:00:00-04:00,175.90841909398483,177.60849603671858,175.2560608313475,177.38116455078125,43675600,0.0,0.0
2023-08-15 00:00:00-04:00,176.8078826094104,177.40092323969566,174.99907927707545,175.39443969726562,43622600,0.0,0.0
2023-08-16 00:00:00-04:00,175.0781688700227,176.47182426987777,174.4554618287455,174.524658203125,46964900,0.0,0.0
2023-08-17 00:00:00-04:00,175.08803154260252,175.4537406821077,171.47042491030345,171.98440551757812,66062900,0.0,0.0
2023-08-18 00:00:00-04:00,170.30410101859755,173.07166917955516,169.96804315644715,172.46873474121094,61172200,0.0,0.0
2023-08-21 00:00:00-04:00,173.04203097276417,174.08974972921308,171.7274356199635,173.8031005859375,46311900,0.0,0.0
2023-08-22 00:00:00-04:00,175.00898825019638,175.6218015319945,174.20837345764443,175.17701721191406,42038900,0.0,0.0
2023-08-23 00:00:00-04:00,176.45206899868776,179.44696895877536,176.2642675025049,179.02194213867188,52722800,0.0,0.0
2023-08-24 00:00:00-04:00,178.57713623123834,179.0021629998802,173.97111355320405,174.3368377685547,54945800,0.0,0.0
2023-08-25 00:00:00-04:00,175.3252376314931,177.0747231196245,173.78331106065053,176.54098510742188,51449600,0.0,0.0
2023-08-28 00:00:00-04:00,178.003859262239,178.49806733287568,176.48170504077262,178.1027069091797,43820700,0.0,0.0
2023-08-29 00:00:00-04:00,177.61835511729424,182.75811538578077,177.42067493043544,181.98715209960938,53003900,0.0,0.0
2023-08-30 00:00:00-04:00,182.7976884731864,185.67398314097,182.6000082560471,185.47628784179688,60813900,0.0,0.0
2023-08-31 00:00:00-04:00,185.66407430986655,186.9292456956689,185.30824391498263,185.6937255859375,60794500,0.0,0.0
2023-09-01 00:00:00-04:00,187.29497110047913,187.7199827815663,186.09898099052413,187.26531982421875,45766500,0.0,0.0
2023-09-05 00:00:00-04:00,186.09898389331408,187.77928826308653,185.4367469097816,187.50253295898438,45280000,0.0,0.0
2023-09-06 00:00:00-04:00,186.21760937163043,186.66240873519862,179.36789222272253,180.7912139892578,81755800,0.0,0.0
2023-09-07 00:00:00-04:00,173.1507234483217,176.14563807720947,171.5297216636145,175.50315856933594,112488800,0.0,0.0
2023-09-08 00:00:00-04:00,176.2840260730559,178.15213198996554,175.7305003611282,176.11598205566406,65551300,0.0,0.0
2023-09-11 00:00:00-04:00,177.9840695669679,178.21140101532347,175.2856831308839,177.28228759765625,58953100,0.0,0.0
2023-09-12 00:00:00-04:00,177.4108321261293,178.04341790139725,172.79493020499618,174.25778198242188,90370200,0.0,0.0
2023-09-13 00:00:00-04:00,174.46531572894506,175.24617287306006,171.96462426919445,172.1919708251953,84267900,0.0,0.0
2023-09-14 00:00:00-04:00,171.98440467411754,174.060084556446,171.56927171405846,173.70425415039062,60895800,0.0,0.0
2023-09-15 00:00:00-04:00,174.4356540223445,174.45542656560403,171.80647888602266,172.98268127441406,109259500,0.0,0.0
2023-09-18 00:00:00-04:00,174.4356561798522,177.30207170667876,174.12924962468128,175.9084014892578,67257600,0.0,0.0
2023-09-19 00:00:00-04:00,175.46361863431386,177.54917706999674,175.07813698421282,176.99566650390625,51826900,0.0,0.0
2023-09-20 00:00:00-04:00,177.18347129792434,177.61837681135137,173.36818440563272,173.4571533203125,58436200,0.0,0.0
2023-09-21 00:00:00-04:00,172.5280351536478,174.25776334751873,171.846025624082,171.9152069091797,63149100,0.0,0.0
2023-09-22 00:00:00-04:00,172.6466384244914,175.0287248458324,172.03382526857388,172.76524353027344,56725400,0.0,0.0
2023-09-25 00:00:00-04:00,172.18205638108142,174.9199727999802,172.13263256691485,174.040283203125,46172700,0.0,0.0
2023-09-26 00:00:00-04:00,172.7949188930673,173.1705067749598,169.67152023376326,169.96804809570312,64588900,0.0,0.0
2023-09-27 00:00:00-04:00,170.62039864934732,171.03553164114703,167.0917606780329,168.4557647705078,66921800,0.0,0.0
2023-09-28 00:00:00-04:00,167.37838547451082,170.03722730338785,165.67830850769053,168.71275329589844,56294400,0.0,0.0
2023-09-29 00:00:00-04:00,170.02734498983367,171.06518493104676,168.36679806748614,169.2267303466797,51861100,0.0,0.0
2023-10-02 00:00:00-04:00,169.23658298137698,172.28090596787308,168.94993390517055,171.73727416992188,52164500,0.0,0.0
2023-10-03 00:00:00-04:00,170.26454593815689,171.61868620307462,168.84123947337378,170.40292358398438,49594600,0.0,0.0
2023-10-04 00:00:00-04:00,169.10812432832188,172.19199313339385,168.98951921036945,171.6483612060547,53020300,0.0,0.0
2023-10-05 00:00:00-04:00,171.77684421895017,173.41761872545223,170.67970163713667,172.88388061523438,48527900,0.0,0.0
2023-10-06 00:00:00-04:00,171.78671747657816,175.9281832590251,171.17388925206592,175.43397521972656,57266700,0.0,0.0
2023-10-09 00:00:00-04:00,174.7618406122257,176.97589800927489,173.76354582426052,176.91659545898438,42390800,0.0,0.0
2023-10-10 00:00:00-04:00,176.03691333055846,177.6381425852869,175.88864186643335,176.32354736328125,43698000,0.0,0.0
2023-10-11 00:00:00-04:00,176.13576739500243,177.7666632072918,175.54272671219826,177.7172393798828,47551100,0.0,0.0
2023-10-12 00:00:00-04:00,177.98411345020415,180.2278073787141,176.96603088257305,178.61669921875,56743100,0.0,0.0
2023-10-13 00:00:00-04:00,179.31843486264313,179.82252160984507,176.07643148158712,176.77821350097656,51427100,0.0,0.0
2023-10-16 00:00:00-04:00,174.70255348644375,177.0055649122618,174.46532818230494,176.6497344970703,52517000,0.0,0.0
2023-10-17 00:00:00-04:00,174.60369235668924,176.35319301979084,172.7751316803463,175.097900390625,57549400,0.0,0.0
2023-10-18 00:00:00-04:00,173.5461178040648,175.5229501994882,173.08156098457755,173.8031005859375,54764400,0.0,0.0
2023-10-19 00:00:00-04:00,174.0007735918687,175.77992569036093,173.16062890788183,173.42750549316406,59302900,0.0,0.0
2023-10-20 00:00:00-04:00,173.27923973046956,173.3879661145723,170.64017031492207,170.8773956298828,64244000,0.0,0.0
2023-10-23 00:00:00-04:00,168.93020088937016,171.99428177951037,167.96154224302492,170.99598693847656,55980100,0.0,0.0
2023-10-24 00:00:00-04:00,171.045411263789,171.65822442721412,169.4639394511676,171.43089294433594,43816600,0.0,0.0
2023-10-25 00:00:00-04:00,169.88897487497013,171.0552987076063,168.67321213575732,169.11801147460938,57157000,0.0,0.0
2023-10-26 00:00:00-04:00,168.3964558542296,169.39476582537458,163.75090293239452,164.95677185058594,70625300,0.0,0.0
2023-10-27 00:00:00-04:00,164.97655472973753,167.00281099505466,164.89747962237493,166.27137756347656,58499100,0.0,0.0
2023-10-30 00:00:00-04:00,167.06210513671374,169.18719386762373,166.91383366211736,168.3173828125,51131000,0.0,0.0
2023-10-31 00:00:00-04:00,167.38827526603964,168.92030818010912,165.9550598323106,168.7918243408203,44846000,0.0,0.0
2023-11-01 00:00:00-04:00,169.01917553597846,172.21175573979943,168.1493644262673,171.95477294921875,56934900,0.0,0.0
2023-11-02 00:00:00-04:00,173.4868204991482,175.72063574409248,173.4275179386151,175.51307678222656,77334800,0.0,0.0
2023-11-03 00:00:00-04:00,172.2216424329047,174.77175801380423,171.34195262679097,174.6037139892578,79829200,0.0,0.0
2023-11-06 00:00:00-05:00,174.33686186638658,177.3515193436343,174.1688329148246,177.15383911132812,63841300,0.0,0.0
2023-11-07 00:00:00-05:00,177.10440348202485,180.32664987384885,176.89684453064555,179.71383666992188,70530000,0.0,0.0
2023-11-08 00:00:00-05:00,180.23768527185777,181.32493395317235,179.4864793691692,180.77142333984375,49340300,0.0,0.0
2023-11-09 00:00:00-05:00,180.84064428465763,181.9871956757889,179.70395654448856,180.29701232910156,53763500,0.0,0.0
2023-11-10 00:00:00-05:00,182.07849676599454,184.6517706680945,181.64301825007877,184.48350524902344,66133400,0.24,0.0
2023-11-13 00:00:00-05:00,183.9094496896321,184.1172820619318,182.31600272709323,182.89993286132812,43627500,0.0,0.0
2023-11-14 00:00:00-05:00,185.7701081675421,186.17589626502485,184.38450869065176,185.51278686523438,60108400,0.0,0.0
2023-11-15 00:00:00-05:00,185.91860660743325,187.55163591900057,185.84931907084464,186.0769500732422,53790500,0.0,0.0
2023-11-16 00:00:00-05:00,187.6209157424311,188.9966236513369,186.7103615664657,187.7594757080078,54412900,0.0,0.0
2023-11-17 00:00:00-05:00,188.29390964052354,188.42257785422723,186.63119011836693,187.7396697998047,50922700,0.0,0.0
2023-11-20 00:00:00-05:00,187.93760923589429,189.93684445013852,187.92771748948175,189.4815673828125,46505100,0.0,0.0
2023-11-21 00:00:00-05:00,189.44197314241592,189.55084275358138,187.78914548337832,188.6798858642578,38134500,0.0,0.0
2023-11-22 00:00:00-05:00,189.52117473642568,190.94635649331246,188.8679569924961,189.343017578125,39617700,0.0,0.0
2023-11-24 00:00:00-05:00,188.90754041885276,188.93723076179566,187.30420149232032,188.0167999267578,24048300,0.0,0.0
2023-11-27 00:00:00-05:00,187.96730652329646,188.70959528304604,186.95778958150402,187.83863830566406,40552600,0.0,0.0
2023-11-28 00:00:00-05:00,187.82873180101734,189.1153685705385,187.45263402635211,188.44235229492188,38415400,0.0,0.0
2023-11-29 00:00:00-05:00,188.93722623545,190.11499348364924,187.02707707633283,187.42295837402344,43014200,0.0,0.0
2023-11-30 00:00:00-05:00,187.888109148078,188.36318478193425,186.2550800746654,187.99697875976562,48794400,0.0,0.0
2023-12-01 00:00:00-05:00,188.37309535289532,189.5904446947665,187.28439912721964,189.27374267578125,45704800,0.0,0.0
2023-12-04 00:00:00-05:00,188.0266937107449,188.0959812462982,185.5227074160739,187.4823455810547,43389500,0.0,0.0
2023-12-05 00:00:00-05:00,188.25431775925796,192.40122460244103,188.22461231756913,191.43130493164062,66628400,0.0,0.0
2023-12-06 00:00:00-05:00,192.45071045016567,192.7575206909756,190.1347733725338,190.34262084960938,41089700,0.0,0.0
2023-12-07 00:00:00-05:00,191.63914867608756,192.99505783958267,191.5995514892092,192.27256774902344,47477700,0.0,0.0
2023-12-08 00:00:00-05:00,192.20326977184553,193.97487379172213,191.67872033849463,193.69775390625,53406400,0.0,0.0
2023-12-11 00:00:00-05:00,191.12451418849048,191.50061200003438,189.45188773429211,191.19378662109375,60943700,0.0,0.0
2023-12-12 00:00:00-05:00,191.09480795445688,192.71794533501543,189.748790485074,192.7080535888672,52696900,0.0,0.0
2023-12-13 00:00:00-05:00,193.08416519049783,195.96424945082313,192.84664243214013,195.92466735839844,70404200,0.0,0.0
2023-12-14 00:00:00-05:00,195.9840185786185,197.56755876987646,194.14314196862804,196.07308959960938,66831600,0.0,0.0
2023-12-15 00:00:00-05:00,195.4990533238864,196.36010340669733,194.97450383643803,195.5386505126953,128538400,0.0,0.0
2023-12-18 00:00:00-05:00,194.07387143964067,194.6083278162061,192.39135323196817,193.8759307861328,55751900,0.0,0.0
2023-12-19 00:00:00-05:00,194.1431515248431,194.92502236186388,193.87592334681435,194.91513061523438,40714100,0.0,0.0
2023-12-20 00:00:00-05:00,194.87553713507947,195.6475162401682,192.8268280029297,192.8268280029297,52242800,0.0,0.0
2023-12-21 00:00:00-05:00,194.08375795359612,195.0536776254948,191.51048442189503,192.6783447265625,46482500,0.0,0.0
2023-12-22 00:00:00-05:00,193.1731927744169,193.40083883584492,190.98592398969686,191.6094512939453,37149600,0.0,0.0
2023-12-26 00:00:00-05:00,191.6193796571302,191.8964996004414,190.84740051477698,191.0651397705078,28919300,0.0,0.0
2023-12-27 00:00:00-05:00,190.51090559150927,191.51051576683653,189.1252907315366,191.1641082763672,48087700,0.0,0.0
2023-12-28 00:00:00-05:00,192.14393105407996,192.65858885458314,191.18390299052217,191.58969116210938,34049900,0.0,0.0
2023-12-29 00:00:00-05:00,191.90633930289596,192.40119836773263,189.75865277373288,190.55043029785156,42672100,0.0,0.0
2024-01-02 00:00:00-05:00,185.22577720716953,186.5025222946912,181.99930092657837,183.73130798339844,82488700,0.0,0.0
2024-01-03 00:00:00-05:00,182.32590048043423,183.96883642924203,181.5440145919006,182.3555908203125,58414500,0.0,0.0
2024-01-04 00:00:00-05:00,180.27718031693732,181.2075179249861,179.0202489631632,180.03965759277344,71983600,0.0,0.0
2024-01-05 00:00:00-05:00,180.1188384374096,180.88091065327836,178.31754388665928,179.31715393066406,62379700,0.0,0.0
2024-01-08 00:00:00-05:00,180.21782130157615,183.69174257913158,179.63389106527006,183.6521453857422,59144500,0.0,0.0
2024-01-09 00:00:00-05:00,182.0289774717032,183.24632668227045,180.8512103460259,183.23643493652344,42841800,0.0,0.0
2024-01-10 00:00:00-05:00,182.4545871112419,184.48349768333688,182.02900036017593,184.27566528320312,46792900,0.0,0.0
2024-01-11 00:00:00-05:00,184.62205313633504,185.12681915669637,181.73207738578324,183.68182373046875,49128400,0.0,0.0
2024-01-12 00:00:00-05:00,184.14698280822722,184.8199990991005,183.28593272766105,184.0084228515625,40477800,0.0,0.0
2024-01-16 00:00:00-05:00,180.28710192352952,182.3655014396163,179.06973745492456,181.7419891357422,65603000,0.0,0.0
2024-01-17 00:00:00-05:00,179.40625114511818,181.04917214343425,178.44622312883942,180.80174255371094,47317400,0.0,0.0
2024-01-18 00:00:00-05:00,184.17665903424702,187.19530261085842,183.91933773499053,186.6905517578125,78005800,0.0,0.0
2024-01-19 00:00:00-05:00,187.38337121910467,189.97642838325277,186.8786203129096,189.59043884277344,68903000,0.0,0.0
2024-01-22 00:00:00-05:00,190.32282073770045,193.3216657993532,190.28322355100102,191.89646911621094,60133900,0.0,0.0
2024-01-23 00:00:00-05:00,193.01487431695855,193.73736447446063,191.83710707958323,193.1732177734375,42355600,0.0,0.0
2024-01-24 00:00:00-05:00,193.41075266703035,194.36088890095834,192.34185506707502,192.50021362304688,53631300,0.0,0.0
2024-01-25 00:00:00-05:00,193.21280647175473,194.2520137003454,191.124500268323,192.17359924316406,54822100,0.0,0.0
2024-01-26 00:00:00-05:00,192.27255880614135,192.75751105858055,189.966513589549,190.4415740966797,44594000,0.0,0.0
2024-01-29 00:00:00-05:00,190.0358327243265,190.2238816447227,187.63082415775594,189.7587127685547,47145600,0.0,0.0
2024-01-30 00:00:00-05:00,188.9768051464624,189.82796344587697,185.54248160944437,186.1066131591797,55859400,0.0,0.0
2024-01-31 00:00:00-05:00,185.11691469411622,185.17631048108575,182.45458500160478,182.50405883789062,55467800,0.0,0.0
2024-02-01 00:00:00-05:00,182.0982797244824,185.02783750412453,181.93002942176474,184.9387664794922,64885400,0.0,0.0
2024-02-02 00:00:00-05:00,178.01073002917815,185.40392677166545,177.4070012757119,183.93914794921875,102551700,0.0,0.0
2024-02-05 00:00:00-05:00,186.21547393955785,187.30417000412038,183.92922730587782,185.75030517578125,69668800,0.0,0.0
2024-02-06 00:00:00-05:00,184.93875326056028,187.36355995873058,184.8496822422945,187.35366821289062,43490800,0.0,0.0
2024-02-07 00:00:00-05:00,188.67987354898102,189.08566162792087,186.67074684834847,187.4625244140625,53439000,0.0,0.0
2024-02-08 00:00:00-05:00,187.44276462432762,187.59121634154823,185.42374576060666,186.38377380371094,40962000,0.0,0.0
2024-02-09 00:00:00-05:00,186.9486269587983,188.27655346933713,186.30449512518672,187.14683532714844,45155200,0.24,0.0
2024-02-12 00:00:00-05:00,186.72069342042812,186.9684387436886,185.10538907399385,185.46214294433594,41781900,0.0,0.0
2024-02-13 00:00:00-05:00,184.0945819491523,184.53061609699293,181.85495475727518,183.37115478515625,56529500,0.0,0.0
2024-02-14 00:00:00-05:00,183.64865818230027,183.85675578337245,180.79462725534452,182.48919677734375,54630500,0.0,0.0
2024-02-15 00:00:00-05:00,181.89459574378543,182.82612045767794,179.71444020641266,182.20179748535156,65434500,0.0,0.0
2024-02-16 00:00:00-05:00,181.76577652013776,183.18288755084293,180.03155935687485,180.66578674316406,49752500,0.0,0.0
2024-02-20 00:00:00-05:00,180.1504525533752,180.78467987026374,178.37660298808711,179.9225311279297,53665600,0.0,0.0
2024-02-21 00:00:00-05:00,180.2991272502037,181.24055639365764,179.03067248659073,180.6757049560547,41371400,0.0,0.0
2024-02-22 00:00:00-05:00,181.82524161821627,183.29190480468338,180.81445159653885,182.70721435546875,52292200,0.0,0.0
2024-02-23 00:00:00-05:00,183.34143499372246,183.3711632214272,180.58650833781007,180.8739013671875,45119700,0.0,0.0
2024-02-26 00:00:00-05:00,180.59644574912906,181.11174516126204,179.02077391854948,179.52618408203125,40867400,0.0,0.0
2024-02-27 00:00:00-05:00,179.4666949255866,182.2612539462515,177.94057546451762,180.98289489746094,54318900,0.0,0.0
2024-02-28 00:00:00-05:00,180.8639793914523,181.46847854843006,178.50545433930714,179.7838134765625,48953900,0.0,0.0
2024-02-29 00:00:00-05:00,179.63517226295397,180.92345088953732,177.9108594746495,179.11985778808594,136682600,0.0,0.0
2024-03-01 00:00:00-05:00,177.93066432277888,178.90182159301432,175.78023709238585,178.0396728515625,73563100,0.0,0.0
2024-03-04 00:00:00-05:00,174.56133114426578,175.30456703921072,172.22261492332544,173.52081298828125,81510100,0.0,0.0
2024-03-05 00:00:00-05:00,169.21995126633416,170.48840604509627,168.0902332564625,168.58572387695312,95132400,0.0,0.0
2024-03-06 00:00:00-05:00,169.5172632726602,169.69564777442116,167.1587228770791,167.59475708007812,68587700,0.0,0.0
2024-03-07 00:00:00-05:00,167.62445594378354,169.1902079797121,166.97041987504164,167.47581481933594,71765100,0.0,0.0
2024-03-08 00:00:00-05:00,167.47580771798204,172.13341591430694,167.41635127072408,169.19020080566406,76267000,0.0,0.0
2024-03-11 00:00:00-04:00,171.3802901891083,172.8073055285168,170.49831753088682,171.19200134277344,60139500,0.0,0.0
2024-03-12 00:00:00-04:00,171.58838326620315,172.46045153320196,169.4676841705973,171.66766357421875,59825400,0.0,0.0
2024-03-13 00:00:00-04:00,171.21183277143888,171.62804307697533,169.21995080494636,169.5866241455078,52488700,0.0,0.0
2024-03-14 00:00:00-04:00,171.35055836544484,172.73792596009017,170.49831395125625,171.4397430419922,72913500,0.0,0.0
2024-03-15 00:00:00-04:00,169.62625165850892,171.06317138671875,168.75418335618096,171.06317138671875,121752700,0.0,0.0
2024-03-18 00:00:00-04:00,173.98658058844927,176.107279800922,171.95506605696912,172.15325927734375,75604200,0.0,0.0
2024-03-19 00:00:00-04:00,172.76766112194616,175.01719271038215,171.46947815172825,174.49197387695312,55215200,0.0,0.0
2024-03-20 00:00:00-04:00,174.1352325028599,177.05862426757812,173.51090945491785,177.05862426757812,53423100,0.0,0.0
2024-03-21 00:00:00-04:00,175.45322885093574,175.8892630091755,169.29922879245808,169.82444763183594,106181300,0.0,0.0
2024-03-22 00:00:00-04:00,170.210942813777,171.48931715990707,168.5262776263353,170.72625732421875,71160100,0.0,0.0
2024-03-25 00:00:00-04:00,169.03170000930652,170.38933965120722,167.92179058941932,169.30917358398438,54288300,0.0,0.0
2024-03-26 00:00:00-04:00,168.4668059986792,169.87399750483326,168.0505957042821,168.17942810058594,57388400,0.0,0.0
2024-03-27 00:00:00-04:00,168.87313883616537,172.03437182483108,168.57584140102637,171.74697875976562,60273300,0.0,0.0
2024-03-28 00:00:00-04:00,170.2010103030642,170.67667701496117,168.97218824939392,169.93344116210938,65672700,0.0,0.0
2024-04-01 00:00:00-04:00,169.64606274055888,169.70551918920845,167.95147834818596,168.49652099609375,46240500,0.0,0.0
2024-04-02 00:00:00-04:00,167.5550863912881,167.81273603395658,166.71274640687062,167.31724548339844,49329500,0.0,0.0
2024-04-03 00:00:00-04:00,167.2677201117247,169.14067408704202,167.05962251511946,168.11996459960938,47691700,0.0,0.0
2024-04-04 00:00:00-04:00,168.7541832986243,170.3694875068381,167.29745483398438,167.29745483398438,53704400,0.0,0.0
2024-04-05 00:00:00-04:00,168.06051777285862,168.85330584999502,167.4262903353845,168.0506134033203,42104800,0.0,0.0
2024-04-08 00:00:00-04:00,167.50557237539863,167.67403738632925,166.72270378093583,166.93080139160156,37425500,0.0,0.0
2024-04-09 00:00:00-04:00,167.17853275073267,168.5460917055098,166.83169838821917,168.13978576660156,42373800,0.0,0.0
2024-04-10 00:00:00-04:00,167.27763553824258,167.5650134431552,165.60287483124418,166.26683044433594,49709300,0.0,0.0
2024-04-11 00:00:00-04:00,166.82176353298163,173.87755961907308,166.6433941837476,173.46133422851562,91070300,0.0,0.0
2024-04-12 00:00:00-04:00,172.68840786964623,176.75143752987137,172.6388708981507,174.957763671875,101670900,0.0,0.0
2024-04-15 00:00:00-04:00,173.77844021277133,175.0369903996079,170.9442337612168,171.1325225830078,73531800,0.0,0.0
2024-04-16 00:00:00-04:00,170.20102235595408,172.19288913903023,166.7524119884344,167.85240173339844,73711200,0.0,0.0
2024-04-17 00:00:00-04:00,168.08031301583728,169.1109267558204,166.48483276367188,166.48483276367188,50901200,0.0,0.0
2024-04-18 00:00:00-04:00,166.51456987389489,167.11906901091456,165.0479219314042,165.5334930419922,43122900,0.0,0.0
2024-04-19 00:00:00-04:00,164.7109957890585,164.89926951971245,162.6002009445124,163.51190185546875,68149400,0.0,0.0
2024-04-22 00:00:00-04:00,164.0272084619306,165.75150603037284,163.28397258003716,164.3443145751953,48116400,0.0,0.0
2024-04-23 00:00:00-04:00,163.85875133255257,165.54341638804536,163.43262154349364,165.39476013183594,49537800,0.0,0.0
2024-04-24 00:00:00-04:00,165.03799187966663,167.7731094949557,164.7109814111337,167.49563598632812,48251800,0.0,0.0
2024-04-25 00:00:00-04:00,168.00106471763377,169.07132637527934,166.63350563489078,168.35781860351562,50558300,0.0,0.0
2024-04-26 00:00:00-04:00,168.34787265422193,169.79469657988224,167.6541737932701,167.77310180664062,44838400,0.0,0.0
2024-04-29 00:00:00-04:00,171.80639405446584,174.4424074952563,171.5388400360099,171.9352264404297,68169400,0.0,0.0
2024-04-30 00:00:00-04:00,171.76676673002254,173.4117990890393,168.46679764398493,168.7938232421875,65934800,0.0,0.0
2024-05-01 00:00:00-04:00,168.05057530255277,171.1523509575647,167.5848129798778,167.77310180664062,50383100,0.0,0.0
2024-05-02 00:00:00-04:00,170.95416794412498,171.8559644998941,169.34878317714927,171.469482421875,94214900,0.0,0.0
2024-05-03 00:00:00-04:00,184.9666483851495,185.313497878847,181.01264278710423,181.7261505126953,163224100,0.0,0.0
2024-05-06 00:00:00-04:00,180.7054248623681,182.53873097916653,178.79282331517493,180.07119750976562,78569700,0.0,0.0
2024-05-07 00:00:00-04:00,181.79550770435065,183.23242749590466,179.68472791941784,180.75497436523438,77305800,0.0,0.0
2024-05-08 00:00:00-04:00,181.20091221961113,181.41892928578648,179.81352951475225,181.09190368652344,45057100,0.0,0.0
2024-05-09 00:00:00-04:00,180.9135439323752,182.99461071341904,180.46760537105857,182.90542602539062,48983000,0.0,0.0
2024-05-10 00:00:00-04:00,183.4809650708303,183.66950932429603,180.7322345449188,181.64517211914062,50759500,0.25,0.0
2024-05-13 00:00:00-04:00,184.01680743143146,185.6640710757596,183.2030934113359,184.85035705566406,72044800,0.0,0.0
2024-05-14 00:00:00-04:00,186.07090395104018,186.85484938535834,184.86026592315986,185.99151611328125,52393600,0.0,0.0
2024-05-15 00:00:00-04:00,186.46788560358823,189.18684774302332,185.9320213621053,188.2639923095703,70400000,0.0,0.0
2024-05-16 00:00:00-04:00,189.00821119957226,189.6333810173086,188.2044300863017,188.38304138183594,52845200,0.0,0.0
2024-05-17 00:00:00-04:00,188.0555735439889,189.34559954047234,187.72810435814964,188.41281127929688,41282900,0.0,0.0
2024-05-20 00:00:00-04:00,187.8769693298537,190.44708847543168,187.55941793463836,189.57383728027344,44361300,0.0,0.0
2024-05-21 00:00:00-04:00,189.62345487533878,191.2508679069906,189.45476137627725,190.87379455566406,42309400,0.0,0.0
2024-05-22 00:00:00-04:00,190.79440205142186,191.3401840301744,188.8097513226368,189.43490600585938,34648500,0.0,0.0
2024-05-23 00:00:00-04:00,189.51431079519944,189.53416154393335,185.19770415918353,185.44578552246094,51005900,0.0,0.0
2024-05-24 00:00:00-04:00,187.37088671578107,189.11737394472448,186.59685898409072,188.52197265625,36327000,0.0,0.0
2024-05-28 00:00:00-04:00,190.04021443649896,191.5187845976106,187.64872194997955,188.53189086914062,52280100,0.0,0.0
2024-05-29 00:00:00-04:00,188.15483105781396,190.77456966628964,188.05559245514976,188.82960510253906,53068000,0.0,0.0
2024-05-30 00:00:00-04:00,189.29599865097472,190.70509898235173,189.16700663796175,189.82192993164062,49889100,0.0,0.0
2024-05-31 00:00:00-04:00,189.9707702687458,191.09210277636024,188.45251367186646,190.77455139160156,75158300,0.0,0.0
2024-06-03 00:00:00-04:00,191.41956102246726,193.49353258818425,191.04248767189634,192.5408935546875,50080500,0.0,0.0
2024-06-04 00:00:00-04:00,193.1462119125533,193.82100104656786,191.548567440495,192.8584442138672,47471400,0.0,0.0
2024-06-05 00:00:00-04:00,193.9003813531384,195.38886948576234,193.37445009094603,194.3667755126953,54156800,0.0,0.0
2024-06-06 00:00:00-04:00,194.1881317208236,194.99191275531385,192.67979309240934,192.98741149902344,41181800,0.0,0.0
2024-06-07 00:00:00-04:00,193.1561225415401,195.42855606321456,192.65004206608782,195.37893676757812,53103900,0.0,0.0
2024-06-10 00:00:00-04:00,195.3888517006261,195.7857909182053,190.6753063763642,191.6378631591797,97010200,0.0,0.0
2024-06-11 00:00:00-04:00,192.1638175889916,205.57014412683193,192.14398198197847,205.56021118164062,172373300,0.0,0.0
2024-06-12 00:00:00-04:00,205.7785169434978,218.5100538646653,205.3121227860245,211.43478393554688,198134300,0.0,0.0
2024-06-13 00:00:00-04:00,213.09195736730385,215.08652592836702,209.9760562824749,212.59579467773438,97862700,0.0,0.0
2024-06-14 00:00:00-04:00,212.20877015870124,213.51863167298376,209.67833763090172,210.8592071533203,70122700,0.0,0.0
2024-06-17 00:00:00-04:00,211.7324642876032,217.26964179829142,211.08745883873982,215.00714111328125,93728300,0.0,0.0
2024-06-18 00:00:00-04:00,215.9200623200828,216.95208913019513,211.36529274424583,212.6453857421875,79943300,0.0,0.0
2024-06-20 00:00:00-04:00,212.28813739547695,212.59577094768608,207.2471383568116,208.0707550048828,86172500,0.0,0.0
2024-06-21 00:00:00-04:00,208.77535128006048,210.26383945834172,205.52052500822026,205.89761352539062,241805100,0.0,0.0
2024-06-24 00:00:00-04:00,206.12581247138846,211.0675882243761,205.00448003735443,206.54258728027344,80727000,0.0,0.0
2024-06-25 00:00:00-04:00,207.54485732874397,209.75775393646785,207.0090082596573,207.46548461914062,55549700,0.0,0.0
2024-06-26 00:00:00-04:00,209.87681864015101,213.2110325348534,209.0234182045521,211.61338806152344,66213200,0.0,0.0
2024-06-27 00:00:00-04:00,213.04236232724844,214.08430712231802,210.72032430967755,212.45689392089844,49772700,0.0,0.0
2024-06-28 00:00:00-04:00,214.1140554431902,214.41175609103416,208.686034302842,209.00357055664062,82542700,0.0,0.0
2024-07-01 00:00:00-04:00,210.4622626872336,215.84066382869798,210.29356920849017,215.0865020751953,60402900,0.0,0.0
2024-07-02 00:00:00-04:00,214.4911227279333,218.6886699462021,213.44919320249295,218.5795135498047,58046200,0.0,0.0
2024-07-03 00:00:00-04:00,218.31159349071294,219.84970092773438,217.34903661716913,219.84970092773438,37369800,0.0,0.0
2024-07-05 00:00:00-04:00,219.94891212590596,224.71207692855523,219.94891212590596,224.60292053222656,60412400,0.0,0.0
2024-07-08 00:00:00-04:00,225.34715532852172,226.1013322692385,221.53662969916704,226.07156372070312,59085900,0.0,0.0
2024-07-09 00:00:00-04:00,226.180713251394,227.63943274976205,224.63268810415036,226.92495727539062,48076100,0.0,0.0
2024-07-10 00:00:00-04:00,227.54020555015646,231.29119415797783,227.49058625437067,231.19195556640625,62627700,0.0,0.0
2024-07-11 00:00:00-04:00,229.61416127735984,230.60648662367137,224.03729767642758,225.823486328125,64710600,0.0,0.0
2024-07-12 00:00:00-04:00,227.16311346469493,230.8545649156238,226.92494993371525,228.7706756591797,53046500,0.0,0.0
2024-07-15 00:00:00-04:00,234.66511292556817,235.40935699641528,231.3011303310065,232.60107421875,62631300,0.0,0.0
2024-07-16 00:00:00-04:00,233.19644881294397,234.4567062015191,230.54694204130521,233.01783752441406,43234300,0.0,0.0
2024-07-17 00:00:00-04:00,227.68904591405493,229.6836295353235,224.9006141352506,227.12342834472656,57345900,0.0,0.0
2024-07-18 00:00:00-04:00,228.51267855827928,228.67145424701283,220.56415801938329,222.45948791503906,66034600,0.0,0.0
2024-07-19 00:00:00-04:00,223.09459660515446,225.0593965950336,221.56640705838353,222.5885009765625,49151500,0.0,0.0
2024-07-22 00:00:00-04:00,225.2677604657143,226.03185518490554,221.37784711424985,222.24118041992188,48201800,0.0,0.0
2024-07-23 00:00:00-04:00,222.64803919770813,225.19832267550643,220.97100689389265,223.2831268310547,39960300,0.0,0.0
2024-07-24 00:00:00-04:00,222.280880842846,223.0747441599071,215.46361045876344,216.86277770996094,61777600,0.0,0.0
2024-07-25 00:00:00-04:00,217.24978234747041,219.15506035064124,212.97286249707204,215.8208465576172,51391200,0.0,0.0
2024-07-26 00:00:00-04:00,217.0215271741731,217.8054725938896,214.35216985326556,216.28721618652344,41601300,0.0,0.0
2024-07-29 00:00:00-04:00,215.29491873308154,217.61695646267233,214.0941983741811,216.56509399414062,36311800,0.0,0.0
2024-07-30 00:00:00-04:00,217.50779485320817,218.63904514115285,214.46134877521007,217.12078857421875,41643800,0.0,0.0
2024-07-31 00:00:00-04:00,219.74050753338085,222.1022464925354,218.93672649714605,220.37559509277344,50036300,0.0,0.0
2024-08-01 00:00:00-04:00,222.64802807062824,222.7571844619209,215.35444602521784,216.6841583251953,62501000,0.0,0.0
2024-08-02 00:00:00-04:00,217.46809553371503,223.86860618805187,216.0391597412521,218.1726531982422,105568600,0.0,0.0
2024-08-05 00:00:00-04:00,197.56204548052773,211.8614570593827,194.49576385779395,207.66392517089844,119548600,0.0,0.0
2024-08-06 00:00:00-04:00,203.72440665766518,208.37841518370308,199.52687447574846,205.63958740234375,69660500,0.0,0.0
2024-08-07 00:00:00-04:00,205.31209833985366,212.00037630720823,204.80601788828693,208.20970153808594,63516400,0.0,0.0
2024-08-08 00:00:00-04:00,211.47445056104476,212.5560815310077,207.22729938249148,211.67291259765625,47161100,0.0,0.0
2024-08-09 00:00:00-04:00,210.47223285968454,215.11630867247783,210.34322570654538,214.58045959472656,42201600,0.0,0.0
2024-08-12 00:00:00-04:00,214.65991863613397,218.07745621052726,214.19298467780987,216.11038208007812,38028100,0.25,0.0
2024-08-13 00:00:00-04:00,217.58072790378117,220.44193777769505,217.58072790378117,219.82598876953125,44155300,0.0,0.0
2024-08-14 00:00:00-04:00,219.13055181670978,221.5744891931242,218.2662191901357,220.27304077148438,41960600,0.0,0.0
2024-08-15 00:00:00-04:00,223.13426697458056,223.8793724762866,221.30626328939533,223.25347900390625,46414000,0.0,0.0
2024-08-16 00:00:00-04:00,222.45869413327577,225.34970708383625,222.19045191126241,224.57479858398438,44340200,0.0,0.0
2024-08-19 00:00:00-04:00,224.2469437652095,224.51518597934856,221.58442566604344,224.41583251953125,40687800,0.0,0.0
2024-08-20 00:00:00-04:00,224.2966382287883,225.68749582093912,223.97871925960482,225.03179931640625,30299000,0.0,0.0
2024-08-21 00:00:00-04:00,225.04174306182065,226.49220666639903,223.58133501497932,224.92251586914062,34765500,0.0,0.0
2024-08-22 00:00:00-04:00,226.30343225653021,226.84984597984075,222.43881906323927,223.06471252441406,43695300,0.0,0.0
2024-08-23 00:00:00-04:00,224.187342377279,226.73063334528243,222.866020162344,225.35963439941406,38677300,0.0,0.0
2024-08-26 00:00:00-04:00,225.28014571740593,225.79675641202357,222.4288803537143,225.69740295410156,30602200,0.0,0.0
2024-08-27 00:00:00-04:00,224.52511915345738,227.35652605602343,223.4223624308928,226.5418701171875,35934600,0.0,0.0
2024-08-28 00:00:00-04:00,226.43257756563742,228.35991942602843,224.20719049274723,225.0119171142578,38052200,0.0,0.0
2024-08-29 00:00:00-04:00,228.59839497615772,231.3999840370147,227.38635536936076,228.2904052734375,51906300,0.0,0.0
2024-08-30 00:00:00-04:00,228.68777538921813,228.89639643358683,225.99545426270925,227.5055389404297,52990800,0.0,0.0
2024-09-03 00:00:00-04:00,227.05847075546578,227.50553099413642,219.7266282681139,221.31619262695312,50190600,0.0,0.0
2024-09-04 00:00:00-04:00,220.21344869061124,220.33266071869627,216.06071952153204,219.4087371826172,43840200,0.0,0.0
2024-09-05 00:00:00-04:00,220.1836359939166,224.00850159902006,220.07435325324454,220.92874145507812,36615400,0.0,0.0
2024-09-06 00:00:00-04:00,222.4884846157397,223.7700744804958,218.33577084564575,219.37892150878906,48423000,0.0,0.0
2024-09-09 00:00:00-04:00,219.37892899374344,219.82598924771256,215.2957503769675,219.4683380126953,67180000,0.0,0.0
2024-09-10 00:00:00-04:00,217.49131703149231,220.03460793809228,215.31560663834654,218.67355346679688,51591000,0.0,0.0
2024-09-11 00:00:00-04:00,220.01475867053273,221.63411098197892,216.4680492147489,221.20692443847656,44587100,0.0,0.0
2024-09-12 00:00:00-04:00,221.04795042006705,222.09110108310472,218.38544755210194,221.31619262695312,37455600,0.0,0.0
2024-09-13 00:00:00-04:00,222.12091208096655,222.57790161811045,220.46181236980377,221.04795837402344,36766600,0.0,0.0
2024-09-16 00:00:00-04:00,215.126845002842,215.80241517960704,212.52394807405793,214.90829467773438,59357400,0.0,0.0
2024-09-17 00:00:00-04:00,214.3419921866889,215.48448109873988,213.10014982176025,215.3751983642578,45519300,0.0,0.0
2024-09-18 00:00:00-04:00,216.1302484418979,221.2565773677011,216.12030400107497,219.249755859375,59894900,0.0,0.0
2024-09-19 00:00:00-04:00,223.52171975466862,228.32020097310811,223.16406850984052,227.3763885498047,66781300,0.0,0.0
2024-09-20 00:00:00-04:00,228.46920754640476,231.56884144729943,226.1345376792504,226.71075439453125,318679900,0.0,0.0
2024-09-23 00:00:00-04:00,225.8563523524968,227.95258288382507,224.336338501163,224.99203491210938,54146000,0.0,0.0
2024-09-24 00:00:00-04:00,227.15779954496355,227.8532433973514,224.2568575968381,225.8861541748047,43556100,0.0,0.0
2024-09-25 00:00:00-04:00,223.462095237407,225.80669443859438,222.55804543582803,224.8927001953125,42308700,0.0,0.0
2024-09-26 00:00:00-04:00,225.81663654010723,227.00880227293717,223.9389713421174,226.0352020263672,36636700,0.0,0.0
2024-09-27 00:00:00-04:00,226.9690618971705,228.02214184296878,225.8166284941723,226.3034210205078,34026000,0.0,0.0
2024-09-30 00:00:00-04:00,228.5387415800987,231.47943115234375,228.1512873446241,231.47943115234375,54541900,0.0,0.0
2024-10-01 00:00:00-04:00,228.02214574584622,228.15128705136544,222.2798675150603,224.73374938964844,63285000,0.0,0.0
2024-10-02 00:00:00-04:00,224.41582711263038,225.8861642954019,221.56456176324298,225.30001831054688,32880600,0.0,0.0
2024-10-03 00:00:00-04:00,223.67072564154154,225.3298253274289,221.8626109260752,224.197265625,34044200,0.0,0.0
2024-10-04 00:00:00-04:00,226.41269745663615,226.51205091107013,222.66731173997377,225.31988525390625,37245100,0.0,0.0
2024-10-07 00:00:00-04:00,223.0349151567562,224.2171516536621,219.8856043654075,220.24325561523438,39505400,0.0,0.0
2024-10-08 00:00:00-04:00,222.83620769655573,224.5052366387564,221.79305702807565,224.29661560058594,31855700,0.0,0.0
2024-10-09 00:00:00-04:00,223.7601370790405,228.25064364916537,223.36275355639287,228.04200744628906,33591100,0.0,0.0
2024-10-10 00:00:00-04:00,226.2934858996686,228.00226223679437,225.68746620848788,227.54525756835938,28183500,0.0,0.0
2024-10-11 00:00:00-04:00,227.80358186995707,227.91286461183438,225.85636623992795,226.06500244140625,31759200,0.0,0.0
2024-10-14 00:00:00-04:00,227.20748901369805,230.21771386522883,227.1081507143634,229.79052734375,39882100,0.0,0.0
2024-10-15 00:00:00-04:00,232.08545910083197,235.9401430278398,230.85354589755886,232.3238983154297,64751400,0.0,0.0
2024-10-16 00:00:00-04:00,230.0885617348273,230.60515724916505,228.34003796565733,230.2673797607422,34082200,0.0,0.0
2024-10-17 00:00:00-04:00,231.9066400773438,232.32391251820164,229.0156421145612,230.63499450683594,32993800,0.0,0.0
2024-10-18 00:00:00-04:00,234.6386615701971,234.6386615701971,232.4828249974097,233.46636962890625,46431500,0.0,0.0
2024-10-21 00:00:00-04:00,232.9199708414818,235.30431748145634,232.9199708414818,234.9367218017578,36254500,0.0,0.0
2024-10-22 00:00:00-04:00,232.36364046895116,234.67843677993508,231.0820656392084,234.32078552246094,38846600,0.0,0.0
2024-10-23 00:00:00-04:00,232.55238437433343,233.60546433739609,226.27362172475395,229.25404357910156,52287000,0.0,0.0
2024-10-24 00:00:00-04:00,228.4791312160334,229.31366084202813,226.91938502162782,229.06529235839844,31109500,0.0,0.0
2024-10-25 00:00:00-04:00,228.2407111108546,231.69799621804017,228.07182235817814,229.89981079101562,38802300,0.0,0.0
2024-10-28 00:00:00-04:00,231.7973512193415,233.19813797949908,231.032372026897,231.87681579589844,36087100,0.0,0.0
2024-10-29 00:00:00-04:00,231.5787930163908,232.80076177889833,230.80388451731673,232.1450653076172,35417200,0.0,0.0
2024-10-30 00:00:00-04:00,231.0919876952183,231.9463759413976,228.05195968136482,228.59837341308594,47070900,0.0,0.0
2024-10-31 00:00:00-04:00,227.84332326136388,228.33013097812315,223.89923027313517,224.4357147216797,64370100,0.0,0.0
2024-11-01 00:00:00-04:00,219.52796489927013,223.87938614586878,218.83253608705854,221.45530700683594,65276700,0.0,0.0
2024-11-04 00:00:00-05:00,219.54780947276666,221.33605042122997,218.2761640538016,220.56114196777344,44944500,0.0,0.0
2024-11-05 00:00:00-05:00,220.3525342324639,222.48849724939907,219.69683776020295,221.99176025390625,28111300,0.0,0.0
2024-11-06 00:00:00-05:00,221.15724252476647,224.5946691536601,219.74651129717958,221.2665252685547,54561100,0.0,0.0
2024-11-07 00:00:00-05:00,223.16406118155706,226.39285156162418,223.10445516924474,225.99545288085938,42137700,0.0,0.0
2024-11-08 00:00:00-05:00,225.9357792784742,227.4176895436531,225.17991383614745,225.7269287109375,38328800,0.25,0.0
2024-11-11 00:00:00-05:00,223.7775854012113,224.47377929839286,220.29660073941466,223.0117645263672,42005600,0.0,0.0
2024-11-12 00:00:00-05:00,223.33003326558662,224.36437631627228,222.14649605243358,223.0117645263672,40398300,0.0,0.0
2024-11-13 00:00:00-05:00,222.79295685996902,225.41861323491412,221.54974806168275,223.8969268798828,48566200,0.0,0.0
2024-11-14 00:00:00-05:00,223.7974607959322,227.62653447284012,223.77756520755418,226.98007202148438,44923900,0.0,0.0
2024-11-15 00:00:00-05:00,225.1699449930133,225.6871240415238,223.05152776948486,223.77755737304688,47923700,0.0,0.0
2024-11-18 00:00:00-05:00,224.02620376766677,228.49181480220403,223.94663659117114,226.78115844726562,44633700,0.0,0.0
2024-11-19 00:00:00-05:00,225.7467938634959,228.90952454109907,225.42854034251505,227.03973388671875,36211800,0.0,0.0
2024-11-20 00:00:00-05:00,226.82094870348703,228.68078414631773,224.6627401240164,227.75584411621094,35169600,0.0,0.0
2024-11-21 00:00:00-05:00,227.63650237265796,228.90954693288327,224.48372676835862,227.27845764160156,42108300,0.0,0.0
2024-11-22 00:00:00-05:00,226.82094518602503,229.46649702017746,226.82094518602503,228.62110900878906,38168300,0.0,0.0
2024-11-25 00:00:00-05:00,230.2024695182051,231.982737654973,228.4918131754458,231.60479736328125,90152800,0.0,0.0
2024-11-26 00:00:00-05:00,232.06231657216094,234.29015208323423,232.06231657216094,233.7829132080078,45986200,0.0,0.0
2024-11-27 00:00:00-05:00,233.19613315216662,234.4095061449918,232.53971526898803,233.65362548828125,33498400,0.0,0.0
2024-11-29 00:00:00-05:00,233.53426018813377,236.51796100091357,232.69882760276832,236.0405731201172,28481400,0.0,0.0
2024-12-02 00:00:00-05:00,235.98089694287458,239.4817615684827,235.8714939748314,238.2882843017578,48137100,0.0,0.0
2024-12-03 00:00:00-05:00,238.50711361537608,241.441083276618,237.60205398884364,241.33168029785156,38861000,0.0,0.0
2024-12-04 00:00:00-05:00,241.55047375645148,242.78374225546824,239.9392801306149,241.68971252441406,44383900,0.0,0.0
2024-12-05 00:00:00-05:00,242.66439419479377,243.21139387343032,240.81449907142343,241.71954345703125,40033900,0.0,0.0
2024-12-06 00:00:00-05:00,241.59025685240857,243.30091318780651,240.76476447856876,241.5206298828125,36870600,0.0,0.0
2024-12-09 00:00:00-05:00,240.51612576959502,245.89673657618508,240.43655859300793,245.40939331054688,44649200,0.0,0.0
2024-12-10 00:00:00-05:00,245.54865007065558,246.861485816723,244.0070681600661,246.4238739013672,36914800,0.0,0.0
2024-12-11 00:00:00-05:00,246.61283253090062,249.43739908317045,244.92205654138039,245.15081787109375,45205800,0.0,0.0
2024-12-12 00:00:00-05:00,245.54864477609476,247.3885997871069,244.34521203481492,246.6128387451172,32777500,0.0,0.0
2024-12-13 00:00:00-05:00,246.47359279661413,247.9355922748061,244.90217516923994,246.7819061279297,33155300,0.0,0.0
2024-12-16 00:00:00-05:00,246.6426692963963,250.01425073054844,246.3045049916291,249.67608642578125,51694800,0.0,0.0
2024-12-17 00:00:00-05:00,248.72130738305802,252.45093348613432,248.42293425963442,252.1028289794922,51356400,0.0,0.0
2024-12-18 00:00:00-05:00,250.7900177691265,252.89849494785605,246.39403346062903,246.7023468017578,56774100,0.0,0.0
2024-12-19 00:00:00-05:00,246.15534002348284,250.63089166027345,245.74756389880645,248.43289184570312,60882300,0.0,0.0
2024-12-20 00:00:00-05:00,246.69239156062656,253.6145845456153,244.35516822034685,253.10736083984375,147495300,0.0,0.0
2024-12-23 00:00:00-05:00,253.38584941381717,254.2610580907384,252.07301363460223,253.8831329345703,40858800,0.0,0.0
2024-12-24 00:00:00-05:00,254.10192745486222,256.80713572411884,253.90300191480816,256.7972106933594,23234700,0.0,0.0
2024-12-26 00:00:00-05:00,256.78725468311694,258.6868812844183,256.23029959445824,257.61273193359375,27237100,0.0,0.0
2024-12-27 00:00:00-05:00,256.4292059497028,257.294504767908,251.68513210698922,254.20138549804688,42355300,0.0,0.0
2024-12-30 00:00:00-05:00,250.8596392638085,252.122743648892,249.38768429964367,250.82980346679688,35557500,0.0,0.0
2024-12-31 00:00:00-05:00,251.0684930674946,251.90392569582917,248.07483671879714,249.05946350097656,39480700,0.0,0.0
2025-01-02 00:00:00-05:00,247.57756417344766,247.74665392379396,240.5062071395791,242.52517700195312,55740700,0.0,0.0
2025-01-03 00:00:00-05:00,242.03782653808594,242.85336358935695,240.5758118291158,242.03782653808594,40244100,0.0,0.0
2025-01-06 00:00:00-05:00,242.98266113735735,245.98625772407811,241.87869116125097,243.66891479492188,45045600,0.0,0.0
2025-01-07 00:00:00-05:00,241.6598791297847,244.215923537777,240.0387452815234,240.89407348632812,40856000,0.0,0.0
2025-01-08 00:00:00-05:00,240.605632433071,242.3859157551251,238.74579711055483,241.3813934326172,37628900,0.0,0.0
2025-01-10 00:00:00-05:00,238.70602211575698,238.85521627248303,231.73411285331812,235.56320190429688,61710900,0.0,0.0
2025-01-13 00:00:00-05:00,232.2612269401141,233.39503269669683,228.47192915300568,233.12649536132812,49630700,0.0,0.0
2025-01-14 00:00:00-05:00,233.47458784982285,234.83713969366363,231.2069764534674,232.0125732421875,39435300,0.0,0.0
2025-01-15 00:00:00-05:00,233.36518970349533,237.66172623332486,233.15632396556444,236.57763671875,39832000,0.0,0.0
2025-01-16 00:00:00-05:00,236.06049286491137,236.71689557722044,226.79112077355302,227.01986694335938,71759100,0.0,0.0
2025-01-17 00:00:00-05:00,230.85890270118193,231.02797728143995,227.2386791848797,228.73052978515625,68488300,0.0,0.0
2025-01-21 00:00:00-05:00,222.783001089375,223.20071739531107,218.1881065481907,221.43038940429688,98070400,0.0,0.0
2025-01-22 00:00:00-05:00,218.59586314481808,222.90233985709415,218.59586314481808,222.61392211914062,64126500,0.0,0.0
2025-01-23 00:00:00-05:00,223.51898889751178,225.7965406078772,221.09224303438072,222.44485473632812,60234800,0.0,0.0
2025-01-24 00:00:00-05:00,223.5587751677507,224.40416321125562,220.207089142254,221.56964111328125,54697900,0.0,0.0
2025-01-27 00:00:00-05:00,222.80289291870474,230.88871192185238,222.76310174211312,228.6111602783203,94863400,0.0,0.0
2025-01-28 00:00:00-05:00,229.5957855991,238.88503723433337,229.55599442275542,236.96551513671875,75707600,0.0,0.0
2025-01-29 00:00:00-05:00,232.84801856891494,238.55683854812662,232.73861559310797,238.05955505371094,45486100,0.0,0.0
2025-01-30 00:00:00-05:00,237.37329797187644,239.48177510143526,235.9212386876704,236.29916381835938,55658300,0.0,0.0
2025-01-31 00:00:00-05:00,245.84702671405668,245.84702671405668,232.17173004375724,234.7178192138672,100959800,0.0,0.0
2025-02-03 00:00:00-05:00,228.7404632470789,230.5704628324937,224.47376244068877,226.77120971679688,73063300,0.0,0.0
2025-02-04 00:00:00-05:00,226.0153521080233,231.86341095944582,225.4186058340825,231.5352020263672,45067300,0.0,0.0
2025-02-05 00:00:00-05:00,227.2883891710869,231.4058958330951,227.0298072213747,231.2069854736328,39620300,0.0,0.0
2025-02-06 00:00:00-05:00,230.03338922164468,232.5297620441898,229.17806101517482,231.95291137695312,29925300,0.0,0.0
2025-02-07 00:00:00-05:00,231.33627899238985,232.72866665415378,226.0252799376335,226.39328002929688,39707200,0.0,0.0
2025-02-10 00:00:00-05:00,228.57379092662126,229.58935370973873,226.21406518332185,226.662109375,33115600,0.25,0.0
2025-02-11 00:00:00-05:00,227.2097321635687,234.20922454356437,227.1400438259152,231.6105499267578,53718400,0.0,0.0
2025-02-12 00:00:00-05:00,230.19669384296432,235.9317077791751,229.67894615315132,235.8420867919922,45243300,0.0,0.0
2025-02-13 00:00:00-05:00,235.8819260401158,241.28835511000761,234.54774465400956,240.48187255859375,53614100,0.0,0.0
2025-02-14 00:00:00-05:00,240.2030902821229,244.484433375407,239.94422402720738,243.53855895996094,40896200,0.0,0.0
2025-02-18 00:00:00-05:00,243.0905000064508,244.11602908498713,240.7905267294893,243.40911865234375,48822500,0.0,0.0
2025-02-19 00:00:00-05:00,243.59830810290342,244.94244069837237,242.10481731288857,243.80738830566406,32204200,0.0,0.0
2025-02-20 00:00:00-05:00,243.87707690453925,245.70908851524857,243.2298884862767,244.76321411132812,32316900,0.0,0.0
2025-02-21 00:00:00-05:00,244.88267886995578,247.6107939080121,244.155851012499,244.4844207763672,53197400,0.0,0.0
2025-02-24 00:00:00-05:00,243.86711335623195,247.7800669312537,243.3593319822528,246.0277099609375,51326400,0.0,0.0
2025-02-25 00:00:00-05:00,246.92381259977986,248.91513366913293,243.84722519384715,245.9679718017578,48013300,0.0,0.0
2025-02-26 00:00:00-05:00,243.26972892021308,243.91690216055417,238.0922974197643,239.31695556640625,44433600,0.0,0.0
2025-02-27 00:00:00-05:00,238.3710773588995,241.4078448384303,236.0312691715791,236.27023315429688,41153600,0.0,0.0
2025-02-28 00:00:00-05:00,235.92174819400608,241.03944246427386,229.2010399398617,240.79052734375,56833400,0.0,0.0
2025-03-03 00:00:00-05:00,240.7407483660274,242.97103338088397,235.08540395372597,236.9970703125,47184000,0.0,0.0
2025-03-04 00:00:00-05:00,236.6784479935277,239.02820722093006,233.66158290717058,234.90615844726562,53798100,0.0,0.0
2025-03-05 00:00:00-05:00,234.39839184729655,235.5234930679701,228.235250954078,234.71701049804688,47227600,0.0,0.0
2025-03-06 00:00:00-05:00,233.42265485870865,236.82781201573715,232.1482106078643,234.3087921142578,45170400,0.0,0.0
2025-03-07 00:00:00-05:00,234.08974000390756,240.32256924437755,233.74125275300776,238.03256225585938,46273600,0.0,0.0
2025-03-10 00:00:00-04:00,234.5178647329352,235.13518456664028,223.24699590534985,226.4928436279297,72071200,0.0,0.0
2025-03-11 00:00:00-04:00,222.8387656202518,224.8599551431671,216.50636447278404,219.88165283203125,76137400,0.0,0.0
2025-03-12 00:00:00-04:00,219.18471261137486,220.78772670269151,213.97741219492326,216.03842163085938,62547500,0.0,0.0
2025-03-13 00:00:00-04:00,215.01287598245443,215.899013195213,207.51555384047248,208.77008056640625,61368300,0.0,0.0
2025-03-14 00:00:00-04:00,210.3332680009786,213.02154815111564,208.67051688888432,212.5635528564453,60107600,0.0,0.0
2025-03-17 00:00:00-04:00,212.3843419118567,214.28605714072168,209.0588394397278,213.07135009765625,48073400,0.0,0.0
2025-03-18 00:00:00-04:00,213.23065092190424,214.21634506867483,210.57223927739028,211.76702880859375,42432400,0.0,0.0
2025-03-19 00:00:00-04:00,213.29039128502816,217.8106832228152,212.8224296395377,214.30596923828125,54385400,0.0,0.0
2025-03-20 00:00:00-04:00,213.0613904363763,216.5462020975973,211.29906714235267,213.17091369628906,48862900,0.0,0.0
2025-03-21 00:00:00-04:00,210.64192650603025,217.89033350890864,210.36314278996363,217.32281494140625,94127800,0.0,0.0
2025-03-24 00:00:00-04:00,220.0409578175666,220.5188705761007,217.63146136955083,219.77212524414062,44299500,0.0,0.0
2025-03-25 00:00:00-04:00,219.81197343150768,223.12752472855482,219.1249652538438,222.77903747558594,34493600,0.0,0.0
2025-03-26 00:00:00-04:00,222.5400680439697,224.04352508950674,219.51326687455483,220.56866455078125,34466100,0.0,0.0
2025-03-27 00:00:00-04:00,220.4292696466093,224.0136533961419,219.6028696378956,222.87860107421875,37094800,0.0,0.0
2025-03-28 00:00:00-04:00,220.7080664246457,222.8387793372666,216.73537546649092,216.9544219970703,39818600,0.0,0.0
2025-03-31 00:00:00-04:00,216.0682546413304,224.64089116236792,215.29164075657343,221.16604614257812,65299300,0.0,0.0
2025-04-01 00:00:00-04:00,218.85614379144315,222.70934527111467,217.95008904171658,222.2214813232422,36412700,0.0,0.0
2025-04-02 00:00:00-04:00,220.35960203797094,224.2128035366635,220.06090083198967,222.91844177246094,35905900,0.0,0.0
2025-04-03 00:00:00-04:00,204.64805110026137,206.58960121618028,200.37667426890133,202.30825805664062,103419000,0.0,0.0
2025-04-04 00:00:00-04:00,193.0486144227304,199.01262630823254,186.52703508606032,187.56253051757812,125910900,0.0,0.0
2025-04-07 00:00:00-04:00,176.43103817745248,193.30748067285785,173.86223225537526,180.6725616455078,160466300,0.0,0.0
2025-04-08 00:00:00-04:00,185.88981432593783,189.5140179775097,168.47572171547168,171.67178344726562,120859500,0.0,0.0
2025-04-09 00:00:00-04:00,171.20381523449285,199.7394480269994,171.14407803694525,197.98709106445312,184395900,0.0,0.0
2025-04-10 00:00:00-04:00,188.24952597387417,193.9347385570105,182.205859833413,189.59365844726562,121880000,0.0,0.0
2025-04-11 00:00:00-04:00,185.2924188893916,198.67408279715283,185.2525839628914,197.2901153564453,87435900,0.0,0.0
2025-04-14 00:00:00-04:00,210.52246440005902,212.01595519155484,200.28707539108044,201.64117431640625,101352900,0.0,0.0
2025-04-15 00:00:00-04:00,200.98403365195668,202.62686743682656,198.93297540670014,201.2628173828125,51343900,0.0,0.0
2025-04-16 00:00:00-04:00,197.49921927320653,199.82906121923162,191.5352073519423,193.42697143554688,59732400,0.0,0.0
2025-04-17 00:00:00-04:00,196.34426016251078,197.96719174329118,193.5763250102755,196.12521362304688,52164700,0.0,0.0
2025-04-21 00:00:00-04:00,192.43131586910098,192.9590147372882,188.98632373298676,192.32179260253906,46742500,0.0,0.0
2025-04-22 00:00:00-04:00,195.26894368988752,200.715208155226,195.1196006832811,198.8732452392578,52976400,0.0,0.0
2025-04-23 00:00:00-04:00,205.10606155750318,207.09738254349836,201.9199510184256,203.71214294433594,52929200,0.0,0.0
2025-04-24 00:00:00-04:00,204.00089523709073,207.923800345576,202.0593601483308,207.46578979492188,47311000,0.0,0.0
2025-04-25 00:00:00-04:00,205.47445049920006,208.8397878176709,205.30519003897632,208.371826171875,38222300,0.0,0.0
2025-04-28 00:00:00-04:00,209.088696522261,210.5821872117057,206.55972563953335,209.22808837890625,38743100,0.0,0.0
2025-04-29 00:00:00-04:00,207.7844034400983,211.31900144522857,207.46578477039023,210.29347229003906,36827600,0.0,0.0
2025-04-30 00:00:00-04:00,208.39173986928208,212.65316547487808,205.7731479657814,211.57785034179688,52286500,0.0,0.0
2025-05-01 00:00:00-04:00,208.17271138967982,213.62892699621815,207.99348458901505,212.39431762695312,57365700,0.0,0.0
2025-05-02 00:00:00-04:00,205.19567188008233,206.0917754590827,201.2827333487594,204.45889282226562,101010600,0.0,0.0
2025-05-05 00:00:00-04:00,202.21865389928206,203.21431440062256,197.34987465543003,198.02691650390625,69018500,0.0,0.0
2025-05-06 00:00:00-04:00,197.3498583398735,199.77925700053618,196.165020010421,197.64854431152344,51216500,0.0,0.0
2025-05-07 00:00:00-04:00,198.30568786560423,198.5745204381265,192.4113798882551,195.3983612060547,68536700,0.0,0.0
2025-05-08 00:00:00-04:00,196.86199326420865,199.18188402861682,193.83517686729027,196.63299560546875,50478900,0.0,0.0
2025-05-09 00:00:00-04:00,198.13644922219603,199.66975978270045,196.68277813613466,197.66848754882812,36453900,0.0,0.0
2025-05-12 00:00:00-04:00,210.32994399020487,210.62903686932515,206.12274573806786,210.15048217773438,63775800,0.26,0.0
2025-05-13 00:00:00-04:00,209.79158118866218,212.75257189298435,208.36592688565332,212.28399658203125,51909300,0.0,0.0
2025-05-14 00:00:00-04:00,211.78550901932945,213.29093762104833,209.94113079478424,211.68582153320312,49325800,0.0,0.0
2025-05-15 00:00:00-04:00,210.31000386923802,212.31391554357438,208.90427796298633,210.80848693847656,45029500,0.0,0.0
2025-05-16 00:00:00-04:00,211.71573318604425,211.92510277199543,209.1335944967917,210.6190643310547,54737900,0.0,0.0
2025-05-19 00:00:00-04:00,207.27922031045682,208.84444913775627,203.6402850091008,208.14657592773438,46140500,0.0,0.0
2025-05-20 00:00:00-04:00,207.03996203611737,207.83753801206538,204.40797196423648,206.232421875,42496600,0.0,0.0
2025-05-21 00:00:00-04:00,204.5475404614086,206.41186226922272,200.10108001028593,201.4768829345703,59211800,0.0,0.0
2025-05-22 00:00:00-04:00,200.1010778345708,202.1348820380274,199.09413231135568,200.7490997314453,46742400,0.0,0.0
2025-05-23 00:00:00-04:00,193.0824298832746,197.10020219746903,192.8730755135501,194.67758178710938,78432900,0.0,0.0
2025-05-27 00:00:00-04:00,197.6983910952664,200.1309909415137,196.83102019804124,199.60260009765625,56288500,0.0,0.0
2025-05-28 00:00:00-04:00,199.98143310081724,202.11494001836002,199.2935240345892,199.81195068359375,45339700,0.0,0.0
2025-05-29 00:00:00-04:00,202.9623758748587,203.19167383577107,197.90775006205254,199.3433837890625,51396800,0.0,0.0
2025-05-30 00:00:00-04:00,198.7651407343476,201.3472946799051,196.18300200128658,200.24066162109375,70819900,0.0,0.0
2025-06-02 00:00:00-04:00,199.67238359256916,201.51677709467234,199.51286535414474,201.08807373046875,35423300,0.0,0.0
2025-06-03 00:00:00-04:00,200.73913195165156,203.1517881077627,200.35031577799097,202.65330505371094,46381600,0.0,0.0
2025-06-04 00:00:00-04:00,202.29440469878628,205.6143037964219,201.48686455307688,202.20468139648438,43604000,0.0,0.0
2025-06-05 00:00:00-04:00,202.88261988754903,204.12882762641604,199.54277706238673,200.02133178710938,55126100,0.0,0.0
2025-06-06 00:00:00-04:00,202.3841235560851,205.07592905349443,201.4370087789868,203.30133056640625,46607700,0.0,0.0
2025-06-09 00:00:00-04:00,203.76991971327615,205.37503589356555,199.4131823149893,200.83883666992188,72862600,0.0,0.0
2025-06-10 00:00:00-04:00,199.9914028593682,203.73002568042446,199.96149509379936,202.05511474609375,54672600,0.0,0.0
2025-06-11 00:00:00-04:00,202.88260699920767,203.8795731269679,197.80805305990708,198.1769256591797,60989900,0.0,0.0
2025-06-12 00:00:00-04:00,198.47602627663701,199.07419684911244,196.7612432530472,198.5956573486328,43904600,0.0,0.0
2025-06-13 00:00:00-04:00,199.12403626091725,199.76209396079906,195.1062640673262,195.85398864746094,51447300,0.0,0.0
2025-06-16 00:00:00-04:00,196.701426450214,198.08720880439395,195.96366601516638,197.81802368164062,43020700,0.0,0.0
2025-06-17 00:00:00-04:00,196.60172782081946,197.7881200100286,194.61777485692886,195.0464630126953,38856200,0.0,0.0
2025-06-18 00:00:00-04:00,195.34553910938874,196.97059871241268,194.4781834746436,195.9835968017578,45394700,0.0,0.0
2025-06-20 00:00:00-04:00,197.63857663438114,201.08807102199273,196.2627584683704,200.39019775390625,96813500,0.0,0.0
2025-06-23 00:00:00-04:00,201.01828233775666,201.686247808318,198.3563846401482,200.888671875,55814300,0.0,0.0
2025-06-24 00:00:00-04:00,201.9753521214132,202.82277936444737,199.59260382672892,199.6923065185547,54064000,0.0,0.0
2025-06-25 00:00:00-04:00,200.83883469818846,203.05210084338043,200.01135094007643,200.94850158691406,39525700,0.0,0.0
2025-06-26 00:00:00-04:00,200.81888589983927,202.025221644493,198.85487656411598,200.39019775390625,50799100,0.0,0.0
2025-06-27 00:00:00-04:00,201.2774955925489,202.60346239871808,199.39323017588663,200.46995544433594,73188600,0.0,0.0
2025-06-30 00:00:00-04:00,201.39711462840114,206.76079706763053,198.65545787730727,204.5475311279297,91912800,0.0,0.0
2025-07-01 00:00:00-04:00,206.04297877714563,209.5523036527052,205.5145879695679,207.1894989013672,78788900,0.0,0.0
2025-07-02 00:00:00-04:00,208.2761972389462,212.69274987948137,207.5085290616707,211.7954864501953,67941800,0.0,0.0
2025-07-03 00:00:00-04:00,211.5063683517463,213.9987837940836,211.16740350258758,212.90213012695312,34955800,0.0,0.0
2025-07-07 00:00:00-04:00,212.03474730839852,215.57398008038285,208.16652910348648,209.3130340576172,50229000,0.0,0.0
2025-07-08 00:00:00-04:00,209.46258702266434,210.78853856973336,207.81758380403343,209.3728485107422,42848900,0.0,0.0
2025-07-09 00:00:00-04:00,208.8943192909964,210.6888614301138,206.59132988433592,210.4994354248047,48749400,0.0,0.0
2025-07-10 00:00:00-04:00,209.87131932773667,212.83230973607434,209.3927798795442,211.76556396484375,44443600,0.0,0.0
2025-07-11 00:00:00-04:00,209.931172276849,211.48643705736623,209.2233196075129,210.51937866210938,39765800,0.0,0.0
2025-07-14 00:00:00-04:00,209.29309904361602,210.27013683517245,206.91035052542594,207.98707580566406,38840100,0.0,0.0
2025-07-15 00:00:00-04:00,208.5852528191871,211.24715053377864,208.28615994072268,208.4755859375,42296300,0.0,0.0
2025-07-16 00:00:00-04:00,209.66198981724762,211.7556096589697,208.0070223143888,209.5224151611328,47490500,0.0,0.0
2025-07-17 00:00:00-04:00,209.93117746335784,211.1574416148312,208.95413964633332,209.38284301757812,48068100,0.0,0.0
2025-07-18 00:00:00-04:00,210.23024956462245,211.1474566075158,209.06380098140497,210.539306640625,48974600,0.0,0.0
2025-07-21 00:00:00-04:00,211.45652088357517,215.12534891613055,210.98794558852114,211.83535766601562,51377400,0.0,0.0
2025-07-22 00:00:00-04:00,212.49337032996837,214.29787667610697,211.5861274580158,213.74954223632812,46404100,0.0,0.0
2025-07-23 00:00:00-04:00,214.3477172095632,214.4972560435483,211.76557859278188,213.5002899169922,46989300,0.0,0.0
2025-07-24 00:00:00-04:00,213.25105536667797,215.03563331063384,212.8821827557749,213.11148071289062,46022600,0.0,0.0
2025-07-25 00:00:00-04:00,214.0486138925591,214.58698409364732,212.75255494872997,213.23110961914062,40268800,0.0,0.0
2025-07-28 00:00:00-04:00,213.38067592321022,214.1981955143971,212.41361748607306,213.40061950683594,37858000,0.0,0.0
2025-07-29 00:00:00-04:00,213.53020352524888,214.1582970701604,210.18041185237743,210.62904357910156,51411700,0.0,0.0
2025-07-30 00:00:00-04:00,211.25711581327238,211.74563469104578,207.0898047125579,208.415771484375,45512500,0.0,0.0
2025-07-31 00:00:00-04:00,207.85748415888986,209.20337937318874,206.5315173151756,206.94027709960938,80698400,0.0,0.0
2025-08-01 00:00:00-04:00,210.23025491744008,212.93203997684435,200.88868661623732,201.76602172851562,104434500,0.0,0.0
2025-08-04 00:00:00-04:00,203.8895472057539,207.24933356384108,201.06813110178,202.7330780029297,75109300,0.0,0.0
2025-08-05 00:00:00-04:00,202.78290655256814,204.71702329589334,201.54667827641916,202.3043670654297,44155100,0.0,0.0
2025-08-06 00:00:00-04:00,205.00615029681612,214.72657006985978,204.96626313259566,212.60302734375,108483100,0.0,0.0
2025-08-07 00:00:00-04:00,218.2159523061407,220.1799768073744,215.92292715514498,219.36245727539062,90224800,0.0,0.0
2025-08-08 00:00:00-04:00,220.16004899168945,230.29919347638386,218.58484056145957,228.65420532226562,113854000,0.0,0.0
2025-08-11 00:00:00-04:00,227.4864157407103,229.12329528601256,224.3324234952035,226.74781799316406,61806100,0.26,0.0
2025-08-12 00:00:00-04:00,227.57622481823222,230.36092560837628,226.63802588155738,229.21310424804688,55626200,0.0,0.0
2025-08-13 00:00:00-04:00,230.6304284784954,234.55294488479396,229.99163136972763,232.88612365722656,69878500,0.0,0.0
2025-08-14 00:00:00-04:00,233.61473725595164,234.67271834509882,230.41085227691244,232.33717346191406,51916300,0.0,0.0
2025-08-15 00:00:00-04:00,233.5548328767578,233.834298979768,228.9036945156081,231.1494140625,56038700,0.0,0.0
2025-08-18 00:00:00-04:00,231.2592012143754,232.67649791960375,229.6722297518056,230.45074462890625,37476200,0.0,0.0
2025-08-19 00:00:00-04:00,230.84001516813981,232.42698672077375,228.9136940815642,230.1213836669922,39402600,0.0,0.0
2025-08-20 00:00:00-04:00,229.54248102593337,230.0315543310328,225.3404986724704,225.5800323486328,42263900,0.0,0.0
2025-08-21 00:00:00-04:00,225.8395414786139,226.08906587116957,223.3542730460458,224.47213745117188,30621200,0.0,0.0
2025-08-22 00:00:00-04:00,225.73973438952316,228.65417758009713,224.98118568943215,227.3267059326172,42477800,0.0,0.0
2025-08-25 00:00:00-04:00,226.0491451945495,228.86378779922748,225.79962078901826,226.7278594970703,30983100,0.0,0.0
2025-08-26 00:00:00-04:00,226.43840339540802,229.0534295301293,224.26255788237486,228.87376403808594,54575100,0.0,0.0
2025-08-27 00:00:00-04:00,228.17510050695543,230.46073738560713,227.82576024347395,230.05152893066406,31259500,0.0,0.0
2025-08-28 00:00:00-04:00,230.3809040856524,232.9659733126178,228.90370861616245,232.11758422851562,38074700,0.0,0.0
2025-08-29 00:00:00-04:00,232.0676707602769,232.9360260407387,230.92984008944924,231.69837951660156,39418400,0.0,0.0
2025-09-02 00:00:00-04:00,228.81388239599917,230.4108447009183,226.53822101083426,229.28298950195312,44075600,0.0,0.0
2025-09-03 00:00:00-04:00,236.75874463665696,238.395624134605,233.9141603097862,238.01634216308594,66427800,0.0,0.0
2025-09-04 00:00:00-04:00,237.9963808412042,239.4436193831587,236.28964239378743,239.3238525390625,47549400,0.0,0.0
2025-09-05 00:00:00-04:00,239.54341659874092,240.86091270031892,238.03629475202086,239.2340087890625,54870400,0.0,0.0
2025-09-08 00:00:00-04:00,238.84475646782593,239.69313028194867,235.89038089866295,237.42745971679688,48999500,0.0,0.0
2025-09-09 00:00:00-04:00,236.54912730927947,238.3257397896772,232.9160527142261,233.9041748046875,66313900,0.0,0.0
2025-09-10 00:00:00-04:00,231.7482872752143,231.97784546194652,225.52015268533836,226.35855102539062,83440800,0.0,0.0
2025-09-11 00:00:00-04:00,226.44839058875493,230.01159113632517,226.21881717306923,229.59239196777344,50208600,0.0,0.0
2025-09-12 00:00:00-04:00,228.78394562468256,234.0638755168574,228.58432913969838,233.62472534179688,55824200,0.0,0.0
2025-09-15 00:00:00-04:00,236.54912714503797,237.7368657054393,234.58287368836292,236.24969482421875,42699500,0.0,0.0
2025-09-16 00:00:00-04:00,236.72878926810645,240.76111223381088,235.87043992435724,237.6969451904297,63421100,0.0,0.0
2025-09-17 00:00:00-04:00,238.5153883976145,239.6432435766681,237.27774187166392,238.5353546142578,46508000,0.0,0.0
2025-09-18 00:00:00-04:00,239.5134800259323,240.74113579799257,236.199788714976,237.42745971679688,44249600,0.0,0.0
2025-09-19 00:00:00-04:00,240.77107799962133,245.83144010441063,239.7530294205925,245.032958984375,163741300,0.0,0.0
2025-09-22 00:00:00-04:00,247.82763635806887,256.15178189089505,247.64797087114997,255.5928192138672,105517400,0.0,0.0
2025-09-23 00:00:00-04:00,255.39322235208516,256.8504363399061,253.0975947938589,253.9459686279297,60275200,0.0,0.0
2025-09-24 00:00:00-04:00,254.73446948849343,255.2534845023776,250.56241362070242,251.8300018310547,42303700,0.0,0.0
2025-09-25 00:00:00-04:00,252.72829161839874,256.6807646844572,251.2311452680336,256.3813171386719,55202100,0.0,0.0
2025-09-26 00:00:00-04:00,253.61660096533106,257.10994249251326,253.2972024297037,254.97401428222656,46076300,0.0,0.0
2025-09-29 00:00:00-04:00,254.0757261912774,254.5148915782133,252.52867184357527,253.9459686279297,40127700,0.0,0.0
2025-09-30 00:00:00-04:00,254.37515755125318,255.4331385813304,252.6284867333586,254.14559936523438,37704300,0.0,0.0
2025-10-01 00:00:00-04:00,254.55481135314994,258.29769267334166,254.44502000530687,254.9640350341797,48713900,0.0,0.0
2025-10-02 00:00:00-04:00,256.09186667190835,257.68882891050583,253.66649683440303,256.6408386230469,42630200,0.0,0.0
2025-10-03 00:00:00-04:00,254.18552630266564,258.7468246365968,253.46689477740222,257.5291442871094,49155600,0.0,0.0
2025-10-06 00:00:00-04:00,257.49920544747016,258.5771679771474,254.56481112131073,256.2016906738281,44664100,0.0,0.0
2025-10-07 00:00:00-04:00,256.3214394907812,256.91031341337026,254.94405994391948,255.99208068847656,31955800,0.0,0.0
2025-10-08 00:00:00-04:00,256.03198246417537,258.0281776413904,255.62275879770374,257.5690612792969,36496900,0.0,0.0
2025-10-09 00:00:00-04:00,257.3195337882977,257.50917476461467,252.65841993311406,253.55670166015625,38322000,0.0,0.0
2025-10-10 00:00:00-04:00,254.45500785015722,255.8922708493858,243.53581752909898,244.80340576171875,61999100,0.0,0.0
2025-10-13 00:00:00-04:00,248.90558714178317,249.2149949644775,245.09284695690994,247.18885803222656,38142900,0.0,0.0
2025-10-14 00:00:00-04:00,246.13087266264282,248.37659224814226,244.23447809703134,247.29864501953125,35478000,0.0,0.0
2025-10-15 00:00:00-04:00,249.01537013681215,251.3409393203658,246.99920876557604,248.8656463623047,33893600,0.0,0.0
2025-10-16 00:00:00-04:00,247.7777291727393,248.56621957555782,244.66366953460536,246.979248046875,39777000,0.0,0.0
2025-10-17 00:00:00-04:00,247.5481624372989,252.89796599708643,246.79958926324147,251.81002807617188,49147000,0.0,0.0
2025-10-20 00:00:00-04:00,255.4032084113237,263.87706298772724,255.14370850365398,261.7411193847656,90483000,0.0,0.0
2025-10-21 00:00:00-04:00,261.38182000576944,264.7853366806196,261.33189684706855,262.2701110839844,46695900,0.0,0.0
2025-10-22 00:00:00-04:00,262.15033525743416,262.349966966352,254.94406918261987,257.9583435058594,45015300,0.0,0.0
2025-10-23 00:00:00-04:00,259.4454820834593,260.12418111371363,257.51916110368444,259.0861511230469,32754900,0.0,0.0
2025-10-24 00:00:00-04:00,260.69310343226954,263.6275126875418,258.68691759501684,262.32000732421875,38253700,0.0,0.0
2025-10-27 00:00:00-04:00,264.37609822840903,268.60802232244004,264.1465248140549,268.2986145019531,44888200,0.0,0.0
2025-10-28 00:00:00-04:00,268.4782600095115,269.3765722048576,267.63986169210665,268.4882507324219,41534800,0.0,0.0
2025-10-29 00:00:00-04:00,268.76770579477784,270.8936584399069,266.6018207191691,269.1869201660156,51086700,0.0,0.0
2025-10-30 00:00:00-04:00,271.4725408872279,273.6184749716116,267.969239224885,270.8836669921875,69886500,0.0,0.0
2025-10-31 00:00:00-04:00,276.4630533049319,276.79244258078194,268.647962249571,269.85565185546875,86167100,0.0,0.0
2025-11-03 00:00:00-05:00,269.90556627002525,270.33474092754267,265.74348587775046,268.53814697265625,50194600,0.0,0.0
2025-11-04 00:00:00-05:00,267.8195068636227,270.9734988318123,267.11086611942017,269.5262756347656,49274800,0.0,0.0
2025-11-05 00:00:00-05:00,268.0989800730272,271.18312844251227,266.4221834255846,269.6260986328125,43683100,0.0,0.0
2025-11-06 00:00:00-05:00,267.38037702601645,272.8798740142925,267.38037702601645,269.25677490234375,51204000,0.0,0.0
2025-11-07 00:00:00-05:00,269.28671541495146,271.7719991063764,266.26248096015127,267.9592590332031,48227400,0.0,0.0
2025-11-10 00:00:00-05:00,268.7085692371889,273.4741297822401,267.20997142836535,269.1781311035156,41312400,0.26,0.0
2025-11-11 00:00:00-05:00,269.55775905965567,275.65206242273547,269.5477586519058,274.99267578125,46208300,0.0,0.0
2025-11-12 00:00:00-05:00,274.74292397164845,275.4722525277038,271.4460210796085,273.21435546875,48398000,0.0,0.0
2025-11-13 00:00:00-05:00,273.85374352181776,276.4413491841305,271.83564282199285,272.6948547363281,49602800,0.0,0.0
2025-11-14 00:00:00-05:00,270.7965900477885,275.70200347225597,269.3479639093673,272.15533447265625,47431300,0.0,0.0
2025-11-17 00:00:00-05:00,268.5687054184609,270.2371271729127,265.48159771217263,267.2099609375,45018300,0.0,0.0
2025-11-18 00:00:00-05:00,269.7376065335732,270.4569347049811,265.0719890725528,267.19000244140625,45677300,0.0,0.0
2025-11-19 00:00:00-05:00,265.2817633125939,271.9555110777923,265.2517925781922,268.3089294433594,40424500,0.0,0.0
2025-11-20 00:00:00-05:00,270.5768036466949,275.17250947675234,265.67142054546326,266.0010986328125,45823600,0.0,0.0
2025-11-21 00:00:00-05:00,265.70137680880595,273.0744516711978,265.4216397990326,271.2361755371094,59030800,0.0,0.0
2025-11-24 00:00:00-05:00,270.64675212306133,276.7410558404627,270.64675212306133,275.6620788574219,65585800,0.0,0.0
2025-11-25 00:00:00-05:00,275.012667049666,280.1179060838009,274.9926967216935,276.7110900878906,46914200,0.0,0.0
2025-11-26 00:00:00-05:00,276.70108254872224,279.26868736786383,276.3714044558947,277.29052734375,33431400,0.0,0.0
2025-11-28 00:00:00-05:00,277.0008150112318,278.73917862681736,275.73198274965245,278.5893249511719,20135600,0.0,0.0
2025-12-01 00:00:00-05:00,277.75011957449965,283.1550658399818,275.88187257202503,282.8353576660156,46587700,0.0,0.0
2025-12-02 00:00:00-05:00,282.7354345985028,287.1313151163589,282.36578537497866,285.9224548339844,53669500,0.0,0.0
2025-12-03 00:00:00-05:00,285.9324708384744,288.35019153510143,283.0351573834178,283.8843688964844,43538700,0.0,0.0
2025-12-04 00:00:00-05:00,283.83440686502166,284.46382276925783,278.32954829392816,280.4375915527344,43989100,0.0,0.0
2025-12-05 00:00:00-05:00,280.27774306596746,280.8771882481053,277.79005013345267,278.5193786621094,47265800,0.0,0.0
2025-12-08 00:00:00-05:00,277.86998437615557,279.4085531850005,275.8918244790692,277.6302185058594,38211800,0.0,0.0
2025-12-09 00:00:00-05:00,277.8999627322321,279.7682096639769,276.6611317163261,276.9208679199219,32193300,0.0,0.0
2025-12-10 00:00:00-05:00,277.490342786908,279.48847306800184,276.1815698919154,278.5193786621094,33038300,0.0,0.0
2025-12-11 00:00:00-05:00,278.83908758708685,279.3286197507982,273.5540244422053,277.77008056640625,33248000,0.0,0.0
2025-12-12 00:00:00-05:00,277.64021728323,278.9589906850317,276.5612402656973,278.0198669433594,39532900,0.0,0.0
2025-12-15 00:00:00-05:00,279.8880911943856,279.8880911943856,272.5849275039148,273.8537292480469,50409100,0.0,0.0
2025-12-16 00:00:00-05:00,272.5649667835892,275.2424541197232,271.53593087885605,274.353271484375,37648600,0.0,0.0
2025-12-17 00:00:00-05:00,274.75292651919426,275.90184538512057,271.38608172110213,271.58587646484375,50138700,0.0,0.0
2025-12-18 00:00:00-05:00,273.35420232069225,273.374203136776,266.7004552212896,271.935546875,51630700,0.0,0.0
2025-12-19 00:00:00-05:00,271.8955859651445,274.34330788170604,269.64768928264715,273.4141845703125,144632000,0.0,0.0
2025-12-22 00:00:00-05:00,272.6048920133635,273.62395794129594,270.25711338978425,270.7166748046875,36571800,0.0,0.0
2025-12-23 00:00:00-05:00,270.5868091030317,272.2452609569047,269.30800689497966,272.1053771972656,29642000,0.0,0.0
2025-12-24 00:00:00-05:00,272.085389177814,275.17249671786806,271.9455359163183,273.55401611328125,17910600,0.0,0.0
2025-12-26 00:00:00-05:00,273.9037084592662,275.1125687682936,272.6049054553,273.1444091796875,21521800,0.0,0.0
2025-12-29 00:00:00-05:00,272.4350823114352,274.10350406329195,272.0954038139857,273.50408935546875,23715200,0.0,0.0
2025-12-30 00:00:00-05:00,272.5549704076282,273.82377221524894,272.02546707967076,272.82470703125,22139600,0.0,0.0
2025-12-31 00:00:00-05:00,272.80472532736104,273.42414083736213,271.49595243002375,271.6058349609375,27293600,0.0,0.0
2026-01-02 00:00:00-05:00,272.0054842546519,277.58025431004916,268.7485221479618,270.75665283203125,37838100,0.0,0.0
2026-01-05 00:00:00-05:00,270.38700744645297,271.25618925068443,265.89121426121545,267.0101623535156,45647200,0.0,0.0
2026-01-06 00:00:00-05:00,266.7503924619391,267.2998660934885,261.8749496989937,262.1147155761719,52352100,0.0,0.0
2026-01-07 00:00:00-05:00,262.95395138764474,263.4334831315393,259.56710600115036,260.08660888671875,48309800,0.0,0.0
2026-01-08 00:00:00-05:00,256.7797203952787,259.0476178563403,255.46096229095477,258.7978515625,50419300,0.0,0.0
2026-01-09 00:00:00-05:00,258.8377955175017,259.9667440583015,255.98048371428257,259.1275329589844,39997000,0.0,0.0
2026-01-12 00:00:00-05:00,258.9177364764393,261.05572011368304,256.5599267903311,260.0067138671875,45263800,0.0,0.0
2026-01-13 00:00:00-05:00,258.4781303943212,261.56523797230057,258.148452318208,260.8059387207031,45730800,0.0,0.0
2026-01-14 00:00:00-05:00,259.247418118488,261.57525710051715,256.4700180914029,259.71697998046875,40019400,0.0,0.0
2026-01-15 00:00:00-05:00,260.40631875644857,260.7959687899761,256.8096782083212,257.9685974121094,39388600,0.0,0.0
2026-01-16 00:00:00-05:00,257.6589020182799,258.6579671912775,254.69167723491495,255.29112243652344,72142800,0.0,0.0
2026-01-20 00:00:00-05:00,252.49373739571587,254.55180921698133,243.19244305608962,246.46937561035156,80267500,0.0,0.0
2026-01-21 00:00:00-05:00,248.46750904444812,251.3248360900433,244.9507953165175,247.41848754882812,54641700,0.0,0.0
2026-01-22 00:00:00-05:00,248.96703988447874,250.76536025794266,247.9180183962477,248.1178436279297,39708300,0.0,0.0
2026-01-23 00:00:00-05:00,247.08880782235642,249.17685039145397,244.45126111041233,247.80812072753906,41689000,0.0,0.0
2026-01-26 00:00:00-05:00,251.24490015634893,256.32015295784896,249.5664780183616,255.17123413085938,55969200,0.0,0.0
2026-01-27 00:00:00-05:00,258.92771692213245,261.70511669708895,257.96859246831417,258.0285339355469,49648300,0.0,0.0
2026-01-28 00:00:00-05:00,257.409147241713,258.61800761819165,254.27208306792676,256.2002868652344,41288000,0.0,0.0
2026-01-29 00:00:00-05:00,257.75880668092503,259.4072580677027,254.17216647920577,258.0385437011719,67253000,0.0,0.0
2026-01-30 00:00:00-05:00,254.93144331105526,261.6551472598355,251.94423313215475,259.2374267578125,92443400,0.0,0.0
2026-02-02 00:00:00-05:00,259.7869174093499,270.2371306501278,258.9676766447768,269.7575988769531,73913400,0.0,0.0
2026-02-03 00:00:00-05:00,268.9483513556569,271.6258386480508,267.3598109321867,269.22808837890625,64394700,0.0,0.0
2026-02-04 00:00:00-05:00,272.03545112075,278.68922850453845,272.03545112075,276.23150634765625,90545700,0.0,0.0
2026-02-05 00:00:00-05:00,277.86999494352693,279.2387093202658,272.97458180817284,275.6520690917969,52977400,0.0,0.0
2026-02-06 00:00:00-05:00,276.8609202349588,280.6473855638201,276.67109542368036,277.8599853515625,50453400,0.0,0.0
2026-02-09 00:00:00-05:00,277.9100036621094,278.20001220703125,271.70001220703125,274.6199951171875,44623400,0.26,0.0
2026-02-10 00:00:00-05:00,274.8900146484375,275.3699951171875,272.94000244140625,273.67999267578125,34376900,0.0,0.0
2026-02-11 00:00:00-05:00,274.70001220703125,280.17999267578125,274.45001220703125,275.5,51931300,0.0,0.0
2026-02-12 00:00:00-05:00,275.5899963378906,275.7200012207031,260.17999267578125,261.7300109863281,81077200,0.0,0.0
2026-02-13 00:00:00-05:00,262.010009765625,262.2300109863281,255.4499969482422,255.77999877929688,56229900,0.0,0.0
