Date,Open,High,Low,Close,Volume,Dividends,Stock Splits
2016-02-19 00:00:00-05:00,87.7770019790699,88.2286510596294,87.15943295445868,87.57421875,6838200,0.0,0.0
2016-02-22 00:00:00-05:00,87.57421149230278,89.40846567473193,87.57421149230278,88.82777404785156,6980400,0.0,0.0
2016-02-23 00:00:00-05:00,88.947615862134,89.24257140546275,87.70327238347504,87.91526794433594,6253800,0.0,0.0
2016-02-24 00:00:00-05:00,87.24238828927264,88.25629734843564,85.93352373958417,87.96134185791016,6945600,0.0,0.0
2016-02-25 00:00:00-05:00,88.41298936906786,88.44064034702542,86.96586292017606,88.16412353515625,4562300,0.0,0.0
2016-02-26 00:00:00-05:00,88.21943467857373,88.68952244968955,87.82308754455337,87.85073852539062,5277000,0.0,0.0
2016-02-29 00:00:00-05:00,87.85073999265518,88.75404523142589,87.77700638662243,88.04430389404297,7794400,0.0,0.0
2016-03-01 00:00:00-05:00,88.39456698842851,90.01682584406386,88.05352181587111,90.00760650634766,7139900,0.0,0.0
2016-03-02 00:00:00-05:00,90.02603212588336,90.17351339029786,88.86464881394106,89.4084701538086,6498600,0.0,0.0
2016-03-03 00:00:00-05:00,90.13663373697293,91.10445306333546,89.30706929131003,91.08602142333984,8581300,0.0,0.0
2016-03-04 00:00:00-05:00,91.25193641975179,91.44550028949426,90.23802742154652,90.77263641357422,6739800,0.0,0.0
2016-03-07 00:00:00-05:00,90.85558821914805,91.90636751748072,90.77263528983957,91.61141204833984,7218700,0.0,0.0
2016-03-08 00:00:00-05:00,91.18742748441204,91.23351714014942,89.9615157776566,90.16429901123047,6229300,0.0,0.0
2016-03-09 00:00:00-05:00,90.33021761976025,90.55143251019473,89.23334844118604,90.01683044433594,7010700,0.0,0.0
2016-03-10 00:00:00-05:00,90.27489987265007,90.71732957616996,88.36690507452384,89.4453353881836,5453500,0.0,0.0
2016-03-11 00:00:00-05:00,89.9338572040524,90.6528107661722,89.90620622586218,90.27490234375,5605800,0.0,0.0
2016-03-14 00:00:00-04:00,90.27491377529896,91.45473587610648,90.18273445993415,91.07682037353516,6175000,0.0,0.0
2016-03-15 00:00:00-04:00,90.34863889605627,90.63438208871774,89.76794723819144,90.55142211914062,5942400,0.0,0.0
2016-03-16 00:00:00-04:00,90.47769361279055,91.32568983679938,89.84169292863685,90.73577880859375,6079400,0.0,0.0
2016-03-17 00:00:00-04:00,90.58830026441683,92.09073589313795,90.58830026441683,91.80499267578125,6385600,0.0,0.0
2016-03-18 00:00:00-04:00,92.1552475309422,92.31194109778511,91.21507206529759,91.43628692626953,10205100,0.0,0.0
2016-03-21 00:00:00-04:00,91.178209542337,91.362561135814,90.05368943515711,90.75421142578125,7070300,0.0,0.0
2016-03-22 00:00:00-04:00,89.95230465234462,90.62517571315263,89.8140497370986,89.9430923461914,6475700,0.0,0.0
2016-03-23 00:00:00-04:00,90.07211515368729,90.19193839798997,89.17802939274812,89.25177001953125,5517700,0.0,0.0
2016-03-24 00:00:00-04:00,88.9936898696286,89.86011767009575,88.76325567217465,89.61125183105469,5577700,0.0,0.0
2016-03-28 00:00:00-04:00,89.86934087753363,90.754207389991,89.82325122314039,90.41316223144531,5317100,0.0,0.0
2016-03-29 00:00:00-04:00,90.33021038039091,90.67125554304475,89.74029936498003,90.47769165039062,5170800,0.0,0.0
2016-03-30 00:00:00-04:00,91.15977175174149,91.3348969633672,90.65281369423444,91.16899108886719,5677500,0.0,0.0
2016-03-31 00:00:00-04:00,91.26115714590641,92.5147196824373,91.26115714590641,91.53767395019531,7038800,0.0,0.0
2016-04-01 00:00:00-04:00,91.06760143576064,91.56533313455186,90.864818208397,91.31646728515625,5895500,0.0,0.0
2016-04-04 00:00:00-04:00,91.52846480723711,91.65750739348752,90.86481320235302,90.95698547363281,5334700,0.0,0.0
2016-04-05 00:00:00-04:00,89.27020822649344,89.9707301678748,88.62499527541438,89.4084701538086,10818800,0.0,0.0
2016-04-06 00:00:00-04:00,89.3715992979119,89.98916126625669,89.25177604551915,89.85090637207031,6952400,0.0,0.0
2016-04-07 00:00:00-04:00,89.50985577308842,89.79559191339669,88.41298679738642,88.63420867919922,7525400,0.0,0.0
2016-04-08 00:00:00-04:00,89.06742711011547,89.26099100001612,88.30239088783028,88.87386322021484,6982700,0.0,0.0
2016-04-11 00:00:00-04:00,89.343953028179,89.99838534689827,88.67108203440057,88.73560333251953,5916600,0.0,0.0
2016-04-12 00:00:00-04:00,88.74481342803463,89.89698436895178,88.55124955383576,89.73107147216797,6277200,0.0,0.0
2016-04-13 00:00:00-04:00,90.35786662709047,91.99855717385051,90.29334532577838,91.69438934326172,7967400,0.0,0.0
2016-04-14 00:00:00-04:00,91.98013750155077,92.0538781504462,90.56988099482862,90.91091918945312,6676200,0.0,0.0
2016-04-15 00:00:00-04:00,90.79109337221573,91.15057023516677,90.4961378171714,90.8740463256836,6146800,0.0,0.0
2016-04-18 00:00:00-04:00,91.80498730620272,93.97106746073543,91.71281502921507,93.53785705566406,10665200,0.0,0.0
2016-04-19 00:00:00-04:00,94.01715231212133,95.52880008083078,93.95263101829691,94.60706329345703,10639800,0.0,0.0
2016-04-20 00:00:00-04:00,94.95731758084497,95.38132267734433,93.9802788690787,95.18775177001953,7712000,0.0,0.0
2016-04-21 00:00:00-04:00,95.27072053838535,95.97124250724974,94.61628822453211,94.85594177246094,6824800,0.0,0.0
2016-04-22 00:00:00-04:00,94.99418834896069,95.8514038180784,94.87436510164291,95.64862060546875,5731300,0.0,0.0
2016-04-25 00:00:00-04:00,95.399766302824,96.43211413163992,95.26150436549149,96.38602447509766,6117100,0.0,0.0
2016-04-26 00:00:00-04:00,96.39523308992827,97.30775052314424,96.0265369754865,96.68096923828125,6452900,0.0,0.0
2016-04-27 00:00:00-04:00,96.95750573457902,97.33541420278394,96.56115859048445,97.04045867919922,5996100,0.0,0.0
2016-04-28 00:00:00-04:00,96.35836286866066,97.23400998805192,95.67627962727295,95.88827514648438,5658300,0.0,0.0
2016-04-29 00:00:00-04:00,95.81454437558104,96.05419792970288,94.38585645313772,95.17855072021484,7006900,0.0,0.0
2016-05-02 00:00:00-04:00,95.21541273496105,96.38601535808968,94.75454434230838,96.19245147705078,5285700,0.0,0.0
2016-05-03 00:00:00-04:00,95.75001681754235,95.8514084287243,95.11402320374808,95.65784454345703,6243300,0.0,0.0
2016-05-04 00:00:00-04:00,95.22462408815862,96.30306146073418,95.12323248020456,95.55644989013672,6445100,0.0,0.0
2016-05-05 00:00:00-04:00,95.84219496042978,96.90218664798353,95.35366855235007,96.71784210205078,6466000,0.0,0.0
2016-05-06 00:00:00-04:00,96.33071022899297,97.46444249949867,96.22009928677322,97.28009796142578,7407500,0.0,0.0
2016-05-09 00:00:00-04:00,97.71331788769403,98.33087984172735,96.7547107938858,97.09574890136719,8130300,0.0,0.0
2016-05-10 00:00:00-04:00,97.27088302218911,98.39540303923306,97.197142390709,98.25714111328125,15177200,0.0,0.0
2016-05-11 00:00:00-04:00,93.51941114454458,94.4780182220878,92.74515563900587,94.28445434570312,27068100,0.0,0.0
2016-05-12 00:00:00-04:00,94.47802800365125,94.8006344976927,93.21524597578143,93.7498550415039,11251700,0.0,0.0
2016-05-13 00:00:00-04:00,93.7498537156634,94.05402856244109,92.50551038064766,92.65298461914062,9570200,0.0,0.0
2016-05-16 00:00:00-04:00,92.55161334346212,92.79125989450776,91.59300604239442,92.50552368164062,9113000,0.0,0.0
2016-05-17 00:00:00-04:00,92.90186025033682,93.3627286867217,91.75890849714474,92.1183853149414,8694400,0.0,0.0
2016-05-18 00:00:00-04:00,91.7957668457853,91.96167975525087,90.6620344913487,91.25194549560547,9323100,0.0,0.0
2016-05-19 00:00:00-04:00,90.86482346491496,90.89247444619254,89.87856528301373,90.7081298828125,7063500,0.0,0.0
2016-05-20 00:00:00-04:00,91.25194787360253,92.10916342279783,91.03994530453528,91.97090148925781,7297000,0.0,0.0
2016-05-23 00:00:00-04:00,91.8049897314279,92.47786073257164,91.36255997728185,91.41786193847656,5588600,0.0,0.0
2016-05-24 00:00:00-04:00,91.666729274662,92.21055768692683,91.6022079747961,91.72203826904297,5250800,0.0,0.0
2016-05-25 00:00:00-04:00,92.09994154637623,92.91107445022716,91.99854993339486,92.04463958740234,5667300,0.0,0.0
2016-05-26 00:00:00-04:00,92.07228341340974,92.62532405706216,91.77732793464223,91.99854278564453,3852600,0.0,0.0
2016-05-27 00:00:00-04:00,91.9985574578363,92.6622091489776,91.9985574578363,92.44099426269531,4589100,0.0,0.0
2016-05-31 00:00:00-04:00,92.03541882999865,92.07228914617694,90.85559684146845,91.45472717285156,10396200,0.0,0.0
2016-06-01 00:00:00-04:00,90.94777120811976,91.24272671203808,90.08134337102501,90.80950927734375,7243900,0.0,0.0
2016-06-02 00:00:00-04:00,90.39473558802177,90.99386596679688,90.2103910248422,90.99386596679688,4830100,0.0,0.0
2016-06-03 00:00:00-04:00,90.93856195070886,91.17820847097171,90.08134638992244,91.02151489257812,6857500,0.0,0.0
2016-06-06 00:00:00-04:00,91.21506908735057,91.36255034471272,90.76342004319243,91.04915618896484,4986600,0.0,0.0
2016-06-07 00:00:00-04:00,91.25195480450559,91.28882512506964,90.62517341950608,90.65282440185547,5608400,0.0,0.0
2016-06-08 00:00:00-04:00,90.78185945379305,91.08603429891528,90.0536865059068,90.36708068847656,5466200,0.0,0.0
2016-06-09 00:00:00-04:00,90.16429235746514,90.26568396676979,89.50064074466879,90.18272399902344,5379400,0.0,0.0
2016-06-10 00:00:00-04:00,89.54674518561,90.06291562201088,89.20569998596241,89.72187042236328,7204400,0.0,0.0
2016-06-13 00:00:00-04:00,89.17802930635222,91.23350532410817,89.1319396565841,89.93385314941406,8766300,0.0,0.0
2016-06-14 00:00:00-04:00,89.5928024510549,90.83715259444429,89.5743708116703,90.69889068603516,6125700,0.0,0.0
2016-06-15 00:00:00-04:00,90.50533744643937,91.2519419942401,90.50533744643937,90.57907104492188,6663200,0.0,0.0
2016-06-16 00:00:00-04:00,90.14587127231901,90.91090755171494,89.27943633945067,90.68047332763672,7129700,0.0,0.0
2016-06-17 00:00:00-04:00,90.70812414542566,91.38098808826827,90.57907452046898,91.25194549560547,8959400,0.0,0.0
2016-06-20 00:00:00-04:00,92.24742387417089,93.05854975505557,91.71281482362934,91.77733612060547,8268600,0.0,0.0
2016-06-21 00:00:00-04:00,91.92480520514707,91.98010715742691,91.0399317749113,91.08602142333984,5202500,0.0,0.0
2016-06-22 00:00:00-04:00,91.32568464520931,91.82342336551802,90.97542015742145,91.05838012695312,4948900,0.0,0.0
2016-06-23 00:00:00-04:00,91.65752058896612,91.8234335140728,90.89247726584672,91.2703857421875,5826100,0.0,0.0
2016-06-24 00:00:00-04:00,88.49595748613389,89.66656019868113,87.69404389003691,88.22865295410156,15079900,0.0,0.0
2016-06-27 00:00:00-04:00,87.48204141657823,87.7769969057337,86.64325756886807,86.99351501464844,9438400,0.0,0.0
2016-06-28 00:00:00-04:00,87.98900087391002,88.7448248269424,87.69404535644114,88.53282928466797,7143100,0.0,0.0
2016-06-29 00:00:00-04:00,89.32553148999249,89.67578900050343,88.74483270893857,89.39005279541016,6563600,0.0,0.0
2016-06-30 00:00:00-04:00,89.50064734945929,90.39473322532913,89.2978641158854,90.16429901123047,7189500,0.0,0.0
2016-07-01 00:00:00-04:00,90.09976396584696,90.9201090802927,90.06289365334126,90.35784912109375,5681600,0.0,0.0
2016-07-05 00:00:00-04:00,90.11821503521854,90.33021761976025,89.56517429298505,90.01683044433594,5846400,0.0,0.0
2016-07-06 00:00:00-04:00,89.4084794232627,90.80951641898467,89.18726453600017,90.7449951171875,6223300,0.0,0.0
2016-07-07 00:00:00-04:00,90.64286683562264,91.43204016572571,90.5964494583907,91.36705017089844,5146000,0.71,0.0
2016-07-08 00:00:00-04:00,92.14694062589676,92.70399879990649,91.70128983666159,92.49046325683594,6045800,0.0,0.0
2016-07-11 00:00:00-04:00,92.65755839465507,93.1681919758784,92.28618400979805,92.82467651367188,5428000,0.0,0.0
2016-07-12 00:00:00-04:00,93.01036513134797,93.57670950473896,92.84324700340673,93.0289306640625,8508500,0.0,0.0
2016-07-13 00:00:00-04:00,93.270319281323,93.58598998483293,92.7039749432004,92.73182678222656,5494700,0.0,0.0
2016-07-14 00:00:00-04:00,93.2331909661242,93.58599985333122,92.54615289198206,92.81539916992188,7461500,0.0,0.0
2016-07-15 00:00:00-04:00,93.23320120074904,93.34461566420981,92.41618305217277,92.65757751464844,5764400,0.0,0.0
2016-07-18 00:00:00-04:00,92.7504053098835,93.50243334503949,92.72255346908182,92.98251342773438,5051300,0.0,0.0
2016-07-19 00:00:00-04:00,92.66685233272318,92.83397047827545,92.24906051053166,92.35118865966797,5742700,0.0,0.0
2016-07-20 00:00:00-04:00,91.58986957775696,91.6270077285879,90.18793448824556,91.19064331054688,10664900,0.0,0.0
2016-07-21 00:00:00-04:00,91.14421201270679,92.0355063156424,90.6335784146942,90.99566650390625,6726600,0.0,0.0
2016-07-22 00:00:00-04:00,91.34845922635783,91.37631106378481,90.49430315617225,90.71712493896484,5381700,0.0,0.0
2016-07-25 00:00:00-04:00,90.89353885178569,91.04208436137748,90.29005633875859,90.42003631591797,4825500,0.0,0.0
2016-07-26 00:00:00-04:00,90.07652660173365,90.20651368080611,89.44519215834362,89.77014923095703,6274800,0.0,0.0
2016-07-27 00:00:00-04:00,89.7794132934448,89.9929558693776,88.99953345099944,89.43589782714844,6911400,0.0,0.0
2016-07-28 00:00:00-04:00,89.50089705712631,89.58445258456999,88.96240449122904,89.04596710205078,7713500,0.0,0.0
2016-07-29 00:00:00-04:00,88.99024990648181,89.48231797711921,88.99024990648181,89.08309173583984,8264000,0.0,0.0
2016-08-01 00:00:00-04:00,89.268798079738,89.31521546084078,88.27537545689036,88.70245361328125,7131600,0.0,0.0
2016-08-02 00:00:00-04:00,88.52603657162155,88.8974109845773,87.79257405396278,88.21037292480469,7644100,0.0,0.0
2016-08-03 00:00:00-04:00,88.25678940804474,89.52874445747554,88.20108572584613,89.21307373046875,9068700,0.0,0.0
2016-08-04 00:00:00-04:00,88.6931630424684,89.11096195259296,87.9318486118481,88.34964752197266,10038300,0.0,0.0
2016-08-05 00:00:00-04:00,88.57246865757044,89.12952678329032,88.52604419568613,88.97169494628906,6528500,0.0,0.0
2016-08-08 00:00:00-04:00,89.23165144015823,89.39876957967094,88.73958333030916,88.89741516113281,7792000,0.0,0.0
2016-08-09 00:00:00-04:00,88.76742034122142,89.91867450807402,88.4796085703525,89.75155639648438,15548700,0.0,0.0
2016-08-10 00:00:00-04:00,89.77942204003406,92.16549333813224,88.99025581304495,90.85640716552734,27181300,0.0,0.0
2016-08-11 00:00:00-04:00,91.17206866555689,91.34847310723569,90.19721879059527,90.77284240722656,9233900,0.0,0.0
2016-08-12 00:00:00-04:00,90.81927562375452,90.81927562375452,89.74229750326528,89.90940856933594,9360300,0.0,0.0
2016-08-15 00:00:00-04:00,90.3829107586203,90.6243052141345,89.98368446362232,90.15080261230469,5299600,0.0,0.0
2016-08-16 00:00:00-04:00,89.92796767081167,90.29005575962996,89.3801888419728,89.946533203125,5777800,0.0,0.0
2016-08-17 00:00:00-04:00,89.9094045622875,90.03010532690833,89.6123064302164,89.93726348876953,5697300,0.0,0.0
2016-08-18 00:00:00-04:00,89.9372579904294,90.16936611327553,89.6401598765215,89.73300170898438,5250700,0.0,0.0
2016-08-19 00:00:00-04:00,89.50090160450173,89.86298974191084,89.17595162008054,89.49161529541016,6362400,0.0,0.0
2016-08-22 00:00:00-04:00,89.56588529833242,89.56588529833242,88.80457092410256,89.00882720947266,5495300,0.0,0.0
2016-08-23 00:00:00-04:00,89.25021483008948,89.52874741704548,88.9438374844914,89.10166931152344,4996300,0.0,0.0
2016-08-24 00:00:00-04:00,89.1388220754228,89.33379208490419,88.67460574331116,88.96241760253906,5912500,0.0,0.0
2016-08-25 00:00:00-04:00,88.7767056807422,88.962389321206,88.58173573324217,88.71171569824219,4518700,0.0,0.0
2016-08-26 00:00:00-04:00,88.81385600229719,89.25021332555137,87.96897903058368,88.39605712890625,6019600,0.0,0.0
2016-08-29 00:00:00-04:00,88.26607459072198,88.49818270809355,87.69973021766518,88.08039093017578,7903000,0.0,0.0
2016-08-30 00:00:00-04:00,87.98755097231027,88.47033987227509,87.98755097231027,88.07111358642578,6845000,0.0,0.0
2016-08-31 00:00:00-04:00,87.91328015134697,88.10825013623207,87.42121203472578,87.69973754882812,7375200,0.0,0.0
2016-09-01 00:00:00-04:00,87.95041010513366,88.08039008294125,87.18909577081303,87.51404571533203,6274200,0.0,0.0
2016-09-02 00:00:00-04:00,87.96897443465959,88.16394439870473,87.393343766971,87.66259002685547,5382000,0.0,0.0
2016-09-06 00:00:00-04:00,87.76471919649018,87.76471919649018,86.66916861177774,87.08696746826172,8463500,0.0,0.0
2016-09-07 00:00:00-04:00,87.25409873707538,87.30051611698035,86.65061613128228,87.00341796875,6281500,0.0,0.0
2016-09-08 00:00:00-04:00,86.79915830967991,87.46763088821221,86.27923834121182,87.35621643066406,7438100,0.0,0.0
2016-09-09 00:00:00-04:00,86.81773558753581,87.03127112174165,85.77788851140791,85.80574035644531,10248400,0.0,0.0
2016-09-12 00:00:00-04:00,85.37864870152741,87.14267180315194,85.36936239352406,86.93841552734375,9367300,0.0,0.0
2016-09-13 00:00:00-04:00,86.38136747460479,86.62276192702205,85.83358857297078,86.0656967163086,7795200,0.0,0.0
2016-09-14 00:00:00-04:00,85.96355811472036,86.24209068621181,85.48077635196306,85.65718078613281,6386500,0.0,0.0
2016-09-15 00:00:00-04:00,85.52721068649743,86.11212065413191,84.66376811520172,85.88001251220703,7559400,0.0,0.0
2016-09-16 00:00:00-04:00,85.66646843167187,86.10283286432667,85.23011108239531,85.93571472167969,10568600,0.0,0.0
2016-09-19 00:00:00-04:00,86.1585331728998,86.6413149244957,85.73144801758598,86.00069427490234,5421500,0.0,0.0
2016-09-20 00:00:00-04:00,86.06568242255436,86.62274754075067,86.04711689085718,86.29779052734375,6200100,0.0,0.0
2016-09-21 00:00:00-04:00,86.34422987706922,86.41850618342592,85.13726469059753,85.77788543701172,12049500,0.0,0.0
2016-09-22 00:00:00-04:00,86.09354964398466,87.00340953577198,86.00998703484947,86.72488403320312,6470700,0.0,0.0
2016-09-23 00:00:00-04:00,86.40921074628146,86.82700252949132,86.3442207559293,86.59489440917969,4407700,0.0,0.0
2016-09-26 00:00:00-04:00,85.85215705291193,86.0471270339124,84.85873453064588,85.37865447998047,10449300,0.0,0.0
2016-09-27 00:00:00-04:00,85.35080800595924,85.58291615270846,84.95158171021544,85.15583801269531,9167400,0.0,0.0
2016-09-28 00:00:00-04:00,85.18367157673111,85.6943122233484,84.93299794872252,85.6014633178711,8272300,0.0,0.0
2016-09-29 00:00:00-04:00,85.54576617498837,86.43706048530423,84.97942180853076,85.2301025390625,7476600,0.0,0.0
2016-09-30 00:00:00-04:00,85.67575606886207,86.79915862387038,85.61076607256832,86.21424865722656,8923700,0.0,0.0
2016-10-03 00:00:00-04:00,85.85216200410616,86.08427014964192,85.46222201961692,85.8707275390625,5834700,0.0,0.0
2016-10-04 00:00:00-04:00,85.83356679231379,86.33492110470795,85.51790319749708,85.96354675292969,5903400,0.0,0.0
2016-10-05 00:00:00-04:00,86.28850936288431,86.60417297827875,85.76858240315075,85.83357238769531,5365000,0.0,0.0
2016-10-06 00:00:00-04:00,86.11210981232331,86.88271044650348,85.77787356336269,86.18638610839844,7484800,0.0,0.0
2016-10-07 00:00:00-04:00,86.39993382754888,86.6134764381283,85.43436309211472,85.8707275390625,6144100,0.0,0.0
2016-10-10 00:00:00-04:00,86.06569753130712,86.53920013154602,85.78717200669129,85.8707275390625,4241000,0.0,0.0
2016-10-11 00:00:00-04:00,85.72216912992123,85.7685865020273,85.01655849016126,85.28580474853516,6651100,0.0,0.0
2016-10-12 00:00:00-04:00,85.3043764334859,85.4900671854358,84.84944648711995,84.8680191040039,6836600,0.0,0.0
2016-10-13 00:00:00-04:00,84.44093885176854,84.82159960298199,83.85602888653871,84.5987777709961,5725200,0.0,0.0
2016-10-14 00:00:00-04:00,85.20225703245511,85.20225703245511,84.75661334880839,84.76589965820312,4345700,0.0,0.0
2016-10-17 00:00:00-04:00,84.81231060984709,84.92372506400314,84.07884805758717,84.32952880859375,5134600,0.0,0.0
2016-10-18 00:00:00-04:00,84.85873761334585,85.17440128451537,84.46879763717938,84.64519500732422,4890800,0.0,0.0
2016-10-19 00:00:00-04:00,84.73803828836031,85.54577718134128,84.48736460895432,85.3508071899414,6140500,0.0,0.0
2016-10-20 00:00:00-04:00,85.10013377040087,85.71289559047469,84.89587746925011,85.44364929199219,6153200,0.0,0.0
2016-10-21 00:00:00-04:00,84.79373047950087,87.44904763775475,84.1159717292989,86.37206268310547,13814500,0.0,0.0
2016-10-24 00:00:00-04:00,86.79915150606234,87.41192034947879,86.15853790466433,86.687744140625,7281000,0.0,0.0
2016-10-25 00:00:00-04:00,86.47419439771556,86.67845066195741,86.00997819112128,86.11210632324219,6380700,0.0,0.0
2016-10-26 00:00:00-04:00,85.77787427192227,87.01269114170589,85.32294435061478,86.79914855957031,7152800,0.0,0.0
2016-10-27 00:00:00-04:00,87.08695719306455,87.58830442828844,86.6320202419005,87.29120635986328,6647000,0.0,0.0
2016-10-28 00:00:00-04:00,87.17053048553505,87.64403306358349,86.8362942049571,87.13339233398438,7309100,0.0,0.0
2016-10-31 00:00:00-04:00,87.01268838233338,87.10553020856125,85.70359525737544,86.05640411376953,9957600,0.0,0.0
2016-11-01 00:00:00-04:00,86.13997357627754,86.33494356793003,85.10013362079762,85.77788543701172,6449800,0.0,0.0
2016-11-02 00:00:00-04:00,85.33222961425781,85.93570503817989,85.12797334255237,85.33222961425781,6716200,0.0,0.0
2016-11-03 00:00:00-04:00,85.65718351006299,87.3933477329874,85.6386108935716,86.687744140625,7751400,0.0,0.0
2016-11-04 00:00:00-04:00,86.80842923924082,87.07767548474746,85.75001687187104,85.83357238769531,7456500,0.0,0.0
2016-11-07 00:00:00-05:00,87.05911376979037,87.71830708847168,86.29779939121964,87.67188262939453,6996100,0.0,0.0
2016-11-08 00:00:00-05:00,87.76471641535886,88.06181450942337,87.17980653486924,87.62545013427734,6226900,0.0,0.0
2016-11-09 00:00:00-05:00,85.68503683408035,88.12681177499636,85.51791869965484,87.86685180664062,8635700,0.0,0.0
2016-11-10 00:00:00-05:00,88.09895806836873,89.18522237745277,87.48619631069738,88.16394805908203,13777900,0.0,0.0
2016-11-11 00:00:00-05:00,90.22506903653598,91.28348150113403,88.92526214286434,90.68928527832031,23008100,0.0,0.0
2016-11-14 00:00:00-05:00,90.57787310584811,91.27419748601822,90.4757449634196,90.912109375,13208400,0.0,0.0
2016-11-15 00:00:00-05:00,90.89354598038435,91.11636780393624,90.44789524990249,90.70785522460938,7184600,0.0,0.0
2016-11-16 00:00:00-05:00,91.29278248723789,92.07266249880223,91.07923986499783,92.0262451171875,9702400,0.0,0.0
2016-11-17 00:00:00-05:00,91.96124081525078,92.37903260170638,91.23705752421516,92.25833892822266,8662600,0.0,0.0
2016-11-18 00:00:00-05:00,91.96124075933308,92.25833887212431,91.11636379532747,91.2092056274414,8586100,0.0,0.0
2016-11-21 00:00:00-05:00,91.08851111938989,91.23705663273552,90.05795050059942,90.64286041259766,10771100,0.0,0.0
2016-11-22 00:00:00-05:00,90.42931317438371,90.92138119126504,90.30861243436445,90.71712493896484,5323700,0.0,0.0
2016-11-23 00:00:00-05:00,90.67999673854912,91.24634110625875,90.60572044168089,91.22777557373047,5897400,0.0,0.0
2016-11-25 00:00:00-05:00,91.64556016411285,91.97979639044345,91.4505902126495,91.74768829345703,4396800,0.0,0.0
2016-11-28 00:00:00-05:00,91.46916402818276,92.10049839250154,91.28348036712686,91.886962890625,7106700,0.0,0.0
2016-11-29 00:00:00-05:00,92.13763138102988,92.54614391252645,91.88695774430613,92.53685760498047,8396800,0.0,0.0
2016-11-30 00:00:00-05:00,92.28620512104229,93.11250959760021,91.91483065123023,92.0262451171875,11369200,0.0,0.0
2016-12-01 00:00:00-05:00,92.03552060635992,92.61115136536394,91.56202508287033,91.85912322998047,9958100,0.0,0.0
2016-12-02 00:00:00-05:00,91.71983828890814,91.98908453680065,91.21848393938868,91.45059204101562,7737200,0.0,0.0
2016-12-05 00:00:00-05:00,91.89626184505823,93.09393366542925,91.61772923176629,92.80612182617188,11331500,0.0,0.0
2016-12-06 00:00:00-05:00,92.7968232484449,93.51172022246988,92.6761295764435,93.45601654052734,8427500,0.0,0.0
2016-12-07 00:00:00-05:00,93.31675031572944,94.76510271424128,93.2517603256264,94.69082641601562,12255700,0.0,0.0
2016-12-08 00:00:00-05:00,94.93408527781193,97.26369665749955,94.93408527781193,96.72105407714844,16524800,0.78,0.0
2016-12-09 00:00:00-05:00,96.82397041302454,98.72321232820799,96.53394050616434,98.10572814941406,12173900,0.0,0.0
2016-12-12 00:00:00-05:00,97.87183011983123,97.95602958682336,97.04851551138147,97.35725402832031,7880200,0.0,0.0
2016-12-13 00:00:00-05:00,97.48824378503225,97.59115901183195,97.02980777163164,97.1607894897461,7393200,0.0,0.0
2016-12-14 00:00:00-05:00,96.94560500292101,97.68472018028658,96.83333190350932,97.34790802001953,7961900,0.0,0.0
2016-12-15 00:00:00-05:00,97.16078214682203,98.83548500239793,97.13271565762838,97.66600036621094,8745400,0.0,0.0
2016-12-16 00:00:00-05:00,97.96538480414753,97.98410055494972,97.067221490765,97.2169189453125,12635500,0.0,0.0
2016-12-19 00:00:00-05:00,98.89160910034212,99.41554302412283,98.30219146630184,98.51737976074219,11475600,0.0,0.0
2016-12-20 00:00:00-05:00,98.83548982157542,99.35941667998398,98.29284721081338,98.66708374023438,8947300,0.0,0.0
2016-12-21 00:00:00-05:00,97.87183747646361,99.08810443620165,97.77828012678413,98.7606430053711,5202400,0.0,0.0
2016-12-22 00:00:00-05:00,98.19928444386848,98.69514478435104,97.95602964247351,98.62965393066406,5230800,0.0,0.0
2016-12-23 00:00:00-05:00,98.46123650567131,98.55479383758411,98.00280058272176,98.37703704833984,3238800,0.0,0.0
2016-12-27 00:00:00-05:00,98.09637179525512,98.76063822518655,98.03088093985252,98.39575958251953,3639500,0.0,0.0
2016-12-28 00:00:00-05:00,98.2273530432429,98.53609870495808,97.35725617529783,97.58180236816406,5178600,0.0,0.0
2016-12-29 00:00:00-05:00,97.51629661862363,98.02150763048809,97.17948451873613,97.82503509521484,5896800,0.0,0.0
2016-12-30 00:00:00-05:00,97.8344046429442,98.2367076359243,97.26369557992665,97.50695037841797,6983300,0.0,0.0
2017-01-03 00:00:00-05:00,98.51737418359457,100.01431287115273,98.43316759037461,99.24713134765625,8884300,0.0,0.0
2017-01-04 00:00:00-05:00,99.77107348067089,100.5756794876092,99.40619484240443,100.51954650878906,8322000,0.0,0.0
2017-01-05 00:00:00-05:00,100.26693685406063,100.6879556218207,99.91141608085773,100.46340942382812,6303000,0.0,0.0
2017-01-06 00:00:00-05:00,101.06218713112321,102.30652057041158,100.80958157553783,101.96035766601562,9551300,0.0,0.0
2017-01-09 00:00:00-05:00,101.58610996855917,101.8200068838646,101.14638262571022,101.38027954101562,6195200,0.0,0.0
2017-01-10 00:00:00-05:00,100.94991633780879,101.81065532643329,100.43534023701815,101.39899444580078,7901900,0.0,0.0
2017-01-11 00:00:00-05:00,101.54867865825312,102.43748402042044,101.39898121647464,102.39070892333984,7616800,0.0,0.0
2017-01-12 00:00:00-05:00,101.15573729179303,101.97905183788022,100.51017954188082,100.6037368774414,8218900,0.0,0.0
2017-01-13 00:00:00-05:00,100.25758611542037,101.37093067743025,100.01433130324705,101.099609375,6489000,0.0,0.0
2017-01-17 00:00:00-05:00,100.95927839562091,101.91357476810911,100.71602357990112,101.01541137695312,7586500,0.0,0.0
2017-01-18 00:00:00-05:00,100.04239263318547,101.41770768857808,99.93011953998096,101.19316864013672,7162900,0.0,0.0
2017-01-19 00:00:00-05:00,100.96863340753413,101.05284002106477,100.18274308374653,100.36985778808594,5350200,0.0,0.0
2017-01-20 00:00:00-05:00,100.43534288939348,100.87507027114219,100.27629468602805,100.72537994384766,5649000,0.0,0.0
2017-01-23 00:00:00-05:00,100.42597710015967,100.7440806197933,99.70557773476031,100.22015380859375,5716600,0.0,0.0
2017-01-24 00:00:00-05:00,100.29499736011886,101.0996033433313,100.18273140578904,100.94991302490234,5456100,0.0,0.0
2017-01-25 00:00:00-05:00,101.2586584147365,101.4364152212906,101.04347010621198,101.08089447021484,6180200,0.0,0.0
2017-01-26 00:00:00-05:00,101.23994896425262,101.62354336567856,101.02476778030423,101.099609375,6088100,0.0,0.0
2017-01-27 00:00:00-05:00,101.50190424148772,102.35329244675633,101.18380786015712,102.25973510742188,5578300,0.0,0.0
2017-01-30 00:00:00-05:00,102.78366906360554,103.89702075159796,101.94163867512255,103.79410552978516,13793600,0.0,0.0
2017-01-31 00:00:00-05:00,103.46665650625707,103.66313623541191,102.8959544868893,103.52279663085938,8485800,0.0,0.0
2017-02-01 00:00:00-05:00,103.57891992071801,104.7764711099132,103.55085343002877,104.13092041015625,10501300,0.0,0.0
2017-02-02 00:00:00-05:00,104.0467104012462,104.35545606467839,103.42922621234973,103.48535919189453,6515900,0.0,0.0
2017-02-03 00:00:00-05:00,103.75667895986425,103.99057588847622,103.11112115274551,103.19532775878906,7923400,0.0,0.0
2017-02-06 00:00:00-05:00,102.8397833213679,103.05497160179239,102.2597235999888,102.5123291015625,6896300,0.0,0.0
2017-02-07 00:00:00-05:00,102.58718305785922,102.66203177991267,101.76386139120525,101.97904968261719,10184800,0.0,0.0
2017-02-08 00:00:00-05:00,102.50297646105733,104.24316998998155,101.96034107108733,101.97904968261719,13615500,0.0,0.0
2017-02-09 00:00:00-05:00,101.97905640923156,102.77430450409537,101.97905640923156,102.43749237060547,6369700,0.0,0.0
2017-02-10 00:00:00-05:00,102.3065123930551,102.72753113600294,101.58611301303017,102.2223129272461,7671800,0.0,0.0
2017-02-13 00:00:00-05:00,101.93228065422294,102.8210932833455,101.88550555035413,102.58719635009766,5653200,0.0,0.0
2017-02-14 00:00:00-05:00,102.72752835207955,103.223388671875,102.47491568556313,103.223388671875,4768700,0.0,0.0
2017-02-15 00:00:00-05:00,102.83043282790787,103.55083211318104,102.7275176245879,103.08303833007812,7087100,0.0,0.0
2017-02-16 00:00:00-05:00,103.23274842149674,103.72861592254932,102.99885148510077,103.57891845703125,7179600,0.0,0.0
2017-02-17 00:00:00-05:00,103.13918548954994,103.38244028886056,102.46556120713142,102.97077941894531,6349200,0.0,0.0
2017-02-21 00:00:00-05:00,102.85852037294386,103.1111259268347,102.72753865789406,102.92401123046875,5432700,0.0,0.0
2017-02-22 00:00:00-05:00,102.624628720611,103.17662209990633,102.47493124543149,103.02693176269531,5478400,0.0,0.0
2017-02-23 00:00:00-05:00,103.19532541002806,103.37308221790926,102.5310518664775,102.66204071044922,5470400,0.0,0.0
2017-02-24 00:00:00-05:00,102.55911891675945,103.21402740478516,102.07260935025418,103.21402740478516,4786800,0.0,0.0
2017-02-27 00:00:00-05:00,102.84915025762223,103.35436844325076,102.75559292057262,103.12982940673828,3547700,0.0,0.0
2017-02-28 00:00:00-05:00,102.91464087027077,103.2888773555743,102.75559268385612,102.99884033203125,4766000,0.0,0.0
2017-03-01 00:00:00-05:00,103.5321364156945,104.59870580316058,103.5321364156945,103.88765716552734,7418100,0.0,0.0
2017-03-02 00:00:00-05:00,103.85022336969375,104.046695908702,103.33564733564815,103.46662902832031,4715600,0.0,0.0
2017-03-03 00:00:00-05:00,103.4666346670196,104.31802285375437,102.95206574289806,104.07476806640625,5837900,0.0,0.0
2017-03-06 00:00:00-05:00,103.63504598950739,103.83152568716291,102.99884607043678,103.54148864746094,4983200,0.0,0.0
2017-03-07 00:00:00-05:00,103.56956369940816,103.78475202807766,103.06435258299292,103.7192611694336,5114400,0.0,0.0
2017-03-08 00:00:00-05:00,103.728612262524,104.14962387799427,103.53213969944001,103.7005386352539,4929900,0.0,0.0
2017-03-09 00:00:00-05:00,103.75668731422375,104.14963247281905,103.56021473492609,103.87831115722656,4005700,0.0,0.0
2017-03-10 00:00:00-05:00,104.22447588184633,104.31803322844866,103.56020944161148,103.775390625,4027400,0.0,0.0
2017-03-13 00:00:00-04:00,103.77537979801563,104.48642840635128,103.68182246117425,104.33673095703125,5213600,0.0,0.0
2017-03-14 00:00:00-04:00,104.53322359373348,105.61850168388311,104.52386571749987,105.07585906982422,7273500,0.0,0.0
2017-03-15 00:00:00-04:00,105.18813433084703,105.2068429457303,103.99058311520587,104.6642074584961,5319500,0.0,0.0
2017-03-16 00:00:00-04:00,104.95422318855012,105.08520488891962,104.22446596135795,104.51449584960938,4409400,0.0,0.0
2017-03-17 00:00:00-04:00,104.66419451092247,104.87001780105003,104.01863673880057,104.561279296875,9061200,0.0,0.0
2017-03-20 00:00:00-04:00,104.85130535969856,105.87109958766604,104.83259674781283,105.45008087158203,8156300,0.0,0.0
2017-03-21 00:00:00-04:00,105.69334379726526,105.81496762881115,104.3554530983897,104.55192565917969,7109800,0.0,0.0
2017-03-22 00:00:00-04:00,104.64548368358336,104.95422934025117,104.17768982971131,104.86067199707031,5044700,0.0,0.0
2017-03-23 00:00:00-04:00,104.5145079756713,105.70270842998232,104.4677328703794,105.01036834716797,8307900,0.0,0.0
2017-03-24 00:00:00-04:00,105.16005624711349,105.32846231437163,104.4864319780809,104.91680145263672,4707300,0.0,0.0
2017-03-27 00:00:00-04:00,104.60806505534013,105.30040513637492,104.27125289104433,105.14134979248047,4469800,0.0,0.0
2017-03-28 00:00:00-04:00,105.34718494221158,105.94596056368455,104.80454230463657,105.76820373535156,6280900,0.0,0.0
2017-03-29 00:00:00-04:00,105.40330820904724,105.66527160930507,105.07584682075765,105.28167724609375,3781200,0.0,0.0
2017-03-30 00:00:00-04:00,105.28168285093913,106.00208937796751,105.04778592569028,105.88981628417969,4192800,0.0,0.0
2017-03-31 00:00:00-04:00,105.72140982114826,106.38567622984006,105.67462758108458,106.08628845214844,4617400,0.0,0.0
2017-04-03 00:00:00-04:00,105.88981494649254,106.32954230248022,105.18812417961031,105.90852355957031,4643300,0.0,0.0
2017-04-04 00:00:00-04:00,105.86175769408764,106.23599423000296,105.56236989294902,105.75884246826172,3386100,0.0,0.0
2017-04-05 00:00:00-04:00,106.26406291949118,106.50731060559556,105.52494770870854,105.72142028808594,4795100,0.0,0.0
2017-04-06 00:00:00-04:00,105.58108189241098,106.11436665334685,105.15071236060031,105.76820373535156,4744000,0.0,0.0
2017-04-07 00:00:00-04:00,105.55300737925091,105.98337687835684,105.28168608108173,105.3284683227539,4300700,0.0,0.0
2017-04-10 00:00:00-04:00,105.53429562972364,105.61849509667032,104.82324697764723,105.18812561035156,4053600,0.0,0.0
2017-04-11 00:00:00-04:00,106.35761246248315,106.49795204829755,105.33781813433512,105.78690338134766,5230800,0.0,0.0
2017-04-12 00:00:00-04:00,105.74948459192258,105.98338153462362,105.49687903451147,105.75884246826172,4086300,0.0,0.0
2017-04-13 00:00:00-04:00,105.75883324104527,106.89089348839248,105.7120510013994,105.90852355957031,6530800,0.0,0.0
2017-04-17 00:00:00-04:00,106.03016024734589,106.6008693395682,105.92724502494724,106.451171875,5120200,0.0,0.0
2017-04-18 00:00:00-04:00,106.17050373961916,107.3586970719535,105.72141846737033,106.83477020263672,6191100,0.0,0.0
2017-04-19 00:00:00-04:00,107.18092845097222,107.59258933780573,106.22663210363844,106.4043960571289,5303400,0.0,0.0
2017-04-20 00:00:00-04:00,106.81605119217558,107.63937297652708,106.53537915130231,107.3961181640625,5279300,0.0,0.0
2017-04-21 00:00:00-04:00,107.01250918109253,107.70484915777418,106.90959397207139,107.06864929199219,6654500,0.0,0.0
2017-04-24 00:00:00-04:00,107.83584156822843,107.94810752524879,106.33890265822563,106.3763198852539,7294600,0.0,0.0
2017-04-25 00:00:00-04:00,106.40438708432097,108.0790827044227,106.35760484641021,107.760986328125,6918300,0.0,0.0
2017-04-26 00:00:00-04:00,107.96681732445789,108.49074412958254,107.46159913181596,108.13522338867188,4809800,0.0,0.0
2017-04-27 00:00:00-04:00,108.34106940295209,108.62174145837768,107.95747498117817,108.37848663330078,3910800,0.0,0.0
2017-04-28 00:00:00-04:00,108.40655097345847,108.43461746279912,107.81712614543363,108.15393829345703,3987600,0.0,0.0
2017-05-01 00:00:00-04:00,108.14457994254707,108.1632956940038,107.33062320337321,107.33998107910156,4963300,0.0,0.0
2017-05-02 00:00:00-04:00,107.470967704397,107.5832336664027,106.35761599471985,107.003173828125,6604600,0.0,0.0
2017-05-03 00:00:00-04:00,106.68505262082228,106.74118559253338,104.01862939504149,104.43029022216797,11521200,0.0,0.0
2017-05-04 00:00:00-04:00,103.45728405644053,104.1309083065565,102.03518683109186,104.00927734375,10691200,0.0,0.0
2017-05-05 00:00:00-04:00,104.3086801067221,104.92617147078467,103.7753953550173,104.77647399902344,5871400,0.0,0.0
2017-05-08 00:00:00-04:00,105.15070822382907,105.15070822382907,103.85024180292004,104.2431869506836,5980100,0.0,0.0
2017-05-09 00:00:00-04:00,104.3648082783951,104.92615945729129,103.24209878263522,104.85131072998047,9337400,0.0,0.0
2017-05-10 00:00:00-04:00,101.97905109982665,102.59654235839844,101.16508729660943,102.59654235839844,17061100,0.0,0.0
2017-05-11 00:00:00-04:00,102.67140359370518,102.9240162980017,101.51127671558679,102.52171325683594,8021300,0.0,0.0
2017-05-12 00:00:00-04:00,102.72753374974803,102.81173321769937,102.23166626593053,102.62461853027344,5067700,0.0,0.0
2017-05-15 00:00:00-04:00,102.66203578959329,102.98949003890779,102.09132675308774,102.10067749023438,6241300,0.0,0.0
2017-05-16 00:00:00-04:00,102.100685180872,102.19424966312434,100.87506755341896,101.02476501464844,10047100,0.0,0.0
2017-05-17 00:00:00-04:00,101.02476293282683,101.02476293282683,98.451896759199,99.46232604980469,12763200,0.0,0.0
2017-05-18 00:00:00-04:00,99.15358604325266,100.3979122400277,99.15358604325266,99.8084945678711,6532200,0.0,0.0
2017-05-19 00:00:00-04:00,99.88334932462823,100.91249441313239,99.82720920629556,100.59439086914062,6336700,0.0,0.0
2017-05-22 00:00:00-04:00,100.71601952364172,101.2305884870554,100.49148046938788,100.69730377197266,5487200,0.0,0.0
2017-05-23 00:00:00-04:00,100.74409354064757,100.8563666451473,100.02369408285394,100.12660217285156,7542600,0.0,0.0
2017-05-24 00:00:00-04:00,100.24821372606982,100.88441358567123,100.04238331002716,100.77214050292969,4366700,0.0,0.0
2017-05-25 00:00:00-04:00,101.16508718969546,101.16508718969546,99.90204532518547,100.36048126220703,8030400,0.0,0.0
2017-05-26 00:00:00-04:00,100.77214733483902,101.50190457721588,100.5569661674548,101.42706298828125,6236800,0.0,0.0
2017-05-30 00:00:00-04:00,101.50189657422034,101.60481178110444,100.99667841441665,101.36155700683594,4813400,0.0,0.0
2017-05-31 00:00:00-04:00,101.41770467595975,101.65160159304547,100.7066560493883,100.98733520507812,9963600,0.0,0.0
2017-06-01 00:00:00-04:00,100.790873953502,101.23995208740234,100.26693994666061,101.23995208740234,5907400,0.0,0.0
2017-06-02 00:00:00-04:00,101.47384201849128,101.64224809155847,100.06110257987025,100.27629089355469,10876900,0.0,0.0
2017-06-05 00:00:00-04:00,100.14529248358171,100.31369852856287,99.27519577417354,99.65878295898438,6372800,0.0,0.0
2017-06-06 00:00:00-04:00,99.33133263327954,99.35004838232517,97.87181827826183,98.7044906616211,9589500,0.0,0.0
2017-06-07 00:00:00-04:00,98.97582642159739,99.40619591913821,98.74192949002294,99.09745025634766,5777700,0.0,0.0
2017-06-08 00:00:00-04:00,99.09745629870629,99.09745629870629,97.45082693935767,97.60051727294922,11002400,0.0,0.0
2017-06-09 00:00:00-04:00,97.5630812690363,99.09744447968497,97.37596658987133,98.8167724609375,9392500,0.0,0.0
2017-06-12 00:00:00-04:00,98.816769083469,100.29499212946986,98.816769083469,100.14530181884766,8049500,0.0,0.0
2017-06-13 00:00:00-04:00,100.23886296274702,100.35113605345371,99.32199103819522,99.69622039794922,4918900,0.0,0.0
2017-06-14 00:00:00-04:00,100.06109980078249,100.11723991555749,98.94775531228528,99.30327606201172,4781100,0.0,0.0
2017-06-15 00:00:00-04:00,99.11615535033019,99.32198577005794,98.45188899264244,99.15357971191406,5309900,0.0,0.0
2017-06-16 00:00:00-04:00,99.43426662660093,99.49975748470101,98.02152710133547,98.7138671875,8683400,0.0,0.0
2017-06-19 00:00:00-04:00,98.79806693169269,99.17230346670787,98.41447965832909,98.5828857421875,5956200,0.0,0.0
2017-06-20 00:00:00-04:00,98.30219901548959,98.51738732645549,97.12335651891185,97.24498748779297,7895700,0.0,0.0
2017-06-21 00:00:00-04:00,97.66598909244375,98.31154682125072,96.87074105922711,98.0495834350586,7765700,0.0,0.0
2017-06-22 00:00:00-04:00,97.96538634875469,98.02151932611129,97.3853194101885,97.50695037841797,6156000,0.0,0.0
2017-06-23 00:00:00-04:00,97.14207908113795,97.84376990292374,96.52458773174173,97.637939453125,18147900,0.0,0.0
2017-06-26 00:00:00-04:00,97.86246784109397,99.0319524164846,97.8250434781254,98.76998901367188,5867000,0.0,0.0
2017-06-27 00:00:00-04:00,98.54545918942654,99.31264085710802,98.3676952331938,98.62030792236328,5694500,0.0,0.0
2017-06-28 00:00:00-04:00,99.1910008450568,100.61309808942626,97.78761935120052,99.97689819335938,7874400,0.0,0.0
2017-06-29 00:00:00-04:00,99.92077242589065,100.49148151226636,98.54545732062351,98.9009780883789,7268700,0.0,0.0
2017-06-30 00:00:00-04:00,99.40620422363281,99.6962341588648,98.70451337028952,99.40620422363281,5113800,0.0,0.0
2017-07-03 00:00:00-04:00,99.88336040616234,101.62355437021229,99.88336040616234,100.53826904296875,5399400,0.0,0.0
2017-07-05 00:00:00-04:00,100.88441553139558,100.90312414322983,98.50802210228605,98.82611846923828,8049700,0.0,0.0
2017-07-06 00:00:00-04:00,98.59992763059536,98.67533318174996,97.02587450335601,97.41231536865234,8690800,0.78,0.0
2017-07-07 00:00:00-04:00,97.56311957669482,97.77048123218226,96.81850599156655,97.384033203125,6030900,0.0,0.0
2017-07-10 00:00:00-04:00,97.36518676406483,97.94014147460163,96.95989093845806,97.63851928710938,4421300,0.0,0.0
2017-07-11 00:00:00-04:00,97.64792847127708,98.20403528637152,97.26148770037257,97.87413787841797,4557300,0.0,0.0
2017-07-12 00:00:00-04:00,98.34542253464309,98.6376172085044,97.69506951839173,98.38312530517578,5203300,0.0,0.0
2017-07-13 00:00:00-04:00,98.449097950165,99.28796477301903,98.06265715779308,98.29829406738281,5339500,0.0,0.0
2017-07-14 00:00:00-04:00,98.43024472012287,99.20313345320827,98.41139693246745,99.05232238769531,4370300,0.0,0.0
2017-07-17 00:00:00-04:00,99.12774257330261,99.3633795046974,98.69417148246441,98.76957702636719,3973800,0.0,0.0
2017-07-18 00:00:00-04:00,98.59049188168323,99.72155348106506,98.31715217494268,99.67442321777344,5740500,0.0,0.0
2017-07-19 00:00:00-04:00,100.03259261598147,100.73008314596342,99.95719425931136,100.68295288085938,5789400,0.0,0.0
2017-07-20 00:00:00-04:00,100.843164593119,101.52180000817025,100.61695518512438,101.19190979003906,6185500,0.0,0.0
2017-07-21 00:00:00-04:00,100.94686645620435,101.16365561108434,100.67352673529865,100.93743896484375,4328500,0.0,0.0
2017-07-24 00:00:00-04:00,101.14478757249836,101.36157669939502,100.75834676942344,100.85260009765625,4615500,0.0,0.0
2017-07-25 00:00:00-04:00,101.41813773794641,101.55009384932134,100.09856943312835,100.3059310913086,5394700,0.0,0.0
2017-07-26 00:00:00-04:00,100.4284504045432,100.88086922891559,100.20223380128945,100.7960433959961,4149000,0.0,0.0
2017-07-27 00:00:00-04:00,101.50296908275817,103.68025207519531,101.26733214622364,103.68025207519531,10468700,0.0,0.0
2017-07-28 00:00:00-04:00,103.66140258903471,103.85933674955841,103.36920790258385,103.64254760742188,4864500,0.0,0.0
2017-07-31 00:00:00-04:00,103.69909891595138,103.81220723323635,103.05816616680696,103.61427307128906,6815300,0.0,0.0
2017-08-01 00:00:00-04:00,103.66140836182552,104.46257253934272,103.63312588783126,104.25521087646484,5987200,0.0,0.0
2017-08-02 00:00:00-04:00,103.56714050445434,103.56714050445434,101.34272731813826,102.4266586303711,8812700,0.0,0.0
2017-08-03 00:00:00-04:00,102.28527281941183,102.8979302601067,101.84228144273041,102.8508071899414,6895800,0.0,0.0
2017-08-04 00:00:00-04:00,102.01195214170747,102.26643688509306,101.15423018708708,101.50297546386719,8503800,0.0,0.0
2017-08-07 00:00:00-04:00,101.40869385085357,101.46525159734755,100.0137274158401,100.23993682861328,8093100,0.0,0.0
2017-08-08 00:00:00-04:00,100.42845969700095,100.98455938488593,100.07971446135001,100.83375549316406,9787100,0.0,0.0
2017-08-09 00:00:00-04:00,94.92396902266584,97.08240391436975,94.72603488732193,96.92217254638672,27877600,0.0,0.0
2017-08-10 00:00:00-04:00,96.61113769668464,96.91275266819252,95.40467781065304,95.52720642089844,12259900,0.0,0.0
2017-08-11 00:00:00-04:00,95.432948886347,96.62056093043165,95.22558725424533,96.13043212890625,9410400,0.0,0.0
2017-08-14 00:00:00-04:00,96.8938936049897,96.90331390317304,95.44236947628355,95.57432556152344,9707300,0.0,0.0
2017-08-15 00:00:00-04:00,95.79111778150305,96.23411634006405,95.53663307289783,95.67801666259766,8868500,0.0,0.0
2017-08-16 00:00:00-04:00,95.98905140363566,96.75251990739571,95.87595028535124,96.328369140625,6698800,0.0,0.0
2017-08-17 00:00:00-04:00,96.3660648408598,96.6959550634349,95.5177705606185,95.55547332763672,6612400,0.0,0.0
2017-08-18 00:00:00-04:00,95.49893294568265,95.89480125494269,94.87685520128377,94.91455078125,6893900,0.0,0.0
2017-08-21 00:00:00-04:00,94.85799484179896,95.59318085761646,94.75431402509977,95.3575439453125,6492700,0.0,0.0
2017-08-22 00:00:00-04:00,95.583757695967,96.99757912744694,95.35754108936148,96.86561584472656,6888700,0.0,0.0
2017-08-23 00:00:00-04:00,96.59228659449822,97.06356042075909,95.64973894197647,95.66858673095703,5954400,0.0,0.0
2017-08-24 00:00:00-04:00,95.97020615016264,96.16814030345856,95.60261312388903,95.68743896484375,6976600,0.0,0.0
2017-08-25 00:00:00-04:00,95.84767828454477,96.79022598818725,95.72514248078754,96.52631378173828,6186900,0.0,0.0
2017-08-28 00:00:00-04:00,96.60170841333048,96.94102614886238,96.21526760907184,96.66768646240234,5630400,0.0,0.0
2017-08-29 00:00:00-04:00,96.1398644977278,97.07298469847136,95.97020562567732,96.67711639404297,6011700,0.0,0.0
2017-08-30 00:00:00-04:00,96.59228401477952,97.50654917281102,96.59228401477952,96.95987701416016,6573200,0.0,0.0
2017-08-31 00:00:00-04:00,97.08242264344054,97.26150902518701,95.19732705813101,95.38583374023438,9823800,0.0,0.0
2017-09-01 00:00:00-04:00,95.80997031704887,96.06445501915987,95.53663063488942,95.66858673095703,7827400,0.0,0.0
2017-09-05 00:00:00-04:00,96.13986843048859,96.65827255825685,95.10306736602055,95.76284790039062,9346100,0.0,0.0
2017-09-06 00:00:00-04:00,95.91365113411169,96.17756332624691,95.09363208763332,95.66858673095703,7531000,0.0,0.0
2017-09-07 00:00:00-04:00,95.71573320900198,96.00792072965304,90.67309666068363,91.48368835449219,26419400,0.0,0.0
2017-09-08 00:00:00-04:00,90.94643123079175,91.88897898956769,90.72964927327176,91.49311065673828,13147700,0.0,0.0
2017-09-11 00:00:00-04:00,92.27542380918035,92.3885249340111,91.38942664564101,91.51195526123047,9610300,0.0,0.0
2017-09-12 00:00:00-04:00,91.98322403237658,92.70898976818451,91.54965296536643,92.2659912109375,9151700,0.0,0.0
2017-09-13 00:00:00-04:00,92.5958834776422,93.26509147768948,92.38852183431833,93.14256286621094,7615300,0.0,0.0
2017-09-14 00:00:00-04:00,93.11428801915052,93.1614110894454,91.93610339575466,92.27542114257812,9710000,0.0,0.0
2017-09-15 00:00:00-04:00,92.41681083893845,93.24625027980194,92.36968057446276,92.85980224609375,23870300,0.0,0.0
2017-09-18 00:00:00-04:00,92.7372679194443,93.04831038727916,92.10576268431413,92.46392822265625,7013600,0.0,0.0
2017-09-19 00:00:00-04:00,92.58647195738193,93.00118809228515,92.44508835161245,92.77497863769531,6970300,0.0,0.0
2017-09-20 00:00:00-04:00,93.08601873818422,93.57614040903538,92.95406262714474,93.51016235351562,6459100,0.0,0.0
2017-09-21 00:00:00-04:00,93.49130140519506,93.67980805413153,93.07657814825359,93.20853424072266,4958000,0.0,0.0
2017-09-22 00:00:00-04:00,92.88807285546332,93.30278892739186,92.86921787565376,92.93519592285156,6359100,0.0,0.0
2017-09-25 00:00:00-04:00,92.9352072023955,93.92488522154751,92.76554831885711,93.84947967529297,7492500,0.0,0.0
2017-09-26 00:00:00-04:00,93.91545328938626,94.009706622213,92.9446302982409,92.9634780883789,6220500,0.0,0.0
2017-09-27 00:00:00-04:00,93.28394455205549,93.81176894895181,92.38851994609999,93.5384292602539,7596600,0.0,0.0
2017-09-28 00:00:00-04:00,93.0954297311082,93.35934911787088,92.3696711929478,92.41680145263672,7149600,0.0,0.0
2017-09-29 00:00:00-04:00,92.26599627512212,92.9257768065534,92.0492143252526,92.90692901611328,8185900,0.0,0.0
2017-10-02 00:00:00-04:00,93.60441385917771,94.66949740880992,93.4159071874019,94.12281799316406,6923300,0.0,0.0
2017-10-03 00:00:00-04:00,94.30190631913213,95.05594021292832,94.16995020794108,94.9993896484375,5447700,0.0,0.0
2017-10-04 00:00:00-04:00,94.95224199357587,95.13132833642226,94.4432654331709,94.77316284179688,5126100,0.0,0.0
2017-10-05 00:00:00-04:00,94.85799330931022,95.07478242919737,94.273611187453,94.35844421386719,4736700,0.0,0.0
2017-10-06 00:00:00-04:00,94.20763144326875,94.50924639306778,93.63267682161,94.32073974609375,4360200,0.0,0.0
2017-10-09 00:00:00-04:00,95.01823687796367,95.17847546152176,93.73637135591116,93.84947967529297,5429600,0.0,0.0
2017-10-10 00:00:00-04:00,94.24535045716647,94.32075600538177,92.99176737566428,93.8589096069336,7704400,0.0,0.0
2017-10-11 00:00:00-04:00,93.85891516075935,93.85891516075935,92.41681812338707,92.88809204101562,7984000,0.0,0.0
2017-10-12 00:00:00-04:00,91.95494745685933,92.20001186208735,91.24803671148725,91.36114501953125,11018200,0.0,0.0
2017-10-13 00:00:00-04:00,91.23862895546633,92.06806842194548,91.23862895546633,91.7853012084961,6858000,0.0,0.0
2017-10-16 00:00:00-04:00,92.03034881025404,92.62415122057753,91.93609548670442,92.49219512939453,4911600,0.0,0.0
2017-10-17 00:00:00-04:00,92.74669477518327,92.81267282629652,92.23771815613757,92.70899200439453,5942500,0.0,0.0
2017-10-18 00:00:00-04:00,92.70899698958654,92.83152560793745,91.9455356154989,92.60531616210938,5404300,0.0,0.0
2017-10-19 00:00:00-04:00,92.5487664016706,93.59499498542526,92.4733608553839,93.3216552734375,5634300,0.0,0.0
2017-10-20 00:00:00-04:00,93.73637783710798,93.93431920747956,93.25568362640325,93.68925476074219,5938700,0.0,0.0
2017-10-23 00:00:00-04:00,93.4253402617777,93.48189082847641,92.96348666350819,93.02946472167969,5888200,0.0,0.0
2017-10-24 00:00:00-04:00,92.85978729421167,93.18025722069446,92.42621625690826,92.64300537109375,4966200,0.0,0.0
2017-10-25 00:00:00-04:00,92.41680452668557,92.5770359092488,91.85127015587936,92.18116760253906,5144400,0.0,0.0
2017-10-26 00:00:00-04:00,91.97381391827334,93.76465613498262,91.66277142562548,92.89750671386719,6167500,0.0,0.0
2017-10-27 00:00:00-04:00,92.27543200117638,92.70900313067877,91.32345669994882,92.66187286376953,7868700,0.0,0.0
2017-10-30 00:00:00-04:00,92.48277705807887,92.68071119962028,92.08690158392824,92.4073715209961,7093200,0.0,0.0
2017-10-31 00:00:00-04:00,92.31312571028711,92.45450211499184,91.78529409880535,92.19058990478516,5701700,0.0,0.0
2017-11-01 00:00:00-04:00,92.49220548883596,93.74579568654845,92.36967687360459,93.34049987792969,6920400,0.0,0.0
2017-11-02 00:00:00-04:00,93.18969855876546,93.4253354960821,92.388527219034,92.69956970214844,6799200,0.0,0.0
2017-11-03 00:00:00-04:00,92.70898058927261,93.67037595727156,92.27540956518936,92.97289276123047,5416900,0.0,0.0
2017-11-06 00:00:00-05:00,92.71842901174955,95.31985574357688,92.69957402888573,94.8580093383789,14728700,0.0,0.0
2017-11-07 00:00:00-05:00,95.47067044384697,96.98817302352859,94.95226626156968,95.77228546142578,12177500,0.0,0.0
2017-11-08 00:00:00-05:00,96.02676205404644,96.13987037268137,94.65064320379709,95.36698150634766,8023200,0.0,0.0
2017-11-09 00:00:00-05:00,95.03708802754903,97.94013672166106,95.008812746611,96.78079986572266,13172500,0.0,0.0
2017-11-10 00:00:00-05:00,98.95808124927797,100.13626587713273,98.10036657955521,98.76014709472656,16701500,0.0,0.0
2017-11-13 00:00:00-05:00,98.15693062489603,99.09947845666271,98.00612671116939,98.72245788574219,7856000,0.0,0.0
2017-11-14 00:00:00-05:00,98.56222122540146,98.56222122540146,97.08242149606535,97.2426528930664,6929300,0.0,0.0
2017-11-15 00:00:00-05:00,96.84677569242143,97.98725754081032,96.56400850740313,97.73277282714844,5691500,0.0,0.0
2017-11-16 00:00:00-05:00,97.67621687016317,98.00611432243532,96.85620496246636,97.64794158935547,6410900,0.0,0.0
2017-11-17 00:00:00-05:00,97.28977732697577,98.01553591116986,97.05414039572116,97.49713897705078,7500800,0.0,0.0
2017-11-20 00:00:00-05:00,97.47828412034329,97.47828412034329,96.79964860689027,96.8467788696289,5112600,0.0,0.0
2017-11-21 00:00:00-05:00,97.05412981223577,97.24263646025595,96.88447095259055,97.08240509033203,5725900,0.0,0.0
2017-11-22 00:00:00-05:00,97.28977499924262,97.38402833127569,96.7902258675059,96.83734893798828,4140700,0.0,0.0
2017-11-24 00:00:00-05:00,96.99758730406644,97.00700760350169,96.56400903372364,96.74309539794922,2217600,0.0,0.0
2017-11-27 00:00:00-05:00,96.73366462933521,97.05413457598047,96.4980277122103,96.88447570800781,4007500,0.0,0.0
2017-11-28 00:00:00-05:00,96.66767798230804,97.9118405064258,96.30008499957329,97.4688491821289,8401100,0.0,0.0
2017-11-29 00:00:00-05:00,97.55369447493068,100.15512834109477,97.48771641848411,99.1937255859375,14503100,0.0,0.0
2017-11-30 00:00:00-05:00,99.30684353080034,99.63673384500129,98.4679765070881,98.79786682128906,9949000,0.0,0.0
2017-12-01 00:00:00-05:00,98.5716502201874,99.76868275689921,97.90244214803272,99.20315551757812,9258400,0.0,0.0
2017-12-04 00:00:00-05:00,100.38133270195745,106.19685043874024,100.38133270195745,103.88761138916016,17824000,0.0,0.0
2017-12-05 00:00:00-05:00,103.23724995911388,103.71795130673098,100.40017932660486,101.05996704101562,13055600,0.0,0.0
2017-12-06 00:00:00-05:00,101.01284069024966,101.78572955797883,99.30683156307073,99.40108489990234,8121700,0.0,0.0
2017-12-07 00:00:00-05:00,99.66498904700488,99.91005345577283,98.48680445436605,99.21257019042969,9948600,0.0,0.0
2017-12-08 00:00:00-05:00,99.67813976331416,99.74464857201224,98.88953013952519,99.03205108642578,6536600,0.84,0.0
2017-12-11 00:00:00-05:00,99.64014907927108,101.51189934133156,99.5451302673882,101.50240325927734,7434000,0.0,0.0
2017-12-12 00:00:00-05:00,101.79691781652903,102.45250977304553,101.27434346728894,102.07245635986328,8147000,0.0,0.0
2017-12-13 00:00:00-05:00,102.75656320760832,102.79456927831342,101.42637972859747,102.24349212646484,10368300,0.0,0.0
2017-12-14 00:00:00-05:00,101.93944492733613,105.97749728304711,101.85392946095516,105.05587005615234,27571300,0.0,0.0
2017-12-15 00:00:00-05:00,106.39555352930098,106.4145529385169,105.0843695770022,105.72095489501953,19978600,0.0,0.0
2017-12-18 00:00:00-05:00,106.26253049376159,106.4050514365347,104.80883282509159,105.49292755126953,12270000,0.0,0.0
2017-12-19 00:00:00-05:00,105.77797334223355,106.78510881022639,105.24589561949689,106.2340316772461,10546600,0.0,0.0
2017-12-20 00:00:00-05:00,106.0535159467568,106.69960465338845,104.21976470947266,104.21976470947266,8661100,0.0,0.0
2017-12-21 00:00:00-05:00,104.24826435743634,105.54993781310533,103.74469661920672,104.10574340820312,9372800,0.0,0.0
2017-12-22 00:00:00-05:00,104.02973192228204,104.2197622720923,103.0415958500186,103.25062561035156,7378400,0.0,0.0
2017-12-26 00:00:00-05:00,103.07960132082964,103.91572035730155,102.5095247725457,102.72805786132812,3982400,0.0,0.0
2017-12-27 00:00:00-05:00,103.01309580579782,103.13661734863642,102.10097184958671,102.2719955444336,5624000,0.0,0.0
2017-12-28 00:00:00-05:00,102.61403325827118,102.66154265471647,101.72090879729603,102.39550018310547,3477700,0.0,0.0
2017-12-29 00:00:00-05:00,102.66153136793702,102.93706264049564,102.1484603881836,102.1484603881836,4538400,0.0,0.0
2018-01-02 00:00:00-05:00,103.51665687926291,106.23402916149335,103.14610677249661,106.22453308105469,11014300,0.0,0.0
2018-01-03 00:00:00-05:00,106.59508717730273,107.54521717870793,105.8919857570429,106.68059539794922,9237900,0.0,0.0
2018-01-04 00:00:00-05:00,107.31717463106172,107.36468402798573,106.06300339077995,106.63308715820312,7417400,0.0,0.0
2018-01-05 00:00:00-05:00,107.06064804754561,107.06064804754561,105.69245853610202,106.05351257324219,6008300,0.0,0.0
2018-01-08 00:00:00-05:00,105.35991803964468,105.73046816999943,104.07724395388469,104.5333023071289,8052600,0.0,0.0
2018-01-09 00:00:00-05:00,104.63781041346233,105.3314084772872,104.3812785124904,104.45729064941406,5838000,0.0,0.0
2018-01-10 00:00:00-05:00,104.47629623869612,104.98936731990322,103.57367561831798,104.01073455810547,6060000,0.0,0.0
2018-01-11 00:00:00-05:00,104.75183895288878,105.54044864120844,104.04874473927364,105.4549331665039,6427000,0.0,0.0
2018-01-12 00:00:00-05:00,105.76847873426229,107.09866227741534,105.46443740287735,106.86112976074219,5899900,0.0,0.0
2018-01-16 00:00:00-05:00,107.43119034013526,107.51670580282983,105.10337492322759,105.16988372802734,8069200,0.0,0.0
2018-01-17 00:00:00-05:00,105.6544432719453,106.61407651237221,105.05586403723801,106.38604736328125,7030700,0.0,0.0
2018-01-18 00:00:00-05:00,106.16751655702066,106.40504903998718,104.70431559207694,104.91334533691406,8070900,0.0,0.0
2018-01-19 00:00:00-05:00,105.4359212673211,105.54993222153459,104.362269789036,105.07486724853516,10514300,0.0,0.0
2018-01-22 00:00:00-05:00,104.77082340765912,105.99649187805834,104.57129699372196,105.55943298339844,8073600,0.0,0.0
2018-01-23 00:00:00-05:00,104.7708371238891,105.5974528746316,104.40979031553333,104.90386199951172,7477300,0.0,0.0
2018-01-24 00:00:00-05:00,105.42640823027861,105.87297042360429,104.78982296481738,104.98934936523438,7211800,0.0,0.0
2018-01-25 00:00:00-05:00,105.08437501372501,106.24353475660301,104.62831667978658,105.03687286376953,6291000,0.0,0.0
2018-01-26 00:00:00-05:00,105.28390112780747,106.91812585887887,105.15088351006133,106.59508514404297,7743800,0.0,0.0
2018-01-29 00:00:00-05:00,106.50957139509913,106.84211544483149,105.69245901637582,105.97750091552734,6847800,0.0,0.0
2018-01-30 00:00:00-05:00,105.863472793631,106.81360270328251,104.60930160284765,104.61880493164062,8393900,0.0,0.0
2018-01-31 00:00:00-05:00,104.5903123930765,104.62831846303855,103.06060250945794,103.25062561035156,9841400,0.0,0.0
2018-02-01 00:00:00-05:00,103.2031274933894,105.13189031362228,102.0059616140005,104.97986602783203,9518900,0.0,0.0
2018-02-02 00:00:00-05:00,104.46679153899059,105.06537808367509,103.04159652618625,103.27912902832031,9947700,0.0,0.0
2018-02-05 00:00:00-05:00,101.75891280208651,103.21261041728665,98.82301483396323,99.47859954833984,15107900,0.0,0.0
2018-02-06 00:00:00-05:00,97.74936167073868,100.90379265421474,96.68522082021211,100.87528991699219,17765100,0.0,0.0
2018-02-07 00:00:00-05:00,102.4525126239711,102.642535711392,99.20306998622723,99.53561401367188,12445000,0.0,0.0
2018-02-08 00:00:00-05:00,100.21020758256493,100.54275161726028,96.14365253219603,96.29566955566406,12667500,0.0,0.0
2018-02-09 00:00:00-05:00,97.435826904548,98.57597991727779,95.26002850204611,97.94889068603516,12479700,0.0,0.0
2018-02-12 00:00:00-05:00,98.74701119440482,99.42160262456521,97.00827155458651,98.23394012451172,9584700,0.0,0.0
2018-02-13 00:00:00-05:00,97.52134797342173,99.10806342078286,97.29331879060095,98.92754364013672,8447900,0.0,0.0
2018-02-14 00:00:00-05:00,98.32894588042919,99.53561496877057,97.56884627453589,99.38359069824219,7425700,0.0,0.0
2018-02-15 00:00:00-05:00,100.10569317740587,100.30521959915961,98.7470070444878,99.9346694946289,6494700,0.0,0.0
2018-02-16 00:00:00-05:00,99.94417549036753,101.99645248952817,99.94417549036753,101.21734619140625,8746400,0.0,0.0
2018-02-20 00:00:00-05:00,101.06532855456815,102.20548163068973,100.25771227265587,100.69477844238281,6734500,0.0,0.0
2018-02-21 00:00:00-05:00,100.71378550573407,101.57840733248044,99.7826548653085,99.81116485595703,6743300,0.0,0.0
2018-02-22 00:00:00-05:00,100.05818513872092,100.72328046918236,99.69713835858452,99.9916763305664,4462200,0.0,0.0
2018-02-23 00:00:00-05:00,100.4762409450291,102.00595072514567,100.17219965482111,101.90143585205078,6101100,0.0,0.0
2018-02-26 00:00:00-05:00,102.61403030469778,104.3337631225586,102.30048569458248,104.3337631225586,8138200,0.0,0.0
2018-02-27 00:00:00-05:00,102.61402532504952,102.76604958278834,99.62111480328579,99.64012145996094,14179600,0.0,0.0
2018-02-28 00:00:00-05:00,100.19120263347487,100.30522083970844,97.99640471812266,98.01541137695312,10760800,0.0,0.0
2018-03-01 00:00:00-05:00,98.05341327583578,98.84202291698648,96.27667481196411,97.454833984375,10487300,0.0,0.0
2018-03-02 00:00:00-05:00,96.91324765604831,98.02489787471615,96.38117724347205,97.85387420654297,7835400,0.0,0.0
2018-03-05 00:00:00-05:00,97.58784203159884,98.78500774599834,97.31230348826553,98.25293731689453,5736700,0.0,0.0
2018-03-06 00:00:00-05:00,98.81352521349798,99.71614586155448,98.34796351863116,99.70664978027344,6216200,0.0,0.0
2018-03-07 00:00:00-05:00,98.54748699621133,99.04155141790005,97.6448591263776,98.42396545410156,6214800,0.0,0.0
2018-03-08 00:00:00-05:00,98.80401205934507,99.37408858295757,98.30994767192524,98.8420181274414,6627000,0.0,0.0
2018-03-09 00:00:00-05:00,99.22206871760281,99.52611000474897,98.47146520426031,99.50711059570312,5618400,0.0,0.0
2018-03-12 00:00:00-04:00,99.49761529570142,100.65677506177109,99.49761529570142,99.9251708984375,6485300,0.0,0.0
2018-03-13 00:00:00-04:00,100.55225541412108,100.55225541412108,98.26243873086861,98.5569839477539,6716700,0.0,0.0
2018-03-14 00:00:00-04:00,99.31708513405808,99.43110334067619,98.30994968013898,98.718505859375,6235900,0.0,0.0
2018-03-15 00:00:00-04:00,98.81351620725378,99.08905476654782,98.09141540527344,98.09141540527344,5174600,0.0,0.0
2018-03-16 00:00:00-04:00,98.39545288418786,99.07004426223921,97.71135817717351,97.7398681640625,10468000,0.0,0.0
2018-03-19 00:00:00-04:00,97.67336841198299,97.81588211505644,95.9631314859343,96.41919708251953,6528300,0.0,0.0
2018-03-20 00:00:00-04:00,96.47619656689137,97.0557764197531,95.72559303205543,96.29566955566406,8330300,0.0,0.0
2018-03-21 00:00:00-04:00,96.43819197585809,97.80638145260725,96.36217983850172,96.74223327636719,6136400,0.0,0.0
2018-03-22 00:00:00-04:00,96.23866849620227,96.57121254616439,95.40255670645227,95.58307647705078,8911600,0.0,0.0
2018-03-23 00:00:00-04:00,95.82060664098282,96.06764246446821,93.5402932485338,93.62580871582031,7505100,0.0,0.0
2018-03-26 00:00:00-04:00,94.87998115660457,95.75409900559438,94.13888092598641,95.63058471679688,7340100,0.0,0.0
2018-03-27 00:00:00-04:00,95.84910922782255,96.13415111976849,93.9583526080694,94.40491485595703,7193500,0.0,0.0
2018-03-28 00:00:00-04:00,94.53793262301663,95.08900974890079,93.25525860505044,93.62580871582031,9099700,0.0,0.0
2018-03-29 00:00:00-04:00,94.07236706218602,96.22915882896784,93.92984612189805,95.4310531616211,9343600,0.0,0.0
2018-04-02 00:00:00-04:00,95.18401669199433,95.95361961575952,92.90370340986043,93.73982238769531,8203700,0.0,0.0
2018-04-03 00:00:00-04:00,93.87283815667054,94.528422866349,92.82768945487771,94.4619140625,8484700,0.0,0.0
2018-04-04 00:00:00-04:00,93.52129452854305,96.10564924245844,92.88470917959204,95.91561889648438,8759200,0.0,0.0
2018-04-05 00:00:00-04:00,96.30517897743715,97.27430840398989,95.94413218105804,97.01777648925781,6612800,0.0,0.0
2018-04-06 00:00:00-04:00,96.5617004066051,97.09377808691666,94.49041690720884,95.34553527832031,7162400,0.0,0.0
2018-04-09 00:00:00-04:00,95.6780886850043,96.44769891896973,94.61394771780928,94.72795867919922,7094300,0.0,0.0
2018-04-10 00:00:00-04:00,95.88711915172728,96.46669903944675,95.31704259383247,96.31468200683594,8116800,0.0,0.0
2018-04-11 00:00:00-04:00,95.75409514825803,96.58071081391108,95.4025517062587,95.77310180664062,6305000,0.0,0.0
2018-04-12 00:00:00-04:00,96.36217760871482,96.44769307349105,94.70895352850887,95.383544921875,7337800,0.0,0.0
2018-04-13 00:00:00-04:00,95.96312117128505,96.45718553630725,95.16501552419165,95.34553527832031,6324600,0.0,0.0
2018-04-16 00:00:00-04:00,95.6685830117284,95.9631209643421,94.7564591674818,95.24102020263672,10328000,0.0,0.0
2018-04-17 00:00:00-04:00,96.15314092329736,97.47382087612897,95.72558537701099,97.07476806640625,9577400,0.0,0.0
2018-04-18 00:00:00-04:00,97.54983217525232,97.58783823998535,96.15314010420502,96.16264343261719,5822100,0.0,0.0
2018-04-19 00:00:00-04:00,95.96312693712439,96.51420405927553,95.22202672060489,95.85861206054688,6803400,0.0,0.0
2018-04-20 00:00:00-04:00,96.13414463819558,96.34317437834049,94.92748284133528,95.24102020263672,6396900,0.0,0.0
2018-04-23 00:00:00-04:00,95.5355556947088,95.69707602334483,94.56641922506223,95.15550231933594,5889800,0.0,0.0
2018-04-24 00:00:00-04:00,95.56407185683722,95.82060375313249,93.92984718735256,94.49992370605469,6567700,0.0,0.0
2018-04-25 00:00:00-04:00,94.53792088103025,96.4286772689545,94.1103653444511,96.10563659667969,8977700,0.0,0.0
2018-04-26 00:00:00-04:00,96.18165682646112,96.32417051804775,94.76595799942723,94.86096954345703,8038400,0.0,0.0
2018-04-27 00:00:00-04:00,94.80396206407883,95.00348847700126,94.00585641238914,94.2813949584961,8038000,0.0,0.0
2018-04-30 00:00:00-04:00,95.40255022045157,96.31467408787208,95.12701166952515,95.3265380859375,8558900,0.0,0.0
2018-05-01 00:00:00-04:00,95.18401789749558,95.67808227790579,93.99635546977125,95.06999969482422,6716200,0.0,0.0
2018-05-02 00:00:00-04:00,95.17451413797016,95.69708850337211,94.30039633485796,94.65194702148438,9286400,0.0,0.0
2018-05-03 00:00:00-04:00,94.16738291044918,94.30040052775385,92.80869674890876,93.8348388671875,10450800,0.0,0.0
2018-05-04 00:00:00-04:00,93.78731742326075,96.29565966873363,93.66380315131724,96.10563659667969,9980100,0.0,0.0
2018-05-07 00:00:00-04:00,97.24580219352049,97.55934682727403,96.64722291455904,97.36932373046875,10181100,0.0,0.0
2018-05-08 00:00:00-04:00,96.15314941047454,97.52133887762243,95.81110204368757,96.71372985839844,14229500,0.0,0.0
2018-05-09 00:00:00-04:00,97.15079230616362,97.16979171660239,94.34791171132261,94.9844970703125,18345700,0.0,0.0
2018-05-10 00:00:00-04:00,95.4120565362884,96.97977254647257,95.29804557120244,96.60922241210938,8927300,0.0,0.0
2018-05-11 00:00:00-04:00,96.80874315921058,97.11278446309551,96.21016388094488,96.97976684570312,7036000,0.0,0.0
2018-05-14 00:00:00-04:00,97.3313217163086,98.32895388947402,96.89426277631468,97.3313217163086,9891900,0.0,0.0
2018-05-15 00:00:00-04:00,97.33131047618171,98.16742218888498,97.00826253676085,97.78736877441406,5762400,0.0,0.0
2018-05-16 00:00:00-04:00,98.1009100181053,99.80164337158203,98.00589847997743,99.80164337158203,8111600,0.0,0.0
2018-05-17 00:00:00-04:00,99.98218088305644,100.21971337781443,98.89902603795686,99.13655853271484,7320600,0.0,0.0
2018-05-18 00:00:00-04:00,99.13656645985391,99.56412933395687,98.3954661767759,98.74701690673828,5427300,0.0,0.0
2018-05-21 00:00:00-04:00,99.02253817771417,99.45959705672385,98.44295836559105,98.87051391601562,5848700,0.0,0.0
2018-05-22 00:00:00-04:00,99.19355710026724,100.22919515008886,98.8040003849957,98.88001251220703,6971600,0.0,0.0
2018-05-23 00:00:00-04:00,98.05341095975623,98.18642857693891,96.97976669280575,97.75887298583984,8046600,0.0,0.0
2018-05-24 00:00:00-04:00,97.68286460072373,97.73037400107847,96.16265802528966,97.01777648925781,7474100,0.0,0.0
2018-05-25 00:00:00-04:00,97.15078851138564,97.8633859821293,96.88475328213461,97.10327911376953,6982700,0.0,0.0
2018-05-29 00:00:00-04:00,95.53557244621419,96.58071397506154,94.42391485976687,94.71846008300781,11270400,0.0,0.0
2018-05-30 00:00:00-04:00,95.488067720451,95.53557712137119,94.46192555147626,94.99400329589844,7216400,0.0,0.0
2018-05-31 00:00:00-04:00,94.78497614636062,95.14602295700242,93.88234824638057,94.50943756103516,9620000,0.0,0.0
2018-06-01 00:00:00-04:00,94.71845948731428,95.06050685808282,94.25289058054149,94.40491485595703,6847700,0.0,0.0
2018-06-04 00:00:00-04:00,94.78496190497138,95.48805600907308,94.72794918107627,95.24102020263672,6598000,0.0,0.0
2018-06-05 00:00:00-04:00,95.35505417041597,95.49757513034862,94.80397699143222,94.95600128173828,5974400,0.0,0.0
2018-06-06 00:00:00-04:00,95.07000487178632,96.85625389965885,94.78497022296085,96.82775115966797,7833000,0.0,0.0
2018-06-07 00:00:00-04:00,96.8277394628219,97.82537148657138,96.73272067577516,97.35980987548828,7559200,0.0,0.0
2018-06-08 00:00:00-04:00,96.99877269465084,98.80402122770242,96.75174410247647,98.79452514648438,7090300,0.0,0.0
2018-06-11 00:00:00-04:00,98.7470042965038,99.56411661937516,98.57598061848617,99.14605712890625,8175000,0.0,0.0
2018-06-12 00:00:00-04:00,99.50711336827462,99.97267501648876,98.77550924359325,99.12705993652344,9215300,0.0,0.0
2018-06-13 00:00:00-04:00,98.05340381068399,102.50001207936128,97.54983611821952,101.00830841064453,22009400,0.0,0.0
2018-06-14 00:00:00-04:00,101.14132043733102,104.02971607417287,101.14132043733102,103.32662200927734,18068700,0.0,0.0
2018-06-15 00:00:00-04:00,102.77555744652432,103.96321991285353,102.47151614510071,103.42164611816406,16169200,0.0,0.0
2018-06-18 00:00:00-04:00,101.66390364187082,102.11996920287149,101.1888386715817,101.72090911865234,9288600,0.0,0.0
2018-06-19 00:00:00-04:00,100.59026627242844,101.65440723907584,100.48575139193034,100.80879211425781,8869500,0.0,0.0
2018-06-20 00:00:00-04:00,101.66390605769645,102.51902447432016,100.53324908188753,101.80642700195312,18625900,0.0,0.0
2018-06-21 00:00:00-04:00,101.67340872045008,101.901437880416,100.5142490131726,100.60926055908203,7707800,0.0,0.0
2018-06-22 00:00:00-04:00,100.7802799407131,101.47387796919521,100.53324413275723,101.03681182861328,8959100,0.0,0.0
2018-06-25 00:00:00-04:00,100.71377797840395,100.78979011661818,98.5664821918093,99.24107360839844,7995800,0.0,0.0
2018-06-26 00:00:00-04:00,99.25056995825598,99.48810243678395,98.72800285484404,99.060546875,6550000,0.0,0.0
2018-06-27 00:00:00-04:00,99.28857608974447,100.59975276246819,98.31944676623841,98.77550506591797,8803300,0.0,0.0
2018-06-28 00:00:00-04:00,98.72801508093717,99.8776715495116,98.50948198410613,99.54512023925781,6303600,0.0,0.0
2018-06-29 00:00:00-04:00,99.69714810032549,100.4097456497182,99.43111284171229,99.5831298828125,6774000,0.0,0.0
2018-07-02 00:00:00-04:00,98.95602544083499,100.1151850189916,98.71849297806241,100.07717895507812,5488900,0.0,0.0
2018-07-03 00:00:00-04:00,100.59976780750816,100.66627662152955,98.33846088186385,98.85153198242188,2406300,0.0,0.0
2018-07-05 00:00:00-04:00,99.4786101772768,100.33372864491268,99.22207826144444,100.0866928100586,6202800,0.0,0.0
2018-07-06 00:00:00-04:00,100.08669232758719,100.60388759542451,99.6461202047299,100.35486602783203,4134500,0.84,0.0
2018-07-09 00:00:00-04:00,100.57514836567071,101.59037938704056,100.32612681634394,101.54248809814453,4725200,0.0,0.0
2018-07-10 00:00:00-04:00,101.76279589358249,102.06928119833925,100.40276781042351,101.55208587646484,4213600,0.0,0.0
2018-07-11 00:00:00-04:00,100.8720671175508,104.7222890351991,100.8720671175508,103.4771957397461,11753800,0.0,0.0
2018-07-12 00:00:00-04:00,103.48677127979649,104.58819795242354,103.26648156095983,103.6783218383789,5931400,0.0,0.0
2018-07-13 00:00:00-04:00,103.43888105912642,105.58427802767415,103.11324364472264,105.35441589355469,8188800,0.0,0.0
2018-07-16 00:00:00-04:00,105.18201811186196,105.7854089578242,104.17635939473938,105.54596710205078,8245900,0.0,0.0
2018-07-17 00:00:00-04:00,105.60342732173169,107.86375879376065,105.44060132298853,105.64173889160156,9075900,0.0,0.0
2018-07-18 00:00:00-04:00,105.65131776542025,106.36964330324808,105.01919509186806,106.01527404785156,6414100,0.0,0.0
2018-07-19 00:00:00-04:00,106.82937570263572,109.83676472674773,106.59951357473524,107.39445495605469,17796800,0.0,0.0
2018-07-20 00:00:00-04:00,107.41362169252677,107.46150568103344,106.1493689424153,106.77191925048828,11787900,0.0,0.0
2018-07-23 00:00:00-04:00,106.3600798259925,106.5133188205332,105.68005849606324,106.39838409423828,5447800,0.0,0.0
2018-07-24 00:00:00-04:00,107.11670319642504,107.16459448960673,105.87160995274061,106.02484893798828,5648800,0.0,0.0
2018-07-25 00:00:00-04:00,105.96739330744909,106.71445077202834,105.00004610750584,106.48458862304688,6756800,0.0,0.0
2018-07-26 00:00:00-04:00,107.41361465416621,109.72183027301637,106.96346281002252,108.71617889404297,9466400,0.0,0.0
2018-07-27 00:00:00-04:00,109.18548594100166,109.23337723490262,107.19332795256412,107.86376953125,5717000,0.0,0.0
2018-07-30 00:00:00-04:00,107.46150412881208,108.55335842871959,107.31784485818136,107.87334442138672,5199300,0.0,0.0
2018-07-31 00:00:00-04:00,107.79672874623888,109.2333799122544,107.6147505935775,108.76406860351562,8421200,0.0,0.0
2018-08-01 00:00:00-04:00,108.87900388000055,109.02267045876842,107.83503356099402,108.19898986816406,6466600,0.0,0.0
2018-08-02 00:00:00-04:00,107.74883938470066,108.53420841059506,106.96347035880628,107.98828125,4027300,0.0,0.0
2018-08-03 00:00:00-04:00,108.41926274002134,109.28125482952024,107.65305323272182,109.27167510986328,4747500,0.0,0.0
2018-08-06 00:00:00-04:00,109.81761509375765,111.9055410394226,109.33873138720651,111.0435562133789,12715600,0.0,0.0
2018-08-07 00:00:00-04:00,111.64694696867086,112.92077938085873,111.33088196886146,111.63736724853516,15466900,0.0,0.0
2018-08-08 00:00:00-04:00,111.00524003329313,111.49370343971609,109.08970528658293,109.16632843017578,11722900,0.0,0.0
2018-08-09 00:00:00-04:00,109.23338248189857,109.95170808180447,108.04574556221365,109.33873748779297,7042000,0.0,0.0
2018-08-10 00:00:00-04:00,108.7832108972435,108.9939208708619,107.65304519916855,107.92121887207031,5740200,0.0,0.0
2018-08-13 00:00:00-04:00,107.9020753221512,108.0744664337105,107.00177165679871,107.38488006591797,6080900,0.0,0.0
2018-08-14 00:00:00-04:00,107.63390465877009,108.4097012712263,107.2220643581678,107.98828125,4326400,0.0,0.0
2018-08-15 00:00:00-04:00,107.442350615024,108.3426543377357,106.76233661642591,108.08405303955078,5183200,0.0,0.0
2018-08-16 00:00:00-04:00,108.51504423168954,108.54377608318659,107.6530521508533,107.72967529296875,5082500,0.0,0.0
2018-08-17 00:00:00-04:00,107.75840714446578,108.0936242572396,107.16458875384859,107.72967529296875,4764500,0.0,0.0
2018-08-20 00:00:00-04:00,108.16067203531627,108.22771546057079,107.1837525091523,107.26036834716797,5167600,0.0,0.0
2018-08-21 00:00:00-04:00,107.50939154101823,108.22771709697157,107.26994968903378,107.64347839355469,4770400,0.0,0.0
2018-08-22 00:00:00-04:00,107.69136997232833,107.98827553127684,107.21248626708984,107.21248626708984,3213000,0.0,0.0
2018-08-23 00:00:00-04:00,107.21248715989141,107.40403772070775,106.81979901087678,107.26995086669922,4257400,0.0,0.0
2018-08-24 00:00:00-04:00,106.91557060904452,107.94038141920633,106.73359977469185,107.2029037475586,5049000,0.0,0.0
2018-08-27 00:00:00-04:00,107.739245137945,108.12235353220785,107.3369846122022,107.58600616455078,4767700,0.0,0.0
2018-08-28 00:00:00-04:00,107.81589024941852,108.02660027456172,107.46151363375166,107.82546997070312,3131600,0.0,0.0
2018-08-29 00:00:00-04:00,107.82544979561258,107.95953663976282,107.28909511182667,107.70093536376953,4001500,0.0,0.0
2018-08-30 00:00:00-04:00,107.336995433152,107.67221257173186,106.87726385225275,107.19332885742188,3481600,0.0,0.0
2018-08-31 00:00:00-04:00,107.17416561465554,107.53811456921845,106.8485209229436,107.28909301757812,4642800,0.0,0.0
2018-09-04 00:00:00-04:00,107.07840150846637,107.26995207143398,105.97696750343863,106.16851806640625,6391200,0.0,0.0
2018-09-05 00:00:00-04:00,105.90992581323177,106.13978795400111,105.06708578510128,105.22991180419922,6388300,0.0,0.0
2018-09-06 00:00:00-04:00,105.35441014077016,105.74709826783459,104.74143961179865,105.60343170166016,5267200,0.0,0.0
2018-09-07 00:00:00-04:00,105.43104245070347,106.64740389474564,105.36399902161746,106.28345489501953,4754800,0.0,0.0
2018-09-10 00:00:00-04:00,106.73359676677326,107.18374859440621,105.70878598549223,106.00569152832031,4636500,0.0,0.0
2018-09-11 00:00:00-04:00,105.83330566285552,105.93866066935722,104.88511791152617,104.9713134765625,5488600,0.0,0.0
2018-09-12 00:00:00-04:00,104.63608896016287,105.59385636483255,104.5690455341234,104.83721923828125,5236700,0.0,0.0
2018-09-13 00:00:00-04:00,104.92342182441504,106.04400793116342,104.75102339974718,105.9961166381836,5119400,0.0,0.0
2018-09-14 00:00:00-04:00,106.23555036660976,106.55161533886738,104.28170413881463,104.64566040039062,6012400,0.0,0.0
2018-09-17 00:00:00-04:00,104.95216509867001,105.23949096626087,104.02312944836858,104.741455078125,5592900,0.0,0.0
2018-09-18 00:00:00-04:00,104.29128061179901,105.11496107357905,103.65915799414492,104.90425109863281,4937800,0.0,0.0
2018-09-19 00:00:00-04:00,105.00004349462371,105.5268185179164,104.85638422207643,105.15328979492188,5964600,0.0,0.0
2018-09-20 00:00:00-04:00,105.9099192719198,107.22205591382303,105.29694872960327,106.90599822998047,7121800,0.0,0.0
2018-09-21 00:00:00-04:00,107.22206107502933,107.25080023602136,105.7375259399414,105.7375259399414,25753600,0.0,0.0
2018-09-24 00:00:00-04:00,107.52854731011101,108.36180761378048,106.98262016141325,108.00743103027344,9232300,0.0,0.0
2018-09-25 00:00:00-04:00,108.52463042246778,109.86550635098708,107.8925076877229,108.83111572265625,12169400,0.0,0.0
2018-09-26 00:00:00-04:00,109.19506526217823,111.40750565722983,109.19506526217823,110.3443832397461,11141500,0.0,0.0
2018-09-27 00:00:00-04:00,110.3252271887966,111.67567539912366,110.23902432458816,111.13932800292969,5195300,0.0,0.0
2018-09-28 00:00:00-04:00,110.76580663199266,112.49936337158952,110.47847347521292,112.00132751464844,7366800,0.0,0.0
2018-10-01 00:00:00-04:00,112.32695817249082,112.44189288971631,110.7945318120774,111.33087921142578,8643900,0.0,0.0
2018-10-02 00:00:00-04:00,110.67002813112956,112.72922223516696,110.4305862765033,112.69091796875,6441700,0.0,0.0
2018-10-03 00:00:00-04:00,112.96865922749919,113.11232579552848,111.8097615778506,111.97258758544922,6111700,0.0,0.0
2018-10-04 00:00:00-04:00,112.05877747966662,112.22159617185288,110.2581775319474,111.22551727294922,6442800,0.0,0.0
2018-10-05 00:00:00-04:00,111.10101828954264,111.65652513471484,109.88465690791352,109.93254089355469,5835700,0.0,0.0
2018-10-08 00:00:00-04:00,109.98042480438673,111.25425711334388,109.30041087356825,111.12016296386719,5652300,0.0,0.0
2018-10-09 00:00:00-04:00,111.69484380615982,112.79627053931624,111.13933692568311,111.95343780517578,6761400,0.0,0.0
2018-10-10 00:00:00-04:00,111.90553803962679,112.27907404333412,107.96912079990858,108.0936279296875,9006500,0.0,0.0
2018-10-11 00:00:00-04:00,107.74883323118479,108.46715878605936,105.66089999272864,106.45584869384766,10045400,0.0,0.0
2018-10-12 00:00:00-04:00,107.24123163512893,108.48632504134827,106.53248570806953,107.85420227050781,5963900,0.0,0.0
2018-10-15 00:00:00-04:00,107.20290101371712,109.7792975532193,107.16458944241323,108.64913177490234,6628800,0.0,0.0
2018-10-16 00:00:00-04:00,109.51112158625223,111.45539555654452,109.032237883726,111.28299713134766,7619000,0.0,0.0
2018-10-17 00:00:00-04:00,111.19678935968399,112.26949143660703,110.55508698033218,112.18328857421875,7120600,0.0,0.0
2018-10-18 00:00:00-04:00,111.8193493934999,112.18329839263066,110.69876323467292,111.27342224121094,6056300,0.0,0.0
2018-10-19 00:00:00-04:00,112.46104867208103,114.13714165662506,112.26949811100735,113.87854766845703,10431000,0.0,0.0
2018-10-22 00:00:00-04:00,114.02221886951565,114.63518945844646,112.74838639584958,113.27515411376953,8406400,0.0,0.0
2018-10-23 00:00:00-04:00,112.01089453605515,113.48585720929833,110.53593916999732,112.87288665771484,8607400,0.0,0.0
2018-10-24 00:00:00-04:00,112.11625290524312,112.11625290524312,106.55162648081414,106.89642333984375,11630500,0.0,0.0
2018-10-25 00:00:00-04:00,107.86377471245721,109.84635307591007,107.38489097918661,109.33873748779297,7406900,0.0,0.0
2018-10-26 00:00:00-04:00,108.07447403777185,109.31957462821778,107.36572818070456,108.40969848632812,7984700,0.0,0.0
2018-10-29 00:00:00-04:00,109.61646988738553,110.08578114835797,107.23163124053977,108.26602172851562,9234100,0.0,0.0
2018-10-30 00:00:00-04:00,108.60124711791441,110.03789824723563,107.66263913878176,109.91339111328125,7365400,0.0,0.0
2018-10-31 00:00:00-04:00,111.32130640382714,111.59905251522926,109.83676403380143,109.98043060302734,9196700,0.0,0.0
2018-11-01 00:00:00-04:00,110.33480048944328,111.36919102515823,110.04747465653487,111.19679260253906,6779900,0.0,0.0
2018-11-02 00:00:00-04:00,111.89597637177964,112.01090379270836,109.53986924932316,110.31565856933594,6377900,0.0,0.0
2018-11-05 00:00:00-05:00,110.85199505660239,111.31172661640927,110.25818395470068,110.5742416381836,7920800,0.0,0.0
2018-11-06 00:00:00-05:00,110.85200079656016,111.90554351282158,110.57424736375918,111.78103637695312,5036600,0.0,0.0
2018-11-07 00:00:00-05:00,111.64695023716843,112.33654396341866,110.29650194591645,112.10668182373047,8249800,0.0,0.0
2018-11-08 00:00:00-05:00,112.48977292551467,112.85372919702486,110.34437609625708,111.10101318359375,11074800,0.0,0.0
2018-11-09 00:00:00-05:00,113.20809870531636,115.12363341983735,112.23117921607208,113.01654815673828,16878200,0.0,0.0
2018-11-12 00:00:00-05:00,113.01654669928325,113.45711880107929,111.67567095497341,111.77144622802734,9170600,0.0,0.0
2018-11-13 00:00:00-05:00,112.16414456421204,112.80584699003114,111.27342056002074,111.91512298583984,4650600,0.0,0.0
2018-11-14 00:00:00-05:00,112.48020659136098,113.22726399950514,111.52243918457401,112.17372131347656,7109100,0.0,0.0
2018-11-15 00:00:00-05:00,111.57032797497453,112.47063171442194,110.81369081416874,112.16414642333984,7088700,0.0,0.0
2018-11-16 00:00:00-05:00,111.60863454161651,112.3844238014097,111.09143926602592,111.28299713134766,7141900,0.0,0.0
2018-11-19 00:00:00-05:00,111.10100850523489,112.85372444486077,109.94211093130968,110.54550170898438,9714600,0.0,0.0
2018-11-20 00:00:00-05:00,108.72575721694558,109.75056809152174,106.81022232561176,107.14544677734375,11194600,0.0,0.0
2018-11-21 00:00:00-05:00,107.74883888484347,109.17591034939514,107.55728831636695,108.25645446777344,7242500,0.0,0.0
2018-11-23 00:00:00-05:00,107.49981186156812,108.02658685900724,107.02092815741818,107.34657287597656,3242300,0.0,0.0
2018-11-26 00:00:00-05:00,108.40011323579382,108.40011323579382,107.19332428123964,107.79672241210938,7002400,0.0,0.0
2018-11-27 00:00:00-05:00,108.81195300287516,109.28125697468714,107.66263506577249,109.08970642089844,7357500,0.0,0.0
2018-11-28 00:00:00-05:00,109.49196781618589,111.38835046499663,109.2333738358498,111.19679260253906,9039800,0.0,0.0
2018-11-29 00:00:00-05:00,110.86158398359728,112.19288017428981,110.34438867605557,111.68526458740234,10834700,0.0,0.0
2018-11-30 00:00:00-05:00,111.90554100335379,112.12583072345792,110.20071617773088,110.61255645751953,16857800,0.0,0.0
2018-12-03 00:00:00-05:00,111.72355384246522,111.9821477909807,110.05704083367196,110.85198211669922,9273300,0.0,0.0
2018-12-04 00:00:00-05:00,110.73706301757741,111.37876538476017,107.90207255431253,108.10320281982422,10806700,0.0,0.0
2018-12-06 00:00:00-05:00,107.32741267366362,109.51112117993137,106.46542785806294,109.50154876708984,10546200,0.0,0.0
2018-12-07 00:00:00-05:00,109.89727708474949,110.02274998218975,107.7255849003547,108.08271026611328,8305500,0.88,0.0
2018-12-10 00:00:00-05:00,108.09236896854414,108.38193090426041,105.7179861328148,107.9668960571289,7337500,0.0,0.0
2018-12-11 00:00:00-05:00,109.03824793628786,109.76214529902622,107.55184446780133,108.07305145263672,6861800,0.0,0.0
2018-12-12 00:00:00-05:00,109.06720890827178,110.0131047566035,108.24679332288525,108.30470275878906,7723900,0.0,0.0
2018-12-13 00:00:00-05:00,108.94172748290437,109.64631677747363,108.43016717161873,109.4436264038086,6661500,0.0,0.0
2018-12-14 00:00:00-05:00,108.45913294622989,109.95518309725882,108.15027036195137,108.2950439453125,7601900,0.0,0.0
2018-12-17 00:00:00-05:00,108.38192659604012,108.96104308058666,106.20058022825366,106.77005004882812,7731800,0.0,0.0
2018-12-18 00:00:00-05:00,107.01134706396734,107.21403746132381,105.10990863046283,105.64076232910156,6682300,0.0,0.0
2018-12-19 00:00:00-05:00,106.17162197768545,108.22748800680728,105.15816264053412,105.41876983642578,9416900,0.0,0.0
2018-12-20 00:00:00-05:00,104.96512546717564,105.409114999281,102.43630783941171,103.27603149414062,9387300,0.0,0.0
2018-12-21 00:00:00-05:00,102.76447320611466,104.96512006230599,100.24530973551012,100.59278106689453,15530600,0.0,0.0
2018-12-24 00:00:00-05:00,99.63723829426091,100.28391818426441,96.85746765136719,96.85746765136719,7133000,0.0,0.0
2018-12-26 00:00:00-05:00,96.99260530510062,102.16605972530779,96.88643308886061,102.14675903320312,9422800,0.0,0.0
2018-12-27 00:00:00-05:00,100.77617102293337,102.84169096274779,99.22220405458724,102.81272888183594,8201400,0.0,0.0
2018-12-28 00:00:00-05:00,103.54628947852517,104.74313119380874,102.49422872518802,103.56559753417969,7620500,0.0,0.0
2018-12-31 00:00:00-05:00,105.31259425827737,105.85310196008207,103.80689002389852,105.83380126953125,7241700,0.0,0.0
2019-01-02 00:00:00-05:00,104.33775884871854,105.3415642720157,103.98064079268494,105.17748260498047,9723500,0.0,0.0
2019-01-03 00:00:00-05:00,104.70453054986005,104.86861220475444,102.25293029887696,102.62935638427734,10594700,0.0,0.0
2019-01-04 00:00:00-05:00,104.18332003005699,106.89552003292034,103.51733204090931,105.79519653320312,10122800,0.0,0.0
2019-01-07 00:00:00-05:00,106.08475582223161,107.5228966127603,105.49598534052461,106.71212768554688,6714700,0.0,0.0
2019-01-08 00:00:00-05:00,107.90898523962628,108.64252937005345,107.30090665514867,107.54220581054688,8730700,0.0,0.0
2019-01-09 00:00:00-05:00,107.90897150312246,108.87416800184855,107.67731904144549,108.74868774414062,5931900,0.0,0.0
2019-01-10 00:00:00-05:00,108.09236179637814,108.9803482371841,107.61941753903064,108.87417602539062,6160100,0.0,0.0
2019-01-11 00:00:00-05:00,108.2757494479221,108.98999283419003,107.84141394526876,108.7293930053711,4819100,0.0,0.0
2019-01-14 00:00:00-05:00,107.76419479017798,108.77764673534544,107.55185037389569,108.50739288330078,6980600,0.0,0.0
2019-01-15 00:00:00-05:00,108.39158364670106,109.24095402346552,106.7603989983232,107.87037658691406,9800900,0.0,0.0
2019-01-16 00:00:00-05:00,107.57115695351546,108.11167205106047,106.9534317253488,107.04995727539062,5899900,0.0,0.0
2019-01-17 00:00:00-05:00,106.86656123817043,107.38776824929428,106.3260535365006,107.14646911621094,6392000,0.0,0.0
2019-01-18 00:00:00-05:00,107.96687583607337,108.0344392932378,106.97272466756925,107.1754150390625,8554700,0.0,0.0
2019-01-22 00:00:00-05:00,106.7700481065937,107.45533679329215,105.93032443276383,106.75074005126953,6986700,0.0,0.0
2019-01-23 00:00:00-05:00,107.32021086643864,107.94758275690481,106.17162457145592,107.25264739990234,6845600,0.0,0.0
2019-01-24 00:00:00-05:00,107.13681964332669,107.24299185550588,106.10405960438257,106.70248413085938,6716800,0.0,0.0
2019-01-25 00:00:00-05:00,107.5904579817925,107.61941269936764,106.80865115180343,107.22367858886719,5706900,0.0,0.0
2019-01-28 00:00:00-05:00,106.90517476532506,107.1271658539276,106.12336053173377,106.95343017578125,6178800,0.0,0.0
2019-01-29 00:00:00-05:00,106.7990069375247,107.06926081154414,106.17162766491342,107.0403060913086,5253700,0.0,0.0
2019-01-30 00:00:00-05:00,106.4611852668815,106.73143912991392,105.16781802597073,106.2970962524414,7853800,0.0,0.0
2019-01-31 00:00:00-05:00,106.26814029687023,107.65802570642511,106.18127614070575,107.63871765136719,8351600,0.0,0.0
2019-02-01 00:00:00-05:00,108.07306392350901,108.15028141843901,107.06925858101596,107.42638397216797,6557700,0.0,0.0
2019-02-04 00:00:00-05:00,107.53255524359203,108.08271700337806,106.82795849530049,107.90898132324219,7037000,0.0,0.0
2019-02-05 00:00:00-05:00,108.1213192239077,108.81626194983274,107.57115745986131,108.73905181884766,13619800,0.0,0.0
2019-02-06 00:00:00-05:00,109.88762927673322,109.95519274285024,107.20438395970685,107.53255462646484,14229000,0.0,0.0
2019-02-07 00:00:00-05:00,107.1850875647828,107.24299700552858,105.98823845435409,107.08856201171875,8658100,0.0,0.0
2019-02-08 00:00:00-05:00,106.6155996138513,107.65801355334354,106.22951955879516,107.62905883789062,6395500,0.0,0.0
2019-02-11 00:00:00-05:00,107.88002126681882,107.91863001467055,105.44772906308472,105.63111877441406,11086400,0.0,0.0
2019-02-12 00:00:00-05:00,106.37431811181031,106.97274266441885,105.35121205580563,105.39946746826172,7610200,0.0,0.0
2019-02-13 00:00:00-05:00,105.43806675691991,106.63491575475885,105.42842009361364,106.36465454101562,6919700,0.0,0.0
2019-02-14 00:00:00-05:00,106.02684056470679,107.61941636030045,105.72763198776529,106.80865478515625,6324300,0.0,0.0
2019-02-15 00:00:00-05:00,107.52289936072025,108.71008701794462,107.16577397886208,108.67147827148438,8197300,0.0,0.0
2019-02-19 00:00:00-05:00,108.9803394491403,109.81040165752572,108.90312196245078,109.55945587158203,8169600,0.0,0.0
2019-02-20 00:00:00-05:00,109.64633139446113,110.11927566272792,109.34712280733436,109.72354888916016,7081500,0.0,0.0
2019-02-21 00:00:00-05:00,109.45329253614138,110.55361603708717,108.94173953214128,110.31231689453125,9480100,0.0,0.0
2019-02-22 00:00:00-05:00,110.64048991264895,111.74081351024952,109.98415589268843,111.2389144897461,8734700,0.0,0.0
2019-02-25 00:00:00-05:00,111.59602039707508,111.76975605916378,109.51119245201052,109.63666534423828,9327700,0.0,0.0
2019-02-26 00:00:00-05:00,109.69459327731111,110.04206463676469,108.92243306433305,109.54981231689453,8956000,0.0,0.0
2019-02-27 00:00:00-05:00,109.16373628116229,109.55947043013366,108.54601103329084,108.85487365722656,7249500,0.0,0.0
2019-02-28 00:00:00-05:00,108.97068993167044,109.4822429153937,108.82590897910259,108.91277313232422,6716700,0.0,0.0
2019-03-01 00:00:00-05:00,109.50154577601003,110.4570956635756,109.50154577601003,110.04206085205078,6996900,0.0,0.0
2019-03-04 00:00:00-05:00,110.43779341976757,110.43779341976757,109.15408017193958,110.3509292602539,6015000,0.0,0.0
2019-03-05 00:00:00-05:00,110.25440812055757,110.5536167026914,109.80076455160273,110.03240966796875,5225100,0.0,0.0
2019-03-06 00:00:00-05:00,110.03241333529166,111.04587271945249,110.03241333529166,110.85282897949219,7352800,0.0,0.0
2019-03-07 00:00:00-05:00,110.85282242031397,110.90108519341477,109.52085383079647,110.04206085205078,6324000,0.0,0.0
2019-03-08 00:00:00-05:00,109.51119697085467,109.87796899979199,108.97068927265964,109.84901428222656,6549100,0.0,0.0
2019-03-11 00:00:00-04:00,110.07101322686064,110.99760101251873,110.06135919967296,110.75630187988281,6952700,0.0,0.0
2019-03-12 00:00:00-04:00,110.72735311340674,111.28716889853789,110.07101914280672,110.73700714111328,9920300,0.0,0.0
2019-03-13 00:00:00-04:00,110.84317541327036,110.85282944127502,109.76215992045238,110.11927795410156,17994500,0.0,0.0
2019-03-14 00:00:00-04:00,110.14823330261629,110.77560517110656,109.96484360107065,110.4957046508789,17409600,0.0,0.0
2019-03-15 00:00:00-04:00,110.51500248506159,111.46089832285097,109.72354162644807,110.95899200439453,14932700,0.0,0.0
2019-03-18 00:00:00-04:00,109.09616528515731,110.03240712045331,108.54600354410967,109.18303680419922,21769800,0.0,0.0
2019-03-19 00:00:00-04:00,109.01895018014739,109.7525016388914,105.97858686056306,106.17162322998047,45384400,0.0,0.0
2019-03-20 00:00:00-04:00,106.47082701196733,107.02098874025735,104.28948815319787,106.1619644165039,35588700,0.0,0.0
2019-03-21 00:00:00-04:00,106.26814346802429,106.31640624324393,104.59835748508986,104.87826538085938,27438900,0.0,0.0
2019-03-22 00:00:00-04:00,104.55975213746586,105.2064321087884,103.76829119964245,104.4632339477539,24133800,0.0,0.0
2019-03-25 00:00:00-04:00,104.71417070515027,105.27398646643937,103.58489251914186,104.03853607177734,18187500,0.0,0.0
2019-03-26 00:00:00-04:00,104.62731501013427,106.49979144424131,104.50183473674487,106.30675506591797,16693100,0.0,0.0
2019-03-27 00:00:00-04:00,106.6059609262124,107.22368615763666,105.91102556375934,106.44187927246094,10794800,0.0,0.0
2019-03-28 00:00:00-04:00,106.75073849442832,107.39741842491279,106.40326714231553,106.8569107055664,11748900,0.0,0.0
2019-03-29 00:00:00-04:00,107.67732447630134,107.71593322186288,106.54804628312071,107.165771484375,16358800,0.0,0.0
2019-04-01 00:00:00-04:00,107.70628235260598,108.94174015520517,107.50359195536362,108.59426879882812,10785100,0.0,0.0
2019-04-02 00:00:00-04:00,109.2120018917221,109.36642952576437,108.02480677786669,108.06341552734375,9231800,0.0,0.0
2019-04-03 00:00:00-04:00,108.7776556683299,109.17338981551156,108.30471138841285,108.60391998291016,10534900,0.0,0.0
2019-04-04 00:00:00-04:00,109.29885305687968,110.86247408735183,109.09616266912933,110.75630187988281,14378400,0.0,0.0
2019-04-05 00:00:00-04:00,110.9686420241391,111.12306963387299,110.33160880384156,110.99759674072266,10907900,0.0,0.0
2019-04-08 00:00:00-04:00,110.99760074918849,111.79871563496678,110.6501294099079,110.95899200439453,11054200,0.0,0.0
2019-04-09 00:00:00-04:00,111.58638142659821,113.08243912777213,111.26786477581422,112.79287719726562,17340300,0.0,0.0
2019-04-10 00:00:00-04:00,113.48782406365312,113.92215961133128,112.23306547101346,113.08244323730469,14091100,0.0,0.0
2019-04-11 00:00:00-04:00,113.63258500107078,113.75805789266781,112.27165442757284,112.54190826416016,12784500,0.0,0.0
2019-04-12 00:00:00-04:00,123.45828830348322,126.3442164233447,121.9622307774378,125.53345489501953,65253500,0.0,0.0
2019-04-15 00:00:00-04:00,126.48899923057829,128.08156750103032,125.27284226328912,127.44453430175781,32773700,0.0,0.0
2019-04-16 00:00:00-04:00,127.16464012455589,127.5314195110335,125.05085741234849,125.37902069091797,14564300,0.0,0.0
2019-04-17 00:00:00-04:00,125.29216623366713,127.75342046882713,124.78061322227961,127.1646499633789,14253700,0.0,0.0
2019-04-18 00:00:00-04:00,127.18394445815352,128.24565175089145,126.54691124587306,127.84027099609375,11890600,0.0,0.0
2019-04-22 00:00:00-04:00,127.30942848035134,127.59899041233764,126.46971213254953,127.09708404541016,10197500,0.0,0.0
2019-04-23 00:00:00-04:00,128.74755212699762,129.56797498944152,128.03330146172024,128.71859741210938,12159300,0.0,0.0
2019-04-24 00:00:00-04:00,128.4772946152314,131.02541254636085,128.1008686047598,130.39804077148438,11449500,0.0,0.0
2019-04-25 00:00:00-04:00,130.64900307861325,134.04649899288492,130.14709675852384,132.4635772705078,16382500,0.0,0.0
2019-04-26 00:00:00-04:00,133.87275205655496,135.1661118362676,132.7241658612393,135.05029296875,14167600,0.0,0.0
2019-04-29 00:00:00-04:00,137.24129104165604,137.41501934025734,132.8206893574686,134.45187377929688,25746100,0.0,0.0
2019-04-30 00:00:00-04:00,134.2781236017664,134.53873076351894,131.2956701461091,132.2029571533203,15253100,0.0,0.0
2019-05-01 00:00:00-04:00,132.70488319810974,133.36120980375242,131.49838747209213,131.63351440429688,8906700,0.0,0.0
2019-05-02 00:00:00-04:00,130.66828430202975,130.96749280888665,127.77269530241777,129.471435546875,16580400,0.0,0.0
2019-05-03 00:00:00-04:00,130.5138858377685,130.60074999738424,129.12400037299136,129.6548614501953,8874400,0.0,0.0
2019-05-06 00:00:00-04:00,127.927139034393,130.62004554648883,127.69550129759676,130.30152893066406,9955600,0.0,0.0
2019-05-07 00:00:00-04:00,130.6393509764217,131.23776808809865,128.13948087111217,128.7958221435547,10972700,0.0,0.0
2019-05-08 00:00:00-04:00,128.8537372388929,130.97716666732111,128.67034754106737,130.29188537597656,15423500,0.0,0.0
2019-05-09 00:00:00-04:00,130.33048285744874,131.73001484378247,128.21670015562123,128.9405975341797,15297100,0.0,0.0
2019-05-10 00:00:00-04:00,128.3807876974609,129.64520754811153,126.66273901823246,129.37493896484375,9858500,0.0,0.0
2019-05-13 00:00:00-04:00,126.92334061535652,128.04297209764525,126.00640687965087,126.76890563964844,11389900,0.0,0.0
2019-05-14 00:00:00-04:00,128.87303313894785,129.97335649439614,127.454193190116,128.5641632080078,12001700,0.0,0.0
2019-05-15 00:00:00-04:00,127.93678692784967,130.50421290982948,127.4445273336314,129.99264526367188,9734100,0.0,0.0
2019-05-16 00:00:00-04:00,130.58145138842303,131.65282028438557,130.11816110922456,130.78414916992188,9689400,0.0,0.0
2019-05-17 00:00:00-04:00,129.58728154755948,131.2474207667522,129.36529046817043,130.3401336669922,8964200,0.0,0.0
2019-05-20 00:00:00-04:00,129.5776292154241,129.72240279831593,128.61243272219934,129.2494659423828,8009000,0.0,0.0
2019-05-21 00:00:00-04:00,129.88652277838835,129.88652277838835,128.47732916186115,129.4232177734375,7050300,0.0,0.0
2019-05-22 00:00:00-04:00,129.16261937615957,129.5004293581381,128.74757716915184,129.1915740966797,5093700,0.0,0.0
2019-05-23 00:00:00-04:00,128.0912413408278,128.90200291266726,127.35768253301345,128.11053466796875,6743300,0.0,0.0
2019-05-24 00:00:00-04:00,128.46768036488064,128.6510553575978,127.6183025976342,128.16845703125,4570100,0.0,0.0
2019-05-28 00:00:00-04:00,128.57384118132626,129.37494137160203,127.97540929487786,128.00436401367188,8938400,0.0,0.0
2019-05-29 00:00:00-04:00,127.36732414133454,127.55069908707527,126.2283847245031,126.99089813232422,7749600,0.0,0.0
2019-05-30 00:00:00-04:00,127.29012090936294,128.06226633795535,126.76890654456007,127.5989761352539,5274000,0.0,0.0
2019-05-31 00:00:00-04:00,126.40213508369455,128.30355856342072,126.22839206219786,127.44453430175781,7420700,0.0,0.0
2019-06-03 00:00:00-04:00,127.4252531195089,128.32287884497202,126.9137001243616,127.85958862304688,7901400,0.0,0.0
2019-06-04 00:00:00-04:00,128.8054934155234,130.18573232007637,128.29394035566503,130.12782287597656,8247500,0.0,0.0
2019-06-05 00:00:00-04:00,130.69726355388977,131.26672596274943,130.24362001388832,131.2088165283203,6842800,0.0,0.0
2019-06-06 00:00:00-04:00,131.75896676768443,132.65660715648832,131.00611468816095,132.4346160888672,6027300,0.0,0.0
2019-06-07 00:00:00-04:00,132.81104368666323,133.93066042849316,132.55043650908493,133.2357177734375,7026300,0.0,0.0
2019-06-10 00:00:00-04:00,134.046502928396,134.046502928396,131.33430295198715,132.29949951171875,8479500,0.0,0.0
2019-06-11 00:00:00-04:00,132.8013761939966,132.9558111608529,130.24361148925328,130.3787384033203,6352200,0.0,0.0
2019-06-12 00:00:00-04:00,130.3883815003992,131.53696760242548,130.1277890696502,130.9964599609375,5537000,0.0,0.0
2019-06-13 00:00:00-04:00,133.14885797416036,136.9131332666655,132.8206946895862,136.8069610595703,17939500,0.0,0.0
2019-06-14 00:00:00-04:00,137.106149647094,137.97482050384787,135.63904701585847,136.72006225585938,11125200,0.0,0.0
2019-06-17 00:00:00-04:00,135.90931624668644,136.55599613168536,134.26848514901593,136.06375122070312,8542700,0.0,0.0
2019-06-18 00:00:00-04:00,137.04825706388297,138.51534514769892,134.1333594946581,134.3939666748047,11231400,0.0,0.0
2019-06-19 00:00:00-04:00,134.65455708466868,136.160275981108,133.75693141783393,136.01548767089844,6877100,0.0,0.0
2019-06-20 00:00:00-04:00,137.03859336557298,137.27989248778974,135.04064429203768,137.07720947265625,8485800,0.0,0.0
2019-06-21 00:00:00-04:00,137.00965718594497,137.057919962464,135.12752672355606,135.34951782226562,14150000,0.0,0.0
2019-06-24 00:00:00-04:00,135.2433353069116,135.58115998908949,133.0040869787064,134.37466430664062,10497400,0.0,0.0
2019-06-25 00:00:00-04:00,134.18163151709598,135.52325416260572,133.8438068259197,135.06961059570312,14675400,0.0,0.0
2019-06-26 00:00:00-04:00,135.47499419758915,135.84177361530226,134.654571203567,135.5135955810547,8842100,0.0,0.0
2019-06-27 00:00:00-04:00,136.09270486402644,136.80695556742316,134.08509440083242,134.45187377929688,6466300,0.0,0.0
2019-06-28 00:00:00-04:00,134.55803824107892,135.3301983329208,133.78587814923708,134.780029296875,20078800,0.0,0.0
2019-07-01 00:00:00-04:00,135.56182953761154,137.00962411735335,134.37464210598714,136.72006225585938,8972400,0.0,0.0
2019-07-02 00:00:00-04:00,136.4787660959428,137.88795933074775,136.35330057785387,137.56944274902344,7554100,0.0,0.0
2019-07-03 00:00:00-04:00,137.73353035213603,138.02309223243518,137.05789578325732,138.0037841796875,4150900,0.0,0.0
2019-07-05 00:00:00-04:00,137.34338125119044,138.77100775881883,136.64413500994655,138.34368896484375,5596000,0.88,0.0
2019-07-08 00:00:00-04:00,138.08149120213528,138.13005285853598,136.90637913949774,136.95494079589844,4993900,0.0,0.0
2019-07-09 00:00:00-04:00,136.02261630912832,137.63476856629504,135.72155476618687,137.52793884277344,7396300,0.0,0.0
2019-07-10 00:00:00-04:00,138.29514515985073,140.09182264298525,137.91638796521988,139.40228271484375,9533700,0.0,0.0
2019-07-11 00:00:00-04:00,139.85873239576017,141.15039531688137,139.40227952818591,139.4217071533203,10471100,0.0,0.0
2019-07-12 00:00:00-04:00,139.99470672525527,141.23780808705644,139.8490365730665,140.70367431640625,8510000,0.0,0.0
2019-07-15 00:00:00-04:00,140.94645302164298,141.1698188379188,139.8198878995757,140.8784637451172,5289200,0.0,0.0
2019-07-16 00:00:00-04:00,140.5774061010834,140.81049314549801,139.66450036746284,140.140380859375,5854700,0.0,0.0
2019-07-17 00:00:00-04:00,140.4317478889109,140.50942875804492,138.26601948363444,138.46026611328125,5296400,0.0,0.0
2019-07-18 00:00:00-04:00,138.3534240429329,138.3534240429329,136.1294277748864,137.54734802246094,8031700,0.0,0.0
2019-07-19 00:00:00-04:00,138.1397849056077,138.1397849056077,135.71185008469251,135.8186798095703,6109900,0.0,0.0
2019-07-22 00:00:00-04:00,137.17832098603589,137.3628464083039,135.97405994840256,136.78013610839844,7706400,0.0,0.0
2019-07-23 00:00:00-04:00,137.566776024364,138.43112019642984,136.22656612881886,137.18801879882812,7514500,0.0,0.0
2019-07-24 00:00:00-04:00,137.3239622735788,137.50848765704282,136.35278852392426,137.21713256835938,5896600,0.0,0.0
2019-07-25 00:00:00-04:00,137.32398045938243,139.10123043488358,136.97435727044882,139.08181762695312,7294400,0.0,0.0
2019-07-26 00:00:00-04:00,139.59652874010212,141.00472780036984,138.9264164403841,140.48028564453125,8139400,0.0,0.0
2019-07-29 00:00:00-04:00,141.39317829968277,142.90820693143988,140.98528711566624,142.1701202392578,11674100,0.0,0.0
2019-07-30 00:00:00-04:00,141.558288561288,142.56831761765812,140.4414446124868,140.75221252441406,6563100,0.0,0.0
2019-07-31 00:00:00-04:00,140.81049275183707,140.82019915489286,138.2368733241964,138.88755798339844,9710700,0.0,0.0
2019-08-01 00:00:00-04:00,139.20807182025592,140.36377120327433,137.188028205903,137.7610321044922,8911700,0.0,0.0
2019-08-02 00:00:00-04:00,136.9258146358195,138.12035439346235,135.90607906854197,137.62506103515625,6539100,0.0,0.0
2019-08-05 00:00:00-04:00,135.12912166721148,136.18769755053577,133.07994436057928,134.31333923339844,10669700,0.0,0.0
2019-08-06 00:00:00-04:00,136.3625205372856,137.8581217097841,134.38131763259386,137.78042602539062,18818900,0.0,0.0
2019-08-07 00:00:00-04:00,131.04047812454687,131.953383898255,128.44744576967994,130.97250366210938,29084500,0.0,0.0
2019-08-08 00:00:00-04:00,133.92486753646253,134.02199084871026,132.08934955890072,133.9151611328125,14054800,0.0,0.0
2019-08-09 00:00:00-04:00,133.14792784293772,135.22623908751711,132.8177175035867,134.52699279785156,8811900,0.0,0.0
2019-08-12 00:00:00-04:00,133.35188189552304,133.60439658617776,131.33183846497155,131.83685302734375,7918900,0.0,0.0
2019-08-13 00:00:00-04:00,131.10846236371248,133.9442880676775,131.10846236371248,133.06051635742188,8145400,0.0,0.0
2019-08-14 00:00:00-04:00,131.16673260202123,131.25413468850607,128.85533418873501,129.02044677734375,11797700,0.0,0.0
2019-08-15 00:00:00-04:00,129.6517026227823,130.40921700315332,128.6513947918068,129.56430053710938,7590100,0.0,0.0
2019-08-16 00:00:00-04:00,130.15674093304128,131.5940742739632,129.97221550583353,131.30271911621094,6353800,0.0,0.0
2019-08-19 00:00:00-04:00,132.84686700449996,133.6529430939473,130.40922592841503,131.39010620117188,11741800,0.0,0.0
2019-08-20 00:00:00-04:00,129.48662512908587,132.11849824712098,129.41863583918177,131.2347412109375,8628000,0.0,0.0
2019-08-21 00:00:00-04:00,130.72971360814765,132.13791273835264,130.18585861873913,131.8465576171875,6325000,0.0,0.0
2019-08-22 00:00:00-04:00,132.2738694887502,132.7303223633451,130.807402375672,132.15733337402344,6967100,0.0,0.0
2019-08-23 00:00:00-04:00,131.60374661512037,132.5069458884778,127.24318605824392,127.87444305419922,10190900,0.0,0.0
2019-08-26 00:00:00-04:00,130.32181459281986,130.75883983903194,128.72909015357988,130.72970581054688,8093800,0.0,0.0
2019-08-27 00:00:00-04:00,131.85627576209006,132.06993519136145,130.32181932411225,130.61317443847656,6013600,0.0,0.0
2019-08-28 00:00:00-04:00,130.19555670350206,132.7885889602066,129.67112937406333,132.61378479003906,5950500,0.0,0.0
2019-08-29 00:00:00-04:00,134.13851988443554,134.68237483885346,133.4587011914131,133.86659240722656,6532700,0.0,0.0
2019-08-30 00:00:00-04:00,134.30360669236202,134.50755969309444,132.8177120920975,133.3032989501953,5622200,0.0,0.0
2019-09-03 00:00:00-04:00,132.43895958230686,132.48752123360745,131.16672434048238,132.3806915283203,5997400,0.0,0.0
2019-09-04 00:00:00-04:00,132.798317136648,134.21622265426885,132.45840036271784,133.9151611328125,4285400,0.0,0.0
2019-09-05 00:00:00-04:00,134.9154795055319,135.2553963059068,134.33278404352384,134.83778381347656,5143500,0.0,0.0
2019-09-06 00:00:00-04:00,135.11942199519572,135.77981309767515,134.26478426828177,135.52731323242188,4090000,0.0,0.0
2019-09-09 00:00:00-04:00,135.55644433392771,136.04203124665037,134.48814719836327,134.82806396484375,5458700,0.0,0.0
2019-09-10 00:00:00-04:00,134.1385234269204,134.44930616275875,130.70057462059307,131.8756866455078,10974600,0.0,0.0
2019-09-11 00:00:00-04:00,131.65231592961243,132.31272180928943,131.04047170297486,132.26416015625,7896400,0.0,0.0
2019-09-12 00:00:00-04:00,132.89541397275232,134.672663734645,132.60405888050286,133.53639221191406,7333900,0.0,0.0
2019-09-13 00:00:00-04:00,133.8763145853837,134.235644150204,133.15764063680695,134.04141235351562,5209100,0.0,0.0
2019-09-16 00:00:00-04:00,132.36127217739894,133.2838991529739,131.39981958865332,131.88540649414062,6329300,0.0,0.0
2019-09-17 00:00:00-04:00,131.88539825049918,132.7885827251616,131.7591409209047,132.3806915283203,4726500,0.0,0.0
2019-09-18 00:00:00-04:00,132.47782544141788,133.11880372447845,131.80771312903065,132.85658264160156,6857900,0.0,0.0
2019-09-19 00:00:00-04:00,133.05082962366197,133.40045283440867,129.16613386822658,129.45748901367188,12216100,0.0,0.0
2019-09-20 00:00:00-04:00,129.19524001974375,129.38947180181145,127.81617510244754,128.4571533203125,25231600,0.0,0.0
2019-09-23 00:00:00-04:00,128.1852402258118,129.0592907525283,128.088116914427,128.64169311523438,6096100,0.0,0.0
2019-09-24 00:00:00-04:00,130.14700544218644,130.28296919170774,127.70936435471985,128.1658172607422,11904000,0.0,0.0
2019-09-25 00:00:00-04:00,127.99098069548802,129.57399863400974,127.43741936944257,129.25350952148438,6523000,0.0,0.0
2019-09-26 00:00:00-04:00,129.30207500816417,129.45746636774425,125.33968425248644,127.4859848022461,11615100,0.0,0.0
2019-09-27 00:00:00-04:00,126.34972412255264,127.22377466212221,125.20373127089395,126.21376037597656,8401300,0.0,0.0
2019-09-30 00:00:00-04:00,126.59252667130767,127.08782003675314,126.07780567811784,126.56339263916016,5532500,0.0,0.0
2019-10-01 00:00:00-04:00,127.02954965585765,127.98129593284123,125.77672702061054,125.81558227539062,5978500,0.0,0.0
2019-10-02 00:00:00-04:00,124.80554465567704,125.49508460137105,123.89264628588998,125.41738891601562,8296100,0.0,0.0
2019-10-03 00:00:00-04:00,124.89295742641274,125.69901864503372,123.86350815322504,124.45591735839844,8498700,0.0,0.0
2019-10-04 00:00:00-04:00,124.98035988724527,126.6799140534849,124.90266420423053,126.51481628417969,6732900,0.0,0.0
2019-10-07 00:00:00-04:00,126.51481851545864,127.77734745357621,125.3202640393426,127.12664794921875,5784100,0.0,0.0
2019-10-08 00:00:00-04:00,126.1554721819367,126.29143592278457,124.66957743590771,124.7667007446289,6526000,0.0,0.0
2019-10-09 00:00:00-04:00,125.37854762012392,126.10692799401556,124.36851853638964,125.60191345214844,5004600,0.0,0.0
2019-10-10 00:00:00-04:00,125.4950743035955,126.38855238346157,125.16487878213239,125.61161041259766,4512000,0.0,0.0
2019-10-11 00:00:00-04:00,126.54395355005131,127.21406586662624,126.09720706602246,126.27202606201172,6559000,0.0,0.0
2019-10-14 00:00:00-04:00,126.3788627828479,126.54396056552933,125.74759086430865,125.96125030517578,3710300,0.0,0.0
2019-10-15 00:00:00-04:00,126.26230945862392,127.11694720597748,125.66989280537878,126.01951599121094,5914700,0.0,0.0
2019-10-16 00:00:00-04:00,126.01950200662431,128.02983880680327,125.96123395194125,127.08779907226562,7610800,0.0,0.0
2019-10-17 00:00:00-04:00,128.70968215972988,129.59345400907048,126.74790663521098,128.55429077148438,8005100,0.0,0.0
2019-10-18 00:00:00-04:00,128.55428420932458,129.32151988778608,127.11695098876953,127.11695098876953,8694000,0.0,0.0
2019-10-21 00:00:00-04:00,127.65108924878697,127.93272313620409,126.27202420290828,126.50509643554688,6257100,0.0,0.0
2019-10-22 00:00:00-04:00,129.31180023255044,129.82652121950906,128.29207948185666,128.5834197998047,9291600,0.0,0.0
2019-10-23 00:00:00-04:00,128.63196303447017,128.8553288525491,126.99067699007652,127.35002136230469,5970800,0.0,0.0
2019-10-24 00:00:00-04:00,127.72878493264531,127.90358910712426,125.89326700593412,126.50509643554688,5746300,0.0,0.0
2019-10-25 00:00:00-04:00,126.73818434623021,127.961858032687,126.28173146230358,127.12664794921875,6696000,0.0,0.0
2019-10-28 00:00:00-04:00,127.6607891869084,128.27263340447135,126.38855391839904,126.7673110961914,8940300,0.0,0.0
2019-10-29 00:00:00-04:00,126.73818292304811,127.00040400253593,125.70874104964552,125.7475814819336,9305100,0.0,0.0
2019-10-30 00:00:00-04:00,125.95153783134727,126.55366087080802,125.42709565851511,125.8641357421875,10880000,0.0,0.0
2019-10-31 00:00:00-04:00,125.79614666372042,126.39826970415524,125.03863225190344,126.1749038696289,9628300,0.0,0.0
2019-11-01 00:00:00-04:00,127.21406399684373,128.97188623974068,126.74788989368194,128.92332458496094,8507600,0.0,0.0
2019-11-04 00:00:00-05:00,130.2538303236528,130.27325794970213,128.65139941959592,129.0884246826172,7631800,0.0,0.0
2019-11-05 00:00:00-05:00,128.94276139513804,128.94276139513804,127.11694974171122,127.66080474853516,7404500,0.0,0.0
2019-11-06 00:00:00-05:00,127.8064739242791,127.86474197938772,126.8935682104158,127.4859848022461,9132500,0.0,0.0
2019-11-07 00:00:00-05:00,128.53487214406007,129.8459480233227,127.95216187398486,129.12728881835938,18047600,0.0,0.0
2019-11-08 00:00:00-05:00,136.17798641050402,136.20712043791707,132.79830586016996,133.98313903808594,24175900,0.0,0.0
2019-11-11 00:00:00-05:00,133.53641141505568,134.56585337929806,132.28360360283975,132.79832458496094,10138400,0.0,0.0
2019-11-12 00:00:00-05:00,134.05111756294292,135.32335286169854,132.79830988936396,134.58526611328125,17284000,0.0,0.0
2019-11-13 00:00:00-05:00,134.58526644007858,145.59837373116622,132.89541870006934,144.43296813964844,45725400,0.0,0.0
2019-11-14 00:00:00-05:00,143.73372203929188,146.28791386894156,142.063301921969,142.90821838378906,28393600,0.0,0.0
2019-11-15 00:00:00-05:00,142.89851052405155,142.95677858028162,140.05297843928673,140.4997100830078,13733400,0.0,0.0
2019-11-18 00:00:00-05:00,140.5774158286303,144.74374515565432,139.54797391103605,143.39381408691406,15353100,0.0,0.0
2019-11-19 00:00:00-05:00,143.90853657447335,145.17106556602317,142.56832671418746,144.102783203125,11504300,0.0,0.0
2019-11-20 00:00:00-05:00,143.82111464803404,144.69517989960934,141.82049912790674,142.69454956054688,9448400,0.0,0.0
2019-11-21 00:00:00-05:00,142.91795048171704,143.21901201084205,142.04388510603385,142.66543579101562,6241400,0.0,0.0
2019-11-22 00:00:00-05:00,142.96651086938067,145.1322244342171,142.451775088652,144.01536560058594,9639400,0.0,0.0
2019-11-25 00:00:00-05:00,144.51068629738606,145.88004511939076,143.44238902796286,145.37503051757812,11316800,0.0,0.0
2019-11-26 00:00:00-05:00,147.37564381192405,148.98779609155187,146.2685061249742,147.26881408691406,24949900,0.0,0.0
2019-11-27 00:00:00-05:00,147.90978829212096,148.1720093950588,146.7929294130526,147.11341857910156,6155400,0.0,0.0
2019-11-29 00:00:00-05:00,147.11341745441652,148.07488494521294,146.65696453828528,147.21054077148438,6284900,0.0,0.0
2019-12-02 00:00:00-05:00,148.53132865180783,148.56046268133423,144.80202468306044,146.2781982421875,10351000,0.0,0.0
2019-12-03 00:00:00-05:00,143.4812146795874,144.8117179705749,142.6362834430393,144.2969970703125,9273800,0.0,0.0
2019-12-04 00:00:00-05:00,144.99624714886923,145.0253811765195,143.90852244716177,144.00564575195312,7684800,0.0,0.0
2019-12-05 00:00:00-05:00,144.40383234254475,144.5397960795742,142.859669582224,143.1898651123047,7363300,0.0,0.0
2019-12-06 00:00:00-05:00,144.1221930988637,144.3261461272522,142.93735981892652,143.40353393554688,7084900,0.0,0.0
2019-12-09 00:00:00-05:00,143.69486955493815,144.22900324364693,141.20865239380905,141.9953155517578,11515000,0.0,0.0
2019-12-10 00:00:00-05:00,141.0727067398871,142.61688440871427,140.8687685319814,141.8885040283203,7084100,0.0,0.0
2019-12-11 00:00:00-05:00,143.14132420906637,143.62691117155305,142.52947989427298,143.33555603027344,8253700,0.0,0.0
2019-12-12 00:00:00-05:00,143.65603223965832,144.63691248054494,143.00534754691927,143.50064086914062,7748300,0.0,0.0
2019-12-13 00:00:00-05:00,144.03797604482463,144.39947335418455,142.9437493753942,143.01214599609375,9350100,0.88,0.0
2019-12-16 00:00:00-05:00,144.19430275111134,145.229912295605,143.1782372285102,145.04429626464844,9134400,0.0,0.0
2019-12-17 00:00:00-05:00,144.69258253565636,145.044300401149,144.22361544318534,144.33108520507812,8776100,0.0,0.0
2019-12-18 00:00:00-05:00,144.37016546810204,144.54601693750902,142.82651574763048,142.8948974609375,9467800,0.0,0.0
2019-12-19 00:00:00-05:00,142.81673838823684,143.42248379869275,141.9765392561694,142.7874298095703,10243900,0.0,0.0
2019-12-20 00:00:00-05:00,143.764418069587,144.47763321730696,142.41617876636718,143.50064086914062,12629900,0.0,0.0
2019-12-23 00:00:00-05:00,142.55293796716538,142.9632729093989,141.0092884753051,141.35122680664062,9314000,0.0,0.0
2019-12-24 00:00:00-05:00,141.25356358996572,142.0839981889137,141.1265498069474,141.9472198486328,3508500,0.0,0.0
2019-12-26 00:00:00-05:00,142.05467764219645,142.50410066967038,141.82997358231935,142.3477783203125,4422000,0.0,0.0
2019-12-27 00:00:00-05:00,142.68975294364606,143.13916113063547,142.10355149971332,142.3966522216797,5495300,0.0,0.0
2019-12-30 00:00:00-05:00,142.39662932224,142.51386362908477,140.10069142839905,140.46218872070312,6602800,0.0,0.0
2019-12-31 00:00:00-05:00,140.3644946879318,141.43919227853138,139.9639242307337,141.3024139404297,5662900,0.0,0.0
2020-01-02 00:00:00-05:00,141.94721653656185,144.79026794433594,141.76160050657813,144.79026794433594,9502100,0.0,0.0
2020-01-03 00:00:00-05:00,143.03165882600172,144.49714719474238,142.68972048459338,143.12936401367188,7320200,0.0,0.0
2020-01-06 00:00:00-05:00,142.1914499305812,142.67018151475796,140.9897535998458,142.29891967773438,8262500,0.0,0.0
2020-01-07 00:00:00-05:00,142.63111444198861,143.49085754801737,142.0742216627961,142.3477783203125,6906500,0.0,0.0
2020-01-08 00:00:00-05:00,142.14262814494123,142.76790267804353,141.48804503276546,142.0546875,6984200,0.0,0.0
2020-01-09 00:00:00-05:00,143.10005414797928,143.25637648375385,141.2828479908255,141.49778747558594,6664200,0.0,0.0
2020-01-10 00:00:00-05:00,141.95699562626314,142.152391120486,140.94091520395122,141.29263305664062,5152500,0.0,0.0
2020-01-13 00:00:00-05:00,141.41965025049527,141.41965025049527,140.06163140743837,140.56967163085938,9921300,0.0,0.0
2020-01-14 00:00:00-05:00,140.11047373457168,143.3443159642081,139.016232186852,141.85928344726562,14839100,0.0,0.0
2020-01-15 00:00:00-05:00,142.35757640387885,142.35757640387885,140.61851612832484,140.9995574951172,6818200,0.0,0.0
2020-01-16 00:00:00-05:00,141.75181935121222,142.08399317907907,141.1167802739538,141.7811279296875,6948400,0.0,0.0
2020-01-17 00:00:00-05:00,142.19146025815556,142.28916545638006,140.69666315318588,141.00930786132812,10355300,0.0,0.0
2020-01-21 00:00:00-05:00,140.9213815913832,141.26331996842757,139.71967027021887,140.25701904296875,9250200,0.0,0.0
2020-01-22 00:00:00-05:00,141.12654957460768,141.45872341364003,140.23748291038498,140.69667053222656,7550000,0.0,0.0
2020-01-23 00:00:00-05:00,140.29609708402813,140.30586164002926,137.41395793774998,138.9282989501953,11082000,0.0,0.0
2020-01-24 00:00:00-05:00,138.14670829397804,138.9771577303227,135.99732816826918,136.85708618164062,13076300,0.0,0.0
2020-01-27 00:00:00-05:00,132.73419651422893,134.56116764811912,131.89398240040637,132.7732696533203,12831800,0.0,0.0
2020-01-28 00:00:00-05:00,133.35944583807884,135.73352991597466,132.7341713769783,135.18641662597656,10390000,0.0,0.0
2020-01-29 00:00:00-05:00,135.4111496792169,135.48929595073508,132.66578857201063,132.92958068847656,9382700,0.0,0.0
2020-01-30 00:00:00-05:00,131.98189237184155,134.67840078628274,131.7278797287983,134.63931274414062,11847300,0.0,0.0
2020-01-31 00:00:00-05:00,135.21576388701686,135.47955605149392,133.9065974388651,135.12783813476562,12379100,0.0,0.0
2020-02-03 00:00:00-05:00,136.57376091230407,138.5570691976023,136.53468777573684,138.06857299804688,12639900,0.0,0.0
2020-02-04 00:00:00-05:00,142.1426244458013,142.24031473759698,139.95415618303588,141.4001007080078,23519700,0.0,0.0
2020-02-05 00:00:00-05:00,143.22708174995665,143.91097340041,135.3818345212335,138.11740112304688,27824100,0.0,0.0
2020-02-06 00:00:00-05:00,138.6547562213231,140.63804955210463,137.97086453962615,139.41680908203125,9504600,0.0,0.0
2020-02-07 00:00:00-05:00,138.62546085544875,138.72316606545542,136.8961800108404,137.77548217773438,10948900,0.0,0.0
2020-02-10 00:00:00-05:00,137.7852205943527,139.309326171875,137.22834274458992,139.309326171875,8162100,0.0,0.0
2020-02-11 00:00:00-05:00,139.56336329069953,139.70014162351822,137.22835216833144,137.76568603515625,10790100,0.0,0.0
2020-02-12 00:00:00-05:00,138.0880891284572,138.94784712930493,137.6289015514335,138.58636474609375,8168200,0.0,0.0
2020-02-13 00:00:00-05:00,137.92201049672764,138.6352107496292,137.58007211331582,137.65821838378906,7543100,0.0,0.0
2020-02-14 00:00:00-05:00,137.8536342231457,138.0294857002306,135.92895799387094,136.3295135498047,9110500,0.0,0.0
2020-02-18 00:00:00-05:00,135.82148638666212,136.44676092066547,134.92265517576485,135.938720703125,8214900,0.0,0.0
2020-02-19 00:00:00-05:00,136.41745100105845,138.6059043947052,136.02664510382107,138.0490264892578,7080900,0.0,0.0
2020-02-20 00:00:00-05:00,138.3714312786959,138.3714312786959,135.65539373875072,137.14041137695312,5981700,0.0,0.0
2020-02-21 00:00:00-05:00,136.64213602742086,136.66168004648856,135.39158714602274,135.77261352539062,7725800,0.0,0.0
2020-02-24 00:00:00-05:00,129.8422830480937,131.34685968142279,128.19117842664468,129.9497528076172,19336500,0.0,0.0
2020-02-25 00:00:00-05:00,130.67273713079064,130.85836807718383,125.03549410585636,125.24066162109375,21032500,0.0,0.0
2020-02-26 00:00:00-05:00,123.21828300698591,125.41650843235236,119.32007800104412,120.52178192138672,31195900,0.0,0.0
2020-02-27 00:00:00-05:00,117.05345382353349,120.07236413210151,115.20693883487802,115.32418060302734,30827500,0.0,0.0
2020-02-28 00:00:00-05:00,111.87540537336888,115.58797213926653,110.60531223138294,114.94316101074219,35389900,0.0,0.0
2020-03-02 00:00:00-05:00,116.38910158578352,117.21955108642578,113.36042664547664,117.21955108642578,21775900,0.0,0.0
2020-03-03 00:00:00-05:00,118.36263617464923,118.97813873146438,112.50068150602964,113.77076721191406,19529700,0.0,0.0
2020-03-04 00:00:00-05:00,116.22301062177428,116.49656729082902,112.82308137229353,116.43795013427734,13842100,0.0,0.0
2020-03-05 00:00:00-05:00,114.17134060992505,114.26903836612668,109.53062637866819,111.35760498046875,22397200,0.0,0.0
2020-03-06 00:00:00-05:00,108.21167454082244,113.20410603491582,107.78179552250988,112.61790466308594,22899600,0.0,0.0
2020-03-09 00:00:00-04:00,106.18930075437261,107.88926535385264,101.88076091920175,101.94915008544922,26233600,0.0,0.0
2020-03-10 00:00:00-04:00,105.61288128206716,109.01281825325047,100.07333593573011,108.89557647705078,24083700,0.0,0.0
2020-03-11 00:00:00-04:00,105.92552570042986,106.39448538295939,100.49344975287795,103.08248138427734,24771300,0.0,0.0
2020-03-12 00:00:00-04:00,95.37399279118664,97.69923182523776,89.53157544833908,89.69766235351562,40392900,0.0,0.0
2020-03-13 00:00:00-04:00,98.46128273956597,100.50320052129105,90.12753961841565,100.16124725341797,40960100,0.0,0.0
2020-03-16 00:00:00-04:00,89.68791353526697,96.01882069430866,87.92932407227697,92.82405853271484,35379500,0.0,0.0
2020-03-17 00:00:00-04:00,93.59588226009882,95.21768589559838,89.05286575215251,91.37810516357422,27526200,0.0,0.0
2020-03-18 00:00:00-04:00,85.57476013516698,87.28449682311978,77.25078822551828,86.75692749023438,43592500,0.0,0.0
2020-03-19 00:00:00-04:00,85.97533020458238,95.15906014902575,83.15182279758163,92.74588775634766,30866800,0.0,0.0
2020-03-20 00:00:00-04:00,93.78150504748508,94.75849751685237,83.86502999263489,84.00181579589844,31957800,0.0,0.0
2020-03-23 00:00:00-04:00,82.54608078739315,85.27189031269766,79.2243053378898,83.786865234375,32246600,0.0,0.0
2020-03-24 00:00:00-04:00,90.20570862330712,96.88833295347065,89.68790385229192,95.86249542236328,32538100,0.0,0.0
2020-03-25 00:00:00-04:00,98.34405590036461,103.48303041850883,93.3125436857605,98.41244506835938,28533000,0.0,0.0
2020-03-26 00:00:00-04:00,98.51015360055302,105.25140320696764,98.48084501875496,102.93592834472656,24520300,0.0,0.0
2020-03-27 00:00:00-04:00,98.13888257761883,99.15495555751293,93.34185381952479,94.18206787109375,30591500,0.0,0.0
2020-03-30 00:00:00-04:00,93.79127108613983,98.14865632755348,89.9809992074933,97.50384521484375,23119200,0.0,0.0
2020-03-31 00:00:00-04:00,97.91417154847039,100.78653135583893,93.94758511266421,94.37745666503906,21563200,0.0,0.0
2020-04-01 00:00:00-04:00,91.34878711754364,95.15905887311163,90.43041189925496,92.73611450195312,18303900,0.0,0.0
2020-04-02 00:00:00-04:00,92.03267214834541,95.02227367023397,92.03267214834541,94.73894500732422,13936500,0.0,0.0
2020-04-03 00:00:00-04:00,94.0941389092375,94.69010489013392,90.57696763850926,91.72004699707031,14814600,0.0,0.0
2020-04-06 00:00:00-04:00,95.02228027573179,97.88486822649516,92.3453158071952,97.28890228271484,20407400,0.0,0.0
2020-04-07 00:00:00-04:00,102.44741273110067,103.45371360312966,97.94347765127682,98.91069793701172,22899600,0.0,0.0
2020-04-08 00:00:00-04:00,98.21703689932572,99.99516262651039,96.38029401807931,98.74461364746094,22562500,0.0,0.0
2020-04-09 00:00:00-04:00,105.4370073774444,105.50539654038755,101.14801177063636,102.09569549560547,31453600,0.0,0.0
2020-04-13 00:00:00-04:00,102.3008732881964,102.45719565001681,97.31821354000789,101.11871337890625,17306000,0.0,0.0
2020-04-14 00:00:00-04:00,103.07270270530864,105.16346593638708,101.50951628775385,103.59050750732422,19866900,0.0,0.0
2020-04-15 00:00:00-04:00,101.988228109566,102.46695226126172,100.33710869671393,100.99169921875,14157600,0.0,0.0
2020-04-16 00:00:00-04:00,101.14802060073882,101.33365153944402,98.56876129620285,99.67276000976562,18029300,0.0,0.0
2020-04-17 00:00:00-04:00,103.76636175886608,104.3330191389698,101.94915530119586,104.17669677734375,17926900,0.0,0.0
2020-04-20 00:00:00-04:00,101.19687145125077,102.44742049195786,99.6532217180641,99.90724182128906,17021000,0.0,0.0
2020-04-21 00:00:00-04:00,97.70900950392378,99.17449806632018,96.84925144351398,98.22681427001953,16101400,0.0,0.0
2020-04-22 00:00:00-04:00,99.45783471497622,100.26873278617897,98.56876800473181,98.66646575927734,11463800,0.0,0.0
2020-04-23 00:00:00-04:00,98.33428553856925,100.17102854827299,97.17166220930135,98.67623138427734,17132200,0.0,0.0
2020-04-24 00:00:00-04:00,99.43828411400874,99.57506245209692,97.23027922880468,98.86186218261719,13614100,0.0,0.0
2020-04-27 00:00:00-04:00,99.65322523561494,104.06922762322003,99.27219879425819,103.61981201171875,15518300,0.0,0.0
2020-04-28 00:00:00-04:00,106.2870073085135,107.52778441438187,103.54166096662803,103.76636505126953,16503700,0.0,0.0
2020-04-29 00:00:00-04:00,107.41054649394263,110.10704014244446,106.06229221583126,109.66739654541016,20139800,0.0,0.0
2020-04-30 00:00:00-04:00,106.92205669650646,107.77203536217223,104.40141437282949,105.66173553466797,18638700,0.0,0.0
2020-05-01 00:00:00-04:00,103.91290688796313,104.45025566172613,102.06639194373764,103.07269287109375,13209100,0.0,0.0
2020-05-04 00:00:00-04:00,99.66298918876046,101.44111492261328,98.23658128831676,100.80606842041016,19514800,0.0,0.0
2020-05-05 00:00:00-04:00,99.17450673130334,102.76006727164769,98.57854073421646,98.73485565185547,30169800,0.0,0.0
2020-05-06 00:00:00-04:00,99.14518420593924,102.84797855027188,96.58546163659432,98.5589828491211,51992400,0.0,0.0
2020-05-07 00:00:00-04:00,99.5066700053633,103.18016335238984,99.4871334379344,103.14108276367188,20868800,0.0,0.0
2020-05-08 00:00:00-04:00,106.54102877023888,106.66803510429541,104.17670139591779,106.64849853515625,24079700,0.0,0.0
2020-05-11 00:00:00-04:00,105.9059839571105,106.3065469889552,103.9617710524202,105.29047393798828,20555900,0.0,0.0
2020-05-12 00:00:00-04:00,106.5507854256538,106.92204729651073,102.08593059547736,102.1543197631836,17049700,0.0,0.0
2020-05-13 00:00:00-04:00,102.09570512967821,102.13478571988487,99.26242569750836,100.55205535888672,21085800,0.0,0.0
2020-05-14 00:00:00-04:00,99.63369359414999,103.48303878870303,97.36707140231103,103.47327423095703,22002200,0.0,0.0
2020-05-15 00:00:00-04:00,102.56467186454657,106.86343273107612,101.87100065764234,106.54103088378906,29766000,0.0,0.0
2020-05-18 00:00:00-04:00,111.8363283119392,117.02415589965379,111.8363283119392,114.16156768798828,40044600,0.0,0.0
2020-05-19 00:00:00-04:00,112.45182485762177,113.79030714220444,110.81047731128923,111.7386245727539,20332600,0.0,0.0
2020-05-20 00:00:00-04:00,113.74145341885425,118.08907407116214,113.37019899024473,117.16092681884766,25749900,0.0,0.0
2020-05-21 00:00:00-04:00,116.59427174104627,117.5321910229687,113.81961684809599,115.1190185546875,17578300,0.0,0.0
2020-05-22 00:00:00-04:00,114.79660894671623,115.84199053428935,114.14202581654234,115.30464172363281,9288200,0.0,0.0
2020-05-26 00:00:00-04:00,118.26493390256323,119.69134192296727,117.65919592655855,118.16722869873047,16466400,0.0,0.0
2020-05-27 00:00:00-04:00,120.83441413238819,120.93211187660503,116.95575331071245,118.73387908935547,19345400,0.0,0.0
2020-05-28 00:00:00-04:00,118.8022774338799,119.17353932599026,113.3311213425957,114.0638656616211,18606000,0.0,0.0
2020-05-29 00:00:00-04:00,113.51674938710453,115.04085514648503,111.49437541644176,114.60121154785156,17745100,0.0,0.0
2020-06-01 00:00:00-04:00,114.56213087642888,116.89714211541377,114.23972159559989,116.03738403320312,10538300,0.0,0.0
2020-06-02 00:00:00-04:00,116.26210089432566,117.0925429813701,115.1190215231988,116.01785278320312,10753100,0.0,0.0
2020-06-03 00:00:00-04:00,117.22931134546792,119.632711659806,116.57472825232246,119.36892700195312,12584300,0.0,0.0
2020-06-04 00:00:00-04:00,119.14422035980117,121.63555396471912,119.04652261044096,120.84419250488281,14195100,0.0,0.0
2020-06-05 00:00:00-04:00,123.40391306381174,124.87917373950857,121.42061959756188,121.94819641113281,16581600,0.0,0.0
2020-06-08 00:00:00-04:00,122.22174176235676,124.50790774237937,121.08843450987777,124.3515853881836,13858100,0.0,0.0
2020-06-09 00:00:00-04:00,122.73955363242983,122.89587599568868,120.66833449627367,121.03958892822266,10882800,0.0,0.0
2020-06-10 00:00:00-04:00,121.16658936889472,121.24475054672527,118.14768655032644,119.36892700195312,11497100,0.0,0.0
2020-06-11 00:00:00-04:00,114.8943051954467,115.28510364773655,109.66739732591888,110.04842376708984,26078800,0.0,0.0
2020-06-12 00:00:00-04:00,112.52021794081091,114.30811590153067,110.29267636201419,112.83285522460938,18361900,0.0,0.0
2020-06-15 00:00:00-04:00,109.50131406301134,115.4023492734585,109.13982417814563,114.38627624511719,14156400,0.0,0.0
2020-06-16 00:00:00-04:00,118.45056310906988,118.7045832343479,113.37997733830215,115.7149887084961,12951200,0.0,0.0
2020-06-17 00:00:00-04:00,115.91038143045905,116.48681084082092,114.44489278379561,114.94316101074219,8921600,0.0,0.0
2020-06-18 00:00:00-04:00,114.19086716747003,115.8029060919683,113.2627273841415,115.64659118652344,9577300,0.0,0.0
2020-06-19 00:00:00-04:00,117.21954997823232,117.3563283162275,111.71907806396484,111.71907806396484,23496300,0.0,0.0
2020-06-22 00:00:00-04:00,111.56277499820979,113.51675998136022,110.50762131838187,113.25296783447266,12868000,0.0,0.0
2020-06-23 00:00:00-04:00,114.26902923598573,114.74775342082616,113.3018088553072,113.90753936767578,10187600,0.0,0.0
2020-06-24 00:00:00-04:00,113.18456911564256,113.33111946779543,107.4984735922231,109.49153900146484,22252500,0.0,0.0
2020-06-25 00:00:00-04:00,106.48240724226527,108.94443244138341,106.00368301893825,108.79788208007812,17240400,0.0,0.0
2020-06-26 00:00:00-04:00,108.39730104144058,108.64154913522829,105.53471308409424,106.5898666381836,15270900,0.0,0.0
2020-06-29 00:00:00-04:00,106.49217545774486,109.00304571854828,105.61288077511978,108.95419311523438,12584300,0.0,0.0
2020-06-30 00:00:00-04:00,108.9346554788952,109.47200429464029,107.4007776685127,108.94442749023438,10565900,0.0,0.0
2020-07-01 00:00:00-04:00,110.22428878655924,112.94032662651998,109.7064839765631,110.40991973876953,11930900,0.0,0.0
2020-07-02 00:00:00-04:00,112.3541248955957,112.45182264386327,109.42314772440625,109.59900665283203,10312000,0.0,0.0
2020-07-06 00:00:00-04:00,111.21104725866434,111.89493896067293,110.30244402378975,111.7972412109375,11933400,0.0,0.0
2020-07-07 00:00:00-04:00,111.01564025878906,112.4322836668278,110.01911132163443,111.01564025878906,10836500,0.0,0.0
2020-07-08 00:00:00-04:00,110.86910076146222,114.43511705611475,110.21451018894295,113.97593688964844,13629500,0.0,0.0
2020-07-09 00:00:00-04:00,113.82938904585181,115.1385553120014,112.72538283976681,114.12248229980469,13582900,0.0,0.0
2020-07-10 00:00:00-04:00,114.14201578612318,116.69196636559285,113.53627785769156,116.5942611694336,14207900,0.0,0.0
2020-07-13 00:00:00-04:00,117.18047159890226,117.36609508747735,113.223649371774,113.54605865478516,15620200,0.0,0.0
2020-07-14 00:00:00-04:00,112.57884712491362,116.34026669466449,111.90471992623367,115.929931640625,12425100,0.0,0.0
2020-07-15 00:00:00-04:00,118.83157793340492,119.28099352405002,116.9459823825134,118.11837768554688,15314200,0.0,0.0
2020-07-16 00:00:00-04:00,115.01154905386072,117.22931857101068,114.89430727988858,116.68220520019531,10210100,0.0,0.0
2020-07-17 00:00:00-04:00,116.1643912134858,116.80920228463577,114.36672142419184,115.9201431274414,9843500,0.0,0.0
2020-07-20 00:00:00-04:00,115.33396091824878,115.76383252469459,114.13225693323747,115.07994079589844,8947900,0.0,0.0
2020-07-21 00:00:00-04:00,115.33396845091339,117.62012733979714,114.95294196943276,115.89085388183594,8946300,0.0,0.0
2020-07-22 00:00:00-04:00,115.4707346821299,116.55519684751863,115.21671456985906,116.2914047241211,7063300,0.0,0.0
2020-07-23 00:00:00-04:00,116.12532370845845,116.60404792395988,114.31788915886821,115.40235137939453,7255800,0.0,0.0
2020-07-24 00:00:00-04:00,113.0380165791828,115.49026956598216,112.87192966175385,114.9040756225586,8233300,0.0,0.0
2020-07-27 00:00:00-04:00,114.50350240750716,114.71844192082096,113.01847728966847,113.63397979736328,9413000,0.0,0.0
2020-07-28 00:00:00-04:00,112.80354515327987,114.15179202424551,112.04149224995751,113.5069808959961,6821100,0.0,0.0
2020-07-29 00:00:00-04:00,113.5460621126827,114.02478631927603,112.46159991233606,112.9500961303711,9496500,0.0,0.0
2020-07-30 00:00:00-04:00,112.26620282681358,113.61444968622739,110.76163360197523,112.99894714355469,9713500,0.0,0.0
2020-07-31 00:00:00-04:00,112.56906078070601,114.35695858635005,111.49437067672976,114.2494888305664,9601000,0.0,0.0
2020-08-03 00:00:00-04:00,113.49720625394392,114.42535351390529,112.69607277749944,113.67306518554688,10229200,0.0,0.0
2020-08-04 00:00:00-04:00,113.29204416898543,115.62705553974833,113.09664865956144,114.59144592285156,17293900,0.0,0.0
2020-08-05 00:00:00-04:00,120.53155044186866,127.31187236881675,120.44361725323866,124.67399597167969,53000200,0.0,0.0
2020-08-06 00:00:00-04:00,124.03894410998079,128.6015039114199,122.72000596814406,127.81014251708984,27238000,0.0,0.0
2020-08-07 00:00:00-04:00,127.22394893152641,128.90437701794627,125.69984320377831,126.94061279296875,16088600,0.0,0.0
2020-08-10 00:00:00-04:00,126.76476251486751,128.29864772181313,125.53375747109799,125.82684326171875,8529200,0.0,0.0
2020-08-11 00:00:00-04:00,127.52682033007349,129.7055092685722,127.00901553627408,127.48774719238281,13885700,0.0,0.0
2020-08-12 00:00:00-04:00,127.66360099093106,129.9399951765598,127.48774950654887,128.75782775878906,12204200,0.0,0.0
2020-08-13 00:00:00-04:00,127.63427760043707,129.3049410468243,127.44864667220294,127.9469223022461,6468600,0.0,0.0
2020-08-14 00:00:00-04:00,127.01876949845406,128.06415846406512,126.75499229867194,127.52680969238281,6507600,0.0,0.0
2020-08-17 00:00:00-04:00,127.10671646314543,127.14578959952075,125.58259580553239,126.39350128173828,7492200,0.0,0.0
2020-08-18 00:00:00-04:00,126.46189764001463,126.60844053576604,125.40674406744193,125.953857421875,6714600,0.0,0.0
2020-08-19 00:00:00-04:00,126.27626665597425,127.22395046875668,124.49814080082984,124.83031463623047,7624200,0.0,0.0
2020-08-20 00:00:00-04:00,123.88263430574786,125.49466573765133,123.6188421942239,125.17225646972656,4918100,0.0,0.0
2020-08-21 00:00:00-04:00,124.78146071061035,125.35788260344047,124.30273655932739,124.50790405273438,6064700,0.0,0.0
2020-08-24 00:00:00-04:00,125.20156700332119,127.86876692297675,124.98663494187471,127.68313598632812,7613600,0.0,0.0
2020-08-25 00:00:00-04:00,127.81991341985349,128.0739260690035,126.33488084487382,126.8038330078125,5494400,0.0,0.0
2020-08-26 00:00:00-04:00,127.00900358647363,129.54918962129108,126.54005143970055,129.1388397216797,8447800,0.0,0.0
2020-08-27 00:00:00-04:00,129.9399827410117,133.22267763814605,129.76413127345887,130.65318298339844,13667600,0.0,0.0
2020-08-28 00:00:00-04:00,131.40547380095958,133.6525592341186,130.5066426092401,132.42153930664062,11020100,0.0,0.0
2020-08-31 00:00:00-04:00,132.13822236547225,132.42154360264425,128.23025275762095,128.8359832763672,11617500,0.0,0.0
2020-09-01 00:00:00-04:00,128.88482321030529,130.53594259257423,127.87852232780756,130.47732543945312,7351200,0.0,0.0
2020-09-02 00:00:00-04:00,130.55549272432197,132.79279865025262,130.19399541695378,132.27499389648438,8187800,0.0,0.0
2020-09-03 00:00:00-04:00,132.12845373787167,134.08243848160268,128.98253710784707,130.17446899414062,12079200,0.0,0.0
2020-09-04 00:00:00-04:00,130.6727330629934,131.776739241772,126.44235419621447,128.95323181152344,11248300,0.0,0.0
2020-09-08 00:00:00-04:00,128.9532510693333,133.98475670082053,127.849244725683,131.11239624023438,17257300,0.0,0.0
2020-09-09 00:00:00-04:00,131.19053345653833,132.43131793308632,129.2170047069276,130.2917022705078,8891800,0.0,0.0
2020-09-10 00:00:00-04:00,130.50664032881085,133.60370429951485,129.68597032997928,130.15492248535156,9853400,0.0,0.0
2020-09-11 00:00:00-04:00,130.66295477315126,130.66295477315126,128.07391624928468,128.71873474121094,7165300,0.0,0.0
2020-09-14 00:00:00-04:00,129.48080423195447,129.8715952368719,127.88830181685941,128.23025512695312,8391900,0.0,0.0
2020-09-15 00:00:00-04:00,128.4354290251845,129.49056771122065,127.99577051366144,128.22048950195312,7289100,0.0,0.0
2020-09-16 00:00:00-04:00,129.12909502566097,130.54573114815793,128.37680663762848,129.05093383789062,6601000,0.0,0.0
2020-09-17 00:00:00-04:00,127.54635488364315,128.7382867489575,125.64122277358173,127.22394561767578,6723500,0.0,0.0
2020-09-18 00:00:00-04:00,126.52051081057228,127.7808243974737,125.17225658127096,125.6705322265625,9916300,0.0,0.0
2020-09-21 00:00:00-04:00,123.08150542415397,123.9705646292027,120.746486738334,122.52462005615234,10352700,0.0,0.0
2020-09-22 00:00:00-04:00,122.37806340160013,124.53721559275954,121.83094261897138,124.28319549560547,6978800,0.0,0.0
2020-09-23 00:00:00-04:00,124.14642863336643,124.37114017350626,120.07237196125232,120.4436264038086,8323600,0.0,0.0
2020-09-24 00:00:00-04:00,119.12467774492507,120.95165612605489,118.00113504966042,119.67179107666016,8480000,0.0,0.0
2020-09-25 00:00:00-04:00,118.56779726162354,121.33268751926164,118.19654283614035,121.14705657958984,6851800,0.0,0.0
2020-09-28 00:00:00-04:00,122.85679435774806,123.94125651856665,122.48553992896332,123.09127044677734,6283700,0.0,0.0
2020-09-29 00:00:00-04:00,123.02287956322124,123.38436942974546,120.83441870375822,122.51484680175781,7405800,0.0,0.0
2020-09-30 00:00:00-04:00,120.40454222815323,122.66139975838333,120.40454222815323,121.2252197265625,13642500,0.0,0.0
2020-10-01 00:00:00-04:00,122.06543329661484,122.5832380779289,119.6034082652681,120.47293090820312,8908300,0.0,0.0
2020-10-02 00:00:00-04:00,119.18330215473779,120.83442171489466,118.89020890369528,119.73042297363281,6490200,0.0,0.0
2020-10-05 00:00:00-04:00,120.42407779278741,120.75625161019617,119.51547461935874,120.53154754638672,5919200,0.0,0.0
2020-10-06 00:00:00-04:00,120.2970700921257,121.33268709238436,117.8350525532236,118.14768981933594,9052000,0.0,0.0
2020-10-07 00:00:00-04:00,119.1442188090637,120.47292905387788,118.14768985238327,120.08213806152344,10187800,0.0,0.0
2020-10-08 00:00:00-04:00,120.7367272668283,120.90281419234776,119.6034124609903,120.25799560546875,7404600,0.0,0.0
2020-10-09 00:00:00-04:00,121.00050887834882,122.66140045302694,120.49247610320741,122.1045150756836,11502200,0.0,0.0
2020-10-12 00:00:00-04:00,122.02635265121906,123.0424256450167,120.8832733283944,122.09474182128906,10958200,0.0,0.0
2020-10-13 00:00:00-04:00,126.81361282440912,128.33771853898023,124.95732582746261,125.9929428100586,22389000,0.0,0.0
2020-10-14 00:00:00-04:00,126.16879322524954,126.52051107241603,122.40737411657138,123.67745971679688,11531500,0.0,0.0
2020-10-15 00:00:00-04:00,122.1240534393078,124.46883675611464,121.56716805377899,124.42975616455078,7744000,0.0,0.0
2020-10-16 00:00:00-04:00,124.86939503938521,125.17226029519232,123.42345047566707,123.89240264892578,6291700,0.0,0.0
2020-10-19 00:00:00-04:00,124.43952057543403,124.46882915385164,120.86372493127914,121.37176513671875,6576900,0.0,0.0
2020-10-20 00:00:00-04:00,121.71372050795031,122.83726330974253,120.79534522501152,122.07520294189453,6161200,0.0,0.0
2020-10-21 00:00:00-04:00,121.49876814088907,124.6251406510036,120.99072794933294,123.71653747558594,6591500,0.0,0.0
2020-10-22 00:00:00-04:00,123.75562991729699,125.15273685096447,123.07173819453595,124.62515258789062,5177700,0.0,0.0
2020-10-23 00:00:00-04:00,125.15272457153405,125.54351554399155,123.44298052466249,125.39697265625,5439900,0.0,0.0
2020-10-26 00:00:00-04:00,124.18551079839496,124.18551079839496,120.12121863238443,121.20568084716797,8578900,0.0,0.0
2020-10-27 00:00:00-04:00,121.17636663144505,121.74302401448554,120.19937422780026,120.47293090820312,6813800,0.0,0.0
2020-10-28 00:00:00-04:00,118.2258548546443,118.73388763344602,115.59774285908954,115.74429321289062,11654700,0.0,0.0
2020-10-29 00:00:00-04:00,115.44142826714862,119.80857813624718,114.53282501570168,118.74365997314453,9583700,0.0,0.0
2020-10-30 00:00:00-04:00,117.86436119492828,118.94882334286405,116.35002001066184,118.4603271484375,8090200,0.0,0.0
2020-11-02 00:00:00-05:00,119.4275510949698,120.10167824865755,117.05345922096146,117.36609649658203,9186000,0.0,0.0
2020-11-03 00:00:00-05:00,118.81205510704856,122.19244816544405,118.57757900086777,121.1666030883789,8144900,0.0,0.0
2020-11-04 00:00:00-05:00,120.73671966450578,123.94125346648192,120.57063274944416,122.19243621826172,7483000,0.0,0.0
2020-11-05 00:00:00-05:00,123.86309675622535,125.66075921580618,122.90564836697136,124.03895568847656,7654800,0.0,0.0
2020-11-06 00:00:00-05:00,123.35506266163672,125.09410048928108,121.74302370889711,124.52745056152344,6259700,0.0,0.0
2020-11-09 00:00:00-05:00,137.0329323616508,144.28221331866027,134.89333178257166,139.309326171875,35634700,0.0,0.0
2020-11-10 00:00:00-05:00,136.7496298889764,139.09440572821168,134.50254434687184,138.84039306640625,18115400,0.0,0.0
2020-11-11 00:00:00-05:00,138.21510976340215,138.73291451934264,133.47669087482944,134.6490936279297,9600900,0.0,0.0
2020-11-12 00:00:00-05:00,133.20313403531998,135.30367654213725,131.01468070217038,132.40200805664062,13768200,0.0,0.0
2020-11-13 00:00:00-05:00,137.65822034495645,137.9415564834101,133.379003858862,135.17666625976562,21062300,0.0,0.0
2020-11-16 00:00:00-05:00,138.31282413999273,141.40988832436693,138.31282413999273,141.34149169921875,16382500,0.0,0.0
2020-11-17 00:00:00-05:00,141.07769457858288,141.4978090565874,139.28003216615417,141.17539978027344,9354900,0.0,0.0
2020-11-18 00:00:00-05:00,141.17538897189266,142.13283726273085,140.0518537770727,140.5891876220703,9456200,0.0,0.0
2020-11-19 00:00:00-05:00,139.28981535815578,140.00301564487475,138.43982182232133,138.45936584472656,8892500,0.0,0.0
2020-11-20 00:00:00-05:00,138.44960010365455,139.3288873039973,137.61915059732559,137.82432556152344,8481600,0.0,0.0
2020-11-23 00:00:00-05:00,139.17257100628564,144.35063395368113,138.43982667149538,142.62135314941406,12887000,0.0,0.0
2020-11-24 00:00:00-05:00,144.75120621998363,148.36607533465877,144.44834094310343,148.0045928955078,16711700,0.0,0.0
2020-11-25 00:00:00-05:00,146.81264879696602,146.81264879696602,143.85236308463192,145.6597900390625,9552000,0.0,0.0
2020-11-27 00:00:00-05:00,145.5718592179967,146.8908048451404,143.15868693632905,143.74488830566406,5306400,0.0,0.0
2020-11-30 00:00:00-05:00,143.67647462302375,145.2689767246745,142.9241864335195,144.6046142578125,9710100,0.0,0.0
2020-12-01 00:00:00-05:00,146.12876855027645,147.91665162291045,145.57187569560023,146.0017547607422,8825500,0.0,0.0
2020-12-02 00:00:00-05:00,146.05060167937967,150.4665966674938,144.92705145600263,150.0758056640625,10601900,0.0,0.0
2020-12-03 00:00:00-05:00,149.91948501261507,150.88671288258288,148.62986276037935,149.71432495117188,9063200,0.0,0.0
2020-12-04 00:00:00-05:00,150.15396905863034,151.1211820240759,149.29421094914855,150.59361267089844,6033300,0.0,0.0
2020-12-07 00:00:00-05:00,149.65569932189197,150.33960597671768,148.75686803888107,150.14419555664062,6815500,0.0,0.0
2020-12-08 00:00:00-05:00,148.91318021054659,151.31658808026205,148.7470932910365,150.1832733154297,7900600,0.0,0.0
2020-12-09 00:00:00-05:00,152.6941444311837,153.8372387238159,150.34936849922224,150.87693786621094,10804300,0.0,0.0
2020-12-10 00:00:00-05:00,149.7924761616917,151.76599000021815,148.99133526880286,151.13095092773438,8993200,0.0,0.0
2020-12-11 00:00:00-05:00,165.7760662156925,175.321286307102,161.52615814496937,171.67710876464844,87410700,0.0,0.0
2020-12-14 00:00:00-05:00,169.8012814571434,173.2207548441664,164.92608403286536,165.40481567382812,30939400,0.0,0.0
2020-12-15 00:00:00-05:00,166.56744369474484,170.4558693671739,163.95887571221462,169.9380645751953,18802600,0.0,0.0
2020-12-16 00:00:00-05:00,169.9869106274305,170.8271246758007,167.671428535081,169.1369171142578,11105800,0.0,0.0
2020-12-17 00:00:00-05:00,169.8208294808924,170.81735101503352,168.00362298465922,169.55703735351562,9004600,0.0,0.0
2020-12-18 00:00:00-05:00,169.60588735298768,171.79434079772236,168.3162502235796,168.91221618652344,21172100,0.0,0.0
2020-12-21 00:00:00-05:00,166.17661604214817,167.9840577527637,164.3203366429101,166.7628173828125,11424200,0.0,0.0
2020-12-22 00:00:00-05:00,166.08870723365087,167.5053432255702,165.26803719929055,166.52835083007812,6419200,0.0,0.0
2020-12-23 00:00:00-05:00,168.98061540397336,171.9018131967811,168.33579682937292,169.55703735351562,9994000,0.0,0.0
2020-12-24 00:00:00-05:00,169.9869071948742,170.56332911319106,168.41394888867842,169.73287963867188,2721000,0.0,0.0
2020-12-28 00:00:00-05:00,171.7064258816225,175.78048267549167,171.02253413703806,174.744873046875,13145400,0.0,0.0
2020-12-29 00:00:00-05:00,175.8684053481775,176.0540362986918,172.16561052648683,173.22076416015625,6875400,0.0,0.0
2020-12-30 00:00:00-05:00,174.3931410997092,179.18039783347567,174.26612731891385,177.001708984375,11680400,0.0,0.0
2020-12-31 00:00:00-05:00,177.05056265341895,179.1803989144691,176.1224228616061,177.011474609375,7073500,0.0,0.0
2021-01-04 00:00:00-05:00,178.06662203363751,178.3890313011228,170.70987076095753,173.5919952392578,13426600,0.0,0.0
2021-01-05 00:00:00-05:00,172.14605018786133,176.19079794638418,172.14605018786133,174.3345184326172,7771800,0.0,0.0
2021-01-06 00:00:00-05:00,174.21728886948813,177.43158724974077,173.2012084429774,174.99887084960938,7517800,0.0,0.0
2021-01-07 00:00:00-05:00,175.3701294040656,175.80977298648713,173.4943058534054,174.47129821777344,7300800,0.0,0.0
2021-01-08 00:00:00-05:00,174.69601545001643,175.87818285937004,172.5368705104041,174.5787811279297,7894500,0.0,0.0
2021-01-11 00:00:00-05:00,173.66040767184222,177.08964579832917,173.26961665564124,174.96957397460938,6461300,0.0,0.0
2021-01-12 00:00:00-05:00,173.2207604049549,174.217296855326,170.8368964962388,171.94090270996094,8349800,0.0,0.0
2021-01-13 00:00:00-05:00,170.38747344291724,173.6408600163736,169.74266977044624,172.06790161132812,6839500,0.0,0.0
2021-01-14 00:00:00-05:00,172.93740790895734,174.24658896815893,169.4104649821282,169.4397735595703,8951200,0.0,0.0
2021-01-15 00:00:00-05:00,168.97082806884515,170.18230397914857,166.25479046227179,167.49557495117188,12232500,0.0,0.0
2021-01-19 00:00:00-05:00,168.14039969761296,169.71335807377412,167.4955811292614,168.2967071533203,7834700,0.0,0.0
2021-01-20 00:00:00-05:00,171.1886082657044,173.78741160850666,169.0196839609862,169.64495849609375,9809200,0.0,0.0
2021-01-21 00:00:00-05:00,169.2541602242466,170.97366139492487,167.08523601279052,167.33924865722656,8416400,0.0,0.0
2021-01-22 00:00:00-05:00,169.99668047593858,171.21792099659905,167.93522588075484,168.80474853515625,9517200,0.0,0.0
2021-01-25 00:00:00-05:00,167.9352264404297,169.12715838518434,164.88701486117318,167.9352264404297,7833700,0.0,0.0
2021-01-26 00:00:00-05:00,169.01970054041095,169.3616538745354,165.16058319169747,165.65884399414062,7523200,0.0,0.0
2021-01-27 00:00:00-05:00,161.21352419341534,162.51292598425132,156.82683748731023,159.27908325195312,18239200,0.0,0.0
2021-01-28 00:00:00-05:00,162.346842326408,168.90246857656774,162.1319027832734,167.92547607421875,14449100,0.0,0.0
2021-01-29 00:00:00-05:00,164.91633707217665,165.90309413093885,161.97558010461813,164.3008270263672,12848800,0.0,0.0
2021-02-01 00:00:00-05:00,166.90937842914582,167.7789010708739,164.16403216394997,167.03639221191406,8140400,0.0,0.0
2021-02-02 00:00:00-05:00,169.7719871889301,175.62416259509305,168.82430329202316,172.8885955810547,12215200,0.0,0.0
2021-02-03 00:00:00-05:00,172.92765086768313,174.32474281220766,171.71617495245212,172.37075805664062,5508600,0.0,0.0
2021-02-04 00:00:00-05:00,173.50408405736297,177.20689375788857,172.42940131666037,176.08334350585938,9035400,0.0,0.0
2021-02-05 00:00:00-05:00,177.52929215058924,178.12525809944128,175.20404551281888,176.991943359375,6640500,0.0,0.0
2021-02-08 00:00:00-05:00,179.62005802366735,186.25382983517758,179.0827092241557,185.62855529785156,16085700,0.0,0.0
2021-02-09 00:00:00-05:00,183.84065743921926,184.89581101624373,181.75965886444422,183.87974548339844,11270800,0.0,0.0
2021-02-10 00:00:00-05:00,185.60899769522715,186.31243336171548,181.53494148965225,185.26705932617188,11464600,0.0,0.0
2021-02-11 00:00:00-05:00,184.82741630457573,186.84979774172163,183.74296904478106,186.5176239013672,17507900,0.0,0.0
2021-02-12 00:00:00-05:00,188.55952875082903,189.38997823432248,182.2676954580531,183.35215759277344,27233800,0.0,0.0
2021-02-16 00:00:00-05:00,182.99067026920696,184.10444095270563,180.6068065482435,182.06253051757812,11630700,0.0,0.0
2021-02-17 00:00:00-05:00,181.09531332945878,183.31309026961253,177.96894060564003,182.1504669189453,11391800,0.0,0.0
2021-02-18 00:00:00-05:00,180.53840627056,182.11136451964344,178.63327420681787,178.7895965576172,12380900,0.0,0.0
2021-02-19 00:00:00-05:00,180.0303975376977,180.52865830547822,178.58443802149318,179.42465209960938,8834500,0.0,0.0
2021-02-22 00:00:00-05:00,177.55860008764884,189.55606529302986,177.3534251289375,187.34805297851562,18799600,0.0,0.0
2021-02-23 00:00:00-05:00,189.1359616627037,194.36287714610313,184.31939612025437,192.55543518066406,23191400,0.0,0.0
2021-02-24 00:00:00-05:00,193.03414063533526,195.98466155874337,190.83590795791642,192.9657440185547,16205900,0.0,0.0
2021-02-25 00:00:00-05:00,193.18068123055644,193.40540019070153,185.99979684729303,186.5859832763672,12712000,0.0,0.0
2021-02-26 00:00:00-05:00,185.69694389154034,187.201505557393,181.18322907854187,184.6906280517578,15844000,0.0,0.0
2021-03-01 00:00:00-05:00,188.7842360890863,192.36979638558196,186.98657366225902,190.4939727783203,10709900,0.0,0.0
2021-03-02 00:00:00-05:00,191.58819697127564,193.4054032548625,189.03824645894764,189.47789001464844,8371400,0.0,0.0
2021-03-03 00:00:00-05:00,190.15202990771115,192.28186612044382,187.78771015919673,187.8365478515625,8750300,0.0,0.0
2021-03-04 00:00:00-05:00,185.5308436275952,188.05148571111863,179.88382896642585,183.70387268066406,12542600,0.0,0.0
2021-03-05 00:00:00-05:00,184.79810473480913,186.18544704837484,179.12178133016982,185.61878967285156,10266400,0.0,0.0
2021-03-08 00:00:00-05:00,192.7703556533148,198.3489884577074,189.3313384524658,197.2645263671875,25093200,0.0,0.0
2021-03-09 00:00:00-05:00,195.58411473059317,197.059367916396,189.8980116967213,190.0347900390625,23331000,0.0,0.0
2021-03-10 00:00:00-05:00,192.77036111673587,194.22608510709202,190.20086642679757,190.57212829589844,13662100,0.0,0.0
2021-03-11 00:00:00-05:00,192.83876131449412,194.47033680507172,190.9043056627208,192.22325134277344,11933900,0.0,0.0
2021-03-12 00:00:00-05:00,192.00833030108578,193.84508092821062,190.68938449412323,192.62384033203125,13249100,0.0,0.0
2021-03-15 00:00:00-04:00,193.97206222644417,193.97206222644417,190.32788479200727,192.23301696777344,10311400,0.0,0.0
2021-03-16 00:00:00-04:00,191.58820242910414,192.0669191312452,188.4422859248059,189.77099609375,9680700,0.0,0.0
2021-03-17 00:00:00-04:00,188.9893966830718,191.67612556189235,187.367585854731,190.74798583984375,14418700,0.0,0.0
2021-03-18 00:00:00-04:00,190.46467770678666,190.59169149746535,187.3285402484449,187.85610961914062,9644500,0.0,0.0
2021-03-19 00:00:00-04:00,186.52738531068297,189.53652366082252,185.39407056042506,186.74232482910156,28354600,0.0,0.0
2021-03-22 00:00:00-04:00,188.81353572692132,191.81290938970378,187.58253073574724,188.42274475097656,8838500,0.0,0.0
2021-03-23 00:00:00-04:00,187.18197046870307,187.91471476921413,183.64526274870698,184.3877716064453,10701200,0.0,0.0
2021-03-24 00:00:00-04:00,185.68718311494996,186.11706217923458,180.39188581195293,180.4700469970703,13549100,0.0,0.0
2021-03-25 00:00:00-04:00,177.6660854372871,183.39126186927817,176.8454004381398,182.6096649169922,9609200,0.0,0.0
2021-03-26 00:00:00-04:00,184.48549250155858,184.63203541103704,178.3695249198607,181.64244079589844,10196100,0.0,0.0
2021-03-29 00:00:00-04:00,180.97807232714783,181.66196400589448,178.93614694012643,180.5970458984375,7544700,0.0,0.0
2021-03-30 00:00:00-04:00,179.600529340199,182.03324598154063,179.33673719650602,181.26141357421875,5929700,0.0,0.0
2021-03-31 00:00:00-04:00,181.55450061106745,182.5998747335598,180.17693774063935,180.27464294433594,8478000,0.0,0.0
2021-04-01 00:00:00-04:00,182.14068439518675,184.74926719933688,181.32001436416377,184.62225341796875,7749400,0.0,0.0
2021-04-05 00:00:00-04:00,187.0647393509879,187.2601348529224,183.76250020972645,184.16307067871094,7405300,0.0,0.0
2021-04-06 00:00:00-04:00,184.16308005094035,186.87911791689882,183.54757002618769,185.36477661132812,7926200,0.0,0.0
2021-04-07 00:00:00-04:00,185.43315825770415,185.95096303082076,182.64872398830892,183.24468994140625,6238700,0.0,0.0
2021-04-08 00:00:00-04:00,182.89297416350814,183.72342366598377,181.3591038486548,183.01022338867188,7763000,0.0,0.0
2021-04-09 00:00:00-04:00,183.84064956215735,183.88950216142769,181.86712083185395,183.5670928955078,6089300,0.0,0.0
2021-04-12 00:00:00-04:00,183.43031530766027,183.528020506598,181.2125384797122,182.19931030273438,6662500,0.0,0.0
2021-04-13 00:00:00-04:00,181.3200108492663,182.15046032904752,180.35279794135326,181.22232055664062,6826500,0.0,0.0
2021-04-14 00:00:00-04:00,181.691294258139,186.01936382599126,181.43728157793814,183.1470184326172,9089900,0.0,0.0
2021-04-15 00:00:00-04:00,183.76249834006182,184.55385980486375,181.42748708255698,181.65219116210938,7262500,0.0,0.0
2021-04-16 00:00:00-04:00,183.25446401621673,185.11074353606816,181.91597434653156,182.9515838623047,9453500,0.0,0.0
2021-04-19 00:00:00-04:00,183.19585222637093,185.95097814061134,181.37864564039077,183.11769104003906,7625800,0.0,0.0
2021-04-20 00:00:00-04:00,182.9809081332083,183.75274051168435,177.63677318384234,178.58444213867188,10765800,0.0,0.0
2021-04-21 00:00:00-04:00,177.11894613902348,179.1608715906836,174.74486175599515,178.89707946777344,8400200,0.0,0.0
2021-04-22 00:00:00-04:00,179.98153012232572,180.62634864477525,177.08962623564668,178.55511474609375,7378300,0.0,0.0
2021-04-23 00:00:00-04:00,178.15457518744068,179.66890152448127,177.7735487368754,178.8091583251953,6075500,0.0,0.0
2021-04-26 00:00:00-04:00,179.72753024604384,181.32979720162726,179.04362363308368,180.0303955078125,6178300,0.0,0.0
2021-04-27 00:00:00-04:00,180.73382952394508,181.53495554028996,179.9131445777086,180.39187622070312,4870000,0.0,0.0
2021-04-28 00:00:00-04:00,180.5384070856666,180.5384070856666,178.6137459001749,179.17062377929688,5199300,0.0,0.0
2021-04-29 00:00:00-04:00,180.54818950910294,181.28093377260763,178.5453522073127,181.0659942626953,5958300,0.0,0.0
2021-04-30 00:00:00-04:00,180.04992000450363,182.0332282604104,179.31717571602934,181.74012756347656,7866300,0.0,0.0
2021-05-03 00:00:00-04:00,183.371702955982,184.86650011102932,180.98783915355543,181.24185180664062,7542800,0.0,0.0
2021-05-04 00:00:00-04:00,180.61657951419397,181.35910327624393,178.1154813651688,180.01084899902344,7069300,0.0,0.0
2021-05-05 00:00:00-04:00,180.75336637006828,180.75336637006828,177.18734991901985,177.33389282226562,5901700,0.0,0.0
2021-05-06 00:00:00-04:00,178.57466495095767,178.7798399089221,175.6729964071724,177.60743713378906,6944900,0.0,0.0
2021-05-07 00:00:00-04:00,177.8126253026126,180.86083696590072,177.33389363694113,180.5872802734375,6888400,0.0,0.0
2021-05-10 00:00:00-04:00,181.42747570437868,182.66826015819095,179.79590027518182,180.0596923828125,8260300,0.0,0.0
2021-05-11 00:00:00-04:00,177.61721763727226,178.05686122665816,174.3247431799463,177.49020385742188,10865600,0.0,0.0
2021-05-12 00:00:00-04:00,176.5425217821355,178.26203792841204,173.49431029769372,173.7581024169922,8988100,0.0,0.0
2021-05-13 00:00:00-04:00,174.26612498485318,176.59137160550972,171.75526233561664,174.23681640625,12332200,0.0,0.0
2021-05-14 00:00:00-04:00,168.95129441550978,170.88575016792663,164.89678177846798,169.70358276367188,33149400,0.0,0.0
2021-05-17 00:00:00-04:00,168.7265854491394,169.0099215950596,164.6916169516548,166.1668701171875,17771600,0.0,0.0
2021-05-18 00:00:00-04:00,166.34271938832268,167.31971178086997,165.5513579355947,165.77606201171875,10401000,0.0,0.0
2021-05-19 00:00:00-04:00,163.85139781981698,165.50250241157718,163.25543187457933,165.37550354003906,9251000,0.0,0.0
2021-05-20 00:00:00-04:00,165.31689172196133,167.9449887738938,165.0921727348274,167.41741943359375,7400700,0.0,0.0
2021-05-21 00:00:00-04:00,168.2576354589027,169.1369226722145,167.57374374769117,168.43348693847656,8105700,0.0,0.0
2021-05-24 00:00:00-04:00,168.48233880185467,171.0811422007796,167.79844709364315,170.29954528808594,7346700,0.0,0.0
2021-05-25 00:00:00-04:00,171.55986709312208,173.36729404308292,171.36445669185449,172.1167449951172,8089700,0.0,0.0
2021-05-26 00:00:00-04:00,172.5563939720259,173.80694305905035,172.14605895044483,172.40985107421875,8086200,0.0,0.0
2021-05-27 00:00:00-04:00,173.12305286721104,175.45806414154848,172.72248239941445,174.92071533203125,13567800,0.0,0.0
2021-05-28 00:00:00-04:00,175.37988684714696,175.99539678220296,173.98279497847548,174.5396728515625,7124800,0.0,0.0
2021-06-01 00:00:00-04:00,176.03449284591466,176.84539837000247,174.62763623751886,174.72532653808594,7475600,0.0,0.0
2021-06-02 00:00:00-04:00,174.9207160554729,174.97934812307093,172.8592614560509,172.9276580810547,7851700,0.0,0.0
2021-06-03 00:00:00-04:00,172.2144434651959,172.89833511974268,171.38399401542623,172.1851348876953,5583900,0.0,0.0
2021-06-04 00:00:00-04:00,171.88225990790642,173.4356891007373,171.56963010259508,173.10350036621094,6343400,0.0,0.0
2021-06-07 00:00:00-04:00,173.87534084614776,173.97304605048672,172.34145560280862,172.9178924560547,5178100,0.0,0.0
2021-06-08 00:00:00-04:00,171.92136865718996,173.0449040510611,171.15931571204354,172.27308654785156,5356200,0.0,0.0
2021-06-09 00:00:00-04:00,172.25353823210406,173.25007471543574,171.83343863002338,171.98974609375,5082400,0.0,0.0
2021-06-10 00:00:00-04:00,172.38053931967843,173.5236186246836,171.51101669068885,172.50755310058594,5253000,0.0,0.0
2021-06-11 00:00:00-04:00,173.36730139490138,174.38338185678685,172.7420268444031,173.29891967773438,5476300,0.0,0.0
2021-06-14 00:00:00-04:00,173.56268535839607,174.75461722037596,172.82994109444383,174.0804901123047,10170000,0.0,0.0
2021-06-15 00:00:00-04:00,174.08048776492936,174.58852795524726,171.57938976293352,171.81387329101562,7895000,0.0,0.0
2021-06-16 00:00:00-04:00,171.96042553543896,172.2046736334195,169.55703259963414,170.64149475097656,8336000,0.0,0.0
2021-06-17 00:00:00-04:00,170.57311196294216,172.204687600862,169.84036760956798,170.63172912597656,8906000,0.0,0.0
2021-06-18 00:00:00-04:00,169.1564691913858,169.85990493550602,168.15993273592863,168.45303344726562,12357500,0.0,0.0
2021-06-21 00:00:00-04:00,168.16971418952127,170.25069795840304,167.36857322957613,169.96737670898438,9196900,0.0,0.0
2021-06-22 00:00:00-04:00,170.3581573149828,170.68056659079465,168.38464343184955,169.5081787109375,8097100,0.0,0.0
2021-06-23 00:00:00-04:00,169.62541795750968,171.41331586204618,168.96107027244273,171.29608154296875,9174200,0.0,0.0
2021-06-24 00:00:00-04:00,172.0776985707358,174.13915339925137,171.73574522315738,173.83627319335938,7549400,0.0,0.0
2021-06-25 00:00:00-04:00,174.7155494592299,174.96956211176644,173.4063832452235,174.24659729003906,7431800,0.0,0.0
2021-06-28 00:00:00-04:00,174.39314125367318,174.54946361360228,170.96390333865776,172.50755310058594,9881400,0.0,0.0
2021-06-29 00:00:00-04:00,172.57593969710769,172.9472015855104,169.8012848146273,169.92828369140625,13498300,0.0,0.0
2021-06-30 00:00:00-04:00,169.88920173199986,171.93111219673804,169.3518529497739,171.7259521484375,7481900,0.0,0.0
2021-07-01 00:00:00-04:00,171.31562694873605,173.5138598955151,170.58288263314304,173.18167114257812,5887100,0.0,0.0
2021-07-02 00:00:00-04:00,173.76787003738536,174.25636624069438,170.6024092731635,173.03512573242188,11099300,0.0,0.0
2021-07-06 00:00:00-04:00,172.69316061096225,172.92764413928626,168.25762194780336,169.6938018798828,11557900,0.0,0.0
2021-07-07 00:00:00-04:00,168.88291469114893,170.3093302206868,168.0329360342074,168.84384155273438,6757300,0.0,0.0
2021-07-08 00:00:00-04:00,166.26454971025925,169.75241952909505,165.90306731396268,168.82427978515625,6960100,0.0,0.0
2021-07-09 00:00:00-04:00,170.680577097237,173.435702946831,169.9282887407014,172.96673583984375,7873300,0.0,0.0
2021-07-12 00:00:00-04:00,173.62134035859944,180.73384442769,173.28915158518927,180.13787841796875,21835500,0.0,0.0
2021-07-13 00:00:00-04:00,179.8545311499555,181.3981809635979,177.6562982033665,179.42465209960938,12534600,0.0,0.0
2021-07-14 00:00:00-04:00,180.93899651873076,182.00391469819564,177.89078488293353,179.199951171875,8787300,0.0,0.0
2021-07-15 00:00:00-04:00,179.2292400640027,181.15391614786984,178.83844909485725,179.9131317138672,7867000,0.0,0.0
2021-07-16 00:00:00-04:00,180.68498139854972,181.02691980254167,174.80348282804218,175.18450927734375,8348800,0.0,0.0
2021-07-19 00:00:00-04:00,171.6673336421114,172.41960702359285,168.19900779252546,168.9708251953125,14651800,0.0,0.0
2021-07-20 00:00:00-04:00,169.7035807749201,173.4259195187125,168.89267527547042,172.68341064453125,8372400,0.0,0.0
2021-07-21 00:00:00-04:00,172.4391639781127,173.8069474176834,171.28632006586335,172.8201904296875,6302200,0.0,0.0
2021-07-22 00:00:00-04:00,172.6345631453912,172.65410716857727,169.89898130048851,171.10069274902344,5713700,0.0,0.0
2021-07-23 00:00:00-04:00,171.61848070495915,172.4391507055349,170.02597839539507,172.08743286132812,5126300,0.0,0.0
2021-07-26 00:00:00-04:00,171.57938313646602,174.66668238557435,171.3058264847951,174.6276092529297,5641000,0.0,0.0
2021-07-27 00:00:00-04:00,174.14889196964359,175.42874960393274,172.507551924738,175.37013244628906,6684100,0.0,0.0
2021-07-28 00:00:00-04:00,175.5557768296699,176.20059542857786,173.46501356983157,174.97935485839844,5926900,0.0,0.0
2021-07-29 00:00:00-04:00,175.67299781941298,177.245956150717,174.1684361105538,174.24659729003906,6209100,0.0,0.0
2021-07-30 00:00:00-04:00,173.44546807321538,175.0770436721891,171.11045671917591,171.97021484375,6813400,0.0,0.0
2021-08-02 00:00:00-04:00,173.14257694222565,174.70577058841565,171.2765180676697,171.51100158691406,5847200,0.0,0.0
2021-08-03 00:00:00-04:00,171.97020394971233,172.07767370847606,166.98753681826074,169.00991821289062,9931300,0.0,0.0
2021-08-04 00:00:00-04:00,168.531183304137,169.26392757937236,167.3978685805867,168.60934448242188,5665800,0.0,0.0
2021-08-05 00:00:00-04:00,168.52142378130753,173.04488843830202,168.52142378130753,172.6443328857422,8864200,0.0,0.0
2021-08-06 00:00:00-04:00,173.34775804123063,174.69601235220628,172.5661760308831,173.05467224121094,5505200,0.0,0.0
2021-08-09 00:00:00-04:00,172.92765519074266,173.23052045019165,171.03228754522456,172.6540985107422,5339000,0.0,0.0
2021-08-10 00:00:00-04:00,172.19490706590398,173.31844234040884,171.5403239598849,172.9960479736328,5185000,0.0,0.0
2021-08-11 00:00:00-04:00,173.27938390439795,174.38339015850755,172.44893434742175,173.99258422851562,5359900,0.0,0.0
2021-08-12 00:00:00-04:00,173.99257485716822,175.58507725720315,172.39030789980515,175.1649627685547,11081300,0.0,0.0
2021-08-13 00:00:00-04:00,182.00390996252236,183.26423852295247,176.718392340844,176.91378784179688,32504600,0.0,0.0
2021-08-16 00:00:00-04:00,176.35690146216106,176.4350626469456,172.44893166926448,174.96957397460938,8746700,0.0,0.0
2021-08-17 00:00:00-04:00,173.07419863902064,174.34429174747842,170.89550974932308,171.78457641601562,8534500,0.0,0.0
2021-08-18 00:00:00-04:00,171.85296543580796,172.72248811718538,170.4851819733227,170.71966552734375,7063500,0.0,0.0
2021-08-19 00:00:00-04:00,169.9966755656453,170.66102323398897,168.589804141246,169.26393127441406,8478600,0.0,0.0
2021-08-20 00:00:00-04:00,169.0196926563329,171.1788525149818,168.67773933815917,171.09091186523438,6239600,0.0,0.0
2021-08-23 00:00:00-04:00,173.00580663892976,174.2075030518785,171.86272738158044,173.5724639892578,7395900,0.0,0.0
2021-08-24 00:00:00-04:00,173.82649698973756,175.93680428477785,173.67017461801862,174.3638458251953,5886900,0.0,0.0
2021-08-25 00:00:00-04:00,174.06097662838903,174.4810762217382,172.81042749823686,174.20751953125,4842100,0.0,0.0
2021-08-26 00:00:00-04:00,174.236832873092,174.8230343159978,172.2828479403686,172.49778747558594,4563000,0.0,0.0
2021-08-27 00:00:00-04:00,172.22421591350647,176.38619809422016,172.22421591350647,175.9954071044922,8697000,0.0,0.0
2021-08-30 00:00:00-04:00,176.34713631487602,177.21665899457957,174.75463385912394,175.83909606933594,6421300,0.0,0.0
2021-08-31 00:00:00-04:00,175.12588576511547,178.77006320269078,174.42245005226974,177.12872314453125,8620000,0.0,0.0
2021-09-01 00:00:00-04:00,177.7735424761408,179.97177536145995,177.59767609330044,179.25856018066406,7302800,0.0,0.0
2021-09-02 00:00:00-04:00,179.9229278350737,181.0366985987411,177.3729770198718,177.67584228515625,6492600,0.0,0.0
2021-09-03 00:00:00-04:00,177.636757955907,177.636757955907,175.00864612367724,176.8356170654297,6847400,0.0,0.0
2021-09-07 00:00:00-04:00,176.85516322100807,181.2809374702323,175.90747942826093,180.09877014160156,10702900,0.0,0.0
2021-09-08 00:00:00-04:00,180.0987904527994,183.14701713217718,179.6884553995167,180.89015197753906,8634000,0.0,0.0
2021-09-09 00:00:00-04:00,180.8901513466433,183.26425082030423,180.3235088281736,181.63267517089844,7190700,0.0,0.0
2021-09-10 00:00:00-04:00,182.07231861295134,182.79529841272293,179.77638032887566,179.88385009765625,5572200,0.0,0.0
2021-09-13 00:00:00-04:00,180.86082313557694,181.52518570055676,179.27810026339517,180.7240447998047,6818200,0.0,0.0
2021-09-14 00:00:00-04:00,180.70451261046065,180.8705995219488,177.95915156935817,178.20339965820312,6185900,0.0,0.0
2021-09-15 00:00:00-04:00,177.8712220843645,180.4114081178741,176.93331779130122,180.1671600341797,5933400,0.0,0.0
2021-09-16 00:00:00-04:00,179.7372903688977,180.39187347831393,177.9298484924751,179.1217803955078,5678200,0.0,0.0
2021-09-17 00:00:00-04:00,178.70168120381263,181.62287890195952,178.52581482201995,179.24879455566406,10035100,0.0,0.0
2021-09-20 00:00:00-04:00,175.60463187158948,176.71840269074448,172.4880235079944,174.50062561035156,8056600,0.0,0.0
2021-09-21 00:00:00-04:00,176.17128614747284,178.03733040142347,165.14103301311803,167.23179626464844,23216000,0.0,0.0
2021-09-22 00:00:00-04:00,168.96106786613632,171.305843660618,167.71051878805,169.65472412109375,14214500,0.0,0.0
2021-09-23 00:00:00-04:00,170.91505807353883,173.11329104083438,170.35816523278436,172.19491577148438,8052900,0.0,0.0
2021-09-24 00:00:00-04:00,171.2667766129003,172.63456005702162,171.05183708486385,171.95066833496094,5712800,0.0,0.0
2021-09-27 00:00:00-04:00,172.56617340449063,175.32128423679285,171.91159028154038,174.15866088867188,7755000,0.0,0.0
2021-09-28 00:00:00-04:00,173.66041173199056,173.90465984975705,169.8599116158525,170.50473022460938,9133100,0.0,0.0
2021-09-29 00:00:00-04:00,170.2409317873426,170.93460297554356,168.61912076749812,168.70704650878906,6240800,0.0,0.0
2021-09-30 00:00:00-04:00,169.11740498759792,169.68404750967017,165.20943505057866,165.27781677246094,13978000,0.0,0.0
2021-10-01 00:00:00-04:00,168.31624139829555,173.24029120620906,168.01337615407184,171.96041870117188,12165000,0.0,0.0
2021-10-04 00:00:00-04:00,171.52077595900235,171.91158184677474,168.69726864112315,169.46910095214844,7200600,0.0,0.0
2021-10-05 00:00:00-04:00,169.8305832623045,172.18513842130469,169.6156437510759,170.59263610839844,6798200,0.0,0.0
2021-10-06 00:00:00-04:00,169.01968990779946,171.66734594494332,167.6030538698853,171.442626953125,6005200,0.0,0.0
2021-10-07 00:00:00-04:00,173.61155842501176,175.49716163856155,173.25007598264978,173.621337890625,7780000,0.0,0.0
2021-10-08 00:00:00-04:00,173.83625347241477,174.49085151011485,172.34145626812906,172.67364501953125,4132200,0.0,0.0
2021-10-11 00:00:00-04:00,171.97022169544096,172.45871793882603,169.48865243072035,169.52774047851562,8046300,0.0,0.0
2021-10-12 00:00:00-04:00,169.62543003229365,170.47542362927524,168.58005582808897,169.14671325683594,5188400,0.0,0.0
2021-10-13 00:00:00-04:00,169.63520449289086,169.70358621262912,167.0070924074117,168.98062133789062,8914700,0.0,0.0
2021-10-14 00:00:00-04:00,170.06507347776312,171.97020566786261,169.99667685435708,170.39724731445312,7450200,0.0,0.0
2021-10-15 00:00:00-04:00,171.64779712711876,174.77416982531744,170.09438278909954,172.40008544921875,13943900,0.0,0.0
2021-10-18 00:00:00-04:00,168.39441608990893,169.35186449861843,165.8933178505005,167.20248413085938,20494800,0.0,0.0
2021-10-19 00:00:00-04:00,167.4955894697994,167.63236781767998,166.26456943115238,167.24156188964844,9669500,0.0,0.0
2021-10-20 00:00:00-04:00,167.03640316216908,167.0852557670303,165.97148495171555,166.62606811523438,9737600,0.0,0.0
2021-10-21 00:00:00-04:00,166.28411735111746,168.53120303986003,166.18642704761174,167.39788818359375,7509000,0.0,0.0
2021-10-22 00:00:00-04:00,166.64559914349968,166.8703032190722,164.72092294228756,165.5220489501953,7854300,0.0,0.0
2021-10-25 00:00:00-04:00,165.99100512754373,168.59958799096455,165.14102649808015,168.05245971679688,9798700,0.0,0.0
2021-10-26 00:00:00-04:00,168.9708385437209,169.1369254686382,166.78238503166125,168.08177185058594,5850200,0.0,0.0
2021-10-27 00:00:00-04:00,167.81798741406303,168.08176462644786,165.53181388601524,165.64906311035156,7054700,0.0,0.0
2021-10-28 00:00:00-04:00,165.58066651475346,166.43066003351976,164.72092334656202,165.77606201171875,7884500,0.0,0.0
2021-10-29 00:00:00-04:00,165.13126214380355,166.53813360652256,164.28126860557344,165.18011474609375,7598800,0.0,0.0
2021-11-01 00:00:00-04:00,165.31688939746914,167.3099473200155,165.19964017304582,166.2743377685547,8182900,0.0,0.0
2021-11-02 00:00:00-04:00,166.11801818100378,166.919159112434,165.09217316956892,165.92262268066406,6777200,0.0,0.0
2021-11-03 00:00:00-04:00,165.79560823262494,166.27433987810187,164.496206544377,166.1668701171875,6829300,0.0,0.0
2021-11-04 00:00:00-04:00,166.11801081960158,166.49903724608149,164.78930060536288,166.3622589111328,7505500,0.0,0.0
2021-11-05 00:00:00-04:00,169.50817387321453,172.91788256459049,168.36509460489796,171.58917236328125,16859200,0.0,0.0
2021-11-08 00:00:00-05:00,174.57877727448042,175.12589064243758,172.04837049381794,172.80064392089844,10584600,0.0,0.0
2021-11-09 00:00:00-05:00,172.8788087464702,173.04489567183444,169.22486657301368,171.08114624023438,7293300,0.0,0.0
2021-11-10 00:00:00-05:00,170.67082390113447,172.80066041652876,169.86968288749048,170.43634033203125,11045800,0.0,0.0
2021-11-11 00:00:00-05:00,159.14230195316358,160.18769104593153,154.68721870008125,158.3802490234375,62366500,0.0,0.0
2021-11-12 00:00:00-05:00,159.75780585330742,159.84573159389313,155.2733992830571,155.95730590820312,25638400,0.0,0.0
2021-11-15 00:00:00-05:00,156.4067077922617,157.02221776707472,154.03262344550419,154.78489685058594,21285300,0.0,0.0
2021-11-16 00:00:00-05:00,155.40040903429121,156.55326782035016,154.90214827618735,155.1757049560547,15516200,0.0,0.0
2021-11-17 00:00:00-05:00,155.0780037716974,155.23432613787875,153.14356294029773,153.71022033691406,14695500,0.0,0.0
2021-11-18 00:00:00-05:00,153.47574152485328,153.68091650026443,150.17351715674317,152.00048828125,14487700,0.0,0.0
2021-11-19 00:00:00-05:00,151.45338468952104,151.6390156536363,149.2551515185782,150.45684814453125,16776500,0.0,0.0
2021-11-22 00:00:00-05:00,149.70454845212925,152.23497021926258,149.05974476709625,150.6131591796875,12790400,0.0,0.0
2021-11-23 00:00:00-05:00,150.30052231541165,150.70109281744757,146.7345056607782,147.55517578125,17382900,0.0,0.0
2021-11-24 00:00:00-05:00,147.2230082971848,147.92644411888622,145.37649299214934,147.85804748535156,14123700,0.0,0.0
2021-11-26 00:00:00-05:00,143.42248912670598,145.42532655373785,142.4943493164389,144.7023468017578,12027700,0.0,0.0
2021-11-29 00:00:00-05:00,145.3862330987329,145.86496472978988,140.93115024905862,144.40924072265625,21231300,0.0,0.0
2021-11-30 00:00:00-05:00,143.3443259485244,143.89143930663224,139.81738279244988,141.56619262695312,26011100,0.0,0.0
2021-12-01 00:00:00-05:00,143.32477370770545,144.9563491312606,138.7719858123891,138.87945556640625,16469000,0.0,0.0
2021-12-02 00:00:00-05:00,139.55359074090163,144.25292179639163,139.48520902496418,143.8132781982422,18177700,0.0,0.0
2021-12-03 00:00:00-05:00,144.40924935389293,144.90752503641477,140.9995552985316,142.8558349609375,14975600,0.0,0.0
2021-12-06 00:00:00-05:00,143.89145142547676,147.27185196952013,143.29548541568988,146.9103546142578,14333900,0.0,0.0
2021-12-07 00:00:00-05:00,148.3465262247954,149.2453574668122,146.27530705439682,147.34022521972656,14661100,0.0,0.0
2021-12-08 00:00:00-05:00,147.43794234865214,150.12467173450926,147.09598900918132,149.81202697753906,12886300,0.0,0.0
2021-12-09 00:00:00-05:00,148.7666509500622,150.74016505059495,148.2097580738441,149.42123413085938,11862300,0.0,0.0
2021-12-10 00:00:00-05:00,150.04651191886973,151.10166562171972,147.96551309593866,149.196533203125,10247900,0.0,0.0
2021-12-13 00:00:00-05:00,148.6200832097454,148.9913451024387,145.85519285268833,146.96896362304688,10195800,0.0,0.0
2021-12-14 00:00:00-05:00,145.82586309980394,148.131565488831,145.1028983498071,145.6695556640625,10872000,0.0,0.0
2021-12-15 00:00:00-05:00,145.33739963660136,147.4477070246679,143.9598515348036,146.93966674804688,12231500,0.0,0.0
2021-12-16 00:00:00-05:00,147.86780769730754,148.5614639623388,145.16153453864752,145.32762145996094,11145600,0.0,0.0
2021-12-17 00:00:00-05:00,145.09312374672686,146.3925253183006,143.19777117271823,145.33737182617188,13785000,0.0,0.0
2021-12-20 00:00:00-05:00,143.59832785800245,144.3310721022814,141.7420484022503,143.10006713867188,11201900,0.0,0.0
2021-12-21 00:00:00-05:00,144.16499814157416,147.94595401110578,143.99891122021637,147.57470703125,10781400,0.0,0.0
2021-12-22 00:00:00-05:00,146.95920456117275,148.69824995347173,146.42185572473835,148.3856201171875,7820400,0.0,0.0
2021-12-23 00:00:00-05:00,148.81549447153412,150.64246554980667,148.4344531114531,150.09535217285156,6572400,0.0,0.0
2021-12-27 00:00:00-05:00,149.36261553324977,150.47638636727558,147.91665592522017,149.28445434570312,7762000,0.0,0.0
2021-12-28 00:00:00-05:00,149.10858435093635,152.8993198630602,148.90342428283094,151.6292266845703,12198700,0.0,0.0
2021-12-29 00:00:00-05:00,151.0039432124063,152.332653474947,150.632681329312,151.3068084716797,8737000,0.0,0.0
2021-12-30 00:00:00-05:00,152.1274978658113,153.4562081671919,151.93208745359422,152.34242248535156,7228400,0.0,0.0
2021-12-31 00:00:00-05:00,152.28381873098,152.96772541850427,151.1798273249156,151.3263702392578,6410200,0.0,0.0
2022-01-03 00:00:00-05:00,152.2447397219408,153.9349325356764,151.78555206440282,153.15333557128906,10222800,0.0,0.0
2022-01-04 00:00:00-05:00,154.9412327613267,156.63144047367956,151.9711822019205,152.14703369140625,16582000,0.0,0.0
2022-01-05 00:00:00-05:00,152.91887819963137,155.71307749075785,151.53155056665577,151.61947631835938,12272100,0.0,0.0
2022-01-06 00:00:00-05:00,152.64531164443474,154.14010895799217,150.14419835344574,153.2901153564453,11095300,0.0,0.0
2022-01-07 00:00:00-05:00,153.29010450868682,155.63489525785914,152.69413853705748,154.19871520996094,9554600,0.0,0.0
2022-01-10 00:00:00-05:00,154.34526398783984,154.62860014833637,151.09187732121057,152.9970245361328,8672900,0.0,0.0
2022-01-11 00:00:00-05:00,153.0165397385833,154.57973348876436,152.36195664166462,154.25732421875,8042600,0.0,0.0
2022-01-12 00:00:00-05:00,154.85329477185354,155.33202641269116,152.7332230613799,154.16940307617188,6995600,0.0,0.0
2022-01-13 00:00:00-05:00,154.0717060617029,154.88261158243608,151.59991636098255,151.86370849609375,9680600,0.0,0.0
2022-01-14 00:00:00-05:00,148.84481489180035,149.1085921359936,145.00522657470526,148.44424438476562,16832000,0.0,0.0
2022-01-18 00:00:00-05:00,147.63333249765898,149.60686145800818,146.38278333071264,148.7666473388672,10419500,0.0,0.0
2022-01-19 00:00:00-05:00,147.36954188791992,149.3430708687704,146.50979864403945,146.65634155273438,10413200,0.0,0.0
2022-01-20 00:00:00-05:00,147.4379309924465,149.14766774266542,143.76442991960585,144.22361755371094,11760400,0.0,0.0
2022-01-21 00:00:00-05:00,137.98063488340517,138.60590943399743,133.4864787096862,134.21922302246094,34491800,0.0,0.0
2022-01-24 00:00:00-05:00,131.71811926417493,134.51230314761722,126.28602913211326,134.29737854003906,31419500,0.0,0.0
2022-01-25 00:00:00-05:00,132.17730021224796,134.5807081661184,129.3342635510934,133.36923217773438,14694400,0.0,0.0
2022-01-26 00:00:00-05:00,134.54163896993217,135.02035573703716,129.2170181073127,130.5261993408203,14569900,0.0,0.0
2022-01-27 00:00:00-05:00,131.96238286198346,134.73703795745377,130.93653776530175,132.3043212890625,11913900,0.0,0.0
2022-01-28 00:00:00-05:00,132.09913312776172,135.49906209802688,130.48708691637626,135.44044494628906,10011700,0.0,0.0
2022-01-31 00:00:00-05:00,135.66514889269706,139.85643922363266,135.28412249897562,139.6805877685547,10185500,0.0,0.0
2022-02-01 00:00:00-05:00,139.72945416606717,141.36102964945565,138.977165860359,141.16563415527344,8573300,0.0,0.0
2022-02-02 00:00:00-05:00,140.87252338613126,141.26331434654963,138.12717738373536,139.33863830566406,9529900,0.0,0.0
2022-02-03 00:00:00-05:00,136.77891896333074,138.77197665168572,136.0461747545986,136.8082275390625,9820600,0.0,0.0
2022-02-04 00:00:00-05:00,136.81800109320474,139.89553591691202,136.31974036527657,138.75245666503906,8061100,0.0,0.0
2022-02-07 00:00:00-05:00,140.09092866944158,140.77482031434317,138.35188352624053,139.23117065429688,10937500,0.0,0.0
2022-02-08 00:00:00-05:00,138.5277466341802,139.6024442434562,137.50191653445074,139.20187377929688,9231700,0.0,0.0
2022-02-09 00:00:00-05:00,141.04839140462335,143.9598395600971,139.95416466081764,143.84259033203125,22877400,0.0,0.0
2022-02-10 00:00:00-05:00,152.4303712655599,153.87631596522968,147.63333459952068,148.6591796875,42500300,0.0,0.0
2022-02-11 00:00:00-05:00,150.00738717983484,151.1309372394859,145.14196982982415,146.03103637695312,17975200,0.0,0.0
2022-02-14 00:00:00-05:00,145.93337377513586,150.19306192891182,145.7770662955573,147.37933349609375,14694700,0.0,0.0
2022-02-15 00:00:00-05:00,150.00740429473805,151.2872768420959,149.00110333039493,151.16026306152344,12726000,0.0,0.0
2022-02-16 00:00:00-05:00,151.41428729202252,153.12402409719624,150.21259074026253,152.75277709960938,10656400,0.0,0.0
2022-02-17 00:00:00-05:00,151.13095663869646,151.7855397573258,149.0988106591487,149.4309844970703,8110300,0.0,0.0
2022-02-18 00:00:00-05:00,149.39190460863767,150.14417798856877,146.59770587651013,147.8775634765625,10785500,0.0,0.0
2022-02-22 00:00:00-05:00,146.73447481174014,147.3206612426722,144.21383290789018,144.6827850341797,12227200,0.0,0.0
2022-02-23 00:00:00-05:00,146.0603572630039,146.29484079528905,142.15238783790682,142.5138702392578,9300700,0.0,0.0
2022-02-24 00:00:00-05:00,136.7789675457595,146.12879412584522,136.7789675457595,145.9626922607422,12475500,0.0,0.0
2022-02-25 00:00:00-05:00,146.1189844834096,146.82242022099538,143.8328257901165,146.0896759033203,10149500,0.0,0.0
2022-02-28 00:00:00-05:00,144.42878629065962,146.04081776535702,143.09031149157488,145.04429626464844,10834700,0.0,0.0
2022-03-01 00:00:00-05:00,144.45808531348447,144.7414065274408,140.47195485117734,142.3477783203125,8944000,0.0,0.0
2022-03-02 00:00:00-05:00,142.9437418424914,145.05404880037202,142.56271543962845,143.95004272460938,7851000,0.0,0.0
2022-03-03 00:00:00-05:00,143.92073651768342,145.22990265084766,141.12653788144289,142.2207794189453,8048400,0.0,0.0
2022-03-04 00:00:00-05:00,140.69665902205716,140.9409071027266,136.33928161123706,137.48236083984375,12913000,0.0,0.0
2022-03-07 00:00:00-05:00,137.05248916519923,137.64845511022682,130.36986489840243,130.42848205566406,14549700,0.0,0.0
2022-03-08 00:00:00-05:00,129.95951912881705,132.3726912877404,126.31532713844912,128.71873474121094,16552000,0.0,0.0
2022-03-09 00:00:00-05:00,132.37270480024628,132.38246935740457,130.29170623102084,130.5750274658203,14673100,0.0,0.0
2022-03-10 00:00:00-05:00,129.3147127796253,131.11237519162805,128.59173304736038,130.5652618408203,8447200,0.0,0.0
2022-03-11 00:00:00-05:00,131.9721208693269,133.0272743358282,128.54288328398704,128.71873474121094,7058400,0.0,0.0
2022-03-14 00:00:00-04:00,127.9664572247557,130.00838262031075,125.42628599197786,126.06132507324219,9971500,0.0,0.0
2022-03-15 00:00:00-04:00,126.75501784840185,131.46411415189235,126.53029883003487,131.11239624023438,9834800,0.0,0.0
2022-03-16 00:00:00-04:00,132.52899950495797,135.78238565222262,131.8353433204219,134.9617156982422,10638700,0.0,0.0
2022-03-17 00:00:00-04:00,134.27784542462607,136.26113891601562,133.4180872936002,136.26113891601562,6816000,0.0,0.0
2022-03-18 00:00:00-04:00,136.33929244294157,137.49213631958557,135.11805194257076,137.07203674316406,11308800,0.0,0.0
2022-03-21 00:00:00-04:00,135.70425128544153,136.09505722719095,133.73073718356585,135.43069458007812,9090300,0.0,0.0
2022-03-22 00:00:00-04:00,135.86053822524076,138.91852870052003,135.704215889315,136.88638305664062,8511600,0.0,0.0
2022-03-23 00:00:00-04:00,135.87034299651106,136.54445524378255,134.37553087890205,134.47323608398438,8761300,0.0,0.0
2022-03-24 00:00:00-04:00,135.39160129668335,136.0657284016498,134.24852203910902,135.7628631591797,5858800,0.0,0.0
2022-03-25 00:00:00-04:00,136.07549904157196,137.15019663488437,134.94218429002814,135.938720703125,5949400,0.0,0.0
2022-03-28 00:00:00-04:00,135.68470370308125,136.41744797295064,133.14451760444598,135.52838134765625,8456100,0.0,0.0
2022-03-29 00:00:00-04:00,137.71684444285975,141.13631757418867,137.71684444285975,139.1041717529297,11280700,0.0,0.0
2022-03-30 00:00:00-04:00,138.05879631209532,139.97370801229494,136.857099811162,137.71685791015625,7922400,0.0,0.0
2022-03-31 00:00:00-04:00,136.91572104004382,137.63870081820437,133.95543511579163,134.00428771972656,12306500,0.0,0.0
2022-04-01 00:00:00-04:00,134.18010467713032,134.92262828734152,132.41175118686266,133.84793090820312,10341000,0.0,0.0
2022-04-04 00:00:00-04:00,133.81864328373013,136.0559492043555,133.74048210685532,135.3916015625,8174600,0.0,0.0
2022-04-05 00:00:00-04:00,134.57092869794326,135.99732914926804,132.02097812418174,132.49969482421875,8694100,0.0,0.0
2022-04-06 00:00:00-04:00,130.67274140698987,130.84859289392458,127.80038119194839,129.5198974609375,11679700,0.0,0.0
2022-04-07 00:00:00-04:00,129.94975401829598,130.1451644248653,127.02855627736854,128.8359832763672,9858700,0.0,0.0
2022-04-08 00:00:00-04:00,128.96299705909306,130.0572237788207,127.6245222388747,128.8359832763672,6702000,0.0,0.0
2022-04-11 00:00:00-04:00,127.04807704639128,129.3830881373928,127.04807704639128,127.64404296875,9915300,0.0,0.0
2022-04-12 00:00:00-04:00,128.7773498404327,130.14514797492785,127.15553908031315,127.82966613769531,7885600,0.0,0.0
2022-04-13 00:00:00-04:00,128.03483872042767,129.8325009019002,127.7417380607331,129.304931640625,7694500,0.0,0.0
2022-04-14 00:00:00-04:00,129.75435934080534,130.51641222654254,127.35096636508682,127.46820068359375,7283500,0.0,0.0
2022-04-18 00:00:00-04:00,127.07740757305665,127.22395046875668,123.90217484544833,124.83031463623047,10571000,0.0,0.0
2022-04-19 00:00:00-04:00,125.14294182321284,130.1256085837512,124.84984860156105,128.8652801513672,12767200,0.0,0.0
2022-04-20 00:00:00-04:00,123.1498856375728,124.41997118868278,121.25451814045587,121.70393371582031,36465700,0.0,0.0
2022-04-21 00:00:00-04:00,122.6516208959432,123.5406800612084,118.48963138488351,118.86089324951172,18688600,0.0,0.0
2022-04-22 00:00:00-04:00,117.24886132194175,119.08560437108706,115.43165484131625,115.54888916015625,19472800,0.0,0.0
2022-04-25 00:00:00-04:00,114.95293284818024,117.56150084636717,114.06386615936333,117.19023895263672,16491000,0.0,0.0
2022-04-26 00:00:00-04:00,116.40864625667582,116.40864625667582,112.97940083658337,113.10640716552734,16116000,0.0,0.0
2022-04-27 00:00:00-04:00,112.77424282297348,114.21042296830272,110.78117725944118,112.5593032836914,15553000,0.0,0.0
2022-04-28 00:00:00-04:00,112.56906962892802,113.33112253612217,110.0972799593355,112.63745880126953,23192100,0.0,0.0
2022-04-29 00:00:00-04:00,112.54953126861481,113.32135622607836,108.79788370479618,109.0616683959961,16907000,0.0,0.0
2022-05-02 00:00:00-04:00,109.13981649547453,111.04495608470391,108.45592481966514,110.88863372802734,14300700,0.0,0.0
2022-05-03 00:00:00-04:00,111.42598858103727,112.18804147669317,110.09727829235393,110.93749237060547,11149500,0.0,0.0
2022-05-04 00:00:00-04:00,110.76164320804865,113.76100990654854,109.25707385272285,113.51676177978516,11488300,0.0,0.0
2022-05-05 00:00:00-04:00,112.10011047646735,112.61791527704014,108.9151204889054,110.01911926269531,12720200,0.0,0.0
2022-05-06 00:00:00-04:00,109.19843941831918,109.51107669432031,105.80828198481287,107.75249481201172,12525200,0.0,0.0
2022-05-09 00:00:00-04:00,105.62265263666548,108.19214005471062,104.03015765262604,104.5186538696289,17941600,0.0,0.0
2022-05-10 00:00:00-04:00,107.3128527213532,108.15306686843884,103.69798344955589,105.20255279541016,15657700,0.0,0.0
2022-05-11 00:00:00-04:00,105.41749521905605,107.53756721502621,102.37904786190411,102.78938293457031,26933300,0.0,0.0
2022-05-12 00:00:00-04:00,100.53251695289498,102.58419945114584,97.18143280600314,101.91007232666016,36298800,0.0,0.0
2022-05-13 00:00:00-04:00,102.93592697880163,105.21232121715128,102.88707437387906,104.86060333251953,16782600,0.0,0.0
2022-05-16 00:00:00-04:00,104.98761249413027,105.14393487099885,102.43766148888568,102.76007080078125,11993600,0.0,0.0
2022-05-17 00:00:00-04:00,105.25139035124553,106.28699986887707,103.85429097658215,106.14044952392578,11847600,0.0,0.0
2022-05-18 00:00:00-04:00,104.90942966772944,105.18299377082583,101.48995664455086,101.90029907226562,11794000,0.0,0.0
2022-05-19 00:00:00-04:00,101.05031933836858,102.87729772131541,100.5911317399799,100.7669906616211,11285000,0.0,0.0
2022-05-20 00:00:00-04:00,102.08593446916137,102.38880718380467,97.7480932528816,100.06356048583984,15650400,0.0,0.0
2022-05-23 00:00:00-04:00,101.37273704366417,103.59050658924922,99.22334921644716,103.39511108398438,14402400,0.0,0.0
2022-05-24 00:00:00-04:00,101.32387382650327,101.45088014623515,97.82623949007848,99.25264739990234,13970200,0.0,0.0
2022-05-25 00:00:00-04:00,99.09633378824768,101.42157288447378,98.83254913496448,100.88423156738281,11026600,0.0,0.0
2022-05-26 00:00:00-04:00,101.82214930964325,103.68820092109999,101.56812919809074,103.18016815185547,11297800,0.0,0.0
2022-05-27 00:00:00-04:00,104.43072518439375,106.8536698050613,104.07900729665393,106.80481719970703,13671300,0.0,0.0
2022-05-31 00:00:00-04:00,107.46916879116239,108.68063733409083,105.4272581619835,107.8990478515625,20274600,0.0,0.0
2022-06-01 00:00:00-04:00,109.4329291487015,110.25359924937477,105.77897192752944,106.67781066894531,11829700,0.0,0.0
2022-06-02 00:00:00-04:00,106.9122888852425,108.39731419598837,105.42726357449664,108.31916046142578,8829900,0.0,0.0
2022-06-03 00:00:00-04:00,106.6582655191699,107.32262069292666,105.43702493901857,106.16976928710938,6767600,0.0,0.0
2022-06-06 00:00:00-04:00,107.22492193013278,107.65480099554374,105.17323926552201,105.3490982055664,7575900,0.0,0.0
2022-06-07 00:00:00-04:00,104.3330279655424,105.4370267859479,103.56120301090347,105.31002044677734,7279100,0.0,0.0
2022-06-08 00:00:00-04:00,104.958294520711,106.84389016327138,104.49910689707217,104.870361328125,7019500,0.0,0.0
2022-06-09 00:00:00-04:00,104.07900607177687,104.59681088544964,100.8744719801816,100.92332458496094,8261200,0.0,0.0
2022-06-10 00:00:00-04:00,99.09633809135745,99.77046522348532,97.09350071687172,97.11304473876953,15369700,0.0,0.0
2022-06-13 00:00:00-04:00,95.36422926020981,95.36422926020981,92.64819156658997,93.50794219970703,15239700,0.0,0.0
2022-06-14 00:00:00-04:00,94.05505311158332,94.05505311158332,90.95798905694105,92.0522232055664,12443700,0.0,0.0
2022-06-15 00:00:00-04:00,92.43324944929363,95.06136133050745,91.92520923873451,93.67402648925781,11751600,0.0,0.0
2022-06-16 00:00:00-04:00,91.84705518242372,93.18552996456052,91.26086124869619,92.11083984375,15298500,0.0,0.0
2022-06-17 00:00:00-04:00,91.84705466520816,93.76195881332688,91.31947789166624,92.1694564819336,15403800,0.0,0.0
2022-06-21 00:00:00-04:00,92.71657397652096,93.25391528784209,91.12407170181696,91.14361572265625,16649800,0.0,0.0
2022-06-22 00:00:00-04:00,90.04939129722634,92.43325523318559,89.89307638302255,91.34879302978516,11403500,0.0,0.0
2022-06-23 00:00:00-04:00,91.79820506034775,92.47233220195623,89.95169001963453,92.13038635253906,11348800,0.0,0.0
2022-06-24 00:00:00-04:00,93.25391760112385,96.30213644185162,93.20507245553388,95.53031158447266,11681200,0.0,0.0
2022-06-27 00:00:00-04:00,95.96020368548156,95.96997569747542,93.59588364552685,94.38724517822266,10793700,0.0,0.0
2022-06-28 00:00:00-04:00,97.4452226531561,98.09004123330075,93.57633353387024,93.7131118774414,16812400,0.0,0.0
2022-06-29 00:00:00-04:00,93.742411159054,93.98665924175488,92.35508383823938,93.4493179321289,8653200,0.0,0.0
2022-06-30 00:00:00-04:00,92.24763257913513,93.24416913049964,90.41088931238802,92.22809600830078,10983500,0.0,0.0
2022-07-01 00:00:00-04:00,92.07176763884003,94.09414173937677,91.8177549652046,93.92805480957031,10543400,0.0,0.0
2022-07-05 00:00:00-04:00,92.09131367797474,94.99298254961813,90.18617386084327,94.94412994384766,10660600,0.0,0.0
2022-07-06 00:00:00-04:00,95.28606652476886,95.93088507948512,93.20507541919076,93.86943054199219,8640200,0.0,0.0
2022-07-07 00:00:00-04:00,94.67055738413272,95.28605986289816,93.72287364026066,95.18836212158203,7813100,0.0,0.0
2022-07-08 00:00:00-04:00,94.34815128643724,94.88550006244671,93.15621942245997,93.65448760986328,7717300,0.0,0.0
2022-07-11 00:00:00-04:00,92.81428314896172,93.14645700553636,91.2804052940228,91.4855728149414,7643700,0.0,0.0
2022-07-12 00:00:00-04:00,91.42695848616172,93.05853414630946,91.16316634119106,91.44649505615234,8665300,0.0,0.0
2022-07-13 00:00:00-04:00,90.00054043830211,91.10453914074664,88.91607830369593,90.80167388916016,12006400,0.0,0.0
2022-07-14 00:00:00-04:00,89.37527169583173,89.92238507702648,88.15403114576432,89.72698211669922,11146400,0.0,0.0
2022-07-15 00:00:00-04:00,90.7723680218601,93.1269158443787,90.56719305719709,93.00967407226562,14946700,0.0,0.0
2022-07-18 00:00:00-04:00,94.1429875019714,95.03204670280243,93.11714250869056,93.4981689453125,10430400,0.0,0.0
2022-07-19 00:00:00-04:00,94.45562636116475,97.55269050748586,94.45562636116475,97.3182144165039,13683400,0.0,0.0
2022-07-20 00:00:00-04:00,97.94348547141058,101.86122697734788,97.65038477773258,100.97216033935547,15112700,0.0,0.0
2022-07-21 00:00:00-04:00,100.34688581386168,101.85145496390685,99.27219569350378,101.78306579589844,8611300,0.0,0.0
2022-07-22 00:00:00-04:00,100.90376461468259,102.16408558942672,99.76068540056342,100.35665130615234,7803500,0.0,0.0
2022-07-25 00:00:00-04:00,100.41528017148146,101.01124614658093,99.46759632734422,100.32735443115234,6726700,0.0,0.0
2022-07-26 00:00:00-04:00,99.79000132442071,100.00494084112844,97.26935918934696,97.48429870605469,6346600,0.0,0.0
2022-07-27 00:00:00-04:00,98.64692380003956,101.26526372964777,98.49060143821913,101.11871337890625,9684800,0.0,0.0
2022-07-28 00:00:00-04:00,100.87447216991104,102.55490040497187,100.34689534351793,102.48651123046875,7970300,0.0,0.0
2022-07-29 00:00:00-04:00,102.72098554285719,103.89337350069842,100.99171218696225,103.65889739990234,10320000,0.0,0.0
2022-08-01 00:00:00-04:00,102.4572000007046,104.19624535357005,101.47043554792806,103.77613830566406,7769700,0.0,0.0
2022-08-02 00:00:00-04:00,103.30718918601633,103.91292724475471,102.21296231069739,102.30088806152344,9093000,0.0,0.0
2022-08-03 00:00:00-04:00,103.29741259490838,107.17606626917457,103.29741259490838,106.51171112060547,11243000,0.0,0.0
2022-08-04 00:00:00-04:00,106.41401286653876,106.93181765783031,105.18300778100584,105.6324234008789,7322400,0.0,0.0
2022-08-05 00:00:00-04:00,104.35255570724281,105.22207834567142,102.94569172191073,104.17669677734375,10100000,0.0,0.0
2022-08-08 00:00:00-04:00,105.72034525391271,108.67086643544994,105.41747999931809,106.59963989257812,13025900,0.0,0.0
2022-08-09 00:00:00-04:00,106.70711465314055,106.70711465314055,104.56749884107354,105.6421890258789,8776500,0.0,0.0
2022-08-10 00:00:00-04:00,109.89211432291313,110.07773782023912,107.38124401846213,109.84326171875,26398700,0.0,0.0
2022-08-11 00:00:00-04:00,119.39824116964412,120.43385073586899,114.63052090668874,114.98223876953125,50375000,0.0,0.0
2022-08-12 00:00:00-04:00,116.26210180312145,118.81205269948198,116.18394061802468,118.7729721069336,21964800,0.0,0.0
2022-08-15 00:00:00-04:00,118.21607997098546,123.06196136293615,118.20630795993999,121.40107727050781,24628300,0.0,0.0
2022-08-16 00:00:00-04:00,121.86025687525512,123.56999345660863,120.60970042879418,122.0849609375,14607300,0.0,0.0
2022-08-17 00:00:00-04:00,120.60971058410472,121.6160190322461,119.74995994276573,119.98443603515625,9140900,0.0,0.0
2022-08-18 00:00:00-04:00,120.17983754292467,120.29707186077769,118.90974443787347,119.84765625,7343900,0.0,0.0
2022-08-19 00:00:00-04:00,118.46033194280304,118.59711028646937,116.73105862424391,117.37586975097656,8702500,0.0,0.0
2022-08-22 00:00:00-04:00,114.99200030895298,115.49026851054666,113.02825098912325,113.27249908447266,11575800,0.0,0.0
2022-08-23 00:00:00-04:00,113.31158805226165,113.69261451287036,111.98287771900948,112.21735382080078,7180700,0.0,0.0
2022-08-24 00:00:00-04:00,112.03170978615127,114.46442607838563,111.47482445076774,113.73168182373047,7840500,0.0,0.0
2022-08-25 00:00:00-04:00,114.32765115692155,115.06039548120343,113.43859191946711,114.75753021240234,6920900,0.0,0.0
2022-08-26 00:00:00-04:00,114.7673018737654,115.64659655099395,111.26966718760117,111.44552612304688,7807400,0.0,0.0
2022-08-29 00:00:00-04:00,109.95072547392253,111.83632110207834,109.82371914544693,110.9179458618164,6882700,0.0,0.0
2022-08-30 00:00:00-04:00,111.6506962648728,112.1098839101071,108.88580583572308,109.84326171875,8060000,0.0,0.0
2022-08-31 00:00:00-04:00,110.27314484552825,111.13289555190241,109.27660833323027,109.5013198852539,7353000,0.0,0.0
2022-09-01 00:00:00-04:00,109.21797623090102,109.99956564237732,107.49846759947694,109.94094848632812,7718700,0.0,0.0
2022-09-02 00:00:00-04:00,110.44898999757666,111.26966000745898,108.28983030854293,108.64154815673828,8465100,0.0,0.0
2022-09-06 00:00:00-04:00,109.19844605083541,109.20821806270229,106.02322049546066,107.55709838867188,9537300,0.0,0.0
2022-09-07 00:00:00-04:00,107.34216397795375,110.36106709346724,107.34216397795375,110.09728240966797,8193900,0.0,0.0
2022-09-08 00:00:00-04:00,108.51454716322623,110.3903708098435,107.82088344350403,109.74555969238281,8443300,0.0,0.0
2022-09-09 00:00:00-04:00,110.66393198490866,112.87193701803025,110.5857782535229,112.52999114990234,9563100,0.0,0.0
2022-09-12 00:00:00-04:00,113.46789484840706,114.78683307565089,112.61790879118487,113.71214294433594,7923400,0.0,0.0
2022-09-13 00:00:00-04:00,110.44899604279574,111.20127692636255,108.61224552305335,109.18867492675781,10504600,0.0,0.0
2022-09-14 00:00:00-04:00,109.27661260767064,110.14613536002167,107.35193613768193,109.91165924072266,8610400,0.0,0.0
2022-09-15 00:00:00-04:00,109.80417352291346,111.7777023142194,108.16282601842136,108.22144317626953,9739800,0.0,0.0
2022-09-16 00:00:00-04:00,106.69734176451568,107.05883164490051,104.49910880981646,105.75942993164062,15978800,0.0,0.0
2022-09-19 00:00:00-04:00,105.05599713572228,106.70711676428422,104.57727292148381,106.65826416015625,7979500,0.0,0.0
2022-09-20 00:00:00-04:00,105.78874125946272,105.91575504839295,104.40141376983416,105.09507751464844,6957400,0.0,0.0
2022-09-21 00:00:00-04:00,104.91921705376895,105.55426362762658,102.0859375,102.0859375,9776400,0.0,0.0
2022-09-22 00:00:00-04:00,101.81237737726684,102.25202843073926,99.67276163040506,99.8095474243164,10953400,0.0,0.0
2022-09-23 00:00:00-04:00,98.30498096990299,98.85209434535577,95.76479468933347,97.21074676513672,11976900,0.0,0.0
2022-09-26 00:00:00-04:00,96.67339343632615,98.34405697272739,95.80387081068547,95.86249542236328,9760500,0.0,0.0
2022-09-27 00:00:00-04:00,97.24005438933318,97.34752415186341,93.23438695730817,93.64472198486328,13360200,0.0,0.0
2022-09-28 00:00:00-04:00,93.5861016261099,97.57223235318357,93.25392033859023,97.11304473876953,12895500,0.0,0.0
2022-09-29 00:00:00-04:00,96.2630622360331,96.3314514074819,94.01598413567216,95.2079086303711,9435100,0.0,0.0
2022-09-30 00:00:00-04:00,94.27976248343784,95.2372182733308,92.11083825752247,92.1596908569336,12094900,0.0,0.0
2022-10-03 00:00:00-04:00,93.52748035361464,95.5303101861302,92.32577649101725,94.895263671875,9468400,0.0,0.0
2022-10-04 00:00:00-04:00,96.40960855763565,99.18426334476978,95.96996496726281,99.10610961914062,10229000,0.0,0.0
2022-10-05 00:00:00-04:00,97.73831866448818,98.89116997192517,96.42914499827855,98.4808349609375,7562800,0.0,0.0
2022-10-06 00:00:00-04:00,98.11934583201106,99.12564679910537,97.57223247992727,97.73831939697266,6728200,0.0,0.0
2022-10-07 00:00:00-04:00,96.24351392489156,96.52684258742867,94.23090471063816,94.92457580566406,7051000,0.0,0.0
2022-10-10 00:00:00-04:00,95.34468841060942,95.4912387670263,92.247624172244,92.9706039428711,9532300,0.0,0.0
2022-10-11 00:00:00-04:00,92.62864869271776,92.87289679702626,90.5183489474999,90.95799255371094,8900900,0.0,0.0
2022-10-12 00:00:00-04:00,91.01661615621748,91.90567537001586,90.0786968866954,91.2608642578125,6156200,0.0,0.0
2022-10-13 00:00:00-04:00,89.46319103480913,94.73895132429259,88.62297700018702,94.41654205322266,11025400,0.0,0.0
2022-10-14 00:00:00-04:00,95.22744519350616,95.83317567778643,92.15968982220657,92.27692413330078,8202100,0.0,0.0
2022-10-17 00:00:00-04:00,94.16252806974025,95.7159499152174,94.04529374817567,95.0906753540039,7083800,0.0,0.0
2022-10-18 00:00:00-04:00,97.57223702602977,98.0607332428248,95.3935406194252,96.21421813964844,8533500,0.0,0.0
2022-10-19 00:00:00-04:00,98.12911439352021,99.52621375750344,96.23374684205565,96.71247100830078,11731000,0.0,0.0
2022-10-20 00:00:00-04:00,95.9699677514356,98.43198534589736,95.85272597880007,96.3216781616211,8212400,0.0,0.0
2022-10-21 00:00:00-04:00,96.08720213652494,99.94632663251005,95.63778652190273,99.69230651855469,10193400,0.0,0.0
2022-10-24 00:00:00-04:00,99.77045998503209,100.8158414858667,97.8164753140246,99.3796615600586,8221500,0.0,0.0
2022-10-25 00:00:00-04:00,99.80955059681128,102.32042085306877,99.68253680996938,101.95893096923828,7687500,0.0,0.0
2022-10-26 00:00:00-04:00,101.14802708171642,104.95829912469475,101.14802708171642,102.22271728515625,9203700,0.0,0.0
2022-10-27 00:00:00-04:00,103.3755690055584,104.41118607375134,101.9100803269251,102.03709411621094,8673500,0.0,0.0
2022-10-28 00:00:00-04:00,101.68537329760535,103.64912270342795,101.14802448276195,103.51234436035156,7250900,0.0,0.0
2022-10-31 00:00:00-04:00,103.22901740306902,104.44048585491744,102.40833993617412,104.0887680053711,8814800,0.0,0.0
2022-11-01 00:00:00-04:00,105.22207948760425,106.3358502377655,103.20947750991998,103.56119537353516,7955800,0.0,0.0
2022-11-02 00:00:00-04:00,103.02384323362953,103.63935320197172,99.44805500771622,99.47736358642578,9583200,0.0,0.0
2022-11-03 00:00:00-04:00,97.89463145938005,98.38312763922498,96.29236458579749,96.96649169921875,8978400,0.0,0.0
2022-11-04 00:00:00-04:00,98.82278001001984,98.83255202082975,95.8527223019282,97.28890228271484,11035800,0.0,0.0
2022-11-07 00:00:00-05:00,98.55899021526434,99.22334534263253,96.71247518331727,98.11934661865234,11355200,0.0,0.0
2022-11-08 00:00:00-05:00,98.42220962777407,99.62391352698093,95.79410521145802,97.6015396118164,27130300,0.0,0.0
2022-11-09 00:00:00-05:00,88.466663398117,89.00400473727639,84.2949017421356,84.75408935546875,62029800,0.0,0.0
2022-11-10 00:00:00-05:00,87.68506707094755,88.41781136401953,85.59430395102432,88.37873077392578,36968100,0.0,0.0
2022-11-11 00:00:00-05:00,89.47297399491696,93.38094395368482,89.0040143201659,92.82405853271484,22373300,0.0,0.0
2022-11-14 00:00:00-05:00,93.64471757303616,94.39700587530572,92.0424506757128,92.11083984375,20598000,0.0,0.0
2022-11-15 00:00:00-05:00,93.79127763159188,94.94412905063464,91.54419195679057,93.31255340576172,15801900,0.0,0.0
2022-11-16 00:00:00-05:00,93.02921373188323,93.02921373188323,91.56372519156714,91.7884292602539,11137700,0.0,0.0
2022-11-17 00:00:00-05:00,90.00054548917508,90.14708839083757,88.75976092678742,89.34595489501953,12306400,0.0,0.0
2022-11-18 00:00:00-05:00,90.72352162326857,91.01662234666188,88.8183892827952,89.68791198730469,10011700,0.0,0.0
2022-11-21 00:00:00-05:00,97.81648444891833,98.5687653378119,94.10391024574993,95.33492279052734,70273500,0.0,0.0
2022-11-22 00:00:00-05:00,94.76826195634615,95.42284506959236,92.50163990667869,93.9964370727539,25753700,0.0,0.0
2022-11-23 00:00:00-05:00,93.79126059313451,97.05441129008466,93.57632109499103,96.60499572753906,15503200,0.0,0.0
2022-11-25 00:00:00-05:00,96.53661312145661,97.51360548565752,95.82341286975165,96.5952377319336,6664300,0.0,0.0
2022-11-28 00:00:00-05:00,95.95042084065989,96.84925204222635,93.23438321417925,93.4884033203125,13660000,0.0,0.0
2022-11-29 00:00:00-05:00,93.7912635095633,94.21137050885427,91.7591176779297,92.51140594482422,13205300,0.0,0.0
2022-11-30 00:00:00-05:00,92.76542453932676,95.68663715505205,91.71027842203276,95.61824798583984,15368100,0.0,0.0
2022-12-01 00:00:00-05:00,95.61824988738955,96.56592626421637,94.35792878353465,96.3216781616211,13855700,0.0,0.0
2022-12-02 00:00:00-05:00,95.21768060751228,97.39637698950325,94.77803699890788,97.1423568725586,12608100,0.0,0.0
2022-12-05 00:00:00-05:00,95.9797274714426,96.87856610862636,93.46885740146382,93.7228775024414,10764500,0.0,0.0
2022-12-06 00:00:00-05:00,93.52749000059262,93.791274680934,89.86376833336864,90.16663360595703,11492400,0.0,0.0
2022-12-07 00:00:00-05:00,90.52811437503968,90.65512069665367,89.16032359961343,90.02984619140625,10353400,0.0,0.0
2022-12-08 00:00:00-05:00,90.3717940675215,91.28039726819262,89.5608886129081,90.42064666748047,9351200,0.0,0.0
2022-12-09 00:00:00-05:00,90.24479511818076,92.72635683092238,89.78560747493673,91.23155212402344,10111900,0.0,0.0
2022-12-12 00:00:00-05:00,91.57349823701226,92.48210144042969,90.47926409782197,92.48210144042969,14140700,0.0,0.0
2022-12-13 00:00:00-05:00,94.26999652560986,95.14929119444625,91.41718044792788,92.52117919921875,22882100,0.0,0.0
2022-12-14 00:00:00-05:00,92.3648597417529,93.27346294585166,90.48903617647166,91.98383331298828,11505400,0.0,0.0
2022-12-15 00:00:00-05:00,90.34249119890318,90.97753776920473,88.04656047906894,88.40804290771484,15957700,0.0,0.0
2022-12-16 00:00:00-05:00,88.1149465664924,88.98446920248558,86.76669228975568,88.00747680664062,26383900,0.0,0.0
2022-12-19 00:00:00-05:00,87.38220771254169,87.40174428197689,83.4449293046558,83.80641174316406,19225300,0.0,0.0
2022-12-20 00:00:00-05:00,84.09951542771928,85.81901684537553,83.78687812870349,85.01788330078125,14918400,0.0,0.0
2022-12-21 00:00:00-05:00,85.18396575483658,86.07302492122336,84.49030207776158,84.92017364501953,11004800,0.0,0.0
2022-12-22 00:00:00-05:00,84.05065926630792,84.73455845350584,82.74149296138813,84.67593383789062,15487400,0.0,0.0
2022-12-23 00:00:00-05:00,84.07996767626173,86.0437245835102,83.79663897192353,85.985107421875,11171600,0.0,0.0
2022-12-27 00:00:00-05:00,85.40868064727488,85.91672091005324,83.98227252370053,84.38284301757812,11561400,0.0,0.0
2022-12-28 00:00:00-05:00,84.09951098054793,84.69547696494799,82.1357540900845,82.23345184326172,12399500,0.0,0.0
2022-12-29 00:00:00-05:00,83.28860624141879,86.20981157559103,83.01504954843422,85.17420196533203,13045100,0.0,0.0
2022-12-30 00:00:00-05:00,83.75756060444004,85.1155794258542,83.26906441101451,84.88109588623047,23231000,0.0,0.0
2023-01-03 00:00:00-05:00,86.93279142075399,87.900011858506,85.80924861325656,86.92301940917969,14997100,0.0,0.0
2023-01-04 00:00:00-05:00,87.92931372031012,90.61604275065294,87.30403919683008,89.86376190185547,14957200,0.0,0.0
2023-01-05 00:00:00-05:00,89.55111737485596,90.3522507589353,88.42757474436601,89.80513000488281,11622600,0.0,0.0
2023-01-06 00:00:00-05:00,90.52811969412072,92.51141308078238,89.21894599730818,91.75912475585938,9828100,0.0,0.0
2023-01-09 00:00:00-05:00,92.25739524423786,93.49817234769627,91.29993938541004,92.58956909179688,11675800,0.0,0.0
2023-01-10 00:00:00-05:00,92.11084011022365,93.4395503392421,91.6614245112704,93.36138916015625,6914600,0.0,0.0
2023-01-11 00:00:00-05:00,93.71310752390846,94.32861749524528,92.86312892175432,94.11367797851562,8757300,0.0,0.0
2023-01-12 00:00:00-05:00,96.2337456284432,98.31473663224733,95.32514245278168,97.51360321044922,19764300,0.0,0.0
2023-01-13 00:00:00-05:00,97.09350071687172,97.30844023458555,95.75502591742529,97.11304473876953,12230200,0.0,0.0
2023-01-17 00:00:00-05:00,98.01186820777333,98.66645126632477,96.72223865716552,97.6113052368164,14914200,0.0,0.0
2023-01-18 00:00:00-05:00,97.97279815808263,98.80324021984437,96.4486923763147,96.7613296508789,11384500,0.0,0.0
2023-01-19 00:00:00-05:00,95.86249561341754,97.16188982207657,94.88550322725744,96.80040740966797,10973600,0.0,0.0
2023-01-20 00:00:00-05:00,98.03140417884072,101.20662916597699,97.01533874235368,101.09916687011719,14549900,0.0,0.0
2023-01-23 00:00:00-05:00,100.9135405429148,103.51233631319357,100.55205069068089,103.2583236694336,11479100,0.0,0.0
2023-01-24 00:00:00-05:00,102.29110226005136,105.94505923718022,99.65322573679799,103.56119537353516,8606700,0.0,0.0
2023-01-25 00:00:00-05:00,102.54512376801964,105.67150399224099,101.78307087111051,105.6324234008789,10008000,0.0,0.0
2023-01-26 00:00:00-05:00,105.68127387786646,107.23469578392134,105.095079885602,107.17607116699219,9204400,0.0,0.0
2023-01-27 00:00:00-05:00,106.74619581254831,108.03582553194484,106.6484980595666,107.0197525024414,10249700,0.0,0.0
2023-01-30 00:00:00-05:00,105.76919933774744,106.46286304745907,105.00714645817298,105.11460876464844,8548500,0.0,0.0
2023-01-31 00:00:00-05:00,105.10484489969704,106.21861564700485,104.97783111635775,105.99390411376953,8251700,0.0,0.0
2023-02-01 00:00:00-05:00,106.0036843789419,107.41055593934497,104.44049789730576,106.87320709228516,9975500,0.0,0.0
2023-02-02 00:00:00-05:00,108.1237469462188,110.91794580206061,107.1662985699113,110.60530853271484,13093200,0.0,0.0
2023-02-03 00:00:00-05:00,108.9053505228939,110.53692613938185,107.83066030950081,108.16283416748047,12472500,0.0,0.0
2023-02-06 00:00:00-05:00,107.6352563484054,107.88927647229961,106.03298932789278,107.3421630859375,11956500,0.0,0.0
2023-02-07 00:00:00-05:00,106.78528157132229,109.5404000803332,106.35540249277015,109.0616683959961,10844000,0.0,0.0
2023-02-08 00:00:00-05:00,109.61854884223456,110.72255507046722,107.75249715689263,109.20821380615234,27719900,0.0,0.0
2023-02-09 00:00:00-05:00,115.324186832679,115.46096517597834,107.28353588887056,107.82088470458984,46137200,0.0,0.0
2023-02-10 00:00:00-05:00,106.45309380718122,107.2151467065907,104.74335706224842,105.57379913330078,15566000,0.0,0.0
2023-02-13 00:00:00-05:00,105.61288553835044,105.7985164946825,104.0985516675113,105.18301391601562,12341500,0.0,0.0
2023-02-14 00:00:00-05:00,104.36233635726538,105.94506685737302,103.38534387781003,105.18301391601562,10768100,0.0,0.0
2023-02-15 00:00:00-05:00,104.62611877671317,106.7559626338643,104.24509231430245,106.72665405273438,8156000,0.0,0.0
2023-02-16 00:00:00-05:00,105.07553926316072,105.53471944591918,103.26809729708756,103.39511108398438,9479900,0.0,0.0
2023-02-17 00:00:00-05:00,102.61350999000663,103.36579830784761,101.48996724568777,102.79914093017578,9492200,0.0,0.0
2023-02-21 00:00:00-05:00,101.16755761814441,101.34341653372601,99.4871296367779,99.74114227294922,10648200,0.0,0.0
2023-02-22 00:00:00-05:00,98.99863796487703,100.20033439760785,98.76415443089915,99.34058380126953,9885100,0.0,0.0
2023-02-23 00:00:00-05:00,99.11587069584576,99.7020720675729,97.31820835387211,99.38943481445312,10974800,0.0,0.0
2023-02-24 00:00:00-05:00,97.24005177043979,98.11934641570551,96.68316640408158,97.99234008789062,8523000,0.0,0.0
2023-02-27 00:00:00-05:00,98.4124419859232,99.13541423263179,97.75785145120727,98.13887786865234,6641200,0.0,0.0
2023-02-28 00:00:00-05:00,98.13888446187104,98.43198516599391,97.27913382569682,97.3182144165039,8233700,0.0,0.0
2023-03-01 00:00:00-05:00,96.90787366727004,97.33774523302459,95.84294812882284,96.2728271484375,7898300,0.0,0.0
2023-03-02 00:00:00-05:00,95.49122984883103,97.00557096727564,95.17859259614144,96.64408111572266,7776600,0.0,0.0
2023-03-03 00:00:00-05:00,97.37683114256991,98.85209176006681,96.60500624874994,98.8130111694336,7434300,0.0,0.0
2023-03-06 00:00:00-05:00,99.27219494228041,100.33711304376132,98.17796080856607,98.34405517578125,6773300,0.0,0.0
2023-03-07 00:00:00-05:00,98.09003454069997,98.61761131013293,96.61477398842598,96.7808609008789,6951300,0.0,0.0
2023-03-08 00:00:00-05:00,96.72224202774395,97.3279799642366,96.03835036868776,97.01534271240234,5668700,0.0,0.0
2023-03-09 00:00:00-05:00,97.16189747731441,97.74809891828468,93.71311527506268,93.92805480957031,8275600,0.0,0.0
2023-03-10 00:00:00-05:00,93.40047639617337,93.69357711167255,90.69421059902236,91.41718292236328,13978800,0.0,0.0
2023-03-13 00:00:00-04:00,89.7758339486509,91.8568251446904,88.37873447322698,90.46949768066406,11915300,0.0,0.0
2023-03-14 00:00:00-04:00,91.83728779929397,92.13038850785726,90.21547679860227,91.2120132446289,10323600,0.0,0.0
2023-03-15 00:00:00-04:00,89.52181250775931,91.21201266927274,89.30688043721074,90.95799255371094,9543800,0.0,0.0
2023-03-16 00:00:00-04:00,90.53788274724006,92.38439776303176,89.77582987772101,92.12061309814453,9931700,0.0,0.0
2023-03-17 00:00:00-04:00,91.88613643783188,92.10106850046355,90.77236571951903,91.0556869506836,12943200,0.0,0.0
2023-03-20 00:00:00-04:00,91.28039833116017,92.73611488979456,90.86029130974565,92.0522232055664,6657200,0.0,0.0
2023-03-21 00:00:00-04:00,92.98036537825023,94.62171291651032,92.98036537825023,94.31884765625,7285800,0.0,0.0
2023-03-22 00:00:00-04:00,95.20791731467855,95.67687700014652,92.63842969145944,92.71659088134766,8811100,0.0,0.0
2023-03-23 00:00:00-04:00,93.08783430607946,94.78779898818128,92.57980153981538,93.62518310546875,9527000,0.0,0.0
2023-03-24 00:00:00-04:00,92.62864367217301,92.81427460662152,90.87982644564818,91.91544342041016,9534600,0.0,0.0
2023-03-27 00:00:00-04:00,92.59933595807246,93.81080441400547,92.2085375179411,93.42001342773438,7487900,0.0,0.0
2023-03-28 00:00:00-04:00,93.31254725374846,93.79127144801677,92.41370857077095,92.63842010498047,5426100,0.0,0.0
2023-03-29 00:00:00-04:00,93.86943333486141,94.68033883093956,93.15622558983664,94.6412582397461,5889100,0.0,0.0
2023-03-30 00:00:00-04:00,96.45845887012769,96.64408234968653,95.42284190110922,95.84294891357422,7669500,0.0,0.0
2023-03-31 00:00:00-04:00,96.61477965723576,97.89463734007745,96.23375321037662,97.82624816894531,8920000,0.0,0.0
2023-04-03 00:00:00-04:00,97.90441107050114,98.11935059893656,96.98603579586279,97.46476745605469,7313200,0.0,0.0
2023-04-04 00:00:00-04:00,97.9923367311214,98.10957104390063,96.4877676016198,97.27912902832031,6794200,0.0,0.0
2023-04-05 00:00:00-04:00,97.40613029238945,97.87508988072855,96.36074881919872,97.6113052368164,7747200,0.0,0.0
2023-04-06 00:00:00-04:00,97.15212473517121,98.01187534691368,96.28260211253955,97.66992950439453,7042500,0.0,0.0
2023-04-10 00:00:00-04:00,97.01533992667405,98.49059295654297,96.62454150963771,98.49059295654297,8016600,0.0,0.0
2023-04-11 00:00:00-04:00,98.83255309484285,99.56529738248364,97.9825670377898,98.10957336425781,7504600,0.0,0.0
2023-04-12 00:00:00-04:00,98.92048033168001,99.86816415068513,95.45215433603741,95.68663787841797,9289200,0.0,0.0
2023-04-13 00:00:00-04:00,96.24351857758948,98.7446166107453,96.24351857758948,98.51990509033203,8745000,0.0,0.0
2023-04-14 00:00:00-04:00,98.18773354519477,98.53945139599384,96.65385581682226,97.6015396118164,7337300,0.0,0.0
2023-04-17 00:00:00-04:00,97.27913236065831,98.25612475454014,96.86879734415446,97.99234008789062,6705300,0.0,0.0
2023-04-18 00:00:00-04:00,98.29520422736543,98.82278100852751,97.30843983368113,98.60784149169922,8180100,0.0,0.0
2023-04-19 00:00:00-04:00,97.48429777766519,97.53315037785546,96.09697039704062,96.47799682617188,11523300,0.0,0.0
2023-04-20 00:00:00-04:00,95.50100713920575,96.31191262046516,95.14928927875253,95.81364440917969,7762700,0.0,0.0
2023-04-21 00:00:00-04:00,95.90157367614312,97.42567937315452,95.47169465232547,97.27912902832031,9468000,0.0,0.0
2023-04-24 00:00:00-04:00,97.84577660640872,98.42219846358591,96.39982477782249,97.38658905029297,8540600,0.0,0.0
2023-04-25 00:00:00-04:00,97.09349486031286,97.41590411743628,95.75502014160156,95.75502014160156,6511400,0.0,0.0
2023-04-26 00:00:00-04:00,95.58894176832656,96.21422382029375,94.24069481375942,94.38724517822266,8634500,0.0,0.0
2023-04-27 00:00:00-04:00,94.89527001841067,97.76763008657916,94.48493499548961,97.63085174560547,8166500,0.0,0.0
2023-04-28 00:00:00-04:00,97.08374002380525,100.20034079311824,96.80041132589302,100.1417236328125,11329700,0.0,0.0
2023-05-01 00:00:00-04:00,100.05379375748375,100.24918925300167,99.27219686769135,99.85839080810547,6909500,0.0,0.0
2023-05-02 00:00:00-04:00,98.99864630259174,99.36012873699653,97.32799011506188,98.28543853759766,6955900,0.0,0.0
2023-05-03 00:00:00-04:00,98.73484709269658,100.21987967776727,98.3245120838719,98.5394515991211,7772100,0.0,0.0
2023-05-04 00:00:00-04:00,97.24982667024629,97.24982667024629,94.38723857298554,95.2079086303711,13260700,0.0,0.0
2023-05-05 00:00:00-04:00,96.32168719303046,98.52969233460189,95.85273496623907,98.20728302001953,9300100,0.0,0.0
2023-05-08 00:00:00-04:00,99.36012187764142,101.51928159277891,99.35035732063922,100.60090637207031,10810100,0.0,0.0
2023-05-09 00:00:00-04:00,100.54228636989465,100.61067553627667,99.74114548676233,99.8290786743164,6829900,0.0,0.0
2023-05-10 00:00:00-04:00,100.63021763764554,100.8744657387078,97.73832101553181,98.8130111694336,19525200,0.0,0.0
2023-05-11 00:00:00-04:00,92.61888126629157,92.92174652101693,89.76605783140555,90.18616485595703,57127200,0.0,0.0
2023-05-12 00:00:00-04:00,90.21548102970397,90.74305785754481,89.14079080433676,89.87353515625,21837500,0.0,0.0
2023-05-15 00:00:00-04:00,89.4338886518239,90.73329038304118,88.61321112805376,90.72351837158203,16792000,0.0,0.0
2023-05-16 00:00:00-04:00,89.92238171830199,90.29363614826573,88.69136920273303,88.88677215576172,17013300,0.0,0.0
2023-05-17 00:00:00-04:00,88.9258527499943,90.90915375679113,88.75976581638695,90.63558959960938,12461600,0.0,0.0
2023-05-18 00:00:00-04:00,90.71373946264676,92.07175825163952,90.3327130371803,91.6028060913086,15014800,0.0,0.0
2023-05-19 00:00:00-04:00,90.86028402728809,90.86028402728809,89.21893666283431,89.24824523925781,16429000,0.0,0.0
2023-05-22 00:00:00-04:00,89.22871904108817,89.82468501048163,87.8218475784071,89.70744323730469,14150600,0.0,0.0
2023-05-23 00:00:00-04:00,89.00401291962687,89.91261621889736,87.7436917332929,87.75346374511719,14778700,0.0,0.0
2023-05-24 00:00:00-04:00,87.38219602075945,87.43104116474244,86.3758951176191,87.02070617675781,15350800,0.0,0.0
2023-05-25 00:00:00-04:00,87.49943369049639,87.49943369049639,85.77016048678661,86.11210632324219,13605800,0.0,0.0
2023-05-26 00:00:00-04:00,86.45405486005349,87.18679915557107,86.07302842269318,86.25865936279297,12892700,0.0,0.0
2023-05-30 00:00:00-04:00,86.92301943131875,86.92301943131875,85.00811512461476,85.79947662353516,14800700,0.0,0.0
2023-05-31 00:00:00-04:00,85.5649943585935,86.14141628446404,85.14488733738636,85.93624877929688,11440600,0.0,0.0
2023-06-01 00:00:00-04:00,86.36612670206813,87.01093778804561,85.10580565463464,86.55175018310547,11993200,0.0,0.0
2023-06-02 00:00:00-04:00,87.56782413430709,89.23848020579567,87.53851555559226,88.68159484863281,14350200,0.0,0.0
2023-06-05 00:00:00-04:00,89.10169889324135,89.64881967513242,87.38219773261244,88.90630340576172,18506700,0.0,0.0
2023-06-06 00:00:00-04:00,89.00401001755975,90.38157293928502,88.92584883323616,90.03962707519531,12109100,0.0,0.0
2023-06-07 00:00:00-04:00,90.64534699665045,90.9384476765861,89.74651584384233,90.39132690429688,11082400,0.0,0.0
2023-06-08 00:00:00-04:00,90.39133577676625,90.54765814243859,89.19941128088763,90.40110778808594,9030200,0.0,0.0
2023-06-09 00:00:00-04:00,90.64536063098097,90.78213898116168,89.44366406098464,89.8149185180664,9625400,0.0,0.0
2023-06-12 00:00:00-04:00,90.12754768453526,91.08500350332157,89.65858805916108,90.9970703125,12341600,0.0,0.0
2023-06-13 00:00:00-04:00,91.95452698433274,92.26716425286237,91.29017185697475,91.69073486328125,12964400,0.0,0.0
2023-06-14 00:00:00-04:00,92.0913059584892,92.34531861639208,89.80513986033985,90.32294464111328,15877400,0.0,0.0
2023-06-15 00:00:00-04:00,89.94191582706644,91.36832380279613,89.50227223903055,90.80167388916016,13354600,0.0,0.0
2023-06-16 00:00:00-04:00,90.7430619287761,90.83099513095857,88.7695403321123,89.21895599365234,22683400,0.0,0.0
2023-06-20 00:00:00-04:00,88.21264300351861,88.69136718328274,87.67529421225046,87.68506622314453,14939200,0.0,0.0
2023-06-21 00:00:00-04:00,87.48966781149822,87.60690212287696,86.08279644407278,86.60060119628906,17873000,0.0,0.0
2023-06-22 00:00:00-04:00,86.40521063822467,87.13795494159127,86.09257336694269,86.45405578613281,10915300,0.0,0.0
2023-06-23 00:00:00-04:00,85.99486738387601,86.36612926468706,85.5943043776741,86.07302856445312,13538000,0.0,0.0
2023-06-26 00:00:00-04:00,86.014414336786,87.43105037717912,85.75062220681498,86.65922546386719,13132700,0.0,0.0
2023-06-27 00:00:00-04:00,86.85462564413714,87.59714195345157,86.4540551832371,87.01094055175781,10032700,0.0,0.0
2023-06-28 00:00:00-04:00,87.33334532385044,87.3431173344037,86.49313130891161,86.7862319946289,12118300,0.0,0.0
2023-06-29 00:00:00-04:00,85.77993757888976,87.06956727695966,85.33051450565665,86.90347290039062,13402600,0.0,0.0
2023-06-30 00:00:00-04:00,87.12819335191878,87.53852842195798,86.5713079129052,87.22589111328125,12837500,0.0,0.0
2023-07-03 00:00:00-04:00,87.06956176002554,88.85745211293566,86.86439425899847,88.41780853271484,7979500,0.0,0.0
2023-07-05 00:00:00-04:00,88.03678123571137,88.31033790103442,87.19656721858482,87.7241439819336,11028800,0.0,0.0
2023-07-06 00:00:00-04:00,86.6299140530207,86.78623641439364,85.76039141599998,86.69830322265625,12084600,0.0,0.0
2023-07-07 00:00:00-04:00,86.2781919322774,87.6655267324264,86.0534878662281,86.60060119628906,9705100,0.0,0.0
2023-07-10 00:00:00-04:00,86.21957891457009,86.6396859428465,85.83855247658224,86.07302856445312,13642600,0.0,0.0
2023-07-11 00:00:00-04:00,86.17072447429359,87.52874327893278,86.12187932787063,87.43104553222656,13735500,0.0,0.0
2023-07-12 00:00:00-04:00,88.03679373461014,88.62298773693502,87.5092168963594,88.07587432861328,14912100,0.0,0.0
2023-07-13 00:00:00-04:00,88.46666520960736,88.72067786799947,87.03048518236513,88.38850402832031,15325500,0.0,0.0
2023-07-14 00:00:00-04:00,88.32989503590191,88.40804877055422,86.38567460439984,86.5810775756836,17770000,0.0,0.0
2023-07-17 00:00:00-04:00,86.3856598354677,86.45404900025956,83.33744854319083,83.59146118164062,34503400,0.0,0.0
2023-07-18 00:00:00-04:00,83.54261684356419,85.29143402166795,83.34721390380231,83.97248840332031,21885100,0.0,0.0
2023-07-19 00:00:00-04:00,84.21674466124543,85.86786425664693,84.20698010370464,85.03742218017578,17177000,0.0,0.0
2023-07-20 00:00:00-04:00,84.84201927280762,85.17420057591359,84.05065778760276,84.22651672363281,15277500,0.0,0.0
2023-07-21 00:00:00-04:00,84.31445129397181,85.87763772092714,83.90410880063409,85.17420196533203,19901000,0.0,0.0
2023-07-24 00:00:00-04:00,85.47705891415828,85.93624651288611,84.55869117056274,84.60753631591797,13911900,0.0,0.0
2023-07-25 00:00:00-04:00,83.75756390924181,84.32421385103972,83.20067852491823,83.65985870361328,15335400,0.0,0.0
2023-07-26 00:00:00-04:00,83.69893632127622,84.28513026491667,83.4839968027073,83.88456726074219,14983700,0.0,0.0
2023-07-27 00:00:00-04:00,84.60754088427555,84.88109756538782,83.22998546757151,83.39607238769531,16691400,0.0,0.0
2023-07-28 00:00:00-04:00,83.88456890570033,84.58800463340725,83.48399843981034,84.14835357666016,13638300,0.0,0.0
2023-07-31 00:00:00-04:00,84.9983486381844,87.3040515653682,84.88110685322441,86.84486389160156,20837800,0.0,0.0
2023-08-01 00:00:00-04:00,87.06956160617364,87.66552754071066,86.42474307220499,86.98162841796875,13717500,0.0,0.0
2023-08-02 00:00:00-04:00,86.229349668669,86.29773883721197,84.27536490588659,84.31444549560547,15162700,0.0,0.0
2023-08-03 00:00:00-04:00,83.84548054335473,84.47075503139185,83.4839907018277,83.5230712890625,14145400,0.0,0.0
2023-08-04 00:00:00-04:00,83.96272764199581,85.10580693929704,83.48399600833469,84.31444549560547,11533900,0.0,0.0
2023-08-07 00:00:00-04:00,84.6661731966086,85.22305862061766,84.0115825600082,84.83226013183594,10818400,0.0,0.0
2023-08-08 00:00:00-04:00,84.50984571100844,86.29774365775172,84.11904724585011,86.10234069824219,16767900,0.0,0.0
2023-08-09 00:00:00-04:00,87.1477222092102,87.49944008207368,85.0374224258901,85.47706604003906,32517900,0.0,0.0
2023-08-10 00:00:00-04:00,87.90000927182705,90.40110748326582,85.73108490553095,89.6488265991211,56716800,0.0,0.0
2023-08-11 00:00:00-04:00,89.21894836232627,89.24825694259309,86.81554788025888,86.97186279296875,21998900,0.0,0.0
2023-08-14 00:00:00-04:00,86.94255204631396,87.24542476053247,85.96555964117412,86.76669311523438,13676400,0.0,0.0
2023-08-15 00:00:00-04:00,85.96556434421302,86.20004790105438,84.8908741305367,85.05696105957031,13677900,0.0,0.0
2023-08-16 00:00:00-04:00,84.54892745939705,85.05696025334936,84.099511827169,84.36329650878906,12182700,0.0,0.0
2023-08-17 00:00:00-04:00,84.92017628356093,84.95925687340957,83.82594958324019,83.94318389892578,14206000,0.0,0.0
2023-08-18 00:00:00-04:00,83.40584732509369,84.72478562893673,83.40584732509369,83.98226928710938,12364400,0.0,0.0
2023-08-21 00:00:00-04:00,83.8357169690591,84.2655960180387,83.44492596510742,83.90410614013672,11215000,0.0,0.0
2023-08-22 00:00:00-04:00,83.73801618865714,84.10927061052452,83.40584235654323,83.81617736816406,9835300,0.0,0.0
2023-08-23 00:00:00-04:00,83.8357187334224,84.34375897542853,83.66963180786149,83.85526275634766,7576000,0.0,0.0
2023-08-24 00:00:00-04:00,83.54262091580095,83.97249249651092,80.5627911604573,80.57256317138672,27531000,0.0,0.0
2023-08-25 00:00:00-04:00,81.15875658189185,81.72541395033471,80.56279063471233,81.44208526611328,16050900,0.0,0.0
2023-08-28 00:00:00-04:00,81.90128452796627,82.74149868929456,81.60818379118241,82.22369384765625,12166400,0.0,0.0
2023-08-29 00:00:00-04:00,81.86220201180804,82.6047183947381,81.80358484737134,82.45816802978516,11210700,0.0,0.0
2023-08-30 00:00:00-04:00,82.45815362749131,82.73171028556428,81.90126830102568,82.34091186523438,11816600,0.0,0.0
2023-08-31 00:00:00-04:00,82.51678315893514,82.66333352027341,81.71564963132843,81.75473022460938,10448000,0.0,0.0
2023-09-01 00:00:00-04:00,80.22085300172692,80.33809478253075,78.6772030968514,79.76166534423828,27701900,0.0,0.0
2023-09-05 00:00:00-04:00,79.54671792860833,80.49440173146928,79.31224184408264,79.32201385498047,12741700,0.0,0.0
2023-09-06 00:00:00-04:00,78.93122085607892,80.20130656757352,78.67720073223566,79.11685180664062,15518500,0.0,0.0
2023-09-07 00:00:00-04:00,78.96052617836352,78.98983475800884,77.91514459913766,78.71627807617188,14768000,0.0,0.0
2023-09-08 00:00:00-04:00,78.68696056304182,79.79095917621918,78.32547072944902,79.70303344726562,16220900,0.0,0.0
2023-09-11 00:00:00-04:00,80.05475664928758,81.92080818753877,79.30246835524157,80.62140655517578,26579100,0.0,0.0
2023-09-12 00:00:00-04:00,81.1196836280509,82.72195068326431,80.67026798611163,81.75473022460938,16594600,0.0,0.0
2023-09-13 00:00:00-04:00,81.4323123935465,82.11621152355936,81.20760832303644,81.559326171875,9772700,0.0,0.0
2023-09-14 00:00:00-04:00,82.0673639025074,82.7903362117104,81.1294520666563,82.53632354736328,22371900,0.0,0.0
2023-09-15 00:00:00-04:00,83.25929744294602,84.2069813082089,82.66333145456134,83.61101531982422,21631200,0.0,0.0
2023-09-18 00:00:00-04:00,83.27882806519922,83.94318317920946,83.0248154141514,83.06388854980469,11894200,0.0,0.0
2023-09-19 00:00:00-04:00,81.9892046721294,82.83919078761082,79.83005225059016,80.05476379394531,21478900,0.0,0.0
2023-09-20 00:00:00-04:00,80.14268715252074,81.28576649688459,79.76166070439945,80.66049194335938,12715200,0.0,0.0
2023-09-21 00:00:00-04:00,80.17199329479196,81.74495164207379,80.03521495623357,80.82658386230469,14378000,0.0,0.0
2023-09-22 00:00:00-04:00,81.00245698455434,81.4323286436928,79.33179314225339,79.38064575195312,11495300,0.0,0.0
2023-09-25 00:00:00-04:00,79.68349765803964,79.88866516731703,78.70650525927462,79.14615631103516,11034400,0.0,0.0
2023-09-26 00:00:00-04:00,78.64789559290735,78.88237170386718,77.95423181816615,78.208251953125,14867900,0.0,0.0
2023-09-27 00:00:00-04:00,78.27663079662898,78.70650236766737,77.39733617927287,78.06169128417969,14662500,0.0,0.0
2023-09-28 00:00:00-04:00,78.43295019491242,79.05822474668553,77.81744765440907,78.2863998413086,12229800,0.0,0.0
2023-09-29 00:00:00-04:00,78.80421523692314,79.45879839482986,78.5599671224331,79.18524169921875,11261400,0.0,0.0
2023-10-02 00:00:00-04:00,79.05822552723977,79.88866760071308,78.9312191949215,79.79096984863281,9128100,0.0,0.0
2023-10-03 00:00:00-04:00,79.38063230165133,80.00590683978012,77.63181501555785,77.70997619628906,12586200,0.0,0.0
2023-10-04 00:00:00-04:00,77.77836959872897,77.95422853801438,76.91861892547864,77.49504089355469,12010500,0.0,0.0
2023-10-05 00:00:00-04:00,77.28009617416674,79.07776603884021,77.06515665681727,78.95075225830078,15466600,0.0,0.0
2023-10-06 00:00:00-04:00,79.18523846619384,81.60817548884782,78.6381176434489,81.03175354003906,15391100,0.0,0.0
2023-10-09 00:00:00-04:00,82.36046782696852,82.92711779205015,81.2173809773468,82.75125885009766,13604400,0.0,0.0
2023-10-10 00:00:00-04:00,82.83918093067386,83.32767709788823,81.99896692675638,83.03457641601562,9450600,0.0,0.0
2023-10-11 00:00:00-04:00,83.40584448616045,83.74779033790878,82.32138231785822,82.8978042602539,9499200,0.0,0.0
2023-10-12 00:00:00-04:00,82.87826902993393,83.11274512436705,81.58863932976077,82.40930938720703,9554900,0.0,0.0
2023-10-13 00:00:00-04:00,82.00874636979464,82.63402092419007,81.46162554430313,82.40930938720703,10808000,0.0,0.0
2023-10-16 00:00:00-04:00,82.37023093217324,83.95296138183289,82.37023093217324,83.73802185058594,10275100,0.0,0.0
2023-10-17 00:00:00-04:00,83.38630140452125,84.30467666288583,83.34722081332907,84.21674346923828,9985700,0.0,0.0
2023-10-18 00:00:00-04:00,83.71848442043499,84.27536981209342,82.6535587867151,82.73171997070312,10047000,0.0,0.0
2023-10-19 00:00:00-04:00,83.2983744334263,83.30813899068455,81.25645643351712,81.3346176147461,14316800,0.0,0.0
2023-10-20 00:00:00-04:00,80.9926764598323,81.52025328292397,80.70934775184634,80.74842834472656,10437000,0.0,0.0
2023-10-23 00:00:00-04:00,80.19153563603358,82.09666777878112,79.04845635038504,81.18806457519531,10772500,0.0,0.0
2023-10-24 00:00:00-04:00,81.49094146482125,82.26275891850032,79.8593584557889,80.66049194335938,11499500,0.0,0.0
2023-10-25 00:00:00-04:00,80.24038620368978,80.65072869234945,78.66742778309992,78.7358169555664,9372500,0.0,0.0
2023-10-26 00:00:00-04:00,78.23755873014568,78.75536354625477,77.59274012255707,77.9444580078125,11651000,0.0,0.0
2023-10-27 00:00:00-04:00,77.91514152512103,79.1656905663862,77.40710877230464,77.50480651855469,10300600,0.0,0.0
2023-10-30 00:00:00-04:00,77.88583393469183,79.06799382319284,77.70020299675966,78.82374572753906,10291200,0.0,0.0
2023-10-31 00:00:00-04:00,78.83352704597579,79.79097551981852,78.48180915039973,79.71281433105469,8672200,0.0,0.0
2023-11-01 00:00:00-04:00,79.654188555234,79.70304115639539,78.33525031634093,79.20477294921875,9093000,0.0,0.0
2023-11-02 00:00:00-04:00,79.96683147330481,81.38347501462457,79.9375228920811,81.37370300292969,11518500,0.0,0.0
2023-11-03 00:00:00-04:00,82.23345249905412,83.95296129335681,82.22368794136108,83.11274719238281,11331800,0.0,0.0
2023-11-06 00:00:00-05:00,83.12251582435246,83.82595155041521,81.6667917703046,82.08689880371094,14160900,0.0,0.0
2023-11-07 00:00:00-05:00,82.22369158349582,82.7317243988888,82.01851660108011,82.64379119873047,10540200,0.0,0.0
2023-11-08 00:00:00-05:00,82.20414454673731,82.9661974688281,82.01851359509847,82.55586242675781,26942600,0.0,0.0
2023-11-09 00:00:00-05:00,85.8190088673334,89.1114759398429,85.58453277833458,88.26148986816406,51062700,0.0,0.0
2023-11-10 00:00:00-05:00,88.0563192507963,88.08563528301443,84.93971867235531,86.2391128540039,25175700,0.0,0.0
2023-11-13 00:00:00-05:00,86.38565818950936,87.83161008680645,85.39890132400815,87.38219451904297,12834400,0.0,0.0
2023-11-14 00:00:00-05:00,87.95862035665633,89.4338808969128,87.91953976806924,88.97469329833984,13152000,0.0,0.0
2023-11-15 00:00:00-05:00,90.85052275320574,92.3941725607112,90.60627464900021,91.7688980102539,20593100,0.0,0.0
2023-11-16 00:00:00-05:00,91.72981804432537,92.43325378184942,91.47579792713931,92.33555603027344,12923900,0.0,0.0
2023-11-17 00:00:00-05:00,92.57002724540614,93.18552975636585,91.75912178773363,91.98383331298828,12189300,0.0,0.0
2023-11-20 00:00:00-05:00,91.81774465454058,93.39069548600284,91.71027489935506,92.84358215332031,14105300,0.0,0.0
2023-11-21 00:00:00-05:00,92.55048825152743,92.77519231703137,91.79819997065927,92.27692413330078,7654800,0.0,0.0
2023-11-22 00:00:00-05:00,92.72635263288588,93.50794208369703,92.57980228152738,92.8826675415039,7328200,0.0,0.0
2023-11-24 00:00:00-05:00,92.71657676778435,94.28953506900349,92.71657676778435,93.84988403320312,5440500,0.0,0.0
2023-11-27 00:00:00-05:00,93.53725496555963,93.53725496555963,92.34532298534818,92.9803695678711,11049500,0.0,0.0
2023-11-28 00:00:00-05:00,92.8142844535209,92.95106280272248,90.32295067875042,90.3718032836914,18660300,0.0,0.0
2023-11-29 00:00:00-05:00,90.46950103971238,91.09477562287985,89.3361936529192,90.3718032836914,13857000,0.0,0.0
2023-11-30 00:00:00-05:00,91.39764049913397,91.70050575292007,90.07869481772666,90.55742645263672,13396700,0.0,0.0
2023-12-01 00:00:00-05:00,90.60627371033415,90.70397146023211,89.65858988321688,90.44995880126953,11898200,0.0,0.0
2023-12-04 00:00:00-05:00,89.7856042738717,90.28387249174025,89.50227557954881,89.89307403564453,12602800,0.0,0.0
2023-12-05 00:00:00-05:00,89.50228252978685,89.66836946402022,87.86093484981555,88.7011489868164,12357000,0.0,0.0
2023-12-06 00:00:00-05:00,89.01377186606018,90.42064320781431,88.53504771099215,89.3947982788086,10462000,0.0,0.0
2023-12-07 00:00:00-05:00,89.68790129108994,91.24131555977496,89.54135094687095,90.2252426147461,10264700,0.0,0.0
2023-12-08 00:00:00-05:00,90.2350442509328,91.68570873003439,90.2350442509328,90.97998046875,9498200,0.3,0.0
2023-12-11 00:00:00-05:00,90.89176849402519,91.2348287671994,90.14683227359465,90.37226867675781,10811000,0.0,0.0
2023-12-12 00:00:00-05:00,90.29386733359021,90.37227577493633,89.05884277500644,89.26467895507812,13218400,0.0,0.0
2023-12-13 00:00:00-05:00,89.36269519081458,91.02899982990019,88.98042693062251,90.98979187011719,10173200,0.0,0.0
2023-12-14 00:00:00-05:00,91.36224955060692,92.95013815332821,91.36224955060692,92.0777816772461,12439300,0.0,0.0
2023-12-15 00:00:00-05:00,91.20542371041451,92.08757655268776,91.08779984163999,91.60729217529297,17551600,0.0,0.0
2023-12-18 00:00:00-05:00,90.86235610197302,91.85233643408851,90.86235610197302,91.0191879272461,9083600,0.0,0.0
2023-12-19 00:00:00-05:00,90.80354933716228,92.12678610160084,90.77414523899859,92.06797790527344,8804000,0.0,0.0
2023-12-20 00:00:00-05:00,91.39165757910213,92.40123820867194,89.4411083779482,89.46070861816406,13060600,0.0,0.0
2023-12-21 00:00:00-05:00,90.10763425399566,90.25466223818546,89.25487792821795,90.19584655761719,13037200,0.0,0.0
2023-12-22 00:00:00-05:00,89.80377196689751,90.41147659967841,88.95101573548011,89.21566009521484,9419800,0.0,0.0
2023-12-26 00:00:00-05:00,89.03923655799731,89.46071278472617,88.80399627368352,89.14705657958984,8086900,0.0,0.0
2023-12-27 00:00:00-05:00,89.10784820951976,89.13725230768691,88.25509197190662,88.58834838867188,11123500,0.0,0.0
2023-12-28 00:00:00-05:00,88.30409613646127,89.17646008991213,88.18647974402309,88.60795593261719,8479600,0.0,0.0
2023-12-29 00:00:00-05:00,88.3335091183938,88.80398965193962,88.07866113380042,88.50013732910156,9211000,0.0,0.0
2024-01-02 00:00:00-05:00,88.31390354914775,89.66655194184513,87.95124302033167,88.91181182861328,10587600,0.0,0.0
2024-01-03 00:00:00-05:00,88.44132685587599,90.25465184363398,88.21588297566194,89.83317565917969,11929800,0.0,0.0
2024-01-04 00:00:00-05:00,90.11742644278873,90.11742644278873,88.21588171068284,88.76477813720703,12087400,0.0,0.0
2024-01-05 00:00:00-05:00,88.61776095798518,89.50971768438045,88.56874914172197,89.0980453491211,9092100,0.0,0.0
2024-01-08 00:00:00-05:00,89.73516082763672,90.11742906123794,89.19606076581285,89.73516082763672,11103700,0.0,0.0
2024-01-09 00:00:00-05:00,89.24508164881482,89.29408599149828,87.82382110422392,87.8924331665039,11255100,0.0,0.0
2024-01-10 00:00:00-05:00,88.03945083220567,88.03945083220567,87.11808255116004,87.51995849609375,15091600,0.0,0.0
2024-01-11 00:00:00-05:00,87.6179801308091,88.00024838236479,86.9318595454921,87.67678833007812,9642200,0.0,0.0
2024-01-12 00:00:00-05:00,87.87282414788181,89.02943270946925,87.87282414788181,88.55894470214844,11919400,0.0,0.0
2024-01-16 00:00:00-05:00,88.50013235827821,91.24462192488656,87.68658411194829,91.2054214477539,16780900,0.0,0.0
2024-01-17 00:00:00-05:00,90.74474166228872,91.90135022501052,88.31390066536125,88.54914093017578,15735200,0.0,0.0
2024-01-18 00:00:00-05:00,88.86281089066487,90.67613603861598,88.61776674964031,90.382080078125,12203200,0.0,0.0
2024-01-19 00:00:00-05:00,90.48989668354908,91.72492120158901,89.81357248683499,91.21522521972656,19790100,0.0,0.0
2024-01-22 00:00:00-05:00,91.0289936469537,93.3422107699542,91.0289936469537,93.19518280029297,15119400,0.0,0.0
2024-01-23 00:00:00-05:00,93.53825243219576,93.98913276693729,91.33285510117399,91.9111557006836,11559400,0.0,0.0
2024-01-24 00:00:00-05:00,92.54826789283452,93.36181622265494,91.41126698548196,91.6465072631836,10454900,0.0,0.0
2024-01-25 00:00:00-05:00,92.05817726840245,93.05796150987813,91.89154905420763,92.97954559326172,8661600,0.0,0.0
2024-01-26 00:00:00-05:00,93.11677845937756,93.63627086901468,92.82272248350735,93.46964263916016,7812800,0.0,0.0
2024-01-29 00:00:00-05:00,93.52844600414826,95.5672150533772,93.11677364175215,95.55741119384766,13422200,0.0,0.0
2024-01-30 00:00:00-05:00,94.60663833742638,95.60642261699073,94.10675367579789,95.01831817626953,9139600,0.0,0.0
2024-01-31 00:00:00-05:00,94.50861847396627,95.63582297010547,93.91071019718339,94.14595794677734,9592300,0.0,0.0
2024-02-01 00:00:00-05:00,94.45960861731197,95.98868150959177,93.99892448229102,95.13592529296875,8484800,0.0,0.0
2024-02-02 00:00:00-05:00,94.37139550900764,95.47899977858661,93.92051520068875,95.20454406738281,9321300,0.0,0.0
2024-02-05 00:00:00-05:00,94.7830665339535,95.43979048603563,94.5772303620424,94.73406219482422,11679300,0.0,0.0
2024-02-06 00:00:00-05:00,94.99871042738857,97.35113566768656,94.87129016668777,97.32173156738281,16455500,0.0,0.0
2024-02-07 00:00:00-05:00,95.45938899631246,97.31192198809744,94.72425661931355,97.17469787597656,28886300,0.0,0.0
2024-02-08 00:00:00-05:00,104.95730677017254,110.53450625460331,104.68285853267341,108.34871673583984,60558400,0.0,0.0
2024-02-09 00:00:00-05:00,107.42734570636857,107.96644578669107,105.55521243117789,106.2413330078125,21509100,0.0,0.0
2024-02-12 00:00:00-05:00,105.74144447184723,108.8584062279762,105.69244013079914,107.12349700927734,13424000,0.0,0.0
2024-02-13 00:00:00-05:00,106.13350914209875,108.45653011556459,106.06489708692396,108.27029418945312,14594500,0.0,0.0
2024-02-14 00:00:00-05:00,108.38791907258656,109.46611172603905,107.49595486883152,109.3484878540039,11405500,0.0,0.0
2024-02-15 00:00:00-05:00,108.87801102004862,110.68153225025532,108.87801102004862,110.2208480834961,9961900,0.0,0.0
2024-02-16 00:00:00-05:00,109.79936764551577,110.32866385003027,108.95642273997771,109.3876953125,8782200,0.0,0.0
2024-02-20 00:00:00-05:00,108.65256810586172,108.92701634091708,107.18230329393353,107.27052307128906,9770900,0.0,0.0
2024-02-21 00:00:00-05:00,106.3295544677037,107.05488301422645,105.114130172483,105.53560638427734,10427500,0.0,0.0
2024-02-22 00:00:00-05:00,105.84926299284786,106.33935126531165,105.28076628018655,105.5062026977539,9266200,0.0,0.0
2024-02-23 00:00:00-05:00,105.43758931351036,105.85906552165793,103.73208424065551,105.60421752929688,11724000,0.0,0.0
2024-02-26 00:00:00-05:00,105.38857070223396,106.60399490859164,105.25134659476664,105.54540252685547,8694200,0.0,0.0
2024-02-27 00:00:00-05:00,105.64342659527027,107.40774736371851,105.64342659527027,107.25091552734375,7595000,0.0,0.0
2024-02-28 00:00:00-05:00,106.62360813361114,108.83880931819162,106.50599172897314,108.60356903076172,10773000,0.0,0.0
2024-02-29 00:00:00-05:00,108.93682294530123,110.5149078147891,108.7701947238407,109.36810302734375,11658300,0.0,0.0
2024-03-01 00:00:00-05:00,109.2308816195883,109.92680610134543,108.82900562803837,109.73076629638672,7242400,0.0,0.0
2024-03-04 00:00:00-05:00,110.43648742289372,111.86754425390592,109.58373863103532,111.43627166748047,11558900,0.0,0.0
2024-03-05 00:00:00-05:00,111.3578587676289,112.90653951589,110.04441829816898,110.63253021240234,14929600,0.0,0.0
2024-03-06 00:00:00-05:00,110.83836456242341,111.05400459699736,107.08428663218581,107.87822723388672,14743900,0.0,0.0
2024-03-07 00:00:00-05:00,108.50553811097633,108.87800997575559,107.03527332639317,107.995849609375,8609300,0.0,0.0
2024-03-08 00:00:00-05:00,107.99585540646707,109.10345224483902,107.17250319426414,108.1330795288086,10009200,0.0,0.0
2024-03-11 00:00:00-04:00,107.90762518021317,110.67173003505654,107.848816984375,110.0836181640625,8794300,0.0,0.0
2024-03-12 00:00:00-04:00,110.28945242089567,110.71092859947302,109.42689982485149,110.23064422607422,8085000,0.0,0.0
2024-03-13 00:00:00-04:00,110.50509958661834,111.86754436122305,110.21105111533983,110.26985931396484,7267900,0.0,0.0
2024-03-14 00:00:00-04:00,109.5249210865684,110.12282935566436,107.33913165797121,109.83857727050781,10520500,0.0,0.0
2024-03-15 00:00:00-04:00,109.38770598540135,110.72074674650496,109.19167365859656,109.73076629638672,15364200,0.0,0.0
2024-03-18 00:00:00-04:00,110.06402091353247,112.16159804112017,110.06402091353247,111.59309387207031,11820800,0.0,0.0
2024-03-19 00:00:00-04:00,111.16182046805787,112.88692572399773,110.99518477964111,112.2400131225586,10999700,0.0,0.0
2024-03-20 00:00:00-04:00,112.33803444509249,114.20037137662754,112.09299030878928,114.15135955810547,11699600,0.0,0.0
2024-03-21 00:00:00-04:00,114.67084876733648,115.0335167711962,113.56325199393466,114.3865966796875,10353500,0.0,0.0
2024-03-22 00:00:00-04:00,114.60223996848329,115.327575996825,113.54364750400097,113.57305908203125,7144800,0.0,0.0
2024-03-25 00:00:00-04:00,114.65125224014515,117.04288541494864,114.5532360807843,116.9938735961914,12103600,0.0,0.0
2024-03-26 00:00:00-04:00,117.25852581122008,118.01326599286404,115.84707657015211,117.55258178710938,11870000,0.0,0.0
2024-03-27 00:00:00-04:00,118.56214124584328,119.6109297371706,117.64077299953885,118.58174896240234,10782800,0.0,0.0
2024-03-28 00:00:00-04:00,118.84639834405476,121.28703568833022,118.79738652873412,119.93439483642578,15367400,0.0,0.0
2024-04-01 00:00:00-04:00,119.64034196118872,119.97360586195711,118.38571722967937,119.120849609375,8419700,0.0,0.0
2024-04-02 00:00:00-04:00,117.83681940353716,121.08120120837607,117.77801120685709,120.3852767944336,15517100,0.0,0.0
2024-04-03 00:00:00-04:00,119.84618075050727,121.23803710322646,116.03329465603787,116.62140655517578,22480400,0.0,0.0
2024-04-04 00:00:00-04:00,116.85664830914125,117.8074207495584,114.64144723459597,114.76886749267578,13815400,0.0,0.0
2024-04-05 00:00:00-04:00,114.28858165462101,116.50378270150199,113.99453318315051,116.03329467773438,9653900,0.0,0.0
2024-04-08 00:00:00-04:00,115.68042862631866,116.17051688219354,114.50421980348028,115.02371215820312,6266000,0.0,0.0
2024-04-09 00:00:00-04:00,115.05312351254842,116.16072782669167,114.57283908538619,115.63143157958984,7451100,0.0,0.0
2024-04-10 00:00:00-04:00,114.28858191222362,115.22955048372633,114.06314549807011,114.86688995361328,6746300,0.0,0.0
2024-04-11 00:00:00-04:00,115.25895508508826,115.93527928680113,114.06314599482619,114.82768249511719,6559400,0.0,0.0
2024-04-12 00:00:00-04:00,114.08274105985384,114.38659337871023,111.47547548539045,111.74992370605469,12155200,0.0,0.0
2024-04-15 00:00:00-04:00,112.6026785264226,113.25940249338854,110.53450542319854,110.7109375,9637100,0.0,0.0
2024-04-16 00:00:00-04:00,110.58351285759355,112.23020968307395,110.28945691519755,111.62249755859375,9291400,0.0,0.0
2024-04-17 00:00:00-04:00,111.74011840085085,111.94595456368457,110.6521219129061,110.70113372802734,7379000,0.0,0.0
2024-04-18 00:00:00-04:00,110.93638825074943,111.98517691706095,109.9660155074519,110.20125579833984,8235600,0.0,0.0
2024-04-19 00:00:00-04:00,109.50532898675527,110.48550556919577,108.87801657224568,110.377685546875,9436000,0.0,0.0
2024-04-22 00:00:00-04:00,110.85797036342292,111.38726661715761,109.53473346816313,109.76997375488281,6901700,0.0,0.0
2024-04-23 00:00:00-04:00,110.59331136319571,111.97535627799056,110.56390726601008,111.45586395263672,6839300,0.0,0.0
2024-04-24 00:00:00-04:00,110.897168544061,111.9165530008172,110.897168544061,111.66170501708984,6157200,0.0,0.0
2024-04-25 00:00:00-04:00,109.01523104073212,110.65212399368134,108.20168275460051,110.53450012207031,8045900,0.0,0.0
2024-04-26 00:00:00-04:00,109.63274018572056,110.77954489759928,109.1132478364842,110.49530029296875,6304800,0.0,0.0
2024-04-29 00:00:00-04:00,110.7991533647809,111.62249804201024,108.15267230621531,109.85818481445312,7151200,0.0,0.0
2024-04-30 00:00:00-04:00,109.77976622738247,109.81897418412775,108.60355743763604,108.8976058959961,8156600,0.0,0.0
2024-05-01 00:00:00-04:00,109.08384998135736,109.76997058034466,108.02525750450239,108.28990936279297,6338400,0.0,0.0
2024-05-02 00:00:00-04:00,109.2210767936613,110.63253346426302,108.36832047548044,110.38748931884766,6799800,0.0,0.0
2024-05-03 00:00:00-04:00,111.28925172657,111.847952087763,110.56392313863523,111.40687561035156,7411100,0.0,0.0
2024-05-06 00:00:00-04:00,112.52426277558132,114.6218398422981,111.88714656862832,114.1611557006836,16303200,0.0,0.0
2024-05-07 00:00:00-04:00,105.1239330864669,105.74144160966475,102.14419553097325,103.3008041381836,55084600,0.0,0.0
2024-05-08 00:00:00-04:00,102.82051914685391,104.36919985380266,102.3696388419486,103.34981536865234,15238100,0.0,0.0
2024-05-09 00:00:00-04:00,102.54607386125994,104.02613507482317,102.32062996325526,103.70268249511719,15096000,0.0,0.0
2024-05-10 00:00:00-04:00,104.80047553893166,104.8984916988693,103.33021070540629,103.69287872314453,15884600,0.0,0.0
2024-05-13 00:00:00-04:00,103.49683842514237,104.52602679489979,103.49683842514237,103.73208618164062,9666400,0.0,0.0
2024-05-14 00:00:00-04:00,103.21259996550236,103.88891674087257,102.86953216967443,103.26160430908203,11278400,0.0,0.0
2024-05-15 00:00:00-04:00,103.52624366178468,103.78108416515035,99.38009381485858,100.73273468017578,20745600,0.0,0.0
2024-05-16 00:00:00-04:00,100.99738652085976,101.96775915297889,100.80134673578564,101.32084655761719,9476700,0.0,0.0
2024-05-17 00:00:00-04:00,101.57568856204418,101.76192449107845,100.99738801337415,101.2032241821289,7356000,0.0,0.0
2024-05-20 00:00:00-04:00,101.28164467251699,101.61490110989224,100.48769658213702,100.86016845703125,7667400,0.0,0.0
2024-05-21 00:00:00-04:00,100.94837934206221,101.64430378519764,100.6837349677473,100.96798706054688,7333300,0.0,0.0
2024-05-22 00:00:00-04:00,100.93858272255528,101.77173128050141,100.71313882943518,100.977783203125,7190300,0.0,0.0
2024-05-23 00:00:00-04:00,100.93858293304751,100.96798703261287,98.28229794062348,98.6645736694336,10504000,0.0,0.0
2024-05-24 00:00:00-04:00,98.8507955271662,100.0662122563698,98.6939711805688,99.74275970458984,6451600,0.0,0.0
2024-05-28 00:00:00-04:00,99.35068649897656,100.82095118772051,98.94881056120649,100.4092788696289,7813100,0.0,0.0
2024-05-29 00:00:00-04:00,99.74276335848988,100.05641954132793,98.77238323314288,98.88020324707031,7376300,0.0,0.0
2024-05-30 00:00:00-04:00,99.13504826813372,100.0466126907099,98.96842006182969,99.68394470214844,7300600,0.0,0.0
2024-05-31 00:00:00-04:00,99.50751472397003,102.01677164241558,99.39970218915882,101.85014343261719,14735800,0.0,0.0
2024-06-03 00:00:00-04:00,102.1049832630769,102.15399507888354,100.44849007858738,100.73273468017578,6908600,0.0,0.0
2024-06-04 00:00:00-04:00,100.08581503850363,101.43845580859126,99.61532706560428,101.28163146972656,7269100,0.0,0.0
2024-06-05 00:00:00-04:00,100.95818753547856,101.03660345647663,99.02723848028567,99.48792266845703,10796900,0.0,0.0
2024-06-06 00:00:00-04:00,99.04683471196367,99.90938730844037,98.81158697625398,99.20365905761719,10294700,0.0,0.0
2024-06-07 00:00:00-04:00,98.86060975813906,100.24265483752843,98.55675741349643,99.52713012695312,6047800,0.0,0.0
2024-06-10 00:00:00-04:00,99.24287762886077,100.8111586439083,98.64496932341237,100.70333862304688,7621900,0.0,0.0
2024-06-11 00:00:00-04:00,100.60531623414907,100.84055650230606,98.74297937236913,98.87040710449219,9134200,0.0,0.0
2024-06-12 00:00:00-04:00,99.19385292429723,99.67414476507538,98.26268829579767,98.80178833007812,9041800,0.0,0.0
2024-06-13 00:00:00-04:00,98.61556146281843,99.06644177006879,97.63538493101677,98.10586547851562,10164600,0.0,0.0
2024-06-14 00:00:00-04:00,97.83141889517636,98.39011922859471,97.28252242112426,97.98825073242188,7087600,0.0,0.0
2024-06-17 00:00:00-04:00,98.97823381339275,99.89959470855739,98.6253696482135,99.50752258300781,10389000,0.0,0.0
2024-06-18 00:00:00-04:00,99.11545826094695,99.74277067262383,98.61556611227655,99.48792266845703,7044700,0.0,0.0
2024-06-20 00:00:00-04:00,98.57635371393253,99.91919825749358,98.39011777948481,99.82117462158203,7886900,0.0,0.0
2024-06-21 00:00:00-04:00,99.78196859997571,100.50729710089097,99.57612495851505,100.24264526367188,14137300,0.0,0.0
2024-06-24 00:00:00-04:00,100.2230489103425,101.03659721459157,99.88979248391952,99.95840454101562,7393600,0.0,0.0
2024-06-25 00:00:00-04:00,100.62492954780532,101.62470635168476,99.75256552682775,100.17404174804688,10296100,0.0,0.0
2024-06-26 00:00:00-04:00,99.87998598297646,100.3406701305021,99.41930183545084,100.15443420410156,10122300,0.0,0.0
2024-06-27 00:00:00-04:00,100.01721779994129,100.25245808215209,99.79177389913039,100.14463806152344,8365200,0.0,0.0
2024-06-28 00:00:00-04:00,99.99760938917574,100.54651334807593,96.42976730801604,97.32173156738281,21439400,0.0,0.0
2024-07-01 00:00:00-04:00,97.42954483933026,97.76280125722981,95.93967238312965,96.09650421142578,15299000,0.0,0.0
2024-07-02 00:00:00-04:00,95.99849626843262,96.04750061035156,95.02811607369966,96.04750061035156,13340300,0.0,0.0
2024-07-03 00:00:00-04:00,95.90046468401198,97.11588892211682,95.890668303332,96.65520477294922,5030000,0.0,0.0
2024-07-05 00:00:00-04:00,96.36115681561724,96.36115681561724,95.64563210273951,96.04750061035156,8550800,0.0,0.0
2024-07-08 00:00:00-04:00,96.19519965762385,96.78601725993649,95.40743784610471,95.88009643554688,8167600,0.45,0.0
2024-07-09 00:00:00-04:00,95.97857405169502,96.0376535638351,94.67877219603452,95.56500244140625,9044400,0.0,0.0
2024-07-10 00:00:00-04:00,95.46652313503607,95.79147546541938,94.7772371426962,95.48622131347656,7761100,0.0,0.0
2024-07-11 00:00:00-04:00,95.52560193231591,96.08687976707832,94.82646691095594,95.12187194824219,7422600,0.0,0.0
2024-07-12 00:00:00-04:00,95.61423618284601,96.33306949366961,95.49607715446444,95.6437759399414,6465700,0.0,0.0
2024-07-15 00:00:00-04:00,95.84071680337763,95.99826467322873,95.12188351784218,95.38775634765625,7417700,0.0,0.0
2024-07-16 00:00:00-04:00,95.53544710375603,97.20943909532926,95.06279602124731,96.96326446533203,10755500,0.0,0.0
2024-07-17 00:00:00-04:00,96.79587138714375,97.10112553648665,95.05295073004454,95.82101440429688,9456100,0.0,0.0
2024-07-18 00:00:00-04:00,95.87025310251805,96.5595390944887,95.20065777632348,95.30897521972656,7529400,0.0,0.0
2024-07-19 00:00:00-04:00,95.33852365466957,95.33852365466957,93.97964221278704,94.2750473022461,9301000,0.0,0.0
2024-07-22 00:00:00-04:00,93.65468228877093,93.7039202226979,92.05946788897664,92.6896743774414,13377000,0.0,0.0
2024-07-23 00:00:00-04:00,89.31215175100272,90.28700868391145,88.4554688563691,89.5484848022461,22534700,0.0,0.0
2024-07-24 00:00:00-04:00,88.8395054307311,89.36139446636126,88.2092989523112,88.42593383789062,11768500,0.0,0.0
2024-07-25 00:00:00-04:00,88.70164587471675,89.11521745656115,87.84495544433594,87.84495544433594,10765300,0.0,0.0
2024-07-26 00:00:00-04:00,88.62286841648705,89.16445561742704,87.97296377535908,88.55393981933594,11301900,0.0,0.0
2024-07-29 00:00:00-04:00,89.00690293376387,91.13385544607864,88.8099662252846,90.7301254272461,13024800,0.0,0.0
2024-07-30 00:00:00-04:00,90.26731757965156,92.60105593313219,90.26731757965156,92.3548812866211,9896100,0.0,0.0
2024-07-31 00:00:00-04:00,92.35487704295531,93.38880600320093,92.20717075930489,92.25640869140625,10241800,0.0,0.0
2024-08-01 00:00:00-04:00,92.42380888634592,92.5124281520564,91.18308657782178,91.62620544433594,9263600,0.0,0.0
2024-08-02 00:00:00-04:00,90.74981289846646,90.78919422539278,87.6381621855792,88.1994400024414,15433600,0.0,0.0
2024-08-05 00:00:00-04:00,85.56045514710817,88.189598433811,85.09764563340657,86.43683624267578,19103200,0.0,0.0
2024-08-06 00:00:00-04:00,86.8799569975094,90.5036479881022,86.6140841800093,88.59333038330078,21717500,0.0,0.0
2024-08-07 00:00:00-04:00,86.65346971926473,87.87449377994776,84.43789805030626,84.64468383789062,30581900,0.0,0.0
2024-08-08 00:00:00-04:00,83.8470804411147,85.00902499467462,82.62605638043168,84.64468383789062,21890500,0.0,0.0
2024-08-09 00:00:00-04:00,84.81208382380636,84.93025035494252,83.4138136789706,84.89086151123047,16008400,0.0,0.0
2024-08-12 00:00:00-04:00,84.54621502934737,85.05825495115853,84.17203229851049,84.63483428955078,11754600,0.0,0.0
2024-08-13 00:00:00-04:00,85.13704068304973,85.13704068304973,84.00463578215835,84.29019927978516,14615200,0.0,0.0
2024-08-14 00:00:00-04:00,84.69392108821646,85.21581009735196,84.25080225039414,84.97948455810547,9475100,0.0,0.0
2024-08-15 00:00:00-04:00,85.91495212230609,87.5692460568005,85.87556327712122,87.43138885498047,12401000,0.0,0.0
2024-08-16 00:00:00-04:00,87.59877709677801,88.29791212577659,86.98826132613758,87.93357849121094,10277700,0.0,0.0
2024-08-19 00:00:00-04:00,88.04189219960773,89.55832120455679,88.04189219960773,89.43031311035156,9723600,0.0,0.0
2024-08-20 00:00:00-04:00,89.00689972571521,89.28261411271026,87.94342350788838,88.3668441772461,8863400,0.0,0.0
2024-08-21 00:00:00-04:00,88.83950648726407,89.39093528427594,88.0615937128201,89.33185577392578,7637600,0.0,0.0
2024-08-22 00:00:00-04:00,89.5977251208216,89.98175698071158,88.32746300247233,88.54409790039062,7613000,0.0,0.0
2024-08-23 00:00:00-04:00,88.77057863557678,89.36139628201802,88.30776910019074,89.17430114746094,7369200,0.0,0.0
2024-08-26 00:00:00-04:00,89.5287843135598,90.39532378710666,89.5287843135598,90.37562561035156,8043800,0.0,0.0
2024-08-27 00:00:00-04:00,90.03098323592612,90.31654669952776,89.36138796225926,89.50909423828125,7237400,0.0,0.0
2024-08-28 00:00:00-04:00,88.9478248500155,89.23338834074713,87.40184837443667,88.12067413330078,8569700,0.0,0.0
2024-08-29 00:00:00-04:00,89.06597455393337,89.3121491740522,88.25852210044971,88.4357681274414,6181800,0.0,0.0
2024-08-30 00:00:00-04:00,88.60318163140099,89.06598365388058,88.03205465133598,88.99705505371094,8403600,0.0,0.0
2024-09-03 00:00:00-04:00,88.23884057092616,89.10537261889303,87.18521338825178,87.76618194580078,8465500,0.0,0.0
2024-09-04 00:00:00-04:00,87.58893343682482,88.64256058986356,87.46092532926724,87.88434600830078,6317200,0.0,0.0
2024-09-05 00:00:00-04:00,88.29791488518117,88.29791488518117,86.98826404461416,87.29352569580078,6234100,0.0,0.0
2024-09-06 00:00:00-04:00,87.09658938244422,87.72679589424142,86.3777636014822,86.59439849853516,7791500,0.0,0.0
2024-09-09 00:00:00-04:00,86.87009935469874,87.52984551994916,86.46636937997195,86.9882583618164,8750200,0.0,0.0
2024-09-10 00:00:00-04:00,86.97842705201714,87.52985585072378,86.63378405282549,87.04735565185547,6858300,0.0,0.0
2024-09-11 00:00:00-04:00,86.70270922439153,87.07689196405364,85.26504274863143,86.96857452392578,10779000,0.0,0.0
2024-09-12 00:00:00-04:00,86.87010231499339,87.96311824399699,86.83071347372756,87.93357849121094,7173300,0.0,0.0
2024-09-13 00:00:00-04:00,88.08128478276795,89.33185618371155,88.02220527214679,89.16445922851562,7084200,0.0,0.0
2024-09-16 00:00:00-04:00,89.70604087005559,90.95661229792329,89.5583345776687,90.44456481933594,9028600,0.0,0.0
2024-09-17 00:00:00-04:00,90.95660960653649,91.82314164349613,90.75966538496348,91.4391098022461,8193100,0.0,0.0
2024-09-18 00:00:00-04:00,92.0890071543173,92.63059437401677,91.27171304911707,92.1480941772461,10289800,0.0,0.0
2024-09-19 00:00:00-04:00,93.36912034418708,93.83192988520146,91.89207245379434,92.02008056640625,10912400,0.0,0.0
2024-09-20 00:00:00-04:00,91.77390350535512,92.5715144538035,91.39972075418135,92.31549072265625,19251500,0.0,0.0
2024-09-23 00:00:00-04:00,92.26625004234698,92.26625004234698,90.74982090435722,91.54742431640625,7338700,0.0,0.0
2024-09-24 00:00:00-04:00,91.91175819200404,92.35487704295531,91.0452261806572,92.25640869140625,7860300,0.0,0.0
2024-09-25 00:00:00-04:00,92.20717287234922,92.99493472810158,91.92160938745533,92.4828872680664,8408200,0.0,0.0
2024-09-26 00:00:00-04:00,93.01462654920422,94.32427745778277,92.73891215006219,93.74330139160156,10061600,0.0,0.0
2024-09-27 00:00:00-04:00,94.0288613662159,95.41728991199392,93.82207557458689,94.54090881347656,10155400,0.0,0.0
2024-09-30 00:00:00-04:00,95.36805203663894,96.07703618701873,93.97963100268989,94.71815490722656,7982300,0.0,0.0
2024-10-01 00:00:00-04:00,93.73346433763074,94.3833615223013,91.89207520786458,92.61090850830078,10099200,0.0,0.0
2024-10-02 00:00:00-04:00,92.15793715676341,93.13279416706256,92.15793715676341,92.7093734741211,6144200,0.0,0.0
2024-10-03 00:00:00-04:00,92.17763599384223,92.65028711191948,91.7049773631109,92.19732666015625,6180300,0.0,0.0
2024-10-04 00:00:00-04:00,92.85707664038415,93.881156525333,92.45334662720025,93.6940689086914,6308900,0.0,0.0
2024-10-07 00:00:00-04:00,93.63497846456004,93.68421639551829,90.35593810944633,90.9762954711914,11043600,0.0,0.0
2024-10-08 00:00:00-04:00,91.10430110949405,92.30563447090438,90.28700707133167,91.0944595336914,10209100,0.0,0.0
2024-10-09 00:00:00-04:00,90.4544047302102,92.57150800584968,90.06052382803138,92.16777801513672,8654500,0.0,0.0
2024-10-10 00:00:00-04:00,92.28594902858242,92.44349688952542,91.27171072717813,91.5671157836914,6698000,0.0,0.0
2024-10-11 00:00:00-04:00,91.42926140051188,93.16233300011696,91.38003097923884,92.6896743774414,8089100,0.0,0.0
2024-10-14 00:00:00-04:00,92.73891005626591,93.73345769870593,92.36472731054319,93.5168228149414,6262000,0.0,0.0
2024-10-15 00:00:00-04:00,93.79253571612499,94.18641663373656,92.24655931243883,92.7782974243164,6535800,0.0,0.0
2024-10-16 00:00:00-04:00,92.2958057333477,95.30898113180558,92.1973298603972,95.26959228515625,9936300,0.0,0.0
2024-10-17 00:00:00-04:00,95.44682937433133,95.8407102911768,94.14702760759874,95.06279754638672,9542500,0.0,0.0
2024-10-18 00:00:00-04:00,95.5256080867201,96.04749711427064,94.58029838372508,95.79147338867188,8609700,0.0,0.0
2024-10-21 00:00:00-04:00,95.71269813611801,95.95887277897084,94.48182492185387,95.1415786743164,8189900,0.0,0.0
2024-10-22 00:00:00-04:00,94.72799699178393,95.77178255773413,94.72799699178393,95.25973510742188,5344300,0.0,0.0
2024-10-23 00:00:00-04:00,95.44682411706009,95.65360989666702,94.52120514035491,94.76737976074219,5388500,0.0,0.0
2024-10-24 00:00:00-04:00,95.12188187985645,95.31882610459664,93.7925402916396,93.94024658203125,5015300,0.0,0.0
2024-10-25 00:00:00-04:00,94.34396084447539,95.36804818559786,93.55620655237196,93.57589721679688,6638100,0.0,0.0
2024-10-28 00:00:00-04:00,93.7629964611726,95.21050452132519,93.75314737220013,94.72799682617188,8146400,0.0,0.0
2024-10-29 00:00:00-04:00,94.78708850094262,95.14158059481868,94.21596151495851,94.65907287597656,6834400,0.0,0.0
2024-10-30 00:00:00-04:00,94.23564560499742,95.23019321633727,93.48728013695388,93.62513732910156,7718200,0.0,0.0
2024-10-31 00:00:00-04:00,93.81222688072761,95.15141750014403,93.54636157970029,94.72799682617188,8147700,0.0,0.0
2024-11-01 00:00:00-04:00,94.23564618388637,94.91509057268341,93.37896327208513,94.34396362304688,7944900,0.0,0.0
2024-11-04 00:00:00-05:00,94.36366863067042,94.55075625604506,93.5759067456953,94.32427978515625,6088000,0.0,0.0
2024-11-05 00:00:00-05:00,94.1371822630836,95.19080943777836,93.79253926438044,95.15142059326172,6561700,0.0,0.0
2024-11-06 00:00:00-05:00,96.7072433718066,98.0267433309907,96.7072433718066,97.37683868408203,11325100,0.0,0.0
2024-11-07 00:00:00-05:00,97.2685229608994,97.99719779479877,96.62846739169622,97.41622924804688,7805100,0.0,0.0
2024-11-08 00:00:00-05:00,97.2192887043375,97.74117772069992,96.11642365149272,97.50484466552734,7982100,0.0,0.0
2024-11-11 00:00:00-05:00,97.4851562664288,99.35608501043647,97.4851562664288,99.31669616699219,9137900,0.0,0.0
2024-11-12 00:00:00-05:00,99.01143990511726,99.74011471162937,97.97750344659926,99.4447021484375,9366200,0.0,0.0
2024-11-13 00:00:00-05:00,99.24777057966676,101.62089024610326,98.81450080129083,101.14823913574219,17701300,0.0,0.0
2024-11-14 00:00:00-05:00,108.64179411151392,113.05323946068607,106.7413255869947,107.45030975341797,47436100,0.0,0.0
2024-11-15 00:00:00-05:00,108.56301872821416,113.42743213015348,108.56301872821416,113.3191146850586,32048000,0.0,0.0
2024-11-18 00:00:00-05:00,111.59588754757984,113.67360207183387,111.16261778512954,111.80267333984375,14226200,0.0,0.0
2024-11-19 00:00:00-05:00,110.33548017205199,110.77859153312286,109.1242975990554,110.69981384277344,12166800,0.0,0.0
2024-11-20 00:00:00-05:00,110.54226062730129,112.61997515567087,109.76434787620357,112.51165771484375,9319300,0.0,0.0
2024-11-21 00:00:00-05:00,112.4033446064813,114.47121012557376,112.08824136083534,112.9646224975586,10261000,0.0,0.0
2024-11-22 00:00:00-05:00,112.10792599572653,114.55982322877256,111.86175136353887,113.88038635253906,10098000,0.0,0.0
2024-11-25 00:00:00-05:00,113.90993337230034,114.7961636072362,113.17140942862947,114.22503662109375,10397800,0.0,0.0
2024-11-26 00:00:00-05:00,114.22502835332881,114.63859992881264,113.67359958601703,113.68344116210938,6808100,0.0,0.0
2024-11-27 00:00:00-05:00,113.6834489028612,116.39137001803476,113.6834489028612,115.80055236816406,8142400,0.0,0.0
2024-11-29 00:00:00-05:00,115.4657605810883,115.93841170462812,114.94387152221327,115.67254638671875,5095200,0.0,0.0
2024-12-02 00:00:00-05:00,115.97779498010041,116.81478725202038,114.76661996062843,115.3672866821289,8390500,0.0,0.0
2024-12-03 00:00:00-05:00,115.2097314387538,115.43621541296177,113.68344566676863,114.66814422607422,9194000,0.0,0.0
2024-12-04 00:00:00-05:00,114.1954932810252,115.49529508058183,114.06747766004179,115.19988250732422,7996200,0.0,0.0
2024-12-05 00:00:00-05:00,114.76662227234108,115.47559893788029,114.28411456000444,114.7173843383789,9823600,0.0,0.0
2024-12-06 00:00:00-05:00,114.76662449645038,115.46575959886914,114.44167215637215,114.9438705444336,6677900,0.0,0.0
2024-12-09 00:00:00-05:00,114.60906255447757,115.3869753031722,112.16701438055482,112.8563003540039,8666100,0.0,0.0
2024-12-10 00:00:00-05:00,112.89569435600342,113.19109942412878,111.97992437077218,112.97447204589844,7526400,0.0,0.0
2024-12-11 00:00:00-05:00,112.8858401082012,113.28957011597399,112.23594297789973,112.8563003540039,6426800,0.0,0.0
2024-12-12 00:00:00-05:00,112.94492436728666,113.25018603635716,112.41319374406237,113.1418685913086,5285100,0.0,0.0
2024-12-13 00:00:00-05:00,112.57074371290282,113.20095021623429,111.56635444592273,111.6057357788086,6864500,0.0,0.0
2024-12-16 00:00:00-05:00,111.7639848073583,111.8332188323924,110.5078796257559,110.88372039794922,10528500,0.5,0.0
2024-12-17 00:00:00-05:00,109.81552922358578,112.79260732129272,109.58804923784723,111.78376007080078,12238600,0.0,0.0
2024-12-18 00:00:00-05:00,112.1002574834445,114.84985554493436,110.02322927389694,110.13202667236328,12292800,0.0,0.0
2024-12-19 00:00:00-05:00,110.43864615434012,111.67497342610584,110.03312718714842,110.15181732177734,9468500,0.0,0.0
2024-12-20 00:00:00-05:00,109.40012242269523,111.73430879160782,109.22209100316995,110.8045883178711,17955300,0.0,0.0
2024-12-23 00:00:00-05:00,110.38919011338137,110.62656283684323,109.10340673157249,110.18148803710938,6037200,0.0,0.0
2024-12-24 00:00:00-05:00,110.03312027263563,111.50682017510864,109.9737789820216,111.32878875732422,2475000,0.0,0.0
2024-12-26 00:00:00-05:00,110.89361181525133,112.0804829577595,110.63645363419558,111.31890869140625,4781400,0.0,0.0
2024-12-27 00:00:00-05:00,110.59689261484246,110.89361417976767,109.64739417140181,110.32984924316406,4523800,0.0,0.0
2024-12-30 00:00:00-05:00,109.22209525846377,110.3199544639852,108.6286596855734,109.58805084228516,5716300,0.0,0.0
2024-12-31 00:00:00-05:00,109.56826176482977,110.3693993844978,109.45946436636343,110.13202667236328,4757500,0.0,0.0
2025-01-02 00:00:00-05:00,110.47819788336757,110.97272877370663,108.96493456628087,109.60782623291016,5688100,0.0,0.0
2025-01-03 00:00:00-05:00,110.15181676014308,110.31995545721965,108.97483078872155,109.9441146850586,5393100,0.0,0.0
2025-01-06 00:00:00-05:00,110.2507236776725,111.61562629000218,109.65728808735275,109.83531951904297,6274400,0.0,0.0
2025-01-07 00:00:00-05:00,110.92328178926861,112.49588642085259,110.07268804211688,110.17159271240234,7878800,0.0,0.0
2025-01-08 00:00:00-05:00,109.78585987396625,109.89465727571495,107.45167342071821,108.5594253540039,7805300,0.0,0.0
2025-01-10 00:00:00-05:00,108.79680271846594,109.33089701914247,106.44283824891498,107.4615707397461,8835500,0.0,0.0
2025-01-13 00:00:00-05:00,106.7494434767557,107.42200582213037,105.55267956950455,106.8978042602539,6690200,0.0,0.0
2025-01-14 00:00:00-05:00,107.49123485455458,107.76817094638265,106.43293904881585,106.93736267089844,5501600,0.0,0.0
2025-01-15 00:00:00-05:00,107.97588085413315,108.40117775344288,106.8087875638839,106.99671173095703,6296900,0.0,0.0
2025-01-16 00:00:00-05:00,107.1055096100533,107.41211637162269,104.99881056705206,105.29552459716797,7872800,0.0,0.0
2025-01-17 00:00:00-05:00,105.66147151604837,106.56151380980845,105.37464269502037,105.8493881225586,7144300,0.0,0.0
2025-01-21 00:00:00-05:00,105.92851944244893,108.25281321091066,105.63180542393161,107.51101684570312,8643700,0.0,0.0
2025-01-22 00:00:00-05:00,108.35173085786397,108.35173085786397,107.04616949153079,107.61981964111328,8781700,0.0,0.0
2025-01-23 00:00:00-05:00,107.31320629356335,109.85509484125981,107.30331356260781,109.82542419433594,7608300,0.0,0.0
2025-01-24 00:00:00-05:00,109.94411990338145,112.14972362392321,109.41991077935286,110.93318176269531,8304500,0.0,0.0
2025-01-27 00:00:00-05:00,110.4584192521396,112.83216901957242,110.24082445444975,112.10025787353516,10176900,0.0,0.0
2025-01-28 00:00:00-05:00,111.6156240950433,111.72442149815572,110.33973345067807,110.91339111328125,6516800,0.0,0.0
2025-01-29 00:00:00-05:00,112.25851868153497,113.12889038296687,111.52661503383217,111.95191192626953,7607100,0.0,0.0
2025-01-30 00:00:00-05:00,112.84206217153721,113.9201435054987,111.88267852135047,112.18928527832031,6236200,0.0,0.0
2025-01-31 00:00:00-05:00,112.06070637892775,112.76293936031657,111.52661209464412,111.82332611083984,7793400,0.0,0.0
2025-02-03 00:00:00-05:00,110.13202887413902,113.34647969358954,109.64739070960889,112.75304412841797,8870700,0.0,0.0
2025-02-04 00:00:00-05:00,112.55523800170222,113.40583176957502,111.27934734989304,112.06070709228516,13521100,0.0,0.0
2025-02-05 00:00:00-05:00,114.43444953667974,117.29283759233114,109.0242877207673,109.33089447021484,23310000,0.0,0.0
2025-02-06 00:00:00-05:00,110.65622768315143,111.44748011446863,107.95609328722067,110.86392974853516,12470800,0.0,0.0
2025-02-07 00:00:00-05:00,110.38918862647579,111.31890913759743,109.59793616433703,109.64739227294922,8669300,0.0,0.0
2025-02-10 00:00:00-05:00,109.92433430971332,110.16170704280222,107.50113577565399,108.08467864990234,8239500,0.0,0.0
2025-02-11 00:00:00-05:00,107.19451569698599,107.85719284117596,106.51206818285583,107.8275146484375,7456700,0.0,0.0
2025-02-12 00:00:00-05:00,107.0659410197461,108.33193893022691,106.57141011434312,108.03522491455078,6521200,0.0,0.0
2025-02-13 00:00:00-05:00,107.72861152019068,108.5594273720852,107.3725486616563,108.39128112792969,6553200,0.0,0.0
2025-02-14 00:00:00-05:00,108.65833672102133,109.30122844026161,108.39128579265632,109.17264556884766,5964500,0.0,0.0
2025-02-18 00:00:00-05:00,108.57920522000332,108.71767327090824,107.52090937611987,108.36161041259766,8362900,0.0,0.0
2025-02-19 00:00:00-05:00,107.9462010643494,110.53754562045461,107.9462010643494,110.13202667236328,8452100,0.0,0.0
2025-02-20 00:00:00-05:00,110.02323733555593,110.30017344432837,108.18358170334704,109.34078979492188,5970100,0.0,0.0
2025-02-21 00:00:00-05:00,109.7858594169306,110.53754849517173,106.73954727253367,107.4714584350586,9082100,0.0,0.0
2025-02-24 00:00:00-05:00,107.64947909263448,110.33972830608549,107.4615624881551,109.9836654663086,7093300,0.0,0.0
2025-02-25 00:00:00-05:00,110.21116396294765,110.67602424703482,107.87697735693692,109.32100677490234,7289000,0.0,0.0
2025-02-26 00:00:00-05:00,108.85613742419079,112.01124692671783,108.85613742419079,110.60678100585938,7831600,0.0,0.0
2025-02-27 00:00:00-05:00,111.09143050679722,111.88268303235856,109.84521042011828,110.09247589111328,7854700,0.0,0.0
2025-02-28 00:00:00-05:00,110.24082826081666,112.7431534287647,109.78586073445726,112.55523681640625,14609400,0.0,0.0
2025-03-03 00:00:00-05:00,112.8222799482311,114.28609474184033,110.77492231092931,111.55628204345703,7884700,0.0,0.0
2025-03-04 00:00:00-05:00,110.47820583274208,111.02219286963422,107.08572337907499,107.81763458251953,12658000,0.0,0.0
2025-03-05 00:00:00-05:00,108.14401238215764,109.72651728123782,107.03626800793263,108.11434173583984,9956100,0.0,0.0
2025-03-06 00:00:00-05:00,107.19451612179827,107.6395984633264,103.87126784053645,104.27678680419922,11618800,0.0,0.0
2025-03-07 00:00:00-05:00,103.85149522318636,104.61306953460807,102.17997826632089,104.35591888427734,12715900,0.0,0.0
2025-03-10 00:00:00-04:00,103.2877236758952,103.65367925701753,100.99310061061796,101.9524917602539,10947100,0.0,0.0
2025-03-11 00:00:00-04:00,98.69848122911793,99.93480852047485,96.38407261580747,96.82915496826172,16906000,0.0,0.0
2025-03-12 00:00:00-04:00,97.60062177765583,98.40175944600449,95.32577654814791,97.67974853515625,11891800,0.0,0.0
2025-03-13 00:00:00-04:00,96.70056673896094,97.57094593322121,94.88069668903951,95.81041717529297,11059500,0.0,0.0
2025-03-14 00:00:00-04:00,96.37418687001137,98.01602557949354,96.35440140773669,97.5610580444336,10199800,0.0,0.0
2025-03-17 00:00:00-04:00,97.65996466824865,99.02487484662866,97.58084545539862,98.27318572998047,8332100,0.0,0.0
2025-03-18 00:00:00-04:00,98.18416364856868,98.63913872664965,97.4028114504234,98.26329040527344,6727000,0.0,0.0
2025-03-19 00:00:00-04:00,98.56990978940146,99.85568569548546,98.38198561901233,99.1930160522461,8614600,0.0,0.0
2025-03-20 00:00:00-04:00,98.4808813362024,98.95563431179785,97.56105357706454,97.77864837646484,7836500,0.0,0.0
2025-03-21 00:00:00-04:00,97.30390456445419,98.79739010885216,96.68079829962534,98.3720932006836,15089900,0.0,0.0
2025-03-24 00:00:00-04:00,99.12377663508016,99.34137144245197,97.7786519585479,99.08421325683594,8224400,0.0,0.0
2025-03-25 00:00:00-04:00,99.54907485048794,100.64693408713747,99.31170212379,100.49857330322266,7365200,0.0,0.0
2025-03-26 00:00:00-04:00,100.58758552817395,101.15135047187736,99.16334161804805,99.67765045166016,6314000,0.0,0.0
2025-03-27 00:00:00-04:00,99.608415511638,99.92491499386828,98.49077836568732,99.35125732421875,6598800,0.0,0.0
2025-03-28 00:00:00-04:00,98.95563727218817,99.29191466609062,96.67089935607648,96.9972915649414,7679700,0.0,0.0
2025-03-31 00:00:00-04:00,95.77085868481724,97.76876025859244,94.6532139889738,97.62039947509766,10554000,0.0,0.0
2025-04-01 00:00:00-04:00,97.24456363507355,97.511607022171,95.78074873403436,96.61156463623047,8762700,0.0,0.0
2025-04-02 00:00:00-04:00,95.5631519090106,97.23466118612484,95.39500567147866,96.80936431884766,7959900,0.0,0.0
2025-04-03 00:00:00-04:00,93.4762342094636,93.74327757918721,87.64076799421284,87.86824798583984,19353400,0.0,0.0
2025-04-04 00:00:00-04:00,85.0593169221124,86.58247303762616,82.17125820508556,82.6163330078125,22580900,0.0,0.0
2025-04-07 00:00:00-04:00,80.10410956186786,85.68241726595254,79.22384520208466,82.38884735107422,20456000,0.0,0.0
2025-04-08 00:00:00-04:00,85.00986103145327,85.99892285867644,79.96564722180375,80.82613372802734,14845600,0.0,0.0
2025-04-09 00:00:00-04:00,80.40083311607505,91.2409493347809,80.30192844712288,90.43981170654297,24970900,0.0,0.0
2025-04-10 00:00:00-04:00,87.94736988459259,88.036389366879,82.16136009801669,84.29773712158203,16377000,0.0,0.0
2025-04-11 00:00:00-04:00,84.17905110399438,84.73292330191377,82.43830020860707,83.96145629882812,10204400,0.0,0.0
2025-04-14 00:00:00-04:00,84.89117106840654,85.50438451862107,83.11085691565606,83.73397064208984,10841300,0.0,0.0
2025-04-15 00:00:00-04:00,83.82298860544886,85.0395379549817,83.59550106836969,84.08014678955078,7840500,0.0,0.0
2025-04-16 00:00:00-04:00,83.35812466595775,83.87244101145438,81.11295777102754,81.86463928222656,10144300,0.0,0.0
2025-04-17 00:00:00-04:00,82.45808043651155,84.84171531920828,82.448187706193,83.88232421875,14810900,0.0,0.0
2025-04-21 00:00:00-04:00,83.98124188550061,84.29774136277376,82.0723522909005,83.08119201660156,14166800,0.0,0.0
2025-04-22 00:00:00-04:00,84.08014962985894,85.61319096338407,83.67463065100156,85.14833068847656,9578500,0.0,0.0
2025-04-23 00:00:00-04:00,88.05617049029651,88.8869863228245,86.07804689830174,86.335205078125,12089100,0.0,0.0
2025-04-24 00:00:00-04:00,86.49345582065459,89.25293928947134,85.82089346037728,89.02545928955078,10310000,0.0,0.0
2025-04-25 00:00:00-04:00,89.08480127221084,89.35184465372777,88.0957394139445,89.2925033569336,7749600,0.0,0.0
2025-04-28 00:00:00-04:00,89.46064179321158,90.37058443500133,88.65950410512303,89.17382049560547,8491800,0.0,0.0
2025-04-29 00:00:00-04:00,88.84742085634515,90.65740571148727,88.77818683409099,90.17276000976562,6359900,0.0,0.0
2025-04-30 00:00:00-04:00,88.90676656128845,90.19254994805421,87.59131252721842,89.95516967773438,8474800,0.0,0.0
2025-05-01 00:00:00-04:00,90.27167133991111,90.60795629135099,89.37162898418372,89.81670379638672,7790600,0.0,0.0
2025-05-02 00:00:00-04:00,90.83543320307001,92.17067268618656,90.83543320307001,91.47832489013672,7594000,0.0,0.0
2025-05-05 00:00:00-04:00,88.71884302721764,92.06187683804932,88.629831084676,91.10248565673828,10231000,0.0,0.0
2025-05-06 00:00:00-04:00,90.20243590466387,91.72559202883363,90.00462655698173,91.16182708740234,11839400,0.0,0.0
2025-05-07 00:00:00-04:00,101.29971222679107,102.17997666406133,99.04465243037099,100.97332000732422,36155300,0.0,0.0
2025-05-08 00:00:00-04:00,102.83276169016555,105.02848020319932,102.72396428305537,103.97018432617188,19265400,0.0,0.0
2025-05-09 00:00:00-04:00,104.1086495121292,105.02847730856426,103.61411860105537,104.78121185302734,10438200,0.0,0.0
2025-05-12 00:00:00-04:00,108.66822722264683,109.72652309102423,107.47146330015973,109.28144073486328,18366600,0.0,0.0
2025-05-13 00:00:00-04:00,109.04406785448585,110.97273542401112,108.94516317967944,110.16170501708984,14076700,0.0,0.0
2025-05-14 00:00:00-04:00,110.16170169448542,112.16950350761837,109.61772222648577,111.70464324951172,15352200,0.0,0.0
2025-05-15 00:00:00-04:00,111.00240829475399,111.61562177671321,110.35951662042734,110.99251556396484,8322400,0.0,0.0
2025-05-16 00:00:00-04:00,110.69579722175858,112.199175415766,110.20126631114036,112.17938995361328,10961000,0.0,0.0
2025-05-19 00:00:00-04:00,110.89360959022673,111.75408851020013,110.67601479107952,111.42770385742188,7209700,0.0,0.0
2025-05-20 00:00:00-04:00,111.21011583302493,112.1596142950108,110.58700204370018,111.13098907470703,6433300,0.0,0.0
2025-05-21 00:00:00-04:00,110.46831168947189,111.25955657922054,108.92537019446844,109.25176239013672,10150600,0.0,0.0
2025-05-22 00:00:00-04:00,108.77702129443168,110.5771134886212,108.77702129443168,109.91443634033203,7903700,0.0,0.0
2025-05-23 00:00:00-04:00,108.40117680530766,109.14297318975905,107.59014639347852,108.51986694335938,8086100,0.0,0.0
2025-05-27 00:00:00-04:00,109.8155350149581,111.6551906431629,108.94516331129014,111.13098907470703,10201100,0.0,0.0
2025-05-28 00:00:00-04:00,110.97273323819383,111.23978415544833,109.95400077046209,110.3001708984375,5787900,0.0,0.0
2025-05-29 00:00:00-04:00,110.78481543753858,111.03208089000861,109.31110790773839,110.7947006225586,9682100,0.0,0.0
2025-05-30 00:00:00-04:00,110.78481823764054,112.11015747432553,110.15181926699353,111.80355072021484,12881100,0.0,0.0
2025-06-02 00:00:00-04:00,111.44748757030636,112.3574226450361,111.02219068056093,111.71453094482422,7546800,0.0,0.0
2025-06-03 00:00:00-04:00,111.49694291616186,113.4355031887562,111.28923329236346,112.357421875,9738800,0.0,0.0
2025-06-04 00:00:00-04:00,112.61457465401273,112.80249880654645,111.74420300585595,112.24861907958984,5614900,0.0,0.0
2025-06-05 00:00:00-04:00,112.48600438587579,113.0893251552944,110.61667059920407,111.29912567138672,8547200,0.0,0.0
2025-06-06 00:00:00-04:00,112.12004999177991,112.97064377182946,111.97168920764236,112.65414428710938,5790700,0.0,0.0
2025-06-09 00:00:00-04:00,112.73327324720866,114.83997227610253,112.73327324720866,114.3948974609375,7960400,0.0,0.0
2025-06-10 00:00:00-04:00,114.26631022692837,119.18194865256338,114.26631022692837,117.43131256103516,18948400,0.0,0.0
2025-06-11 00:00:00-04:00,117.08513946360216,118.24234756674636,116.36312853650462,118.2126693725586,10439200,0.0,0.0
2025-06-12 00:00:00-04:00,117.5697802541766,118.08408907596204,116.37301636772759,117.3126220703125,7980300,0.0,0.0
2025-06-13 00:00:00-04:00,116.02683437266742,117.02578887795518,116.01694918799924,116.64994812011719,13204900,0.0,0.0
2025-06-16 00:00:00-04:00,116.72907404732224,119.02369719483791,116.58072080933391,118.17311096191406,9592100,0.0,0.0
2025-06-17 00:00:00-04:00,117.68846148863274,118.02474642457864,116.36312229846567,116.8378677368164,9241200,0.0,0.0
2025-06-18 00:00:00-04:00,116.59060158510306,117.45108806260636,115.56197641361007,116.5708236694336,8181200,0.0,0.0
2025-06-20 00:00:00-04:00,116.95656672114197,117.74781923953545,115.6213346990533,116.34334564208984,17180400,0.0,0.0
2025-06-23 00:00:00-04:00,115.38395474909068,116.6994012257202,113.7618864331876,116.46202850341797,8348000,0.0,0.0
2025-06-24 00:00:00-04:00,116.95866985350084,118.27973350583949,116.95866985350084,117.85262298583984,8350200,0.5,0.0
2025-06-25 00:00:00-04:00,117.97181364985227,118.91543380786469,117.8327551134078,118.61744689941406,6976300,0.0,0.0
2025-06-26 00:00:00-04:00,119.17368824716101,120.85232559697707,118.87570133965093,120.64373779296875,10439600,0.0,0.0
2025-06-27 00:00:00-04:00,121.03111738494454,122.11379608635268,120.66360878403398,121.517822265625,13435600,0.0,0.0
2025-06-30 00:00:00-04:00,123.47458455751058,123.85203565522283,122.35218133848433,123.17660522460938,13456200,0.0,0.0
2025-07-01 00:00:00-04:00,122.67003013268005,122.92828494957035,121.62708352540444,122.66009521484375,9815700,0.0,0.0
2025-07-02 00:00:00-04:00,122.49123772647145,122.86868123943782,121.70654594746189,122.15352630615234,7317100,0.0,0.0
2025-07-03 00:00:00-04:00,122.24291383948378,123.40504909351313,122.07405813483778,123.16666412353516,4252300,0.0,0.0
2025-07-07 00:00:00-04:00,122.38197296843666,123.77256585999585,121.75620957738974,122.33231353759766,7023500,0.0,0.0
2025-07-08 00:00:00-04:00,122.39191283302186,122.87861771239797,121.0013198852539,121.0013198852539,6622900,0.0,0.0
2025-07-09 00:00:00-04:00,121.02118340544784,121.52775812574536,119.79945373535156,119.79945373535156,6724900,0.0,0.0
2025-07-10 00:00:00-04:00,119.8093872162264,121.13044331532811,119.8093872162264,120.7430648803711,6888700,0.0,0.0
2025-07-11 00:00:00-04:00,119.82924452796671,120.41528340417669,118.92536407641373,119.06442260742188,6112400,0.0,0.0
2025-07-14 00:00:00-04:00,118.97502415394932,119.69018664766304,118.7962335305209,119.16374969482422,6853300,0.0,0.0
2025-07-15 00:00:00-04:00,119.42200410552073,119.42200410552073,118.08107064519388,118.18040466308594,7943600,0.0,0.0
2025-07-16 00:00:00-04:00,118.5578475658927,119.75971491071691,118.0810700480354,119.01475524902344,6747500,0.0,0.0
2025-07-17 00:00:00-04:00,118.94522794197565,121.5674853880584,118.94522794197565,121.3886947631836,9933700,0.0,0.0
2025-07-18 00:00:00-04:00,121.15031070251888,121.33903624634299,119.48160071715057,120.60400390625,9486800,0.0,0.0
2025-07-21 00:00:00-04:00,120.25635833335758,121.15031147013362,119.96830634605631,120.02790069580078,6392500,0.0,0.0
2025-07-22 00:00:00-04:00,119.93850757355754,120.61393798144448,119.74978203105155,120.24642181396484,5614500,0.0,0.0
2025-07-23 00:00:00-04:00,120.70332967460399,122.35217739369311,120.68346741763307,122.1137924194336,8258900,0.0,0.0
2025-07-24 00:00:00-04:00,122.02439288122807,122.5706996724952,120.99138122563673,121.13043975830078,6702200,0.0,0.0
2025-07-25 00:00:00-04:00,121.43836303877318,121.62708100502067,120.05770503489295,120.65367126464844,5656600,0.0,0.0
2025-07-28 00:00:00-04:00,120.21662625546254,120.5841424278824,119.08428814144891,119.56106567382812,6042200,0.0,0.0
2025-07-29 00:00:00-04:00,119.76965198515667,119.9981020417757,118.55784970114436,119.10415649414062,6283700,0.0,0.0
2025-07-30 00:00:00-04:00,119.14388161401733,119.69018840979206,118.37905967805447,118.73664093017578,5281500,0.0,0.0
2025-07-31 00:00:00-04:00,118.65717850521108,119.10415886605173,117.78309519713173,118.30953216552734,7235000,0.0,0.0
2025-08-01 00:00:00-04:00,116.79974475083353,117.09773166265464,114.79332328935355,115.80646514892578,8637800,0.0,0.0
2025-08-04 00:00:00-04:00,116.93880457908668,118.7167683021518,116.93880457908668,118.54791259765625,8845000,0.0,0.0
2025-08-05 00:00:00-04:00,118.44859163452878,118.76644080161816,116.54149663199254,117.52484130859375,15365700,0.0,0.0
2025-08-06 00:00:00-04:00,115.00190485366755,115.33962384060702,111.44596225311774,114.39600372314453,22153700,0.0,0.0
2025-08-07 00:00:00-04:00,114.9721141162254,115.61774737418712,111.06852497096862,112.12139892578125,15484400,0.0,0.0
2025-08-08 00:00:00-04:00,112.53857917844859,113.52192383844323,111.26717495344046,111.67442321777344,9491000,0.0,0.0
2025-08-11 00:00:00-04:00,112.15119849555097,112.38958346752098,110.79040277340069,111.79361724853516,8532600,0.0,0.0
2025-08-12 00:00:00-04:00,112.54850886827593,113.63118757114158,111.73401990072314,112.95575714111328,7274000,0.0,0.0
2025-08-13 00:00:00-04:00,113.46233260017918,116.44217141482872,113.38286841303926,115.85613250732422,9025700,0.0,0.0
2025-08-14 00:00:00-04:00,114.70392692524119,115.92565654031509,113.84970589737605,115.5283432006836,6800900,0.0,0.0
2025-08-15 00:00:00-04:00,115.78660270216498,116.05478485986843,114.41587958189479,114.61453247070312,6768600,0.0,0.0
2025-08-18 00:00:00-04:00,114.41587804708429,116.22364659222919,114.38608087197494,115.76673889160156,5798400,0.0,0.0
2025-08-19 00:00:00-04:00,115.71706694359176,116.20377179856202,114.94231011131865,115.48860931396484,5914000,0.0,0.0
2025-08-20 00:00:00-04:00,115.29989338669732,117.09772696908973,115.22042920298055,116.2534408569336,7046700,0.0,0.0
2025-08-21 00:00:00-04:00,115.78659735913304,115.87599645965679,114.75358571313026,115.42901611328125,6337100,0.0,0.0
2025-08-22 00:00:00-04:00,116.79974133108728,118.97502602057473,116.34283363696201,118.06121063232422,7161700,0.0,0.0
2025-08-25 00:00:00-04:00,117.69369453790813,118.24993625217091,116.90900276549674,116.91893768310547,5424900,0.0,0.0
2025-08-26 00:00:00-04:00,116.64082176161217,117.58443433443024,116.37263960851416,116.85934448242188,5787400,0.0,0.0
2025-08-27 00:00:00-04:00,116.74014496318969,117.6638952530702,116.50175999170744,117.29637908935547,4378000,0.0,0.0
2025-08-28 00:00:00-04:00,117.30631871530683,117.57450844984554,115.82633423985592,116.84941101074219,5687700,0.0,0.0
2025-08-29 00:00:00-04:00,116.6010898422933,117.85262424089598,116.46203130668432,117.58443450927734,5212600,0.0,0.0
2025-09-02 00:00:00-04:00,116.23357446084289,117.48510886798425,115.22043261190494,117.47517395019531,6015900,0.0,0.0
2025-09-03 00:00:00-04:00,117.0381363699952,117.82282815856429,115.56807923662433,116.59115600585938,6288700,0.0,0.0
2025-09-04 00:00:00-04:00,116.29317386175997,118.87569922785605,115.97532470251925,118.01154327392578,6949300,0.0,0.0
2025-09-05 00:00:00-04:00,118.1108790721559,118.97502746097847,116.90900410573872,117.11759948730469,6669100,0.0,0.0
2025-09-08 00:00:00-04:00,117.16726037158817,118.08107578222587,115.95545805055379,118.04134368896484,6450700,0.0,0.0
2025-09-09 00:00:00-04:00,117.73343056669384,118.24994020591319,116.43223670694857,116.58123016357422,5444300,0.0,0.0
2025-09-10 00:00:00-04:00,116.06471472578767,116.72028287093971,113.73050928234208,115.0118408203125,7484900,0.0,0.0
2025-09-11 00:00:00-04:00,114.67412418245188,116.38256626812213,113.85963523208837,116.29317474365234,8399100,0.0,0.0
2025-09-12 00:00:00-04:00,115.47868912253979,116.22364882708563,114.32648114201034,115.18070220947266,7640900,0.0,0.0
2025-09-15 00:00:00-04:00,115.32969192987576,115.96539025091153,114.22715099661521,114.84298706054688,7150900,0.0,0.0
2025-09-16 00:00:00-04:00,114.67412733002617,115.07144068752592,113.93910254443091,114.45561218261719,6844900,0.0,0.0
2025-09-17 00:00:00-04:00,114.46553452521005,115.8759972616639,114.44567226835709,115.31975555419922,7333900,0.0,0.0
2025-09-18 00:00:00-04:00,114.55493158727018,115.00190435066159,113.28353498390464,114.08808898925781,9460500,0.0,0.0
2025-09-19 00:00:00-04:00,113.82983458049183,113.82983458049183,111.17778000851997,112.9954833984375,23398400,0.0,0.0
2025-09-22 00:00:00-04:00,111.00892400218635,112.86635190018592,110.77053145528677,111.80354309082031,15479800,0.0,0.0
2025-09-23 00:00:00-04:00,111.96247861453877,112.85643177726959,110.8500027255713,111.49563598632812,13145000,0.0,0.0
2025-09-24 00:00:00-04:00,111.65455989602667,113.38286422277672,111.44596451796286,112.6677017211914,8755200,0.0,0.0
2025-09-25 00:00:00-04:00,111.95254241034725,113.28354101025933,111.89294805955721,112.23065948486328,6365500,0.0,0.0
2025-09-26 00:00:00-04:00,112.36971660873002,112.80676205068485,112.00220801265147,112.70743560791016,6145700,0.0,0.0
2025-09-29 00:00:00-04:00,112.707435021951,114.23708648271854,112.56837648716503,114.00862884521484,9304100,0.0,0.0
2025-09-30 00:00:00-04:00,113.76031170195319,114.10795804732642,112.57830654956221,113.73051452636719,9303700,0.0,0.0
2025-10-01 00:00:00-04:00,113.31333637422672,115.28002570007743,112.03200480587098,112.19092559814453,9736300,0.0,0.0
2025-10-02 00:00:00-04:00,112.22072655798114,112.40944451879446,110.03550700763913,111.38636779785156,8695100,0.0,0.0
2025-10-03 00:00:00-04:00,111.28704657612008,112.80676314182585,110.81026903681929,111.71415710449219,7148400,0.0,0.0
2025-10-06 00:00:00-04:00,111.9326770741889,112.34985267448894,110.70100495217682,111.99227142333984,6141200,0.0,0.0
2025-10-07 00:00:00-04:00,111.87307674788936,112.63790627083965,111.0486604530571,111.77375030517578,5409800,0.0,0.0
2025-10-08 00:00:00-04:00,112.05186930775656,112.43924774570301,110.89966891179637,111.13805389404297,7074400,0.0,0.0
2025-10-09 00:00:00-04:00,111.06851869175823,112.2405888608638,110.13483349216455,110.24409484863281,6502400,0.0,0.0
2025-10-10 00:00:00-04:00,110.78047022314306,111.92274325451196,108.3767354609342,108.4561996459961,9635200,0.0,0.0
2025-10-13 00:00:00-04:00,109.64813457372875,110.214303643306,108.64492005461048,109.52893829345703,7435100,0.0,0.0
2025-10-14 00:00:00-04:00,108.91310807377432,111.08838521305776,108.46612771339308,110.42288970947266,7898000,0.0,0.0
2025-10-15 00:00:00-04:00,110.72087406004346,111.92274142146394,110.39308998562286,110.95925903320312,7012600,0.0,0.0
2025-10-16 00:00:00-04:00,111.03872339125253,111.33670271363943,107.78076763317718,109.14155578613281,7531200,0.0,0.0
2025-10-17 00:00:00-04:00,109.00249635286745,110.71093840167597,108.70451703294233,109.9262466430664,10090500,0.0,0.0
2025-10-20 00:00:00-04:00,110.2838302563818,111.49563255320116,109.85671973501306,111.20758056640625,8047500,0.0,0.0
2025-10-21 00:00:00-04:00,111.49563415752596,113.77024533167328,111.2870463526638,113.5318603515625,8163200,0.0,0.0
2025-10-22 00:00:00-04:00,113.23386846594792,113.51198552687362,112.22072666141555,112.32005310058594,7569200,0.0,0.0
2025-10-23 00:00:00-04:00,112.40944427221714,113.06501240931819,111.14798258462784,112.2703857421875,6945400,0.0,0.0
2025-10-24 00:00:00-04:00,112.46905266181125,112.88622827587592,110.84006714276074,110.9294662475586,6235200,0.0,0.0
2025-10-27 00:00:00-04:00,111.18771621172414,111.84327677975944,110.56194523982494,111.58502197265625,6029600,0.0,0.0
2025-10-28 00:00:00-04:00,111.15792064335369,111.72408969679515,110.71094028866513,110.89966583251953,6839400,0.0,0.0
2025-10-29 00:00:00-04:00,110.43282310095206,110.78046943547379,109.27068782064158,109.49913787841797,7097100,0.0,0.0
2025-10-30 00:00:00-04:00,109.38987933346628,112.81669849136719,108.81378292634732,111.08838653564453,8311300,0.0,0.0
2025-10-31 00:00:00-04:00,110.83013985442342,112.33992151569616,109.78719324065575,111.86315155029297,8700600,0.0,0.0
2025-11-03 00:00:00-05:00,111.79361900352049,112.05186623632473,110.28382980839201,111.36650848388672,8542300,0.0,0.0
2025-11-04 00:00:00-05:00,110.22423879938508,111.03872777103038,109.89645471152099,110.72087860107422,7950100,0.0,0.0
2025-11-05 00:00:00-05:00,110.60167549530281,111.21751153951793,109.85671583874066,110.61161041259766,5746000,0.0,0.0
2025-11-06 00:00:00-05:00,110.42288983369588,110.95926171988367,108.44626557805479,109.7474594116211,10291800,0.0,0.0
2025-11-07 00:00:00-05:00,109.5190109798673,110.68114629483698,109.30048825504456,109.99578094482422,8782100,0.0,0.0
2025-11-10 00:00:00-05:00,110.40302381019195,112.03200167054673,110.28382753573126,111.4856948852539,9158700,0.0,0.0
2025-11-11 00:00:00-05:00,111.89294352511719,114.19735179244971,111.6644858928104,114.07815551757812,9713300,0.0,0.0
2025-11-12 00:00:00-05:00,113.80004260788579,116.30310384657444,113.6212519781136,115.8660659790039,15248700,0.0,0.0
2025-11-13 00:00:00-05:00,108.15821460251318,108.62505722513409,104.20496605416966,106.8868179321289,44045400,0.0,0.0
2025-11-14 00:00:00-05:00,106.79741612467787,107.99929107416766,104.59234184298711,105.08898162841797,16691400,0.0,0.0
2025-11-17 00:00:00-05:00,105.03931541904281,106.94641039088046,104.41355201275533,104.97972106933594,12296400,0.0,0.0
2025-11-18 00:00:00-05:00,104.39367994150103,106.36037679904399,104.29435350140973,105.56575012207031,11796200,0.0,0.0
2025-11-19 00:00:00-05:00,105.36709578691344,106.86694244126105,103.38053670003252,103.96656799316406,12790000,0.0,0.0
2025-11-20 00:00:00-05:00,104.6618736800688,105.08898420915303,101.81115851356509,102.00981140136719,12609900,0.0,0.0
2025-11-21 00:00:00-05:00,102.78457400021458,104.07583290391742,101.99988222472078,103.57919311523438,10785400,0.0,0.0
2025-11-24 00:00:00-05:00,103.39046595494197,103.6387858454032,101.20525395013175,101.25492095947266,15024800,0.0,0.0
2025-11-25 00:00:00-05:00,101.8012184734595,103.22160852632899,101.31451361814831,102.61570739746094,10574500,0.0,0.0
2025-11-26 00:00:00-05:00,102.62564769565832,103.54939802432393,102.18860224782283,102.73490905761719,10130200,0.0,0.0
2025-11-28 00:00:00-05:00,102.60578612976299,104.03610360647413,102.54618420039697,103.7679214477539,6525500,0.0,0.0
2025-12-01 00:00:00-05:00,104.21489396966332,106.11206164600925,103.76792118024125,106.05245971679688,12628900,0.0,0.0
2025-12-02 00:00:00-05:00,105.81407584911452,105.85380794296738,104.11556862204534,104.12550354003906,8548200,0.0,0.0
2025-12-03 00:00:00-05:00,104.19502958759753,105.13864215852587,103.76791906453988,105.02938079833984,10177800,0.0,0.0
2025-12-04 00:00:00-05:00,105.12870855081175,105.50615964638382,103.8076524506752,104.76119995117188,11471400,0.0,0.0
2025-12-05 00:00:00-05:00,104.47314990982345,105.45649460398495,103.85731382216203,104.59234619140625,10680100,0.0,0.0
2025-12-08 00:00:00-05:00,104.5923416105027,107.32386042430089,104.1254990007359,106.90667724609375,13727700,0.0,0.0
2025-12-09 00:00:00-05:00,106.866942658392,107.02587102316372,105.83393859986201,106.30077362060547,8549400,0.0,0.0
2025-12-10 00:00:00-05:00,106.40011039631365,108.93296875603028,105.86373851848477,108.09861755371094,11237900,0.0,0.0
2025-12-11 00:00:00-05:00,108.46612359986304,110.81026393916609,108.37673207805003,110.7109375,13281400,0.0,0.0
2025-12-12 00:00:00-05:00,110.97912966819308,112.57830280370004,110.40302569895952,110.8499984741211,13059100,0.0,0.0
2025-12-15 00:00:00-05:00,110.69999694824219,111.55000305175781,108.55000305175781,110.48999786376953,14318000,0.75,0.0
2025-12-16 00:00:00-05:00,111.22000122070312,112.8499984741211,110.86000061035156,111.62000274658203,15580200,0.0,0.0
2025-12-17 00:00:00-05:00,111.05999755859375,112.12999725341797,110.45999908447266,110.62999725341797,12142500,0.0,0.0
2025-12-18 00:00:00-05:00,110.52999877929688,112.80000305175781,110.41999816894531,111.87000274658203,12913900,0.0,0.0
2025-12-19 00:00:00-05:00,112.31999969482422,113.4800033569336,110.91999816894531,111.23999786376953,21138400,0.0,0.0
2025-12-22 00:00:00-05:00,111.41000366210938,112.80000305175781,111.1500015258789,112.37999725341797,8803300,0.0,0.0
2025-12-23 00:00:00-05:00,112.29000091552734,113.30999755859375,112.04000091552734,113.22000122070312,7634500,0.0,0.0
2025-12-24 00:00:00-05:00,112.94000244140625,114.52999877929688,112.80000305175781,114.4800033569336,4606700,0.0,0.0
2025-12-26 00:00:00-05:00,114.1500015258789,114.73999786376953,113.2699966430664,113.55999755859375,5428900,0.0,0.0
2025-12-29 00:00:00-05:00,113.31999969482422,114.48999786376953,113.30999755859375,114.19000244140625,7966000,0.0,0.0
2025-12-30 00:00:00-05:00,114.0999984741211,115.27999877929688,114.0999984741211,114.79000091552734,6883900,0.0,0.0
2025-12-31 00:00:00-05:00,114.7699966430664,114.88999938964844,113.55000305175781,113.7699966430664,6608000,0.0,0.0
2026-01-02 00:00:00-05:00,113.44000244140625,113.44000244140625,111.62000274658203,111.8499984741211,8906200,0.0,0.0
2026-01-05 00:00:00-05:00,111.41999816894531,116.02999877929688,111.37999725341797,114.06999969482422,12029000,0.0,0.0
2026-01-06 00:00:00-05:00,113.79000091552734,114.76000213623047,113.11000061035156,114.56999969482422,7388300,0.0,0.0
2026-01-07 00:00:00-05:00,114.45999908447266,114.97000122070312,112.51000213623047,112.91000366210938,8296300,0.0,0.0
2026-01-08 00:00:00-05:00,112.55000305175781,114.98999786376953,112.55000305175781,114.16999816894531,9778200,0.0,0.0
2026-01-09 00:00:00-05:00,114.30999755859375,115.9800033569336,113.9000015258789,115.87999725341797,8935200,0.0,0.0
2026-01-12 00:00:00-05:00,114.62999725341797,114.94000244140625,112.55000305175781,112.81999969482422,10833800,0.0,0.0
2026-01-13 00:00:00-05:00,112.83999633789062,113.22000122070312,111.61000061035156,112.9800033569336,8945700,0.0,0.0
2026-01-14 00:00:00-05:00,112.80999755859375,113.58999633789062,112.26000213623047,113.52999877929688,8950900,0.0,0.0
2026-01-15 00:00:00-05:00,113.70999908447266,114.11000061035156,112.16999816894531,113.41000366210938,7958500,0.0,0.0
2026-01-16 00:00:00-05:00,113.19999694824219,113.8499984741211,111.12000274658203,111.19999694824219,12049600,0.0,0.0
2026-01-20 00:00:00-05:00,109.66000366210938,111.08999633789062,108.80000305175781,110.33999633789062,9818200,0.0,0.0
2026-01-21 00:00:00-05:00,110.56999969482422,113.25,110.5,113.19000244140625,10041400,0.0,0.0
2026-01-22 00:00:00-05:00,113.16999816894531,114.29000091552734,112.16999816894531,113.20999908447266,12437700,0.0,0.0
2026-01-23 00:00:00-05:00,112.69000244140625,112.94999694824219,110.55000305175781,110.9800033569336,10819800,0.0,0.0
2026-01-26 00:00:00-05:00,111.68000030517578,112.41000366210938,111.12999725341797,111.30999755859375,8859800,0.0,0.0
2026-01-27 00:00:00-05:00,111.5,111.80000305175781,110.02999877929688,110.61000061035156,8956900,0.0,0.0
2026-01-28 00:00:00-05:00,110.27999877929688,111.43000030517578,109.0,109.55999755859375,9016600,0.0,0.0
2026-01-29 00:00:00-05:00,109.62999725341797,111.66999816894531,108.76000213623047,111.58000183105469,11079000,0.0,0.0
2026-01-30 00:00:00-05:00,111.36000061035156,112.94999694824219,110.98999786376953,112.80000305175781,17895200,0.0,0.0
2026-02-02 00:00:00-05:00,104.01000213623047,108.61000061035156,103.75,104.44999694824219,37778500,0.0,0.0
2026-02-03 00:00:00-05:00,104.77999877929688,104.98999786376953,102.33999633789062,104.22000122070312,24827100,0.0,0.0
2026-02-04 00:00:00-05:00,104.19999694824219,108.5999984741211,103.62999725341797,107.05000305175781,19070400,0.0,0.0
2026-02-05 00:00:00-05:00,107.05000305175781,108.33000183105469,104.80999755859375,104.97000122070312,11859500,0.0,0.0
2026-02-06 00:00:00-05:00,106.12999725341797,108.95999908447266,105.37000274658203,108.69999694824219,12105600,0.0,0.0
2026-02-09 00:00:00-05:00,108.69000244140625,108.91999816894531,106.7699966430664,107.12999725341797,10515400,0.0,0.0
2026-02-10 00:00:00-05:00,107.5999984741211,111.11000061035156,107.5999984741211,109.95999908447266,9815500,0.0,0.0
2026-02-11 00:00:00-05:00,108.93000030517578,109.87000274658203,107.80000305175781,108.12000274658203,9374900,0.0,0.0
2026-02-12 00:00:00-05:00,107.93000030517578,108.16000366210938,101.0199966430664,102.37999725341797,25319600,0.0,0.0
2026-02-13 00:00:00-05:00,101.4000015258789,105.5199966430664,101.19999694824219,105.44999694824219,12845300,0.0,0.0
2026-02-17 00:00:00-05:00,106.56999969482422,107.27999877929688,104.37000274658203,105.44000244140625,10467400,0.0,0.0
2026-02-18 00:00:00-05:00,105.95999908447266,107.72000122070312,105.80999755859375,107.0999984741211,7312789,0.0,0.0
