Date,Open,High,Low,Close,Volume,Dividends,Stock Splits
2016-02-19 00:00:00-05:00,35.526570854269394,35.9300242604359,35.38861327826768,35.83474349975586,34918000,0.0,0.0
2016-02-22 00:00:00-05:00,36.20196452286451,36.466964351124304,35.90123914520035,36.17913818359375,37516000,0.0,0.0
2016-02-23 00:00:00-05:00,36.03274165832613,36.27093972886918,35.51515285729935,35.595542907714844,41332000,0.0,0.0
2016-02-24 00:00:00-05:00,35.264051163916164,35.79057518465841,34.837775244974566,35.77469253540039,37092000,0.0,0.0
2016-02-25 00:00:00-05:00,35.875432714687015,36.20196408081207,35.394069181854505,36.182613372802734,36146000,0.0,0.0
2016-02-26 00:00:00-05:00,36.40493364962283,36.53197213039984,35.82630543787013,35.97121047973633,42474000,0.0,0.0
2016-02-29 00:00:00-05:00,35.77965336810352,36.25605330157172,35.57321301832496,35.592071533203125,45068000,0.0,0.0
2016-03-01 00:00:00-05:00,35.79454555119767,36.83816251564413,35.66254349977129,36.830223083496094,60112000,0.0,0.0
2016-03-02 00:00:00-05:00,36.864958898642634,36.87736213117078,36.387563173386724,36.69672775268555,36292000,0.0,0.0
2016-03-03 00:00:00-05:00,36.69672572574861,36.77215600291866,36.20791875067873,36.30518341064453,40534000,0.0,0.0
2016-03-04 00:00:00-05:00,36.46448832473148,36.47441166882942,36.00892694411916,36.237205505371094,48516000,0.0,0.0
2016-03-07 00:00:00-05:00,35.98560372350222,36.08783195977834,34.99260677267381,35.37273406982422,61690000,0.0,0.0
2016-03-08 00:00:00-05:00,35.15388193493491,35.84168580411714,34.93603030263857,35.40895462036133,52530000,0.0,0.0
2016-03-09 00:00:00-05:00,35.49034690094924,36.039697336594756,35.36578829544877,35.99850845336914,39544000,0.0,0.0
2016-03-10 00:00:00-05:00,36.11661346324506,36.550832634597626,35.893302260985735,36.3339729309082,44616000,0.0,0.0
2016-03-11 00:00:00-05:00,36.72005687114784,36.96569844394858,36.5587731880446,36.964210510253906,35380000,0.0,0.0
2016-03-14 00:00:00-04:00,36.96917341270694,37.43019053998108,36.90416244829631,37.23069763183594,32824000,0.0,0.0
2016-03-15 00:00:00-04:00,37.02127544496241,37.36815706010366,36.86346740522543,37.2470703125,29832000,0.0,0.0
2016-03-16 00:00:00-04:00,37.171641552241276,37.66541214221778,37.04509904299183,37.58402633666992,29306000,0.0,0.0
2016-03-17 00:00:00-04:00,37.598413784293754,37.9800289743035,37.584022854900866,37.63960266113281,44564000,0.0,0.0
2016-03-18 00:00:00-04:00,37.79592753753153,37.82123376858197,37.30910440753043,37.48725891113281,56222000,0.0,0.0
2016-03-21 00:00:00-04:00,37.412818569052284,37.880783155524995,37.28180847539839,37.822227478027344,28774000,0.0,0.0
2016-03-22 00:00:00-04:00,37.637619957109884,37.96315937349524,37.609830053102485,37.71751403808594,22096000,0.0,0.0
2016-03-23 00:00:00-04:00,37.88128240687344,37.9825186926558,37.518025911141045,37.59395217895508,24678000,0.0,0.0
2016-03-24 00:00:00-04:00,37.27833853827925,37.59395085443817,37.24360115508138,37.4589729309082,31116000,0.0,0.0
2016-03-28 00:00:00-04:00,37.524970793595514,37.630674659384916,37.32002213272256,37.38155746459961,21676000,0.0,0.0
2016-03-29 00:00:00-04:00,37.401398331469615,38.07133940145529,37.1339224245858,38.007320404052734,40062000,0.0,0.0
2016-03-30 00:00:00-04:00,38.12245856600091,38.574048330382446,38.0911968143954,38.128910064697266,40396000,0.0,0.0
2016-03-31 00:00:00-04:00,38.12890736598787,38.16562865790518,37.62818932303009,37.85894775390625,32554000,0.0,0.0
2016-04-01 00:00:00-04:00,37.574099128827285,38.21326689397469,37.47683068282324,38.194908142089844,31674000,0.0,0.0
2016-04-04 00:00:00-04:00,38.18697170039065,38.33237652432182,37.80386851280769,37.969120025634766,26924000,0.0,0.0
2016-04-05 00:00:00-04:00,37.62224291392754,37.8574651788166,37.49668856245557,37.64407730102539,24478000,0.0,0.0
2016-04-06 00:00:00-04:00,37.60784350560307,38.13287961678415,37.531421267245825,38.115509033203125,25312000,0.0,0.0
2016-04-07 00:00:00-04:00,37.97903395124889,38.179518776977694,37.59096729463733,37.720985412597656,25498000,0.0,0.0
2016-04-08 00:00:00-04:00,38.006335978479505,38.068863268773214,37.505125700328605,37.68873596191406,23434000,0.0,0.0
2016-04-11 00:00:00-04:00,37.9854869870237,38.07332427943917,37.583029385882654,37.592952728271484,31774000,0.0,0.0
2016-04-12 00:00:00-04:00,37.637130451003294,37.9591942917217,37.296700282284824,37.929420471191406,27388000,0.0,0.0
2016-04-13 00:00:00-04:00,38.22666653316887,38.496626134826585,37.94281197985296,38.306068420410156,35426000,0.0,0.0
2016-04-14 00:00:00-04:00,38.477279461348076,38.68818364752694,38.37107961533215,38.47876739501953,26992000,0.0,0.0
2016-04-15 00:00:00-04:00,38.48422739645302,38.75369105173666,38.4559377259045,38.70753860473633,31712000,0.0,0.0
2016-04-18 00:00:00-04:00,38.716965490459344,39.131833958236626,38.58893504514366,39.08865737915039,33540000,0.0,0.0
2016-04-19 00:00:00-04:00,39.22860084163421,39.250931203936716,38.22468484675957,38.52144241333008,43952000,0.0,0.0
2016-04-20 00:00:00-04:00,38.66585634698381,38.69067038783667,38.274313953203055,38.4554443359375,34262000,0.0,0.0
2016-04-21 00:00:00-04:00,38.5740486148809,38.79090832442027,38.288206330743826,38.70753860473633,77628000,0.0,0.0
2016-04-22 00:00:00-04:00,36.91657449494515,37.413321028351355,36.244653090479304,36.61187744140625,140798000,0.0,0.0
2016-04-25 00:00:00-04:00,36.491780385407644,36.964704754411734,36.47937336635226,36.83220672607422,49442000,0.0,0.0
2016-04-26 00:00:00-04:00,36.94187360454743,36.999933297084716,35.74590830181201,35.996517181396484,55864000,0.0,0.0
2016-04-27 00:00:00-04:00,35.994039927794645,36.08485310247026,35.18812884738829,35.802490234375,66262000,0.0,0.0
2016-04-28 00:00:00-04:00,35.89329566593669,36.18955720956176,34.896327298990656,34.98862838745117,62590000,0.0,0.0
2016-04-29 00:00:00-04:00,34.94198449323569,35.338486564419085,34.925109889686766,35.12857437133789,58278000,0.0,0.0
2016-05-02 00:00:00-04:00,35.32906245557149,35.50225337679018,35.05314732845683,35.45262908935547,33476000,0.0,0.0
2016-05-03 00:00:00-04:00,35.35784889935185,35.40102169426937,35.10128823331741,35.1563720703125,38620000,0.0,0.0
2016-05-04 00:00:00-04:00,35.07349829084855,35.48439138120511,34.93851657701335,35.30177307128906,34172000,0.0,0.0
2016-05-05 00:00:00-04:00,35.48190496706447,35.60844746094753,35.20648583300938,35.46751403808594,29668000,0.0,0.0
2016-05-06 00:00:00-04:00,35.34295592366291,36.0272841703002,35.330548905802516,35.98708724975586,39952000,0.0,0.0
2016-05-09 00:00:00-04:00,36.062522320480696,36.439177776356786,35.903722314592194,36.18311309814453,38074000,0.0,0.0
2016-05-10 00:00:00-04:00,36.472425274308534,36.722534418331186,36.30618182282669,36.691768646240234,32634000,0.0,0.0
2016-05-11 00:00:00-04:00,36.74834458847868,36.76223954250365,36.12207591541819,36.25358200073242,29834000,0.0,0.0
2016-05-12 00:00:00-04:00,36.325533741452375,36.492772940327086,35.941934602821846,36.13050842285156,27094000,0.0,0.0
2016-05-13 00:00:00-04:00,36.058555827827455,36.290302453464385,35.904219617282386,35.9697265625,25244000,0.0,0.0
2016-05-16 00:00:00-04:00,35.94441899207555,36.35928371973176,35.73003915092349,36.24117660522461,22538000,0.0,0.0
2016-05-17 00:00:00-04:00,36.278887020581564,36.516589140023775,35.630784049934775,35.73945999145508,33404000,0.0,0.0
2016-05-18 00:00:00-04:00,35.655595396902456,36.00644484152183,35.48290044592236,35.81836700439453,32536000,0.0,0.0
2016-05-19 00:00:00-04:00,35.645672242814435,35.75484795221574,35.24916632942593,35.497291564941406,30598000,0.0,0.0
2016-05-20 00:00:00-04:00,35.55435955798808,36.112141518444105,35.48240112663658,35.81488800048828,34798000,0.0,0.0
2016-05-23 00:00:00-04:00,35.72904458549902,35.90372346173018,35.578184007171274,35.59356689453125,24816000,0.0,0.0
2016-05-24 00:00:00-04:00,35.72258945308347,36.434707647390326,35.712662323731934,36.37664794921875,37884000,0.0,0.0
2016-05-25 00:00:00-04:00,36.4744136705193,36.71707939028969,36.35531460435371,36.62825012207031,32216000,0.0,0.0
2016-05-26 00:00:00-04:00,36.524030360002214,36.777119135729535,36.37515750481988,36.57018280029297,27202000,0.0,0.0
2016-05-27 00:00:00-04:00,36.59897138235444,37.11507237120219,36.57415734222013,37.09968948364258,34802000,0.0,0.0
2016-05-31 00:00:00-04:00,37.15725268861202,37.39148298848767,36.998948655728036,37.161720275878906,42484000,0.0,0.0
2016-06-01 00:00:00-04:00,37.1428566650963,37.28676974672431,36.93790423427973,37.14236068725586,20788000,0.0,0.0
2016-06-02 00:00:00-04:00,37.02524614883594,37.0847975654609,36.57365642480011,36.93443298339844,33916000,0.0,0.0
2016-06-03 00:00:00-04:00,36.796472954004905,36.796472954004905,36.42031353513087,36.51708221435547,24608000,0.0,0.0
2016-06-06 00:00:00-04:00,36.648095758086136,36.648095758086136,36.14142597629198,36.2292594909668,29992000,0.0,0.0
2016-06-07 00:00:00-04:00,36.3885640145683,36.55927128764477,36.26598931695806,36.28038024902344,24314000,0.0,0.0
2016-06-08 00:00:00-04:00,36.697723918446755,36.911607768374644,36.5126257180091,36.86793899536133,32314000,0.0,0.0
2016-06-09 00:00:00-04:00,36.57713578763428,36.91756214481762,36.54884990302641,36.847591400146484,19180000,0.0,0.0
2016-06-10 00:00:00-04:00,36.52155194105118,36.70466620393204,36.251592336250305,36.384586334228516,29050000,0.0,0.0
2016-06-13 00:00:00-04:00,36.21735184827314,36.672909402759835,36.21735184827314,36.319580078125,23354000,0.0,0.0
2016-06-14 00:00:00-04:00,36.19204051909414,36.52403142556194,36.052595024595355,36.3875617980957,26584000,0.0,0.0
2016-06-15 00:00:00-04:00,36.47043864948237,36.58110229443643,36.29129219601864,36.334964752197266,23234000,0.0,0.0
2016-06-16 00:00:00-04:00,36.12505091499272,36.24564169701338,35.50870938738211,35.94094467163086,45002000,0.0,0.0
2016-06-17 00:00:00-04:00,35.799012305008986,35.799012305008986,34.79311239929035,34.94844055175781,82262000,0.0,0.0
2016-06-20 00:00:00-04:00,35.2491689516405,35.52508411290436,35.00600726285172,35.0417366027832,45654000,0.0,0.0
2016-06-21 00:00:00-04:00,35.23625946149615,35.500763296017745,34.968783546156665,35.178199768066406,30318000,0.0,0.0
2016-06-22 00:00:00-04:00,35.43476530285658,35.44270473513689,35.02932798994833,35.25710678100586,29058000,0.0,0.0
2016-06-23 00:00:00-04:00,35.26108022540139,35.4759560304029,34.74994280463064,35.475460052490234,42500000,0.0,0.0
2016-06-24 00:00:00-04:00,34.24971958937438,34.985659922060364,33.98869134420151,34.003082275390625,95436000,0.0,0.0
2016-06-27 00:00:00-04:00,33.86859627887684,33.91028113376816,33.38078125220872,33.80160140991211,58146000,0.0,0.0
2016-06-28 00:00:00-04:00,34.30926966236989,34.37725649246694,33.98571414010763,34.303810119628906,38246000,0.0,0.0
2016-06-29 00:00:00-04:00,34.45268785675434,34.71272035796615,34.37427791659481,34.498836517333984,43124000,0.0,0.0
2016-06-30 00:00:00-04:00,34.620914273710774,34.92461932375212,34.4844446351257,34.9127082824707,42250000,0.0,0.0
2016-07-01 00:00:00-04:00,34.990628011562855,35.359340299381785,34.92264117000077,35.24619674682617,30984000,0.0,0.0
2016-07-05 00:00:00-04:00,34.9861534269257,35.140485835922306,34.69435942841312,34.98019790649414,28440000,0.0,0.0
2016-07-06 00:00:00-04:00,34.72960045289388,35.38266714171121,34.687915586762436,35.18267822265625,28902000,0.0,0.0
2016-07-07 00:00:00-04:00,35.23924203564414,35.24221790279893,34.770781482468266,35.097808837890625,21174000,0.0,0.0
2016-07-08 00:00:00-04:00,35.26157252518358,35.62582093790213,35.13998979962691,35.61986541748047,29946000,0.0,0.0
2016-07-11 00:00:00-04:00,35.701247112052855,36.173179457651024,35.67395318848012,36.08732986450195,28822000,0.0,0.0
2016-07-12 00:00:00-04:00,36.3215636845513,36.5041819726617,36.102220318805394,36.3508415222168,26468000,0.0,0.0
2016-07-13 00:00:00-04:00,36.50021866280845,36.50021866280845,36.17765507248144,36.20048141479492,20436000,0.0,0.0
2016-07-14 00:00:00-04:00,36.421805675635575,36.530981385031104,36.25556222217988,36.51411056518555,21408000,0.0,0.0
2016-07-15 00:00:00-04:00,36.772160266630515,36.772160266630515,36.45654416993109,36.50567626953125,32342000,0.0,0.0
2016-07-18 00:00:00-04:00,36.61881970664149,37.47385907995491,36.54934494165479,37.377586364746094,38698000,0.0,0.0
2016-07-19 00:00:00-04:00,37.21233351393926,37.54581237379083,37.143850707206795,37.38800811767578,30436000,0.0,0.0
2016-07-20 00:00:00-04:00,37.419761011169875,37.74679211648272,37.419761011169875,37.570125579833984,22502000,0.0,0.0
2016-07-21 00:00:00-04:00,37.566159935728116,37.62323146708686,37.29421639831904,37.4376335144043,19062000,0.0,0.0
2016-07-22 00:00:00-04:00,37.58204516795567,37.68774525565149,37.35079073151822,37.6793098449707,20920000,0.0,0.0
2016-07-25 00:00:00-04:00,37.59990415364283,37.706103994637665,37.42075770528802,37.59196472167969,21466000,0.0,0.0
2016-07-26 00:00:00-04:00,37.591960062496156,37.67830941983562,37.35524992217869,37.598411560058594,23792000,0.0,0.0
2016-07-27 00:00:00-04:00,37.663920872715174,37.93586438487268,37.513060316302855,37.81279373168945,32172000,0.0,0.0
2016-07-28 00:00:00-04:00,38.15372131646958,38.16017281469463,37.66987409395257,38.004844665527344,73464000,0.0,0.0
2016-07-29 00:00:00-04:00,39.58639478325421,39.89555555934584,39.20378385523221,39.27028274536133,101810000,0.0,0.0
2016-08-01 00:00:00-04:00,39.0385421493299,40.07173616380573,38.95765230968903,39.7466926574707,60594000,0.0,0.0
2016-08-02 00:00:00-04:00,39.567543903930904,39.815173188166646,39.42859436289503,39.705997467041016,39928000,0.0,0.0
2016-08-03 00:00:00-04:00,39.52486727209333,39.67721579002522,39.35366023462024,39.646446228027344,29206000,0.0,0.0
2016-08-04 00:00:00-04:00,39.612696427333155,39.70996109578395,39.39831661722456,39.563568115234375,21520000,0.0,0.0
2016-08-05 00:00:00-04:00,39.70549527226197,40.05832861288158,39.59135600365888,40.04393768310547,36146000,0.0,0.0
2016-08-08 00:00:00-04:00,39.99778487748607,40.07718676554833,39.78390105808814,39.95957565307617,24426000,0.0,0.0
2016-08-09 00:00:00-04:00,39.922858771747,40.36154558533973,39.90152036182011,40.07123947143555,32154000,0.0,0.0
2016-08-10 00:00:00-04:00,40.049902091916856,40.239963874367064,40.022112181893256,40.121360778808594,18370000,0.0,0.0
2016-08-11 00:00:00-04:00,40.21960784377915,40.388830939512026,39.997784594363246,40.10696029663086,25646000,0.0,0.0
2016-08-12 00:00:00-04:00,39.952631569363106,40.056843716725176,39.88067312893573,40.049896240234375,17946000,0.0,0.0
2016-08-15 00:00:00-04:00,40.0578389633326,40.263783385546915,39.90003090262271,39.99580764770508,18596000,0.0,0.0
2016-08-16 00:00:00-04:00,39.873721881796804,39.911438914089175,39.551158340317876,39.759090423583984,21158000,0.0,0.0
2016-08-17 00:00:00-04:00,39.70003791868389,39.97942869228269,39.51642388031734,39.9690055847168,21322000,0.0,0.0
2016-08-18 00:00:00-04:00,39.966028045691246,40.09703813505405,39.780926081441116,39.83650588989258,17292000,0.0,0.0
2016-08-19 00:00:00-04:00,39.68961425481412,39.7610767148754,39.54520897326724,39.68266677856445,22416000,0.0,0.0
2016-08-22 00:00:00-04:00,39.62609736558362,39.665302336066844,39.41866502151459,39.548683166503906,17056000,0.0,0.0
2016-08-23 00:00:00-04:00,39.72385653013412,39.74966252422521,39.5010413073855,39.53081512451172,18350000,0.0,0.0
2016-08-24 00:00:00-04:00,39.544206869462855,39.62360874873642,39.24149383038985,39.38243103027344,25672000,0.0,0.0
2016-08-25 00:00:00-04:00,39.30304030299668,39.43802202162598,39.06633010355701,39.26830291748047,24054000,0.0,0.0
2016-08-26 00:00:00-04:00,39.32734967039455,39.67025964837226,39.17450520791804,39.36357498168945,24978000,0.0,0.0
2016-08-29 00:00:00-04:00,39.35513791521097,39.62658542871611,39.21966025431281,39.49259948730469,15474000,0.0,0.0
2016-08-30 00:00:00-04:00,39.34671264922947,39.600793433089606,39.177489523934604,39.299072265625,23348000,0.0,0.0
2016-08-31 00:00:00-04:00,39.18393926316561,39.28169991561743,39.064840202549185,39.196346282958984,21428000,0.0,0.0
2016-09-01 00:00:00-04:00,39.302040067436934,39.347200552139654,39.02166115272705,39.273258209228516,26070000,0.0,0.0
2016-09-02 00:00:00-04:00,39.46531014791795,39.55612331483358,39.365561807404355,39.544708251953125,26998000,0.0,0.0
2016-09-06 00:00:00-04:00,39.62014215915034,40.240455284688544,39.473253192283245,40.0980339050293,39790000,0.0,0.0
2016-09-07 00:00:00-04:00,40.093562705164736,40.22606072875652,39.88464244456871,40.09654235839844,22906000,0.0,0.0
2016-09-08 00:00:00-04:00,39.95908378895613,40.11788379533845,39.75015972648589,39.840972900390625,23554000,0.0,0.0
2016-09-09 00:00:00-04:00,39.63899833518388,39.786883035206195,39.10701852680097,39.12835693359375,37752000,0.0,0.0
2016-09-12 00:00:00-04:00,38.93184121214883,39.70847057554531,38.88122118363669,39.6414794921875,37274000,0.0,0.0
2016-09-13 00:00:00-04:00,39.402774893491845,39.4911081532585,38.922403399227804,39.1402587890625,36180000,0.0,0.0
2016-09-14 00:00:00-04:00,39.081207271374424,39.51791005024864,39.081207271374424,39.22660827636719,25842000,0.0,0.0
2016-09-15 00:00:00-04:00,39.20428402273063,39.88116889209936,39.13728914761188,39.761077880859375,31144000,0.0,0.0
2016-09-16 00:00:00-04:00,39.65140835380926,39.65140835380926,39.383432624809814,39.599300384521484,42612000,0.0,0.0
2016-09-19 00:00:00-04:00,39.755122278434975,39.89804341636421,39.38045452860479,39.47126770019531,22990000,0.0,0.0
2016-09-20 00:00:00-04:00,39.70004033244312,39.83650997830407,39.61369095768516,39.68912124633789,20984000,0.0,0.0
2016-09-21 00:00:00-04:00,39.76256393328359,39.9933223650681,39.503023641281096,39.949649810791016,26970000,0.0,0.0
2016-09-22 00:00:00-04:00,40.196284649952034,40.64588665914521,40.082645149603124,40.491554260253906,35186000,0.0,0.0
2016-09-23 00:00:00-04:00,40.45135997646666,40.543661077902705,40.33176494828004,40.44242858886719,28234000,0.0,0.0
2016-09-26 00:00:00-04:00,40.187355973030996,40.200258969642896,39.72236726150214,39.83154296875,29454000,0.0,0.0
2016-09-27 00:00:00-04:00,39.790850811853275,40.36947904221922,39.790850811853275,40.232513427734375,27346000,0.0,0.0
2016-09-28 00:00:00-04:00,39.90249937990606,40.208688047060214,39.837988193096784,40.199256896972656,29406000,0.0,0.0
2016-09-29 00:00:00-04:00,40.05882583846787,40.39032078367266,39.742713779214554,39.83104705810547,27000000,0.0,0.0
2016-09-30 00:00:00-04:00,39.87868961944793,40.10150484728582,39.7744774710352,39.90151596069336,33204000,0.0,0.0
2016-10-03 00:00:00-04:00,39.826578944823616,39.87570725530058,39.51295056512413,39.718894958496094,29784000,0.0,0.0
2016-10-04 00:00:00-04:00,39.9481612150694,40.02259953976899,39.683661148855165,39.8384895324707,25174000,0.0,0.0
2016-10-05 00:00:00-04:00,39.997788058157994,40.12185067855309,39.735271886577976,39.761077880859375,24276000,0.0,0.0
2016-10-06 00:00:00-04:00,39.90250667541786,40.04493183353091,39.725347921671634,39.852882385253906,21998000,0.0,0.0
2016-10-07 00:00:00-04:00,39.99431961700133,39.99481559492659,39.54223384507838,39.73527526855469,23262000,0.0,0.0
2016-10-10 00:00:00-04:00,39.89506342743224,40.562520923946174,39.8111977329862,40.40322494506836,29922000,0.0,0.0
2016-10-11 00:00:00-04:00,40.4032282441396,40.68559490941451,40.06577774119929,40.17495346069336,34432000,0.0,0.0
2016-10-12 00:00:00-04:00,40.29355364759973,40.4196001794308,40.124334323432066,40.28412628173828,18158000,0.0,0.0
2016-10-13 00:00:00-04:00,40.001264173264374,40.025578448100006,39.63155619702256,39.90250778198242,27380000,0.0,0.0
2016-10-14 00:00:00-04:00,40.06974358859108,40.20075367592646,39.81516686771628,39.92831039428711,22238000,0.0,0.0
2016-10-17 00:00:00-04:00,39.997289838368275,40.369477678691865,39.89010183027704,40.03947067260742,21128000,0.0,0.0
2016-10-18 00:00:00-04:00,40.40520695133663,41.12973215836576,40.361538183600246,40.7664794921875,45786000,0.0,0.0
2016-10-19 00:00:00-04:00,40.83545773945552,41.178863714771445,40.83545773945552,41.0319709777832,30002000,0.0,0.0
2016-10-20 00:00:00-04:00,41.06770377505458,41.112864265659525,40.71983396978358,40.77342987060547,27878000,0.0,0.0
2016-10-21 00:00:00-04:00,40.69254324482491,40.905435145111376,40.60867754176168,40.894020080566406,32316000,0.0,0.0
2016-10-24 00:00:00-04:00,41.19325767882507,41.58281233923913,41.14114971222664,41.473636627197266,28952000,0.0,0.0
2016-10-25 00:00:00-04:00,41.610599508196984,41.610599508196984,40.95554906512244,41.1168327331543,37814000,0.0,0.0
2016-10-26 00:00:00-04:00,41.04586629615009,41.07514791989382,40.5114066201531,40.796749114990234,35898000,0.0,0.0
2016-10-27 00:00:00-04:00,40.84191003872041,41.019068786181144,40.42505768673343,40.561031341552734,59470000,0.0,0.0
2016-10-28 00:00:00-04:00,41.18581287194011,41.63541491643057,40.54366161795539,40.67070388793945,87098000,0.0,0.0
2016-10-31 00:00:00-04:00,40.81312331407042,40.823050443143075,40.097037317012415,40.191322326660156,44854000,0.0,0.0
2016-11-01 00:00:00-04:00,40.23946461851519,40.39280887520307,39.61369192991004,39.97198486328125,47118000,0.0,0.0
2016-11-02 00:00:00-04:00,40.03550856481578,40.03550856481578,38.95566618143892,39.12538528442383,47014000,0.0,0.0
2016-11-03 00:00:00-04:00,38.930846978309965,39.20378624508538,38.639548958523115,38.81621551513672,43504000,0.0,0.0
2016-11-04 00:00:00-04:00,38.275795999079094,39.12835542657127,38.26090909129383,38.762123107910156,39412000,0.0,0.0
2016-11-07 00:00:00-05:00,39.44943201577227,39.94816236931584,39.34769976194644,39.800777435302734,39852000,0.0,0.0
2016-11-08 00:00:00-05:00,39.80077743122523,40.49602103004838,39.68117861597495,40.2945442199707,35382000,0.0,0.0
2016-11-09 00:00:00-05:00,39.79084997995276,40.28114491967384,39.30502262707691,39.977439880371094,61970000,0.0,0.0
2016-11-10 00:00:00-05:00,40.19628812436219,40.19926399159507,38.12344893912965,38.721927642822266,118192000,0.0,0.0
2016-11-11 00:00:00-05:00,38.549231127786086,38.57304942295509,37.98995741521665,38.29813003540039,71852000,0.0,0.0
2016-11-14 00:00:00-05:00,38.298628520048524,38.29962047581752,36.90069024300515,37.378578186035156,73766000,0.0,0.0
2016-11-15 00:00:00-05:00,37.98647866592669,38.71944300489235,37.974075434553555,38.46734619140625,58878000,0.0,0.0
2016-11-16 00:00:00-05:00,38.23212313669693,38.88121799203003,38.02915841973902,38.706539154052734,35968000,0.0,0.0
2016-11-17 00:00:00-05:00,38.831603013327566,39.1492030417953,38.700096929013164,39.01322937011719,30674000,0.0,0.0
2016-11-18 00:00:00-05:00,39.063347327242795,39.267799994654,38.47677970064302,38.507545471191406,36126000,0.0,0.0
2016-11-21 00:00:00-05:00,38.613245261436,39.032577486149826,38.52392003140175,38.945735931396484,32616000,0.0,0.0
2016-11-22 00:00:00-05:00,39.15366674041165,39.390872889319226,38.89313448725489,38.95566177368164,27884000,0.0,0.0
2016-11-23 00:00:00-05:00,39.17997354921387,39.17997354921387,38.34279687622494,38.65791702270508,26260000,0.0,0.0
2016-11-25 00:00:00-05:00,38.8370554509634,38.85144638016897,38.61771209590004,38.71894836425781,12270000,0.0,0.0
2016-11-28 00:00:00-05:00,38.62564966732064,39.687129249162865,38.61324265002629,38.9948616027832,51508000,0.0,0.0
2016-11-29 00:00:00-05:00,39.12339474267846,39.52337251527952,38.97253417012288,39.17599868774414,31240000,0.0,0.0
2016-11-30 00:00:00-05:00,39.15912852164099,39.27872355867141,38.36760837343348,38.503082275390625,45582000,0.0,0.0
2016-12-01 00:00:00-05:00,38.63557920176285,38.638059090940125,37.38552196581087,37.929908752441406,57342000,0.0,0.0
2016-12-02 00:00:00-05:00,37.809320932844344,38.23609659943171,37.665407855870434,37.93635940551758,34376000,0.0,0.0
2016-12-05 00:00:00-05:00,38.211288263024024,38.70753875994642,38.06092366581583,38.619205474853516,33770000,0.0,0.0
2016-12-06 00:00:00-05:00,38.71696414783872,38.969556970569805,38.37604183061883,38.517967224121094,34682000,0.0,0.0
2016-12-07 00:00:00-05:00,38.705056464199906,39.303035398386605,38.386460726976026,39.276737213134766,40588000,0.0,0.0
2016-12-08 00:00:00-05:00,39.35018616943643,39.650419415898554,39.10007698443677,39.46035385131836,32250000,0.0,0.0
2016-12-09 00:00:00-05:00,39.66530473672438,40.193812759024475,39.60327342090854,40.16899871826172,38090000,0.0,0.0
2016-12-12 00:00:00-05:00,39.9392346718492,40.26328619434512,39.92484374023328,40.092079162597656,32572000,0.0,0.0
2016-12-13 00:00:00-05:00,40.314891655608136,40.90592691181696,40.292561292836965,40.46128463745117,42564000,0.0,0.0
2016-12-14 00:00:00-05:00,40.49007275139767,40.90394549210143,40.334248608203346,40.587833404541016,35994000,0.0,0.0
2016-12-15 00:00:00-05:00,40.56153078021334,40.84141754554619,40.295538968262576,40.4766731262207,35394000,0.0,0.0
2016-12-16 00:00:00-05:00,40.6086671982995,40.65283193926157,40.10298564689639,40.1883430480957,51978000,0.0,0.0
2016-12-19 00:00:00-05:00,40.160562492013334,40.50496047158546,39.92335253407247,40.32035446166992,25272000,0.0,0.0
2016-12-20 00:00:00-05:00,40.36351728860524,40.51834944084434,40.24590618756219,40.45433044433594,25438000,0.0,0.0
2016-12-21 00:00:00-05:00,40.48013690712464,40.48013690712464,39.95312073939637,40.305458068847656,29192000,0.0,0.0
2016-12-22 00:00:00-05:00,40.151630429361475,40.2493910828205,39.99927813103099,40.18041229248047,22632000,0.0,0.0
2016-12-23 00:00:00-05:00,40.09753934994631,40.244428322025605,39.95362624538394,40.08711624145508,15310000,0.0,0.0
2016-12-27 00:00:00-05:00,40.13078256232712,40.49403904001457,39.98786520842909,40.192813873291016,19520000,0.0,0.0
2016-12-28 00:00:00-05:00,40.36154163847913,40.36154163847913,39.82112639364336,39.92682647705078,24296000,0.0,0.0
2016-12-29 00:00:00-05:00,39.81566261717667,39.98537790605941,39.60773431774886,39.84295654296875,21148000,0.0,0.0
2016-12-30 00:00:00-05:00,39.85933451989293,39.86330612904933,39.184929539720855,39.32537078857422,34718000,0.0,0.0
2017-01-03 00:00:00-05:00,39.73080209555945,40.26774545030832,39.545703917091544,40.0975341796875,39180000,0.0,0.0
2017-01-04 00:00:00-05:00,40.19082497092976,40.36649956024312,39.903994556882544,40.08562088012695,30306000,0.0,0.0
2017-01-05 00:00:00-05:00,40.07222584262852,40.38188641152178,39.993819691175254,40.34615707397461,26810000,0.0,0.0
2017-01-06 00:00:00-05:00,40.44391838306494,41.13718188276882,40.27072744913276,40.951087951660156,40342000,0.0,0.0
2017-01-09 00:00:00-05:00,41.0086502746762,41.210127085503736,40.772932060539,41.04884719848633,28178000,0.0,0.0
2017-01-10 00:00:00-05:00,41.04338763405684,41.159510818527565,40.848362321700826,40.99078369140625,23948000,0.0,0.0
2017-01-11 00:00:00-05:00,41.02106268835721,41.18383053038321,40.76549396763802,41.181846618652344,26508000,0.0,0.0
2017-01-12 00:00:00-05:00,41.10839858849833,41.20765096242631,40.74266220393062,41.165470123291016,26990000,0.0,0.0
2017-01-13 00:00:00-05:00,41.238418982873334,41.41954936927965,41.164976386867615,41.235443115234375,25804000,0.0,0.0
2017-01-17 00:00:00-05:00,41.18879450111215,41.19772589008002,40.85134398508108,41.062747955322266,28818000,0.0,0.0
2017-01-18 00:00:00-05:00,41.17886478192362,41.179360759784444,40.89500642973119,41.14015579223633,20554000,0.0,0.0
2017-01-19 00:00:00-05:00,41.139163600564935,41.33766454038061,40.889054460886065,40.90939712524414,21410000,0.0,0.0
2017-01-20 00:00:00-05:00,41.1436217283581,41.151068967381946,40.92080654595202,41.09796905517578,26124000,0.0,0.0
2017-01-23 00:00:00-05:00,41.26868854642984,41.959964358364125,41.12427947209764,41.90488052368164,49148000,0.0,0.0
2017-01-24 00:00:00-05:00,42.03142032387728,42.256719213077204,41.79818200283484,42.15796661376953,33768000,0.0,0.0
2017-01-25 00:00:00-05:00,42.357458610615055,42.61749108882122,42.16838503962544,42.60062026977539,33108000,0.0,0.0
2017-01-26 00:00:00-05:00,42.630392200820424,42.72716088235843,42.20709216284259,42.52766799926758,69866000,0.0,0.0
2017-01-27 00:00:00-05:00,42.627921621445374,43.024919776931355,41.779333662763165,41.93465805053711,75050000,0.0,0.0
2017-01-30 00:00:00-05:00,41.5391410720008,41.54757648162101,40.74364938443711,40.88260269165039,70338000,0.0,0.0
2017-01-31 00:00:00-05:00,40.667727740416986,40.844890292997185,40.36501462672483,40.701969146728516,40404000,0.0,0.0
2017-02-01 00:00:00-05:00,40.89104453854684,40.89104453854684,40.30794864980142,40.456329345703125,45020000,0.0,0.0
2017-02-02 00:00:00-05:00,40.444413859380475,40.91882995126663,40.29802087738559,40.6061897277832,33784000,0.0,0.0
2017-02-03 00:00:00-05:00,40.84787035162892,40.996743234305555,40.66028468887629,40.69899368286133,30562000,0.0,0.0
2017-02-06 00:00:00-05:00,40.73819276571827,40.811139369718404,40.40917772268014,40.77293014526367,27018000,0.0,0.0
2017-02-07 00:00:00-05:00,40.965475556248926,41.28406749235418,40.8558038752445,41.15057373046875,33332000,0.0,0.0
2017-02-08 00:00:00-05:00,41.215088300547556,41.39969428117468,40.946120654169825,41.182830810546875,26044000,0.0,0.0
2017-02-09 00:00:00-05:00,41.27464239144694,41.28704941155029,41.01510585556502,41.191768646240234,23884000,0.0,0.0
2017-02-10 00:00:00-05:00,41.33517745704958,41.543601722931406,41.214094506147376,41.429466247558594,28302000,0.0,0.0
2017-02-13 00:00:00-05:00,41.57089940944315,41.771388048396055,41.49894475855181,41.63343048095703,25914000,0.0,0.0
2017-02-14 00:00:00-05:00,41.67362806892415,41.7842917214113,41.478106759890615,41.68653106689453,27266000,0.0,0.0
2017-02-15 00:00:00-05:00,41.62598247577518,41.77287521421095,41.49745606225699,41.55204391479492,27144000,0.0,0.0
2017-02-16 00:00:00-05:00,41.610602315701875,41.81853063238226,41.54906698310284,41.792728424072266,20102000,0.0,0.0
2017-02-17 00:00:00-05:00,41.75004976411493,42.029440556270586,41.67412349712995,42.01008605957031,29224000,0.0,0.0
2017-02-21 00:00:00-05:00,42.081542255291,42.29046250632525,42.01007980012941,42.14506149291992,25206000,0.0,0.0
2017-02-22 00:00:00-05:00,42.08204367146442,42.36937010447496,42.01802466163737,42.248783111572266,24488000,0.0,0.0
2017-02-23 00:00:00-05:00,42.234882863664524,42.31130509746699,41.8090991424148,42.23091125488281,27734000,0.0,0.0
2017-02-24 00:00:00-05:00,42.064673329936916,42.09990669139501,41.83193096706205,42.07261276245117,26924000,0.0,0.0
2017-02-27 00:00:00-05:00,41.93068290579729,42.21453746500001,41.834410197870355,42.164913177490234,20206000,0.0,0.0
2017-02-28 00:00:00-05:00,42.04978228999186,42.12322865919275,41.756496577131536,41.9296875,27662000,0.0,0.0
2017-03-01 00:00:00-05:00,42.24977427038242,42.578293365415064,42.13265912497911,42.51626205444336,36374000,0.0,0.0
2017-03-02 00:00:00-05:00,42.49442691266288,42.503362087487744,42.1177752189755,42.173851013183594,25018000,0.0,0.0
2017-03-03 00:00:00-05:00,42.1286878993732,42.22198474867026,41.91877566759099,42.13563537597656,20100000,0.0,0.0
2017-03-06 00:00:00-05:00,42.02546424922019,42.12868443399256,41.74309762117766,42.04581069946289,20958000,0.0,0.0
2017-03-07 00:00:00-05:00,42.04531234482657,42.34653747252494,41.95896677020723,42.23835372924805,20774000,0.0,0.0
2017-03-08 00:00:00-05:00,42.33612103714739,42.525194628762826,42.243323950091295,42.3619270324707,20576000,0.0,0.0
2017-03-09 00:00:00-05:00,42.36441002388779,42.7127758107629,42.31378998986484,42.570350646972656,26954000,0.0,0.0
2017-03-10 00:00:00-05:00,42.81152421968965,42.887450477189084,42.55893519659828,42.74750900268555,26732000,0.0,0.0
2017-03-13 00:00:00-04:00,42.71872557848673,43.03136198435917,42.71822960065847,42.90481948852539,23332000,0.0,0.0
2017-03-14 00:00:00-04:00,42.86363720517168,43.053702753161105,42.68399476535968,42.970829010009766,21234000,0.0,0.0
2017-03-15 00:00:00-04:00,43.071564595003146,43.16783731166957,42.74205354116831,43.093894958496094,26658000,0.0,0.0
2017-03-16 00:00:00-04:00,43.200091949022436,43.308275700168785,43.05071931886995,43.173789978027344,22090000,0.0,0.0
2017-03-17 00:00:00-04:00,43.356415724602385,43.39314080917461,43.09290756365989,43.29140853881836,37366000,0.0,0.0
2017-03-20 00:00:00-04:00,43.147986163876745,43.19066297862106,42.909292073603915,43.07007598876953,30844000,0.0,0.0
2017-03-21 00:00:00-04:00,43.17676553963307,43.34598864129953,42.066653511858306,42.188236236572266,50760000,0.0,0.0
2017-03-22 00:00:00-04:00,42.1554811814528,42.446782974730674,42.032410527796834,42.171363830566406,27334000,0.0,0.0
2017-03-23 00:00:00-04:00,41.754012932004535,41.76889983842861,41.3376603855782,41.66766357421875,65754000,0.0,0.0
2017-03-24 00:00:00-04:00,41.784293109148955,41.883545486797864,41.1441332572461,41.44386672973633,42114000,0.0,0.0
2017-03-27 00:00:00-04:00,41.094002550739496,41.75352057965877,40.90592472069504,41.6110954284668,38692000,0.0,0.0
2017-03-28 00:00:00-04:00,41.669660167196625,41.95301878582398,41.30144010609161,41.71630859375,30384000,0.0,0.0
2017-03-29 00:00:00-04:00,41.821505897164364,42.26018882548904,41.753519073099476,42.174835205078125,29146000,0.0,0.0
2017-03-30 00:00:00-04:00,42.27954586125871,42.28053781698494,42.02100130922451,42.15548324584961,18988000,0.0,0.0
2017-03-31 00:00:00-04:00,42.023980492651866,42.159458181784736,41.94507835919382,42.07211685180664,28820000,0.0,0.0
2017-04-03 00:00:00-04:00,42.11926014978814,42.627917656974276,42.058716772484146,42.51626205444336,39388000,0.0,0.0
2017-04-04 00:00:00-04:00,42.08204342192,42.330168669016004,42.05772536066973,42.30883026123047,26970000,0.0,0.0
2017-04-05 00:00:00-04:00,42.41502728212904,42.706821307190836,42.058222290357286,42.127201080322266,37104000,0.0,0.0
2017-04-06 00:00:00-04:00,42.15647706326983,42.359445600964506,41.8835415689709,41.93812942504883,30672000,0.0,0.0
2017-04-07 00:00:00-04:00,41.93316633104035,41.97683510195683,41.55105512029424,41.78925323486328,22232000,0.0,0.0
2017-04-10 00:00:00-04:00,41.76146211818289,42.01951448525901,41.72424484701357,41.76940155029297,20924000,0.0,0.0
2017-04-11 00:00:00-04:00,41.769401971392014,41.9148029984923,41.41706458510465,41.67908477783203,19486000,0.0,0.0
2017-04-12 00:00:00-04:00,41.60861541652074,41.8696436369159,41.56544262705152,41.75749206542969,22716000,0.0,0.0
2017-04-13 00:00:00-04:00,41.73664653888498,41.87014030447037,41.57834630822357,41.6939697265625,21474000,0.0,0.0
2017-04-17 00:00:00-04:00,41.753522903252176,42.46117732575149,41.73615231922237,42.43586730957031,20982000,0.0,0.0
2017-04-18 00:00:00-04:00,42.30733691002721,42.54801869331661,42.2433216891391,42.379295349121094,18724000,0.0,0.0
2017-04-19 00:00:00-04:00,42.54802134197697,42.6874668557753,42.356467859174096,42.50435256958008,21606000,0.0,0.0
2017-04-20 00:00:00-04:00,42.66463631982733,42.872564625316954,42.553476702041586,42.68151092529297,23776000,0.0,0.0
2017-04-21 00:00:00-04:00,42.708308617818545,42.79862960082511,42.56489528300526,42.62543487548828,23458000,0.0,0.0
2017-04-24 00:00:00-04:00,43.096374823312495,43.66805555194461,42.980747620740054,43.616939544677734,33930000,0.0,0.0
2017-04-25 00:00:00-04:00,43.78219134157877,44.277945815648785,43.634310433362856,44.108726501464844,40760000,0.0,0.0
2017-04-26 00:00:00-04:00,44.23527468840342,44.31467658823856,43.9256140940101,44.123619079589844,26466000,0.0,0.0
2017-04-27 00:00:00-04:00,44.16629233186943,44.33402372050894,44.0263508487108,44.23775100708008,46846000,0.0,0.0
2017-04-28 00:00:00-04:00,46.10167182248549,46.4440820900862,45.81483758202033,45.87935256958008,76918000,0.0,0.0
2017-05-01 00:00:00-04:00,45.860981751100546,46.440105884368236,45.6947383193261,46.291229248046875,46556000,0.0,0.0
2017-05-02 00:00:00-04:00,46.31356990747987,46.795925430806086,46.20091856573446,46.503135681152344,35026000,0.0,0.0
2017-05-03 00:00:00-04:00,46.45152971264238,47.153720838295705,46.40984485237989,47.06687927246094,36496000,0.0,0.0
2017-05-04 00:00:00-04:00,47.158185702399734,47.59736842959079,47.0132806556512,47.37802505493164,38752000,0.0,0.0
2017-05-05 00:00:00-04:00,47.477275880911044,47.56263329824186,47.04950819673691,47.157691955566406,32310000,0.0,0.0
2017-05-08 00:00:00-04:00,47.01725686768162,47.68917822396756,47.01477319198405,47.575042724609375,37534000,0.0,0.0
2017-05-09 00:00:00-04:00,47.70604661993539,47.74921941001433,47.36214466069312,47.476776123046875,33758000,0.0,0.0
2017-05-10 00:00:00-04:00,47.45246260358555,47.476776877223294,47.13585456579633,47.38397979736328,22920000,0.0,0.0
2017-05-11 00:00:00-04:00,47.20780998489091,47.54030067802731,47.074815979290726,47.43608474731445,20622000,0.0,0.0
2017-05-12 00:00:00-04:00,47.5333542891766,47.539802001668946,47.246024078515006,47.398868560791016,24298000,0.0,0.0
2017-05-15 00:00:00-04:00,47.40631211349413,47.77403238912884,47.283737426252316,47.60133743286133,26754000,0.0,0.0
2017-05-16 00:00:00-04:00,47.81621240764918,47.93282777685968,47.65741241963593,47.868812561035156,22030000,0.0,0.0
2017-05-17 00:00:00-04:00,47.6251600544227,47.689175277135526,46.65052185226562,46.75523376464844,48982000,0.0,0.0
2017-05-18 00:00:00-04:00,46.806345103008915,47.351227917804934,46.71056836665466,47.168609619140625,36010000,0.0,0.0
2017-05-19 00:00:00-04:00,47.28373669498251,47.61821130278275,47.243043792492934,47.374549865722656,27206000,0.0,0.0
2017-05-22 00:00:00-04:00,47.49116868009444,47.8792391845147,47.46933429537857,47.842018127441406,27748000,0.0,0.0
2017-05-23 00:00:00-04:00,48.13431163878371,48.360102725018464,47.863356277557,48.16358947753906,30908000,0.0,0.0
2017-05-24 00:00:00-04:00,48.39732355580964,48.53924894808386,48.21718515109815,48.51394271850586,22660000,0.0,0.0
2017-05-25 00:00:00-04:00,48.58292396167472,49.415632984536856,48.52436449538357,49.221099853515625,39082000,0.0,0.0
2017-05-26 00:00:00-04:00,49.22804579399912,49.445901237505566,48.997787117442726,49.291072845458984,32728000,0.0,0.0
2017-05-30 00:00:00-04:00,49.2528637801841,49.50694455963105,49.196292008789854,49.43498611450195,30324000,0.0,0.0
2017-05-31 00:00:00-04:00,49.43697198540054,49.60519935961232,48.71591855745543,48.98439025878906,34482000,0.0,0.0
2017-06-01 00:00:00-04:00,49.17643570727521,49.28461945806462,48.69656009093499,49.04393768310547,26128000,0.0,0.0
2017-06-02 00:00:00-04:00,49.058826951613746,49.45036930865034,48.98339666636543,49.43250274658203,34710000,0.0,0.0
2017-06-05 00:00:00-04:00,49.520339072768635,49.992271484562316,49.39925232202065,49.81759262084961,27578000,0.0,0.0
2017-06-06 00:00:00-04:00,49.789304046112,50.0523161762549,49.36699594712542,49.460289001464844,31042000,0.0,0.0
2017-06-07 00:00:00-04:00,49.57988696106635,49.81908081046018,49.42009500491669,49.699485778808594,27482000,0.0,0.0
2017-06-08 00:00:00-04:00,49.83495681539461,49.90294364140927,49.45731322454804,49.837440490722656,33758000,0.0,0.0
2017-06-09 00:00:00-04:00,49.89748920728695,49.89798518514761,47.311029027469736,48.142250061035156,72958000,0.0,0.0
2017-06-12 00:00:00-04:00,47.57652557253585,48.037046702383286,46.48874388291965,47.72986602783203,84042000,0.0,0.0
2017-06-13 00:00:00-04:00,48.23753216399073,48.52883019214543,47.739789971222606,48.161109924316406,40108000,0.0,0.0
2017-06-14 00:00:00-04:00,48.40923664817949,48.61766094460404,47.61572881591536,48.033573150634766,30110000,0.0,0.0
2017-06-15 00:00:00-04:00,47.04553313870927,47.673785592975555,46.66590187148568,47.64897155761719,48552000,0.0,0.0
2017-06-16 00:00:00-04:00,47.5363341722045,47.63757046045884,47.079288620418744,47.57156753540039,51184000,0.0,0.0
2017-06-19 00:00:00-04:00,48.118921268467076,48.5978049035857,48.04696662178621,48.39533615112305,29376000,0.0,0.0
2017-06-20 00:00:00-04:00,48.39980239152941,48.6717497013078,48.04696904390916,48.08617401123047,25946000,0.0,0.0
2017-06-21 00:00:00-04:00,48.1755015253506,48.610216673197506,48.10900262833196,48.56257629394531,23232000,0.0,0.0
2017-06-22 00:00:00-04:00,48.477216464930635,48.65735865136736,48.30055369567204,48.464813232421875,20190000,0.0,0.0
2017-06-23 00:00:00-04:00,48.40923653512779,48.96106683451977,48.35762454598657,48.93476486206055,31280000,0.0,0.0
2017-06-26 00:00:00-04:00,49.12879403624945,49.32679899354548,48.152667987737004,48.24000930786133,30358000,0.0,0.0
2017-06-27 00:00:00-04:00,47.719448391080846,47.99833940653162,46.999386939253284,47.04901123046875,48872000,0.0,0.0
2017-06-28 00:00:00-04:00,47.176552967625994,47.80083394224617,46.45698744053223,47.69017028808594,54912000,0.0,0.0
2017-06-29 00:00:00-04:00,47.210793007621085,47.226175894953286,46.13144664128115,46.539363861083984,64134000,0.0,0.0
2017-06-30 00:00:00-04:00,46.84554841383085,46.89566868069941,46.13193849239863,46.135414123535156,45754000,0.0,0.0
2017-07-03 00:00:00-04:00,46.31108282492581,46.361702853437265,45.42229810592332,45.62824249267578,33896000,0.0,0.0
2017-07-05 00:00:00-04:00,45.863465255325515,46.46343186208333,45.587054150990404,46.26344299316406,41882000,0.0,0.0
2017-07-06 00:00:00-04:00,45.90316925530482,46.455991500775355,45.647600561797674,46.036659240722656,40298000,0.0,0.0
2017-07-07 00:00:00-04:00,46.2004212518277,46.878797813798506,46.14086983342769,46.687740325927734,33266000,0.0,0.0
2017-07-10 00:00:00-04:00,46.744314326588245,47.29912427752377,46.744314326588245,47.19342041015625,29030000,0.0,0.0
2017-07-11 00:00:00-04:00,47.169600878601486,47.386460578325476,46.90162516913599,47.3189697265625,29224000,0.0,0.0
2017-07-12 00:00:00-04:00,47.68271786221216,48.117928942045616,47.493152107047464,48.02016830444336,32042000,0.0,0.0
2017-07-13 00:00:00-04:00,48.175996136913994,48.56803445929512,47.878246614600265,48.079227447509766,30492000,0.0,0.0
2017-07-14 00:00:00-04:00,48.33479701526849,48.510467835780986,48.14373952231558,48.47920608520508,21592000,0.0,0.0
2017-07-17 00:00:00-04:00,48.44992680298946,48.79878854424115,48.17599557974904,48.43206024169922,33210000,0.0,0.0
2017-07-18 00:00:00-04:00,48.303038679768875,49.170981090140856,48.237535520956925,48.97744369506836,28266000,0.0,0.0
2017-07-19 00:00:00-04:00,49.129296429171724,49.406699525092435,48.980419761852744,49.26626205444336,28242000,0.0,0.0
2017-07-20 00:00:00-04:00,49.47617043256222,49.559540148205805,48.86181286451785,49.23747634887695,28368000,0.0,0.0
2017-07-21 00:00:00-04:00,49.079173018907035,49.38238209117647,48.83948319000982,49.319358825683594,29266000,0.0,0.0
2017-07-24 00:00:00-04:00,49.33226699455003,49.932233703465144,49.142201436296226,49.54118728637695,79690000,0.0,0.0
2017-07-25 00:00:00-04:00,48.17103520998085,48.470272682282825,47.828621158219754,48.08816146850586,118672000,0.0,0.0
2017-07-26 00:00:00-04:00,48.27424908190502,48.33230877668775,47.65145615766079,47.90354919433594,44432000,0.0,0.0
2017-07-27 00:00:00-04:00,48.095601938273454,48.11247654391243,46.501646453008206,47.26835250854492,74358000,0.0,0.0
2017-07-28 00:00:00-04:00,47.04404958365928,47.728873861858474,46.9110517937302,47.55717086791992,36276000,0.0,0.0
2017-07-31 00:00:00-04:00,47.640048163224336,47.699103608517916,46.73339677016054,46.92048645019531,45670000,0.0,0.0
2017-08-01 00:00:00-04:00,47.0351148046934,47.36660975438522,46.89368538985332,46.97308349609375,28052000,0.0,0.0
2017-08-02 00:00:00-04:00,47.062905308119326,47.09913440965353,46.276348759406865,47.02667999267578,40788000,0.0,0.0
2017-08-03 00:00:00-04:00,47.099140335097,47.14380106615171,46.61976061966604,46.662437438964844,22478000,0.0,0.0
2017-08-04 00:00:00-04:00,46.843562552511514,47.02171705092121,46.63762193437322,46.93487548828125,25092000,0.0,0.0
2017-08-07 00:00:00-04:00,47.020725335952655,47.09218779849019,46.82123242927371,46.93288803100586,28916000,0.0,0.0
2017-08-08 00:00:00-04:00,46.86043231440909,47.2673575158772,46.770611107665175,46.85546875,30102000,0.0,0.0
2017-08-09 00:00:00-04:00,46.57062613425784,46.834134256424264,46.34582321666199,46.65151596069336,28018000,0.0,0.0
2017-08-10 00:00:00-04:00,46.39942363001695,46.46393483463812,45.743381139076064,45.83320236206055,54148000,0.0,0.0
2017-08-11 00:00:00-04:00,45.839149885156594,46.31802973618093,45.715583254611374,46.155757904052734,32334000,0.0,0.0
2017-08-14 00:00:00-04:00,46.60138793592993,46.69914857390887,46.37410514833401,46.59444046020508,23012000,0.0,0.0
2017-08-15 00:00:00-04:00,46.6986581527084,46.799894433640944,46.480806490160866,46.55226516723633,22130000,0.0,0.0
2017-08-16 00:00:00-04:00,46.70957885726091,47.138834484661764,46.64953145566643,46.85944747924805,26906000,0.0,0.0
2017-08-17 00:00:00-04:00,46.793942038038246,46.836618855977704,46.034183367639976,46.03517532348633,33914000,0.0,0.0
2017-08-18 00:00:00-04:00,46.00142809117825,46.201912960923664,45.82625323888696,45.961727142333984,26748000,0.0,0.0
2017-08-21 00:00:00-04:00,45.941380937995106,46.06444781218914,45.585567931692054,45.69821548461914,26024000,0.0,0.0
2017-08-22 00:00:00-04:00,46.00043500831304,46.74481074349614,45.96123003833307,46.667396545410156,35502000,0.0,0.0
2017-08-23 00:00:00-04:00,46.4986666682668,46.9170069577444,46.41132913140807,46.775577545166016,22690000,0.0,0.0
2017-08-24 00:00:00-04:00,46.83165609407696,46.96067849552437,46.18801687615159,46.49321365356445,25892000,0.0,0.0
2017-08-25 00:00:00-04:00,46.60834464270187,46.68377493495255,46.156262653218135,46.17611312866211,23746000,0.0,0.0
2017-08-28 00:00:00-04:00,46.244588485793926,46.39197341493008,45.95825025095941,46.058494567871094,20988000,0.0,0.0
2017-08-29 00:00:00-04:00,45.652564985174116,46.55772463302447,45.62080346980942,46.43663787841797,23172000,0.0,0.0
2017-08-30 00:00:00-04:00,46.432668303021586,46.938346137692044,46.35227445491065,46.82768249511719,22406000,0.0,0.0
2017-08-31 00:00:00-04:00,46.96018116374227,47.50109615115193,46.95770127435581,47.403831481933594,33866000,0.0,0.0
2017-09-01 00:00:00-04:00,47.51449339200041,47.55717020443395,47.157688434535075,47.24254608154297,20858000,0.0,0.0
2017-09-05 00:00:00-04:00,46.98796534952677,47.21276824156692,46.42918765437167,46.720985412597656,29148000,0.0,0.0
2017-09-06 00:00:00-04:00,46.83959259897241,46.870854348551845,46.28428669963663,46.74778747558594,27830000,0.0,0.0
2017-09-07 00:00:00-04:00,46.858445628029834,47.16860212864933,46.52496302633225,47.138328552246094,22332000,0.0,0.0
2017-09-08 00:00:00-04:00,47.1289068512032,47.178531140047454,46.64803927648587,46.71751403808594,19998000,0.0,0.0
2017-09-11 00:00:00-04:00,47.004843440445214,47.27678696180678,46.69716679707367,46.81081008911133,26748000,0.0,0.0
2017-09-12 00:00:00-04:00,46.990953296891284,47.049013000440326,46.52348465670868,46.97755432128906,25696000,0.0,0.0
2017-09-13 00:00:00-04:00,46.92048475210786,47.28522916054444,46.88276771628767,47.16563034057617,21908000,0.0,0.0
2017-09-14 00:00:00-04:00,46.94529353925096,47.04603383816455,46.566158211796534,46.653995513916016,28548000,0.0,0.0
2017-09-15 00:00:00-04:00,46.65201262584589,46.7343903871149,46.21332586958531,46.41381072998047,39886000,0.0,0.0
2017-09-18 00:00:00-04:00,46.399913723137225,46.49171884616448,45.92301776072743,46.138885498046875,29474000,0.0,0.0
2017-09-19 00:00:00-04:00,46.32051506686896,46.54531418905626,45.985544497834866,46.49171829223633,24854000,0.0,0.0
2017-09-20 00:00:00-04:00,46.5348977415989,47.14379578047466,46.523482678099995,47.0217170715332,40080000,0.0,0.0
2017-09-21 00:00:00-04:00,47.05099481279299,47.28274140618764,46.61677567697785,47.02220916748047,27414000,0.0,0.0
2017-09-22 00:00:00-04:00,46.78500426928739,47.14379313555057,46.6892275379007,46.80931854248047,21496000,0.0,0.0
2017-09-25 00:00:00-04:00,46.62024623068184,46.63513313772302,45.87884645687278,46.363685607910156,37468000,0.0,0.0
2017-09-26 00:00:00-04:00,46.48328679251417,46.8500151193324,46.40537661608518,46.5200080871582,33454000,0.0,0.0
2017-09-27 00:00:00-04:00,46.78352226244843,47.909513292070834,46.74431729035093,47.63508605957031,46692000,0.0,0.0
2017-09-28 00:00:00-04:00,47.45395421011204,47.94672908024382,47.41921682644762,47.878746032714844,28018000,0.0,0.0
2017-09-29 00:00:00-04:00,47.93779682281616,48.424619949286125,47.93779682281616,48.32090377807617,40622000,0.0,0.0
2017-10-02 00:00:00-04:00,48.416675441604816,48.5203916019427,47.73681097508973,48.0107421875,30782000,0.0,0.0
2017-10-03 00:00:00-04:00,48.015206469392695,48.257379957979765,47.77452848652746,48.2395133972168,21666000,0.0,0.0
2017-10-04 00:00:00-04:00,48.22363473292049,48.35464482078487,47.91843798169234,47.97650146484375,21156000,0.0,0.0
2017-10-05 00:00:00-04:00,48.27475281688531,48.95560933140772,48.14969823411217,48.89010238647461,35618000,0.0,0.0
2017-10-06 00:00:00-04:00,48.63255562607581,49.34021017732994,48.55861326168462,49.30944061279297,31060000,0.0,0.0
2017-10-09 00:00:00-04:00,49.37692107258531,49.64787264414547,49.203234167739055,49.243431091308594,25910000,0.0,0.0
2017-10-10 00:00:00-04:00,49.391810670282275,49.49949845019626,48.6876318609449,49.019622802734375,23268000,0.0,0.0
2017-10-11 00:00:00-04:00,49.08115626282671,50.00071059689556,49.02656840811587,49.90542984008789,36300000,0.0,0.0
2017-10-12 00:00:00-04:00,49.81560862596943,50.19771982285468,49.67963496706493,49.90542984008789,30614000,0.0,0.0
2017-10-13 00:00:00-04:00,50.07713744850181,50.35751641596858,49.97540518388993,50.015602111816406,26552000,0.0,0.0
2017-10-16 00:00:00-04:00,50.10293761690179,50.22054874228806,49.70047994830035,50.08904266357422,21420000,0.0,0.0
2017-10-17 00:00:00-04:00,49.994262353966306,50.34759171288629,49.92528356427712,50.17092514038086,20260000,0.0,0.0
2017-10-18 00:00:00-04:00,50.17340512014817,50.434429564257954,49.88905078577245,50.25727081298828,25596000,0.0,0.0
2017-10-19 00:00:00-04:00,49.86076343345676,49.98830167758808,49.49105926962207,49.71635437011719,34284000,0.0,0.0
2017-10-20 00:00:00-04:00,49.974908395415305,50.05430650805293,49.73769844114107,49.876651763916016,32120000,0.0,0.0
2017-10-23 00:00:00-04:00,49.8821012198322,49.912374798986946,48.78638014398963,48.907466888427734,32786000,0.0,0.0
2017-10-24 00:00:00-04:00,48.95511472809701,49.09208035672033,48.487646070254186,49.05386734008789,28902000,0.0,0.0
2017-10-25 00:00:00-04:00,48.94369179674445,49.348633096357005,48.51939978905542,49.20124816894531,30574000,0.0,0.0
2017-10-26 00:00:00-04:00,49.54912586728848,49.948111710507966,49.15212393576024,49.19926834106445,47396000,0.0,0.0
2017-10-27 00:00:00-04:00,51.162927318854706,52.78219286366731,50.95747889494824,51.295921325683594,103682000,0.0,0.0
2017-10-30 00:00:00-04:00,51.07211387922484,51.60161380045673,50.733175472396844,51.269126892089844,46804000,0.0,0.0
2017-10-31 00:00:00-04:00,51.26267215552125,51.65967023733136,50.93018148206614,51.26465606689453,30326000,0.0,0.0
2017-11-01 00:00:00-04:00,51.427434023526644,52.000106771021215,51.31230278610582,51.739078521728516,43262000,0.0,0.0
2017-11-02 00:00:00-04:00,51.609550124629344,51.88397731641103,51.04729676707602,51.75743103027344,26694000,0.0,0.0
2017-11-03 00:00:00-04:00,51.74651579191872,52.13905007475341,51.49342700543893,52.10580062866211,27770000,0.0,0.0
2017-11-06 00:00:00-05:00,52.06163772643483,52.23482865285594,51.709296567056526,51.7430419921875,18294000,0.0,0.0
2017-11-07 00:00:00-05:00,52.088929446317486,52.27552313896581,51.75892621121859,52.22490310668945,26104000,0.0,0.0
2017-11-08 00:00:00-05:00,52.10877584631401,52.736036369261456,51.959902986662186,52.5176887512207,24276000,0.0,0.0
2017-11-09 00:00:00-05:00,52.00705138585244,52.14996873634093,51.404105088900465,51.99315643310547,35892000,0.0,0.0
2017-11-10 00:00:00-05:00,51.802099309849076,51.93906492678788,51.67059323569073,51.81599426269531,19442000,0.0,0.0
2017-11-13 00:00:00-05:00,51.649750966860445,52.04377321267855,51.573328725968764,51.66960144042969,18814000,0.0,0.0
2017-11-14 00:00:00-05:00,51.49690362323988,51.72418642175443,51.080547251487864,51.69143295288086,21012000,0.0,0.0
2017-11-15 00:00:00-05:00,51.3619254664512,51.59168817008283,51.151513472674566,51.4318962097168,18106000,0.0,0.0
2017-11-16 00:00:00-05:00,51.54802088589228,52.193644030714886,51.510803612685386,52.03037643432617,23768000,0.0,0.0
2017-11-17 00:00:00-05:00,52.096373549841466,52.15592118033546,51.298897961474125,51.40608596801758,26712000,0.0,0.0
2017-11-20 00:00:00-05:00,51.41154591875335,51.545535660609886,51.2467904057093,51.34505081176758,17526000,0.0,0.0
2017-11-21 00:00:00-05:00,51.61203184522961,52.12565288958636,51.567371121071915,52.121185302734375,22206000,0.0,0.0
2017-11-22 00:00:00-05:00,52.16386301287419,52.37576293256396,51.96982965480921,52.20158004760742,14538000,0.0,0.0
2017-11-24 00:00:00-05:00,52.32415907473876,52.606029758531534,52.20158438081687,52.42985916137695,16492000,0.0,0.0
2017-11-27 00:00:00-05:00,52.531585840905464,53.249659556822905,52.343008243811624,53.198543548583984,35430000,0.0,0.0
2017-11-28 00:00:00-05:00,53.29679971641899,53.59504518806566,52.33159280405901,52.765811920166016,36424000,0.0,0.0
2017-11-29 00:00:00-05:00,52.412983451889076,52.541513664144034,51.0964309354443,51.48003387451172,55866000,0.0,0.0
2017-11-30 00:00:00-05:00,51.607072576658794,51.81549686363573,51.117273609217705,51.41998291015625,45092000,0.0,0.0
2017-12-01 00:00:00-05:00,51.13414430633142,51.473082707312884,50.463710958450505,50.86914825439453,37762000,0.0,0.0
2017-12-04 00:00:00-05:00,51.00462036816599,51.18029496499004,50.08258618899026,50.21409225463867,38778000,0.0,0.0
2017-12-05 00:00:00-05:00,50.170422737937635,51.44529023917294,49.74017521185432,50.597694396972656,38998000,0.0,0.0
2017-12-06 00:00:00-05:00,50.444852185282436,51.58920562972724,50.38480478897441,51.248779296875,28710000,0.0,0.0
2017-12-07 00:00:00-05:00,51.41502182585161,52.05270168945246,51.37978846771622,51.83683395385742,30866000,0.0,0.0
2017-12-08 00:00:00-05:00,52.196121809743886,52.42489255494484,51.90085216727183,52.07553482055664,31170000,0.0,0.0
2017-12-11 00:00:00-05:00,52.16138659924124,52.40405230745998,51.814508739827055,52.204063415527344,23254000,0.0,0.0
2017-12-12 00:00:00-05:00,52.10630073768928,52.726613841709394,51.85172399748962,52.04526138305664,33882000,0.0,0.0
2017-12-13 00:00:00-05:00,52.209519113266865,52.37824245436875,51.936579842554295,52.17527770996094,27680000,0.0,0.0
2017-12-14 00:00:00-05:00,52.37874456276735,52.95389718238637,52.284951736355865,52.47700119018555,30962000,0.0,0.0
2017-12-15 00:00:00-05:00,52.7901304576841,53.35933130860984,52.60701618899297,53.19804763793945,63760000,0.0,0.0
2017-12-18 00:00:00-05:00,53.4188813914985,53.91711957040014,53.11716403688669,53.8476448059082,30292000,0.0,0.0
2017-12-19 00:00:00-05:00,53.744917023004,53.841685708982446,53.21144551940759,53.584129333496094,26350000,0.0,0.0
2017-12-20 00:00:00-05:00,53.64071113647225,53.65609402379042,53.029329392188195,53.27547073364258,28728000,0.0,0.0
2017-12-21 00:00:00-05:00,53.36627865572526,53.471978731006146,53.04917464379209,53.1409797668457,25640000,0.0,0.0
2017-12-22 00:00:00-05:00,53.098800464990056,53.18415409225254,52.98168532339537,53.04222869873047,17788000,0.0,0.0
2017-12-26 00:00:00-05:00,53.03130632302311,53.042225407735316,52.53505588217745,52.892852783203125,18376000,0.0,0.0
2017-12-27 00:00:00-05:00,52.93008015210925,53.01295389475057,52.52215915162223,52.61247634887695,22324000,0.0,0.0
2017-12-28 00:00:00-05:00,52.71420196437936,52.84273216039119,52.27402731142394,52.40156555175781,19884000,0.0,0.0
2017-12-29 00:00:00-05:00,52.37874054780052,52.505779027442706,52.240283219299755,52.275020599365234,23606000,0.0,0.0
2018-01-02 00:00:00-05:00,52.25617025270984,53.39556020053394,52.25617025270984,53.25809860229492,31766000,0.0,0.0
2018-01-03 00:00:00-05:00,53.293826858111245,54.39401559956042,53.2690166056818,54.16673278808594,31318000,0.0,0.0
2018-01-04 00:00:00-05:00,54.44314296338079,54.79002080218762,54.30270550308476,54.377140045166016,26052000,0.0,0.0
2018-01-05 00:00:00-05:00,54.758755942293035,55.2614578852317,54.67687416456261,55.09819030761719,30250000,0.0,0.0
2018-01-08 00:00:00-05:00,55.133428626287504,55.53836996467042,55.08380433455561,55.292724609375,24644000,0.0,0.0
2018-01-09 00:00:00-05:00,55.502642267895226,55.502642267895226,54.994480721798055,55.222259521484375,26808000,0.0,0.0
2018-01-10 00:00:00-05:00,54.93492751056001,55.2217617465006,54.78506268002627,55.09075164794922,20734000,0.0,0.0
2018-01-11 00:00:00-05:00,55.19844224357218,55.32448878356856,54.9091281034237,55.18553924560547,22424000,0.0,0.0
2018-01-12 00:00:00-05:00,55.08876756824838,56.14081617656425,54.985051398298886,56.10856246948242,38586000,0.0,0.0
2018-01-16 00:00:00-05:00,56.587941857578926,57.013229671570784,55.91056096159724,56.111045837402344,36462000,0.0,0.0
2018-01-17 00:00:00-05:00,56.39191940730114,56.538808365710146,55.7532437778964,56.52789306640625,27830000,0.0,0.0
2018-01-18 00:00:00-05:00,56.54029761440659,56.60183294694647,55.80138143213378,56.37256622314453,27498000,0.0,0.0
2018-01-19 00:00:00-05:00,56.47479875667284,56.76014129190576,56.20037152182837,56.746246337890625,30552000,0.0,0.0
2018-01-22 00:00:00-05:00,56.762124043174204,57.90647752409935,56.662871675936096,57.7714958190918,29550000,0.0,0.0
2018-01-23 00:00:00-05:00,58.09207350050602,58.48361586672038,57.92483808376147,58.36749267578125,39138000,0.0,0.0
2018-01-24 00:00:00-05:00,58.804688966213476,58.907413177364646,57.93227903128399,58.12532043457031,37128000,0.0,0.0
2018-01-25 00:00:00-05:00,58.592787000499854,58.805678869563444,58.15261233236536,58.66374969482422,29984000,0.0,0.0
2018-01-26 00:00:00-05:00,58.93123606528734,58.93272399902344,57.96354908408981,58.93272399902344,42170000,0.0,0.0
2018-01-29 00:00:00-05:00,58.95455396687607,59.45080440839492,58.759028900108504,58.87912368774414,31494000,0.0,0.0
2018-01-30 00:00:00-05:00,58.44441068350131,58.9510804641053,58.28511092397453,58.427040100097656,37338000,0.0,0.0
2018-01-31 00:00:00-05:00,58.746622920105196,58.871185296619764,58.165514824076666,58.667720794677734,36022000,0.0,0.0
2018-02-01 00:00:00-05:00,58.35855649396602,58.92726136028972,58.029541444345845,58.63645553588867,73514000,0.0,0.0
2018-02-02 00:00:00-05:00,55.94827290136698,56.140818339864445,55.14186582970479,55.54035568237305,117842000,0.0,0.0
2018-02-05 00:00:00-05:00,54.61782187208808,55.33143180962722,52.440774316330746,52.721153259277344,83550000,0.0,0.0
2018-02-06 00:00:00-05:00,51.31130902345979,53.96128479980708,51.1142960056207,53.81489181518555,76630000,0.0,0.0
2018-02-07 00:00:00-05:00,53.84168814584848,53.91910234091689,52.335566149712285,52.37477111816406,51942000,0.0,0.0
2018-02-08 00:00:00-05:00,52.596100374751174,52.79757719506311,49.85828727297066,50.007659912109375,66792000,0.0,0.0
2018-02-09 00:00:00-05:00,50.909344316180636,52.19165540867319,49.476172649737094,51.921199798583984,98360000,0.0,0.0
2018-02-12 00:00:00-05:00,52.43730013636036,52.878962767049636,51.8824939696113,52.33259201049805,56240000,0.0,0.0
2018-02-13 00:00:00-05:00,52.106296280534515,52.66309009287061,51.953451811130186,52.311744689941406,31586000,0.0,0.0
2018-02-14 00:00:00-05:00,52.320677213428844,53.370245858338976,52.0963740689642,53.232784271240234,41304000,0.0,0.0
2018-02-15 00:00:00-05:00,53.76625629569793,54.294764243227036,52.96133723775234,54.158790588378906,37396000,0.0,0.0
2018-02-16 00:00:00-05:00,54.259034663539495,54.99993855138818,54.168221490455714,54.36424255371094,39948000,0.0,0.0
2018-02-20 00:00:00-05:00,54.2282657694196,55.39594152717007,54.09130015779495,54.76570510864258,33754000,0.0,0.0
2018-02-21 00:00:00-05:00,55.03913900524265,56.38397726499764,54.96023309408838,55.269893646240234,41486000,0.0,0.0
2018-02-22 00:00:00-05:00,55.53885965461492,55.85100008677696,54.84311633508414,55.078834533691406,28010000,0.0,0.0
2018-02-23 00:00:00-05:00,55.513560774913074,56.02668591580059,55.00639494141923,55.98152542114258,25292000,0.0,0.0
2018-02-26 00:00:00-05:00,56.168604954108694,56.78097861765138,56.04355037921634,56.756168365478516,30912000,0.0,0.0
2018-02-27 00:00:00-05:00,56.75616345480565,56.78345738009774,55.420752599014556,55.45648193359375,42964000,0.0,0.0
2018-02-28 00:00:00-05:00,55.67930567388649,55.959688423416,54.73643273432952,54.78208541870117,49292000,0.0,0.0
2018-03-01 00:00:00-05:00,55.060974592776226,55.14682419570041,52.964313375252146,53.16876983642578,55338000,0.0,0.0
2018-03-02 00:00:00-05:00,52.50230528478262,53.936968598314685,52.11175868044733,53.800498962402344,50162000,0.0,0.0
2018-03-05 00:00:00-05:00,53.50225291516991,54.64610659754565,53.21144708473962,54.3275146484375,28648000,0.0,0.0
2018-03-06 00:00:00-05:00,54.69176119433916,54.86693981283799,54.31460979530824,54.63220977783203,23382000,0.0,0.0
2018-03-07 00:00:00-05:00,54.23123954061141,55.39147558559538,54.08683048055281,55.33390808105469,30748000,0.0,0.0
2018-03-08 00:00:00-05:00,55.44110560536582,56.14776430734299,55.44110560536582,56.04553985595703,33862000,0.0,0.0
2018-03-09 00:00:00-05:00,56.547739214637446,57.61467847617771,56.28919465974288,57.60673904418945,42662000,0.0,0.0
2018-03-12 00:00:00-04:00,57.81566048237289,58.46624715991599,57.52535440754589,57.85933303833008,44306000,0.0,0.0
2018-03-13 00:00:00-04:00,58.152120769167716,58.45830950368578,56.30309246479134,56.56808853149414,43140000,0.0,0.0
2018-03-14 00:00:00-04:00,56.86037720198948,57.553140888449946,56.68917019177097,57.01371765136719,41870000,0.0,0.0
2018-03-15 00:00:00-04:00,57.04746711478381,57.68911862558039,56.35718326869384,57.09907531738281,33382000,0.0,0.0
2018-03-16 00:00:00-04:00,57.33430005554553,57.40675068592315,56.143794144320694,56.29564666748047,58656000,0.0,0.0
2018-03-19 00:00:00-04:00,55.468891977817584,55.548786060621794,54.03770431650665,54.591026306152344,63656000,0.0,0.0
2018-03-20 00:00:00-04:00,54.508149898872496,54.86297095428456,53.715141858503905,54.379127502441406,54598000,0.0,0.0
2018-03-21 00:00:00-04:00,54.21883985425081,55.01929135299701,53.95284805576338,54.28980255126953,44898000,0.0,0.0
2018-03-22 00:00:00-04:00,53.59554628557859,53.78957964222537,52.08843234878068,52.26261901855469,69312000,0.0,0.0
2018-03-23 00:00:00-04:00,52.17428743778185,52.93900961222988,50.85922290334337,50.94259262084961,49880000,0.0,0.0
2018-03-26 00:00:00-04:00,52.13607040179566,52.566321717256976,50.150076671372986,52.309261322021484,65984000,0.0,0.0
2018-03-27 00:00:00-04:00,52.79609455091207,52.82785606956157,49.50694679561835,49.969451904296875,60816000,0.0,0.0
2018-03-28 00:00:00-04:00,49.7198349266751,50.8651804175994,48.831050096900356,49.88210678100586,77698000,0.0,0.0
2018-03-29 00:00:00-04:00,50.181345719506616,52.00953154308469,49.825532702903686,51.46812057495117,69338000,0.0,0.0
2018-04-02 00:00:00-04:00,50.99568397184828,51.58671913548494,49.33969739137753,50.25180435180664,65068000,0.0,0.0
2018-04-03 00:00:00-04:00,50.42649335644149,50.86567610781931,49.488580216950425,50.55204391479492,51322000,0.0,0.0
2018-04-04 00:00:00-04:00,49.53720942273687,51.24977178426137,49.45185579622921,51.09940719604492,50724000,0.0,0.0
2018-04-05 00:00:00-04:00,51.927152589186726,51.943031453160124,50.816048581015046,51.244808197021484,35836000,0.0,0.0
2018-04-06 00:00:00-04:00,50.771390882284656,51.411554524974946,49.93520994469775,50.11882400512695,40134000,0.0,0.0
2018-04-09 00:00:00-04:00,50.61953323122258,51.837829076941425,50.57784837233873,50.62201690673828,33220000,0.0,0.0
2018-04-10 00:00:00-04:00,51.12669885509428,51.67009369839782,50.38976664103749,51.43635940551758,36620000,0.0,0.0
2018-04-11 00:00:00-04:00,51.213042632389204,51.405092062848084,50.57784269060613,50.86864471435547,34060000,0.0,0.0
2018-04-12 00:00:00-04:00,51.18674869899539,51.84080342477513,50.91778103567387,51.475563049316406,32896000,0.0,0.0
2018-04-13 00:00:00-04:00,51.95196349844492,52.25417680406173,51.12123847962914,51.41352844238281,25410000,0.0,0.0
2018-04-16 00:00:00-04:00,51.885471573778354,52.1772655978723,51.308331238358484,51.91276550292969,29776000,0.0,0.0
2018-04-17 00:00:00-04:00,52.66210162928209,53.84317639363368,52.45814113987707,53.563289642333984,54584000,0.0,0.0
2018-04-18 00:00:00-04:00,53.5459220284732,53.69429891878459,53.12460586736447,53.36627960205078,31126000,0.0,0.0
2018-04-19 00:00:00-04:00,53.050171211161896,54.46398840232525,53.050171211161896,54.06401062011719,39884000,0.0,0.0
2018-04-20 00:00:00-04:00,53.80694912151603,54.32701787255593,53.20301089344784,53.46205520629883,42434000,0.0,0.0
2018-04-23 00:00:00-04:00,53.74293007635519,53.99205104578485,52.93404319728805,53.28786849975586,69590000,0.0,0.0
2018-04-24 00:00:00-04:00,52.56285283583598,52.825369021078025,50.26323043790111,50.74856185913086,128220000,0.0,0.0
2018-04-25 00:00:00-04:00,51.101389119640196,51.415021280640595,50.4691650191451,50.765926361083984,57860000,0.0,0.0
2018-04-26 00:00:00-04:00,51.273585427559595,52.20653864442341,50.63987342636872,51.7743034362793,50926000,0.0,0.0
2018-04-27 00:00:00-04:00,51.88497573496711,52.190664713408836,50.99420698696241,51.18575668334961,40746000,0.0,0.0
2018-04-30 00:00:00-04:00,51.3331376788393,51.52915493293339,50.53318222748374,50.54707717895508,34492000,0.0,0.0
2018-05-01 00:00:00-04:00,50.4339378597422,51.69590254049094,50.15157119900512,51.64727020263672,35326000,0.0,0.0
2018-05-02 00:00:00-04:00,51.31230389441947,51.8075624524882,50.77436851908485,50.91778564453125,34698000,0.0,0.0
2018-05-03 00:00:00-04:00,50.88403856416642,51.14804267801984,50.016592148829915,50.9301872253418,39282000,0.0,0.0
2018-05-04 00:00:00-04:00,50.59819179187933,52.1995944899327,50.5207775994612,52.155921936035156,36892000,0.0,0.0
2018-05-07 00:00:00-04:00,52.29934493286772,52.85067927939502,52.11970249067856,52.57575607299805,34400000,0.0,0.0
2018-05-08 00:00:00-04:00,52.83181496413261,52.862088543844074,52.18768359971397,52.53257751464844,26030000,0.0,0.0
2018-05-09 00:00:00-04:00,52.806017016910786,54.28980493760383,52.70726062410294,54.0391960144043,47160000,0.0,0.0
2018-05-10 00:00:00-04:00,54.33942457481275,55.054522416158676,54.28384476641588,54.8589973449707,36414000,0.0,0.0
2018-05-11 00:00:00-04:00,54.607894614828446,55.03467029427952,54.449590603994636,54.755279541015625,30504000,0.0,0.0
2018-05-14 00:00:00-04:00,54.86396120149185,55.48824587965997,54.825751976060964,54.915077209472656,39338000,0.0,0.0
2018-05-15 00:00:00-04:00,54.4337140839432,54.543881746468614,53.53450622248291,53.83672332763672,35738000,0.0,0.0
2018-05-16 00:00:00-04:00,53.84764367043649,54.30866078186636,53.67594067435831,53.79801559448242,25628000,0.0,0.0
2018-05-17 00:00:00-04:00,53.66750464416077,54.14092498301683,53.41739171406392,53.65757751464844,25738000,0.0,0.0
2018-05-18 00:00:00-04:00,52.9002944356798,53.28389731580695,52.834791287908104,53.080928802490234,35482000,0.0,0.0
2018-05-21 00:00:00-04:00,53.54542329649362,54.25506157797582,53.495799009653055,53.794044494628906,25180000,0.0,0.0
2018-05-22 00:00:00-04:00,54.08137797870641,54.180626558439414,53.210951957145525,53.362308502197266,22226000,0.0,0.0
2018-05-23 00:00:00-04:00,53.09880341958403,53.992055832667575,52.94794284377033,53.89081954956055,23740000,0.0,0.0
2018-05-24 00:00:00-04:00,53.937463655345056,53.948378954377326,53.212938438795966,53.86550521850586,20604000,0.0,0.0
2018-05-25 00:00:00-04:00,53.9200943680781,54.0699629796909,53.72407709774085,53.79751968383789,22224000,0.0,0.0
2018-05-29 00:00:00-04:00,53.39655132530935,53.66155117370792,52.75539579079797,53.00302505493164,36076000,0.0,0.0
2018-05-30 00:00:00-04:00,53.27149272267977,53.54492796055853,52.927590769477206,53.46949768066406,28686000,0.0,0.0
2018-05-31 00:00:00-04:00,53.69429876604806,55.083801581642845,53.495801609040726,54.58755111694336,79368000,0.0,0.0
2018-06-01 00:00:00-04:00,55.22622753620622,56.48124464641408,55.18354693646333,56.32442855834961,63202000,0.0,0.0
2018-06-04 00:00:00-04:00,56.49811615122291,57.45885937837239,56.4236778223204,57.21966552734375,44754000,0.0,0.0
2018-06-05 00:00:00-04:00,57.3000534370156,57.619637318370245,56.94275252419484,57.119415283203125,32964000,0.0,0.0
2018-06-06 00:00:00-04:00,57.20626426653391,57.30253697655367,56.38993392889462,56.91744613647461,34934000,0.0,0.0
2018-06-07 00:00:00-04:00,56.799836571157144,56.86385179160158,55.88375786737696,56.29564666748047,36108000,0.0,0.0
2018-06-08 00:00:00-04:00,56.136350399231766,56.51201009610915,55.74034046530058,56.21078872680664,27284000,0.0,0.0
2018-06-11 00:00:00-04:00,56.22220379881585,56.956656208456494,56.14578155460053,56.617218017578125,24796000,0.0,0.0
2018-06-12 00:00:00-04:00,56.6231680188592,57.00677092234482,56.6231680188592,56.978981018066406,26092000,0.0,0.0
2018-06-13 00:00:00-04:00,57.18194483432741,57.34868804339596,56.7402822401383,56.78246307373047,34302000,0.0,0.0
2018-06-14 00:00:00-04:00,57.17847634912753,57.86230868631221,57.09857847787727,57.57051467895508,35422000,0.0,0.0
2018-06-15 00:00:00-04:00,57.5610775555466,57.75908250447119,57.251916782394005,57.52882385253906,44438000,0.0,0.0
2018-06-18 00:00:00-04:00,57.202294283493984,58.762508160811514,57.11842858976017,58.73521423339844,33038000,0.0,0.0
2018-06-19 00:00:00-04:00,58.06676613316014,58.69700258155135,57.64495397925193,58.492549896240234,47282000,0.0,0.0
2018-06-20 00:00:00-04:00,58.72131988665136,59.623999626000824,58.6582966212323,58.75952911376953,51686000,0.0,0.0
2018-06-21 00:00:00-04:00,58.830991567764976,59.07018163238132,57.737750312571556,58.03351593017578,44966000,0.0,0.0
2018-06-22 00:00:00-04:00,58.13524916841904,58.30943205905109,57.5476857463178,58.02607345581055,34220000,0.0,0.0
2018-06-25 00:00:00-04:00,57.316932168851984,57.366060483234236,55.575091871407416,56.536827087402344,57682000,0.0,0.0
2018-06-26 00:00:00-04:00,56.77800247453239,56.91347637029559,56.026679286981775,56.206321716308594,34688000,0.0,0.0
2018-06-27 00:00:00-04:00,56.37404839976028,56.88072193917936,55.416284913167296,55.42819595336914,34538000,0.0,0.0
2018-06-28 00:00:00-04:00,55.20240562030966,56.27480443799909,54.88877722932603,55.91651153564453,29726000,0.0,0.0
2018-06-29 00:00:00-04:00,56.19093446015546,56.64004049854666,55.92841831292961,56.036102294921875,31562000,0.0,0.0
2018-07-02 00:00:00-04:00,55.34930137258343,56.72093772523045,54.9150821847872,56.67726516723633,23216000,0.0,0.0
2018-07-03 00:00:00-04:00,57.04002625087778,57.06434052658334,55.30364546010263,55.395450592041016,16448000,0.0,0.0
2018-07-05 00:00:00-04:00,55.80832480232201,56.77799935679493,55.73487843376797,56.636566162109375,28594000,0.0,0.0
2018-07-06 00:00:00-04:00,56.66038996246997,57.37647977280669,56.435587049351156,57.320899963378906,21820000,0.0,0.0
2018-07-09 00:00:00-04:00,57.5650541720491,57.95858042891574,57.427592580668914,57.92632293701172,21584000,0.0,0.0
2018-07-10 00:00:00-04:00,58.0608133999503,58.23499629826715,57.692097364685694,57.91938018798828,21334000,0.0,0.0
2018-07-11 00:00:00-04:00,57.347697970846205,58.579392820643186,57.33529473733857,58.13376235961914,33252000,0.0,0.0
2018-07-12 00:00:00-04:00,58.302482234052356,59.64880847515142,58.215140910265625,59.61258316040039,44148000,0.0,0.0
2018-07-13 00:00:00-04:00,59.68900389007117,60.06813920593165,59.316320072410456,59.7693977355957,32612000,0.0,0.0
2018-07-16 00:00:00-04:00,59.73912610934193,59.982291565284704,59.22252918906716,59.37686538696289,26784000,0.0,0.0
2018-07-17 00:00:00-04:00,58.69352788722529,60.481020740249086,58.656802808962865,60.19915008544922,40162000,0.0,0.0
2018-07-18 00:00:00-04:00,59.97335632772588,60.621459318789775,59.77634710269954,60.19071578979492,38948000,0.0,0.0
2018-07-19 00:00:00-04:00,59.88006555184665,60.36788062933353,59.43741096490853,59.50539779663086,38338000,0.0,0.0
2018-07-20 00:00:00-04:00,59.51234559052119,60.084522345305295,59.38083572737768,59.444854736328125,37938000,0.0,0.0
2018-07-23 00:00:00-04:00,59.334677938543194,60.29938886450219,59.15354381145048,60.095924377441406,65446000,0.0,0.0
2018-07-24 00:00:00-04:00,63.073432741314164,63.27193368263465,61.74050548921416,62.435752868652344,107600000,0.0,0.0
2018-07-25 00:00:00-04:00,62.161327962628526,63.43271993200098,61.9841654210931,63.31858444213867,51104000,0.0,0.0
2018-07-26 00:00:00-04:00,62.88386804542999,63.88728806818272,62.67643571297238,63.792999267578125,54686000,0.0,0.0
2018-07-27 00:00:00-04:00,63.97264446474513,64.08777191306355,61.75787601301977,62.17472839355469,48362000,0.0,0.0
2018-07-30 00:00:00-04:00,61.78566608778071,62.17472856308017,60.7494963335451,61.040794372558594,43896000,0.0,0.0
2018-07-31 00:00:00-04:00,61.123667429745005,61.59510766309867,60.353489492325785,60.90085220336914,39382000,0.0,0.0
2018-08-01 00:00:00-04:00,61.49089606736952,61.827846788339166,60.78770921326239,61.187191009521484,36994000,0.0,0.0
2018-08-02 00:00:00-04:00,60.46811807908729,61.75390472318255,60.446283694807484,61.59113311767578,34704000,0.0,0.0
2018-08-03 00:00:00-04:00,61.79211424069517,61.85861313566656,61.01002529538977,61.443748474121094,21264000,0.0,0.0
2018-08-06 00:00:00-04:00,61.61495867976583,61.657139517116526,61.065112288349646,61.41943359375,22114000,0.0,0.0
2018-08-07 00:00:00-04:00,62.131055673270545,62.82928274626681,62.1206363514822,62.32112121582031,42506000,0.0,0.0
2018-08-08 00:00:00-04:00,62.3647847498049,63.10916042064244,62.136509998412244,62.59355926513672,34344000,0.0,0.0
2018-08-09 00:00:00-04:00,62.663040313567365,63.12107779586632,62.53252619053932,62.7488899230957,27326000,0.0,0.0
2018-08-10 00:00:00-04:00,62.48687134421892,62.58711567367954,61.89038029093258,62.1558723449707,26602000,0.0,0.0
2018-08-13 00:00:00-04:00,62.09085986663556,62.82382050483645,61.88392351252076,61.96381759643555,27500000,0.0,0.0
2018-08-14 00:00:00-04:00,62.155366416378016,62.55683207567791,61.512227039748964,62.43525314331055,28080000,0.0,0.0
2018-08-15 00:00:00-04:00,61.747454074193485,62.12956526957245,60.85221780377346,61.14897537231445,37052000,0.0,0.0
2018-08-16 00:00:00-04:00,61.63381440833147,61.71867584838752,60.52419826363136,60.74403762817383,32176000,0.0,0.0
2018-08-17 00:00:00-04:00,60.64379721083768,60.88745487334272,59.74856088586463,60.33661651611328,33092000,0.0,0.0
2018-08-20 00:00:00-04:00,60.57530896994104,60.835841215995266,59.98179384989175,60.63932418823242,22218000,0.0,0.0
2018-08-21 00:00:00-04:00,60.692423155818,61.17577060671646,60.29591726151543,60.414024353027344,23082000,0.0,0.0
2018-08-22 00:00:00-04:00,60.25572638286765,60.86661213785462,60.206102090394054,60.6294059753418,22296000,0.0,0.0
2018-08-23 00:00:00-04:00,60.53660130261147,61.29536793158742,60.51029933128536,60.600120544433594,24666000,0.0,0.0
2018-08-24 00:00:00-04:00,60.84030398056331,61.40602918665708,60.61302118521179,61.373775482177734,24454000,0.0,0.0
2018-08-27 00:00:00-04:00,61.7405062738133,62.42185870960041,61.56880327920677,62.34245681762695,28580000,0.0,0.0
2018-08-28 00:00:00-04:00,62.324093441166944,62.35684691047061,61.682441959984544,61.82585906982422,27330000,0.0,0.0
2018-08-29 00:00:00-04:00,62.27943992285241,62.883378225993226,62.170264203268864,62.75831985473633,36926000,0.0,0.0
2018-08-30 00:00:00-04:00,62.69629030144192,62.99850745046211,61.8928628418397,62.251651763916016,30104000,0.0,0.0
2018-08-31 00:00:00-04:00,62.14097536000859,62.15784617844161,60.82789487605757,61.12812805175781,42308000,0.0,0.0
2018-09-04 00:00:00-04:00,60.667618422557396,60.93311426981719,59.87560225428228,60.11132049560547,41458000,0.0,0.0
2018-09-05 00:00:00-04:00,60.0076000189941,60.28798275608987,58.32630312437928,59.50539779663086,53988000,0.0,0.0
2018-09-06 00:00:00-04:00,59.479095121995066,59.49993755136597,57.74420234710536,58.75556182861328,46854000,0.0,0.0
2018-09-07 00:00:00-04:00,58.16054711986741,58.98184473695598,58.02507324025619,58.43795394897461,32658000,0.0,0.0
2018-09-10 00:00:00-04:00,58.765978277724024,58.88805698068228,58.09157333038977,58.31240463256836,27670000,0.0,0.0
2018-09-11 00:00:00-04:00,58.11588952558452,59.10045097732192,57.86032085101732,59.053306579589844,29254000,0.0,0.0
2018-09-12 00:00:00-04:00,58.65680609849579,59.088049407654154,57.87074550815637,58.140708923339844,35716000,0.0,0.0
2018-09-13 00:00:00-04:00,58.542666734402324,58.947608044302676,58.02259419835304,58.66374969482422,40068000,0.0,0.0
2018-09-14 00:00:00-04:00,58.95455976983742,58.95455976983742,58.23598624293688,58.457313537597656,24176000,0.0,0.0
2018-09-17 00:00:00-04:00,58.44689042269163,58.64787125247181,57.48863090914022,57.556617736816406,34096000,0.0,0.0
2018-09-18 00:00:00-04:00,57.697053530585144,58.62355529006376,57.63601418079308,57.917884826660156,32314000,0.0,0.0
2018-09-19 00:00:00-04:00,58.00969668275123,58.37245338284922,57.49657160778667,58.2732048034668,25962000,0.0,0.0
2018-09-20 00:00:00-04:00,58.59081025226573,59.252312279981524,58.37146685816614,59.13172149658203,29244000,0.0,0.0
2018-09-21 00:00:00-04:00,59.29795816013988,59.38033591795316,58.163531853788456,58.166507720947266,91222000,0.0,0.0
2018-09-24 00:00:00-04:00,57.53577268577425,58.81510397636205,57.14323840953058,58.53571701049805,31150000,0.0,0.0
2018-09-25 00:00:00-04:00,58.768465137754866,59.39423400008724,58.26427143492876,59.246849060058594,33152000,0.0,0.0
2018-09-26 00:00:00-04:00,59.236924602097055,59.90934187569553,58.82553177694905,59.25528335571289,37650000,0.0,0.0
2018-09-27 00:00:00-04:00,59.55005428398629,60.386731062528824,59.45328559721843,59.9152946472168,36274000,0.0,0.0
2018-09-28 00:00:00-04:00,59.75301703771534,59.96938452970199,59.44236453745292,59.901397705078125,35612000,0.0,0.0
2018-10-01 00:00:00-04:00,60.19517755243099,60.75097560058265,59.70835449638578,59.973350524902344,33164000,0.0,0.0
2018-10-02 00:00:00-04:00,59.88105523330002,60.76686413751253,59.53318544167417,59.92919158935547,40180000,0.0,0.0
2018-10-03 00:00:00-04:00,60.14556047936127,60.25374424183991,59.65675342264651,60.12223815917969,26246000,0.0,0.0
2018-10-04 00:00:00-04:00,59.79967030122548,59.84284309311647,57.756112718630625,58.41215515136719,46576000,0.0,0.0
2018-10-05 00:00:00-04:00,58.359054395460255,58.65680391963335,57.283183742164695,57.953617095947266,31852000,0.0,0.0
2018-10-08 00:00:00-04:00,57.565055747605335,58.35210828288025,56.34428001970252,57.362586975097656,46190000,0.0,0.0
2018-10-09 00:00:00-04:00,57.13381000113279,57.64197150133537,56.779488717873775,56.8291130065918,33690000,0.0,0.0
2018-10-10 00:00:00-04:00,56.39390010618958,56.424669663036354,54.166232652440264,54.198490142822266,58980000,0.0,0.0
2018-10-11 00:00:00-04:00,53.547416660311995,55.38453784211773,53.391096532383955,54.128028869628906,67696000,0.0,0.0
2018-10-12 00:00:00-04:00,55.56218897171443,55.86936966423178,54.340917228377016,55.60685348510742,49370000,0.0,0.0
2018-10-15 00:00:00-04:00,55.48080283059739,55.669376642024666,54.499217211619204,54.70863723754883,30074000,0.0,0.0
2018-10-16 00:00:00-04:00,55.25649462708818,56.39241262856869,55.170645026111025,56.22914505004883,38378000,0.0,0.0
2018-10-17 00:00:00-04:00,56.57255634610747,56.91993017765602,55.28230581823897,55.95671081542969,35652000,0.0,0.0
2018-10-18 00:00:00-04:00,56.07630082458417,56.19291998316856,53.909672693570016,54.48383331298828,46152000,0.0,0.0
2018-10-19 00:00:00-04:00,54.77166169889283,55.62719702430532,54.44016674849358,54.844608306884766,41286000,0.0,0.0
2018-10-22 00:00:00-04:00,55.20836238663094,55.66391996800423,54.587553303028656,55.151790618896484,27116000,0.0,0.0
2018-10-23 00:00:00-04:00,54.15531037690291,55.48079783845437,53.54591644309806,55.32745361328125,37686000,0.0,0.0
2018-10-24 00:00:00-04:00,55.33193584631164,55.41232970684278,52.35740843975349,52.45963668823242,49286000,0.0,0.0
2018-10-25 00:00:00-04:00,53.6099366056621,55.4718677869976,53.374218394302666,54.76570510864258,72956000,0.0,0.0
2018-10-26 00:00:00-04:00,52.02342416355418,55.43117444083791,51.720711082397315,53.78114318847656,106438000,0.0,0.0
2018-10-29 00:00:00-04:00,54.4158501143808,55.025743896294486,49.98234923945792,51.34852600097656,81290000,0.0,0.0
2018-10-30 00:00:00-04:00,50.618051691444826,52.15096808396464,50.318318209146035,52.08198928833008,59768000,0.0,0.0
2018-10-31 00:00:00-04:00,53.009474823109436,54.98455335098819,53.009474823109436,54.12008285522461,70916000,0.0,0.0
2018-11-01 00:00:00-04:00,54.160779049904754,54.58259121599493,53.48687002552307,53.89181137084961,40132000,0.0,0.0
2018-11-02 00:00:00-04:00,54.04168296288354,54.48830919287584,52.98268300917959,53.17274856567383,43438000,0.0,0.0
2018-11-05 00:00:00-05:00,53.22435654801406,53.265049454381995,51.31230485710096,52.390655517578125,45358000,0.0,0.0
2018-11-06 00:00:00-05:00,52.35541214607463,53.58611487425037,52.28544141116368,53.077457427978516,28660000,0.0,0.0
2018-11-07 00:00:00-05:00,53.76824455416379,55.080329473469874,53.62433145586528,54.996463775634766,43388000,0.0,0.0
2018-11-08 00:00:00-05:00,54.949816279666464,54.99546896044465,53.811414549994645,54.32106399536133,33694000,0.0,0.0
2018-11-09 00:00:00-05:00,53.794547914294924,54.009423718442406,52.81395793785999,53.447174072265625,34860000,0.0,0.0
2018-11-12 00:00:00-05:00,53.25412592209915,53.30226227598719,51.62741701904658,52.07453536987305,34002000,0.0,0.0
2018-11-13 00:00:00-05:00,52.345000015364555,52.93355162007457,51.62990211094706,52.00556182861328,25750000,0.0,0.0
2018-11-14 00:00:00-05:00,52.602551504272974,52.88988171686323,51.66513436671668,52.33358383178711,34666000,0.0,0.0
2018-11-15 00:00:00-05:00,52.178751168531576,53.53897230637955,51.674061527661046,53.15090560913086,41584000,0.0,0.0
2018-11-16 00:00:00-05:00,52.862090329691156,53.21988725316844,52.34946122960992,53.0129508972168,35366000,0.0,0.0
2018-11-19 00:00:00-05:00,52.77077652878864,52.99955105177673,50.759972466189616,50.98576354980469,45684000,0.0,0.0
2018-11-20 00:00:00-05:00,49.986814202643885,51.47854533930505,49.734721132277805,51.136131286621094,54458000,0.0,0.0
2018-11-21 00:00:00-05:00,51.87355887048275,52.34003554064144,51.58325278940232,51.78026580810547,29698000,0.0,0.0
2018-11-23 00:00:00-05:00,51.28748631573186,51.7589265430641,51.04035303166369,51.1187629699707,14178000,0.0,0.0
2018-11-26 00:00:00-05:00,51.80854649684427,52.453669794744776,51.59863050188676,52.40106964111328,31558000,0.0,0.0
2018-11-27 00:00:00-05:00,52.17279582590606,52.93801392428901,51.882985746599815,52.21944046020508,33048000,0.0,0.0
2018-11-28 00:00:00-05:00,52.4765028229212,54.233229925381984,51.75644139831833,54.18013000488281,46042000,0.0,0.0
2018-11-29 00:00:00-05:00,53.77022600281001,54.59499556224132,53.69429974090994,54.31858444213867,31004000,0.0,0.0
2018-11-30 00:00:00-05:00,54.37069711724362,55.066436767578125,53.75286386096738,55.066436767578125,59668000,0.0,0.0
2018-12-03 00:00:00-05:00,56.183490654404444,56.3244240810467,55.16964759831994,55.3994140625,57532000,0.0,0.0
2018-12-04 00:00:00-05:00,55.23218669201161,55.29421800507931,52.64126247462386,52.725128173828125,45630000,0.0,0.0
2018-12-06 00:00:00-05:00,51.858171497904195,53.56626619579473,51.7331169309723,53.4997673034668,47436000,0.0,0.0
2018-12-07 00:00:00-05:00,53.20946433467188,53.844664335294944,51.57878373321062,51.936580657958984,42682000,0.0,0.0
2018-12-10 00:00:00-05:00,51.75594902324796,52.58270253817698,51.26267817663023,52.26411056518555,33652000,0.0,0.0
2018-12-11 00:00:00-05:00,52.94694915573629,53.11865215603475,52.11126428129302,52.68443298339844,33852000,0.0,0.0
2018-12-12 00:00:00-05:00,53.45014466445555,54.1771497714117,53.1965598917563,53.28390121459961,28960000,0.0,0.0
2018-12-13 00:00:00-05:00,53.38017514737877,54.0128952559157,52.850179249932424,53.274471282958984,24986000,0.0,0.0
2018-12-14 00:00:00-05:00,52.60354692638663,53.184159124475165,52.07503891253909,52.191162109375,36358000,0.0,0.0
2018-12-17 00:00:00-05:00,51.95791813973228,52.72065637642869,50.45031201389184,50.89793014526367,49932000,0.0,0.0
2018-12-18 00:00:00-05:00,51.31229755726115,52.587165091175336,51.13761491426649,51.77927017211914,43640000,0.0,0.0
2018-12-19 00:00:00-05:00,51.9718101519405,53.382155317002606,50.58925867627678,51.38474655151367,58264000,0.0,0.0
2018-12-20 00:00:00-05:00,50.915295165612314,51.979258518056454,50.01509915562534,50.795204162597656,53674000,0.0,0.0
2018-12-21 00:00:00-05:00,51.21503320586026,51.494420183045044,48.69160009322577,49.190826416015625,104656000,0.0,0.0
2018-12-24 00:00:00-05:00,48.84692537587462,50.22650106276477,48.516422384460746,48.864295959472656,36360000,0.0,0.0
2018-12-26 00:00:00-05:00,49.52529859023944,52.02937708581942,49.260298769950424,51.999603271484375,46318000,0.0,0.0
2018-12-27 00:00:00-05:00,50.92522574682431,52.27204800815776,49.9724219454336,52.250213623046875,45996000,0.0,0.0
2018-12-28 00:00:00-05:00,52.57773552759089,52.812461786743754,51.70929720929407,51.94154357910156,34398000,0.0,0.0
2018-12-31 00:00:00-05:00,52.49486542452971,52.75093389414254,51.26466227780044,51.85619354248047,33110000,0.0,0.0
2019-01-02 00:00:00-05:00,50.97484617397945,52.64175198957034,50.87956542245332,52.33854293823242,31868000,0.0,0.0
2019-01-03 00:00:00-05:00,52.13954944438551,52.91320299775853,50.73515968820897,50.88899612426758,41960000,0.0,0.0
2019-01-04 00:00:00-05:00,51.73708112968544,53.59504430104599,51.45421854731797,53.499267578125,46022000,0.0,0.0
2019-01-07 00:00:00-05:00,53.643187063810046,53.72903666857893,52.73355986232169,53.392581939697266,47446000,0.0,0.0
2019-01-08 00:00:00-05:00,53.892803500177465,54.25754792027639,53.01692167125715,53.861541748046875,35414000,0.0,0.0
2019-01-09 00:00:00-05:00,53.991553586577936,54.17268393766972,53.315656941289234,53.67692947387695,26998000,0.0,0.0
2019-01-10 00:00:00-05:00,53.34394971663049,53.585623453477346,52.83479624922909,53.536991119384766,26598000,0.0,0.0
2019-01-11 00:00:00-05:00,53.09384263904463,53.26604163189244,52.42539312092203,52.824378967285156,30864000,0.0,0.0
2019-01-14 00:00:00-05:00,52.27204944129279,52.52563423166074,52.0343473018788,52.181236267089844,28490000,0.0,0.0
2019-01-15 00:00:00-05:00,52.50380053682224,54.00545503857425,52.32663798715181,53.918113708496094,37518000,0.0,0.0
2019-01-16 00:00:00-05:00,54.091300328946794,54.70466592993807,53.99254772889954,54.06698226928711,38280000,0.0,0.0
2019-01-17 00:00:00-05:00,53.99155422943767,54.62228660978852,53.75682419367969,54.543880462646484,24896000,0.0,0.0
2019-01-18 00:00:00-05:00,55.01382906025276,55.48080167136482,54.55182001373234,54.94981384277344,44892000,0.0,0.0
2019-01-22 00:00:00-05:00,54.38905212286188,54.53644084839105,53.142966373841496,53.52706527709961,39632000,0.0,0.0
2019-01-23 00:00:00-05:00,53.93547129346902,54.237688372658695,52.97820760191297,53.81389236450195,25194000,0.0,0.0
2019-01-24 00:00:00-05:00,53.71961004788179,53.99205334645868,53.09979293026308,53.79355239868164,29114000,0.0,0.0
2019-01-25 00:00:00-05:00,54.3012144700217,54.754292157150836,54.1806274814527,54.6624870300293,23260000,0.0,0.0
2019-01-28 00:00:00-05:00,54.09477398388179,54.25853375284251,53.32756819323923,53.58810043334961,29334000,0.0,0.0
2019-01-29 00:00:00-05:00,53.64665892673506,53.82977698563833,52.9012912664719,53.101776123046875,19704000,0.0,0.0
2019-01-30 00:00:00-05:00,53.46403798777427,54.5637306703706,53.428308652364905,54.4878044128418,29452000,0.0,0.0
2019-01-31 00:00:00-05:00,55.19496034233582,55.96067443398866,54.84808251474567,55.87234115600586,40232000,0.0,0.0
2019-02-01 00:00:00-05:00,55.693696121679096,56.2946585428665,55.29471407739513,55.511573791503906,33116000,0.0,0.0
2019-02-04 00:00:00-05:00,55.53092465281359,56.68867709695987,55.45648632466018,56.64302062988281,78408000,0.0,0.0
2019-02-05 00:00:00-05:00,56.05794518348053,57.206270349703495,55.75870770046003,57.16160583496094,82296000,0.0,0.0
2019-02-06 00:00:00-05:00,57.03258164416233,57.26730791642464,55.49866966697885,55.723472595214844,48256000,0.0,0.0
2019-02-07 00:00:00-05:00,55.17411841965642,55.18255382941808,54.26945479753328,54.880836486816406,38298000,0.0,0.0
2019-02-08 00:00:00-05:00,54.33347390092957,54.84064348388017,54.30171617106462,54.70566177368164,21766000,0.0,0.0
2019-02-11 00:00:00-05:00,54.77364265989197,55.25401423980819,54.5875487437202,54.692752838134766,18498000,0.0,0.0
2019-02-12 00:00:00-05:00,55.13392519968207,56.21823510549405,55.13392519968207,55.956214904785156,35036000,0.0,0.0
2019-02-13 00:00:00-05:00,56.227167264922016,56.7139904003388,55.877805730488085,56.00831985473633,28042000,0.0,0.0
2019-02-14 00:00:00-05:00,55.82817773205907,56.38050398884658,55.43564342956175,56.03660202026367,21106000,0.0,0.0
2019-02-15 00:00:00-05:00,56.537817403035326,56.537817403035326,55.41728221260082,55.56169128417969,27826000,0.0,0.0
2019-02-19 00:00:00-05:00,55.41331154725843,56.05843486725791,55.41331154725843,55.90311050415039,21980000,0.0,0.0
2019-02-20 00:00:00-05:00,56.02072587815568,56.1224581378499,55.17065005604538,55.60933303833008,24090000,0.0,0.0
2019-02-21 00:00:00-05:00,55.51950405783551,55.53786659562979,54.487302268381264,54.79646682739258,33272000,0.0,0.0
2019-02-22 00:00:00-05:00,55.06890978566713,55.443577490267856,54.61236030732778,55.40933609008789,29436000,0.0,0.0
2019-02-25 00:00:00-05:00,55.675834138089776,55.84803312649058,55.28776738831832,55.44755935668945,26208000,0.0,0.0
2019-02-26 00:00:00-05:00,55.30066657982733,55.89964131160998,54.92004328499551,55.67980194091797,35026000,0.0,0.0
2019-02-27 00:00:00-05:00,55.28280191306643,55.86440603971526,55.01234630178223,55.723472595214844,22092000,0.0,0.0
2019-02-28 00:00:00-05:00,55.530433996172015,56.27431379893314,55.50115615441572,55.90510177612305,27422000,0.0,0.0
2019-03-01 00:00:00-05:00,56.12593475070827,57.06881152441686,56.12593475070827,56.995365142822266,34086000,0.0,0.0
2019-03-04 00:00:00-05:00,57.29509334046065,57.838984173948596,56.48570669542763,57.238521575927734,35490000,0.0,0.0
2019-03-05 00:00:00-05:00,57.36655224406928,58.38337122054725,57.21867133389695,58.0211067199707,40094000,0.0,0.0
2019-03-06 00:00:00-05:00,58.14865365112823,58.296534583388926,57.716418346829336,57.810211181640625,23602000,0.0,0.0
2019-03-07 00:00:00-05:00,57.58986847386412,57.74271295204904,56.657411146398836,57.110984802246094,30086000,0.0,0.0
2019-03-08 00:00:00-05:00,56.26984231087346,57.24001291977249,56.08622826804049,57.067317962646484,23694000,0.0,0.0
2019-03-11 00:00:00-04:00,57.16805057294,58.553085766615624,57.146712166962345,58.52083206176758,30032000,0.0,0.0
2019-03-12 00:00:00-04:00,58.67168987997052,59.8334100442074,58.67168987997052,59.41358184814453,42220000,0.0,0.0
2019-03-13 00:00:00-04:00,59.84432878201533,59.90338043221836,59.44633497106818,59.50340270996094,25888000,0.0,0.0
2019-03-14 00:00:00-04:00,59.50142320150544,59.783293858123756,59.11484442416776,59.17935562133789,27302000,0.0,0.0
2019-03-15 00:00:00-04:00,59.45081390427072,59.63541612970674,58.90543128045856,59.06869888305664,51886000,0.0,0.0
2019-03-18 00:00:00-04:00,59.03842143494167,59.299449659667964,58.631000234216486,58.981849670410156,24442000,0.0,0.0
2019-03-19 00:00:00-04:00,59.13915507606691,59.719274981569214,59.02700350816118,59.6721305847168,29788000,0.0,0.0
2019-03-20 00:00:00-04:00,59.619530647007004,61.03831130394564,59.52970943386916,60.86164474487305,41508000,0.0,0.0
2019-03-21 00:00:00-04:00,60.54255467605238,61.358389019553314,60.37283559921016,61.3430061340332,28150000,0.0,0.0
2019-03-22 00:00:00-04:00,60.98174373742814,61.21894990135531,59.847809527886746,59.929691314697266,34422000,0.0,0.0
2019-03-25 00:00:00-04:00,59.52822388744899,60.018518852319644,59.05380778714615,59.420040130615234,27576000,0.0,0.0
2019-03-26 00:00:00-04:00,59.80760271312892,59.929681406309,58.64489061927288,59.045860290527344,30752000,0.0,0.0
2019-03-27 00:00:00-04:00,59.149088938796496,59.149088938796496,57.77496894223521,58.458805084228516,29428000,0.0,0.0
2019-03-28 00:00:00-04:00,58.33424573270985,58.421087295493514,57.73527103686355,58.173954010009766,22402000,0.0,0.0
2019-03-29 00:00:00-04:00,58.566484924810155,58.75456654246122,57.881660661688244,58.403221130371094,30890000,0.0,0.0
2019-04-01 00:00:00-04:00,58.931726317742886,59.559978827615936,58.87317064108429,59.49943923950195,27706000,0.0,0.0
2019-04-02 00:00:00-04:00,59.55253458747691,59.83837684908402,59.115339571492136,59.82497787475586,18288000,0.0,0.0
2019-04-03 00:00:00-04:00,60.18029110939912,60.57232942381467,59.802151533259135,60.08650207519531,22180000,0.0,0.0
2019-04-04 00:00:00-04:00,60.1103212867024,60.56985045761731,59.9986656896631,60.515262603759766,21022000,0.0,0.0
2019-04-05 00:00:00-04:00,60.50781785264706,60.561909727480234,60.04779271372844,60.11825942993164,20012000,0.0,0.0
2019-04-08 00:00:00-04:00,60.101382569831145,60.242315988072114,59.783286637090114,59.96094512939453,21750000,0.0,0.0
2019-04-09 00:00:00-04:00,59.6438470002438,59.90487143626524,59.469660335491206,59.68354415893555,19668000,0.0,0.0
2019-04-10 00:00:00-04:00,59.80265300607698,59.99370672313107,59.58281364020274,59.870140075683594,15510000,0.0,0.0
2019-04-11 00:00:00-04:00,59.99172142462984,60.182282945466525,59.775357695168374,60.025962829589844,16998000,0.0,0.0
2019-04-12 00:00:00-04:00,60.32519858859302,60.69391460033964,60.20957516572621,60.678035736083984,24312000,0.0,0.0
2019-04-15 00:00:00-04:00,60.74552472518107,61.004073078896056,60.27260033895646,60.86661148071289,23796000,0.0,0.0
2019-04-16 00:00:00-04:00,61.03880973123557,61.33556730961512,60.79266839997401,61.13359451293945,22622000,0.0,0.0
2019-04-17 00:00:00-04:00,61.38618331028247,61.788148776562416,61.18272258076238,61.54200744628906,30366000,0.0,0.0
2019-04-18 00:00:00-04:00,61.78318800670789,61.82983643265231,61.505784912760845,61.60801315307617,24750000,0.0,0.0
2019-04-22 00:00:00-04:00,61.369807441901315,62.24668118372701,61.206043876380306,62.217899322509766,19084000,0.0,0.0
2019-04-23 00:00:00-04:00,62.36082515718075,63.243654486130865,62.129074744171035,63.05309295654297,31868000,0.0,0.0
2019-04-24 00:00:00-04:00,63.053089174036955,63.22231228489113,62.51813348565007,62.5300407409668,23396000,0.0,0.0
2019-04-25 00:00:00-04:00,63.038696513815154,63.16275913114883,62.428310556744194,62.891807556152344,31344000,0.0,0.0
2019-04-26 00:00:00-04:00,63.19154014016387,63.465967342647225,62.77568352459379,63.392024993896484,27228000,0.0,0.0
2019-04-29 00:00:00-04:00,63.545365145430786,64.36219903675915,63.108666103374446,64.32398223876953,72368000,0.0,0.0
2019-04-30 00:00:00-04:00,59.08507069125952,59.59868795220461,58.70643134530683,59.49844741821289,133178000,0.0,0.0
2019-05-01 00:00:00-04:00,59.4259960943342,59.51284144439897,58.144676967482674,58.2260627746582,74340000,0.0,0.0
2019-05-02 00:00:00-04:00,58.19033204544976,58.52679056579898,57.48218164489478,57.88811492919922,45098000,0.0,0.0
2019-05-03 00:00:00-04:00,58.429028536065694,59.12328401239134,58.23747884247491,59.03147888183594,41588000,0.0,0.0
2019-05-06 00:00:00-04:00,58.16055052831237,59.32326646969478,58.11886567274445,59.22550582885742,31774000,0.0,0.0
2019-05-07 00:00:00-04:00,58.84587812003669,59.2905166064631,57.813180247113,58.50098419189453,36604000,0.0,0.0
2019-05-08 00:00:00-04:00,58.42307332194062,58.769458988118615,57.94369742841104,58.10001754760742,25520000,0.0,0.0
2019-05-09 00:00:00-04:00,57.694079675982636,58.26327674387024,57.299061704059284,57.96056365966797,29556000,0.0,0.0
2019-05-10 00:00:00-04:00,58.00374239955809,58.3729506059401,56.88866675392275,57.944190979003906,31650000,0.0,0.0
2019-05-13 00:00:00-04:00,56.83259114889159,57.166565996341326,55.85299318344786,56.4033317565918,45626000,0.0,0.0
2019-05-14 00:00:00-04:00,56.68768627545845,56.81422878558775,55.755228922522,55.821231842041016,40392000,0.0,0.0
2019-05-15 00:00:00-04:00,55.706594780540094,58.473193404251774,55.64952703697073,58.10100555419922,59302000,0.0,0.0
2019-05-16 00:00:00-04:00,58.152612216792654,59.26024434993122,57.98438485774405,58.78086471557617,35308000,0.0,0.0
2019-05-17 00:00:00-04:00,58.35062043745472,58.86969725966883,57.88364779556979,58.000762939453125,25362000,0.0,0.0
2019-05-20 00:00:00-04:00,57.217682845355235,57.217682845355235,56.48025458906698,56.803810119628906,30602000,0.0,0.0
2019-05-21 00:00:00-04:00,57.29112270541092,57.465805352739906,56.73681254139221,57.28913879394531,20562000,0.0,0.0
2019-05-22 00:00:00-04:00,57.130837017392196,57.752638056558965,57.11842999806387,57.35911178588867,18826000,0.0,0.0
2019-05-23 00:00:00-04:00,56.873780219049515,57.071285427584336,56.23312066384092,56.83755111694336,25214000,0.0,0.0
2019-05-24 00:00:00-04:00,57.16805220096117,57.28516734129185,56.4092855711958,56.50357437133789,18554000,0.0,0.0
2019-05-28 00:00:00-04:00,56.64600097315336,57.39087266945291,56.506551680851864,56.55072021484375,20948000,0.0,0.0
2019-05-29 00:00:00-04:00,56.21028824722078,56.324427519527866,55.180570051498236,55.57707595825195,36230000,0.0,0.0
2019-05-30 00:00:00-04:00,55.5875009366912,55.91750798232078,55.37659295413161,55.650028228759766,18088000,0.0,0.0
2019-05-31 00:00:00-04:00,54.867441287329214,55.25252837049741,54.753797985342445,54.910118103027344,31582000,0.0,0.0
2019-06-03 00:00:00-04:00,52.946449828100434,52.94992167307215,50.96641158625489,51.54751968383789,96890000,0.0,0.0
2019-06-04 00:00:00-04:00,51.832858772888834,52.525130227612316,51.41303058523407,52.32910919189453,60512000,0.0,0.0
2019-06-05 00:00:00-04:00,52.354422337948215,52.44424354800819,51.26267286524235,51.84030532836914,46988000,0.0,0.0
2019-06-06 00:00:00-04:00,51.918221858095734,52.10629969708444,51.38723400310241,51.995140075683594,29020000,0.0,0.0
2019-06-07 00:00:00-04:00,52.31869102928199,53.26901105703743,52.16336288795024,53.017906188964844,43828000,0.0,0.0
2019-06-10 00:00:00-04:00,53.44617144683089,54.331484331208706,53.36081782409409,53.73201370239258,28510000,0.0,0.0
2019-06-11 00:00:00-04:00,54.43818384060775,54.786553427555084,53.57371705136141,53.646663665771484,33508000,0.0,0.0
2019-06-12 00:00:00-04:00,53.59257298816466,53.72010745580406,53.07895191409723,53.550392150878906,23670000,0.0,0.0
2019-06-13 00:00:00-04:00,53.828782041481766,54.418325537388,53.72258599159079,54.14141845703125,20814000,0.0,0.0
2019-06-14 00:00:00-04:00,54.078403010700846,54.327520223451984,53.66850187330302,53.907691955566406,24582000,0.0,0.0
2019-06-17 00:00:00-04:00,54.04664158720511,54.651072036648614,53.99205373152484,54.28434371948242,19770000,0.0,0.0
2019-06-18 00:00:00-04:00,55.158240104858095,55.51950886943129,54.62675627931569,54.84758758544922,34526000,0.0,0.0
2019-06-19 00:00:00-04:00,54.9468370875542,55.05551681990926,54.39053921490505,54.81135940551758,26714000,0.0,0.0
2019-06-20 00:00:00-04:00,55.66441160911046,55.715031638268655,54.934922847847666,55.24259948730469,24018000,0.0,0.0
2019-06-21 00:00:00-04:00,55.07685661079983,55.90608999377315,55.06990913426673,55.84654235839844,50774000,0.0,0.0
2019-06-24 00:00:00-04:00,55.580046198591084,55.75720871653179,55.24805530870015,55.416282653808594,24236000,0.0,0.0
2019-06-25 00:00:00-04:00,55.33589927876439,55.3666650513055,53.82332577933562,53.97121047973633,31644000,0.0,0.0
2019-06-26 00:00:00-04:00,54.140923457310606,54.34537991528839,53.28191631927332,53.61092758178711,34698000,0.0,0.0
2019-06-27 00:00:00-04:00,53.9300204660367,54.01487811376861,53.38910549375229,53.42781448364258,24078000,0.0,0.0
2019-06-28 00:00:00-04:00,53.45759003713629,53.73400115966797,53.28737497218664,53.73400115966797,33672000,0.0,0.0
2019-07-01 00:00:00-04:00,54.6391593176599,55.01383084160599,54.35580072635864,54.58755111694336,29196000,0.0,0.0
2019-07-02 00:00:00-04:00,54.82724275399014,55.22722052062033,54.571178081216495,55.21282958984375,20630000,0.0,0.0
2019-07-03 00:00:00-04:00,55.50561270283813,55.9765569294655,55.32448234664557,55.728431701660156,20154000,0.0,0.0
2019-07-05 00:00:00-04:00,55.548779694409276,56.30705025085181,55.455982625642825,56.20879364013672,29794000,0.0,0.0
2019-07-08 00:00:00-04:00,55.87135130201756,55.93785019845802,55.171144122246865,55.42075729370117,29888000,0.0,0.0
2019-07-09 00:00:00-04:00,55.09968236348599,55.97010840456372,54.94237029434849,55.792945861816406,29472000,0.0,0.0
2019-07-10 00:00:00-04:00,56.1914417720185,56.68868426353042,56.10906400137026,56.61772155761719,30710000,0.0,0.0
2019-07-11 00:00:00-04:00,56.87824842807714,57.22959388809452,56.549237118951936,56.775028228759766,26004000,0.0,0.0
2019-07-12 00:00:00-04:00,56.71795608325862,56.944742917427156,56.5010963789597,56.83755111694336,21878000,0.0,0.0
2019-07-15 00:00:00-04:00,56.83754417519134,57.10254399063839,56.57254814583455,57.09410858154297,21164000,0.0,0.0
2019-07-16 00:00:00-04:00,56.90653039566399,57.49458979757321,56.90653039566399,57.240509033203125,25352000,0.0,0.0
2019-07-17 00:00:00-04:00,57.11446053129008,57.48764033962764,56.901072677692355,56.90702819824219,19538000,0.0,0.0
2019-07-18 00:00:00-04:00,56.671802710632605,56.97799143438814,56.21823283580338,56.93183898925781,25450000,0.0,0.0
2019-07-19 00:00:00-04:00,57.035058424493094,57.147210000503584,56.13833422209774,56.153221130371094,23184000,0.0,0.0
2019-07-22 00:00:00-04:00,56.34775013685135,56.57354500725381,55.838600460858665,56.533348083496094,28914000,0.0,0.0
2019-07-23 00:00:00-04:00,56.7437634955171,57.012235195228826,56.21773918200493,56.97203826904297,20648000,0.0,0.0
2019-07-24 00:00:00-04:00,56.206321153848776,56.84350506009228,56.00236066629564,56.55915451049805,27192000,0.0,0.0
2019-07-25 00:00:00-04:00,56.520443518190056,56.750705969094305,55.764160586237736,56.37107467651367,54762000,0.0,0.0
2019-07-26 00:00:00-04:00,60.93956211935694,62.943914803544715,60.93956211935694,61.794105529785156,121216000,0.0,0.0
2019-07-29 00:00:00-04:00,61.6591153139283,61.98118286960996,61.048725625222566,61.62636184692383,41382000,0.0,0.0
2019-07-30 00:00:00-04:00,60.88992804848527,61.381714692555285,60.80655833724277,60.93955612182617,28616000,0.0,0.0
2019-07-31 00:00:00-04:00,60.78423461812994,61.28246902864512,59.95599317150628,60.4532356262207,39960000,0.0,0.0
2019-08-01 00:00:00-04:00,60.42494964174165,61.35144771638082,59.89743360552147,60.1346435546875,35426000,0.0,0.0
2019-08-02 00:00:00-04:00,59.698930391022664,60.02149015325406,59.05380329437899,59.367435455322266,34910000,0.0,0.0
2019-08-05 00:00:00-04:00,58.208691146682185,58.40272829512704,56.70902440596299,57.30452346801758,47840000,0.0,0.0
2019-08-06 00:00:00-04:00,57.83898734854081,58.62703184457215,57.64098237571722,58.11490249633789,36014000,0.0,0.0
2019-08-07 00:00:00-04:00,57.4558794564176,58.55110461947859,57.11048954945884,58.354591369628906,30686000,0.0,0.0
2019-08-08 00:00:00-04:00,58.87664130459793,59.861698755519036,58.25980387015317,59.857234954833984,30116000,0.0,0.0
2019-08-09 00:00:00-04:00,59.54956418323278,59.771387460692296,58.80022486609972,58.99922180175781,20418000,0.0,0.0
2019-08-12 00:00:00-04:00,58.55755766088019,58.835952700866116,57.99778792747687,58.28461837768555,22064000,0.0,0.0
2019-08-13 00:00:00-04:00,58.277167484216875,59.81951465415097,58.20968042495881,59.38777542114258,28434000,0.0,0.0
2019-08-14 00:00:00-04:00,58.362534348308905,58.69601323430192,57.61815858971087,57.77596664428711,35430000,0.0,0.0
2019-08-15 00:00:00-04:00,57.9833964394035,58.37989857697073,57.71393279011932,58.02756118774414,28506000,0.0,0.0
2019-08-16 00:00:00-04:00,58.596766267836664,58.748122827713686,58.21018744635822,58.51835632324219,24916000,0.0,0.0
2019-08-19 00:00:00-04:00,59.144620092536506,60.016038082984736,59.07365739481806,59.57189178466797,24450000,0.0,0.0
2019-08-20 00:00:00-04:00,59.31930231899427,59.45080839192116,58.70891256914688,58.732730865478516,20206000,0.0,0.0
2019-08-21 00:00:00-04:00,59.3426255842237,59.57784782839805,58.95058724856954,59.1322135925293,14152000,0.0,0.0
2019-08-22 00:00:00-04:00,59.24237784247647,59.48951111379449,58.50346170389062,59.129234313964844,17352000,0.0,0.0
2019-08-23 00:00:00-04:00,58.81412126647175,59.33518582013697,57.068809058396305,57.24646759033203,36254000,0.0,0.0
2019-08-26 00:00:00-04:00,57.537761518563784,58.153607029039634,57.30948675302142,58.1198616027832,21166000,0.0,0.0
2019-08-27 00:00:00-04:00,58.70643159354652,58.805680172227966,57.791344856628456,58.10199737548828,23460000,0.0,0.0
2019-08-28 00:00:00-04:00,57.80672772087879,58.48311659031229,57.577461005391356,58.247398376464844,16810000,0.0,0.0
2019-08-29 00:00:00-04:00,58.8761544570195,59.50986659504166,58.81958268417866,59.264225006103516,19636000,0.0,0.0
2019-08-30 00:00:00-04:00,59.56742773091327,59.56742773091327,58.84141077023284,59.080108642578125,18064000,0.0,0.0
2019-09-03 00:00:00-04:00,58.64936072126614,59.008149599886224,57.74916466854388,58.03897476196289,25908000,0.0,0.0
2019-09-04 00:00:00-04:00,58.53025887269184,58.799722502190875,58.13722860917999,58.67020034790039,21312000,0.0,0.0
2019-09-05 00:00:00-04:00,59.23543674838363,60.244812370609246,59.18730038857636,60.154991149902344,26394000,0.0,0.0
2019-09-06 00:00:00-04:00,60.00362708254267,60.192696866650635,59.71182930668091,59.863685607910156,18972000,0.0,0.0
2019-09-09 00:00:00-04:00,59.90140187194654,60.569851316153205,59.211118043105486,59.811580657958984,31854000,0.0,0.0
2019-09-10 00:00:00-04:00,59.356024091289484,60.046307931779786,59.352052482156836,59.83292007446289,27922000,0.0,0.0
2019-09-11 00:00:00-04:00,59.74310099718435,60.66513526783259,59.663203122517,60.54256057739258,23522000,0.0,0.0
2019-09-12 00:00:00-04:00,60.71475735944428,61.65515035041213,60.66959686972781,61.28544616699219,31644000,0.0,0.0
2019-09-13 00:00:00-04:00,61.143518317793806,61.58716864809238,60.89390513944056,61.53654861450195,23676000,0.0,0.0
2019-09-16 00:00:00-04:00,61.06063831833136,61.48642204264582,60.80010608090249,61.119693756103516,28218000,0.0,0.0
2019-09-17 00:00:00-04:00,61.1196975193719,61.28693292791448,60.70880067713809,61.03285217285156,20806000,0.0,0.0
2019-09-18 00:00:00-04:00,61.05072356371775,61.34847311148348,60.36738715897677,61.170318603515625,17440000,0.0,0.0
2019-09-19 00:00:00-04:00,61.15393834771832,61.750429346275254,61.153442369852456,61.473026275634766,16554000,0.0,0.0
2019-09-20 00:00:00-04:00,61.219442346351414,61.67400795973817,60.7202160078767,61.03086853027344,37692000,0.0,0.0
2019-09-23 00:00:00-04:00,60.86859182001114,61.51917847820748,60.73013827416754,61.271549224853516,20798000,0.0,0.0
2019-09-24 00:00:00-04:00,61.53506100453413,61.88789437739682,60.07807104425178,60.459686279296875,35804000,0.0,0.0
2019-09-25 00:00:00-04:00,60.34455437030646,61.93305417641819,60.00660791020394,61.829833984375,26798000,0.0,0.0
2019-09-26 00:00:00-04:00,61.64125344535884,61.76680778075008,61.129124118688836,61.64869689941406,23166000,0.0,0.0
2019-09-27 00:00:00-04:00,61.675494522635425,61.78268631820922,60.30435425876705,60.837825775146484,34122000,0.0,0.0
2019-09-30 00:00:00-04:00,60.57233458690206,60.91028105495529,60.21602936438333,60.5991325378418,24470000,0.0,0.0
2019-10-01 00:00:00-04:00,60.666123065712306,61.18073606747627,59.82547466104151,59.84780502319336,24504000,0.0,0.0
2019-10-02 00:00:00-04:00,59.37637233927797,59.488523921057975,58.19182189569117,58.45433807373047,33030000,0.0,0.0
2019-10-03 00:00:00-04:00,58.72330700673478,59.103434317624526,57.720882653713154,59.0255241394043,28368000,0.0,0.0
2019-10-04 00:00:00-04:00,59.26669890627173,60.16838669335828,59.10194338370747,60.09394836425781,24282000,0.0,0.0
2019-10-07 00:00:00-04:00,59.89743752523162,60.488472846089785,59.76642741545015,59.959468841552734,17040000,0.0,0.0
2019-10-08 00:00:00-04:00,59.48901657316592,59.89097823911531,59.027999466165745,59.06025695800781,20086000,0.0,0.0
2019-10-09 00:00:00-04:00,59.61605517495991,59.96988046335535,59.45675542311153,59.669151306152344,15948000,0.0,0.0
2019-10-10 00:00:00-04:00,59.48058101672487,60.32519724822251,59.443859724165584,60.02000427246094,12842000,0.0,0.0
2019-10-11 00:00:00-04:00,60.742543056004294,60.97677332622551,60.22693811759214,60.32966232299805,22330000,0.0,0.0
2019-10-14 00:00:00-04:00,60.239346974498716,60.834350033369816,60.13960241921279,60.43189239501953,13296000,0.0,0.0
2019-10-15 00:00:00-04:00,60.61699512250634,61.88888303633193,60.58821326185716,61.646217346191406,27584000,0.0,0.0
2019-10-16 00:00:00-04:00,61.62488162918652,62.23923921742537,61.46211001552776,61.683937072753906,22986000,0.0,0.0
2019-10-17 00:00:00-04:00,62.10077899580284,62.71364858456095,62.024852739993044,62.17025375366211,20958000,0.0,0.0
2019-10-18 00:00:00-04:00,62.26405552353277,62.433770833812865,61.542010129709624,61.753910064697266,31624000,0.0,0.0
2019-10-21 00:00:00-04:00,61.96680280430497,62.205496907797816,61.53456751790387,61.747459411621094,18094000,0.0,0.0
2019-10-22 00:00:00-04:00,61.75737612513315,61.96828408455127,61.527613434843985,61.594608306884766,22862000,0.0,0.0
2019-10-23 00:00:00-04:00,61.54548351305433,62.4302967080527,61.54548351305433,62.409950256347656,21282000,0.0,0.0
2019-10-24 00:00:00-04:00,62.4833984375,62.67147628716954,62.14793185665674,62.4833984375,20224000,0.0,0.0
2019-10-25 00:00:00-04:00,62.13056175067174,62.92456558804424,61.989132325424976,62.74095153808594,27104000,0.0,0.0
2019-10-28 00:00:00-04:00,63.2719273926041,64.47483638962434,63.13843742534716,63.96568298339844,65428000,0.0,0.0
2019-10-29 00:00:00-04:00,63.32155686027525,63.55975874289798,62.30970146264001,62.56031036376953,52654000,0.0,0.0
2019-10-30 00:00:00-04:00,62.286878653382274,62.92555429284906,62.0635674519653,62.56229782104492,29204000,0.0,0.0
2019-10-31 00:00:00-04:00,62.52755755183706,62.851113061666055,62.00550110208573,62.4680061340332,31904000,0.0,0.0
2019-11-01 00:00:00-04:00,62.81538763066667,63.17268858752227,62.51317050822479,63.135467529296875,28812000,0.0,0.0
2019-11-04 00:00:00-05:00,63.327022271818954,64.1403768069977,63.327022271818954,63.9969596862793,30632000,0.0,0.0
2019-11-05 00:00:00-05:00,64.07584988575361,64.37558706892311,63.98553649186562,64.08776092529297,25148000,0.0,0.0
2019-11-06 00:00:00-05:00,64.02076883475996,64.16467811821046,63.632702175062256,64.06642150878906,24626000,0.0,0.0
2019-11-07 00:00:00-05:00,64.22870020115927,65.6365655154242,64.20240201673944,64.8569564819336,45140000,0.0,0.0
2019-11-08 00:00:00-05:00,64.58798684681432,65.36164416769404,64.58798684681432,64.95918273925781,30392000,0.0,0.0
2019-11-11 00:00:00-05:00,64.71105107196551,64.75571936416215,64.3076053000996,64.42720031738281,17234000,0.0,0.0
2019-11-12 00:00:00-05:00,64.44159057864232,64.97655000563367,64.22671480495114,64.37409973144531,28852000,0.0,0.0
2019-11-13 00:00:00-05:00,64.17411376464824,64.63761454266125,64.12300154214594,64.32299041748047,20538000,0.0,0.0
2019-11-14 00:00:00-05:00,64.26443037561577,65.29266435107532,64.21182643700779,64.96662139892578,28948000,0.0,0.0
2019-11-15 00:00:00-05:00,65.25941254214587,66.1769790649414,65.10259268766069,66.1769790649414,39286000,0.0,0.0
2019-11-18 00:00:00-05:00,66.11743685213465,66.1958467947769,65.31450540955062,65.49712371826172,27984000,0.0,0.0
2019-11-19 00:00:00-05:00,65.83406821762365,65.83406821762365,65.09664383210311,65.13733673095703,21864000,0.0,0.0
2019-11-20 00:00:00-05:00,65.07631014524446,65.16811528154169,63.977117041056246,64.60487365722656,28892000,0.0,0.0
2019-11-21 00:00:00-05:00,64.47533220718782,65.06437965215305,64.05351635484972,64.51950073242188,25546000,0.0,0.0
2019-11-22 00:00:00-05:00,64.66144160145485,64.85497899337908,63.984556707621046,64.19844055175781,27776000,0.0,0.0
2019-11-25 00:00:00-05:00,64.32696520886269,65.02915627328088,64.29470771763064,64.79244232177734,23590000,0.0,0.0
2019-11-26 00:00:00-05:00,65.00434770441765,65.20781222608903,64.71305344747026,65.1576919555664,21910000,0.0,0.0
2019-11-27 00:00:00-05:00,65.27778859784624,65.38795627217733,64.98251893719141,65.11451721191406,18808000,0.0,0.0
2019-11-29 00:00:00-05:00,64.8400851416472,65.006324800764,64.67284595465377,64.71552276611328,12802000,0.0,0.0
2019-12-02 00:00:00-05:00,64.63960041458883,64.78252533740228,63.5389157070264,63.959739685058594,26538000,0.0,0.0
2019-12-03 00:00:00-05:00,63.45356189650626,64.37510393525106,63.37366781140592,64.25153350830078,25270000,0.0,0.0
2019-12-04 00:00:00-05:00,64.81527730474004,65.71696511841891,64.66391696658111,65.45246124267578,35506000,0.0,0.0
2019-12-05 00:00:00-05:00,65.85243251978387,65.90106863745048,65.22319186246219,65.85044860839844,24408000,0.0,0.0
2019-12-06 00:00:00-05:00,66.13777413827592,66.62012962490077,66.06234764572054,66.46728515625,32968000,0.0,0.0
2019-12-09 00:00:00-05:00,66.44098641584695,67.36848011288853,66.30252909180109,66.64593505859375,30842000,0.0,0.0
2019-12-10 00:00:00-05:00,66.49457536862131,66.89455305564309,66.1997979770407,66.6409683227539,17606000,0.0,0.0
2019-12-11 00:00:00-05:00,66.90945404695505,66.98835617819118,66.55215309066824,66.7084732055664,20480000,0.0,0.0
2019-12-12 00:00:00-05:00,66.65685647014153,67.22108996230007,66.40823905263555,66.91887664794922,29114000,0.0,0.0
2019-12-13 00:00:00-05:00,66.88959794149217,67.06080496049667,66.57994115975089,66.83848571777344,33170000,0.0,0.0
2019-12-16 00:00:00-05:00,67.24194436457637,67.66524447622663,67.02409269178868,67.52481079101562,28128000,0.0,0.0
2019-12-17 00:00:00-05:00,67.60966052985063,67.70494128866822,67.0320242423483,67.23648071289062,32948000,0.0,0.0
2019-12-18 00:00:00-05:00,67.34118534402695,67.46177232689692,67.01664166516937,67.08859252929688,23330000,0.0,0.0
2019-12-19 00:00:00-05:00,67.0886049459854,67.36750356922481,66.93179262005509,67.31340789794922,28922000,0.0,0.0
2019-12-20 00:00:00-05:00,67.64389911091128,67.68855983506695,67.03003753311336,67.05435180664062,50090000,0.0,0.0
2019-12-23 00:00:00-05:00,67.42703948197932,67.58186786917857,66.89456370617594,67.02507781982422,19936000,0.0,0.0
2019-12-24 00:00:00-05:00,67.00423382720653,67.09356285074838,66.70450417230641,66.71739959716797,13468000,0.0,0.0
2019-12-26 00:00:00-05:00,66.8226119301376,67.64887327109261,66.77099993853264,67.61264038085938,23662000,0.0,0.0
2019-12-27 00:00:00-05:00,67.6885604829738,67.83992081252498,67.14268951409021,67.22407531738281,23212000,0.0,0.0
2019-12-30 00:00:00-05:00,67.33176120761757,67.34118857344946,66.39037247271645,66.48316955566406,19994000,0.0,0.0
2019-12-31 00:00:00-05:00,66.28863469556742,66.53030841671966,66.10700836784599,66.46728515625,19514000,0.0,0.0
2020-01-02 00:00:00-05:00,66.91491828092151,67.92081451416016,66.8196375144199,67.92081451416016,27278000,0.0,0.0
2020-01-03 00:00:00-05:00,66.89457272632518,68.17241632220487,66.86082351055772,67.56549835205078,23408000,0.0,0.0
2020-01-06 00:00:00-05:00,67.07470353986153,69.39170027421379,67.04344557379943,69.36639404296875,46768000,0.0,0.0
2020-01-07 00:00:00-05:00,69.49789480129157,69.64875536577131,69.05623219302926,69.2323989868164,34330000,0.0,0.0
2020-01-08 00:00:00-05:00,69.21800440208847,70.06312039428155,69.10932845842892,69.72517395019531,35314000,0.0,0.0
2020-01-09 00:00:00-05:00,70.56334559897189,70.8983162087163,69.98174145327377,70.4571533203125,33200000,0.0,0.0
2020-01-10 00:00:00-05:00,70.93750709598153,71.20895460356724,70.44770820676389,70.91219329833984,26258000,0.0,0.0
2020-01-13 00:00:00-05:00,71.22434937620667,71.53351398026712,70.73405818738722,71.46156311035156,30730000,0.0,0.0
2020-01-14 00:00:00-05:00,71.46006422047215,71.5905783300735,70.85314635097474,70.99309539794922,26076000,0.0,0.0
2020-01-15 00:00:00-05:00,71.11368347743128,71.49877431407914,71.04619262822877,71.42036437988281,21550000,0.0,0.0
2020-01-16 00:00:00-05:00,71.730533421718,71.99106949862211,71.46007778598154,71.96427154541016,26080000,0.0,0.0
2020-01-17 00:00:00-05:00,72.57861703888604,73.47236161437567,72.28136348423534,73.42124938964844,52424000,0.0,0.0
2020-01-21 00:00:00-05:00,73.39544471015016,73.93537154529689,72.95924161824139,73.55673217773438,48930000,0.0,0.0
2020-01-22 00:00:00-05:00,73.92792510020561,74.46635262161918,73.57707565322256,73.63711547851562,28458000,0.0,0.0
2020-01-23 00:00:00-05:00,73.81974363908597,74.1150132847147,73.4609509628069,73.67781066894531,26650000,0.0,0.0
2020-01-24 00:00:00-05:00,74.08126273759932,74.1497455459025,72.61037407881075,72.75875854492188,29786000,0.0,0.0
2020-01-27 00:00:00-05:00,71.04023999318002,71.29034912825152,70.44274948721724,71.04966735839844,34132000,0.0,0.0
2020-01-28 00:00:00-05:00,71.54640599686525,72.19450892371258,70.98167277704664,71.98112487792969,29724000,0.0,0.0
2020-01-29 00:00:00-05:00,72.37614827530244,72.65802274423001,71.72755303995011,72.28881072998047,21566000,0.0,0.0
2020-01-30 00:00:00-05:00,71.36578143499277,72.2168492041988,71.21194499533239,72.16722869873047,27110000,0.0,0.0
2020-01-31 00:00:00-05:00,72.842628440091,72.93244966534068,70.81792535833127,71.1017837524414,43822000,0.0,0.0
2020-02-03 00:00:00-05:00,72.53445127251754,73.75771451445905,72.28434210997459,73.5740966796875,71636000,0.0,0.0
2020-02-04 00:00:00-05:00,72.17912861978445,72.81680464346873,70.56829869425806,71.72853088378906,95880000,0.0,0.0
2020-02-05 00:00:00-05:00,72.63170618173763,72.67984253452366,70.94793336208039,71.76029205322266,36376000,0.0,0.0
2020-02-06 00:00:00-05:00,72.05457315984722,73.52248589418377,71.980138619887,73.24507904052734,37822000,0.0,0.0
2020-02-07 00:00:00-05:00,72.81930526031172,73.70560645975844,72.72104862525042,73.40090942382812,28360000,0.0,0.0
2020-02-10 00:00:00-05:00,73.30761445127459,74.87824391485704,73.206874148299,74.86732482910156,38302000,0.0,0.0
2020-02-11 00:00:00-05:00,75.09610172081878,75.92037918006768,74.70803495822373,74.93680572509766,34852000,0.0,0.0
2020-02-12 00:00:00-05:00,75.22461045032941,75.44494574335177,74.8678093297296,75.36207580566406,31042000,0.0,0.0
2020-02-13 00:00:00-05:00,74.93382724585919,75.7253474175751,74.63607391004925,75.10205841064453,22914000,0.0,0.0
2020-02-14 00:00:00-05:00,75.1586334849378,75.43256474859952,74.71299541746157,75.36705780029297,23198000,0.0,0.0
2020-02-18 00:00:00-05:00,75.14919769716833,75.95411300380982,74.98394241111538,75.40228271484375,25642000,0.0,0.0
2020-02-19 00:00:00-05:00,75.7873725080763,75.9630471132219,75.47870768352672,75.67174530029297,22746000,0.0,0.0
2020-02-20 00:00:00-05:00,75.38094885591177,75.78092664396918,74.64897632817032,75.28070831298828,25962000,0.0,0.0
2020-02-21 00:00:00-05:00,74.66484862101126,74.98096446759392,73.37013437097549,73.61676788330078,42520000,0.0,0.0
2020-02-24 00:00:00-05:00,70.61892109008193,71.28042685845558,69.81202186636781,70.46061706542969,49560000,0.0,0.0
2020-02-25 00:00:00-05:00,71.01345207622762,71.30375438851503,68.50341762530834,68.79620361328125,51580000,0.0,0.0
2020-02-26 00:00:00-05:00,69.22593953275528,70.15343317516887,68.31134888548952,69.00212860107422,49776000,0.0,0.0
2020-02-27 00:00:00-05:00,67.44739751104343,67.9565510564258,65.21922983103778,65.25446319580078,62290000,0.0,0.0
2020-02-28 00:00:00-05:00,63.23769037956694,66.61913861220282,62.93497730501943,66.46034240722656,80198000,0.0,0.0
2020-03-02 00:00:00-05:00,67.06280243372319,68.85326757659175,65.76312069292557,68.79620361328125,55430000,0.0,0.0
2020-03-03 00:00:00-05:00,69.3599333673379,69.88149002953965,65.9635907304917,66.38441467285156,56602000,0.0,0.0
2020-03-04 00:00:00-05:00,67.43845113577657,68.62052161924996,66.34868554057559,68.56196594238281,47598000,0.0,0.0
2020-03-05 00:00:00-05:00,66.77297822404104,67.1739555088367,64.59394677616034,65.24502563476562,54380000,0.0,0.0
2020-03-06 00:00:00-05:00,63.02132406345207,64.64902106500841,62.38909999241039,64.30115509033203,64640000,0.0,0.0
2020-03-09 00:00:00-04:00,59.796197886210365,62.16678659987144,59.45279189368406,60.33363723754883,69252000,0.0,0.0
2020-03-10 00:00:00-04:00,62.24915893290205,63.31411041309765,60.27010895451068,63.280364990234375,54872000,0.0,0.0
2020-03-11 00:00:00-04:00,61.9454606818698,62.37521226684703,59.11037916246386,60.09096908569336,54732000,0.0,0.0
2020-03-12 00:00:00-04:00,55.71006351515508,58.991766930522715,55.00786873731899,55.16071319580078,94326000,0.0,0.0
2020-03-13 00:00:00-04:00,58.308932915533035,60.26465691209083,55.19744041947914,60.25820541381836,79400000,0.0,0.0
2020-03-16 00:00:00-04:00,54.071946637182414,56.8440010306716,52.95389514808521,53.247676849365234,96520000,0.0,0.0
2020-03-17 00:00:00-04:00,54.12306272429023,55.87780214419819,52.06163860584557,55.48377990722656,83194000,0.0,0.0
2020-03-18 00:00:00-04:00,52.59957358482276,54.83518057354146,51.461171864578795,54.15035629272461,93044000,0.0,0.0
2020-03-19 00:00:00-04:00,54.002971351103,57.19832981284174,52.381721811582096,55.16667938232422,74064000,0.0,0.0
2020-03-20 00:00:00-04:00,56.12096849481009,56.49712798760577,52.70676634071484,53.00997543334961,82878000,0.0,0.0
2020-03-23 00:00:00-04:00,52.422412216355276,52.94546064378,50.06522244779054,52.31125259399414,83672000,0.0,0.0
2020-03-24 00:00:00-04:00,54.78505912386957,56.241553000148,53.91413715081012,56.07679748535156,72468000,0.0,0.0
2020-03-25 00:00:00-04:00,55.807335766211146,56.87873884091762,53.74442370156079,54.667945861816406,90324000,0.0,0.0
2020-03-26 00:00:00-04:00,55.318033766714024,58.13475274319394,54.19204281681304,57.7099609375,76562000,0.0,0.0
2020-03-27 00:00:00-04:00,55.9507538013928,57.12091328372302,54.78605386186068,55.09670639038086,62794000,0.0,0.0
2020-03-30 00:00:00-04:00,56.207312192064094,57.1184273116547,54.51261641318761,56.885684967041016,58736000,0.0,0.0
2020-03-31 00:00:00-04:00,57.00578084729468,58.23002839559108,56.40978203312284,57.66182327270508,65228000,0.0,0.0
2020-04-01 00:00:00-04:00,55.77855459200828,56.047522260736905,54.26449313887209,54.69176483154297,51970000,0.0,0.0
2020-04-02 00:00:00-04:00,54.587547031869654,55.71750946745041,54.24662474488015,55.43266296386719,56410000,0.0,0.0
2020-04-03 00:00:00-04:00,55.31753769881237,55.520006471483256,53.35089831480392,54.22528839111328,51374000,0.0,0.0
2020-04-06 00:00:00-04:00,56.225178787159976,59.09102217267394,55.82817690363127,58.715858459472656,63320000,0.0,0.0
2020-04-07 00:00:00-04:00,60.39417589671466,60.581265562426175,58.42108508282757,58.684593200683594,61620000,0.0,0.0
2020-04-08 00:00:00-04:00,59.70388923647416,60.28946490723178,58.75356918935831,59.89742660522461,40334000,0.0,0.0
2020-04-09 00:00:00-04:00,60.45223933607273,60.64130912701154,59.17389614347068,59.87609100341797,54028000,0.0,0.0
2020-04-13 00:00:00-04:00,59.62449181891167,60.270610868569676,58.67317980519801,60.066650390625,38702000,0.0,0.0
2020-04-14 00:00:00-04:00,61.53357252929676,63.30915444171393,60.96635555655687,62.78710174560547,63358000,0.0,0.0
2020-04-15 00:00:00-04:00,61.858118318287886,63.277394976794355,61.2373092479215,62.39357376098633,42236000,0.0,0.0
2020-04-16 00:00:00-04:00,62.881880136039015,63.19054874433473,61.44573267770072,62.400020599365234,57896000,0.0,0.0
2020-04-17 00:00:00-04:00,63.60442588043865,64.01631470542216,62.82531274438218,63.47043991088867,51050000,0.0,0.0
2020-04-20 00:00:00-04:00,63.01834841560059,63.362250375613705,62.35089094601759,62.584625244140625,35292000,0.0,0.0
2020-04-21 00:00:00-04:00,61.66954105330568,62.031305781008385,59.798178772892086,60.15349578857422,49648000,0.0,0.0
2020-04-22 00:00:00-04:00,61.59014299817593,63.51410555283705,61.39610963710134,62.44865798950195,46296000,0.0,0.0
2020-04-23 00:00:00-04:00,62.812407383951104,63.92450716957352,62.553862820825465,63.081871032714844,34202000,0.0,0.0
2020-04-24 00:00:00-04:00,62.27943458992633,63.40642126585509,61.73355982484232,63.35133743286133,37402000,0.0,0.0
2020-04-27 00:00:00-04:00,64.11556294045872,64.2197788769828,62.778663975329444,63.066490173339844,44186000,0.0,0.0
2020-04-28 00:00:00-04:00,63.678865309374004,63.75627571988888,61.05766763555547,61.16733932495117,80700000,0.0,0.0
2020-04-29 00:00:00-04:00,66.74569252820935,67.49751173595581,65.83904492056368,66.60575103759766,108358000,0.0,0.0
2020-04-30 00:00:00-04:00,66.06880865105774,66.99381881368947,65.57950183208328,66.8300552368164,55842000,0.0,0.0
2020-05-01 00:00:00-04:00,65.70802521248906,67.064778326554,64.99193919376505,65.37206268310547,48872000,0.0,0.0
2020-05-04 00:00:00-04:00,64.91602224376798,65.72689694131952,64.31456381571466,65.64897918701172,30806000,0.0,0.0
2020-05-05 00:00:00-04:00,66.37349822196448,68.03643246348844,66.25092732812242,66.94517517089844,39666000,0.0,0.0
2020-05-06 00:00:00-04:00,67.39080214636755,67.92129391609043,66.75212664439381,66.76701354980469,31732000,0.0,0.0
2020-05-07 00:00:00-04:00,67.55507422258476,68.28407086121807,67.11986308544923,67.9505844116211,30652000,0.0,0.0
2020-05-08 00:00:00-04:00,68.57289006017024,69.3083306365863,68.08606692584334,68.69794464111328,33326000,0.0,0.0
2020-05-11 00:00:00-04:00,68.32327341716166,70.24574435202634,68.25925819267765,69.6532211303711,32718000,0.0,0.0
2020-05-12 00:00:00-04:00,69.88298973182424,70.18619502601786,68.21012823629849,68.24337768554688,33918000,0.0,0.0
2020-05-13 00:00:00-04:00,68.29200183826535,68.74706720442754,65.90255466644857,66.91093444824219,40368000,0.0,0.0
2020-05-14 00:00:00-04:00,66.17599535572523,67.35955000420634,65.66882579886473,67.33424377441406,36660000,0.0,0.0
2020-05-15 00:00:00-04:00,66.90746926388243,68.21359483390582,66.44793629114194,68.13816833496094,41544000,0.0,0.0
2020-05-18 00:00:00-04:00,67.56847263256927,69.11577969209408,67.20223652116248,68.7396240234375,47094000,0.0,0.0
2020-05-19 00:00:00-04:00,68.7545048182942,69.10237078740617,68.17290078356297,68.20465850830078,31586000,0.0,0.0
2020-05-20 00:00:00-04:00,68.93713311617326,70.07205925671711,68.85078753013752,69.92963409423828,38262000,0.0,0.0
2020-05-21 00:00:00-04:00,70.02045155614233,70.29189913641048,69.19667387656828,69.81004333496094,30894000,0.0,0.0
2020-05-22 00:00:00-04:00,69.66860218679889,70.31868908167836,69.27408397743726,70.1321029663086,28544000,0.0,0.0
2020-05-26 00:00:00-04:00,71.55733558967322,71.71365570635362,70.43779611422846,70.53555297851562,44590000,0.0,0.0
2020-05-27 00:00:00-04:00,70.46755799103713,70.73305377684775,69.20708528549198,70.48145294189453,31684000,0.0,0.0
2020-05-28 00:00:00-04:00,69.47506277315657,71.68139184261054,69.42941009442607,70.3802261352539,35170000,0.0,0.0
2020-05-29 00:00:00-04:00,70.48889415842463,71.29778472152688,70.26806667123306,71.13848876953125,37044000,0.0,0.0
2020-06-01 00:00:00-04:00,70.75043231360314,71.53847677860361,70.580709445191,71.20549011230469,25162000,0.0,0.0
2020-06-02 00:00:00-04:00,71.21193893289512,71.60894080375162,70.54745734497106,71.57469940185547,23442000,0.0,0.0
2020-06-03 00:00:00-04:00,71.59405093550622,71.9071833180926,71.0442046165178,71.42284393310547,27732000,0.0,0.0
2020-06-04 00:00:00-04:00,71.30027160879436,71.52557428848117,69.77331097931382,70.18470001220703,26982000,0.0,0.0
2020-06-05 00:00:00-04:00,70.25119916881421,71.7727078334822,69.85320532299941,71.4610595703125,42642000,0.0,0.0
2020-06-08 00:00:00-04:00,70.77922358542683,71.9066987928055,70.68989455246145,71.85906219482422,33878000,0.0,0.0
2020-06-09 00:00:00-04:00,71.72010158033224,72.8396409679758,71.57717666408816,72.05953216552734,33624000,0.0,0.0
2020-06-10 00:00:00-04:00,72.52750225479329,73.08627622015612,72.17268498934844,72.68580627441406,31762000,0.0,0.0
2020-06-11 00:00:00-04:00,71.51117640380802,72.03571651726546,69.39616027535422,69.56935119628906,47144000,0.0,0.0
2020-06-12 00:00:00-04:00,70.75836219306613,71.1876215355899,68.77038463113773,70.11621856689453,36676000,0.0,0.0
2020-06-15 00:00:00-04:00,68.95351255272476,70.71569551567282,68.83986925092634,70.5042953491211,30468000,0.0,0.0
2020-06-16 00:00:00-04:00,71.90668231055088,72.31211956711883,70.91368928598088,71.78113555908203,30648000,0.0,0.0
2020-06-17 00:00:00-04:00,72.10222120320456,72.56174660860705,71.21839618065276,72.08236694335938,30610000,0.0,0.0
2020-06-18 00:00:00-04:00,71.94887494859431,72.10370333903218,70.77722376842894,71.16827392578125,34862000,0.0,0.0
2020-06-19 00:00:00-04:00,71.46006869153939,71.68337989176418,70.41793966091524,70.69783020019531,52784000,0.0,0.0
2020-06-22 00:00:00-04:00,70.71619099609049,72.00346179403014,70.42737286211982,71.98906707763672,29442000,0.0,0.0
2020-06-23 00:00:00-04:00,72.05555555937595,73.20686010594555,71.70818179866274,72.65006256103516,37752000,0.0,0.0
2020-06-24 00:00:00-04:00,72.6153265644653,73.2361317269333,70.96380385720279,71.09779357910156,31592000,0.0,0.0
2020-06-25 00:00:00-04:00,71.02435732770277,71.5751956563901,70.44473713789317,71.51465606689453,23958000,0.0,0.0
2020-06-26 00:00:00-04:00,71.09433269950638,71.31218435810231,67.24193998415596,67.6161117553711,97640000,0.0,0.0
2020-06-29 00:00:00-04:00,67.50694283958305,69.37582554444442,67.07569949381947,69.33463287353516,45074000,0.0,0.0
2020-06-30 00:00:00-04:00,69.32023932105565,70.66606584717748,68.82646494071054,70.37079620361328,40286000,0.0,0.0
2020-07-01 00:00:00-04:00,70.42638389298779,71.8808939458053,70.17875084186853,71.55931854248047,42182000,0.0,0.0
2020-07-02 00:00:00-04:00,72.04763818332158,73.86788472318719,72.00942138081768,72.94535064697266,57218000,0.0,0.0
2020-07-06 00:00:00-04:00,73.84951154751805,74.93381756362824,73.29519761693808,74.42019653320312,44712000,0.0,0.0
2020-07-07 00:00:00-04:00,74.24551236319411,75.49556569378578,73.92642069919597,73.93733978271484,42364000,0.0,0.0
2020-07-08 00:00:00-04:00,74.47727666073511,74.99188970628182,74.05546070282946,74.61622619628906,31766000,0.0,0.0
2020-07-09 00:00:00-04:00,74.9303363838657,75.88363602763697,74.21871801997248,75.36356353759766,41836000,0.0,0.0
2020-07-10 00:00:00-04:00,75.09510040151585,76.48907081040657,74.47330317027439,76.37344360351562,35918000,0.0,0.0
2020-07-13 00:00:00-04:00,76.91585336815388,78.2269463706536,74.7631199227052,75.04449462890625,42954000,0.0,0.0
2020-07-14 00:00:00-04:00,74.07977692160784,75.56902051449428,73.73934679927795,75.47274780273438,38108000,0.0,0.0
2020-07-15 00:00:00-04:00,75.59037732258662,76.24046438111009,74.32990416122898,75.27526092529297,31026000,0.0,0.0
2020-07-16 00:00:00-04:00,74.51200517404082,75.2271068276227,73.85546677030331,75.177978515625,26484000,0.0,0.0
2020-07-17 00:00:00-04:00,75.27673380206025,75.60029313499953,74.34328822168523,75.27375793457031,34264000,0.0,0.0
2020-07-20 00:00:00-04:00,75.18194791342034,77.86219724741542,74.5715619416608,77.60563659667969,30166000,0.0,0.0
2020-07-21 00:00:00-04:00,78.65717561164398,78.75741612706618,77.04882191794243,77.21258544921875,27486000,0.0,0.0
2020-07-22 00:00:00-04:00,77.20218802358653,77.76146180574143,76.58286683905023,77.65576171875,24482000,0.0,0.0
2020-07-23 00:00:00-04:00,77.70935063528133,77.92869400834472,74.86384609206827,75.26879119873047,33910000,0.0,0.0
2020-07-24 00:00:00-04:00,74.39737164643127,75.2032788343059,73.82171932813185,74.84498596191406,29902000,0.0,0.0
2020-07-27 00:00:00-04:00,75.09560906269758,76.30149420568685,75.04945661282869,75.89804077148438,27124000,0.0,0.0
2020-07-28 00:00:00-04:00,75.67819005490078,75.72831031816976,74.46336997984878,74.61869812011719,30910000,0.0,0.0
2020-07-29 00:00:00-04:00,74.68569706970071,76.0915709811105,74.58694068015295,75.60425567626953,22676000,0.0,0.0
2020-07-30 00:00:00-04:00,74.33683382646932,76.46674464281898,74.19788429386662,76.34169006347656,36042000,0.0,0.0
2020-07-31 00:00:00-04:00,74.29118175072095,74.68669194397553,72.15481941817586,73.83959197998047,91468000,0.0,0.0
2020-08-03 00:00:00-04:00,73.9909441597244,74.32491519567483,73.03416882186066,73.58203125,45482000,0.0,0.0
2020-08-04 00:00:00-04:00,73.77806059086923,74.0956606075538,72.65256179297857,73.11258697509766,37212000,0.0,0.0
2020-08-05 00:00:00-04:00,73.28726620357594,73.94132093873706,73.00935957632822,73.39990997314453,29134000,0.0,0.0
2020-08-06 00:00:00-04:00,73.25401607153279,74.74871922040799,73.04310810672321,74.68321228027344,33306000,0.0,0.0
2020-08-07 00:00:00-04:00,74.88618172279968,75.4345363524977,73.7562154445595,74.35668182373047,27718000,0.0,0.0
2020-08-10 00:00:00-04:00,73.98103221485707,74.79239913057806,73.32051831679333,74.27977752685547,20546000,0.0,0.0
2020-08-11 00:00:00-04:00,74.13980473104063,74.95564654553048,73.35523601983307,73.47185516357422,31098000,0.0,0.0
2020-08-12 00:00:00-04:00,73.79840700821114,75.01670289215501,73.6931991158398,74.79685974121094,22512000,0.0,0.0
2020-08-13 00:00:00-04:00,74.84499955940771,76.27221957426538,74.84499955940771,75.26383209228516,22388000,0.0,0.0
2020-08-14 00:00:00-04:00,75.11295828752513,75.41964675043614,74.38793712938963,74.66732788085938,21942000,0.0,0.0
2020-08-17 00:00:00-04:00,75.23007405117605,75.61764853212141,74.68568728658938,75.24346923828125,19990000,0.0,0.0
2020-08-18 00:00:00-04:00,75.73376986800842,77.28455245125708,75.51294236568772,77.20565032958984,28378000,0.0,0.0
2020-08-19 00:00:00-04:00,77.04237922081494,77.85474547284741,76.42256594943116,76.65133666992188,30472000,0.0,0.0
2020-08-20 00:00:00-04:00,76.42107417322119,78.41600301349055,76.14764273171457,78.22147369384766,26382000,0.0,0.0
2020-08-21 00:00:00-04:00,78.00063545114132,78.99711166124003,77.5296988421406,78.18772888183594,34838000,0.0,0.0
2020-08-24 00:00:00-04:00,79.02639966986824,79.83579016442737,78.16143693431773,78.66314697265625,25638000,0.0,0.0
2020-08-25 00:00:00-04:00,78.41253291150737,79.84074471193138,78.30236524817361,79.69038391113281,25150000,0.0,0.0
2020-08-26 00:00:00-04:00,79.7127239652464,82.01979367743536,79.44871983787391,81.59003448486328,52188000,0.0,0.0
2020-08-27 00:00:00-04:00,81.71309628506668,81.78157909214075,80.33352058616987,80.81538391113281,31350000,0.0,0.0
2020-08-28 00:00:00-04:00,80.8625372245271,81.45207703160946,80.67098373475415,81.35679626464844,22418000,0.0,0.0
2020-08-31 00:00:00-04:00,81.5622406146684,81.60839306205602,80.65708473224421,80.86550903320312,26422000,0.0,0.0
2020-09-01 00:00:00-04:00,80.99602062020955,82.33887127868402,80.86550650072458,82.1334228515625,22652000,0.0,0.0
2020-09-02 00:00:00-04:00,82.77507634607451,85.6577983212411,82.38700960960998,85.2255630493164,49522000,0.0,0.0
2020-09-03 00:00:00-04:00,84.33875494599933,84.36257702738146,79.78267965722253,80.86450958251953,63726000,0.0,0.0
2020-09-04 00:00:00-04:00,79.84669677227816,81.13645124591334,76.32183129516275,78.46762084960938,55850000,0.0,0.0
2020-09-08 00:00:00-04:00,75.6781859957847,77.19422733305377,75.25637012693613,75.60871124267578,54032000,0.0,0.0
2020-09-09 00:00:00-04:00,76.86422675417148,77.35154199805463,75.68662396992484,76.78135681152344,39242000,0.0,0.0
2020-09-10 00:00:00-04:00,76.92775807382651,78.09295018003152,75.43007148898609,75.73030090332031,33024000,0.0,0.0
2020-09-11 00:00:00-04:00,75.83451909086573,76.35805971799056,74.09119089442812,75.21966552734375,30706000,0.0,0.0
2020-09-14 00:00:00-04:00,76.00819769874438,77.26619442098949,74.69115310887393,74.8757553100586,42660000,0.0,0.0
2020-09-15 00:00:00-04:00,75.82161195068608,76.96794929706259,75.53428554034802,76.1803970336914,23042000,0.0,0.0
2020-09-16 00:00:00-04:00,76.54564251599456,77.1356820188287,75.01272258332794,75.03753662109375,22128000,0.0,0.0
2020-09-17 00:00:00-04:00,73.73338661244166,74.37107027229393,72.57464602616677,73.79442596435547,40008000,0.0,0.0
2020-09-18 00:00:00-04:00,73.85696644381204,74.19938051714477,71.04421883540799,72.01041412353516,63056000,0.0,0.0
2020-09-21 00:00:00-04:00,71.04421437886803,71.46304688740663,69.60806684484395,70.97077178955078,56908000,0.0,0.0
2020-09-22 00:00:00-04:00,71.97219759731894,72.64958222034359,70.93900374694141,72.44363403320312,33950000,0.0,0.0
2020-09-23 00:00:00-04:00,72.0600394464178,72.10916776182562,69.60806854673329,69.94104766845703,37726000,0.0,0.0
2020-09-24 00:00:00-04:00,69.608060937413,71.3603166157109,69.58175518077466,70.60948944091797,34552000,0.0,0.0
2020-09-25 00:00:00-04:00,70.71817425152294,71.75483613203042,69.8561874444943,71.41342163085938,30326000,0.0,0.0
2020-09-28 00:00:00-04:00,73.04756831063268,73.09718880945536,71.77170890148732,72.38606262207031,30784000,0.0,0.0
2020-09-29 00:00:00-04:00,72.6466117543797,73.04807369267076,72.15482125858226,72.7513198852539,31816000,0.0,0.0
2020-09-30 00:00:00-04:00,72.49920672624663,73.7527357851772,72.24215391271358,72.73046112060547,40924000,0.0,0.0
2020-10-01 00:00:00-04:00,73.62668898749699,74.1929139312166,73.28625889509229,73.83709716796875,32884000,0.0,0.0
2020-10-02 00:00:00-04:00,72.4342036548503,73.39693074596006,71.824809673111,72.23421478271484,31222000,0.0,0.0
2020-10-05 00:00:00-04:00,72.58407414754559,73.67830733435456,72.45703566376906,73.58551025390625,21602000,0.0,0.0
2020-10-06 00:00:00-04:00,73.2217552492913,73.66936958012764,71.708689629658,72.0069351196289,26096000,0.0,0.0
2020-10-07 00:00:00-04:00,72.4183170005126,72.89769658307611,71.12409510924152,72.40988159179688,36108000,0.0,0.0
2020-10-08 00:00:00-04:00,72.72302733778457,73.84355876633454,72.72302733778457,73.61528778076172,26076000,0.0,0.0
2020-10-09 00:00:00-04:00,74.0832479306486,75.02562863489327,73.79244587231484,74.9561538696289,32966000,0.0,0.0
2020-10-12 00:00:00-04:00,76.32332446809873,78.82541548276977,75.89158140633867,77.64285278320312,55344000,0.0,0.0
2020-10-13 00:00:00-04:00,78.2591971477664,78.66364249122451,77.34709005860579,77.76592254638672,39072000,0.0,0.0
2020-10-14 00:00:00-04:00,78.13959902321865,78.59862463075144,76.71535508565292,77.58577728271484,33174000,0.0,0.0
2020-10-15 00:00:00-04:00,76.6458902262155,77.98080531787049,76.47865858893644,77.19027709960938,31210000,0.0,0.0
2020-10-16 00:00:00-04:00,77.50587839375657,78.2939227856747,77.29894584633858,77.79718017578125,34194000,0.0,0.0
2020-10-19 00:00:00-04:00,78.20560677367027,78.60260869103162,75.57498539804158,75.92384338378906,29734000,0.0,0.0
2020-10-20 00:00:00-04:00,75.58440861018742,78.10188630763496,75.45488644834482,76.97241973876953,41670000,0.0,0.0
2020-10-21 00:00:00-04:00,77.90387889868303,80.15140068876588,77.76939696227232,78.70482635498047,60322000,0.0,0.0
2020-10-22 00:00:00-04:00,78.65569689727067,80.06603832391136,78.28251710135257,79.73057556152344,30512000,0.0,0.0
2020-10-23 00:00:00-04:00,80.14693590256121,81.09328441349074,79.99110798217251,81.03671264648438,30548000,0.0,0.0
2020-10-26 00:00:00-04:00,80.14444517053825,80.86797460880413,77.80115055828723,78.6204605102539,35826000,0.0,0.0
2020-10-27 00:00:00-04:00,78.85073087185503,79.49932607502853,78.25820767241161,79.34449768066406,25902000,0.0,0.0
2020-10-28 00:00:00-04:00,76.9193189772867,77.10788899788803,74.85839093339294,74.97351837158203,45174000,0.0,0.0
2020-10-29 00:00:00-04:00,75.28218061851324,78.84128724607514,75.25885830217857,77.26023864746094,55406000,0.0,0.0
2020-10-30 00:00:00-04:00,82.74679062825668,83.4355865281123,79.47798597119375,80.19953155517578,99878000,0.0,0.0
2020-11-02 00:00:00-05:00,80.56825511870791,82.29024494886494,80.10673821901906,80.60696411132812,44228000,0.0,0.0
2020-11-03 00:00:00-05:00,80.92654621228101,82.32795255609419,80.00103633038269,81.66595458984375,31432000,0.0,0.0
2020-11-04 00:00:00-05:00,84.6394964423136,87.83783471306926,84.51146598755264,86.63790130615234,71342000,0.0,0.0
2020-11-05 00:00:00-05:00,87.85866770874907,88.91915931430586,86.39869809059148,87.46414947509766,39758000,0.0,0.0
2020-11-06 00:00:00-05:00,86.91032668013082,87.76189413906489,86.18282183232226,87.3266830444336,28622000,0.0,0.0
2020-11-09 00:00:00-05:00,89.12559131535588,90.16324512356621,87.21849969739831,87.4105453491211,53440000,0.0,0.0
2020-11-10 00:00:00-05:00,85.83991783029099,87.30931470732818,85.1625332301368,86.23443603515625,43022000,0.0,0.0
2020-11-11 00:00:00-05:00,86.76442340161843,87.4839850109953,86.49942736805161,86.70636749267578,31838000,0.0,0.0
2020-11-12 00:00:00-05:00,86.44682541087165,87.58721098528301,86.24683654348757,86.48751831054688,26474000,0.0,0.0
2020-11-13 00:00:00-05:00,86.74459273573792,88.19016771935601,86.14810166809453,87.94849395751953,29744000,0.0,0.0
2020-11-16 00:00:00-05:00,87.54553261179751,89.0442111765779,87.40608331966793,88.03632354736328,25468000,0.0,0.0
2020-11-17 00:00:00-05:00,87.73012768241678,88.19065257156724,87.31477085146919,87.42245483398438,21314000,0.0,0.0
2020-11-18 00:00:00-05:00,87.17334492122757,87.58820959498601,86.27661691281018,86.37934112548828,20108000,0.0,0.0
2020-11-19 00:00:00-05:00,86.0116147048315,87.5132690324479,85.85231873640768,87.26911163330078,20106000,0.0,0.0
2020-11-20 00:00:00-05:00,87.43932242132932,87.75493847570979,86.09944780281101,86.16793060302734,27694000,0.0,0.0
2020-11-23 00:00:00-05:00,86.35850382471271,86.64483829608162,84.86776845214185,85.7302474975586,22530000,0.0,0.0
2020-11-24 00:00:00-05:00,85.72726380732696,87.66164554548067,85.39130128904262,87.53361511230469,27984000,0.0,0.0
2020-11-25 00:00:00-05:00,87.72766219346009,87.85519287716374,86.76245134021605,87.54503631591797,19600000,0.0,0.0
2020-11-27 00:00:00-05:00,87.56537478708843,89.17670461109734,87.56537478708843,88.68094635009766,14790000,0.0,0.0
2020-11-30 00:00:00-05:00,88.1167194862883,88.34945805842784,86.73664396560041,87.06218719482422,32418000,0.0,0.0
2020-12-01 00:00:00-05:00,87.67058926121352,90.40294282397186,87.49044706213408,89.0948257446289,37350000,0.0,0.0
2020-12-02 00:00:00-05:00,89.09482724425072,90.94981487855388,88.58914937963489,90.56422424316406,29424000,0.0,0.0
2020-12-03 00:00:00-05:00,90.34438241647054,91.50014714254405,90.16870781369849,90.40889739990234,24728000,0.0,0.0
2020-12-04 00:00:00-05:00,90.32851391467301,90.78903130874234,89.9994950336084,90.50418853759766,20544000,0.0,0.0
2020-12-07 00:00:00-05:00,90.09675400163334,90.77860623301,89.47594869785405,90.17020416259766,22288000,0.0,0.0
2020-12-08 00:00:00-05:00,89.74788739186799,90.11759154794318,88.89235211475021,89.8873291015625,19936000,0.0,0.0
2020-12-09 00:00:00-05:00,89.8392011100304,90.73295326690491,87.43933447683615,88.22638702392578,31728000,0.0,0.0
2020-12-10 00:00:00-05:00,87.46910240104222,88.08395592677938,86.0265034805042,87.71971130371094,28688000,0.0,0.0
2020-12-11 00:00:00-05:00,87.34009054339363,88.19910157718995,86.97981369971886,88.07453918457031,18628000,0.0,0.0
2020-12-14 00:00:00-05:00,87.87206853297646,88.81890924399337,86.80065786516951,86.95598602294922,33050000,0.0,0.0
2020-12-15 00:00:00-05:00,87.33312959787565,87.53857801501006,86.43045746319423,87.3936767578125,21352000,0.0,0.0
2020-12-16 00:00:00-05:00,87.7921613925864,87.7921613925864,86.79718438631407,87.20063018798828,24676000,0.0,0.0
2020-12-17 00:00:00-05:00,87.53511818197795,87.67307576208695,85.90840908366975,86.37289428710938,34880000,0.0,0.0
2020-12-18 00:00:00-05:00,86.65376686057336,86.76244280122043,85.10695202977472,85.66374206542969,85256000,0.0,0.0
2020-12-21 00:00:00-05:00,84.81565683297735,86.19870821457275,84.06482960264226,86.07762145996094,33974000,0.0,0.0
2020-12-22 00:00:00-05:00,85.81808690722899,85.9808585248168,84.64941910188612,85.36600494384766,20370000,0.0,0.0
2020-12-23 00:00:00-05:00,85.55011232552296,86.55154089513248,85.41463085492951,85.76349639892578,22974000,0.0,0.0
2020-12-24 00:00:00-05:00,85.80170893464756,86.46718255529909,85.5709542680901,86.05777740478516,9312000,0.0,0.0
2020-12-28 00:00:00-05:00,86.5912300604431,88.67994788097882,86.43789340684248,88.0328369140625,27650000,0.0,0.0
2020-12-29 00:00:00-05:00,88.69138091250761,88.75291246047898,87.0974215338382,87.22892761230469,19726000,0.0,0.0
2020-12-30 00:00:00-05:00,87.58820379818833,87.72516940602775,85.75207866076447,86.16148376464844,21026000,0.0,0.0
2020-12-31 00:00:00-05:00,86.21210764385076,87.21601985817294,86.15354439427452,86.97484588623047,21070000,0.0,0.0
2021-01-04 00:00:00-05:00,87.3400758073068,87.46363865106508,84.71689827186873,85.6592788696289,37324000,0.0,0.0
2021-01-05 00:00:00-05:00,85.6076753306863,86.68652187444044,85.20124606667888,86.35006713867188,20360000,0.0,0.0
2021-01-06 00:00:00-05:00,84.37547823924433,86.54459001427169,84.16903787338767,85.49799346923828,46588000,0.0,0.0
2021-01-07 00:00:00-05:00,85.69053939531456,88.22439556368579,85.69053939531456,88.05170440673828,41936000,0.0,0.0
2021-01-08 00:00:00-05:00,88.191641679299,89.29331822175078,87.4006138422846,89.21739196777344,35484000,0.0,0.0
2021-01-11 00:00:00-05:00,88.18469390854133,88.54993804991724,86.95002711090964,87.15596771240234,34796000,0.0,0.0
2021-01-12 00:00:00-05:00,86.61357327213408,87.7321207860819,85.17544183594138,86.22004699707031,29528000,0.0,0.0
2021-01-13 00:00:00-05:00,85.71833405616691,87.16094060271311,85.71833405616691,86.70736694335938,23432000,0.0,0.0
2021-01-14 00:00:00-05:00,86.78774893221043,87.7147504644655,85.65629851518884,85.89698028564453,29212000,0.0,0.0
2021-01-15 00:00:00-05:00,85.80269772639237,86.72572393076636,84.94369431632818,85.73322296142578,31444000,0.0,0.0
2021-01-19 00:00:00-05:00,86.49645306604887,89.51564055637627,85.99176721747224,88.55440521240234,41660000,0.0,0.0
2021-01-20 00:00:00-05:00,90.63369841737502,94.273699131295,90.29327584791857,93.29856872558594,64152000,0.0,0.0
2021-01-21 00:00:00-05:00,93.97247397752348,95.87955813281762,93.26580772759824,93.50102996826172,58634000,0.0,0.0
2021-01-22 00:00:00-05:00,93.86378525576802,94.50543672127229,93.12139349550735,93.91837310791016,32744000,0.0,0.0
2021-01-25 00:00:00-05:00,94.91982096292158,95.37041878796863,92.26090988552441,94.00373840332031,50586000,0.0,0.0
2021-01-26 00:00:00-05:00,93.59234042721772,95.06918077277226,93.10304122733542,94.6821060180664,31462000,0.0,0.0
2021-01-27 00:00:00-05:00,93.0424981499985,93.31841329790922,89.19010540093252,90.26498413085938,82512000,0.0,0.0
2021-01-28 00:00:00-05:00,90.86346464048778,93.69159105835183,90.86346464048778,91.96514129638672,55278000,0.0,0.0
2021-01-29 00:00:00-05:00,91.0133261797353,91.68425930662701,89.40250361723265,90.68282318115234,44530000,0.0,0.0
2021-02-01 00:00:00-05:00,91.537869114529,95.05876695305972,91.537869114529,93.94369506835938,40252000,0.0,0.0
2021-02-02 00:00:00-05:00,94.93917374200196,96.73758204200149,94.60370337579502,95.2364273071289,66332000,0.0,0.0
2021-02-03 00:00:00-05:00,102.50600624841188,104.54112860676844,99.922521611961,102.17202758789062,97882000,0.0,0.0
2021-02-04 00:00:00-05:00,102.25835014362768,102.68909362124872,100.99191812912186,101.9114761352539,48596000,0.0,0.0
2021-02-05 00:00:00-05:00,102.20575339863728,104.01111275805967,101.73134112371685,103.65827941894531,29866000,0.0,0.0
2021-02-08 00:00:00-05:00,104.2126024166411,104.95697814818854,102.39384771098673,103.44440460205078,28828000,0.0,0.0
2021-02-09 00:00:00-05:00,102.96204375401462,104.13865469002172,102.72384565242261,102.99132537841797,21892000,0.0,0.0
2021-02-10 00:00:00-05:00,103.37590903343886,104.1570097489229,101.84249703303352,103.54165649414062,25102000,0.0,0.0
2021-02-11 00:00:00-05:00,103.76597915086751,103.91484823820412,102.66727833879833,103.6543197631836,20480000,0.0,0.0
2021-02-12 00:00:00-05:00,103.20867899470525,104.18777710286646,102.90099857654532,103.96595764160156,18990000,0.0,0.0
2021-02-16 00:00:00-05:00,103.80318697811768,106.45267031039077,103.80318697811768,104.74358367919922,31004000,0.0,0.0
2021-02-17 00:00:00-05:00,103.91385613661629,105.32618913024353,103.63447293017356,105.1366195678711,20294000,0.0,0.0
2021-02-18 00:00:00-05:00,104.46073001635577,105.30386215822301,103.8816019889264,104.50092315673828,22546000,0.0,0.0
2021-02-19 00:00:00-05:00,104.59917603105531,105.13462765654127,103.39030764472844,103.65728759765625,37938000,0.0,0.0
2021-02-22 00:00:00-05:00,101.90999171180535,103.23647121123227,101.63209267408962,101.94274139404297,29466000,0.0,0.0
2021-02-23 00:00:00-05:00,99.94434439439259,102.84790471803919,98.7652498236748,102.2335433959961,34658000,0.0,0.0
2021-02-24 00:00:00-05:00,100.74083370987653,103.63298302888079,100.61627889516991,103.40917205810547,22608000,0.0,0.0
2021-02-25 00:00:00-05:00,102.02562057484711,103.36897091511271,99.57215821309238,100.04161071777344,41548000,0.0,0.0
2021-02-26 00:00:00-05:00,100.7363652714973,102.05490166561077,99.30021775417421,100.3373794555664,40042000,0.0,0.0
2021-03-01 00:00:00-05:00,101.63209158055665,103.03300560280509,100.95818263525662,102.70697021484375,26060000,0.0,0.0
2021-03-02 00:00:00-05:00,102.46778343065205,103.95157512845779,102.06235368431534,102.44992065429688,25564000,0.0,0.0
2021-03-03 00:00:00-05:00,101.82810665686394,103.0210885249046,98.9523288633774,99.8163070678711,33892000,0.0,0.0
2021-03-04 00:00:00-05:00,99.98803483554417,102.95164319583796,99.5195741927998,100.93389129638672,49216000,0.0,0.0
2021-03-05 00:00:00-05:00,102.2846703465188,104.52027360842204,100.62867970924299,104.06719970703125,53100000,0.0,0.0
2021-03-08 00:00:00-05:00,103.4215726006688,104.89443749241916,99.50764106068317,99.62227630615234,36868000,0.0,0.0
2021-03-09 00:00:00-05:00,101.71892934476469,102.42211228858959,101.01673078436822,101.25294494628906,33920000,0.0,0.0
2021-03-10 00:00:00-05:00,102.29708138284172,102.29708138284172,100.20935509208553,101.04603576660156,27100000,0.0,0.0
2021-03-11 00:00:00-05:00,102.13927332403148,104.77187858733713,102.05143601644393,104.2394027709961,27702000,0.0,0.0
2021-03-12 00:00:00-05:00,103.04194682941647,103.10149446258991,100.85893998678274,101.7313461303711,33818000,0.0,0.0
2021-03-15 00:00:00-04:00,101.48223051757223,101.97897318600187,100.62917885594194,101.9516830444336,26168000,0.0,0.0
2021-03-16 00:00:00-04:00,102.52485435636942,104.89147154660814,102.1923674371934,103.41314697265625,31900000,0.0,0.0
2021-03-17 00:00:00-04:00,102.64791686191691,104.16296639587709,101.4395482280668,103.33026123046875,26382000,0.0,0.0
2021-03-18 00:00:00-04:00,101.64102887234584,102.66181951662611,100.2019054886591,100.30909729003906,31700000,0.0,0.0
2021-03-19 00:00:00-04:00,100.72546283203557,101.08821579212173,99.39550746839318,100.58799743652344,46072000,0.0,0.0
2021-03-22 00:00:00-04:00,100.62124164348486,101.64897601791101,99.9448489322674,100.7730941772461,33536000,0.0,0.0
2021-03-23 00:00:00-04:00,101.23260362441583,102.43154484004994,100.63958830056207,101.30108642578125,28510000,0.0,0.0
2021-03-24 00:00:00-04:00,101.81868694086641,102.6047475271792,100.6892203526668,100.8644027709961,25218000,0.0,0.0
2021-03-25 00:00:00-04:00,100.6917082778307,101.51498617081897,99.05606400581422,100.86093139648438,35616000,0.0,0.0
2021-03-26 00:00:00-04:00,100.8276598108313,101.20480738647193,99.44113305193392,100.47731018066406,27978000,0.0,0.0
2021-03-29 00:00:00-04:00,100.34978722521926,101.6921456617526,99.52055008099022,101.52242279052734,26492000,0.0,0.0
2021-03-30 00:00:00-04:00,101.87923478436586,102.3600985997057,101.04404587909158,101.5561752319336,27312000,0.0,0.0
2021-03-31 00:00:00-04:00,101.94969227085818,103.5307484849651,101.58246421687518,102.35264587402344,42570000,0.0,0.0
2021-04-01 00:00:00-04:00,103.82801379599191,105.98669892569983,103.78732089156456,105.69043731689453,39880000,0.0,0.0
2021-04-05 00:00:00-04:00,106.55241526747184,110.61373186270573,106.45614255746916,110.1159896850586,48510000,0.0,0.0
2021-04-06 00:00:00-04:00,109.71701369040595,110.56461342527915,109.26393976837547,109.63463592529297,35240000,0.0,0.0
2021-04-07 00:00:00-04:00,109.82519037364484,111.38341654754359,109.82519037364484,111.11196899414062,24134000,0.0,0.0
2021-04-08 00:00:00-04:00,112.35111313829853,112.73769574092296,111.30948379590893,111.67770385742188,28664000,0.0,0.0
2021-04-09 00:00:00-04:00,111.43006102264019,112.84586194117158,111.0241239862525,112.68209838867188,26146000,0.0,0.0
2021-04-12 00:00:00-04:00,111.86081020287733,111.99826800652428,110.5556690671648,111.38937377929688,25024000,0.0,0.0
2021-04-13 00:00:00-04:00,111.7054829333092,112.32480405880901,111.31145691408278,111.87619018554688,25682000,0.0,0.0
2021-04-14 00:00:00-04:00,112.52132265803313,112.52132265803313,110.96260423492673,111.25489044189453,21002000,0.0,0.0
2021-04-15 00:00:00-04:00,112.24937512425728,113.93910731506152,111.71441568076216,113.40563201904297,29174000,0.0,0.0
2021-04-16 00:00:00-04:00,113.60364566317921,113.85177090924829,112.69451439811739,113.28157806396484,26282000,0.0,0.0
2021-04-19 00:00:00-04:00,112.65779320044837,114.34057420260662,112.65779320044837,113.62944793701172,30290000,0.0,0.0
2021-04-20 00:00:00-04:00,114.0130523362759,114.08798664621497,112.00969537265847,113.09598541259766,22288000,0.0,0.0
2021-04-21 00:00:00-04:00,112.75059980196684,113.14511805494395,111.39930606796882,113.06324005126953,23204000,0.0,0.0
2021-04-22 00:00:00-04:00,112.9168285050062,113.58577771200164,111.17598403868455,111.78141021728516,24146000,0.0,0.0
2021-04-23 00:00:00-04:00,112.49998747236313,114.44132071147847,112.2146449476843,114.13414001464844,29066000,0.0,0.0
2021-04-26 00:00:00-04:00,114.36190704701553,115.35490771445889,114.00460611598119,114.63037872314453,32038000,0.0,0.0
2021-04-27 00:00:00-04:00,115.01249127701054,115.05318417666454,113.45078956312143,113.68998718261719,44386000,0.0,0.0
2021-04-28 00:00:00-04:00,118.72792498547076,120.65734705575763,116.77865622813731,117.06747436523438,81106000,0.0,0.0
2021-04-29 00:00:00-04:00,118.56565462462966,119.30655470794439,117.80241660635883,118.74082946777344,41234000,0.0,0.0
2021-04-30 00:00:00-04:00,117.51310274370631,118.19941495111625,116.44815119189317,116.79254913330078,44856000,0.0,0.0
2021-05-03 00:00:00-04:00,117.35876574374358,118.18452723288044,115.89929599373691,116.27545166015625,28242000,0.0,0.0
2021-05-04 00:00:00-04:00,114.81002610533777,115.37773525338912,111.98785142103567,114.47654724121094,44818000,0.0,0.0
2021-05-05 00:00:00-04:00,115.55838657968523,115.8744948855566,114.54851496753456,114.8705825805664,26636000,0.0,0.0
2021-05-06 00:00:00-04:00,114.45174020961404,115.9911117553711,113.7922258951969,115.9911117553711,25190000,0.0,0.0
2021-05-07 00:00:00-04:00,117.30816048876812,117.6733970925237,116.4283032840996,116.71463775634766,28898000,0.0,0.0
2021-05-10 00:00:00-04:00,115.534046710745,115.67597966626334,113.37039450678947,113.72819519042969,30914000,0.0,0.0
2021-05-11 00:00:00-04:00,111.31246512837205,113.15900979976799,110.85839167705417,112.65184020996094,34186000,0.0,0.0
2021-05-12 00:00:00-04:00,110.47478602478672,111.5561162328278,108.85849635134446,109.18750762939453,46376000,0.0,0.0
2021-05-13 00:00:00-04:00,110.47131735337267,111.13232339055422,109.50859016058438,110.61622619628906,33204000,0.0,0.0
2021-05-14 00:00:00-04:00,112.0801472464364,113.37932900228232,111.65634743812632,113.06470489501953,31996000,0.0,0.0
2021-05-17 00:00:00-04:00,112.3297641754445,113.6304377384808,111.92978642061708,113.58776092529297,21598000,0.0,0.0
2021-05-18 00:00:00-04:00,114.2542271454535,114.51873100821115,112.26128204938492,112.27517700195312,22204000,0.0,0.0
2021-05-19 00:00:00-04:00,110.58594292832795,112.89648041648023,110.43756603914663,112.7232894897461,23684000,0.0,0.0
2021-05-20 00:00:00-04:00,113.69098569300493,114.73310713657823,113.31978979628988,114.48250579833984,32352000,0.0,0.0
2021-05-21 00:00:00-04:00,115.00157839071795,115.07502854849963,113.60661602300084,113.84630584716797,40632000,0.0,0.0
2021-05-24 00:00:00-04:00,114.87652646965049,117.39052855183634,114.73112544261134,117.1667251586914,31832000,0.0,0.0
2021-05-25 00:00:00-04:00,117.71061174116315,118.30611079968943,116.86698744390246,117.25753784179688,22440000,0.0,0.0
2021-05-26 00:00:00-04:00,117.43866520384775,118.5537446380502,117.43568933655425,118.12300109863281,21572000,0.0,0.0
2021-05-27 00:00:00-04:00,118.55671711942162,118.55671711942162,116.92951595867764,117.24810791015625,35224000,0.0,0.0
2021-05-28 00:00:00-04:00,117.83069992865224,117.91257792108246,116.76028885976044,116.95878601074219,21482000,0.0,0.0
2021-06-01 00:00:00-04:00,117.83168978545551,118.39096348703528,116.83124568620666,118.1661605834961,23354000,0.0,0.0
2021-06-02 00:00:00-04:00,118.5616749306312,118.7844939306939,116.73596907023163,117.64064025878906,21158000,0.0,0.0
2021-06-03 00:00:00-04:00,116.4069589139595,116.96722459641707,115.60253582286343,116.49876403808594,18696000,0.0,0.0
2021-06-04 00:00:00-04:00,117.57514366228743,119.05198412649423,117.23471351595569,118.7810287475586,24458000,0.0,0.0
2021-06-07 00:00:00-04:00,118.57608038074805,119.3239317671164,118.1572478636839,119.2142562866211,24120000,0.0,0.0
2021-06-08 00:00:00-04:00,119.69610658561207,120.06878661423825,118.84106348764917,119.02268981933594,24240000,0.0,0.0
2021-06-09 00:00:00-04:00,119.66733155702187,119.73928242428627,118.94627815938065,119.494140625,17942000,0.0,0.0
2021-06-10 00:00:00-04:00,119.44352262743342,120.88662140305803,119.28770227679246,120.84344482421875,25904000,0.0,0.0
2021-06-11 00:00:00-04:00,121.08510871682954,121.17046233960727,120.04099584089136,120.59878540039062,21958000,0.0,0.0
2021-06-14 00:00:00-04:00,120.7010138258984,121.52776727722208,119.99336321142542,121.52727508544922,22098000,0.0,0.0
2021-06-15 00:00:00-04:00,121.53174682787918,121.8548063943965,120.14820319304306,120.50897979736328,21562000,0.0,0.0
2021-06-16 00:00:00-04:00,120.66032532200343,120.97197359175446,118.57409090880724,119.8668212890625,26472000,0.0,0.0
2021-06-17 00:00:00-04:00,119.7923747217894,121.60368576319931,119.59635368164419,120.83052825927734,25842000,0.0,0.0
2021-06-18 00:00:00-04:00,120.45685929101408,120.69108957521395,119.1150006147533,119.21028137207031,46116000,0.0,0.0
2021-06-21 00:00:00-04:00,119.59685965102948,121.0851112549705,118.99936913469928,120.89901733398438,27414000,0.0,0.0
2021-06-22 00:00:00-04:00,120.83698717040798,121.48211428370058,120.15613450667915,121.41313171386719,22390000,0.0,0.0
2021-06-23 00:00:00-04:00,121.17791693257503,122.17240182650191,120.92086408491839,121.21116638183594,19148000,0.0,0.0
2021-06-24 00:00:00-04:00,121.779864655628,122.13269801966713,121.38287032972356,121.58136749267578,21362000,0.0,0.0
2021-06-25 00:00:00-04:00,121.08511970218902,121.71337603387175,120.65338419848014,121.58980560302734,34594000,0.0,0.0
2021-06-28 00:00:00-04:00,121.758521573653,121.86422922179605,120.49507286854836,121.61709594726562,28526000,0.0,0.0
2021-06-29 00:00:00-04:00,121.75059355767355,122.09846715134644,120.77843902634659,121.35557556152344,23108000,0.0,0.0
2021-06-30 00:00:00-04:00,121.07964614267887,121.34018216338318,120.44444619404047,121.17393493652344,24474000,0.0,0.0
2021-07-01 00:00:00-04:00,120.81217357840106,121.66770889111173,120.62012792060024,121.52628326416016,18110000,0.0,0.0
2021-07-02 00:00:00-04:00,122.22649752476075,124.46359255881022,122.13667630698805,124.31819152832031,25982000,0.0,0.0
2021-07-06 00:00:00-04:00,124.70625497523152,125.4799123179405,123.64824707773293,125.24369812011719,26404000,0.0,0.0
2021-07-07 00:00:00-04:00,126.20840260771347,126.32948178151617,125.20696652930476,125.52555847167969,24060000,0.0,0.0
2021-07-08 00:00:00-04:00,123.09592895650106,124.65365544647669,123.09196113332287,124.10629272460938,23790000,0.0,0.0
2021-07-09 00:00:00-04:00,124.08743338198082,124.7916083872216,123.61748109045698,124.57723236083984,18632000,0.0,0.0
2021-07-12 00:00:00-04:00,125.2317800964702,126.11659701235094,124.66903075282382,126.02330017089844,17668000,0.0,0.0
2021-07-13 00:00:00-04:00,126.08582935283354,127.09718503011685,125.72456058354896,126.38655853271484,19240000,0.0,0.0
2021-07-14 00:00:00-04:00,126.99843013494588,128.3566749442319,126.95525355930435,127.27533721923828,23742000,0.0,0.0
2021-07-15 00:00:00-04:00,127.6842504239584,127.73486288138461,125.58113774435483,126.05257415771484,24218000,0.0,0.0
2021-07-16 00:00:00-04:00,126.7056414194645,126.85302634579371,125.20746273938772,126.01783752441406,20424000,0.0,0.0
2021-07-19 00:00:00-04:00,125.14393851701688,125.25857376045805,122.57881687574903,123.6437759399414,27968000,0.0,0.0
2021-07-20 00:00:00-04:00,124.5861538619806,126.09029189296702,123.4179859291458,125.26304626464844,26312000,0.0,0.0
2021-07-21 00:00:00-04:00,125.18763199055165,126.63916630972676,125.07845626783947,126.59252166748047,20746000,0.0,0.0
2021-07-22 00:00:00-04:00,126.88528161966792,127.51948960821602,126.54286761164278,127.45844268798828,14302000,0.0,0.0
2021-07-23 00:00:00-04:00,129.4523951600972,132.3986401311124,128.82712984161756,132.01751708984375,41506000,0.0,0.0
2021-07-26 00:00:00-04:00,132.32866235257328,133.23034251225275,131.3093559344711,133.0298614501953,30572000,0.0,0.0
2021-07-27 00:00:00-04:00,133.24375654153485,133.39114148344112,129.12835158486462,130.91087341308594,54710000,0.0,0.0
2021-07-28 00:00:00-04:00,135.28977752970368,137.25989239813106,134.26303523992692,135.0734100341797,95130000,0.0,0.0
2021-07-29 00:00:00-04:00,135.12899677919694,135.63616633400994,134.52655404007479,134.75929260253906,31716000,0.0,0.0
2021-07-30 00:00:00-04:00,134.02234467319062,134.28982435675994,133.24819528667174,133.71615600585938,25576000,0.0,0.0
2021-08-02 00:00:00-04:00,134.10375968033432,134.3216113441576,132.79068281831607,133.84323120117188,21634000,0.0,0.0
2021-08-03 00:00:00-04:00,134.1216167474908,134.71413996372158,132.31974039561504,134.6129150390625,20762000,0.0,0.0
2021-08-04 00:00:00-04:00,134.3345324156283,134.63228577945947,133.47849717375072,134.11221313476562,19676000,0.0,0.0
2021-08-05 00:00:00-04:00,134.66301914321753,135.32750833169953,133.83477396423808,135.229736328125,17870000,0.0,0.0
2021-08-06 00:00:00-04:00,135.0218328558006,135.44910079449588,134.196071269819,134.72059631347656,20488000,0.0,0.0
2021-08-09 00:00:00-04:00,134.9230796484028,136.15527055748314,134.32458951731195,135.88629150390625,17760000,0.0,0.0
2021-08-10 00:00:00-04:00,136.3120586436504,136.739341684584,135.3418956435353,135.7810821533203,19414000,0.0,0.0
2021-08-11 00:00:00-04:00,136.15277807095418,136.6500129504423,135.24959853381438,135.25704956054688,15352000,0.0,0.0
2021-08-12 00:00:00-04:00,134.95580816135285,136.27038427949398,134.4099447510758,136.16517639160156,16506000,0.0,0.0
2021-08-13 00:00:00-04:00,136.22075907791498,136.82271722045272,136.00539109097147,136.69467163085938,15948000,0.0,0.0
2021-08-16 00:00:00-04:00,136.49370638192505,137.3249351316468,134.28440101461297,137.27232360839844,22384000,0.0,0.0
2021-08-17 00:00:00-04:00,136.7169958893501,137.2286329994701,135.06150515244326,135.63665771484375,21716000,0.0,0.0
2021-08-18 00:00:00-04:00,135.47637140289288,136.07634558098277,134.30671177014443,134.43325805664062,19258000,0.0,0.0
2021-08-19 00:00:00-04:00,133.4273471733115,135.32996352122413,133.2432371779156,134.66250610351562,21782000,0.0,0.0
2021-08-20 00:00:00-04:00,134.9801260855952,136.52247337439283,134.23575039027023,136.39891052246094,31194000,0.0,0.0
2021-08-23 00:00:00-04:00,136.93486475189124,139.8180789523817,136.57557987363364,138.9913330078125,28454000,0.0,0.0
2021-08-24 00:00:00-04:00,139.55704424673573,141.01453771679073,139.2860964529623,140.20217895507812,19268000,0.0,0.0
2021-08-25 00:00:00-04:00,140.56294433294897,141.12321001802496,140.31581862814912,141.01353454589844,15848000,0.0,0.0
2021-08-26 00:00:00-04:00,140.6869948524426,141.34948492640603,140.29693668933822,140.37982177734375,20610000,0.0,0.0
2021-08-27 00:00:00-04:00,140.59023537546233,143.42878866169718,140.43589917778093,142.92410278320312,28780000,0.0,0.0
2021-08-30 00:00:00-04:00,143.3171329571625,144.87586650188038,143.08191071362054,143.50621032714844,24434000,0.0,0.0
2021-08-31 00:00:00-04:00,144.0585493114056,144.08285601526092,143.19904608984555,143.61241149902344,22448000,0.0,0.0
2021-09-01 00:00:00-04:00,143.91264203896188,145.15723608656572,143.79701482675657,144.12652587890625,21936000,0.0,0.0
2021-09-02 00:00:00-04:00,144.1270137169677,144.4282350739372,142.11123857880438,142.2124786376953,32342000,0.0,0.0
2021-09-03 00:00:00-04:00,142.00752066125906,143.07395626316057,141.33261222025337,142.6615753173828,19850000,0.0,0.0
2021-09-07 00:00:00-04:00,142.7558927513599,143.4809140278703,142.54200890024745,143.19854736328125,20124000,0.0,0.0
2021-09-08 00:00:00-04:00,143.01939373948818,143.3171319106359,141.92763663073742,142.6134490966797,18344000,0.0,0.0
2021-09-09 00:00:00-04:00,142.76182262055423,143.22829924541583,142.10380011064456,142.46456909179688,15314000,0.0,0.0
2021-09-10 00:00:00-04:00,143.13103101123474,143.63324834342055,139.6825992095329,139.81956481933594,36840000,0.0,0.0
2021-09-13 00:00:00-04:00,140.88499809629892,141.87799874708952,140.1907502683079,141.26513671875,22094000,0.0,0.0
2021-09-14 00:00:00-04:00,141.92317737522325,142.2879293728358,140.6870186953344,141.47555541992188,19674000,0.0,0.0
2021-09-15 00:00:00-04:00,141.70084898830657,143.3672589310745,140.28753163392904,143.34642028808594,27408000,0.0,0.0
2021-09-16 00:00:00-04:00,142.871012257135,143.21789389256512,141.33363224313416,142.53306579589844,26190000,0.0,0.0
2021-09-17 00:00:00-04:00,141.95789782730313,142.3742466109802,139.41659826215943,139.74412536621094,53384000,0.0,0.0
2021-09-20 00:00:00-04:00,137.12541555299168,137.95762854767855,135.29971724995474,137.67922973632812,46518000,0.0,0.0
2021-09-21 00:00:00-04:00,138.70150564295537,138.961549489437,137.24104391217074,137.99038696289062,25332000,0.0,0.0
2021-09-22 00:00:00-04:00,138.25935937751655,139.83048106126535,137.51249995610252,139.23150634765625,25056000,0.0,0.0
2021-09-23 00:00:00-04:00,139.93021088227076,140.63389359261095,139.34860686187037,140.15699768066406,20952000,0.0,0.0
2021-09-24 00:00:00-04:00,139.48458758729717,141.26315661492927,139.18931795972466,141.1485137939453,22984000,0.0,0.0
2021-09-27 00:00:00-04:00,139.74860330168596,140.87410203574274,139.01713059177794,140.01409912109375,21882000,0.0,0.0
2021-09-28 00:00:00-04:00,137.61522900485204,138.0534160284958,134.3449399306605,134.81141662597656,45772000,0.0,0.0
2021-09-29 00:00:00-04:00,135.95276138761872,136.12248424162405,132.861130950565,133.34596252441406,30848000,0.0,0.0
2021-09-30 00:00:00-04:00,133.25467295688009,134.5260573598816,132.5544581975898,132.67355346679688,37996000,0.0,0.0
2021-10-01 00:00:00-04:00,133.4392677350906,135.88381020641216,133.06757963803923,135.51905822753906,35360000,0.0,0.0
2021-10-04 00:00:00-04:00,134.94092038251742,134.94092038251742,130.06725246602704,132.6571807861328,51202000,0.0,0.0
2021-10-05 00:00:00-04:00,133.03581349340732,136.1954422891802,133.03581349340732,135.00294494628906,32404000,0.0,0.0
2021-10-06 00:00:00-04:00,133.73949382505162,136.71699647050733,133.54099667756023,136.53338623046875,24364000,0.0,0.0
2021-10-07 00:00:00-04:00,137.85042817938296,138.99181325854707,137.61123813678714,138.18093872070312,25110000,0.0,0.0
2021-10-08 00:00:00-04:00,138.53029594438388,139.2786394526992,138.17349477354347,138.73724365234375,26526000,0.0,0.0
2021-10-11 00:00:00-04:00,138.24743994592924,139.6567893779869,137.81767325329827,137.8722686767578,17954000,0.0,0.0
2021-10-12 00:00:00-04:00,138.43402701454784,138.46083253617908,134.74192230236443,135.42576599121094,36332000,0.0,0.0
2021-10-13 00:00:00-04:00,136.3721194131422,136.96514241440264,135.49524559946482,136.55027770996094,19654000,0.0,0.0
2021-10-14 00:00:00-04:00,138.4280727926186,140.27759317448889,137.78393763383104,140.09249877929688,31894000,0.0,0.0
2021-10-15 00:00:00-04:00,140.55254906130295,140.65527328868853,139.69949727298308,140.30789184570312,30274000,0.0,0.0
2021-10-18 00:00:00-04:00,140.01854295640226,141.7251457353719,140.01159169518291,141.707275390625,20396000,0.0,0.0
2021-10-19 00:00:00-04:00,142.3122259032988,142.5851727491795,141.5306404974809,142.16285705566406,20164000,0.0,0.0
2021-10-20 00:00:00-04:00,142.26312132210597,142.46956930655435,140.31632833847547,140.7058868408203,23288000,0.0,0.0
2021-10-21 00:00:00-04:00,140.70587924060632,141.0899857507834,139.44639818872457,140.82200622558594,26292000,0.0,0.0
2021-10-22 00:00:00-04:00,138.10650299028052,139.52875553803523,135.03571082515822,136.53488159179688,50588000,0.0,0.0
2021-10-25 00:00:00-04:00,136.5185300057674,136.96515247409252,134.4084656297971,136.4163055419922,34412000,0.0,0.0
2021-10-26 00:00:00-04:00,138.21916373627255,139.0325068979377,137.267355663292,138.26382446289062,49236000,0.0,0.0
2021-10-27 00:00:00-04:00,138.35960422116113,147.53527135391386,138.35960422116113,145.1210174560547,85782000,0.0,0.0
2021-10-28 00:00:00-04:00,146.03111595714554,146.054438272218,143.54241291786687,144.7552490234375,36206000,0.0,0.0
2021-10-29 00:00:00-04:00,143.99006104419053,147.13033561970673,143.56477703683294,146.93580627441406,43320000,0.0,0.0
2021-11-01 00:00:00-04:00,146.93579626429255,146.93579626429255,142.15143480145554,142.4208984375,46924000,0.0,0.0
2021-11-02 00:00:00-04:00,143.49528827408025,145.50956421119818,143.25311477300548,144.34188842773438,33482000,0.0,0.0
2021-11-03 00:00:00-04:00,144.8063629552917,145.56910867772,143.50668907158123,145.49864196777344,27494000,0.0,0.0
2021-11-04 00:00:00-04:00,146.02120570689476,148.61064946538178,145.2108308442372,147.1556396484375,38412000,0.0,0.0
2021-11-05 00:00:00-04:00,148.05087231856265,149.20019319950708,147.08567660753985,147.7357635498047,38354000,0.0,0.0
2021-11-08 00:00:00-05:00,148.70144323665562,149.48552742281953,147.31740001470018,147.9134063720703,23052000,0.0,0.0
2021-11-09 00:00:00-05:00,148.11389827574533,148.71088906033273,146.14079981403162,147.8017578125,19530000,0.0,0.0
2021-11-10 00:00:00-05:00,146.3938976345835,146.95963047439804,143.45361947712578,144.7994384765625,29970000,0.0,0.0
2021-11-11 00:00:00-05:00,145.39095562609714,146.42911672786738,144.50861485628576,144.67337036132812,16518000,0.0,0.0
2021-11-12 00:00:00-05:00,145.51603116453387,147.7337869920276,144.32056534887636,147.5630645751953,22360000,0.0,0.0
2021-11-15 00:00:00-05:00,147.78388336285937,148.42801853120432,146.46832288502367,147.3387451171875,23508000,0.0,0.0
2021-11-16 00:00:00-05:00,147.03852213551875,147.64691660374896,146.20779328379493,146.76707458496094,18904000,0.0,0.0
2021-11-17 00:00:00-05:00,146.91744359855497,147.44545184821902,146.13585811864922,146.93679809570312,19594000,0.0,0.0
2021-11-18 00:00:00-05:00,147.1298348231303,149.45129909726722,146.77551730421044,148.71485900878906,35608000,0.0,0.0
2021-11-19 00:00:00-05:00,148.850821889898,149.83440281847206,147.78240224110786,147.8096923828125,33682000,0.0,0.0
2021-11-22 00:00:00-05:00,148.2126406962462,148.7059076930002,145.05152784228244,145.20486450195312,30594000,0.0,0.0
2021-11-23 00:00:00-05:00,145.05697120311882,145.5601728711178,143.03426011932322,144.68875122070312,27218000,0.0,0.0
2021-11-24 00:00:00-05:00,144.38256427836453,145.1527458877794,143.29032269361113,145.0242156982422,18040000,0.0,0.0
2021-11-26 00:00:00-05:00,143.26603338725357,143.47346574331712,140.7788290261977,141.1167755126953,30470000,0.0,0.0
2021-11-29 00:00:00-05:00,142.92012308902753,145.20039440867032,142.8144154479387,144.43914794921875,32596000,0.0,0.0
2021-11-30 00:00:00-05:00,143.9210829537651,144.90514856073972,140.53963428895196,140.8334197998047,42068000,0.0,0.0
2021-12-01 00:00:00-05:00,142.9201188972118,144.8559922423106,139.85527889177976,139.9937286376953,34020000,0.0,0.0
2021-12-02 00:00:00-05:00,140.1907403286436,142.78563565182435,139.1629985850342,141.8938751220703,29194000,0.0,0.0
2021-12-03 00:00:00-05:00,142.60350921008813,143.31711147989998,139.24885161266536,140.9365997314453,41230000,0.0,0.0
2021-12-06 00:00:00-05:00,141.9678386286235,142.77374594125564,139.0990115301262,142.08148193359375,30618000,0.0,0.0
2021-12-07 00:00:00-05:00,144.50465719357044,146.4246594362263,144.13842108192705,146.1651153564453,32240000,0.0,0.0
2021-12-08 00:00:00-05:00,146.48966913877248,147.28020490132727,145.30810591665517,147.0752410888672,24270000,0.0,0.0
2021-12-09 00:00:00-05:00,146.48421241020347,147.98189902251838,146.01178401342344,146.53135681152344,23270000,0.0,0.0
2021-12-10 00:00:00-05:00,147.5848649416656,147.86028027717262,145.60383117735927,146.8916015625,24458000,0.0,0.0
2021-12-13 00:00:00-05:00,146.67328207860228,146.86037554582492,144.42626742648753,144.7329559326172,27070000,0.0,0.0
2021-12-14 00:00:00-05:00,142.88838224618928,143.3965362015146,140.15602113354242,142.8278350830078,38446000,0.0,0.0
2021-12-15 00:00:00-05:00,142.33355877435457,145.62071825548696,140.61553692266676,145.3428192138672,36370000,0.0,0.0
2021-12-16 00:00:00-05:00,146.06685680328061,146.56955875627122,142.53007278515918,143.36180114746094,33650000,0.0,0.0
2021-12-17 00:00:00-05:00,141.43139843606167,142.7558942261801,140.2404002149466,140.66221618652344,50416000,0.0,0.0
2021-12-20 00:00:00-05:00,138.95016096365268,140.71135982699354,138.27625183489448,140.54510498046875,27192000,0.0,0.0
2021-12-21 00:00:00-05:00,140.9882260878411,142.79011743592406,139.4488622569165,142.39659118652344,28756000,0.0,0.0
2021-12-22 00:00:00-05:00,141.99464616719504,145.4014011115473,141.99464616719504,145.31703186035156,26322000,0.0,0.0
2021-12-23 00:00:00-05:00,145.40137781045914,147.1318028392247,145.35373364931638,145.81475830078125,26384000,0.0,0.0
2021-12-27 00:00:00-05:00,146.15172864562504,147.23156722380827,146.06587524675373,146.79734802246094,15976000,0.0,0.0
2021-12-28 00:00:00-05:00,147.12435498406532,147.18688605386762,144.95922615738593,145.58697509765625,18200000,0.0,0.0
2021-12-29 00:00:00-05:00,145.54480223641073,146.31151586245565,144.5552847534047,145.5552215576172,17788000,0.0,0.0
2021-12-30 00:00:00-05:00,145.59392492050907,146.19538324277852,144.89967709451196,145.1041259765625,15688000,0.0,0.0
2021-12-31 00:00:00-05:00,144.95477660937993,145.59841206525712,143.76576232910156,143.76576232910156,18136000,0.0,0.0
2022-01-03 00:00:00-05:00,143.9672057510473,144.7572416495097,142.63527431481612,143.90419006347656,28646000,0.0,0.0
2022-01-04 00:00:00-05:00,144.30566816404834,145.38650621065128,142.6387735560891,143.316650390625,28400000,0.0,0.0
2022-01-05 00:00:00-05:00,143.3369947744093,143.41589690893608,136.65548327199204,136.7418212890625,54618000,0.0,0.0
2022-01-06 00:00:00-05:00,135.97113194890792,138.89057101080056,135.53442915294616,136.71450805664062,37348000,0.0,0.0
2022-01-07 00:00:00-05:00,137.10951820455404,137.41025492629657,134.74836087315734,135.98948669433594,29760000,0.0,0.0
2022-01-10 00:00:00-05:00,134.0650342896381,137.77847711136317,132.16588595061782,137.6295928955078,44408000,0.0,0.0
2022-01-11 00:00:00-05:00,136.9720874131419,139.1645217290707,135.66744595665384,138.6881103515625,28730000,0.0,0.0
2022-01-12 00:00:00-05:00,140.09148951411504,141.53856351346735,139.63941518856805,140.36988830566406,26108000,0.0,0.0
2022-01-13 00:00:00-05:00,140.47858803319025,141.7787770936722,137.37107060354336,137.54774475097656,31436000,0.0,0.0
2022-01-14 00:00:00-05:00,136.05102908212427,139.68656954146815,135.97114257121223,138.4345245361328,29662000,0.0,0.0
2022-01-18 00:00:00-05:00,135.15382402606036,136.10314842718847,134.42285105215512,134.9781494140625,34872000,0.0,0.0
2022-01-19 00:00:00-05:00,135.49970276827796,136.92493874451395,134.00301568869605,134.10325622558594,28648000,0.0,0.0
2022-01-20 00:00:00-05:00,135.2282544434575,136.59394277770195,131.96738542394968,132.3078155517578,29908000,0.0,0.0
2022-01-21 00:00:00-05:00,131.59918447816986,133.85413470989914,129.11098076605415,129.37399291992188,55652000,0.0,0.0
2022-01-24 00:00:00-05:00,125.03327622017262,130.21909952147814,123.56636302838503,129.82308959960938,76622000,0.0,0.0
2022-01-25 00:00:00-05:00,127.77456517516126,128.4286198444803,125.55185757799042,125.98309326171875,46960000,0.0,0.0
2022-01-26 00:00:00-05:00,130.13574398925348,132.0026351291837,126.18856248123481,128.26388549804688,49130000,0.0,0.0
2022-01-27 00:00:00-05:00,130.31933794967972,131.6577209195891,127.96561639041133,128.03758239746094,31950000,0.0,0.0
2022-01-28 00:00:00-05:00,128.68666808776362,132.35644978053813,127.52147605383999,132.35098266601562,34362000,0.0,0.0
2022-01-31 00:00:00-05:00,133.15591425848223,134.45708760059057,131.21805677014638,134.28884887695312,39986000,0.0,0.0
2022-02-01 00:00:00-05:00,136.56264232731135,136.75965530146428,133.3608369631448,136.6117706298828,68644000,0.0,0.0
2022-02-02 00:00:00-05:00,150.11576472101984,150.41003482370965,144.43122234361599,146.89013671875,123200000,0.0,0.0
2022-02-03 00:00:00-05:00,144.61286316505112,148.55259367465578,141.5956515737135,142.0169677734375,71518000,0.0,0.0
2022-02-04 00:00:00-05:00,142.36882848311689,143.78859755772908,139.4612921350316,142.2184600830078,57998000,0.0,0.0
2022-02-07 00:00:00-05:00,143.16825272340563,143.16825272340563,137.85836692860573,138.15711975097656,54974000,0.0,0.0
2022-02-08 00:00:00-05:00,137.98393352600814,138.95012868811895,135.98652845498887,138.3536376953125,54284000,0.0,0.0
2022-02-09 00:00:00-05:00,139.90640076704875,141.45569926676154,139.13571933998102,140.53018188476562,40144000,0.0,0.0
2022-02-10 00:00:00-05:00,138.65586088469732,140.42349572216153,136.92245230630547,137.58047485351562,39330000,0.0,0.0
2022-02-11 00:00:00-05:00,137.5606404788322,138.11295539537267,132.39962332012644,133.2755126953125,39958000,0.0,0.0
2022-02-14 00:00:00-05:00,132.25720762086638,135.27788715232825,132.25720762086638,134.5096893310547,34302000,0.0,0.0
2022-02-15 00:00:00-05:00,136.5388523034239,137.07282740423187,134.80297510881232,135.58407592773438,26680000,0.0,0.0
2022-02-16 00:00:00-05:00,135.62177176243202,137.05047569540287,133.91218535408186,136.70509338378906,25022000,0.0,0.0
2022-02-17 00:00:00-05:00,135.22127679608437,136.0852473718121,131.48501181794649,131.54505920410156,38950000,0.0,0.0
2022-02-18 00:00:00-05:00,132.46611275498591,133.06460279138676,129.2201459554218,129.4250946044922,45620000,0.0,0.0
2022-02-22 00:00:00-05:00,128.8643182954154,131.18925024339552,127.26192379084993,128.8400115966797,44990000,0.0,0.0
2022-02-23 00:00:00-05:00,130.6612537057356,131.06073168464098,126.5711553027141,126.6312026977539,32786000,0.0,0.0
2022-02-24 00:00:00-05:00,124.01646653856334,132.0026265987599,124.01646653856334,131.69593811035156,54456000,0.0,0.0
2022-02-25 00:00:00-05:00,132.55049129326056,134.25709440677767,130.76348675698117,133.45118713378906,36406000,0.0,0.0
2022-02-28 00:00:00-05:00,132.05226662425127,134.73350055558737,131.59819315726125,134.04421997070312,38864000,0.0,0.0
2022-03-01 00:00:00-05:00,133.8670269115429,135.23369956009327,132.21948692768655,133.05615234375,26496000,0.0,0.0
2022-03-02 00:00:00-05:00,133.61841172309505,134.24814455333347,132.07358086324874,133.5623321533203,23520000,0.0,0.0
2022-03-03 00:00:00-05:00,134.99004795968622,135.41633147676816,132.02793179963612,132.8953857421875,24604000,0.0,0.0
2022-03-04 00:00:00-05:00,131.93066729654552,132.84773411932804,129.36007848583986,130.9173126220703,30430000,0.0,0.0
2022-03-07 00:00:00-05:00,130.50198245823393,130.74712427696102,125.34791623067036,125.43079376220703,45112000,0.0,0.0
2022-03-08 00:00:00-05:00,125.3032523689752,130.26575741329103,124.7320675537548,126.1513442993164,40428000,0.0,0.0
2022-03-09 00:00:00-05:00,130.26575405375206,132.73261936692816,128.92637143258065,132.4194793701172,37026000,0.0,0.0
2022-03-10 00:00:00-05:00,130.2816588873068,132.27261286969292,129.9308093767151,131.43643188476562,27102000,0.0,0.0
2022-03-11 00:00:00-05:00,132.48744012522693,132.79214466049783,128.6593698076574,128.89657592773438,31526000,0.0,0.0
2022-03-14 00:00:00-04:00,129.27326597106764,129.43107025081747,124.3355746010046,125.00650024414062,38812000,0.0,0.0
2022-03-15 00:00:00-04:00,126.02380390981074,128.88072746557518,124.77771812675637,128.22914123535156,30920000,0.0,0.0
2022-03-16 00:00:00-04:00,129.75263938681562,132.3331329888503,127.76912146628544,132.28103637695312,35576000,0.0,0.0
2022-03-17 00:00:00-04:00,132.15049913160888,133.0750169543275,131.19372381937578,132.8353271484375,28264000,0.0,0.0
2022-03-18 00:00:00-04:00,132.42394150815238,135.22230167112554,131.2666850458185,135.1046905517578,44566000,0.0,0.0
2022-03-21 00:00:00-04:00,135.1424031283874,136.02226032262783,133.0869344773446,135.08087158203125,26832000,0.0,0.0
2022-03-22 00:00:00-04:00,135.08087260988333,139.99226524903366,135.08087260988333,138.81912231445312,35496000,0.0,0.0
2022-03-23 00:00:00-04:00,137.66237103767637,138.5417285094916,136.80138367889504,137.2385711669922,25154000,0.0,0.0
2022-03-24 00:00:00-04:00,138.15613908829116,140.55700535804056,136.71751540077963,140.51036071777344,26396000,0.0,0.0
2022-03-25 00:00:00-04:00,140.851769685882,140.96988057388967,138.68960896260305,140.610595703125,24126000,0.0,0.0
2022-03-28 00:00:00-04:00,139.84386848888616,140.93760943218095,138.7630305417239,140.39471435546875,35050000,0.0,0.0
2022-03-29 00:00:00-04:00,141.57779246166834,142.71519472589625,140.97335063207385,141.4368438720703,34318000,0.0,0.0
2022-03-30 00:00:00-04:00,141.39167328610918,141.65021781088518,140.53812197630958,140.87408447265625,19884000,0.0,0.0
2022-03-31 00:00:00-04:00,140.9877281817403,141.04232360786241,137.98195087256153,138.02462768554688,37524000,0.0,0.0
2022-04-01 00:00:00-04:00,138.453883236437,139.4175947580096,137.2703210012843,139.09950256347656,25942000,0.0,0.0
2022-04-04 00:00:00-04:00,139.3059565218583,142.63430898174366,139.2583123546928,141.89935302734375,25942000,0.0,0.0
2022-04-05 00:00:00-04:00,141.79762982217596,141.91820924459833,139.32978006321648,139.53671264648438,21418000,0.0,0.0
2022-04-06 00:00:00-04:00,137.70948469684797,138.31541054878005,134.50072794464424,135.5240020751953,32468000,0.0,0.0
2022-04-07 00:00:00-04:00,134.99004046750798,136.13589316323527,133.2209064212302,134.8694610595703,26234000,0.0,0.0
2022-04-08 00:00:00-04:00,134.56672037563095,134.6525737493828,131.96835719081415,132.28794860839844,25142000,0.0,0.0
2022-04-11 00:00:00-04:00,130.83493193049026,131.10191186146784,127.70359309059509,127.85742950439453,36884000,0.0,0.0
2022-04-12 00:00:00-04:00,130.6131276162825,130.6131276162825,125.83820106848967,126.75675964355469,32710000,0.0,0.0
2022-04-13 00:00:00-04:00,127.04009769835375,129.35659411635754,126.7830373352599,128.91989135742188,27928000,0.0,0.0
2022-04-14 00:00:00-04:00,129.5010341712906,129.5010341712906,125.65160981411958,125.77964782714844,31598000,0.0,0.0
2022-04-18 00:00:00-04:00,126.04762980933042,127.25103124090627,125.23576318572876,126.71905517578125,20808000,0.0,0.0
2022-04-19 00:00:00-04:00,126.7339168514141,129.35560256968233,126.04710494815332,129.03404235839844,26490000,0.0,0.0
2022-04-20 00:00:00-04:00,129.91042868655606,130.41363040865102,126.54386726306718,127.0798110961914,31696000,0.0,0.0
2022-04-21 00:00:00-04:00,128.2807565041285,129.12288913469476,123.59267485880017,123.8785171508789,36446000,0.0,0.0
2022-04-22 00:00:00-04:00,124.06262339881272,124.46160921970547,118.03318293050306,118.73834991455078,56884000,0.0,0.0
2022-04-25 00:00:00-04:00,118.20784869517621,122.35302716632054,117.62227679355271,122.15105438232422,46128000,0.0,0.0
2022-04-26 00:00:00-04:00,121.37740906871237,121.59129290122091,117.62228107667312,117.76023864746094,73054000,0.0,0.0
2022-04-27 00:00:00-04:00,113.6110762978176,116.3627840575596,111.89107816216398,113.43739318847656,91820000,0.0,0.0
2022-04-28 00:00:00-04:00,115.54200349366656,118.75224503349594,113.25924819107051,117.63369750976562,48884000,0.0,0.0
2022-04-29 00:00:00-04:00,115.85909917190497,117.03571013783196,112.96099821693325,113.2537841796875,42676000,0.0,0.0
2022-05-02 00:00:00-04:00,112.55456335153875,115.87001248679226,111.75559982416154,115.70873260498047,35534000,0.0,0.0
2022-05-03 00:00:00-04:00,115.55737359680728,117.55379426838414,115.16434711289088,116.4541015625,24968000,0.0,0.0
2022-05-04 00:00:00-04:00,116.15388567860602,121.93321721937868,114.2527455395523,121.34416961669922,49916000,0.0,0.0
2022-05-05 00:00:00-04:00,119.30258703193357,120.13132441982566,114.14306924777586,115.63182067871094,45840000,0.0,0.0
2022-05-06 00:00:00-04:00,114.32072750015296,116.68982830154226,113.16049515980836,114.87850952148438,39710000,0.0,0.0
2022-05-09 00:00:00-04:00,112.40073877188388,114.21404156021802,111.1606122801182,111.66728210449219,40802000,0.0,0.0
2022-05-10 00:00:00-04:00,114.64130790321892,115.37824019184765,112.05385557858307,113.53714752197266,39900000,0.0,0.0
2022-05-11 00:00:00-04:00,112.38734239433477,115.49188386833971,112.38734239433477,112.75059509277344,37534000,0.0,0.0
2022-05-12 00:00:00-04:00,110.54227785783269,113.43789516198555,109.00092247698522,111.9977798461914,53836000,0.0,0.0
2022-05-13 00:00:00-04:00,113.67410719481575,116.99104817996168,112.75307250236035,115.18022918701172,35038000,0.0,0.0
2022-05-16 00:00:00-04:00,114.0934388924006,115.2988317009477,113.03543859089471,113.5867691040039,25990000,0.0,0.0
2022-05-17 00:00:00-04:00,115.96430800340062,116.02336344596293,114.00858771379083,115.59956359863281,23054000,0.0,0.0
2022-05-18 00:00:00-04:00,114.13760728159772,114.53460916918733,110.71893406247878,111.06035614013672,35126000,0.0,0.0
2022-05-19 00:00:00-04:00,110.59586629730997,112.16252780264969,109.1750980007813,109.55622100830078,34144000,0.0,0.0
2022-05-20 00:00:00-04:00,111.11146523229964,111.34222744755039,105.00312313802856,108.0912857055664,48962000,0.0,0.0
2022-05-23 00:00:00-04:00,108.76570897316051,111.30650920633543,107.92555266498199,110.6519546508789,37184000,0.0,0.0
2022-05-24 00:00:00-04:00,104.97881024305309,105.66016266842033,101.12045838122785,105.17532348632812,76780000,0.0,0.0
2022-05-25 00:00:00-04:00,104.19821542605251,105.70136171766619,103.07768392252879,105.0115737915039,40258000,0.0,0.0
2022-05-26 00:00:00-04:00,104.88451675621047,107.83472166540481,104.4359029084361,106.9841537475586,37948000,0.0,0.0
2022-05-27 00:00:00-04:00,108.66198041267312,111.47571962495518,108.32005857394647,111.47422790527344,37914000,0.0,0.0
2022-05-31 00:00:00-04:00,111.90100218674581,114.86709364566386,111.2380123045194,112.90888977050781,50012000,0.0,0.0
2022-06-01 00:00:00-04:00,113.99369385313507,116.22334524027508,112.4007265817402,113.03791046142578,36606000,0.0,0.0
2022-06-02 00:00:00-04:00,113.1451007120963,117.01535590801267,112.0995036968005,116.74043273925781,37992000,0.0,0.0
2022-06-03 00:00:00-04:00,115.19214245668354,115.44920287025536,112.66722129124575,113.68205261230469,26136000,0.0,0.0
2022-06-06 00:00:00-04:00,115.8293229932543,118.45200851593447,115.29287939106017,115.9444580078125,33542000,0.0,0.0
2022-06-07 00:00:00-04:00,114.61450564492854,116.8084316076851,114.18922165172008,116.27098846435547,31590000,0.0,0.0
2022-06-08 00:00:00-04:00,115.88589564814693,117.68133553709298,115.72560771609342,116.31515502929688,26108000,0.0,0.0
2022-06-09 00:00:00-04:00,115.45515051267915,117.41187026218664,113.91528690568272,113.9743423461914,25798000,0.0,0.0
2022-06-10 00:00:00-04:00,111.60176406792269,112.42950946002966,109.53835232190883,110.32788848876953,41452000,0.0,0.0
2022-06-13 00:00:00-04:00,105.98570048108614,107.97566213644032,105.32321034517643,105.59465789794922,47252000,0.0,0.0
2022-06-14 00:00:00-04:00,105.73609475699467,107.1151707392392,105.00660593631495,105.91523742675781,33706000,0.0,0.0
2022-06-15 00:00:00-04:00,107.73100798954947,110.58792369792694,106.86207751338269,108.94136810302734,39698000,0.0,0.0
2022-06-16 00:00:00-04:00,106.41695250489767,107.83374559037895,104.34957269902739,105.23835754394531,51684000,0.0,0.0
2022-06-17 00:00:00-04:00,105.23834264435271,107.88435035184875,104.25824499723922,106.34001922607422,51376000,0.0,0.0
2022-06-21 00:00:00-04:00,108.11262398002309,111.6459323463121,107.78559662841934,110.70751953125,47416000,0.0,0.0
2022-06-22 00:00:00-04:00,109.72744054758711,112.49651168592568,109.55474179877777,110.65145874023438,30774000,0.0,0.0
2022-06-23 00:00:00-04:00,111.38986449241077,111.89703403190568,109.67185020461025,111.40028381347656,28362000,0.0,0.0
2022-06-24 00:00:00-04:00,112.14764357004229,117.19351785635138,112.10545894941258,117.09029388427734,41164000,0.0,0.0
2022-06-27 00:00:00-04:00,117.38605612259386,117.69025333337899,114.31574891498003,114.96485137939453,36420000,0.0,0.0
2022-06-28 00:00:00-04:00,114.93409628469169,116.4297990650934,111.00925273017768,111.16755676269531,35792000,0.0,0.0
2022-06-29 00:00:00-04:00,110.71546893086192,112.31190436109492,110.04106016755956,110.86384582519531,24716000,0.0,0.0
2022-06-30 00:00:00-04:00,109.17510001051674,110.05644130249395,105.94947205566056,108.1458740234375,43170000,0.0,0.0
2022-07-01 00:00:00-04:00,107.12360200109673,108.43072706417608,105.93012023346462,107.92207336425781,35476000,0.0,0.0
2022-07-05 00:00:00-04:00,106.29735689624175,112.52678642393329,104.93861973628887,112.41364288330078,39342000,0.0,0.0
2022-07-06 00:00:00-04:00,112.45234903571333,114.72269353445351,110.6400382310177,113.71282196044922,37432000,0.0,0.0
2022-07-07 00:00:00-04:00,114.21702331596285,118.29570349695413,113.97237368361536,117.89225006103516,40936000,0.0,0.0
2022-07-08 00:00:00-04:00,116.37073941015483,118.78747686308,116.02484973064558,118.45846557617188,38238000,0.0,0.0
2022-07-11 00:00:00-04:00,117.11312990957636,117.11312990957636,114.4656302547842,114.80903625488281,31196000,0.0,0.0
2022-07-12 00:00:00-04:00,115.34349827319495,116.09680918580032,112.83743934520429,113.16545867919922,29960000,0.0,0.0
2022-07-13 00:00:00-04:00,110.86333799664993,113.33963043551984,110.36758731712142,110.51844787597656,43722000,0.0,0.0
2022-07-14 00:00:00-04:00,109.38402798124689,110.25990976214192,107.56030598074837,109.53984832763672,37004000,0.0,0.0
2022-07-15 00:00:00-04:00,111.16060487695782,112.29205534108347,110.06835559507293,110.93927001953125,46770000,0.0,0.0
2022-07-18 00:00:00-04:00,111.7952927959853,112.82749456702116,107.55731758703521,108.21236419677734,43164600,0.0,20.0
2022-07-19 00:00:00-04:00,110.01873331526212,113.16495963876075,108.73840612847393,112.95653533935547,36530900,0.0,0.0
2022-07-20 00:00:00-04:00,112.32133126160736,114.5346117230483,111.63651075173104,113.04586029052734,35600400,0.0,0.0
2022-07-21 00:00:00-04:00,113.42299631720513,113.69097578804946,110.27677042918938,113.4825439453125,32676200,0.0,0.0
2022-07-22 00:00:00-04:00,110.16759432042141,111.49754182441767,105.70134049662055,107.0908432006836,48901200,0.0,0.0
2022-07-25 00:00:00-04:00,107.59704120630998,109.04609181369489,105.50286340953636,106.70378875732422,34690900,0.0,0.0
2022-07-26 00:00:00-04:00,105.80060580049833,106.39610489008601,103.28957946507946,104.23245239257812,47991000,0.0,0.0
2022-07-27 00:00:00-04:00,108.44065165526703,113.05578240581903,107.20002551652622,112.21215057373047,59858500,0.0,0.0
2022-07-28 00:00:00-04:00,111.5273315315114,113.4825519907323,110.62415205622167,113.36345672607422,32816600,0.0,0.0
2022-07-29 00:00:00-04:00,112.23201464667002,115.83479054263834,112.21216038629261,115.44771575927734,37223400,0.0,0.0
2022-08-01 00:00:00-04:00,114.4353600580981,115.84470955891426,113.48255250344202,113.9986572265625,26034300,0.0,0.0
2022-08-02 00:00:00-04:00,113.14510872831781,115.4774844552109,112.86720967281481,114.26663208007812,20236000,0.0,0.0
2022-08-03 00:00:00-04:00,114.84228896413123,117.73047048772344,114.61401797621708,117.19451904296875,28499000,0.0,0.0
2022-08-04 00:00:00-04:00,116.59901329341588,117.88925996691131,116.01343380363976,117.3036880493164,21602900,0.0,0.0
2022-08-05 00:00:00-04:00,115.35838937548199,117.22428844560957,115.13011082398499,116.5890884399414,19159500,0.0,0.0
2022-08-08 00:00:00-04:00,117.50218677995531,119.24899057090587,116.00350822632574,116.42036437988281,19138300,0.0,0.0
2022-08-09 00:00:00-04:00,116.26155630883628,116.44020677601095,114.84227970077666,115.75537872314453,19086500,0.0,0.0
2022-08-10 00:00:00-04:00,117.88925390839957,120.01320519651877,117.52203342714638,118.80235290527344,30930400,0.0,0.0
2022-08-11 00:00:00-04:00,120.37051923849022,120.57894353839131,117.67091532555504,117.94881439208984,24293700,0.0,0.0
2022-08-12 00:00:00-04:00,119.35816754426888,120.76751708984375,118.56416374756623,120.76751708984375,19096300,0.0,0.0
2022-08-15 00:00:00-04:00,120.22163979863927,121.38287168867272,119.70554262587667,121.16452026367188,19494800,0.0,0.0
2022-08-16 00:00:00-04:00,120.60871829137403,121.51189783679357,119.73532013661259,120.78736877441406,19041200,0.0,0.0
2022-08-17 00:00:00-04:00,119.21922104715102,120.38044538230633,118.48476486626201,118.65349578857422,22847000,0.0,0.0
2022-08-18 00:00:00-04:00,118.53438839458119,119.91396410503756,117.82971363092356,119.26883697509766,17987700,0.0,0.0
2022-08-19 00:00:00-04:00,118.16715698490374,118.25648600514175,115.8844094146696,116.3310317993164,21809500,0.0,0.0
2022-08-22 00:00:00-04:00,114.33610073730645,114.76287642751535,112.99622603573273,113.38330078125,21456600,0.0,0.0
2022-08-23 00:00:00-04:00,112.62901689648295,114.14754221607616,112.57938881757295,113.00616455078125,15870400,0.0,0.0
2022-08-24 00:00:00-04:00,112.64886287866464,113.91926294010845,112.02358997809887,112.83744049072266,17734600,0.0,0.0
2022-08-25 00:00:00-04:00,113.3832996266231,115.84470516717248,113.25427723682488,115.77523040771484,16956800,0.0,0.0
2022-08-26 00:00:00-04:00,113.85970932808003,114.25671121949163,109.36368127038317,109.5125503540039,37245700,0.0,0.0
2022-08-29 00:00:00-04:00,109.16518204997358,110.11798209415639,107.98411101792682,108.59945678710938,21191200,0.0,0.0
2022-08-30 00:00:00-04:00,109.34383413206885,109.67136128172704,106.99161159149872,108.12306213378906,27513300,0.0,0.0
2022-08-31 00:00:00-04:00,109.82023252604237,110.01872968878591,107.31912587125797,107.40845489501953,28627000,0.0,0.0
2022-09-01 00:00:00-04:00,107.46800272981824,109.62172799554575,106.55490366400493,108.91705322265625,28360900,0.0,0.0
2022-09-02 00:00:00-04:00,109.7606798148013,109.90955647633426,106.45565730411391,107.04122924804688,24160700,0.0,0.0
2022-09-06 00:00:00-04:00,106.49534883381243,107.21987024518616,104.98674323622889,106.00901794433594,25068300,0.0,0.0
2022-09-07 00:00:00-04:00,106.25714254097879,109.15525088592688,106.09834633659005,108.62921905517578,23167000,0.0,0.0
2022-09-08 00:00:00-04:00,107.22979880995165,108.77809780045992,106.35640073851793,107.56724548339844,24238300,0.0,0.0
2022-09-09 00:00:00-04:00,108.25208282241607,110.15768290846263,108.20245474397649,109.82023620605469,23197700,0.0,0.0
2022-09-12 00:00:00-04:00,110.15768604181248,110.78296653033767,109.10563738416695,110.0286636352539,22966800,0.0,0.0
2022-09-13 00:00:00-04:00,106.991603410664,107.48785387625672,103.30941829244654,103.5376968383789,38172900,0.0,0.0
2022-09-14 00:00:00-04:00,103.78582499269729,104.49049976501348,102.88265305742887,104.21260070800781,26395100,0.0,0.0
2022-09-15 00:00:00-04:00,103.24987906308242,104.48057819770708,101.58247706009536,102.1382827758789,34188300,0.0,0.0
2022-09-16 00:00:00-04:00,101.30456192573307,102.35661040850711,100.18303868602453,102.02909088134766,42797200,0.0,0.0
2022-09-19 00:00:00-04:00,100.98697240353168,102.55512573336215,100.78847524094766,102.29707336425781,23036800,0.0,0.0
2022-09-20 00:00:00-04:00,101.31449934165514,101.60232552737466,99.76619270219214,100.38154602050781,26517100,0.0,0.0
2022-09-21 00:00:00-04:00,100.90756858013354,102.10849380682069,98.52556481376558,98.53549194335938,31487300,0.0,0.0
2022-09-22 00:00:00-04:00,98.07894474855821,100.48079525894666,98.0491709312513,99.38904571533203,34298600,0.0,0.0
2022-09-23 00:00:00-04:00,98.88286748104298,98.9126488703435,96.73906935446827,97.99954223632812,31625400,0.0,0.0
2022-09-26 00:00:00-04:00,97.36434023985667,99.13099069316641,97.06659450257123,97.4338150024414,27072700,0.0,0.0
2022-09-27 00:00:00-04:00,98.6843639996458,99.25008920522836,96.14356413908983,96.76883697509766,30072800,0.0,0.0
2022-09-28 00:00:00-04:00,96.91771702518929,99.94484030889338,96.38176561600726,99.29972076416016,32466300,0.0,0.0
2022-09-29 00:00:00-04:00,97.90029020087542,97.90029020087542,95.24038743081641,96.68943786621094,31047200,0.0,0.0
2022-09-30 00:00:00-04:00,96.32221145818454,98.15833653410625,94.84337972533169,94.93270874023438,32941500,0.0,0.0
2022-10-03 00:00:00-04:00,96.0343924144823,98.54541856387281,95.7961867385492,97.9002914428711,27982000,0.0,0.0
2022-10-04 00:00:00-04:00,99.6868018290202,101.07629715686122,99.62724662055442,100.87779998779297,28850800,0.0,0.0
2022-10-05 00:00:00-04:00,99.08136502983179,101.16561537101285,98.05909033124465,100.66936492919922,22176900,0.0,0.0
2022-10-06 00:00:00-04:00,99.92499054385183,102.15811756055992,99.83566152564943,100.65943908691406,22324000,0.0,0.0
2022-10-07 00:00:00-04:00,99.10121139538383,99.77611229695586,97.56283957404312,97.93998718261719,27502800,0.0,0.0
2022-10-10 00:00:00-04:00,98.2575948961487,98.35684347756712,96.28252010885105,97.12614440917969,18225100,0.0,0.0
2022-10-11 00:00:00-04:00,96.69936577168872,98.50571715876575,95.5877620057255,96.45124053955078,26507100,0.0,0.0
2022-10-12 00:00:00-04:00,96.57033961999998,98.00946288154012,96.0145339725508,96.82838439941406,21876400,0.0,0.0
2022-10-13 00:00:00-04:00,94.43646401379698,99.03174054553159,93.67223406528825,98.317138671875,34574500,0.0,0.0
2022-10-14 00:00:00-04:00,99.24017037079604,99.93492559661024,95.64732168746481,95.83589172363281,25410700,0.0,0.0
2022-10-17 00:00:00-04:00,98.11865253443845,100.17312936580501,98.08887871505635,99.22032928466797,28419200,0.0,0.0
2022-10-18 00:00:00-04:00,102.35661548288249,102.69406972770851,99.2203165644094,100.01431274414062,24060700,0.0,0.0
2022-10-19 00:00:00-04:00,99.26002876757398,100.26244934213878,98.17819872219395,98.88287353515625,23811100,0.0,0.0
2022-10-20 00:00:00-04:00,99.25010310405007,101.55270519317675,98.64467686934081,99.22032928466797,25323200,0.0,0.0
2022-10-21 00:00:00-04:00,97.11620345050214,100.55025536942033,96.9871810702485,100.3716049194336,32458700,0.0,0.0
2022-10-24 00:00:00-04:00,101.03658831359142,101.97946108059824,99.23023709174201,101.75118255615234,27176400,0.0,0.0
2022-10-25 00:00:00-04:00,102.12834936574457,104.03394937421807,101.94969889168885,103.69650268554688,40611400,0.0,0.0
2022-10-26 00:00:00-04:00,95.70686820538242,97.57276729062485,93.97991864924414,94.2181167602539,88114100,0.0,0.0
2022-10-27 00:00:00-04:00,93.81119011334766,94.71436964764622,91.11159378491239,91.5284423828125,60710900,0.0,0.0
2022-10-28 00:00:00-04:00,91.57805883215646,95.82596923593994,91.43910930567836,95.56791687011719,43697300,0.0,0.0
2022-10-31 00:00:00-04:00,94.70443378065085,95.30985993363518,93.27523763795979,93.80126190185547,31675000,0.0,0.0
2022-11-01 00:00:00-04:00,94.73422363455774,95.30987606963726,89.6923239787276,89.79157257080078,47161400,0.0,0.0
2022-11-02 00:00:00-04:00,90.25803211992569,90.4962302100432,86.22847341279218,86.31780242919922,57038300,0.0,0.0
2022-11-03 00:00:00-04:00,85.67268674461754,85.87118391743043,82.71503040774212,82.80435943603516,61288000,0.0,0.0
2022-11-04 00:00:00-04:00,84.75958132144375,85.99028036002329,83.08225231902676,85.93073272705078,51124900,0.0,0.0
2022-11-07 00:00:00-05:00,86.62546807554637,88.23332208756574,86.19869243130431,87.8263931274414,34078900,0.0,0.0
2022-11-08 00:00:00-05:00,88.23332977294922,89.64267920564933,86.9331484706756,88.23332977294922,30429000,0.0,0.0
2022-11-09 00:00:00-05:00,87.78669192998716,88.76927316498985,86.62546782190772,86.66516876220703,31769100,0.0,0.0
2022-11-10 00:00:00-05:00,91.5582057652687,93.68215703307337,90.92300581072043,93.23553466796875,51620100,0.0,0.0
2022-11-11 00:00:00-05:00,93.97991651822383,96.20311650565995,93.21568655329872,95.68701934814453,33090500,0.0,0.0
2022-11-14 00:00:00-05:00,94.37690418520387,96.06416020914902,93.8012594349028,94.98233032226562,30179500,0.0,0.0
2022-11-15 00:00:00-05:00,97.52314700864059,99.38904609814732,95.98476748295278,97.70179748535156,41640800,0.0,0.0
2022-11-16 00:00:00-05:00,97.16585354030117,98.89280323342018,96.90780114913285,98.10872650146484,29105200,0.0,0.0
2022-11-17 00:00:00-05:00,96.24282260056737,98.5354974736292,96.06417211875853,97.62239837646484,26052600,0.0,0.0
2022-11-18 00:00:00-05:00,98.02931128973258,98.15834125388724,95.64731516977584,96.6993637084961,28342300,0.0,0.0
2022-11-21 00:00:00-05:00,96.56041614884042,97.66209278418218,94.64488905580471,94.88308715820312,21647400,0.0,0.0
2022-11-22 00:00:00-05:00,95.23046275016921,96.49094319214763,93.34471701030947,96.32221984863281,23438500,0.0,0.0
2022-11-23 00:00:00-05:00,96.36190500494142,98.01938719844442,96.36190500494142,97.72163391113281,18868100,0.0,0.0
2022-11-25 00:00:00-05:00,97.5032907612572,97.90029265387534,96.66959360172228,96.72914123535156,9701400,0.0,0.0
2022-11-28 00:00:00-05:00,96.31228565846759,96.84823703873785,94.89300910669101,95.3297119140625,26237500,0.0,0.0
2022-11-29 00:00:00-05:00,95.01211718133456,95.39919193752951,93.40426295178399,94.47616577148438,20061700,0.0,0.0
2022-11-30 00:00:00-05:00,94.10892997952428,100.2822864574368,93.71192812641526,100.23265838623047,43647500,0.0,0.0
2022-12-01 00:00:00-05:00,100.26243220008205,101.48321157326066,99.49820987989614,100.23265838623047,28687100,0.0,0.0
2022-12-02 00:00:00-05:00,98.30722990126469,100.01432530964262,98.1583532325541,99.68680572509766,21480700,0.0,0.0
2022-12-05 00:00:00-05:00,98.65459926367298,100.6197469703689,98.25759735587957,98.73400115966797,24405100,0.0,0.0
2022-12-06 00:00:00-05:00,98.55534069801135,99.0317368813684,95.69693330914573,96.25273895263672,24910700,0.0,0.0
2022-12-07 00:00:00-05:00,95.68702021037814,96.1534892961787,94.00969118202147,94.22804260253906,31045400,0.0,0.0
2022-12-08 00:00:00-05:00,94.66473018862035,94.8632349057904,92.74920320796852,93.00725555419922,32213300,0.0,0.0
2022-12-09 00:00:00-05:00,93.0668111039124,93.55314202323372,92.05446346281963,92.13386535644531,28225400,0.0,0.0
2022-12-12 00:00:00-05:00,92.0147609619929,92.85838524401936,90.92301144571273,92.61026000976562,29420000,0.0,0.0
2022-12-13 00:00:00-05:00,97.02688099090368,98.7836040871428,94.31735045663831,94.91284942626953,40593700,0.0,0.0
2022-12-14 00:00:00-05:00,94.48607804879279,96.14356022591579,92.89807820057908,94.3570556640625,28733600,0.0,0.0
2022-12-15 00:00:00-05:00,92.43160059134897,92.93777814044215,89.33500281379186,90.17862701416016,40107000,0.0,0.0
2022-12-16 00:00:00-05:00,90.07939565689843,90.64512094144958,88.8486889269912,89.58314514160156,58011800,0.0,0.0
2022-12-19 00:00:00-05:00,89.5831382377842,89.88088398070708,87.54850825299513,87.77678680419922,29493000,0.0,0.0
2022-12-20 00:00:00-05:00,87.44926031364805,88.51123603944568,86.78428648684181,88.35243225097656,23453800,0.0,0.0
2022-12-21 00:00:00-05:00,88.41198318586204,89.54343362140024,87.6576803714429,88.90823364257812,24745600,0.0,0.0
2022-12-22 00:00:00-05:00,87.49889248151766,87.87604013849288,85.67268668964738,87.10189056396484,27658300,0.0,0.0
2022-12-23 00:00:00-05:00,86.45675502144779,88.8784596690233,86.41705407631922,88.56085968017578,23003000,0.0,0.0
2022-12-27 00:00:00-05:00,88.13407950720169,88.27302902200118,86.35750205691602,86.73464965820312,20097300,0.0,0.0
2022-12-28 00:00:00-05:00,86.32773122933094,87.37977975554813,85.29552938926575,85.37492370605469,19523200,0.0,0.0
2022-12-29 00:00:00-05:00,85.97042658220978,88.18369924318996,85.96049945347275,87.78669738769531,23333500,0.0,0.0
2022-12-30 00:00:00-05:00,86.32773322681854,87.63783413641092,85.9208042155681,87.568359375,23986300,0.0,0.0
2023-01-03 00:00:00-05:00,88.91815977701387,90.36721788133093,87.8561840239744,88.45169067382812,28131200,0.0,0.0
2023-01-04 00:00:00-05:00,89.67246086306939,89.97021418207204,86.61555606707714,87.41948699951172,34854800,0.0,0.0
2023-01-05 00:00:00-05:00,86.81405397793031,86.9133025524005,85.25582788498791,85.55357360839844,27194400,0.0,0.0
2023-01-06 00:00:00-05:00,86.13915710492884,87.03240946135887,84.2236299964327,86.68502807617188,41381500,0.0,0.0
2023-01-09 00:00:00-05:00,87.69737855387638,89.37470746783313,87.20112811279385,87.35992431640625,29003900,0.0,0.0
2023-01-10 00:00:00-05:00,85.33523786963791,88.00506036543571,85.18636120771751,87.7569351196289,30467800,0.0,0.0
2023-01-11 00:00:00-05:00,88.51123815802363,90.91308872474838,88.34251480787275,90.83368682861328,26862000,0.0,0.0
2023-01-12 00:00:00-05:00,90.79399088981015,91.18106565731547,89.07696090221926,90.44660949707031,30258100,0.0,0.0
2023-01-13 00:00:00-05:00,90.1687035996184,91.49865871880165,89.45410175315347,91.42918395996094,26329200,0.0,0.0
2023-01-17 00:00:00-05:00,91.36964546058256,91.55822308570019,89.37472377540189,90.60542297363281,32602400,0.0,0.0
2023-01-18 00:00:00-05:00,91.44903122894499,92.10408544977494,89.96027989671057,90.43668365478516,29116700,0.0,0.0
2023-01-19 00:00:00-05:00,90.03969698033053,92.90802442539125,89.95036794778711,92.35222625732422,37000400,0.0,0.0
2023-01-20 00:00:00-05:00,94.38684158568209,97.56284926169742,94.30743969004087,97.28494262695312,63191100,0.0,0.0
2023-01-23 00:00:00-05:00,97.21546604814961,99.28979699304459,96.76884364481533,99.04167175292969,40005100,0.0,0.0
2023-01-24 00:00:00-05:00,97.36433279080558,98.86301120868093,96.47108050292687,96.96733093261719,33078500,0.0,0.0
2023-01-25 00:00:00-05:00,94.85332477982458,95.43890433521841,93.0569003074566,94.50595092773438,42330000,0.0,0.0
2023-01-26 00:00:00-05:00,95.77633347965728,96.8383091023994,94.66472978478917,96.78868103027344,30114000,0.0,0.0
2023-01-27 00:00:00-05:00,96.58027483939489,99.56770512279675,96.58027483939489,98.62483215332031,33879800,0.0,0.0
2023-01-30 00:00:00-05:00,96.7489869553991,97.55291022716331,95.67708421159308,96.2130355834961,27226200,0.0,0.0
2023-01-31 00:00:00-05:00,96.14357246377932,98.1384939775665,96.09394438600727,98.09879302978516,29870700,0.0,0.0
2023-02-01 00:00:00-05:00,97.96976188272887,100.4311674201682,96.84823860370668,99.67686462402344,35531100,0.0,0.0
2023-02-02 00:00:00-05:00,105.00659838352416,107.04122068782463,104.81802078918444,106.93204498291016,69883800,0.0,0.0
2023-02-03 00:00:00-05:00,102.15812220922525,107.001524077653,101.81074839414418,103.99424743652344,65309300,0.0,0.0
2023-02-06 00:00:00-05:00,101.63209123670767,103.57739204538632,101.11598654066553,102.12834167480469,31999600,0.0,0.0
2023-02-07 00:00:00-05:00,102.44594211421887,107.36874557367616,102.3466935405881,106.83279418945312,49010200,0.0,0.0
2023-02-08 00:00:00-05:00,101.28473527260346,102.3665577834305,97.30480393830761,98.62483215332031,94743500,0.0,0.0
2023-02-09 00:00:00-05:00,99.25009341009356,99.27986722656759,92.92785973388537,94.29751586914062,119455000,0.0,0.0
2023-02-10 00:00:00-05:00,94.73420738768355,96.02446157990344,93.54320934269664,93.86080932617188,54980700,0.0,0.0
2023-02-13 00:00:00-05:00,94.02953508899373,94.48608460376701,93.13628274609768,93.9005126953125,50076100,0.0,0.0
2023-02-14 00:00:00-05:00,93.72186834498302,94.13871694148641,91.56814302420062,93.9699935913086,54726100,0.0,0.0
2023-02-15 00:00:00-05:00,93.78140393844463,96.3916860407971,93.44395728142085,96.2130355834961,50169000,0.0,0.0
2023-02-16 00:00:00-05:00,94.65481268808418,96.94748732289182,94.02953228064146,94.79376220703125,42462600,0.0,0.0
2023-02-17 00:00:00-05:00,94.13870649225572,94.84338120494091,92.51100566280641,93.6424560546875,34284100,0.0,0.0
2023-02-21 00:00:00-05:00,92.30258690415565,92.40183548316473,91.03218691960443,91.1016616821289,33629300,0.0,0.0
2023-02-22 00:00:00-05:00,91.01233565397179,91.41926468512888,89.93051323448256,90.96271514892578,30884000,0.0,0.0
2023-02-23 00:00:00-05:00,91.23068695357419,91.25054121331061,89.08688880510833,90.20841217041016,41206400,0.0,0.0
2023-02-24 00:00:00-05:00,88.76927402518582,89.21589635656575,87.91572273092979,88.46159362792969,36585100,0.0,0.0
2023-02-27 00:00:00-05:00,89.19605255126953,89.48387870138365,88.67002074936279,89.19605255126953,27502300,0.0,0.0
2023-02-28 00:00:00-05:00,88.66011444958845,90.54586782791486,88.65018731956766,89.38463592529297,30142000,0.0,0.0
2023-03-01 00:00:00-05:00,89.30524066283623,90.34736213861636,88.99756021287892,89.68238830566406,31111200,0.0,0.0
2023-03-02 00:00:00-05:00,88.98764047944798,91.58798817098749,88.91815814235167,91.31008911132812,32204400,0.0,0.0
2023-03-03 00:00:00-05:00,91.78648392755778,93.02711001692573,91.75670254078115,92.94770812988281,35160100,0.0,0.0
2023-03-06 00:00:00-05:00,93.3149265396428,95.25030773950542,93.29507985441194,94.4166030883789,32639300,0.0,0.0
2023-03-07 00:00:00-05:00,94.26773929878661,94.95255977422711,92.8286084430734,93.15613555908203,27835500,0.0,0.0
2023-03-08 00:00:00-05:00,93.41419811425322,95.24039634439998,93.29509526665078,93.54322052001953,34103300,0.0,0.0
2023-03-09 00:00:00-05:00,93.34470771502453,94.81360472856946,91.21082937894857,91.62767791748047,28813500,0.0,0.0
2023-03-10 00:00:00-05:00,91.4788156121773,92.0941689599083,89.72209216895389,89.95036315917969,35941000,0.0,0.0
2023-03-13 00:00:00-04:00,89.41441019573425,91.87581597281934,88.74943635242563,90.42676544189453,37335600,0.0,0.0
2023-03-14 00:00:00-04:00,91.86588978493322,93.65239460696121,91.7467945115858,93.26531982421875,36050200,0.0,0.0
2023-03-15 00:00:00-04:00,92.52093982631897,96.20311744437676,91.94528745764846,95.38926696777344,50622100,0.0,0.0
2023-03-16 00:00:00-04:00,95.47859626843504,100.43118187106681,94.78384857477023,99.56770324707031,65492000,0.0,0.0
2023-03-17 00:00:00-04:00,99.50814641831961,102.06879309004395,99.34934263318691,100.85794830322266,61028500,0.0,0.0
2023-03-20 00:00:00-04:00,99.36920316966915,100.98697707895346,99.12107791886092,100.46095275878906,32960400,0.0,0.0
2023-03-21 00:00:00-04:00,100.49071743651176,104.31184443694538,100.46094362067213,104.13319396972656,42110300,0.0,0.0
2023-03-22 00:00:00-04:00,103.4880705402918,105.79067243730059,102.55512479803791,102.5948257446289,43427400,0.0,0.0
2023-03-23 00:00:00-04:00,104.27214642263456,105.50285304125943,103.67664737256062,104.80809783935547,40797800,0.0,0.0
2023-03-24 00:00:00-04:00,104.20266966344676,104.69892012436522,103.06129208889809,104.64929962158203,30393300,0.0,0.0
2023-03-27 00:00:00-04:00,103.83544058033651,103.97439009212668,101.1656108983188,101.69163513183594,31120900,0.0,0.0
2023-03-28 00:00:00-04:00,101.67179935357876,101.6817189110704,98.9920422554838,100.27236938476562,32057900,0.0,0.0
2023-03-29 00:00:00-04:00,101.5129790230594,101.72140327913448,99.8952054703738,100.62965393066406,28779600,0.0,0.0
2023-03-30 00:00:00-04:00,100.15326948059464,100.4013947056614,99.03173861709708,100.13341522216797,33086200,0.0,0.0
2023-03-31 00:00:00-04:00,100.5403405183242,103.11091412057462,100.28228817356023,102.95211791992188,36863400,0.0,0.0
2023-04-03 00:00:00-04:00,101.62216463041729,103.74611591062242,101.16561513368151,103.577392578125,25035400,0.0,0.0
2023-04-04 00:00:00-04:00,103.5476328510075,104.7882591214197,103.25980664761006,103.93470764160156,24420100,0.0,0.0
2023-04-05 00:00:00-04:00,104.98675068203352,105.30435068738927,102.88265348611964,103.68657684326172,28290500,0.0,0.0
2023-04-06 00:00:00-04:00,104.47065726298723,108.35133223109835,103.54763103113567,107.6069564819336,48711500,0.0,0.0
2023-04-10 00:00:00-04:00,106.17775133008297,106.78316992246287,104.33169902046775,105.64179992675781,27067400,0.0,0.0
2023-04-11 00:00:00-04:00,105.75098808257366,105.9296385713799,103.89500842509663,104.55998229980469,26311800,0.0,0.0
2023-04-12 00:00:00-04:00,105.78075520837217,105.94947855596209,103.55754758342394,103.85530090332031,24370300,0.0,0.0
2023-04-13 00:00:00-04:00,105.04630150207365,106.68392965554615,105.04630150207365,106.62438201904297,24843600,0.0,0.0
2023-04-14 00:00:00-04:00,106.08842602348172,108.12305600146057,106.03879794707,108.05358123779297,26578000,0.0,0.0
2023-04-17 00:00:00-04:00,103.8751497069163,105.36390108383588,103.73619261199721,105.17532348632812,37571200,0.0,0.0
2023-04-18 00:00:00-04:00,105.69142146275153,105.74104953791142,103.28957103976354,103.71634674072266,26596400,0.0,0.0
2023-04-19 00:00:00-04:00,102.80324365821765,104.19274641398663,102.2970660858072,103.39874267578125,20905700,0.0,0.0
2023-04-20 00:00:00-04:00,103.13077864388401,105.45322726139375,103.09107769672384,104.50042724609375,27820800,0.0,0.0
2023-04-21 00:00:00-04:00,104.67907735856379,105.20510165529122,103.99424927374733,104.6195297241211,25800100,0.0,0.0
2023-04-24 00:00:00-04:00,104.69891971395418,105.83037015463859,103.9148430801148,105.17532348632812,23542800,0.0,0.0
2023-04-25 00:00:00-04:00,105.03637557743666,105.88992698575956,103.06129326840653,103.07122039794922,46664100,0.0,0.0
2023-04-26 00:00:00-04:00,104.13319140174777,105.552467975158,101.86036345847234,102.93226623535156,53347600,0.0,0.0
2023-04-27 00:00:00-04:00,103.6667350719233,107.55734507144554,102.76356302408975,106.78318786621094,50089200,0.0,0.0
2023-04-28 00:00:00-04:00,106.23729608563893,106.54496893818438,104.30191480844489,106.53504180908203,36139800,0.0,0.0
2023-05-01 00:00:00-04:00,106.03879433997653,107.18017190898796,106.01894765339576,106.3960952758789,26681700,0.0,0.0
2023-05-02 00:00:00-04:00,106.33654076337154,106.39608839144185,102.93226253537539,104.53018951416016,30997200,0.0,0.0
2023-05-03 00:00:00-04:00,104.73862499300647,106.68392596400858,104.17289974925679,104.6195297241211,21795400,0.0,0.0
2023-05-04 00:00:00-04:00,104.69892635616654,104.80810206984134,103.1903281969406,103.9049301147461,23419500,0.0,0.0
2023-05-05 00:00:00-04:00,104.03394463322047,105.08599317017097,103.32926989883089,104.7783203125,26639300,0.0,0.0
2023-05-08 00:00:00-04:00,104.39125616696242,107.15040775349405,104.37140947859231,106.96183013916016,26511400,0.0,0.0
2023-05-09 00:00:00-04:00,107.5771848789166,109.3239887931404,106.38618668459873,106.54498291015625,36360100,0.0,0.0
2023-05-10 00:00:00-04:00,107.1603273461475,112.09305821305404,107.12062640001808,110.91197967529297,63153400,0.0,0.0
2023-05-11 00:00:00-04:00,114.53461459902141,117.0357137366996,113.55204074909585,115.69583892822266,78900000,0.0,0.0
2023-05-12 00:00:00-04:00,115.80501418168475,117.14488898483823,115.23928892825631,116.62879180908203,41102300,0.0,0.0
2023-05-15 00:00:00-04:00,115.2392819935686,117.59151189110723,115.14003341637807,115.63628387451172,36266800,0.0,0.0
2023-05-16 00:00:00-04:00,115.6164352654177,119.84449149553303,115.55688763062979,118.6137924194336,45035600,0.0,0.0
2023-05-17 00:00:00-04:00,118.71302793181175,120.75757727103849,117.99842610430477,119.93379974365234,33323600,0.0,0.0
2023-05-18 00:00:00-04:00,120.04299070810453,122.38529363069811,119.92389543649637,121.90889739990234,35234200,0.0,0.0
2023-05-19 00:00:00-04:00,122.62349314866378,125.02534358621601,121.233990329754,121.83941650390625,41353400,0.0,0.0
2023-05-22 00:00:00-04:00,122.01807359628725,125.48189991592048,121.81956885585257,124.11225128173828,35253000,0.0,0.0
2023-05-23 00:00:00-04:00,123.22892250659226,123.6953915959423,121.29354109633519,121.64091491699219,34046300,0.0,0.0
2023-05-24 00:00:00-04:00,120.21171384013235,120.99579047353133,118.96116056401159,119.99336242675781,34182600,0.0,0.0
2023-05-25 00:00:00-04:00,123.58621039965489,124.38021415921419,121.04541048455478,122.55401611328125,42317000,0.0,0.0
2023-05-26 00:00:00-04:00,122.24633339773538,124.3206642054446,121.53173154191558,123.675537109375,35635900,0.0,0.0
2023-05-30 00:00:00-04:00,124.69781220896813,124.71766646734785,121.08510954631166,122.74258422851562,35076700,0.0,0.0
2023-05-31 00:00:00-04:00,121.82949030094537,123.12966410835033,121.58136506611656,121.94859313964844,37325800,0.0,0.0
2023-06-01 00:00:00-04:00,121.89896868299529,123.4869687186112,121.70047151811134,122.79222106933594,30772700,0.0,0.0
2023-06-02 00:00:00-04:00,123.06019879901274,125.20400462726855,122.83192780585587,123.73509979248047,26980100,0.0,0.0
2023-06-05 00:00:00-04:00,123.0800538040451,126.47440548046157,122.91132287552142,125.06505584716797,32305500,0.0,0.0
2023-06-06 00:00:00-04:00,125.06503903327281,127.32793227447583,124.41991194155317,126.35528564453125,26638300,0.0,0.0
2023-06-07 00:00:00-04:00,126.01784799150856,128.07231710182637,121.20421985419401,121.58136749267578,52539000,0.0,0.0
2023-06-08 00:00:00-04:00,121.31339671268852,122.30589768119812,120.33081530189335,121.22406768798828,29389200,0.0,0.0
2023-06-09 00:00:00-04:00,121.3332316954614,122.83191013354642,120.99578503336821,121.31338500976562,23778300,0.0,0.0
2023-06-12 00:00:00-04:00,121.86919763226754,123.11975100153568,120.74767423806664,122.71282196044922,28306400,0.0,0.0
2023-06-13 00:00:00-04:00,124.04276764194177,124.22141810946202,122.25626296673931,122.9013900756836,22278300,0.0,0.0
2023-06-14 00:00:00-04:00,122.17685901958812,123.11973941592123,120.53923102358297,122.74258422851562,30592300,0.0,0.0
2023-06-15 00:00:00-04:00,122.21656558106999,124.51916746718288,121.48211700306517,124.15193939208984,35246300,0.0,0.0
2023-06-16 00:00:00-04:00,124.98564142278578,125.1642918916508,122.35551246478781,122.6036376953125,45535600,0.0,0.0
2023-06-20 00:00:00-04:00,122.00813366210225,123.63583450194002,121.22405705707857,122.1768569946289,26097500,0.0,0.0
2023-06-21 00:00:00-04:00,121.48211364469854,121.74016600309444,119.19935850880321,119.64598846435547,30306300,0.0,0.0
2023-06-22 00:00:00-04:00,119.10011432011007,122.31581528654226,117.93889002281252,122.22649383544922,26952200,0.0,0.0
2023-06-23 00:00:00-04:00,120.46976164956806,121.86919161284854,120.15216165092147,121.42256164550781,34913600,0.0,0.0
2023-06-26 00:00:00-04:00,119.85441851212727,121.08511758706368,117.38308566022395,117.45256042480469,33969900,0.0,0.0
2023-06-27 00:00:00-04:00,116.20200844412273,118.18701026555762,115.22935421985997,117.44263458251953,39535900,0.0,0.0
2023-06-28 00:00:00-04:00,116.21192355370808,119.48717946260062,115.97372546446266,119.27875518798828,27091400,0.0,0.0
2023-06-29 00:00:00-04:00,118.34582057099236,119.15967111183862,117.41287475286933,118.20687103271484,24090900,0.0,0.0
2023-06-30 00:00:00-04:00,119.26882953277098,120.17200897276508,118.79243334839367,118.80235290527344,29532200,0.0,0.0
2023-07-03 00:00:00-04:00,118.34580787808842,119.28868829776731,117.928959307964,119.00086212158203,14467900,0.0,0.0
2023-07-05 00:00:00-04:00,118.34579591383083,121.69052641048599,118.3358763575791,120.83697509765625,27584800,0.0,0.0
2023-07-06 00:00:00-04:00,118.90162428949438,119.39787479559047,117.51212135798899,119.20929718017578,24745200,0.0,0.0
2023-07-07 00:00:00-04:00,119.1993606252883,120.14224105563065,118.50461300055707,118.58401489257812,21709500,0.0,0.0
2023-07-10 00:00:00-04:00,117.41286932662906,117.42278888448908,115.2690635685402,115.57673645019531,35315200,0.0,0.0
2023-07-11 00:00:00-04:00,115.41793425521223,116.82728376089246,114.48498095632307,116.26155853271484,23078800,0.0,0.0
2023-07-12 00:00:00-04:00,117.90911694459177,119.42764220013913,117.52204217640053,118.03813934326172,30404400,0.0,0.0
2023-07-13 00:00:00-04:00,120.02313496341503,123.89389001441005,119.54673119638662,123.60606384277344,44297900,0.0,0.0
2023-07-14 00:00:00-04:00,123.86411595510596,125.82926350630274,122.56393462065938,124.47946166992188,33283100,0.0,0.0
2023-07-17 00:00:00-04:00,124.995567566589,126.14686468961106,123.26861052378432,123.71524047851562,25716200,0.0,0.0
2023-07-18 00:00:00-04:00,123.66561395286634,123.74501584432612,122.03791303884648,122.83191680908203,26193600,0.0,0.0
2023-07-19 00:00:00-04:00,123.66562600905326,124.24127841998545,120.88662768666599,121.11489868164062,37224000,0.0,0.0
2023-07-20 00:00:00-04:00,120.50946759155578,123.15944340000809,117.3334674734311,118.30611419677734,37906800,0.0,0.0
2023-07-21 00:00:00-04:00,119.71546357937767,120.08268407322286,117.83963744818556,119.11995697021484,72937900,0.0,0.0
2023-07-24 00:00:00-04:00,120.74765941479362,122.07760694524137,120.07275852066441,120.6186294555664,29686100,0.0,0.0
2023-07-25 00:00:00-04:00,120.44991665621404,122.22649427656242,120.11246239355489,121.29354095458984,52509600,0.0,0.0
2023-07-26 00:00:00-04:00,129.0946172624733,129.99778169720037,127.3577404462354,128.3006134033203,61682100,0.0,0.0
2023-07-27 00:00:00-04:00,130.6825925035767,132.24082619562287,127.82418504749104,128.4296112060547,44952100,0.0,0.0
2023-07-28 00:00:00-04:00,129.799265024623,132.73707431896543,129.59084831881933,131.5857696533203,36591200,0.0,0.0
2023-07-31 00:00:00-04:00,131.7346357432163,132.52863946512642,130.7917629491062,131.72471618652344,28055500,0.0,0.0
2023-08-01 00:00:00-04:00,129.79924674533365,131.63537918876514,129.69999061268777,130.5634765625,23166800,0.0,0.0
2023-08-02 00:00:00-04:00,128.4792502900743,129.11445031870784,126.60342402236246,127.41728210449219,26273300,0.0,0.0
2023-08-03 00:00:00-04:00,127.01035911301832,128.41970877041595,126.46448051295064,127.48675537109375,20089500,0.0,0.0
2023-08-04 00:00:00-04:00,128.31052393686713,130.52379685517826,126.9508024568463,127.14929962158203,26147200,0.0,0.0
2023-08-07 00:00:00-04:00,128.1914178864696,130.62304202480823,128.05246836840342,130.54364013671875,22746300,0.0,0.0
2023-08-08 00:00:00-04:00,129.64047749645752,130.52380279242055,128.56857458489054,130.4146270751953,23535200,0.0,0.0
2023-08-09 00:00:00-04:00,130.67266960839547,131.04980964495556,128.0326136306667,128.6876678466797,24912900,0.0,0.0
2023-08-10 00:00:00-04:00,130.33523442746744,131.0597558939105,128.47924731856517,128.7174530029297,20857800,0.0,0.0
2023-08-11 00:00:00-04:00,127.6951647046181,128.95562989704715,127.20883382963942,128.58840942382812,19591100,0.0,0.0
2023-08-14 00:00:00-04:00,128.4196995095872,130.3848471837526,127.99293136308722,130.34515380859375,24695600,0.0,0.0
2023-08-15 00:00:00-04:00,130.1168711231594,130.43446352895285,128.31051225646652,128.8067626953125,19770700,0.0,0.0
2023-08-16 00:00:00-04:00,127.73487854003906,129.30303197258323,126.91110844639537,127.73487854003906,25216100,0.0,0.0
2023-08-17 00:00:00-04:00,128.82662921684016,131.00020876899563,128.32044402863997,128.9457244873047,33446300,0.0,0.0
2023-08-18 00:00:00-04:00,127.546294758541,128.28075093151222,125.43227040921398,126.5041732788086,30504800,0.0,0.0
2023-08-21 00:00:00-04:00,126.22627759088554,127.76464959889275,125.61092424437363,127.4073486328125,25248700,0.0,0.0
2023-08-22 00:00:00-04:00,127.54628200242816,129.3030127917116,127.35771955742976,128.1120147705078,22054900,0.0,0.0
2023-08-23 00:00:00-04:00,129.2037702845962,132.40955935337914,128.8960974039479,131.37734985351562,27819700,0.0,0.0
2023-08-24 00:00:00-04:00,132.94548953796456,133.24324283014445,128.59834599183964,128.8067626953125,28500700,0.0,0.0
2023-08-25 00:00:00-04:00,128.56857452291544,129.77942696997056,126.29575386732984,128.90603637695312,26762900,0.0,0.0
2023-08-28 00:00:00-04:00,130.32531071752544,131.5460827710869,129.16408630398683,130.02755737304688,20543300,0.0,0.0
2023-08-29 00:00:00-04:00,131.24830816492025,135.54583834542458,131.24830816492025,133.5608367919922,43075600,0.0,0.0
2023-08-30 00:00:00-04:00,133.76926593538553,135.2580172391428,133.06459879911617,134.86102294921875,28315800,0.0,0.0
2023-08-31 00:00:00-04:00,134.99003046339,136.96511253819318,134.77167907243245,135.14883422851562,30053800,0.0,0.0
2023-09-01 00:00:00-04:00,136.4291897075704,136.4291897075704,133.83876157564302,134.64268493652344,21543700,0.0,0.0
2023-09-05 00:00:00-04:00,134.42433443329878,135.3969811480602,133.57078298930236,134.75186157226562,19403100,0.0,0.0
2023-09-06 00:00:00-04:00,134.99998980551268,135.5061598618362,132.66760640562674,133.45169067382812,18684500,0.0,0.0
2023-09-07 00:00:00-04:00,132.58817674509504,134.56325876683553,131.95297684601852,134.2456512451172,18844300,0.0,0.0
2023-09-08 00:00:00-04:00,133.8983220306733,135.63519889075076,133.83877438999752,135.3572998046875,23558300,0.0,0.0
2023-09-11 00:00:00-04:00,135.51606381265162,136.44901706515918,134.77168815088856,135.89321899414062,20763400,0.0,0.0
2023-09-12 00:00:00-04:00,135.23815692482054,135.84358303367614,134.17618891743425,134.32505798339844,18405500,0.0,0.0
2023-09-13 00:00:00-04:00,134.0769375034417,135.8733616364172,133.14398427221744,135.68479919433594,20749500,0.0,0.0
2023-09-14 00:00:00-04:00,136.56814159733074,137.65988359424148,135.21833965192076,137.06439208984375,24751000,0.0,0.0
2023-09-15 00:00:00-04:00,136.94528129329058,137.48124030456012,135.45652981988454,136.36962890625,38919600,0.0,0.0
2023-09-18 00:00:00-04:00,135.58553091684237,138.11641091147985,135.58553091684237,137.1735382080078,21861300,0.0,0.0
2023-09-19 00:00:00-04:00,136.38946085639827,137.37204212009118,135.5954571715883,137.0048065185547,20353700,0.0,0.0
2023-09-20 00:00:00-04:00,137.0445418305698,137.0445418305698,132.61798064460575,132.73709106445312,29927500,0.0,0.0
2023-09-21 00:00:00-04:00,130.45432343039326,131.23839249416972,129.09460201532931,129.46182250976562,31503900,0.0,0.0
2023-09-22 00:00:00-04:00,129.77942444921084,131.03990495129133,128.62813480654572,129.27325439453125,26397300,0.0,0.0
2023-09-25 00:00:00-04:00,128.85638541915864,130.18633290541212,127.99291453760557,130.1267852783203,20094600,0.0,0.0
2023-09-26 00:00:00-04:00,128.79685599233989,129.38242793397103,126.26597547277304,127.6058578491211,25718700,0.0,0.0
2023-09-27 00:00:00-04:00,127.60585276042912,129.91836661698156,127.60585276042912,129.56106567382812,22746500,0.0,0.0
2023-09-28 00:00:00-04:00,128.86631630656447,132.30037616629912,128.81668823150392,131.3177947998047,22513100,0.0,0.0
2023-09-29 00:00:00-04:00,132.28054343603355,133.04477351212972,129.38244208430763,129.87869262695312,30859800,0.0,0.0
2023-10-02 00:00:00-04:00,130.2260545847838,133.41197411116025,130.1863460664677,133.16384887695312,22288000,0.0,0.0
2023-10-03 00:00:00-04:00,132.93559116374053,133.25318362014062,130.8513329307273,131.43690490722656,22989400,0.0,0.0
2023-10-04 00:00:00-04:00,131.79419070491505,134.55335719954957,131.53614591729064,134.225830078125,26752300,0.0,0.0
2023-10-05 00:00:00-04:00,134.05712890625,134.47397754489367,132.44926684935047,134.05712890625,19832600,0.0,0.0
2023-10-06 00:00:00-04:00,133.00504324406194,137.123931161278,133.00504324406194,136.54827880859375,27597600,0.0,0.0
2023-10-09 00:00:00-04:00,135.9130761696135,137.8980779769235,134.59304815042893,137.38197326660156,19278100,0.0,0.0
2023-10-10 00:00:00-04:00,137.46137628621005,138.67222861017186,136.30015203671138,137.02467346191406,27786600,0.0,0.0
2023-10-11 00:00:00-04:00,137.54077424532727,140.05180026889775,137.54077424532727,139.49600219726562,25884300,0.0,0.0
2023-10-12 00:00:00-04:00,139.9922602118785,140.16098355386808,137.2231741164266,137.9278564453125,24765500,0.0,0.0
2023-10-13 00:00:00-04:00,138.33478161475625,138.9501273324613,135.59546941209604,136.32992553710938,23420500,0.0,0.0
2023-10-16 00:00:00-04:00,137.13383587326624,138.58289372755178,136.95519299575244,138.05686950683594,28501900,0.0,0.0
2023-10-17 00:00:00-04:00,137.59038847390352,138.85085356511095,136.1512502222243,138.67221069335938,23515800,0.0,0.0
2023-10-18 00:00:00-04:00,138.40424694073948,139.66472731928488,136.34977796075492,136.92543029785156,23375000,0.0,0.0
2023-10-19 00:00:00-04:00,137.4613862357858,138.61269101146914,136.3497899802919,136.71701049804688,26066000,0.0,0.0
2023-10-20 00:00:00-04:00,136.30015222216522,136.83609605175457,134.06702516754572,134.5831298828125,26335700,0.0,0.0
2023-10-23 00:00:00-04:00,134.0273213470116,136.6276841287948,132.94549894839827,135.47637939453125,26317900,0.0,0.0
2023-10-24 00:00:00-04:00,136.79639635920353,138.31492147464493,136.38946736895807,137.76904296875,44814300,0.0,0.0
2023-10-25 00:00:00-04:00,127.1989332818025,127.34780237579764,124.13210121841192,124.66805267333984,84366200,0.0,0.0
2023-10-26 00:00:00-04:00,122.34558034438075,123.39763642797095,120.36057858115953,121.36300659179688,57061100,0.0,0.0
2023-10-27 00:00:00-04:00,121.95851234164765,122.3852880471967,119.30853665872229,121.25383758544922,44566500,0.0,0.0
2023-10-30 00:00:00-04:00,122.2860385724438,124.45961803038976,121.82948905369454,123.52666473388672,28940100,0.0,0.0
2023-10-31 00:00:00-04:00,124.1221752635794,124.4298557291741,121.76995268999788,123.14952850341797,26292300,0.0,0.0
2023-11-01 00:00:00-04:00,123.13959001581209,125.54144044779346,122.79221620493564,125.50173950195312,30082400,0.0,0.0
2023-11-02 00:00:00-04:00,127.45696167163366,128.01275974342613,125.97813747508253,126.533935546875,27124600,0.0,0.0
2023-11-03 00:00:00-04:00,127.05997884535377,128.55864986310226,126.90117505497481,128.1318817138672,26393100,0.0,0.0
2023-11-06 00:00:00-05:00,128.08225623128538,129.36257584929294,127.70510100758493,129.27325439453125,19052700,0.0,0.0
2023-11-07 00:00:00-05:00,129.729793973687,130.92079197589274,128.9060164432014,129.9878387451172,29757300,0.0,0.0
2023-11-08 00:00:00-05:00,129.98786255864192,131.2185693015223,129.79928493774304,130.85133361816406,26425800,0.0,0.0
2023-11-09 00:00:00-05:00,130.97043911965648,131.55601107722748,129.09461282832507,129.26333618164062,23747800,0.0,0.0
2023-11-10 00:00:00-05:00,129.12437037075154,131.80411971424755,128.43954234138178,131.59568786621094,26913300,0.0,0.0
2023-11-13 00:00:00-05:00,130.79178389238834,131.59570729972106,130.26575956056902,131.09945678710938,18324800,0.0,0.0
2023-11-14 00:00:00-05:00,133.1836984817578,134.68236939202447,132.3202275430886,132.6179656982422,32395200,0.0,0.0
2023-11-15 00:00:00-05:00,133.85858358428234,134.01738735349468,132.5683446064248,133.61045837402344,23861500,0.0,0.0
2023-11-16 00:00:00-05:00,134.17619538121033,136.19097094090904,133.31272446829985,135.90313720703125,28013200,0.0,0.0
2023-11-17 00:00:00-05:00,134.98013143466227,135.03967906955006,132.64774810580346,134.29530334472656,37240600,0.0,0.0
2023-11-20 00:00:00-05:00,132.68744121099556,135.63516995040786,132.61795888212296,135.22824096679688,27815500,0.0,0.0
2023-11-21 00:00:00-05:00,135.2679473163652,136.15127255285424,134.9404353311043,135.94285583496094,22635300,0.0,0.0
2023-11-22 00:00:00-05:00,136.43910658423133,138.37448040468396,136.43910658423133,137.4514617919922,17813900,0.0,0.0
2023-11-24 00:00:00-05:00,136.99487964397932,137.0941357784135,134.97018474301692,135.66493225097656,12514300,0.0,0.0
2023-11-27 00:00:00-05:00,135.00988403041387,137.38196036155256,134.98011021765,135.3870391845703,23436500,0.0,0.0
2023-11-28 00:00:00-05:00,135.0595159672369,136.22074013136128,134.40446177895313,136.17111206054688,18730000,0.0,0.0
2023-11-29 00:00:00-05:00,136.53837669384325,137.25296351690287,133.82883792387636,133.97772216796875,23967200,0.0,0.0
2023-11-30 00:00:00-05:00,134.03725467489437,134.53350514378005,130.29552189907486,131.53614807128906,38988300,0.0,0.0
2023-12-01 00:00:00-05:00,130.8711700439453,131.11929527039416,129.69009154295097,130.8711700439453,31442300,0.0,0.0
2023-12-04 00:00:00-05:00,128.90603964218352,129.05490874011545,126.94088425548,128.3006134033203,36669900,0.0,0.0
2023-12-05 00:00:00-05:00,127.98298023608452,131.14906033747008,127.28823267724465,130.0076904296875,27384800,0.0,0.0
2023-12-06 00:00:00-05:00,130.45433249808588,130.85132683618656,128.9060333773847,129.04498291015625,23576200,0.0,0.0
2023-12-07 00:00:00-05:00,134.02731116371308,137.52091847546023,133.68986450169766,135.90313720703125,56767100,0.0,0.0
2023-12-08 00:00:00-05:00,133.19363785776235,135.3771371385065,133.02491449661565,133.97772216796875,32260100,0.0,0.0
2023-12-11 00:00:00-05:00,131.3872714988426,132.3400638639477,130.37491635960205,132.29043579101562,31138000,0.0,0.0
2023-12-12 00:00:00-05:00,130.82154752185775,132.00262607297714,130.2756689716308,131.52622985839844,29032800,0.0,0.0
2023-12-13 00:00:00-05:00,132.379774745465,132.4988700071408,130.58335054149978,131.5758514404297,30104800,0.0,0.0
2023-12-14 00:00:00-05:00,132.37978056258655,132.71722724840416,128.71744966150473,130.95057678222656,38722400,0.0,0.0
2023-12-15 00:00:00-05:00,130.63297472797083,132.5088009828191,130.19627187171184,131.6056365966797,50847100,0.0,0.0
2023-12-18 00:00:00-05:00,131.63537548363365,136.12146783899703,131.4368632239294,134.78160095214844,32258000,0.0,0.0
2023-12-19 00:00:00-05:00,135.81382173780045,136.43910216120065,135.05952649346082,135.625244140625,25476800,0.0,0.0
2023-12-20 00:00:00-05:00,137.9278622500159,140.63738568200563,137.03461742674637,137.30258178710938,49107200,0.0,0.0
2023-12-21 00:00:00-05:00,138.44395531377506,139.63495335905975,138.1362673150206,139.36697387695312,27488300,0.0,0.0
2023-12-22 00:00:00-05:00,139.71436841353267,140.9252208312421,139.65482077731141,140.42897033691406,26532200,0.0,0.0
2023-12-26 00:00:00-05:00,140.52819216023732,141.61001445550394,140.1311978767292,140.45872497558594,16780300,0.0,0.0
2023-12-27 00:00:00-05:00,140.52820465495105,141.0145355681964,138.84095608348233,139.31735229492188,19628600,0.0,0.0
2023-12-28 00:00:00-05:00,139.72428432008698,140.0815852724405,138.70200954003505,139.17840576171875,16045700,0.0,0.0
2023-12-29 00:00:00-05:00,138.58292367477063,139.30744518629933,137.7392917414662,138.64247131347656,18733000,0.0,0.0
2024-01-02 00:00:00-05:00,137.51102059365306,138.40426546198694,135.45653619437576,137.1338653564453,23711200,0.0,0.0
2024-01-03 00:00:00-05:00,136.22076003752528,138.58291722535583,136.05203668758926,137.87823486328125,24212100,0.0,0.0
2024-01-04 00:00:00-05:00,137.38197845779115,138.11643460621872,135.32750938466225,135.36720275878906,27137700,0.0,0.0
2024-01-05 00:00:00-05:00,135.72449810296587,136.13142710669655,134.1364906048939,134.71214294433594,22513900,0.0,0.0
2024-01-08 00:00:00-05:00,135.26794767616852,137.96755146900708,135.23817385924744,137.798828125,21404000,0.0,0.0
2024-01-09 00:00:00-05:00,137.46138108120132,140.42896436301152,137.11399969220417,139.89300537109375,24759600,0.0,0.0
2024-01-10 00:00:00-05:00,139.94264312514758,141.92764515529154,139.85332166843838,141.21304321289062,21320200,0.0,0.0
2024-01-11 00:00:00-05:00,142.4139716480829,144.13099411000476,139.58533778589887,141.01454162597656,24008700,0.0,0.0
2024-01-12 00:00:00-05:00,141.60011549083978,142.12613980794654,140.75649872961355,141.58026123046875,18785500,0.0,0.0
2024-01-16 00:00:00-05:00,140.93514731118603,143.267530806828,140.38926871174172,141.42147827148438,22670500,0.0,0.0
2024-01-17 00:00:00-05:00,140.29000813187008,140.77632387999014,137.85836881382235,140.4091033935547,20968600,0.0,0.0
2024-01-18 00:00:00-05:00,140.9847683324612,143.12857410055258,140.92522069629695,142.40403747558594,25746400,0.0,0.0
2024-01-19 00:00:00-05:00,143.65458671612103,145.35175478607076,143.29728578386394,145.28228759765625,34271900,0.0,0.0
2024-01-22 00:00:00-05:00,145.996909921107,147.2772296068984,144.7463489107817,144.89523315429688,32200400,0.0,0.0
2024-01-23 00:00:00-05:00,144.79596212537868,146.07628167971635,144.40888736296378,145.9373321533203,21636100,0.0,0.0
2024-01-24 00:00:00-05:00,147.4260808607733,148.7262697948882,146.98939317466798,147.5848846435547,25233500,0.0,0.0
2024-01-25 00:00:00-05:00,148.94463515959285,151.9022839551748,148.41859568681784,150.7311248779297,29149100,0.0,0.0
2024-01-26 00:00:00-05:00,149.96688376806185,151.39607226389228,149.8775471822791,151.0487060546875,26115500,0.0,0.0
2024-01-29 00:00:00-05:00,150.919687123006,152.62678991300623,150.29440669865645,152.3588104248047,27784300,0.0,0.0
2024-01-30 00:00:00-05:00,151.65415115558076,152.46799407543287,150.05622398904708,150.32420349121094,36331800,0.0,0.0
2024-01-31 00:00:00-05:00,142.54296958721974,142.92012476265015,138.8210913381924,139.04937744140625,71910000,0.0,0.0
2024-02-01 00:00:00-05:00,141.0542328791591,141.9871862131904,139.73420477296187,140.1014404296875,40466500,0.0,0.0
2024-02-02 00:00:00-05:00,138.21567319652831,141.55047690627347,135.47637609880854,141.31228637695312,62499600,0.0,0.0
2024-02-05 00:00:00-05:00,141.74900272521677,144.37912436638035,141.70929420363484,142.6025390625,38505400,0.0,0.0
2024-02-06 00:00:00-05:00,143.56525733160348,144.2699396743933,142.11621441563744,143.01939392089844,29128200,0.0,0.0
2024-02-07 00:00:00-05:00,143.67442837133774,144.5279797721388,142.8506507867212,144.44857788085938,25208900,0.0,0.0
2024-02-08 00:00:00-05:00,144.73642451766594,145.2326750240787,144.01190301872515,144.81582641601562,22563800,0.0,0.0
2024-02-09 00:00:00-05:00,145.58005015290775,148.3193628074314,145.08379961628992,147.88265991210938,26829500,0.0,0.0
2024-02-12 00:00:00-05:00,147.3070008467846,148.2200999757686,146.2648717378868,146.42367553710938,21564100,0.0,0.0
2024-02-13 00:00:00-05:00,143.83322330553597,145.57009981647306,142.61245148398422,144.05157470703125,27837700,0.0,0.0
2024-02-14 00:00:00-05:00,144.98454584573585,145.42124870265448,143.00946343171321,144.84559631347656,22704200,0.0,0.0
2024-02-15 00:00:00-05:00,142.06659185995144,142.44374708435768,139.40669646187024,141.69937133789062,37590700,0.0,0.0
2024-02-16 00:00:00-05:00,141.9176952353247,142.116192367,139.08906188978025,139.46621704101562,31468900,0.0,0.0
2024-02-20 00:00:00-05:00,138.6126638713999,141.01451396423664,138.44394055453833,140.06170654296875,25144700,0.0,0.0
2024-02-21 00:00:00-05:00,140.3892306459635,141.61993705061454,139.62500081395828,141.48098754882812,23223300,0.0,0.0
2024-02-22 00:00:00-05:00,143.84314227764477,143.9126246070933,141.72912574537517,143.0094451904297,27191900,0.0,0.0
2024-02-23 00:00:00-05:00,142.5926288514205,143.5950494938004,142.35442313940538,142.88046264648438,19493800,0.0,0.0
2024-02-26 00:00:00-05:00,141.07409774924443,141.37185109123465,136.35971779155244,136.5383758544922,53641800,0.0,0.0
2024-02-27 00:00:00-05:00,136.98498010411188,138.20575198535647,136.06194638095468,137.83853149414062,33099200,0.0,0.0
2024-02-28 00:00:00-05:00,136.86589051635528,136.975066239049,134.394572562124,135.3572998046875,37328600,0.0,0.0
2024-02-29 00:00:00-05:00,136.25053286698093,137.81868622745773,135.377127161307,137.42169189453125,42133000,0.0,0.0
2024-03-01 00:00:00-05:00,137.39190716020826,137.82861002648335,135.89323609127652,136.11158752441406,31151100,0.0,0.0
2024-03-04 00:00:00-05:00,134.6426963696791,134.6426963696791,130.92081742410656,132.3500213623047,55999400,0.0,0.0
2024-03-05 00:00:00-05:00,130.89102554499024,132.2408273954596,129.69009277405854,131.6750946044922,40194800,0.0,0.0
2024-03-06 00:00:00-05:00,132.12173002942825,132.57828715901485,129.86876363343262,130.4146270751953,35318600,0.0,0.0
2024-03-07 00:00:00-05:00,131.79418082018677,133.92806672802465,130.6230370899261,133.3722686767578,37738200,0.0,0.0
2024-03-08 00:00:00-05:00,133.20354849306366,137.0544415724304,132.99511664674006,134.39454650878906,39370400,0.0,0.0
2024-03-11 00:00:00-04:00,135.10914387452527,138.05687257387362,135.10914387452527,136.63758850097656,32437800,0.0,0.0
2024-03-12 00:00:00-04:00,136.0024024134986,138.33478567710262,136.0024024134986,137.4613800048828,27563400,0.0,0.0
2024-03-13 00:00:00-04:00,137.95763014261004,140.03195346478358,137.94771058521772,138.74169921875,23347200,0.0,0.0
2024-03-14 00:00:00-04:00,140.13120561748423,142.51320173883516,139.40668419509728,142.02688598632812,42753400,0.0,0.0
2024-03-15 00:00:00-04:00,141.43140078025397,142.1062942304719,138.97992195518043,140.1212921142578,49475400,0.0,0.0
2024-03-18 00:00:00-04:00,147.495543377708,151.00898951960397,146.0663398134248,146.572509765625,69273700,0.0,0.0
2024-03-19 00:00:00-04:00,147.04894486376466,147.6742101661268,144.98454106374294,145.9274139404297,24070400,0.0,0.0
2024-03-20 00:00:00-04:00,146.89013190121898,147.7436832734465,145.6395862302464,147.6245880126953,21311500,0.0,0.0
2024-03-21 00:00:00-04:00,148.34910531390932,149.24235003352564,145.79837082481882,146.49313354492188,24755600,0.0,0.0
2024-03-22 00:00:00-04:00,148.00172301907287,150.44328179195713,147.86277350480213,149.6393585205078,29211800,0.0,0.0
2024-03-25 00:00:00-04:00,148.81559588391366,149.25229872799846,146.71149870171885,148.9446258544922,19229300,0.0,0.0
2024-03-26 00:00:00-04:00,149.09349296069317,151.1181882221387,148.85528728225617,149.5401153564453,22149100,0.0,0.0
2024-03-27 00:00:00-04:00,150.04628982187702,150.50284693295552,147.78338881509114,149.73861694335938,22879200,0.0,0.0
2024-03-28 00:00:00-04:00,149.71876999163942,150.2944071987847,149.0438614902864,149.79815673828125,24485400,0.0,0.0
2024-04-01 00:00:00-04:00,149.5599671303415,154.57209984115423,149.48056523884867,154.323974609375,31730800,0.0,0.0
2024-04-02 00:00:00-04:00,152.3489065422849,153.53990473719549,151.00902410778318,153.4009552001953,24586000,0.0,0.0
2024-04-03 00:00:00-04:00,152.44814641496717,153.9170435269461,151.58466032180885,153.75823974609375,24705000,0.0,0.0
2024-04-04 00:00:00-04:00,152.34888233651972,153.60936267184238,149.32175167815961,149.40115356445312,34724700,0.0,0.0
2024-04-05 00:00:00-04:00,148.90492090258869,152.26949862092886,148.47815275024013,151.3563995361328,23459200,0.0,0.0
2024-04-08 00:00:00-04:00,151.63429745472348,154.10563032964885,151.46557410662442,153.68878173828125,20702000,0.0,0.0
2024-04-09 00:00:00-04:00,154.91947398862214,157.37095261531294,154.02622916635622,155.4256591796875,31079500,0.0,0.0
2024-04-10 00:00:00-04:00,155.0385680237579,155.43556231518494,153.520027755364,154.96908569335938,22838600,0.0,0.0
2024-04-11 00:00:00-04:00,155.73333190851926,158.48254871038773,155.28670949781988,158.21458435058594,27166400,0.0,0.0
2024-04-12 00:00:00-04:00,156.7754663121818,159.01851314437133,155.96160821412113,156.54718017578125,25353700,0.0,0.0
2024-04-15 00:00:00-04:00,157.6687038087309,158.0458590213951,153.43072045036504,153.69869995117188,27136500,0.0,0.0
2024-04-16 00:00:00-04:00,153.03374024151432,154.48278330237142,152.2794297465919,153.24215698242188,20779500,0.0,0.0
2024-04-17 00:00:00-04:00,154.4530225556318,155.902080883506,153.42082803358585,154.3041534423828,21763100,0.0,0.0
2024-04-18 00:00:00-04:00,154.17509879172633,155.76310641946125,153.4604968736819,154.84007263183594,19883000,0.0,0.0
2024-04-19 00:00:00-04:00,155.02864105305625,155.1874448352903,151.157893513365,152.93446350097656,32615600,0.0,0.0
2024-04-22 00:00:00-04:00,153.15281939939192,156.45784938513543,152.90469416152254,155.10804748535156,26446200,0.0,0.0
2024-04-23 00:00:00-04:00,155.78297241261876,157.77789408319916,155.1080638194722,157.07321166992188,21151600,0.0,0.0
2024-04-24 00:00:00-04:00,156.30897512463662,158.37337885267914,155.991367561386,157.93667602539062,22779100,0.0,0.0
2024-04-25 00:00:00-04:00,150.1951766135992,155.31648535594996,149.73861949474144,154.8301544189453,57109700,0.0,0.0
2024-04-26 00:00:00-04:00,173.06240370866433,173.39986557629047,168.37779752849133,170.66055297851562,64665300,0.0,0.0
2024-04-29 00:00:00-04:00,167.79220353593925,168.27853443993808,163.97108407090454,164.90402221679688,45610000,0.0,0.0
2024-04-30 00:00:00-04:00,164.36809054901573,166.8394234809616,161.38066800310506,161.55931091308594,33562900,0.0,0.0
2024-05-01 00:00:00-04:00,163.06789787937092,165.86674249047698,161.86696514908917,162.63119506835938,33493200,0.0,0.0
2024-05-02 00:00:00-04:00,163.55422015396346,165.4796743643417,162.6609753825577,165.37049865722656,24294500,0.0,0.0
2024-05-03 00:00:00-04:00,166.303447513815,166.70045695836217,161.82727393012354,165.98585510253906,34662400,0.0,0.0
2024-05-06 00:00:00-04:00,166.20420129812592,166.87909461614606,164.7849171879721,166.8394012451172,21871300,0.0,0.0
2024-05-07 00:00:00-04:00,167.23641214858006,170.47195983372737,167.12723643695188,169.96578979492188,28039700,0.0,0.0
2024-05-08 00:00:00-04:00,167.73264706920992,168.87401701223217,167.47460229491972,168.10980224609375,19569100,0.0,0.0
2024-05-09 00:00:00-04:00,168.11972255441077,169.4099767203528,166.9187898325422,168.68545532226562,15346700,0.0,0.0
2024-05-10 00:00:00-04:00,166.76993866167226,168.57629771677423,164.94374049088748,167.38528442382812,29799900,0.0,0.0
2024-05-13 00:00:00-04:00,163.02818817677723,168.01054680668042,162.77014340140366,167.87159729003906,31327600,0.0,0.0
2024-05-14 00:00:00-04:00,168.49688914969917,169.96578630331507,167.5341620244905,169.06260681152344,25127100,0.0,0.0
2024-05-15 00:00:00-04:00,169.35044756160798,171.3552886431622,169.23133714549078,171.21633911132812,26948400,0.0,0.0
2024-05-16 00:00:00-04:00,171.99048456648705,173.8067631392547,171.3949930775493,172.87380981445312,27867900,0.0,0.0
2024-05-17 00:00:00-04:00,172.87380893604973,174.94814744007684,172.387493160876,174.73971557617188,24479300,0.0,0.0
2024-05-20 00:00:00-04:00,174.86877067605414,177.4294253232356,174.7595949496267,175.59329223632812,22554400,0.0,0.0
2024-05-21 00:00:00-04:00,175.57339321082898,176.81401926558146,174.49157092573145,176.5162811279297,16989400,0.0,0.0
2024-05-22 00:00:00-04:00,175.31535679142465,175.82152679389606,173.89608778649955,175.05731201171875,17880000,0.0,0.0
2024-05-23 00:00:00-04:00,175.74214258358214,176.91328638262783,171.6530285552818,172.24853515625,21024900,0.0,0.0
2024-05-24 00:00:00-04:00,173.6677996738125,174.45188384954722,172.34777168660725,173.677734375,16579400,0.0,0.0
2024-05-28 00:00:00-04:00,173.14178984862892,175.94064983167806,173.06238795431943,175.07716369628906,20572200,0.0,0.0
2024-05-29 00:00:00-04:00,174.1144254654683,175.51385536789155,173.4097583079271,174.58090209960938,23388700,0.0,0.0
2024-05-30 00:00:00-04:00,173.88616018139018,173.90601444044296,170.50172837010513,170.8193359375,22931500,0.0,0.0
2024-05-31 00:00:00-04:00,170.57122087015406,171.7622190301401,168.16937028994596,171.2064208984375,37638900,0.0,0.0
2024-06-03 00:00:00-04:00,171.24608803367084,173.22117015451414,169.87644717452713,171.87136840820312,27459100,0.0,0.0
2024-06-04 00:00:00-04:00,171.98055484617473,172.5462876288162,170.60097920010114,172.48672485351562,26879600,0.0,0.0
2024-06-05 00:00:00-04:00,173.88617261813178,175.32529604295863,172.62569210446975,174.0946044921875,22068500,0.0,0.0
2024-06-06 00:00:00-04:00,174.5809159744427,175.8215421969568,174.43204688548622,175.40469360351562,23251000,0.0,0.0
2024-06-07 00:00:00-04:00,175.72230738756323,176.53615034318676,172.99292960170388,173.1517333984375,19661400,0.0,0.0
2024-06-10 00:00:00-04:00,173.85720320728015,175.9339073021769,171.66125199471998,173.89694213867188,23726700,0.2,0.0
2024-06-11 00:00:00-04:00,175.0992389145037,175.71529085184466,172.66482398993008,175.49668884277344,21540600,0.0,0.0
2024-06-12 00:00:00-04:00,177.11633707085997,179.2626031953618,174.9899479924397,176.6592559814453,27864700,0.0,0.0
2024-06-13 00:00:00-04:00,174.98994497931662,175.61594304528666,173.76777199685736,174.04598999023438,20913300,0.0,0.0
2024-06-14 00:00:00-04:00,173.1119718356913,175.93390595699566,173.04240975410747,175.66561889648438,18063600,0.0,0.0
2024-06-17 00:00:00-04:00,174.34406932448942,177.22561906564368,173.69819427096027,176.1127471923828,19618500,0.0,0.0
2024-06-18 00:00:00-04:00,176.01339021741077,176.26180021913805,172.9927312675741,173.97642517089844,21869900,0.0,0.0
2024-06-20 00:00:00-04:00,174.2546331587941,176.16242004315566,173.87706028782432,175.17872619628906,20160100,0.0,0.0
2024-06-21 00:00:00-04:00,175.87428594679412,179.69980614084275,175.48676694016078,178.48756408691406,57759000,0.0,0.0
2024-06-24 00:00:00-04:00,179.014178404994,179.73953132877418,177.53364940990167,178.0801544189453,18298000,0.0,0.0
2024-06-25 00:00:00-04:00,178.47761719658297,183.1179143136271,178.27889222308787,182.8595733642578,23130200,0.0,0.0
2024-06-26 00:00:00-04:00,181.4684755299556,183.33650839401088,181.31942043498108,182.7105255126953,19839000,0.0,0.0
2024-06-27 00:00:00-04:00,183.00861627114853,184.8667334659005,182.84964538682112,184.23080444335938,18848900,0.0,0.0
2024-06-28 00:00:00-04:00,183.14774365065432,183.95258967563325,180.80275249600572,180.9915313720703,29156600,0.0,0.0
2024-07-01 00:00:00-04:00,181.8659413243254,182.710541450962,180.14694824354996,181.82620239257812,16006100,0.0,0.0
2024-07-02 00:00:00-04:00,180.89216044416673,184.38977740074063,180.40527139828873,184.06187438964844,17372500,0.0,0.0
2024-07-03 00:00:00-04:00,183.6743516250974,184.90645546496816,182.8297515992084,184.63818359375,10242100,0.0,0.0
2024-07-05 00:00:00-04:00,184.67792788657385,189.6461278026425,184.61831191345988,189.38778686523438,20967500,0.0,0.0
2024-07-08 00:00:00-04:00,188.69223602398804,188.96052307793317,186.58572400777334,187.82777404785156,21035900,0.0,0.0
2024-07-09 00:00:00-04:00,189.09963450972523,190.14295958916762,187.5197504772306,187.77809143066406,15121400,0.0,0.0
2024-07-10 00:00:00-04:00,187.94699289900143,190.53046286697955,187.82776095522303,189.96408081054688,15952500,0.0,0.0
2024-07-11 00:00:00-04:00,188.6425794494634,189.64615049436205,183.90291191713072,184.38980102539062,25625800,0.0,0.0
2024-07-12 00:00:00-04:00,183.90289053636494,185.9199784961909,183.31664658309873,183.89295959472656,22898400,0.0,0.0
2024-07-15 00:00:00-04:00,183.74389752313695,187.0427894309769,183.74389752313695,185.34365844726562,16474000,0.0,0.0
2024-07-16 00:00:00-04:00,186.16838328349618,187.4799801449797,182.20375438973656,182.75025939941406,18290700,0.0,0.0
2024-07-17 00:00:00-04:00,181.80630830706235,182.38262131472416,178.75582629160562,179.86871337890625,20734100,0.0,0.0
2024-07-18 00:00:00-04:00,180.77293018820677,181.33931230427376,175.3476639106666,176.55990600585938,25315700,0.0,0.0
2024-07-19 00:00:00-04:00,177.74234773802445,179.14336877027299,176.00347754543185,176.5301055908203,18881900,0.0,0.0
2024-07-22 00:00:00-04:00,179.44145432097875,181.5380354484916,179.08374329385708,180.51458740234375,24100300,0.0,0.0
2024-07-23 00:00:00-04:00,180.89216041821464,182.44223635279693,180.38539432762542,180.63380432128906,36352700,0.0,0.0
2024-07-24 00:00:00-04:00,172.4959213091671,175.06944543810874,170.72724320681195,171.53208923339844,49585200,0.0,0.0
2024-07-25 00:00:00-04:00,171.42278967121095,172.31705967237997,166.12668626172413,166.2161102294922,44852000,0.0,0.0
2024-07-26 00:00:00-04:00,166.08692140634935,167.020945440501,163.0165774179734,165.93788146972656,41336900,0.0,0.0
2024-07-29 00:00:00-04:00,167.75623728269647,169.34605213128413,166.92158335005726,168.4517822265625,20293800,0.0,0.0
2024-07-30 00:00:00-04:00,169.15730033798988,170.14099435822163,167.36874508064338,169.20697021484375,18959700,0.0,0.0
2024-07-31 00:00:00-04:00,172.13818990776468,173.14176079618966,168.9287219619174,170.44898986816406,25729100,0.0,0.0
2024-08-01 00:00:00-04:00,169.1672144988525,172.94304963161613,167.80593251440823,169.67396545410156,24531400,0.0,0.0
2024-08-02 00:00:00-04:00,165.3814193819397,167.4382459913399,163.62267259872732,165.6000213623047,29130100,0.0,0.0
2024-08-05 00:00:00-04:00,154.51103232007947,163.38423094995542,153.94465019728176,158.2371826171875,53630700,0.0,0.0
2024-08-06 00:00:00-04:00,158.31667357844438,159.54879271884894,155.41524640434096,157.2832794189453,49004600,0.0,0.0
2024-08-07 00:00:00-04:00,160.2244595533612,161.94345261056785,157.46214140159782,157.9291534423828,25138600,0.0,0.0
2024-08-08 00:00:00-04:00,159.48915933518853,162.64894258558448,159.19107944889603,160.99949645996094,25578800,0.0,0.0
2024-08-09 00:00:00-04:00,158.99231783996856,162.7482755175184,158.04836295010404,162.62904357910156,28602300,0.0,0.0
2024-08-12 00:00:00-04:00,163.30473887980148,163.85122874644176,160.810692794382,161.25782775878906,15895300,0.0,0.0
2024-08-13 00:00:00-04:00,162.37070632388532,163.68230316130368,161.93350232416512,163.11593627929688,18551700,0.0,0.0
2024-08-14 00:00:00-04:00,161.36713999266024,162.18193212107965,156.70698083807574,159.3500518798828,40591100,0.0,0.0
2024-08-15 00:00:00-04:00,159.4792243502646,160.61197337469392,158.59488533261137,160.27413940429688,31524300,0.0,0.0
2024-08-16 00:00:00-04:00,160.44303978023876,164.0102034694482,160.10520584481466,161.92356872558594,24208600,0.0,0.0
2024-08-19 00:00:00-04:00,164.22882628821975,165.6298623978553,163.21530919170212,165.6099853515625,22416200,0.0,0.0
2024-08-20 00:00:00-04:00,165.83851174622947,167.5674508233367,165.75903388769558,166.11672973632812,18341500,0.0,0.0
2024-08-21 00:00:00-04:00,164.09965161309964,165.78885186270244,163.62270862444709,164.7952117919922,22902000,0.0,0.0
2024-08-22 00:00:00-04:00,166.19621017398273,166.5241131721472,162.2713354606225,162.7582244873047,22493300,0.0,0.0
2024-08-23 00:00:00-04:00,163.67239563965794,165.12310166986182,162.78805657250106,164.56666564941406,13955700,0.0,0.0
2024-08-26 00:00:00-04:00,165.32184299950146,166.48440008520606,163.41405584641612,165.10324096679688,14190400,0.0,0.0
2024-08-27 00:00:00-04:00,164.78525544371954,165.3814455137806,163.4140425413684,163.63262939453125,11821900,0.0,0.0
2024-08-28 00:00:00-04:00,163.99034421256823,164.54679536636124,160.50267315842373,161.8142852783203,16407400,0.0,0.0
2024-08-29 00:00:00-04:00,163.26500694274193,164.9144531934037,159.2308304504993,160.7510986328125,19699800,0.0,0.0
2024-08-30 00:00:00-04:00,161.58573574397926,162.6191298588304,160.66165779990888,162.34091186523438,22123800,0.0,0.0
2024-09-03 00:00:00-04:00,160.69146292560666,160.82064097809814,155.48478383780713,156.35919189453125,38945300,0.0,0.0
2024-09-04 00:00:00-04:00,155.66365765900977,157.9887717937597,154.9681126394364,155.45498657226562,19353800,0.0,0.0
2024-09-05 00:00:00-04:00,155.30593568698094,158.4358956354768,154.98796360800392,156.23995971679688,18688700,0.0,0.0
2024-09-06 00:00:00-04:00,156.29958787438167,156.82621590471155,149.59251732330907,149.9601593017578,37912100,0.0,0.0
2024-09-09 00:00:00-04:00,151.74112707707891,152.62663960312594,146.47780288600765,147.96029663085938,39260500,0.2,0.0
2024-09-10 00:00:00-04:00,149.6915067964419,150.50738007285446,147.59214370497173,147.91053771972656,31118800,0.0,0.0
2024-09-11 00:00:00-04:00,149.16416479252044,150.73620092097835,146.77627065265514,150.39791870117188,29607700,0.0,0.0
2024-09-12 00:00:00-04:00,153.02462848632382,154.03949046129577,151.88041704126704,153.91014099121094,29621500,0.0,0.0
2024-09-13 00:00:00-04:00,154.6463885405626,157.58152818841413,154.42751164329223,156.66616821289062,29591200,0.0,0.0
2024-09-16 00:00:00-04:00,156.51693413001883,157.45219763829544,155.81052202950406,157.26315307617188,18379800,0.0,0.0
2024-09-17 00:00:00-04:00,158.2183245621199,159.74061004154726,157.5815516503455,158.51681518554688,20715600,0.0,0.0
2024-09-18 00:00:00-04:00,159.05406919954734,159.6908420434117,157.80042693308812,159.0043182373047,23677300,0.0,0.0
2024-09-19 00:00:00-04:00,162.88467834172684,162.9642616693234,160.52661614683478,161.3225860595703,26587700,0.0,0.0
2024-09-20 00:00:00-04:00,162.67573141732413,162.90456764484875,161.2429886014312,162.76527404785156,40896400,0.0,0.0
2024-09-23 00:00:00-04:00,163.52143865567453,164.65569075995793,160.85494193042624,161.03404235839844,24150900,0.0,0.0
2024-09-24 00:00:00-04:00,162.20809181188605,162.39713636620655,159.87989243963506,161.47181701660156,23332100,0.0,0.0
2024-09-25 00:00:00-04:00,160.65596937943812,161.98921028487706,160.4868282360792,160.67587280273438,18869200,0.0,0.0
2024-09-26 00:00:00-04:00,162.81500754909376,163.2527917160846,161.46186338833198,161.9095916748047,20319300,0.0,0.0
2024-09-27 00:00:00-04:00,161.98919151686223,164.86462098454524,161.81010627353578,163.12344360351562,21101300,0.0,0.0
2024-09-30 00:00:00-04:00,162.49664152148338,165.31236092462515,162.43693125430474,165.01388549804688,20413900,0.0,0.0
2024-10-01 00:00:00-04:00,166.84460026695353,168.3071905376278,163.75027859535956,166.14813232421875,28338100,0.0,0.0
2024-10-02 00:00:00-04:00,165.58099330587024,166.67545373891107,163.8995109959539,165.02381896972656,17760200,0.0,0.0
2024-10-03 00:00:00-04:00,163.58113216752693,165.79988539247842,163.0935970324702,165.02381896972656,15073100,0.0,0.0
2024-10-04 00:00:00-04:00,167.21271664038824,167.38185775705003,164.64572198743747,166.21775817871094,19047400,0.0,0.0
2024-10-07 00:00:00-04:00,166.8744651557115,167.63062826044842,161.92951947546015,162.15835571289062,22463100,0.0,0.0
2024-10-08 00:00:00-04:00,163.11351583433103,163.89952645082283,162.0489028416346,163.55130004882812,23072700,0.0,0.0
2024-10-09 00:00:00-04:00,162.6259561269001,164.00894776946933,158.93466876764882,161.04397583007812,31181800,0.0,0.0
2024-10-10 00:00:00-04:00,160.0589719311791,162.2478928162512,159.59134021317385,161.26287841796875,14144100,0.0,0.0
2024-10-11 00:00:00-04:00,161.31263337427697,163.07369906378534,160.4271208786136,162.4170379638672,15344300,0.0,0.0
2024-10-14 00:00:00-04:00,162.8150044575592,165.39194326757854,162.5762089577725,164.12835693359375,19016100,0.0,0.0
2024-10-15 00:00:00-04:00,164.95417746587214,166.83464858810927,163.80003704311807,164.6258544921875,20247200,0.0,0.0
2024-10-16 00:00:00-04:00,163.70053329945262,164.96413494193072,162.91452270440968,164.32736206054688,16406000,0.0,0.0
2024-10-17 00:00:00-04:00,164.8944683866494,165.53124122104538,161.93944041934847,162.10858154296875,21453400,0.0,0.0
2024-10-18 00:00:00-04:00,162.3672941471386,163.87963544942022,162.2578480953578,162.59613037109375,19757700,0.0,0.0
2024-10-21 00:00:00-04:00,162.12849497134508,163.67068378195492,161.8001568233936,163.24285888671875,20946500,0.0,0.0
2024-10-22 00:00:00-04:00,162.15832023535148,164.9342627494447,162.15832023535148,164.30743408203125,16568100,0.0,0.0
2024-10-23 00:00:00-04:00,163.92937969662665,164.98404860544863,161.1136449298604,161.95936584472656,18280500,0.0,0.0
2024-10-24 00:00:00-04:00,162.00908898296657,162.50656821640374,160.1982572859619,161.89964294433594,22412500,0.0,0.0
2024-10-25 00:00:00-04:00,162.84487350933975,164.7551922144046,162.59613385740113,164.4368133544922,19828900,0.0,0.0
2024-10-28 00:00:00-04:00,167.89925067008892,167.89925067008892,163.12344672576728,165.87948608398438,32138600,0.0,0.0
2024-10-29 00:00:00-04:00,166.8844034485081,169.52105287482345,166.24763054521426,168.82456970214844,42169000,0.0,0.0
2024-10-30 00:00:00-04:00,179.76911885362685,181.10237496251443,173.1824975492547,173.5804901123047,68890800,0.0,0.0
2024-10-31 00:00:00-04:00,172.25718077657928,175.92858030114797,170.13791418034728,170.2473602294922,44769000,0.0,0.0
2024-11-01 00:00:00-04:00,169.21260195677476,171.45125861583475,168.02859889466288,170.4264373779297,31796500,0.0,0.0
2024-11-04 00:00:00-05:00,169.07330370933886,169.86927360734452,167.16298506324307,168.3867950439453,21492700,0.0,0.0
2024-11-05 00:00:00-05:00,168.57581219568198,169.67027262380228,167.98879032144563,168.88426208496094,18242100,0.0,0.0
2024-11-06 00:00:00-05:00,172.92380321236175,176.04797252771442,172.62531260376363,175.62013244628906,33695500,0.0,0.0
2024-11-07 00:00:00-05:00,176.51558744027324,180.16708323715014,176.29669536029814,179.8387451171875,25352900,0.0,0.0
2024-11-08 00:00:00-05:00,179.7392438048685,179.98798342551285,177.18220839921253,177.4508514404297,22006200,0.0,0.0
2024-11-11 00:00:00-05:00,177.67968464546155,179.6397540376483,177.57023860694844,179.44076538085938,17450400,0.0,0.0
2024-11-12 00:00:00-05:00,178.91344777717472,181.569985195191,178.48560772038502,180.70436096191406,25134900,0.0,0.0
2024-11-13 00:00:00-05:00,179.55023156460638,180.04771085332573,177.6398977358846,177.9781951904297,23184000,0.0,0.0
2024-11-14 00:00:00-05:00,177.3811937768349,177.91847984932647,173.44116676058277,174.69480895996094,31007500,0.0,0.0
2024-11-15 00:00:00-05:00,172.8541459998015,173.2620826521563,170.35680548513443,171.6204071044922,32504600,0.0,0.0
2024-11-18 00:00:00-05:00,172.54571749253887,174.55553810267529,172.0283347729084,174.41624450683594,20135300,0.0,0.0
2024-11-19 00:00:00-05:00,172.84418886990383,177.9682189842711,172.68499186898757,177.2220001220703,23434900,0.0,0.0
2024-11-20 00:00:00-05:00,176.44593283355675,176.78421507240827,172.90388308120177,175.09278869628906,18997100,0.0,0.0
2024-11-21 00:00:00-05:00,173.02329149320352,173.2521428982115,162.87471698401734,166.784912109375,59734400,0.0,0.0
2024-11-22 00:00:00-05:00,165.0138834352713,165.62080876483188,163.07370209558795,163.9293670654297,38604600,0.0,0.0
2024-11-25 00:00:00-05:00,165.25266140749017,167.77986461840595,164.77508555590978,166.80479431152344,33135300,0.0,0.0
2024-11-26 00:00:00-05:00,166.7849164091866,168.96387819100605,166.73516544238646,168.26739501953125,20486700,0.0,0.0
2024-11-27 00:00:00-05:00,168.14797960120848,168.62555541069312,167.17292456213445,168.37681579589844,19266500,0.0,0.0
2024-11-29 00:00:00-05:00,167.6504925757568,168.57579661247235,166.31725194610055,168.0982208251953,14257200,0.0,0.0
2024-12-02 00:00:00-05:00,167.91915410888186,171.21246438956555,167.72016544073577,170.6254425048828,23789100,0.0,0.0
2024-12-03 00:00:00-05:00,170.62543391026162,171.8094217397436,169.98866109515185,170.47618103027344,22248700,0.0,0.0
2024-12-04 00:00:00-05:00,170.2871382330325,174.02819184419297,170.19759561324068,173.49090576171875,31615100,0.0,0.0
2024-12-05 00:00:00-05:00,174.47591094774677,175.17237881259683,171.46118811843368,171.76962280273438,21356200,0.0,0.0
2024-12-06 00:00:00-05:00,171.1627116663367,174.1973381653999,170.99357054105934,173.82920837402344,21462400,0.0,0.0
2024-12-09 00:00:00-05:00,173.28136421093646,175.5723794273802,172.97256079724536,174.68585205078125,25389600,0.2,0.0
2024-12-10 00:00:00-05:00,182.13666015198473,185.63296124734805,180.34367938541618,184.44760131835938,54813000,0.0,0.0
2024-12-11 00:00:00-05:00,184.5870622814724,194.8468827437387,184.12886535477608,194.6376953125,67894100,0.0,0.0
2024-12-12 00:00:00-05:00,194.2392695844635,194.4185600761266,190.96211115966233,191.2111358642578,34817500,0.0,0.0
2024-12-13 00:00:00-05:00,190.26484320082633,191.97813450480885,188.90019258748762,189.07949829101562,25143500,0.0,0.0
2024-12-16 00:00:00-05:00,192.11758378595036,198.22367470987274,191.86855906897816,195.89280700683594,44934900,0.0,0.0
2024-12-17 00:00:00-05:00,196.48048589662955,200.6342160179093,194.21933739249496,194.65762329101562,43504000,0.0,0.0
2024-12-18 00:00:00-05:00,194.45842549322595,196.231480292107,187.00761009122783,187.66502380371094,34166100,0.0,0.0
2024-12-19 00:00:00-05:00,190.88242054359256,192.27695280314458,187.64509939888953,187.7745819091797,32265200,0.0,0.0
2024-12-20 00:00:00-05:00,185.0552429190991,192.13750634222802,184.49742999563804,190.6632843017578,63462900,0.0,0.0
2024-12-23 00:00:00-05:00,191.86854398568468,194.3388799273183,189.40817875947414,193.87071228027344,25675000,0.0,0.0
2024-12-24 00:00:00-05:00,194.0799055884088,195.34495544433594,193.02404318868335,195.34495544433594,10403300,0.0,0.0
2024-12-26 00:00:00-05:00,194.38868793025316,195.98245219810025,193.62170274567876,194.83694458007812,12046600,0.0,0.0
2024-12-27 00:00:00-05:00,194.18946980047588,194.55803671433245,189.9062416607854,192.0080108642578,18891400,0.0,0.0
2024-12-30 00:00:00-05:00,189.0595575397149,191.7988292724579,188.3822024440024,190.4939422607422,14264700,0.0,0.0
2024-12-31 00:00:00-05:00,190.33456284838633,191.21113466683676,187.77458160553064,188.56150817871094,17466900,0.0,0.0
2025-01-02 00:00:00-05:00,189.90623605246924,191.25097555403835,186.76853081449056,188.6909942626953,20370800,0.0,0.0
2025-01-03 00:00:00-05:00,190.6234493509959,192.45628295268008,189.2388724318801,191.04180908203125,18596200,0.0,0.0
2025-01-06 00:00:00-05:00,193.2232494371018,197.44671400594865,193.09376692292446,196.1019744873047,29563600,0.0,0.0
2025-01-07 00:00:00-05:00,196.3410311167276,200.2158547626208,193.84082865087865,194.72735595703125,26487200,0.0,0.0
2025-01-08 00:00:00-05:00,191.818753365396,195.52422692104554,191.62949216136246,193.193359375,24864800,0.0,0.0
2025-01-10 00:00:00-05:00,193.54201039861906,195.75335107074358,189.5675704988791,191.2908172607422,26665200,0.0,0.0
2025-01-13 00:00:00-05:00,189.32849622892863,190.4341512473398,186.62906193558655,190.2648162841797,21823700,0.0,0.0
2025-01-14 00:00:00-05:00,190.4939429327445,191.23104632862814,187.57536549994643,188.92010498046875,17174900,0.0,0.0
2025-01-15 00:00:00-05:00,192.336729949174,195.5939775570945,191.11153257710336,194.78713989257812,21776000,0.0,0.0
2025-01-16 00:00:00-05:00,193.38262220625612,194.71739096273467,192.05780896613516,192.1574249267578,17815400,0.0,0.0
2025-01-17 00:00:00-05:00,195.76329797481387,196.46056410218043,192.9941444980855,195.23536682128906,27735100,0.0,0.0
2025-01-21 00:00:00-05:00,198.29339931939404,201.50082353528188,197.0980685764286,197.27737426757812,29971300,0.0,0.0
2025-01-22 00:00:00-05:00,198.28344103159932,199.6978996202174,196.7594109579838,197.59613037109375,26200600,0.0,0.0
2025-01-23 00:00:00-05:00,197.3670210617764,199.5185981768782,194.43848807720923,197.2076416015625,26951400,0.0,0.0
2025-01-24 00:00:00-05:00,197.32718592161126,200.11625050908367,197.22756995808922,199.428955078125,23877500,0.0,0.0
2025-01-27 00:00:00-05:00,191.65937189687645,196.11193470563097,189.98591802549169,191.06170654296875,41728900,0.0,0.0
2025-01-28 00:00:00-05:00,191.99804618358004,194.71739168696277,189.93611434526252,194.53810119628906,24157900,0.0,0.0
2025-01-29 00:00:00-05:00,194.7970833042233,196.0222806001553,192.6753879484473,194.64767456054688,18218300,0.0,0.0
2025-01-30 00:00:00-05:00,197.22756600165175,200.6142959037936,196.89885156773758,200.08636474609375,24354700,0.0,0.0
2025-01-31 00:00:00-05:00,201.21196665384008,204.6783863780237,201.0127499247283,203.22409057617188,32001100,0.0,0.0
2025-02-03 00:00:00-05:00,199.90707487204236,202.9551348332388,199.31938021531738,200.44496154785156,27838300,0.0,0.0
2025-02-04 00:00:00-05:00,202.59654903669593,206.24227455727316,202.01880986682883,205.57489013671875,43856400,0.0,0.0
2025-02-05 00:00:00-05:00,190.32460742693195,191.998046136523,187.29645852491726,190.58358764648438,70373900,0.0,0.0
2025-02-06 00:00:00-05:00,188.76074056252688,191.35060376868358,187.98378464053243,190.85255432128906,29297400,0.0,0.0
2025-02-07 00:00:00-05:00,190.3046897826863,190.43417229867478,182.52516013677956,184.61695861816406,49315000,0.0,0.0
2025-02-10 00:00:00-05:00,186.61914089319663,187.46581586539978,185.1349480135509,185.74256896972656,23105600,0.0,0.0
2025-02-11 00:00:00-05:00,184.3081687207876,186.21072116923287,183.56109458441756,184.5970458984375,21239500,0.0,0.0
2025-02-12 00:00:00-05:00,182.5052293386179,184.38785552440282,181.12065256917043,182.89370727539062,22072600,0.0,0.0
2025-02-13 00:00:00-05:00,183.6009416706382,185.5532868448968,182.42553716023775,185.41383361816406,21402500,0.0,0.0
2025-02-14 00:00:00-05:00,184.33806551853942,185.67283443666003,183.6009620380095,184.5074005126953,20448400,0.0,0.0
2025-02-18 00:00:00-05:00,184.87594800082087,185.23454418579348,181.03100592832718,183.05308532714844,29916700,0.0,0.0
2025-02-19 00:00:00-05:00,183.35192561125757,184.73650242741212,182.8737872119756,184.5472412109375,19549400,0.0,0.0
2025-02-20 00:00:00-05:00,184.07906552714084,184.587070455128,182.00717815142445,183.83999633789062,20441500,0.0,0.0
2025-02-21 00:00:00-05:00,184.42769462228776,184.61695583425816,178.38138255149903,178.95912170410156,35199200,0.0,0.0
2025-02-24 00:00:00-05:00,181.28003655625,182.40561792977684,178.19212401815724,178.55072021484375,29854200,0.0,0.0
2025-02-25 00:00:00-05:00,177.3454308360551,178.04271218366185,174.0085088406691,174.73565673828125,41913400,0.0,0.0
2025-02-26 00:00:00-05:00,174.38703523452213,175.39308961437996,170.9106447310479,172.05615234375,35431300,0.0,0.0
2025-02-27 00:00:00-05:00,173.31123936714644,173.87900779159736,167.28483845921406,167.8426513671875,39991000,0.0,0.0
2025-02-28 00:00:00-05:00,168.02194319125016,169.94442183496423,166.11940597917265,169.61570739746094,48130600,0.0,0.0
2025-03-03 00:00:00-05:00,171.2592638730811,172.69364861452485,165.28267091657344,166.35845947265625,40770500,0.0,0.0
2025-03-04 00:00:00-05:00,165.5914841182232,172.6139690982364,165.15319817693035,170.2532196044922,45388000,0.0,0.0
2025-03-05 00:00:00-05:00,169.85478454890304,173.10206141211768,168.4004735026306,172.34503173828125,30954900,0.0,0.0
2025-03-06 00:00:00-05:00,169.8647356201999,174.12803748089462,169.83485387065045,171.67764282226562,28302000,0.0,0.0
2025-03-07 00:00:00-05:00,170.5918843353401,174.28741777289434,169.60575619699736,173.18174743652344,27385800,0.0,0.0
2025-03-10 00:00:00-04:00,167.7966101322015,167.99607150995365,163.23920372577845,165.41319274902344,43604000,0.2,0.0
2025-03-11 00:00:00-04:00,164.4558560210946,166.29078517095678,160.9255963482493,163.58824157714844,39587400,0.0,0.0
2025-03-12 00:00:00-04:00,166.12124110886077,167.17831943801426,163.07963775446962,166.6497802734375,28372400,0.0,0.0
2025-03-13 00:00:00-04:00,165.58271795856493,165.67248166266438,161.6635485106855,162.31175231933594,31756200,0.0,0.0
2025-03-14 00:00:00-04:00,162.82035345635094,166.03148669065808,162.00260445854184,165.03424072265625,31995900,0.0,0.0
2025-03-17 00:00:00-04:00,164.57550719551887,165.8420138841619,163.21925201833648,163.83753967285156,31184300,0.0,0.0
2025-03-18 00:00:00-04:00,163.2292289881846,163.797666550582,156.28840488131223,160.22752380371094,42074800,0.0,0.0
2025-03-19 00:00:00-04:00,161.31450558479577,165.41318720526314,160.5566041117451,163.4386444091797,34275600,0.0,0.0
2025-03-20 00:00:00-04:00,161.1250457167365,164.43589456907407,160.51672503978745,162.35165405273438,28138500,0.0,0.0
2025-03-21 00:00:00-04:00,160.7660482116765,163.7877026347692,160.44692216012342,163.53839111328125,36625800,0.0,0.0
2025-03-24 00:00:00-04:00,166.60991043967152,167.85646804378672,164.68521758619846,167.2182159423828,30879100,0.0,0.0
2025-03-25 00:00:00-04:00,168.51462053018605,170.16008551836464,167.85644975168057,170.09027099609375,24174400,0.0,0.0
2025-03-26 00:00:00-04:00,168.53459028680902,169.14291101426645,164.3860428738787,164.60543823242188,28901600,0.0,0.0
2025-03-27 00:00:00-04:00,164.1766304631432,164.96444818748884,161.55386834836875,161.793212890625,24508300,0.0,0.0
2025-03-28 00:00:00-04:00,160.04802279255455,161.37436185470784,153.20691433431318,153.9049835205078,48669300,0.0,0.0
2025-03-31 00:00:00-04:00,152.68834136730996,155.11164193370462,150.24509161947617,154.21412658691406,54603500,0.0,0.0
2025-04-01 00:00:00-04:00,153.19693997672525,157.66461343058796,153.19693997672525,156.637451171875,30672900,0.0,0.0
2025-04-02 00:00:00-04:00,154.72270392156926,157.9737354754909,154.2739462849113,156.6074981689453,25041700,0.0,0.0
2025-04-03 00:00:00-04:00,150.69384170810525,152.35924068042604,149.97582338010557,150.30491638183594,46883400,0.0,0.0
2025-04-04 00:00:00-04:00,147.60238713771614,150.65397293111235,144.9796402891217,145.19903564453125,62259500,0.0,0.0
2025-04-07 00:00:00-04:00,141.1601793715283,152.42906261628312,140.14298415460087,146.34585571289062,76794100,0.0,0.0
2025-04-08 00:00:00-04:00,150.80354683062922,151.82074204837693,142.63609935843277,144.30149841308594,52200200,0.0,0.0
2025-04-09 00:00:00-04:00,144.0222787835972,159.11061702523395,143.51368875470308,158.27293395996094,70406200,0.0,0.0
2025-04-10 00:00:00-04:00,156.10888048544342,157.28563866565491,149.51708388683267,152.39913940429688,48022000,0.0,0.0
2025-04-11 00:00:00-04:00,152.47891611104427,157.2357840662013,152.39914981719627,156.70724487304688,33636200,0.0,0.0
2025-04-14 00:00:00-04:00,159.5593589601424,161.27462328630523,157.12607630131762,158.63192749023438,30333000,0.0,0.0
2025-04-15 00:00:00-04:00,158.6917731015249,159.2103301054895,154.78257030571797,155.87953186035156,27551500,0.0,0.0
2025-04-16 00:00:00-04:00,152.67836778458886,155.46067741277207,151.09273508921532,152.90773010253906,28187400,0.0,0.0
2025-04-17 00:00:00-04:00,153.86506752718316,154.2539928304109,148.0910202997611,150.7436981201172,33046600,0.0,0.0
2025-04-21 00:00:00-04:00,148.46999532680982,148.53979463690146,145.6976525525358,147.26332092285156,26049100,0.0,0.0
2025-04-22 00:00:00-04:00,148.47995987784566,151.77087479980403,148.13091768280205,151.0528564453125,26971800,0.0,0.0
2025-04-23 00:00:00-04:00,155.1814586711159,157.09616926384234,153.38641273519517,154.92218017578125,31128800,0.0,0.0
2025-04-24 00:00:00-04:00,155.719954312099,159.15048293168,155.36094514919478,158.84133911132812,45894000,0.0,0.0
2025-04-25 00:00:00-04:00,164.61541287682232,165.6425750916004,160.59649729347288,161.51397705078125,56034000,0.0,0.0
2025-04-28 00:00:00-04:00,161.98265861948803,162.70067694860023,158.16321987401656,160.1676788330078,29745800,0.0,0.0
2025-04-29 00:00:00-04:00,159.87849612757626,160.29733764803302,157.086204107764,159.71893310546875,26809000,0.0,0.0
2025-04-30 00:00:00-04:00,157.5449218586139,158.83137774482094,154.9720253029664,158.3626708984375,34981100,0.0,0.0
2025-05-01 00:00:00-04:00,160.00812396444732,161.5039930234171,158.47237175928248,160.8557891845703,30203200,0.0,0.0
2025-05-02 00:00:00-04:00,162.95997467027814,164.51567601619934,161.42420728854916,163.57826232910156,25715000,0.0,0.0
2025-05-05 00:00:00-04:00,162.55110755610633,164.93452502755278,162.2718798770323,163.75778198242188,21341800,0.0,0.0
2025-05-06 00:00:00-04:00,161.72337824217448,164.3461400306944,160.74608144554134,162.78045654296875,21277200,0.0,0.0
2025-05-07 00:00:00-04:00,163.62814193511582,164.545606521222,147.43285979099062,150.96311950683594,127490100,0.0,0.0
2025-05-08 00:00:00-04:00,154.57313616382487,155.5005676767597,152.4789133936082,153.85511779785156,57498700,0.0,0.0
2025-05-09 00:00:00-04:00,153.74540257435322,154.62298385853498,151.78082688293327,152.32931518554688,32435300,0.0,0.0
2025-05-12 00:00:00-04:00,157.0562906900787,158.66185748829406,155.81970007226886,158.02362060546875,44138800,0.0,0.0
2025-05-13 00:00:00-04:00,158.35270013902556,160.12781218093087,155.72995326636035,159.09066772460938,42382100,0.0,0.0
2025-05-14 00:00:00-04:00,159.51949150800576,166.5400972975048,159.170449289238,164.91458129882812,48755900,0.0,0.0
2025-05-15 00:00:00-04:00,165.3832808496498,165.75227223459135,161.92283584781248,163.5084686279297,33146700,0.0,0.0
2025-05-16 00:00:00-04:00,167.26806720706887,168.88361607338598,165.16387753981013,165.73231506347656,42846900,0.0,0.0
2025-05-19 00:00:00-04:00,164.05692133905376,166.18106002472402,163.7677267167175,166.08132934570312,30426100,0.0,0.0
2025-05-20 00:00:00-04:00,165.9716462897934,168.03595283640126,162.45136908866291,163.5283966064453,46607700,0.0,0.0
2025-05-21 00:00:00-04:00,163.2392111991083,172.66318349220677,163.1095643409873,168.09579467773438,73416000,0.0,0.0
2025-05-22 00:00:00-04:00,171.3767414156938,176.28319020253375,170.23988151650855,170.39942932128906,74864400,0.0,0.0
2025-05-23 00:00:00-04:00,168.5944139952117,169.49194456610303,167.42763794814334,168.00604248046875,35211400,0.0,0.0
2025-05-27 00:00:00-04:00,169.69138381086714,172.69308880696215,169.53182079809207,172.423828125,37995700,0.0,0.0
2025-05-28 00:00:00-04:00,172.6831300854681,174.7873198647011,171.4365725199691,171.8853302001953,34784000,0.0,0.0
2025-05-29 00:00:00-04:00,173.5208248376079,173.9396663818934,170.16011028339477,171.38671875,29317300,0.0,0.0
2025-05-30 00:00:00-04:00,170.87811871209726,171.73575093359455,166.97888295989642,171.2670440673828,52639900,0.0,0.0
2025-06-02 00:00:00-04:00,167.37777366516244,169.40218193277036,166.92901598525125,168.5644989013672,38612300,0.0,0.0
2025-06-03 00:00:00-04:00,167.0287408798973,168.01600469808255,164.82482048675826,165.7223358154297,45084900,0.0,0.0
2025-06-04 00:00:00-04:00,166.28081407126308,167.75673398423967,165.90185569784677,167.5872039794922,26900800,0.0,0.0
2025-06-05 00:00:00-04:00,169.87088888051295,170.45926039928958,167.1284622369502,167.74676513671875,36379100,0.0,0.0
2025-06-06 00:00:00-04:00,170.35956350392388,174.01945508865876,170.35956350392388,173.2017059326172,35731800,0.0,0.0
2025-06-09 00:00:00-04:00,174.27002138780236,176.1970440586742,174.1002861656323,175.817626953125,28935900,0.21,0.0
2025-06-10 00:00:00-04:00,175.92747903926403,180.8298886948226,174.63948090794972,178.3237762451172,61766100,0.0,0.0
2025-06-11 00:00:00-04:00,179.49195401036374,180.09101684926247,176.47662077845203,177.07569885253906,31646800,0.0,0.0
2025-06-12 00:00:00-04:00,175.90749122267417,176.44666452455314,174.47971034788216,175.42823791503906,20941900,0.0,0.0
2025-06-13 00:00:00-04:00,172.17329464872896,176.85604320367563,172.1233689351953,174.39984130859375,27663100,0.0,0.0
2025-06-16 00:00:00-04:00,174.45974398959817,176.66633252587772,174.37986589593493,176.49659729003906,27389200,0.0,0.0
2025-06-17 00:00:00-04:00,175.4282431183839,177.08567926563504,174.30998028900405,175.6778564453125,24973000,0.0,0.0
2025-06-18 00:00:00-04:00,175.73776761612697,176.28692000243774,172.93211615674434,173.05194091796875,28707500,0.0,0.0
2025-06-20 00:00:00-04:00,173.68095462694552,174.07035081830173,165.20409556084024,166.38226318359375,75659900,0.0,0.0
2025-06-23 00:00:00-04:00,166.0128253516346,167.08116240174218,161.7494257286143,164.9344940185547,57671000,0.0,0.0
2025-06-24 00:00:00-04:00,166.66183161080377,167.95982401484335,165.87306016657053,166.51206970214844,40524300,0.0,0.0
2025-06-25 00:00:00-04:00,167.3707300173257,172.0934098171055,167.29085192583665,170.41600036621094,35479000,0.0,0.0
2025-06-26 00:00:00-04:00,172.16330733603075,173.4213683331891,169.6771681943881,173.27159118652344,31796700,0.0,0.0
2025-06-27 00:00:00-04:00,173.27158802075178,178.40363764116194,171.46438989107267,178.25387573242188,108140200,0.0,0.0
2025-06-30 00:00:00-04:00,180.5003780733202,180.94967899066734,174.30997094439113,175.95741271972656,63378900,0.0,0.0
2025-07-01 00:00:00-04:00,175.46818749328466,175.81763700531283,173.26159900853952,175.56802368164062,35904500,0.0,0.0
2025-07-02 00:00:00-04:00,175.26848197683447,178.58335417760583,174.79922295185074,178.3636932373047,29128900,0.0,0.0
2025-07-03 00:00:00-04:00,178.22391365801445,179.39210218822254,176.7761594232363,179.2523193359375,21689700,0.0,0.0
2025-07-07 00:00:00-04:00,178.78304908898676,179.0226833705182,175.40827199123135,176.5165557861328,34175600,0.0,0.0
2025-07-08 00:00:00-04:00,177.5749242496101,177.67476043779465,172.54271112131266,174.09031677246094,40442500,0.0,0.0
2025-07-09 00:00:00-04:00,174.97894087050608,179.1624626362242,172.50278095171484,176.34681701660156,43025600,0.0,0.0
2025-07-10 00:00:00-04:00,175.35836349959487,178.15402063985096,174.11029683512743,177.34527587890625,29252400,0.0,0.0
2025-07-11 00:00:00-04:00,176.51656530489134,181.14938835134018,176.20704719654847,179.91131591796875,34282900,0.0,0.0
2025-07-14 00:00:00-04:00,180.7300224544814,183.3859118317051,179.40207776586954,181.2791748046875,32536600,0.0,0.0
2025-07-15 00:00:00-04:00,182.5272506181519,183.93507346834292,181.31913062189142,181.718505859375,33448300,0.0,0.0
2025-07-16 00:00:00-04:00,182.95659839065306,184.04490889196538,181.74846312672318,182.68701171875,33104200,0.0,0.0
2025-07-17 00:00:00-04:00,181.85827589550698,183.77530432362263,180.20083982993623,183.29605102539062,31992600,0.0,0.0
2025-07-18 00:00:00-04:00,185.11324367348885,186.1316703490662,183.42587032160213,184.77377319335938,34014500,0.0,0.0
2025-07-21 00:00:00-04:00,185.9619330750015,189.99567783258155,185.86208164773134,189.8059844970703,45803100,0.0,0.0
2025-07-22 00:00:00-04:00,191.20380830960463,191.35357021159422,187.17006365240448,191.04405212402344,44660200,0.0,0.0
2025-07-23 00:00:00-04:00,191.20381577219638,192.23222149983224,188.88739669642578,189.93577575683594,58681900,0.0,0.0
2025-07-24 00:00:00-04:00,196.7252403051011,197.64381545602902,190.70456849752816,191.8727569580078,74881700,0.0,0.0
2025-07-25 00:00:00-04:00,191.68305419336826,194.02942546808288,190.96416662133603,192.88119506835938,39785900,0.0,0.0
2025-07-28 00:00:00-04:00,193.35047209995227,193.7498625541434,190.54482081320737,192.28213500976562,38139500,0.0,0.0
2025-07-29 00:00:00-04:00,192.13236281084488,195.61697034161693,191.78291329403916,195.44723510742188,41389200,0.0,0.0
2025-07-30 00:00:00-04:00,195.2974741739121,197.2943808004953,194.3888780023715,196.2260284423828,32445400,0.0,0.0
2025-07-31 00:00:00-04:00,195.40729975764043,195.68686545955075,190.79443520574372,191.60317993164062,51329200,0.0,0.0
2025-08-01 00:00:00-04:00,188.73762721302066,190.53484621084553,187.52950724447476,188.8374786376953,34832200,0.0,0.0
2025-08-04 00:00:00-04:00,189.9956738002762,194.96798225717674,189.82593856567027,194.7383270263672,31547400,0.0,0.0
2025-08-05 00:00:00-04:00,194.40884314692985,197.55396485726567,193.5901041516216,194.368896484375,31602300,0.0,0.0
2025-08-06 00:00:00-04:00,194.1991754853375,196.3258859841649,193.3704573812648,195.78671264648438,21562900,0.0,0.0
2025-08-07 00:00:00-04:00,196.75520727948205,197.23446060352177,194.0294340028213,196.21604919433594,26321800,0.0,0.0
2025-08-08 00:00:00-04:00,196.9149587094283,202.29662132319493,196.86503299798275,201.10845947265625,39161800,0.0,0.0
2025-08-11 00:00:00-04:00,200.62921267003748,201.16837075965444,198.76210983585918,200.68911743164062,25832400,0.0,0.0
2025-08-12 00:00:00-04:00,201.0585431482033,204.18370696130674,200.27975076589462,203.02549743652344,30397900,0.0,0.0
2025-08-13 00:00:00-04:00,203.81427054832747,204.21364576160173,197.2044995517677,201.6476287841797,28342900,0.0,0.0
2025-08-14 00:00:00-04:00,201.18833871082708,204.12379383237695,200.91875205563483,202.62611389160156,25230400,0.0,0.0
2025-08-15 00:00:00-04:00,203.534714766441,206.12070520105007,200.96868242883633,203.58462524414062,34931400,0.0,0.0
2025-08-18 00:00:00-04:00,203.88415594549542,204.9525082638803,202.17680937496152,203.18524169921875,18526600,0.0,0.0
2025-08-19 00:00:00-04:00,202.7159730378366,203.1253425488118,199.65072931767816,201.25823974609375,24240200,0.0,0.0
2025-08-20 00:00:00-04:00,200.41952632200108,200.9686786831588,196.29592455953664,199.01171875,28955500,0.0,0.0
2025-08-21 00:00:00-04:00,199.44105529785156,202.1668286588479,199.12154291514705,199.44105529785156,19774600,0.0,0.0
2025-08-22 00:00:00-04:00,202.41643648326647,208.21744781149425,200.98865555430208,205.771240234375,42827000,0.0,0.0
2025-08-25 00:00:00-04:00,206.11069972619865,210.19438514977915,204.9624845680577,208.1675262451172,29928900,0.0,0.0
2025-08-26 00:00:00-04:00,207.18903343187435,207.52851912382437,205.3818354433132,206.81961059570312,28464100,0.0,0.0
2025-08-27 00:00:00-04:00,205.38184246485358,208.58688428789492,205.3319167524022,207.15908813476562,23022900,0.0,0.0
2025-08-28 00:00:00-04:00,206.92944327697995,211.8917573213033,206.57997853322107,211.31265258789062,32339300,0.0,0.0
2025-08-29 00:00:00-04:00,210.1844065843309,214.31800279201352,209.87488848734807,212.58070373535156,39728400,0.0,0.0
2025-09-02 00:00:00-04:00,208.11761422314743,211.3525932568575,205.88107328271496,211.0231170654297,47523000,0.0,0.0
2025-09-03 00:00:00-04:00,225.86013881710127,230.95224175670688,224.4423216543269,230.30325317382812,103336100,0.0,0.0
2025-09-04 00:00:00-04:00,229.2947939629136,232.01058815431742,225.76027598883607,231.94070434570312,51684200,0.0,0.0
2025-09-05 00:00:00-04:00,231.84086323662245,235.39535470067108,231.5413241866342,234.63653564453125,46588900,0.0,0.0
2025-09-08 00:00:00-04:00,235.31608185012894,237.97434675109136,233.5172554040335,233.8870086669922,32474700,0.21,0.0
2025-09-09 00:00:00-04:00,234.0169206603603,240.3128053844981,233.07753270088136,239.47335815429688,38061000,0.0,0.0
2025-09-10 00:00:00-04:00,238.74382884116824,241.50203443312756,237.6945274082077,239.01365661621094,35141100,0.0,0.0
2025-09-11 00:00:00-04:00,239.7232054178332,242.09165136894262,236.09557331646107,240.21287536621094,30599300,0.0,0.0
2025-09-12 00:00:00-04:00,240.21286654309478,241.92175543476245,237.84442067897936,240.64259338378906,26771600,0.0,0.0
2025-09-15 00:00:00-04:00,244.5000723057695,252.24500622225327,244.5000723057695,251.44552612304688,58383800,0.0,0.0
2025-09-16 00:00:00-04:00,251.91521585326547,252.87457975705254,249.30692141357196,250.99581909179688,34109700,0.0,0.0
2025-09-17 00:00:00-04:00,251.0557800198683,251.43553649547647,246.11900683222018,249.36688232421875,34108000,0.0,0.0
2025-09-18 00:00:00-04:00,251.51547232528497,253.82397511354577,249.6367116291099,251.86524963378906,31239500,0.0,0.0
2025-09-19 00:00:00-04:00,253.08445699569828,255.83265939150547,251.64539584681071,254.55349731445312,55571400,0.0,0.0
2025-09-22 00:00:00-04:00,254.2636811395151,255.6128047936517,250.13639113793755,252.36492919921875,32290500,0.0,0.0
2025-09-23 00:00:00-04:00,252.8745862102155,254.1937306726042,250.31626206974443,251.49549865722656,26628000,0.0,0.0
2025-09-24 00:00:00-04:00,251.49550432970327,252.18505574615793,246.2789151995329,246.97845458984375,28201000,0.0,0.0
2025-09-25 00:00:00-04:00,244.24022750230412,246.32887284028934,240.58263166512353,245.6293182373047,31020400,0.0,0.0
2025-09-26 00:00:00-04:00,246.90849752367055,249.25695217808112,245.80921049475367,246.3788299560547,18503200,0.0,0.0
2025-09-29 00:00:00-04:00,247.6879914773483,250.98582213384148,242.61131034259105,243.89047241210938,32505800,0.0,0.0
2025-09-30 00:00:00-04:00,242.65128209661555,243.13096406959585,239.09361157011617,242.94110107421875,34724300,0.0,0.0
2025-10-01 00:00:00-04:00,240.59263270567308,246.13900797357311,238.45403213601972,244.7399139404297,31658200,0.0,0.0
2025-10-02 00:00:00-04:00,244.98974812584623,246.64866670301694,242.14162021805868,245.52940368652344,25483300,0.0,0.0
2025-10-03 00:00:00-04:00,244.33018254314118,246.138996907564,241.5020306823554,245.1896209716797,30249600,0.0,0.0
2025-10-06 00:00:00-04:00,244.61999567020933,251.1557292673991,244.42012945214807,250.26629638671875,28894700,0.0,0.0
2025-10-07 00:00:00-04:00,248.10771903747053,250.27629875611288,245.35951661425605,245.59934997558594,23181300,0.0,0.0
2025-10-08 00:00:00-04:00,244.79988761332393,245.84918907751907,243.66063338889384,244.46009826660156,21307100,0.0,0.0
2025-10-09 00:00:00-04:00,244.3101967172578,244.60000044134677,238.99366696134817,241.3721160888672,27892100,0.0,0.0
2025-10-10 00:00:00-04:00,241.27216783484693,243.93043262992407,235.6858257251368,236.4153594970703,33180300,0.0,0.0
2025-10-13 00:00:00-04:00,240.05299046060216,244.34017953936018,239.55331729181,243.9904022216797,24995000,0.0,0.0
2025-10-14 00:00:00-04:00,241.07230809804528,246.95845730298234,240.35277752895155,245.28955078125,22111600,0.0,0.0
2025-10-15 00:00:00-04:00,247.0883778879278,251.94520161834686,245.82920701293574,250.86590576171875,27007700,0.0,0.0
2025-10-16 00:00:00-04:00,251.60541868813706,256.79201310331337,249.93651222042618,251.29562377929688,27997200,0.0,0.0
2025-10-17 00:00:00-04:00,250.59608169913423,254.05382673080507,247.64801305801078,253.13442993164062,29671600,0.0,0.0
2025-10-20 00:00:00-04:00,254.52352413042843,257.1617826336821,254.06381810029453,256.3822937011719,22350200,0.0,0.0
2025-10-21 00:00:00-04:00,254.5734808325197,254.71338870395212,243.99039197294186,250.29627990722656,47312100,0.0,0.0
2025-10-22 00:00:00-04:00,254.20372304336274,256.19241249616164,249.12704181794433,251.52548217773438,35029400,0.0,0.0
2025-10-23 00:00:00-04:00,252.81462530948346,254.8732762688867,251.68537434804077,252.91456604003906,19901400,0.0,0.0
2025-10-24 00:00:00-04:00,256.412278354529,261.5089509442133,255.1531226659378,259.7501220703125,28655100,0.0,0.0
2025-10-27 00:00:00-04:00,264.6468909460984,269.9634205104271,264.10723541197956,269.0939636230469,35235200,0.0,0.0
2025-10-28 00:00:00-04:00,269.5137161039883,270.5530448339537,266.3257988486908,267.295166015625,29738600,0.0,0.0
2025-10-29 00:00:00-04:00,267.57498405043395,275.1600191542769,267.49504976173847,274.3905334472656,43580300,0.0,0.0
2025-10-30 00:00:00-04:00,291.3993974290424,291.3993974290424,279.87693527724974,281.2960205078125,74876000,0.0,0.0
2025-10-31 00:00:00-04:00,283.02486366213384,285.81304844327684,276.8489107040144,281.0061950683594,39267900,0.0,0.0
2025-11-03 00:00:00-05:00,281.9955439895644,285.3433603410046,279.61709481156873,283.5345458984375,29786000,0.0,0.0
2025-11-04 00:00:00-05:00,276.56908942406625,281.0861237356038,276.07941949471564,277.35858154296875,30078400,0.0,0.0
2025-11-05 00:00:00-05:00,278.6876991693174,286.23278206992967,277.15870054271744,284.1241455078125,31010300,0.0,0.0
2025-11-06 00:00:00-05:00,285.14348075532007,288.1615262521665,280.9562476047489,284.5638732910156,37173600,0.0,0.0
2025-11-07 00:00:00-05:00,283.0248465894465,283.59448127875606,275.0101005397699,278.647705078125,34479600,0.0,0.0
2025-11-10 00:00:00-05:00,284.23409016650885,290.6098939896417,282.6750818691635,289.9103698730469,29557300,0.0,0.0
2025-11-11 00:00:00-05:00,287.56189748708465,291.72918497214437,287.1321858980205,291.11956787109375,19842100,0.0,0.0
2025-11-12 00:00:00-05:00,291.4893355792204,291.8191369528623,283.504568014819,286.5225830078125,24829900,0.0,0.0
2025-11-13 00:00:00-05:00,282.15543354563385,282.65510670070455,277.0587612643864,278.3879089355469,29494000,0.0,0.0
2025-11-14 00:00:00-05:00,271.23257767900105,278.3778974858086,270.52305035910666,276.22930908203125,31647200,0.0,0.0
2025-11-17 00:00:00-05:00,285.59319216713175,293.7578650793077,283.38464532335746,284.83367919921875,52670200,0.0,0.0
2025-11-18 00:00:00-05:00,287.7318125744744,288.61121173854644,278.0181648979437,284.09417724609375,49158700,0.0,0.0
2025-11-19 00:00:00-05:00,286.9722907427786,303.6114007455407,286.44263841708545,292.61859130859375,68198900,0.0,0.0
2025-11-20 00:00:00-05:00,304.3409354639468,306.2197114167213,288.48131431646567,289.26080322265625,62025200,0.0,0.0
2025-11-21 00:00:00-05:00,296.2262391249899,303.7213362601199,293.6579118539212,299.464111328125,74137700,0.0,0.0
2025-11-24 00:00:00-05:00,310.9266228942269,319.27117069793417,309.39762425695875,318.3717346191406,85165100,0.0,0.0
2025-11-25 00:00:00-05:00,325.9967549915166,328.6150374741804,317.4423529194355,323.22857666015625,88632100,0.0,0.0
2025-11-26 00:00:00-05:00,320.4703785574214,324.287888914303,316.58293713459693,319.7408752441406,51373400,0.0,0.0
2025-11-28 00:00:00-05:00,323.15862038246837,326.6363566172421,316.5829348985448,319.970703125,26018600,0.0,0.0
2025-12-01 00:00:00-05:00,317.49233426982363,319.6409227326276,313.684827275924,314.6841735839844,41183000,0.0,0.0
2025-12-02 00:00:00-05:00,316.5329308632399,318.17187340075924,313.7047943107319,315.6035461425781,35854700,0.0,0.0
2025-12-03 00:00:00-05:00,315.68353592029735,321.369788644051,313.89469739870816,319.42108154296875,41838300,0.0,0.0
2025-12-04 00:00:00-05:00,322.0193865832628,322.14927599125497,314.4943097586067,317.4123840332031,31240900,0.0,0.0
2025-12-05 00:00:00-05:00,319.28113189003057,322.9487461411032,318.961364259978,321.0599670410156,28851700,0.0,0.0
2025-12-08 00:00:00-05:00,320.04998779296875,320.44000244140625,311.2200012207031,313.7200012207031,33909400,0.21,0.0
2025-12-09 00:00:00-05:00,312.3699951171875,317.989990234375,311.8999938964844,317.0799865722656,30194000,0.0,0.0
2025-12-10 00:00:00-05:00,315.8299865722656,321.30999755859375,314.67999267578125,320.2099914550781,33428900,0.0,0.0
2025-12-11 00:00:00-05:00,320.0799865722656,321.1199951171875,308.6000061035156,312.42999267578125,42353700,0.0,0.0
2025-12-12 00:00:00-05:00,313.70001220703125,314.8699951171875,305.55999755859375,309.2900085449219,35940200,0.0,0.0
2025-12-15 00:00:00-05:00,311.32000732421875,311.4200134277344,304.8800048828125,308.2200012207031,29151900,0.0,0.0
2025-12-16 00:00:00-05:00,304.95001220703125,310.7699890136719,302.5899963378906,306.57000732421875,30585000,0.0,0.0
2025-12-17 00:00:00-05:00,308.010009765625,308.0899963378906,296.1199951171875,296.7200012207031,43930400,0.0,0.0
2025-12-18 00:00:00-05:00,301.7200012207031,303.9599914550781,299.2300109863281,302.4599914550781,33518000,0.0,0.0
2025-12-19 00:00:00-05:00,301.7300109863281,307.25,300.9700012207031,307.1600036621094,59943200,0.0,0.0
2025-12-22 00:00:00-05:00,309.8800048828125,310.1300048828125,305.29998779296875,309.7799987792969,26429900,0.0,0.0
2025-12-23 00:00:00-05:00,309.6300048828125,314.94000244140625,309.32000732421875,314.3500061035156,25478700,0.0,0.0
2025-12-24 00:00:00-05:00,314.7699890136719,315.0799865722656,311.9200134277344,314.0899963378906,10097400,0.0,0.0
2025-12-26 00:00:00-05:00,314.4800109863281,315.0899963378906,312.2799987792969,313.510009765625,10899000,0.0,0.0
2025-12-29 00:00:00-05:00,311.3699951171875,314.0199890136719,310.6199951171875,313.55999755859375,19621800,0.0,0.0
2025-12-30 00:00:00-05:00,312.5,316.95001220703125,312.4599914550781,313.8500061035156,17380900,0.0,0.0
2025-12-31 00:00:00-05:00,312.8500061035156,314.5799865722656,311.44000244140625,313.0,16377700,0.0,0.0
2026-01-02 00:00:00-05:00,316.8999938964844,322.5,310.3299865722656,315.1499938964844,32009400,0.0,0.0
2026-01-05 00:00:00-05:00,317.6600036621094,319.0199890136719,314.6300048828125,316.5400085449219,30195600,0.0,0.0
2026-01-06 00:00:00-05:00,316.3999938964844,320.94000244140625,311.7799987792969,314.3399963378906,31212100,0.0,0.0
2026-01-07 00:00:00-05:00,314.3599853515625,326.1499938964844,314.19000244140625,321.9800109863281,35104400,0.0,0.0
2026-01-08 00:00:00-05:00,328.9700012207031,330.32000732421875,321.5,325.44000244140625,31896100,0.0,0.0
2026-01-09 00:00:00-05:00,327.0899963378906,330.8299865722656,325.79998779296875,328.57000732421875,26214200,0.0,0.0
2026-01-12 00:00:00-05:00,325.79998779296875,334.0400085449219,325.0,331.8599853515625,33923900,0.0,0.0
2026-01-13 00:00:00-05:00,334.95001220703125,340.489990234375,333.6199951171875,335.9700012207031,33517600,0.0,0.0
2026-01-14 00:00:00-05:00,335.05999755859375,336.5199890136719,330.4800109863281,335.8399963378906,28525600,0.0,0.0
2026-01-15 00:00:00-05:00,337.6499938964844,337.69000244140625,330.739990234375,332.7799987792969,28442400,0.0,0.0
2026-01-16 00:00:00-05:00,334.4100036621094,334.6499938964844,327.70001220703125,330.0,40341600,0.0,0.0
2026-01-20 00:00:00-05:00,320.8699951171875,327.7300109863281,320.42999267578125,322.0,35361000,0.0,0.0
2026-01-21 00:00:00-05:00,320.9200134277344,332.4800109863281,319.3500061035156,328.3800048828125,35386600,0.0,0.0
2026-01-22 00:00:00-05:00,334.45001220703125,335.1499938964844,328.75,330.5400085449219,26253600,0.0,0.0
2026-01-23 00:00:00-05:00,332.489990234375,333.69000244140625,327.45001220703125,327.92999267578125,27280000,0.0,0.0
2026-01-26 00:00:00-05:00,327.80999755859375,335.8399963378906,327.0,333.260009765625,26042100,0.0,0.0
2026-01-27 00:00:00-05:00,335.3699951171875,337.9100036621094,333.4800109863281,334.54998779296875,21636200,0.0,0.0
2026-01-28 00:00:00-05:00,336.05999755859375,337.5400085449219,331.94000244140625,336.010009765625,27434400,0.0,0.0
2026-01-29 00:00:00-05:00,340.29998779296875,342.2900085449219,326.5400085449219,338.25,39785600,0.0,0.0
2026-01-30 00:00:00-05:00,340.0,340.0,332.2900085449219,338.0,31024000,0.0,0.0
2026-02-02 00:00:00-05:00,336.2200012207031,344.8299865722656,335.6300048828125,343.69000244140625,32006100,0.0,0.0
2026-02-03 00:00:00-05:00,347.3399963378906,349.0,337.4700012207031,339.7099914550781,36506700,0.0,0.0
2026-02-04 00:00:00-05:00,342.9599914550781,343.30999755859375,328.5199890136719,333.0400085449219,70618400,0.0,0.0
2026-02-05 00:00:00-05:00,312.2200012207031,332.69000244140625,306.4599914550781,331.25,88205800,0.0,0.0
2026-02-06 00:00:00-05:00,327.17999267578125,330.3800048828125,319.9200134277344,322.8599853515625,56380500,0.0,0.0
2026-02-09 00:00:00-05:00,320.92999267578125,327.70001220703125,317.260009765625,324.32000732421875,39640100,0.0,0.0
2026-02-10 00:00:00-05:00,320.9700012207031,321.6700134277344,314.6099853515625,318.5799865722656,39170000,0.0,0.0
2026-02-11 00:00:00-05:00,318.9700012207031,321.05999755859375,309.6600036621094,310.9599914550781,45406400,0.0,0.0
2026-02-12 00:00:00-05:00,312.0899963378906,316.239990234375,307.20001220703125,309.0,47761300,0.0,0.0
2026-02-13 00:00:00-05:00,307.7300109863281,308.6300048828125,303.7099914550781,305.7200012207031,38499700,0.0,0.0
2026-02-17 00:00:00-05:00,300.0400085449219,304.44000244140625,296.25,302.0199890136719,39247600,0.0,0.0
2026-02-18 00:00:00-05:00,302.1400146484375,305.3699951171875,301.25,303.3299865722656,28232579,0.0,0.0
