Date,Open,High,Low,Close,Volume,Dividends,Stock Splits
2016-02-19 00:00:00-05:00,43.96901389745286,44.48134709400286,43.647850326543974,44.21371078491211,15658200,0.0,0.0
2016-02-22 00:00:00-05:00,44.741322997435674,45.02425604938677,44.67250183844973,44.78720474243164,14882800,0.0,0.0
2016-02-23 00:00:00-05:00,44.27488312496725,44.42017097936713,42.79140507502243,42.913753509521484,31772500,0.0,0.0
2016-02-24 00:00:00-05:00,42.2102537069841,42.98257770709838,41.544984229953286,42.92905044555664,25560100,0.0,0.0
2016-02-25 00:00:00-05:00,42.921399679207305,43.60960849333367,42.85257850609301,43.59431457519531,14473300,0.0,0.0
2016-02-26 00:00:00-05:00,44.07606613627287,44.435465947293,43.69372690481038,43.99959945678711,20947500,0.0,0.0
2016-02-29 00:00:00-05:00,43.90018505807754,44.053121315317306,43.04374610135793,43.0513916015625,19554100,0.0,0.0
2016-03-01 00:00:00-05:00,43.40314565613639,45.26896286010742,43.334324481940456,45.26896286010742,23958100,0.0,0.0
2016-03-02 00:00:00-05:00,45.26895231082086,45.80422766127122,45.08542825006051,45.69717025756836,20943100,0.0,0.0
2016-03-03 00:00:00-05:00,45.559541034402386,45.85011672973633,45.19249283089817,45.85011672973633,15790600,0.0,0.0
2016-03-04 00:00:00-05:00,45.957163384243685,46.30126919307075,45.52129699873478,45.91893005371094,18459000,0.0,0.0
2016-03-07 00:00:00-05:00,45.528942621793945,45.918927236527814,45.36071247735158,45.83481216430664,12832400,0.0,0.0
2016-03-08 00:00:00-05:00,45.27660781656855,45.49836525486955,44.87132919396209,44.94779586791992,14132900,0.0,0.0
2016-03-09 00:00:00-05:00,45.230717445917534,45.52894148213419,44.87131775252009,45.2077751159668,13238800,0.0,0.0
2016-03-10 00:00:00-05:00,45.567186926849196,45.62835968328151,44.206060279792766,44.81780242919922,21139200,0.0,0.0
2016-03-11 00:00:00-05:00,45.41425186257942,45.50601245816557,44.84839145327863,45.37601852416992,21055000,0.0,0.0
2016-03-14 00:00:00-04:00,45.230717445917534,45.35306584326324,44.810142095339295,45.2077751159668,13436100,0.0,0.0
2016-03-15 00:00:00-04:00,44.764275221676186,45.27660836078845,44.68016012910154,45.26896286010742,10910500,0.0,0.0
2016-03-16 00:00:00-04:00,45.100729469160015,45.689532158313305,44.710744787781316,45.054847717285156,17423900,0.0,0.0
2016-03-17 00:00:00-04:00,44.94015582801224,45.21544055493692,44.343707531020094,44.924861907958984,19405700,0.0,0.0
2016-03-18 00:00:00-04:00,45.91892980776913,46.62243533727161,45.62070574738834,46.24774169921875,29570200,0.0,0.0
2016-03-21 00:00:00-04:00,46.04893122190224,46.50773706560836,45.850113217150884,46.232452392578125,12684400,0.0,0.0
2016-03-22 00:00:00-04:00,45.87305845803408,46.324218830307046,45.590125350037795,46.06422805786133,12042700,0.0,0.0
2016-03-23 00:00:00-04:00,46.14068462383529,46.2706785230746,45.77363942261048,45.83481216430664,11658700,0.0,0.0
2016-03-24 00:00:00-04:00,45.34542802971243,45.50600979183342,45.01661608802666,45.483070373535156,12921200,0.0,0.0
2016-03-28 00:00:00-04:00,45.52130397940941,45.68953415997093,45.25366770762208,45.421897888183594,11159700,0.0,0.0
2016-03-29 00:00:00-04:00,45.368363795123024,45.368363795123024,44.75661883693629,45.13895797729492,15933400,0.0,0.0
2016-03-30 00:00:00-04:00,45.46778118790427,46.05658396064645,45.40660842706991,45.65895080566406,13307100,0.0,0.0
2016-03-31 00:00:00-04:00,45.46012400515439,45.82716922689447,45.20013327512815,45.28424835205078,14904700,0.0,0.0
2016-04-01 00:00:00-04:00,45.13130901041158,45.926575061338916,44.77955772839154,45.78128433227539,15417500,0.0,0.0
2016-04-04 00:00:00-04:00,45.7889982600288,45.889143260352796,45.41923549569391,45.60411834716797,12305000,0.44,0.0
2016-04-05 00:00:00-04:00,45.13421288130183,45.31909574219241,44.84148290931398,44.957035064697266,12886600,0.0,0.0
2016-04-06 00:00:00-04:00,44.81837311658133,45.357611604218825,44.64119530210006,45.303688049316406,12167900,0.0,0.0
2016-04-07 00:00:00-04:00,44.87999062107665,45.01094990105012,43.96328741571364,44.1558723449707,19226800,0.0,0.0
2016-04-08 00:00:00-04:00,44.456315142275685,45.126512974372034,44.44090799156632,44.479427337646484,13547700,0.0,0.0
2016-04-11 00:00:00-04:00,44.61037912693699,45.35760969718697,44.61037912693699,44.833778381347656,17627800,0.0,0.0
2016-04-12 00:00:00-04:00,44.94161888127369,45.75047499053289,44.83377179185417,45.66573715209961,17779200,0.0,0.0
2016-04-13 00:00:00-04:00,46.59014291428083,47.884313795673016,46.513110122684026,47.59928894042969,37516800,0.0,0.0
2016-04-14 00:00:00-04:00,47.52225778225951,48.46207321094431,47.46063213077569,48.2155647277832,24249900,0.0,0.0
2016-04-15 00:00:00-04:00,48.438971731289904,48.45437888128625,47.33738548476438,47.660926818847656,19290700,0.0,0.0
2016-04-18 00:00:00-04:00,47.48373654862537,48.20785771547754,47.398998715175644,47.969051361083984,13813100,0.0,0.0
2016-04-19 00:00:00-04:00,48.18475395530351,48.90117020518096,48.18475395530351,48.777915954589844,19255600,0.0,0.0
2016-04-20 00:00:00-04:00,48.90118004205452,49.54056067729598,48.64696938471703,49.486637115478516,14594400,0.0,0.0
2016-04-21 00:00:00-04:00,49.50204132831264,49.81017844949524,48.79332712503801,48.993614196777344,15395800,0.0,0.0
2016-04-22 00:00:00-04:00,49.02441580303278,49.5944655094238,49.02441580303278,49.278629302978516,12444700,0.0,0.0
2016-04-25 00:00:00-04:00,48.993614196777344,49.26323491246546,48.646963608713634,48.993614196777344,10687200,0.0,0.0
2016-04-26 00:00:00-04:00,49.155381858129054,49.35566890565114,48.785619120586944,49.24782180786133,12048000,0.0,0.0
2016-04-27 00:00:00-04:00,49.19389729972495,49.79476136918789,48.99360731749534,49.38648223876953,15284100,0.0,0.0
2016-04-28 00:00:00-04:00,49.02442849661828,49.62529265044963,48.80102923069156,48.993614196777344,12852500,0.0,0.0
2016-04-29 00:00:00-04:00,48.600744166390534,49.001321265028274,48.300312077065605,48.685482025146484,16376400,0.0,0.0
2016-05-02 00:00:00-04:00,49.06293694965173,49.30174332679152,48.63925068065969,49.13997268676758,10247300,0.0,0.0
2016-05-03 00:00:00-04:00,48.45437092143304,48.462073025859254,47.6069954425167,48.19245529174805,19120300,0.0,0.0
2016-05-04 00:00:00-04:00,47.56847858695236,47.96135055840554,47.19871586716911,47.42981719970703,17030200,0.0,0.0
2016-05-05 00:00:00-04:00,47.45292560485641,47.761062668485316,47.03694438915406,47.17560577392578,14033900,0.0,0.0
2016-05-06 00:00:00-04:00,46.759630153361165,47.514562864555,46.674892298467704,47.45293426513672,11057900,0.0,0.0
2016-05-09 00:00:00-04:00,47.27574675814932,47.676323756409374,47.0292382882374,47.15249252319336,11197100,0.0,0.0
2016-05-10 00:00:00-04:00,47.4144175535114,47.96135814605534,47.26034899457432,47.79188537597656,11897200,0.0,0.0
2016-05-11 00:00:00-04:00,47.73795838262921,48.22327034119651,47.61470413208008,47.61470413208008,11254000,0.0,0.0
2016-05-12 00:00:00-04:00,47.96905505558954,48.19245428123333,47.27574812725119,47.583885192871094,11071700,0.0,0.0
2016-05-13 00:00:00-04:00,47.529964348722345,48.069202774900376,47.00613307056232,47.14479446411133,15122300,0.0,0.0
2016-05-16 00:00:00-04:00,47.15249584396615,47.753362852979414,46.99072520018345,47.499149322509766,10951300,0.0,0.0
2016-05-17 00:00:00-04:00,47.32197153094591,47.884319201199794,47.106277339235646,47.499149322509766,12180900,0.0,0.0
2016-05-18 00:00:00-04:00,47.52995521760572,49.432692083787046,47.52225017577045,49.332550048828125,24007100,0.0,0.0
2016-05-19 00:00:00-04:00,48.93968379618481,49.471220108948316,48.45437186533069,48.83183670043945,16076200,0.0,0.0
2016-05-20 00:00:00-04:00,49.19390661757108,49.448120195794885,48.8164387725576,48.924285888671875,11862000,0.0,0.0
2016-05-23 00:00:00-04:00,48.878055342154276,49.201596610845684,48.654656120279085,48.88575744628906,9347500,0.0,0.0
2016-05-24 00:00:00-04:00,49.25552205269827,49.89490251057196,49.15538000202508,49.71772766113281,13839400,0.0,0.0
2016-05-25 00:00:00-04:00,50.025871237571515,50.99649520722558,50.010461149479276,50.47266387939453,18935200,0.0,0.0
2016-05-26 00:00:00-04:00,50.51116457802077,50.51886961922285,50.00274352594729,50.09518051147461,9428400,0.0,0.0
2016-05-27 00:00:00-04:00,50.23385226371943,50.42643719305921,50.1106009650993,50.40332794189453,10116000,0.0,0.0
2016-05-31 00:00:00-04:00,50.63443654554195,50.70376430497487,50.04127162111621,50.28007507324219,15139400,0.0,0.0
2016-06-01 00:00:00-04:00,49.88720243957265,50.78079346805057,49.50203257550571,50.60361862182617,14031000,0.0,0.0
2016-06-02 00:00:00-04:00,50.47265713628796,50.6960563659668,50.19534023716938,50.6960563659668,10637600,0.0,0.0
2016-06-03 00:00:00-04:00,49.49433341292423,49.964241173092745,48.9550949514421,49.79476547241211,20261700,0.0,0.0
2016-06-06 00:00:00-04:00,49.794771318826065,50.65755413394225,49.76395701715472,50.28778839111328,13193500,0.0,0.0
2016-06-07 00:00:00-04:00,50.41873725631646,50.642136502241975,50.10290099637089,50.11830520629883,9924100,0.0,0.0
2016-06-08 00:00:00-04:00,50.01816662382362,50.441855891606366,50.01046157971121,50.26467514038086,9428000,0.0,0.0
2016-06-09 00:00:00-04:00,49.91032709076535,49.995064957183786,49.509747017291375,49.879512786865234,10817800,0.0,0.0
2016-06-10 00:00:00-04:00,49.24781655992579,49.35566364622323,48.97819884418218,49.17848587036133,16678400,0.0,0.0
2016-06-13 00:00:00-04:00,48.901181089307435,49.56367099705442,48.73170535504386,48.739410400390625,14314900,0.0,0.0
2016-06-14 00:00:00-04:00,48.284910949791794,48.89348024894258,47.514570957534254,47.82270812988281,19509300,0.0,0.0
2016-06-15 00:00:00-04:00,48.07690544527752,48.51599888381143,47.691735556134574,47.73795700073242,16982100,0.0,0.0
2016-06-16 00:00:00-04:00,47.3373800096936,47.99216764643187,46.913693718944536,47.9305419921875,16791200,0.0,0.0
2016-06-17 00:00:00-04:00,47.99217182851203,48.308011047896166,47.70714690824178,47.97676467895508,15751500,0.0,0.0
2016-06-20 00:00:00-04:00,48.87804974771538,49.18618383425629,48.02297229459661,48.04608154296875,12213200,0.0,0.0
2016-06-21 00:00:00-04:00,48.32340611077858,48.53139816985432,47.86890559767512,48.492881774902344,11611600,0.0,0.0
2016-06-22 00:00:00-04:00,48.492889124468945,49.07834605686329,48.284897033869996,48.308006286621094,12643500,0.0,0.0
2016-06-23 00:00:00-04:00,49.07063889702497,49.41729234564525,48.939679621496104,49.34025955200195,16583600,0.0,0.0
2016-06-24 00:00:00-04:00,46.5901542309365,47.52996979748251,45.7119672635275,45.912254333496094,44108700,0.0,0.0
2016-06-27 00:00:00-04:00,45.226644991269744,45.257459285837825,43.94788115282292,44.3792724609375,37300700,0.0,0.0
2016-06-28 00:00:00-04:00,45.5964067528458,45.87372952090979,44.87999058155143,45.85062026977539,29088700,0.0,0.0
2016-06-29 00:00:00-04:00,46.497708940420296,47.152496568813824,46.22038615332228,47.14479446411133,21483000,0.0,0.0
2016-06-30 00:00:00-04:00,47.476051112603585,47.90743959636081,47.00614328112777,47.86892318725586,21343600,0.0,0.0
2016-07-01 00:00:00-04:00,47.86890444131187,48.14062100883974,47.480736223992935,47.55836868286133,14217800,0.48,0.0
2016-07-05 00:00:00-04:00,46.929546694564365,47.04599540427707,45.881490538215864,46.23084259033203,23357700,0.0,0.0
2016-07-06 00:00:00-04:00,45.811625587094255,46.80533853836494,45.61754141962201,46.72770309448242,20429800,0.0,0.0
2016-07-07 00:00:00-04:00,46.98388291862339,47.46521069464802,46.70440131916116,47.03046417236328,13771400,0.0,0.0
2016-07-08 00:00:00-04:00,47.612724345308905,48.264844235949504,47.612724345308905,48.000892639160156,16998800,0.0,0.0
2016-07-11 00:00:00-04:00,48.458928417154866,48.870388822740814,48.24155512012089,48.34247970581055,13151400,0.0,0.0
2016-07-12 00:00:00-04:00,48.93250104945619,49.34396151255478,48.82381438574733,49.06447982788086,16588100,0.0,0.0
2016-07-13 00:00:00-04:00,48.971318983285556,49.24303563551002,48.62972895021549,49.033424377441406,18526900,0.0,0.0
2016-07-14 00:00:00-04:00,50.26002280155645,50.446347824061206,49.72435465004308,49.7786979675293,28985900,0.0,0.0
2016-07-15 00:00:00-04:00,50.267802371222466,50.306621576222,49.382778988640815,49.82529067993164,17607100,0.0,0.0
2016-07-18 00:00:00-04:00,49.78645958387663,49.996073764043054,49.60790549867467,49.654483795166016,10824400,0.0,0.0
2016-07-19 00:00:00-04:00,49.38275536084397,49.76315851131854,49.26630372454221,49.576839447021484,9737400,0.0,0.0
2016-07-20 00:00:00-04:00,49.770939707435566,49.86410223134757,49.46040388404038,49.63119888305664,10411100,0.0,0.0
2016-07-21 00:00:00-04:00,49.685535373217135,49.8252761783734,49.39829170105756,49.44486999511719,9808700,0.0,0.0
2016-07-22 00:00:00-04:00,49.607896630916684,49.75539651776521,49.37499334413767,49.716583251953125,8195700,0.0,0.0
2016-07-25 00:00:00-04:00,49.670015114243284,49.81751800151809,49.43711472747129,49.584617614746094,8168300,0.0,0.0
2016-07-26 00:00:00-04:00,49.67000836494949,49.887384596356235,49.4603971568905,49.78645706176758,8067800,0.0,0.0
2016-07-27 00:00:00-04:00,49.7476577659855,50.22122363261607,49.73212771492733,49.941741943359375,11806800,0.0,0.0
2016-07-28 00:00:00-04:00,49.68555110474468,49.83305697994025,49.4681777663381,49.76318359375,10013400,0.0,0.0
2016-07-29 00:00:00-04:00,49.53027556864148,49.9106818139986,49.491459330092184,49.662254333496094,13210400,0.0,0.0
2016-08-01 00:00:00-04:00,49.8020045255054,49.926215327622266,49.38278196277451,49.5302848815918,11422600,0.0,0.0
2016-08-02 00:00:00-04:00,49.36724091533032,49.69330380354618,49.204210951966836,49.413822174072266,13550000,0.0,0.0
2016-08-03 00:00:00-04:00,49.44487518393535,50.20568466879956,49.41382397179993,50.19792556762695,13122300,0.0,0.0
2016-08-04 00:00:00-04:00,50.06594171339949,50.32213419263945,49.89514672723951,50.12028503417969,9873000,0.0,0.0
2016-08-05 00:00:00-04:00,50.57056562836064,51.5254622520594,50.5162223033032,51.47111892700195,20752700,0.0,0.0
2016-08-08 00:00:00-04:00,51.29255252738604,51.61861243720198,51.11399252554733,51.31584167480469,11359200,0.0,0.0
2016-08-09 00:00:00-04:00,51.377953391025585,51.455585861845705,50.99755013792248,51.137290954589844,10097000,0.0,0.0
2016-08-10 00:00:00-04:00,51.176111429948,51.29256311405405,50.586099830307106,50.679256439208984,11556100,0.0,0.0
2016-08-11 00:00:00-04:00,50.671475356000336,50.9975411527605,50.47739125165642,50.8189811706543,9604500,0.0,0.0
2016-08-12 00:00:00-04:00,50.438595235231666,50.73360104245861,50.353197726275134,50.71031188964844,7685400,0.0,0.0
2016-08-15 00:00:00-04:00,50.89662680389323,51.10624100771651,50.818994326653566,51.020843505859375,8371600,0.0,0.0
2016-08-16 00:00:00-04:00,50.74136015944821,51.20716093035084,50.648197636076425,51.01307678222656,10128900,0.0,0.0
2016-08-17 00:00:00-04:00,51.08294932330393,51.222690144596,50.88110015410914,51.15281677246094,11868100,0.0,0.0
2016-08-18 00:00:00-04:00,50.94320766041939,51.230448399512554,50.873334289438645,51.19939422607422,9313600,0.0,0.0
2016-08-19 00:00:00-04:00,51.02083759082627,51.168343426565585,50.63266932665136,51.12952423095703,9084900,0.0,0.0
2016-08-22 00:00:00-04:00,51.0441237692964,51.14504537983838,50.78017220804321,51.082942962646484,9055600,0.0,0.0
2016-08-23 00:00:00-04:00,51.29256524311386,51.50217354482224,51.051902762822955,51.059661865234375,8949600,0.0,0.0
2016-08-24 00:00:00-04:00,51.230448399512554,51.41677344014256,51.05965340709069,51.19939422607422,10167200,0.0,0.0
2016-08-25 00:00:00-04:00,51.16834599188044,51.34690008548518,51.07518347153582,51.29255676269531,9978700,0.0,0.0
2016-08-26 00:00:00-04:00,51.4944169847883,51.92139863467632,51.12177274637876,51.409019470214844,14038600,0.0,0.0
2016-08-29 00:00:00-04:00,51.618616785215195,52.0921825658759,51.59532763583483,51.975730895996094,14583100,0.0,0.0
2016-08-30 00:00:00-04:00,51.97573389846366,52.48035388177442,51.97573389846366,52.4027214050293,13791200,0.0,0.0
2016-08-31 00:00:00-04:00,52.371667229735586,52.612329684538956,51.905866446286545,52.4027214050293,14952300,0.0,0.0
2016-09-01 00:00:00-04:00,52.511395242235764,52.57350357766632,51.742823840957385,52.17757034301758,12226500,0.0,0.0
2016-09-02 00:00:00-04:00,52.32507961226412,52.464820414717046,51.99901971419972,52.39494705200195,13720700,0.0,0.0
2016-09-06 00:00:00-04:00,52.402710799348746,52.441529991353924,51.789404288125034,52.35613250732422,16649400,0.0,0.0
2016-09-07 00:00:00-04:00,52.13875961303711,52.472578605524355,51.98348876690416,52.13875961303711,10070400,0.0,0.0
2016-09-08 00:00:00-04:00,52.1853366478426,52.542450700877026,52.01454168270069,52.20862579345703,12253000,0.0,0.0
2016-09-09 00:00:00-04:00,52.03784561312636,52.34838146316028,51.73507478816243,51.74283981323242,19686900,0.0,0.0
2016-09-12 00:00:00-04:00,51.346890985790445,52.24744408725857,51.051885274780325,52.061119079589844,16453000,0.0,0.0
2016-09-13 00:00:00-04:00,51.32360592759968,51.90585829623258,51.098467634304335,51.64966583251953,18876100,0.0,0.0
2016-09-14 00:00:00-04:00,51.44781666709592,52.2086290346024,51.40123837297543,51.548744201660156,12648600,0.0,0.0
2016-09-15 00:00:00-04:00,51.46335265619575,51.960207594110116,51.30808178623622,51.735069274902344,12531300,0.0,0.0
2016-09-16 00:00:00-04:00,51.30807703181719,51.44005873979734,50.803463039398025,51.09846878051758,25161500,0.0,0.0
2016-09-19 00:00:00-04:00,51.35466512585836,51.73506838550796,51.121761786412016,51.385719299316406,13466900,0.0,0.0
2016-09-20 00:00:00-04:00,51.82045994481718,51.89809240807913,51.424526682310784,51.59532165527344,10092200,0.0,0.0
2016-09-21 00:00:00-04:00,51.890331268310554,52.11546957470355,51.47887385154937,51.89033126831055,14116800,0.0,0.0
2016-09-22 00:00:00-04:00,52.00678596000629,52.340610927122896,51.890334288132486,52.31732177734375,12781700,0.0,0.0
2016-09-23 00:00:00-04:00,52.31731242164243,52.713245666018935,52.15428247936434,52.20862579345703,13967400,0.0,0.0
2016-09-26 00:00:00-04:00,51.70400901452964,51.85927986621133,50.88109423103746,51.067413330078125,16408100,0.0,0.0
2016-09-27 00:00:00-04:00,50.78019027251054,51.5565270318666,50.54728687551194,51.51770782470703,13711400,0.0,0.0
2016-09-28 00:00:00-04:00,51.68850324903586,51.83600320679926,51.230461477614064,51.789424896240234,11278000,0.0,0.0
2016-09-29 00:00:00-04:00,51.78164145907063,52.17757472698575,50.733588383274004,50.96649169921875,18727200,0.0,0.0
2016-09-30 00:00:00-04:00,51.30031216096196,52.06111853726469,51.30031216096196,51.69623947143555,21680100,0.0,0.0
2016-10-03 00:00:00-04:00,51.50993475361389,51.95244640041411,51.4400672992142,51.634151458740234,14901700,0.0,0.0
2016-10-04 00:00:00-04:00,51.7749003774506,52.533422009565946,51.68888209137353,52.079872131347656,17226900,0.48,0.0
2016-10-05 00:00:00-04:00,52.306645471823366,53.22938217660236,52.23627013047547,52.93223190307617,16280000,0.0,0.0
2016-10-06 00:00:00-04:00,52.96351748989642,53.1511910529451,52.4317707562293,53.072994232177734,17485000,0.0,0.0
2016-10-07 00:00:00-04:00,53.01042869963793,53.315400444123114,52.70545695515274,53.26066207885742,18497000,0.0,0.0
2016-10-10 00:00:00-04:00,53.44050586709236,54.003532374572075,53.35449356303676,53.67510223388672,13027500,0.0,0.0
2016-10-11 00:00:00-04:00,53.565638986106926,53.81587238944442,53.11991054997342,53.41706085205078,15657100,0.0,0.0
2016-10-12 00:00:00-04:00,53.37794828152281,53.635997107748516,53.2137332226399,53.27628707885742,11899800,0.0,0.0
2016-10-13 00:00:00-04:00,52.75237146946953,53.072986141585865,52.25190473360888,52.9713249206543,17890000,0.0,0.0
2016-10-14 00:00:00-04:00,53.800229166561586,53.98008123487651,52.62725910594789,52.79928970336914,24163800,0.0,0.0
2016-10-17 00:00:00-04:00,52.721087795155775,53.01042252990492,52.18934118044853,52.52559280395508,14963400,0.0,0.0
2016-10-18 00:00:00-04:00,53.057342598032214,53.33885587951311,52.81493070354801,52.94004440307617,11870300,0.0,0.0
2016-10-19 00:00:00-04:00,53.026067593594256,53.565635760753345,53.026067593594256,53.44833755493164,12705800,0.0,0.0
2016-10-20 00:00:00-04:00,53.23720355658873,53.7063903962086,53.127726826211905,53.377960205078125,14122000,0.0,0.0
2016-10-21 00:00:00-04:00,53.026080173865914,53.58910692255877,52.94006186692473,53.55782699584961,12175700,0.0,0.0
2016-10-24 00:00:00-04:00,53.93315819718908,53.99571802514283,53.56562666550274,53.85496139526367,10197100,0.0,0.0
2016-10-25 00:00:00-04:00,53.86278962499034,53.90189101820802,53.47179955695344,53.800235748291016,9945100,0.0,0.0
2016-10-26 00:00:00-04:00,53.46396905950708,54.15210923852062,53.46396905950708,54.05826950073242,9801300,0.0,0.0
2016-10-27 00:00:00-04:00,54.33977744295606,54.55873084371915,54.034805782459955,54.13646697998047,14210700,0.0,0.0
2016-10-28 00:00:00-04:00,54.37106703094548,54.386709971517526,53.542170161640485,54.04263687133789,12766500,0.0,0.0
2016-10-31 00:00:00-04:00,54.2928854583368,54.41018368140064,54.136491804941976,54.159950256347656,14336300,0.0,0.0
2016-11-01 00:00:00-04:00,54.33198185389914,54.56657231239928,53.43270351456132,53.933170318603516,15564500,0.0,0.0
2016-11-02 00:00:00-04:00,53.68293574682128,53.83932938241353,53.18246895368435,53.70639419555664,12449800,0.0,0.0
2016-11-03 00:00:00-04:00,53.84713949773221,54.10519431146739,53.34667281014286,53.47178649902344,10369700,0.0,0.0
2016-11-04 00:00:00-04:00,53.5578187919375,53.61255716378478,52.89313685778193,52.986976623535156,13571300,0.0,0.0
2016-11-07 00:00:00-05:00,54.01918725488678,54.71514907323955,53.95662741444198,54.64476776123047,16515100,0.0,0.0
2016-11-08 00:00:00-05:00,54.504011020534065,55.168698883690496,54.1443008875745,54.76206588745117,17531700,0.0,0.0
2016-11-09 00:00:00-05:00,55.88029196327346,57.98382014314384,55.77081523687458,57.28003692626953,50948400,0.0,0.0
2016-11-10 00:00:00-05:00,58.03856228270324,60.407960961986504,58.03856228270324,59.93877410888672,56192300,0.0,0.0
2016-11-11 00:00:00-05:00,59.665071484710296,59.99350162588042,59.25061710729073,59.97004318237305,27574300,0.0,0.0
2016-11-14 00:00:00-05:00,60.40796656874443,62.90248515560115,60.40796656874443,62.17524337768555,46130700,0.0,0.0
2016-11-15 00:00:00-05:00,61.283771504140006,62.097031377019796,60.82240022622185,62.05792999267578,28126300,0.0,0.0
2016-11-16 00:00:00-05:00,61.166488223679096,61.26814349530029,60.11863172143531,60.525264739990234,26054900,0.0,0.0
2016-11-17 00:00:00-05:00,60.93969928189646,61.3541477113029,60.68164446002817,61.010074615478516,19306700,0.0,0.0
2016-11-18 00:00:00-05:00,60.963160865543095,61.322870954230034,60.642552163770965,60.76766586303711,19770000,0.0,0.0
2016-11-21 00:00:00-05:00,60.99442599683095,61.1273611344634,60.4392210402196,61.03352737426758,11983500,0.0,0.0
2016-11-22 00:00:00-05:00,61.268136934782746,61.43235203260306,60.80677155986391,61.40889358520508,14410100,0.0,0.0
2016-11-23 00:00:00-05:00,61.67477169720089,61.964100511540344,60.90842858579547,61.66695022583008,13373700,0.0,0.0
2016-11-25 00:00:00-05:00,61.85462565749945,62.12831750345491,61.361980334779616,61.64349365234375,6185700,0.0,0.0
2016-11-28 00:00:00-05:00,61.13520557329487,61.67477376128135,61.01008589131286,61.24468231201172,13007200,0.0,0.0
2016-11-29 00:00:00-05:00,61.29941490584687,61.90154287809291,61.29941490584687,61.713863372802734,14144100,0.0,0.0
2016-11-30 00:00:00-05:00,62.49583877510957,62.9728470417597,62.323802224378866,62.69133377075195,25351900,0.0,0.0
2016-12-01 00:00:00-05:00,63.06669217726629,64.34131751001492,63.06669217726629,63.95814895629883,23823600,0.0,0.0
2016-12-02 00:00:00-05:00,63.96596990071298,63.98942834743636,63.262186668840236,63.8095703125,16931500,0.0,0.0
2016-12-05 00:00:00-05:00,64.35698090434553,65.13113972878556,64.3491594308763,65.10768127441406,18529800,0.0,0.0
2016-12-06 00:00:00-05:00,65.37354263082148,65.53775775464659,64.45862724120929,65.44392395019531,16130000,0.0,0.0
2016-12-07 00:00:00-05:00,65.33444653914613,65.75671058697013,64.78705683257206,65.74107360839844,18996900,0.0,0.0
2016-12-08 00:00:00-05:00,65.86620232714024,66.85931466850542,65.63942732754495,66.56216430664062,20844900,0.0,0.0
2016-12-09 00:00:00-05:00,66.48393179195786,66.85928478775084,65.79579159337645,66.8514633178711,14567200,0.0,0.0
2016-12-12 00:00:00-05:00,66.74981690989758,67.0860685668382,65.91309850300358,66.25717163085938,14511300,0.0,0.0
2016-12-13 00:00:00-05:00,66.45266093881288,66.99222306497056,65.54556130359444,66.28062438964844,16669000,0.0,0.0
2016-12-14 00:00:00-05:00,65.59248382185902,67.34412341273003,65.49865003501418,66.25717163085938,22622600,0.0,0.0
2016-12-15 00:00:00-05:00,66.78110304101084,67.63345850300624,66.3901129833539,67.25028991699219,19438900,0.0,0.0
2016-12-16 00:00:00-05:00,67.4770663335656,67.4770663335656,66.38229295511469,66.42139434814453,23008500,0.0,0.0
2016-12-19 00:00:00-05:00,66.31192007575866,66.81238690179165,65.83491170000296,66.8045654296875,21685100,0.0,0.0
2016-12-20 00:00:00-05:00,67.08607031067481,67.67255535783721,66.89839676607248,67.66473388671875,14587300,0.0,0.0
2016-12-21 00:00:00-05:00,67.58654332875814,67.88369363238257,67.27375008144902,67.83677673339844,11400500,0.0,0.0
2016-12-22 00:00:00-05:00,67.59433189480221,68.16517377466576,67.41447392619529,67.94622039794922,13924200,0.0,0.0
2016-12-23 00:00:00-05:00,68.0322563427392,68.14955452964031,67.56306956116842,68.07135772705078,10759400,0.0,0.0
2016-12-27 00:00:00-05:00,68.07135727078034,68.15737554286234,67.8367608985506,68.1339111328125,6946400,0.0,0.0
2016-12-28 00:00:00-05:00,68.15738318892562,68.3372352572489,67.5239752992615,67.64127349853516,9455600,0.0,0.0
2016-12-29 00:00:00-05:00,67.70382896649218,67.77420430189639,66.49957906596022,67.16426086425781,14689000,0.0,0.0
2016-12-30 00:00:00-05:00,67.32848029381863,67.57871366813717,66.98441313290203,67.47705841064453,13617800,0.0,0.0
2017-01-03 00:00:00-05:00,68.29814000897709,68.62657618967741,67.23465254711269,68.21212768554688,20550700,0.0,0.0
2017-01-04 00:00:00-05:00,68.37725578120806,68.55024428050167,67.93692578231258,68.33794403076172,15266600,0.48,0.0
2017-01-05 00:00:00-05:00,68.25929760336867,68.49519206446496,67.04052555182538,67.7088851928711,14300800,0.0,0.0
2017-01-06 00:00:00-05:00,67.92905897132513,68.1099122148386,67.57522323281346,67.71675872802734,12893300,0.0,0.0
2017-01-09 00:00:00-05:00,67.41009555653987,68.22784948225114,67.24496582254976,67.76393127441406,12806600,0.0,0.0
2017-01-10 00:00:00-05:00,67.67742407539428,68.3300601402579,67.40221790317608,67.96049499511719,13989000,0.0,0.0
2017-01-11 00:00:00-05:00,67.96048758548798,68.47158813476562,67.55161074549227,68.47158813476562,14713100,0.0,0.0
2017-01-12 00:00:00-05:00,68.21998675888725,68.62099894937593,67.63811534692154,67.81110382080078,21337400,0.0,0.0
2017-01-13 00:00:00-05:00,68.49518682899155,69.3286701294787,67.70101526965206,68.17279815673828,28296000,0.0,0.0
2017-01-17 00:00:00-05:00,66.7810471325657,67.00907685985558,65.48363951131778,65.6959457397461,30024600,0.0,0.0
2017-01-18 00:00:00-05:00,65.75885001187588,66.23063899505298,65.2870670277449,66.00260925292969,21270100,0.0,0.0
2017-01-19 00:00:00-05:00,66.09694798220428,66.57659561226062,65.35782366626825,65.49935913085938,16555600,0.0,0.0
2017-01-20 00:00:00-05:00,65.60158648111853,65.91611044847488,65.49150399240068,65.79029846191406,18436800,0.0,0.0
2017-01-23 00:00:00-05:00,65.49936413162831,66.04977653648086,65.4285933944071,65.82174682617188,12179200,0.0,0.0
2017-01-24 00:00:00-05:00,65.98686554832948,66.83607833637416,65.70379461898125,66.61591339111328,15175300,0.0,0.0
2017-01-25 00:00:00-05:00,67.49658821860469,67.75607096152568,66.96976398228351,67.64598846435547,17551000,0.0,0.0
2017-01-26 00:00:00-05:00,67.58307216898471,68.36937902842162,67.58307216898471,68.21212005615234,15962800,0.0,0.0
2017-01-27 00:00:00-05:00,68.14136035533487,68.3929783289924,67.83469513836422,68.3536605834961,12535400,0.0,0.0
2017-01-30 00:00:00-05:00,67.77180046057637,68.01555370444666,67.08771122897907,67.64598846435547,13661900,0.0,0.0
2017-01-31 00:00:00-05:00,67.30785397565327,67.74032507090767,66.12052914971824,66.54513549804688,15655100,0.0,0.0
2017-02-01 00:00:00-05:00,67.26067701027686,67.70100685025797,66.58445275656636,66.7967529296875,15430900,0.0,0.0
2017-02-02 00:00:00-05:00,66.31711044028708,66.76531106055442,66.17558098004848,66.51368713378906,11081400,0.0,0.0
2017-02-03 00:00:00-05:00,67.77178982602777,68.6524496651989,67.52017187211527,68.55023193359375,17885200,0.0,0.0
2017-02-06 00:00:00-05:00,68.24359662855346,68.76255621557864,68.10206110499253,68.22786712646484,11828400,0.0,0.0
2017-02-07 00:00:00-05:00,68.5187774005335,68.72321885819726,67.99981800682714,68.18852996826172,9392800,0.0,0.0
2017-02-08 00:00:00-05:00,67.76393851464474,67.86615626651864,67.12703175480266,67.59095001220703,13970900,0.0,0.0
2017-02-09 00:00:00-05:00,67.59092976355406,68.66817220662463,67.59092976355406,68.56594848632812,13749100,0.0,0.0
2017-02-10 00:00:00-05:00,68.7861519947129,68.7861519947129,68.32222765756386,68.40872192382812,10992500,0.0,0.0
2017-02-13 00:00:00-05:00,68.7546729898012,69.7768682969516,68.74680824155641,69.31295013427734,18739100,0.0,0.0
2017-02-14 00:00:00-05:00,69.43091875841776,70.53174389012372,69.2815184909518,70.42166137695312,17932100,0.0,0.0
2017-02-15 00:00:00-05:00,70.83052467864312,71.45170782924248,70.25651802080853,71.23153686523438,17381800,0.0,0.0
2017-02-16 00:00:00-05:00,71.08214657917537,71.58538252671626,70.58676938150072,71.18436431884766,17672700,0.0,0.0
2017-02-17 00:00:00-05:00,70.62607478041384,71.13717538751786,70.5238570586109,70.9484634399414,15776600,0.0,0.0
2017-02-21 00:00:00-05:00,71.16863702829862,71.67187294902776,71.12931928487947,71.5617904663086,14068300,0.0,0.0
2017-02-22 00:00:00-05:00,71.17652862501822,71.78985331055524,71.09789910093855,71.60113525390625,11839000,0.0,0.0
2017-02-23 00:00:00-05:00,71.6954609317511,71.82126691194796,71.176495515945,71.65614318847656,11067000,0.0,0.0
2017-02-24 00:00:00-05:00,70.9091904650126,71.19226156459736,70.55535459005587,71.02713775634766,15062300,0.0,0.0
2017-02-27 00:00:00-05:00,71.0192262965285,71.3416149475486,70.78333186899941,71.10572052001953,12361000,0.0,0.0
2017-02-28 00:00:00-05:00,70.64965977119193,71.41237827296302,70.44521833795412,71.25511932373047,15183500,0.0,0.0
2017-03-01 00:00:00-05:00,72.96139825136855,73.89710512916656,72.81986280765997,73.59830474853516,24451400,0.0,0.0
2017-03-02 00:00:00-05:00,73.81064650649407,73.84995826039868,72.36383838434584,72.45033264160156,16862500,0.0,0.0
2017-03-03 00:00:00-05:00,72.45031861455932,73.21303728139218,72.45031861455932,72.96928405761719,12817500,0.0,0.0
2017-03-06 00:00:00-05:00,72.53682652041337,72.59186777483012,71.63257219866931,72.27734375,15059200,0.0,0.0
2017-03-07 00:00:00-05:00,72.05716712103289,72.4110028425454,71.71905489865713,71.8763198852539,11156800,0.0,0.0
2017-03-08 00:00:00-05:00,72.87491183107909,73.00858254247898,71.63254569219353,71.71903991699219,17378400,0.0,0.0
2017-03-09 00:00:00-05:00,72.02569395451332,72.45030030085422,71.67185833208464,72.00210571289062,13726200,0.0,0.0
2017-03-10 00:00:00-05:00,72.30093318749525,72.34025094088624,71.18437858013544,71.77410888671875,13729900,0.0,0.0
2017-03-13 00:00:00-04:00,71.79766499126457,72.16723011109578,71.49887059603971,71.83698272705078,10004300,0.0,0.0
2017-03-14 00:00:00-04:00,71.56964612398055,72.0650232738621,71.37306941346758,71.95494079589844,10237700,0.0,0.0
2017-03-15 00:00:00-04:00,72.18296329159072,72.77269336423757,71.65613320075238,72.12792205810547,16601400,0.0,0.0
2017-03-16 00:00:00-04:00,72.3638109542634,72.97712927392303,72.0021105605935,72.0571517944336,14492000,0.0,0.0
2017-03-17 00:00:00-04:00,72.20655350201676,72.37167720697155,71.27871125581028,71.30229949951172,21734700,0.0,0.0
2017-03-20 00:00:00-04:00,70.97990302896847,71.68758025737695,70.60247917317996,70.79119110107422,14623600,0.0,0.0
2017-03-21 00:00:00-04:00,71.05069510491522,71.27086008680092,68.45587982058603,68.71536254882812,33089200,0.0,0.0
2017-03-22 00:00:00-04:00,68.32221110926012,69.25005355977827,67.63026314578995,68.82544708251953,21741000,0.0,0.0
2017-03-23 00:00:00-04:00,68.57382706060933,69.58816372633635,68.47946806878153,68.71536254882812,16090100,0.0,0.0
2017-03-24 00:00:00-04:00,69.02987980853595,69.26576826659365,68.22784345362211,68.63672637939453,16093200,0.0,0.0
2017-03-27 00:00:00-04:00,67.2528055939815,68.72320116244882,67.01691720268919,68.5973892211914,16689300,0.0,0.0
2017-03-28 00:00:00-04:00,68.42442741579148,69.99704129893034,68.39298041728908,69.66679382324219,16264400,0.0,0.0
2017-03-29 00:00:00-04:00,69.66677789822496,69.83976634567443,69.25790102165357,69.40729522705078,10207600,0.0,0.0
2017-03-30 00:00:00-04:00,69.35226950264862,70.34301792384241,69.28936950691008,70.0049057006836,11631000,0.0,0.0
2017-03-31 00:00:00-04:00,69.75328780464999,69.7768760529611,68.9984338634651,69.06919860839844,16987600,0.0,0.0
2017-04-03 00:00:00-04:00,69.18713873033509,69.32867420468504,68.09417267803921,68.81757354736328,19831800,0.0,0.0
2017-04-04 00:00:00-04:00,68.71477576310082,69.33161822588558,68.58033697680469,69.04692077636719,14280800,0.5,0.0
2017-04-05 00:00:00-04:00,69.92473766190105,70.01963882393707,68.11374787927512,68.16120147705078,17635500,0.0,0.0
2017-04-06 00:00:00-04:00,67.99511344990668,68.73058069566105,67.41780873793252,68.3905258178711,14379600,0.0,0.0
2017-04-07 00:00:00-04:00,67.95558357087458,68.65150730745559,67.78160112835054,68.15328979492188,13097100,0.0,0.0
2017-04-10 00:00:00-04:00,68.07423005075881,68.55663387274845,67.53646870986138,67.91606140136719,15081600,0.0,0.0
2017-04-11 00:00:00-04:00,67.64715803558093,67.84486424703627,67.06194933905726,67.79741668701172,14690500,0.0,0.0
2017-04-12 00:00:00-04:00,67.95557415985381,67.97138800084092,67.24383064514836,67.53643798828125,14730600,0.0,0.0
2017-04-13 00:00:00-04:00,67.6155036977704,68.79383066931868,66.74559783935547,66.74559783935547,30529800,0.0,0.0
2017-04-17 00:00:00-04:00,66.77723041855964,68.07418226558077,66.72187293851042,67.90019989013672,19071700,0.0,0.0
2017-04-18 00:00:00-04:00,67.50479643670117,67.71831644956983,67.01448295381748,67.34663391113281,14127000,0.0,0.0
2017-04-19 00:00:00-04:00,67.61553424596406,67.94767928193556,66.71399427203245,66.79307556152344,17588500,0.0,0.0
2017-04-20 00:00:00-04:00,67.2042823694752,67.83693847838323,66.86422752378854,67.6550521850586,15635800,0.0,0.0
2017-04-21 00:00:00-04:00,67.61553387936043,67.75788261307865,66.83261886066799,66.84052276611328,19820600,0.0,0.0
2017-04-24 00:00:00-04:00,68.44587778833562,69.63211479656664,68.34306671950701,69.19715881347656,25468300,0.0,0.0
2017-04-25 00:00:00-04:00,70.02755009820136,70.48622397300274,69.79821014404297,69.79821014404297,18253800,0.0,0.0
2017-04-26 00:00:00-04:00,69.86936501864155,70.42294596028634,69.7032925462023,69.93263244628906,12832200,0.0,0.0
2017-04-27 00:00:00-04:00,69.88519299401085,69.88519299401085,68.8096707333751,69.28416442871094,13329000,0.0,0.0
2017-04-28 00:00:00-04:00,69.27624380525172,69.47394998393881,68.76220653396255,68.80175018310547,10755600,0.0,0.0
2017-05-01 00:00:00-04:00,69.08647783706732,69.386989188292,68.45381537462792,68.84922790527344,15712300,0.0,0.0
2017-05-02 00:00:00-04:00,68.5724369716081,68.70687577737876,68.02676577540048,68.40636444091797,14414200,0.0,0.0
2017-05-03 00:00:00-04:00,68.05837302051762,68.88083144787755,68.02673930790604,68.80175018310547,11540500,0.0,0.0
2017-05-04 00:00:00-04:00,69.34744928330333,69.37908300874054,68.46172307161055,68.880859375,11540100,0.0,0.0
2017-05-05 00:00:00-04:00,68.99945636179255,69.0706276900333,68.34307040050813,68.80175018310547,9436000,0.0,0.0
2017-05-08 00:00:00-04:00,68.83341180360232,69.05484184814647,68.52499052248494,68.880859375,8162200,0.0,0.0
2017-05-09 00:00:00-04:00,69.0073643356571,69.46603807169535,68.40633588015861,68.60404205322266,10273900,0.0,0.0
2017-05-10 00:00:00-04:00,68.43007918211184,69.18136647424345,68.38263161776163,69.1418228149414,8334900,0.0,0.0
2017-05-11 00:00:00-04:00,68.87292017027869,69.18134735385762,68.28771158214373,68.92828369140625,10907400,0.0,0.0
2017-05-12 00:00:00-04:00,68.548713814097,68.84132124714482,68.27983016657703,68.73851013183594,8738800,0.0,0.0
2017-05-15 00:00:00-04:00,68.88085950329345,69.18928078498527,68.691063183833,69.0706558227539,8835600,0.0,0.0
2017-05-16 00:00:00-04:00,69.08645821952811,69.66375697157375,69.07063834402527,69.28416442871094,9795000,0.0,0.0
2017-05-17 00:00:00-04:00,69.28417305729282,69.28417305729282,66.40557077577378,66.64281463623047,24679700,0.0,0.0
2017-05-18 00:00:00-04:00,66.48465052530177,67.06195536941034,65.92316555830047,66.39765930175781,23350100,0.0,0.0
2017-05-19 00:00:00-04:00,66.59536499107328,67.48899496789817,66.54791742716682,67.04613494873047,13412900,0.0,0.0
2017-05-22 00:00:00-04:00,67.3624706465849,67.44946187526963,66.59536946646439,66.98287200927734,11636000,0.0,0.0
2017-05-23 00:00:00-04:00,67.02240173796464,68.06629023165786,66.83260547552435,67.82113647460938,11753000,0.0,0.0
2017-05-24 00:00:00-04:00,67.916055025161,67.9872324190841,67.40992746165898,67.7816162109375,9833800,0.0,0.0
2017-05-25 00:00:00-04:00,68.00304528078033,68.07422267367245,67.2833976129658,67.49691772460938,12238500,0.0,0.0
2017-05-26 00:00:00-04:00,67.30710792235975,67.66297671501472,67.23593054371965,67.50481414794922,8113500,0.0,0.0
2017-05-30 00:00:00-04:00,67.32293111274498,67.33875099175707,66.25531855303805,66.3502197265625,12603200,0.0,0.0
2017-05-31 00:00:00-04:00,66.2157597558178,66.28693108807329,64.5629328713316,64.96625518798828,28327900,0.0,0.0
2017-06-01 00:00:00-04:00,65.2114269354275,65.70174059365445,64.57086063423218,65.68592071533203,17123500,0.0,0.0
2017-06-02 00:00:00-04:00,65.0769722975105,65.6305472337395,64.8318185448254,65.353759765625,14998500,0.0,0.0
2017-06-05 00:00:00-04:00,65.35375667292877,66.04177637555263,65.30630911878713,65.47238159179688,9080200,0.0,0.0
2017-06-06 00:00:00-04:00,65.07695289398926,65.81241996626997,64.95041806999957,65.60680389404297,12196800,0.0,0.0
2017-06-07 00:00:00-04:00,65.883601262765,66.51626341155377,65.71752880624847,66.35810089111328,13711100,0.0,0.0
2017-06-08 00:00:00-04:00,66.35811239132906,67.79741329742431,66.3422925164353,67.1805648803711,17951000,0.0,0.0
2017-06-09 00:00:00-04:00,67.62341775082105,68.84128844016381,67.52851662041955,68.77011108398438,19120200,0.0,0.0
2017-06-12 00:00:00-04:00,68.77012983089516,69.38697226287448,68.71477233144867,68.78594970703125,16053400,0.0,0.0
2017-06-13 00:00:00-04:00,69.2367253562212,69.47396921621296,68.78595538536987,69.01528930664062,12557200,0.0,0.0
2017-06-14 00:00:00-04:00,68.61988392929192,69.04693016161603,67.86860257809263,68.8729476928711,16175700,0.0,0.0
2017-06-15 00:00:00-04:00,68.20863675312991,68.86502276355127,68.20072681600644,68.46170043945312,12509700,0.0,0.0
2017-06-16 00:00:00-04:00,68.68314102732498,68.77013224858699,68.02675491544434,68.15328979492188,16936600,0.0,0.0
2017-06-19 00:00:00-04:00,68.77802042668546,69.77446117001037,68.68311929710248,69.6479263305664,15972300,0.0,0.0
2017-06-20 00:00:00-04:00,69.39487453210897,69.5293132968343,69.09436328739687,69.21298217773438,11197800,0.0,0.0
2017-06-21 00:00:00-04:00,69.18137258815528,69.23673009596118,68.61197763157128,68.89667510986328,10005900,0.0,0.0
2017-06-22 00:00:00-04:00,68.74639458776787,69.0864494658157,68.52496462690209,68.81756591796875,12180600,0.0,0.0
2017-06-23 00:00:00-04:00,69.32374076709912,69.59261844226491,68.49337188364235,68.69107818603516,18812000,0.0,0.0
2017-06-26 00:00:00-04:00,68.80968315253511,69.33162450155307,68.50126189322548,68.99156951904297,10082400,0.0,0.0
2017-06-27 00:00:00-04:00,69.36326508563396,70.33598256133517,69.19719254754182,69.63214874267578,15415200,0.0,0.0
2017-06-28 00:00:00-04:00,70.06709107066264,71.22960474085278,70.06709107066264,71.03189849853516,17466200,0.0,0.0
2017-06-29 00:00:00-04:00,73.02473338843502,73.26989309278501,71.41936057582886,72.08365631103516,27697800,0.0,0.0
2017-06-30 00:00:00-04:00,72.72426263499347,72.75589635743162,72.09160628677735,72.28140258789062,16892700,0.0,0.0
2017-07-03 00:00:00-04:00,72.8062118521397,74.33295226977471,72.68694047058489,73.75247192382812,13208100,0.5,0.0
2017-07-05 00:00:00-04:00,74.04668552382768,74.57945122672876,73.64114464448825,74.49198150634766,17535400,0.0,0.0
2017-07-06 00:00:00-04:00,74.38066412912453,75.1519847865523,73.85584576013945,74.25343322753906,16596100,0.0,0.0
2017-07-07 00:00:00-04:00,74.71461356158781,74.88159951941606,74.13413943199936,74.62714385986328,12817800,0.0,0.0
2017-07-10 00:00:00-04:00,74.34883528727916,74.4919669775591,74.02281074459091,74.10233306884766,13987200,0.0,0.0
2017-07-11 00:00:00-04:00,74.21365791579517,74.21365791579517,73.37872203488998,73.81607055664062,13262300,0.0,0.0
2017-07-12 00:00:00-04:00,73.6411388864754,73.81607831355907,73.21174376546158,73.5616226196289,13540100,0.0,0.0
2017-07-13 00:00:00-04:00,73.70475844523989,74.2534249638317,73.42644239567147,74.03077697753906,12820100,0.0,0.0
2017-07-14 00:00:00-04:00,72.20981251922383,73.64112940498408,72.02692573569428,73.35486602783203,22235200,0.0,0.0
2017-07-17 00:00:00-04:00,73.01292289988456,73.14810110989957,72.55967367412242,72.6709976196289,14374200,0.0,0.0
2017-07-18 00:00:00-04:00,71.92356198507103,72.82211343863166,71.82019143969173,72.41657257080078,14719400,0.0,0.0
2017-07-19 00:00:00-04:00,72.63128251217398,72.8539366110383,72.36092592075167,72.51995849609375,11651200,0.0,0.0
2017-07-20 00:00:00-04:00,72.48020338561017,72.93345289870935,72.28140963308063,72.51995849609375,11561700,0.0,0.0
2017-07-21 00:00:00-04:00,72.40860047343585,72.64715529111598,71.97920544163225,72.27342224121094,10971300,0.0,0.0
2017-07-24 00:00:00-04:00,72.32909382466819,72.7902966311664,72.2893387275781,72.58354949951172,10725100,0.0,0.0
2017-07-25 00:00:00-04:00,73.45030326967247,74.36474949619027,73.3707809311034,73.79222869873047,16447700,0.0,0.0
2017-07-26 00:00:00-04:00,74.03076340502523,74.10233228275678,72.9016167862959,73.10041046142578,11815500,0.0,0.0
2017-07-27 00:00:00-04:00,73.02089624270288,73.20378303157382,72.48813063449386,72.79824829101562,12332400,0.0,0.0
2017-07-28 00:00:00-04:00,72.7187277496813,72.95728259902917,72.2893387275781,72.58354949951172,9351900,0.0,0.0
2017-07-31 00:00:00-04:00,72.76644600950046,73.44234336095295,72.75849256300276,72.9970474243164,11520300,0.0,0.0
2017-08-01 00:00:00-04:00,73.54571778202258,74.06258263102589,73.37873179696658,73.97511291503906,12523700,0.0,0.0
2017-08-02 00:00:00-04:00,73.8478637223426,74.11822016127968,73.56160039482073,74.03870391845703,10165600,0.0,0.0
2017-08-03 00:00:00-04:00,73.71271297793231,74.05463843768764,73.34693324114573,73.55368041992188,11078800,0.0,0.0
2017-08-04 00:00:00-04:00,74.34884333952091,75.06450186842895,74.32498906634102,74.47607421875,14324000,0.0,0.0
2017-08-07 00:00:00-04:00,74.65895856561971,74.89751342296712,74.51582686455167,74.7623291015625,7978300,0.0,0.0
2017-08-08 00:00:00-04:00,74.70667605029043,75.71655152498036,74.42836606121544,74.49198150634766,13745400,0.0,0.0
2017-08-09 00:00:00-04:00,73.93534585098811,74.49196571111273,73.81606843333242,74.37268829345703,11214400,0.0,0.0
2017-08-10 00:00:00-04:00,73.87174043552788,74.00691869607232,73.2117438928195,73.30716705322266,13252300,0.0,0.0
2017-08-11 00:00:00-04:00,73.25944330704189,73.68883837527369,72.55173830570659,72.69486999511719,10679500,0.0,0.0
2017-08-14 00:00:00-04:00,73.45029061951153,73.87173224785211,73.4184829029026,73.54570770263672,10994800,0.0,0.0
2017-08-15 00:00:00-04:00,74.19773839547632,74.39653204121852,73.67292632540122,73.73654174804688,8812700,0.0,0.0
2017-08-16 00:00:00-04:00,73.98307329714446,74.13415846923036,73.06066750270867,73.22765350341797,11085400,0.0,0.0
2017-08-17 00:00:00-04:00,72.9652326033711,73.1242651176336,71.96331077675315,72.08258819580078,13837500,0.0,0.0
2017-08-18 00:00:00-04:00,71.81225691946008,72.79032490160796,71.71683979602412,72.15418243408203,13040700,0.0,0.0
2017-08-21 00:00:00-04:00,72.2416356087804,72.31320450164957,71.69296907472979,72.06669616699219,11502100,0.0,0.0
2017-08-22 00:00:00-04:00,72.41655660298886,72.92546790398438,72.3608946190269,72.80619049072266,9211800,0.0,0.0
2017-08-23 00:00:00-04:00,72.25752539470014,73.42642707890332,72.23366505825808,72.89366149902344,8811300,0.0,0.0
2017-08-24 00:00:00-04:00,73.100423400649,73.2515085618352,72.68693515253757,72.77439880371094,8623200,0.0,0.0
2017-08-25 00:00:00-04:00,73.06068058411586,73.53779046208601,72.99707119153007,73.06863403320312,11794600,0.0,0.0
2017-08-28 00:00:00-04:00,73.28333007437023,73.30718435342496,72.46429473770083,72.83802795410156,7292900,0.0,0.0
2017-08-29 00:00:00-04:00,71.92357238187817,72.60742332973918,71.81224837331507,72.44043731689453,10886100,0.0,0.0
2017-08-30 00:00:00-04:00,72.55971331991553,73.06067134841243,72.51200476483108,72.607421875,9165300,0.0,0.0
2017-08-31 00:00:00-04:00,73.00498145093515,73.0367891644059,72.20185943592752,72.27342224121094,13217400,0.0,0.0
2017-09-01 00:00:00-04:00,72.55970001419384,73.44234452162048,72.32114514911012,72.91752624511719,9815800,0.0,0.0
2017-09-05 00:00:00-04:00,72.3767958097162,72.44836468471635,70.786446469372,71.17608642578125,16897300,0.0,0.0
2017-09-06 00:00:00-04:00,71.56572091300764,71.97920907560086,71.2794575440195,71.65319061279297,11845700,0.0,0.0
2017-09-07 00:00:00-04:00,71.65321316800481,71.66911399719775,70.03900903662631,70.39683532714844,14592300,0.0,0.0
2017-09-08 00:00:00-04:00,70.22188697321893,71.10453151579854,70.16622497804285,70.30935668945312,14242200,0.0,0.0
2017-09-11 00:00:00-04:00,71.0806791527455,71.76453000712468,70.73080027840194,71.39875030517578,13219000,0.0,0.0
2017-09-12 00:00:00-04:00,71.70089553213946,72.55968559574667,71.64523355024089,72.27342224121094,14003800,0.0,0.0
2017-09-13 00:00:00-04:00,72.05077616080116,72.75848112024119,71.820174782252,72.48017120361328,12485400,0.0,0.0
2017-09-14 00:00:00-04:00,72.51994584406215,72.78235500762945,72.15416613122721,72.3370590209961,10562800,0.0,0.0
2017-09-15 00:00:00-04:00,72.42452484744673,72.92548280546949,72.17006914495389,72.85391998291016,18171800,0.0,0.0
2017-09-18 00:00:00-04:00,73.10042054332799,74.0625813356522,73.03680510250432,73.88764190673828,11318700,0.0,0.0
2017-09-19 00:00:00-04:00,73.72064763407188,75.03268713667362,73.5695624957821,74.69871520996094,12626100,0.0,0.0
2017-09-20 00:00:00-04:00,74.8259462369054,75.77220617469847,74.51582855533832,75.2235336303711,15311600,0.0,0.0
2017-09-21 00:00:00-04:00,75.11221081215558,75.83582279151912,74.89751628569849,75.56546020507812,10851500,0.0,0.0
2017-09-22 00:00:00-04:00,75.30305649142365,75.52571054729626,75.0883619494963,75.40643310546875,8358300,0.0,0.0
2017-09-25 00:00:00-04:00,75.15198327253857,75.446194109797,74.30909373327403,74.84186553955078,10463400,0.0,0.0
2017-09-26 00:00:00-04:00,74.5714889727757,74.77028266530995,74.22161013257076,74.50787353515625,9358100,0.0,0.0
2017-09-27 00:00:00-04:00,75.51775217818556,76.11413328175126,75.20763448966758,75.68473815917969,15090200,0.0,0.0
2017-09-28 00:00:00-04:00,76.01074358162539,76.24134496328742,75.47003063156427,75.84375762939453,10270400,0.0,0.0
2017-09-29 00:00:00-04:00,75.7801651945496,75.95509856451028,75.55751114180373,75.94715118408203,11438400,0.0,0.0
2017-10-02 00:00:00-04:00,76.15388582535982,77.03653031434146,75.90738358550621,77.00472259521484,13797200,0.0,0.0
2017-10-03 00:00:00-04:00,76.99679761417964,77.47390140646628,76.94908298825827,77.41028594970703,9633500,0.0,0.0
2017-10-04 00:00:00-04:00,77.37052085812967,77.48184485974514,76.55943905584195,76.62305450439453,12166600,0.0,0.0
2017-10-05 00:00:00-04:00,76.78300394946322,77.90275731082586,76.42308605931606,77.6548080444336,14236200,0.56,0.0
2017-10-06 00:00:00-04:00,78.0227446847743,78.09472583366345,77.15893428510923,77.51885223388672,10231900,0.0,0.0
2017-10-09 00:00:00-04:00,77.55083034546558,77.63881135569476,76.89497578877108,77.11093139648438,7765100,0.0,0.0
2017-10-10 00:00:00-04:00,77.15089547301791,77.72676878263994,76.97493350594866,77.68677520751953,10631500,0.0,0.0
2017-10-11 00:00:00-04:00,77.44686303606785,77.59083142104963,76.8949832099435,77.4548568725586,14283600,0.0,0.0
2017-10-12 00:00:00-04:00,77.8227814496743,77.98274361108733,76.4790785464428,76.77500915527344,18251600,0.0,0.0
2017-10-13 00:00:00-04:00,76.3670976143261,77.35087642127729,75.95118626494713,76.67102813720703,13190600,0.0,0.0
2017-10-16 00:00:00-04:00,77.05492733342689,78.34264255818469,77.05492733342689,78.2546615600586,12434000,0.0,0.0
2017-10-17 00:00:00-04:00,78.43863798640037,78.52661900078293,77.83877076224552,78.07872009277344,10335700,0.0,0.0
2017-10-18 00:00:00-04:00,78.50263893240896,78.82256939466376,78.0867275008279,78.37466430664062,10158600,0.0,0.0
2017-10-19 00:00:00-04:00,77.73479121234668,78.54260796450532,77.65480403895984,78.47062683105469,9133900,0.0,0.0
2017-10-20 00:00:00-04:00,79.40640824547626,79.89430065171254,78.9665093577012,79.59037017822266,15326600,0.0,0.0
2017-10-23 00:00:00-04:00,79.5903965585883,79.97430822054325,79.3744409093435,79.45442199707031,9238600,0.0,0.0
2017-10-24 00:00:00-04:00,79.88630785389748,80.93407998661301,79.790333012726,80.71812438964844,13000800,0.0,0.0
2017-10-25 00:00:00-04:00,80.98208057039658,81.14204273312627,80.1342701240315,80.7981185913086,14632700,0.0,0.0
2017-10-26 00:00:00-04:00,81.06205482794702,81.91786514105596,81.0380611157739,81.37398529052734,13054400,0.0,0.0
2017-10-27 00:00:00-04:00,81.12605806750734,81.76591899460799,80.82212748332587,81.39799499511719,10400400,0.0,0.0
2017-10-30 00:00:00-04:00,80.88609844848023,81.52595929452984,80.67814886035458,81.11005401611328,8839500,0.0,0.0
2017-10-31 00:00:00-04:00,81.07806682694931,81.34200380248234,80.43820592989147,80.47019958496094,8690200,0.0,0.0
2017-11-01 00:00:00-04:00,80.86209275357002,81.34198526592056,80.56616219040546,80.71812438964844,8418200,0.0,0.0
2017-11-02 00:00:00-04:00,80.67813807030022,81.39797379812718,80.11026454390823,81.2540054321289,8731800,0.0,0.0
2017-11-03 00:00:00-04:00,80.86210473463228,81.20602887150503,80.56617412762068,81.11005401611328,7103500,0.0,0.0
2017-11-06 00:00:00-05:00,81.05405429187479,81.33399720426897,80.51018054752335,80.60615539550781,8121500,0.0,0.0
2017-11-07 00:00:00-05:00,80.4301909616665,80.58215926930875,78.58260196734078,78.98251342773438,18822600,0.0,0.0
2017-11-08 00:00:00-05:00,78.59860523730306,78.67859242077773,77.70280736317402,78.09471893310547,18524700,0.0,0.0
2017-11-09 00:00:00-05:00,77.67881795967341,78.5586221072302,77.43086866103994,78.08672332763672,13697800,0.0,0.0
2017-11-10 00:00:00-05:00,78.23068113982289,78.6545863288894,77.9827379768968,77.99073791503906,9314000,0.0,0.0
2017-11-13 00:00:00-05:00,77.33488425684787,78.42264397486542,77.278896893516,78.27067565917969,9303100,0.0,0.0
2017-11-14 00:00:00-05:00,77.85476971585854,78.20669379680042,77.46285814527847,77.79878234863281,11043800,0.0,0.0
2017-11-15 00:00:00-05:00,77.09493086437183,78.97451350822442,76.74300682645122,78.53461456298828,15384100,0.0,0.0
2017-11-16 00:00:00-05:00,78.80657050302919,79.23047577740898,78.63060844147545,78.75858306884766,9808000,0.0,0.0
2017-11-17 00:00:00-05:00,78.23870099880345,78.71059983471167,78.03874520948916,78.49464416503906,9017900,0.0,0.0
2017-11-20 00:00:00-05:00,78.74257802897836,79.30245783379114,78.19070426555928,79.19048309326172,9483200,0.0,0.0
2017-11-21 00:00:00-05:00,79.58238658688745,79.62238017679212,79.11049395727076,79.1264877319336,13389400,0.0,0.0
2017-11-22 00:00:00-05:00,79.20646935587412,79.5983809105496,78.85454528921403,78.89453887939453,7342200,0.0,0.0
2017-11-24 00:00:00-05:00,79.04650701169939,79.10249437652003,78.59060815468418,78.63859558105469,3680000,0.0,0.0
2017-11-27 00:00:00-05:00,78.63061365133109,79.28646840465365,78.3266830444336,78.3266830444336,13076200,0.0,0.0
2017-11-28 00:00:00-05:00,78.55061702965699,81.34199762416739,78.3586612159859,81.07006072998047,16773000,0.0,0.0
2017-11-29 00:00:00-05:00,81.90988622276973,83.35756407440873,81.54996216812792,82.96565246582031,21105500,0.0,0.0
2017-11-30 00:00:00-05:00,83.77345042099289,85.30911505566709,83.2135768212752,83.59748840332031,23945900,0.0,0.0
2017-12-01 00:00:00-05:00,83.90141941849349,84.23734355591104,81.74189403045749,83.81343841552734,19683500,0.0,0.0
2017-12-04 00:00:00-05:00,86.16493610840735,86.70081606404652,85.39710064394586,85.54106903076172,23576600,0.0,0.0
2017-12-05 00:00:00-05:00,84.4453448680961,85.90902296103592,83.27760359079737,84.55731964111328,17193900,0.0,0.0
2017-12-06 00:00:00-05:00,84.42129974694687,84.5892618042114,83.60547706633201,83.92540740966797,15476200,0.0,0.0
2017-12-07 00:00:00-05:00,83.14160414972865,84.13338913176639,82.96564820339837,83.677490234375,13371800,0.0,0.0
2017-12-08 00:00:00-05:00,83.78146640880519,84.73325781282499,83.45353602174548,84.72525787353516,13506900,0.0,0.0
2017-12-11 00:00:00-05:00,84.55728362619207,84.82922050136168,84.22935328619533,84.47730255126953,10591200,0.0,0.0
2017-12-12 00:00:00-05:00,85.50907598579452,85.87699381686937,84.4133163286489,85.4610824584961,15508800,0.0,0.0
2017-12-13 00:00:00-05:00,85.3410978102152,85.66902811603889,84.36531903438069,84.38931274414062,15020300,0.0,0.0
2017-12-14 00:00:00-05:00,84.87722889957219,85.14116588284506,83.69348803595227,83.70948791503906,13034200,0.0,0.0
2017-12-15 00:00:00-05:00,84.61326693545064,85.19713424636333,84.14136824233373,84.89320373535156,29350600,0.0,0.0
2017-12-18 00:00:00-05:00,85.73303425115296,86.08495224191101,85.16516062076792,85.549072265625,12713100,0.0,0.0
2017-12-19 00:00:00-05:00,85.86099632843332,85.97297105830242,85.13316058428421,85.18914794921875,12149900,0.0,0.0
2017-12-20 00:00:00-05:00,86.06094445934154,86.164925343708,84.85321014872375,84.89320373535156,13091500,0.0,0.0
2017-12-21 00:00:00-05:00,85.25313387209412,86.43687464191115,85.22914015753118,86.24491882324219,12323700,0.0,0.0
2017-12-22 00:00:00-05:00,86.54083857192012,86.74879424229448,85.42908518756305,85.94097137451172,14573400,0.0,0.0
2017-12-26 00:00:00-05:00,85.7410066253676,86.3728674057833,85.10115201005235,85.59703826904297,7403700,0.0,0.0
2017-12-27 00:00:00-05:00,85.3171063823291,85.81299877189956,85.3171063823291,85.75701141357422,9496500,0.0,0.0
2017-12-28 00:00:00-05:00,85.90099066349997,86.25290863092663,85.70903485379769,86.21292114257812,7440600,0.0,0.0
2017-12-29 00:00:00-05:00,86.45287270341397,86.60484103940026,85.5330810546875,85.5330810546875,8925700,0.0,0.0
2018-01-02 00:00:00-05:00,86.08495347216103,86.39688397637732,85.4290988091722,86.34089660644531,13578800,0.0,0.0
2018-01-03 00:00:00-05:00,86.26890899615563,86.77279528778732,85.96497845389344,86.42887115478516,11901000,0.0,0.0
2018-01-04 00:00:00-05:00,87.12030955675849,88.46297065511803,86.99166828235218,87.66702270507812,12953700,0.56,0.0
2018-01-05 00:00:00-05:00,87.84390790285198,88.07706562953373,86.65400056219237,87.10423278808594,14155000,0.0,0.0
2018-01-08 00:00:00-05:00,86.95146166518049,87.37757509921126,86.58966272639664,87.23285675048828,12466500,0.0,0.0
2018-01-09 00:00:00-05:00,87.4097460596162,88.14137337052277,87.22482576163338,87.67506408691406,13292300,0.0,0.0
2018-01-10 00:00:00-05:00,88.01274351728973,89.00164730177956,87.94842287639257,88.63985443115234,15834500,0.0,0.0
2018-01-11 00:00:00-05:00,88.97750479367431,89.18654375369577,88.47903529494539,89.11418151855469,13676800,0.0,0.0
2018-01-12 00:00:00-05:00,89.76544352921442,90.73022863284648,89.1142077570064,90.58551025390625,18884200,0.0,0.0
2018-01-16 00:00:00-05:00,89.65288071552362,91.1965392530258,89.29912333378005,90.26390838623047,22703300,0.0,0.0
2018-01-17 00:00:00-05:00,89.95839375432035,91.09202200816772,89.49207832505178,90.84278106689453,14940300,0.0,0.0
2018-01-18 00:00:00-05:00,90.65785025388696,91.42967937409968,90.26389101496126,91.05984497070312,14572900,0.0,0.0
2018-01-19 00:00:00-05:00,91.6065743826686,91.92816530636331,90.69002675544057,90.8588638305664,18785500,0.0,0.0
2018-01-22 00:00:00-05:00,90.57744422171638,91.96834237919336,90.44880297984807,91.92010498046875,12475700,0.0,0.0
2018-01-23 00:00:00-05:00,91.38949904198846,92.16936995830906,91.13222260779597,91.82365417480469,12320800,0.0,0.0
2018-01-24 00:00:00-05:00,92.34623748753536,93.26278505686066,92.18544203584624,92.99746704101562,15904500,0.0,0.0
2018-01-25 00:00:00-05:00,93.29493552749906,93.39945194667085,92.52310639973533,93.02157592773438,13510000,0.0,0.0
2018-01-26 00:00:00-05:00,93.02157439508943,93.52005004882812,92.4266239356902,93.52005004882812,13883900,0.0,0.0
2018-01-29 00:00:00-05:00,93.27886561888923,94.3481732008701,93.27886561888923,93.423583984375,11679900,0.0,0.0
2018-01-30 00:00:00-05:00,92.88490770576416,93.7451762416343,92.44271715279447,92.54723358154297,14279100,0.0,0.0
2018-01-31 00:00:00-05:00,92.98138994942803,93.79342108855073,92.58743679902236,92.99746704101562,13141400,0.0,0.0
2018-02-01 00:00:00-05:00,93.07786400633009,94.05873220189778,92.8447124434719,93.9622573852539,13800600,0.0,0.0
2018-02-02 00:00:00-05:00,93.65675260864262,94.00246840349212,91.7271762219002,91.87993621826172,16477300,0.0,0.0
2018-02-05 00:00:00-05:00,90.85082142911739,92.12916190138864,83.59883820513097,87.47406768798828,30097600,0.0,0.0
2018-02-06 00:00:00-05:00,85.90627513259383,90.43273985292677,85.71331937395418,90.13526153564453,33114800,0.0,0.0
2018-02-07 00:00:00-05:00,89.68501119727082,92.01657532064912,89.36341424213019,90.74627685546875,21878300,0.0,0.0
2018-02-08 00:00:00-05:00,90.93925829516347,90.93925829516347,86.70222994078398,86.73439025878906,27425800,0.0,0.0
2018-02-09 00:00:00-05:00,87.71527887508404,89.28306253894603,85.40783226101333,88.47103118896484,28188000,0.0,0.0
2018-02-12 00:00:00-05:00,89.3795252309031,90.63375321828006,88.49513786928554,89.83779907226562,18043300,0.0,0.0
2018-02-13 00:00:00-05:00,89.50011869393684,90.89102334908358,89.08204681644422,90.39254760742188,16358200,0.0,0.0
2018-02-14 00:00:00-05:00,90.55334162152457,92.67587356187046,90.47294389259321,92.48291778564453,15186900,0.0,0.0
2018-02-15 00:00:00-05:00,93.05373432314869,93.25473167937959,91.83167309620396,92.86882019042969,12130200,0.0,0.0
2018-02-16 00:00:00-05:00,92.09699877200585,93.31906010103688,92.05679684382035,92.2015151977539,13214300,0.0,0.0
2018-02-20 00:00:00-05:00,92.17739430835101,92.77234480087782,91.63068122134038,92.22563171386719,13461500,0.0,0.0
2018-02-21 00:00:00-05:00,92.45881988191428,94.42859228668614,92.19350179619092,92.61157989501953,14212500,0.0,0.0
2018-02-22 00:00:00-05:00,92.8608056887227,93.60851631754852,92.26585505809437,92.44273376464844,17070400,0.0,0.0
2018-02-23 00:00:00-05:00,92.70803046625721,94.38033015584226,92.70803046625721,94.31600952148438,12162500,0.0,0.0
2018-02-26 00:00:00-05:00,94.98333401921951,95.59436785309326,94.32406277060318,95.4898452758789,16511200,0.0,0.0
2018-02-27 00:00:00-05:00,95.60239498765036,95.94006910761505,94.34816718871234,94.35620880126953,17563300,0.0,0.0
2018-02-28 00:00:00-05:00,94.72604181631962,95.26471330446053,92.73214517481568,92.86078643798828,17735600,0.0,0.0
2018-03-01 00:00:00-05:00,92.84470643622603,93.7773310291758,90.56941477030769,91.19652557373047,18690000,0.0,0.0
2018-03-02 00:00:00-05:00,90.36039032050876,91.30105667689558,89.33932623120877,91.10810089111328,18353700,0.0,0.0
2018-03-05 00:00:00-05:00,90.08702277843183,93.20649972112733,89.95838151863266,92.50702667236328,13933000,0.0,0.0
2018-03-06 00:00:00-05:00,92.97335204374518,93.118070409617,91.91208607200294,92.58744049072266,10674400,0.0,0.0
2018-03-07 00:00:00-05:00,91.45382479165463,92.53920961733613,90.93927189453221,92.24173736572266,13006500,0.0,0.0
2018-03-08 00:00:00-05:00,92.54722653616903,92.64370747886734,91.01964534685256,92.24974822998047,11173700,0.0,0.0
2018-03-09 00:00:00-05:00,93.7049959840439,94.93509916478718,92.99748116764991,94.90293884277344,15366600,0.0,0.0
2018-03-12 00:00:00-04:00,94.87074265403324,95.47373466242752,94.26775064563896,94.5973892211914,12339300,0.0,0.0
2018-03-13 00:00:00-04:00,95.03156040081635,95.2486410098631,93.1261091322578,93.46378326416016,13312300,0.0,0.0
2018-03-14 00:00:00-04:00,93.7130102628834,93.73712896544866,92.13719164444105,92.41858673095703,12905100,0.0,0.0
2018-03-15 00:00:00-04:00,93.15826597011451,93.26278239733668,92.32211615047781,92.65174865722656,8748000,0.0,0.0
2018-03-16 00:00:00-04:00,92.73214192272754,93.74517036584948,92.73214192272754,92.81254577636719,19888900,0.0,0.0
2018-03-19 00:00:00-04:00,92.53922180200335,92.82061699623819,91.09204388852912,92.08094787597656,13214900,0.0,0.0
2018-03-20 00:00:00-04:00,92.35427758677463,92.8205868426124,92.0165973294362,92.16935729980469,9921200,0.0,0.0
2018-03-21 00:00:00-04:00,92.30602724639964,93.76928780725058,91.82363480081356,92.24974822998047,13633000,0.0,0.0
2018-03-22 00:00:00-04:00,91.01160938113311,91.33320640945982,88.06901098673347,88.39864349365234,22550400,0.0,0.0
2018-03-23 00:00:00-04:00,88.6559290036858,89.17852346169724,85.83392997154071,86.03492736816406,23081500,0.0,0.0
2018-03-26 00:00:00-04:00,87.78762307111998,89.37148350473007,87.35346796744359,88.6880874633789,20217500,0.0,0.0
2018-03-27 00:00:00-04:00,89.29909971318348,89.7975753343377,86.26806246574895,86.967529296875,18039900,0.0,0.0
2018-03-28 00:00:00-04:00,87.05596472754756,87.7715147492159,85.74546431196494,86.83084869384766,19189300,0.0,0.0
2018-03-29 00:00:00-04:00,87.23288329364503,89.06597884594049,86.6540097226139,88.41474914550781,13274600,0.0,0.0
2018-04-02 00:00:00-04:00,88.40670000171662,89.02577545899449,85.2872224094433,86.71028137207031,18822500,0.0,0.0
2018-04-03 00:00:00-04:00,87.12030617451391,88.03685375023848,86.23591891614237,87.90017700195312,14050700,0.0,0.0
2018-04-04 00:00:00-04:00,86.1072611678139,89.41165800252469,86.04294054541731,89.23477935791016,15302600,0.0,0.0
2018-04-05 00:00:00-04:00,90.2044698667662,91.17415345922996,90.01053561429694,90.40648651123047,16627000,0.56,0.0
2018-04-06 00:00:00-04:00,89.3317446717874,90.13981108703629,87.12572064553265,88.15196228027344,18906000,0.0,0.0
2018-04-09 00:00:00-04:00,88.89541814430031,91.29537719599216,88.7984479222412,89.21056365966797,15974300,0.0,0.0
2018-04-10 00:00:00-04:00,90.60851907971698,91.2064928912646,90.03479244841573,90.91558837890625,13951400,0.0,0.0
2018-04-11 00:00:00-04:00,90.22871084591264,90.34991589221995,89.30750933856895,89.38832092285156,14503300,0.0,0.0
2018-04-12 00:00:00-04:00,90.14789954803317,92.43472929319046,90.0994175293562,91.61050415039062,16435500,0.0,0.0
2018-04-13 00:00:00-04:00,92.94382248584542,93.04887509498359,88.11966980990574,89.12975311279297,39152800,0.0,0.0
2018-04-16 00:00:00-04:00,89.646898084361,90.07517233627078,88.71762039084575,89.0570068359375,16580500,0.0,0.0
2018-04-17 00:00:00-04:00,89.99436692054294,90.43879978957507,88.87923122230143,89.0570068359375,15501400,0.0,0.0
2018-04-18 00:00:00-04:00,89.31560474334121,89.75196146879986,87.9903759467894,88.33784484863281,16081400,0.0,0.0
2018-04-19 00:00:00-04:00,88.50753101853155,90.39841001082753,88.48329000767856,90.2771987915039,17911000,0.0,0.0
2018-04-20 00:00:00-04:00,90.74588446152882,91.10142958432,89.59842516848269,90.07518768310547,15584400,0.0,0.0
2018-04-23 00:00:00-04:00,90.15597122539077,90.46303424895075,89.39638680940955,89.63880920410156,11285800,0.0,0.0
2018-04-24 00:00:00-04:00,90.30145727926168,91.23073525384996,88.55603017933309,89.2186508178711,16453100,0.0,0.0
2018-04-25 00:00:00-04:00,89.10550724952935,89.31560630584626,87.75603741657626,88.8792495727539,13548200,0.0,0.0
2018-04-26 00:00:00-04:00,88.86307795937877,89.54993328203703,88.35399209600955,88.96812438964844,10299500,0.0,0.0
2018-04-27 00:00:00-04:00,88.52369993347611,89.0166210606849,88.18430727052028,88.4024887084961,9384000,0.0,0.0
2018-04-30 00:00:00-04:00,88.68533029008532,89.12976949104838,87.87726349928727,87.90150451660156,13744900,0.0,0.0
2018-05-01 00:00:00-04:00,87.63484099602371,88.0550391796725,86.89950342222889,87.90150451660156,10503400,0.0,0.0
2018-05-02 00:00:00-04:00,87.36007759024548,88.47520724016036,87.05301451231321,87.20654296875,12162100,0.0,0.0
2018-05-03 00:00:00-04:00,86.9399037500069,87.0853560201028,84.99246597462019,86.6570816040039,15379100,0.0,0.0
2018-05-04 00:00:00-04:00,86.00253429338225,87.86916629263939,85.6389067648457,87.61866760253906,11967900,0.0,0.0
2018-05-07 00:00:00-04:00,87.8853289813332,88.62874880619405,87.56210109420178,88.37825012207031,9356700,0.0,0.0
2018-05-08 00:00:00-04:00,88.50753278134367,89.97013133915237,88.30551613346694,89.68730926513672,12543200,0.0,0.0
2018-05-09 00:00:00-04:00,90.05093031692314,91.8286741032064,89.71962010158366,91.642822265625,11368100,0.0,0.0
2018-05-10 00:00:00-04:00,91.46505563191411,92.47513882896216,91.10950437373445,92.35392761230469,9159700,0.0,0.0
2018-05-11 00:00:00-04:00,92.5155494992105,92.709489935032,91.85293508946864,92.0064697265625,10253000,0.0,0.0
2018-05-14 00:00:00-04:00,92.20848873305255,92.68524511184442,91.90950184402512,92.0387954711914,8710700,0.0,0.0
2018-05-15 00:00:00-04:00,92.04685685149485,92.04685685149485,90.96404454887212,91.33575439453125,11536200,0.0,0.0
2018-05-16 00:00:00-04:00,91.22263046057066,91.86908615330161,91.01253143567433,91.58625793457031,7571100,0.0,0.0
2018-05-17 00:00:00-04:00,91.47315487747424,91.64285432253399,90.66508811648927,91.27922058105469,8617200,0.0,0.0
2018-05-18 00:00:00-04:00,91.10948480062963,91.14989058585458,89.56607504788373,89.8004150390625,11806300,0.0,0.0
2018-05-21 00:00:00-04:00,90.54386650769784,90.93981742209195,90.43881390230625,90.62467193603516,9441900,0.0,0.0
2018-05-22 00:00:00-04:00,90.78629883611228,92.35395031613312,90.73781680355414,91.31962585449219,11507600,0.0,0.0
2018-05-23 00:00:00-04:00,90.9155635861337,91.12565643716455,89.79235164501887,90.89939880371094,11453900,0.0,0.0
2018-05-24 00:00:00-04:00,90.61659354845986,90.62467594116849,88.98430162969517,89.88125610351562,14084800,0.0,0.0
2018-05-25 00:00:00-04:00,89.25903727534251,89.76004079450476,89.04893822987975,89.420654296875,8283500,0.0,0.0
2018-05-29 00:00:00-04:00,88.22471980603491,88.24087842690562,84.81467745178509,85.59850311279297,30643800,0.0,0.0
2018-05-30 00:00:00-04:00,86.98027440018629,87.75601747213756,86.18029032052684,87.55400085449219,17490800,0.0,0.0
2018-05-31 00:00:00-04:00,87.23078505987034,87.42472547839041,85.994444175834,86.47120666503906,19808200,0.0,0.0
2018-06-01 00:00:00-04:00,87.54593319808362,88.03077809408119,87.10958265578013,87.59442138671875,13594200,0.0,0.0
2018-06-04 00:00:00-04:00,88.0711833956124,88.28936484587015,87.48937441500419,87.63482666015625,9415400,0.0,0.0
2018-06-05 00:00:00-04:00,87.4651346393106,87.52169905961128,86.51969811497376,87.14190673828125,10415200,0.0,0.0
2018-06-06 00:00:00-04:00,87.80450451075458,89.48527806226237,87.65905230133913,89.17821502685547,15453600,0.0,0.0
2018-06-07 00:00:00-04:00,89.84082308504271,90.0994040878405,88.9115454869997,89.53376007080078,13444400,0.0,0.0
2018-06-08 00:00:00-04:00,89.38836594742263,89.80855803807313,88.93584427472814,89.78431701660156,10383200,0.0,0.0
2018-06-11 00:00:00-04:00,89.79237689476098,90.4307503486927,89.50954860835411,89.55803680419922,12642900,0.0,0.0
2018-06-12 00:00:00-04:00,89.80850847152414,90.12365390684428,88.49943854900032,89.04084777832031,15294100,0.0,0.0
2018-06-13 00:00:00-04:00,89.25904911093504,90.05903343715568,88.54795261707888,88.86309814453125,14979700,0.0,0.0
2018-06-14 00:00:00-04:00,89.11358287845559,89.1782296855016,87.09341639620892,87.2954330444336,20487300,0.0,0.0
2018-06-15 00:00:00-04:00,87.1095861096768,87.57826007463366,85.87323897393256,87.19039154052734,26028600,0.0,0.0
2018-06-18 00:00:00-04:00,86.6731987817408,87.59439393130425,86.21260120695906,87.41661834716797,9786800,0.0,0.0
2018-06-19 00:00:00-04:00,86.38232533450613,87.17422719189022,86.13990287568124,86.9075698852539,12707200,0.0,0.0
2018-06-20 00:00:00-04:00,87.41664485679415,87.788354752231,86.81867730022692,86.89948272705078,8876900,0.0,0.0
2018-06-21 00:00:00-04:00,86.54394146712094,87.44089598831029,86.08334369935288,86.87525177001953,11048700,0.0,0.0
2018-06-22 00:00:00-04:00,87.40047669593008,87.57016992325241,85.25909921104842,85.45303344726562,19478900,0.0,0.0
2018-06-25 00:00:00-04:00,85.38032735155808,85.41264459312096,84.00661031287676,84.67730712890625,16907600,0.0,0.0
2018-06-26 00:00:00-04:00,84.61265260803904,85.01668590642433,83.3197472862179,84.7338638305664,17086800,0.0,0.0
2018-06-27 00:00:00-04:00,84.58843818420353,85.59043935292942,83.41674371662525,83.42481994628906,16276800,0.0,0.0
2018-06-28 00:00:00-04:00,83.78032983964432,85.21868713521438,83.64296002266465,84.79041290283203,14491300,0.0,0.0
2018-06-29 00:00:00-04:00,86.2045465487548,86.38232219008057,84.16013900362651,84.2005386352539,18972400,0.0,0.0
2018-07-02 00:00:00-04:00,83.81268038935355,84.91972783960841,83.53793450133003,84.91165161132812,11130000,0.0,0.0
2018-07-03 00:00:00-04:00,85.17830782426525,85.47728853663003,83.65105619666728,83.72378540039062,8311700,0.0,0.0
2018-07-05 00:00:00-04:00,84.60124724883305,84.80436174388807,84.1137737004135,84.26814270019531,10723400,0.56,0.0
2018-07-06 00:00:00-04:00,83.78065117726771,84.90184071794613,83.03318528492095,84.54435729980469,12173700,0.0,0.0
2018-07-09 00:00:00-04:00,85.07246771593661,87.30672698691694,85.07246771593661,87.16048431396484,13900800,0.0,0.0
2018-07-10 00:00:00-04:00,87.76170373243697,88.07044171594634,86.55114314045514,86.624267578125,14575900,0.0,0.0
2018-07-11 00:00:00-04:00,86.37238744689124,86.98173080191732,86.29114290593333,86.43738555908203,10186500,0.0,0.0
2018-07-12 00:00:00-04:00,87.27422747115662,87.38797108301914,86.09616597748257,86.81112670898438,12456800,0.0,0.0
2018-07-13 00:00:00-04:00,87.17672193735001,87.58295082578397,85.4218101640061,86.41300964355469,21289100,0.0,0.0
2018-07-16 00:00:00-04:00,86.97362303758628,89.99596130091432,86.9167512309835,89.84159851074219,24662600,0.0,0.0
2018-07-17 00:00:00-04:00,89.93096505064197,90.12595320695999,89.16725265710063,89.77659606933594,14821900,0.0,0.0
2018-07-18 00:00:00-04:00,89.71157480697578,91.09275657085803,89.53283312706255,90.6134033203125,14244900,0.0,0.0
2018-07-19 00:00:00-04:00,90.23155706508636,90.25592980617688,89.15099295252172,89.2809829711914,16775300,0.0,0.0
2018-07-20 00:00:00-04:00,89.37036377842067,90.78403870622755,89.19162205909399,90.41030883789062,13578100,0.0,0.0
2018-07-23 00:00:00-04:00,90.23156523411943,92.81518139915315,90.12594794697829,92.09209442138672,18140000,0.0,0.0
2018-07-24 00:00:00-04:00,92.2545843668878,93.25390397558425,92.14896088729999,92.74205780029297,14000400,0.0,0.0
2018-07-25 00:00:00-04:00,92.52270542592461,93.85513591491977,92.11647646711971,93.57890319824219,13329100,0.0,0.0
2018-07-26 00:00:00-04:00,93.77388411553474,93.91200046319918,93.09142249279645,93.31078338623047,11897800,0.0,0.0
2018-07-27 00:00:00-04:00,93.57888995173809,94.48884492213527,93.27827833329303,94.26947784423828,12802700,0.0,0.0
2018-07-30 00:00:00-04:00,94.47260889441658,95.55317944939718,94.29386715466795,94.83821868896484,13411600,0.0,0.0
2018-07-31 00:00:00-04:00,95.12257579344634,95.12257579344634,93.28641913872453,93.39203643798828,15843800,0.0,0.0
2018-08-01 00:00:00-04:00,94.04201320295508,94.80572570408282,93.6601569523912,93.9688949584961,13531600,0.0,0.0
2018-08-02 00:00:00-04:00,93.08329660223758,94.44822605248696,92.88830845179098,94.36698150634766,11058100,0.0,0.0
2018-08-03 00:00:00-04:00,94.24511540200766,95.16319058780358,94.19636991206363,95.13069152832031,11016100,0.0,0.0
2018-08-06 00:00:00-04:00,94.88693964476846,95.48815663326343,94.39133993037541,95.1550521850586,9857400,0.0,0.0
2018-08-07 00:00:00-04:00,95.65879547075271,96.10564981414471,95.32569094086585,95.50443267822266,10562100,0.0,0.0
2018-08-08 00:00:00-04:00,95.32566442399914,96.08937045495237,95.28503905915082,95.69939422607422,8997100,0.0,0.0
2018-08-09 00:00:00-04:00,95.47192014258894,95.64253554092369,94.81382509351347,94.96006774902344,9694200,0.0,0.0
2018-08-10 00:00:00-04:00,93.83890401736757,94.20450765749057,93.17268866968895,94.02577209472656,12630600,0.0,0.0
2018-08-13 00:00:00-04:00,93.88761811561785,94.1476043546236,92.47394332843423,92.53081512451172,10336300,0.0,0.0
2018-08-14 00:00:00-04:00,92.83956219951136,93.46515825838168,92.33584226482617,93.14830017089844,10597600,0.0,0.0
2018-08-15 00:00:00-04:00,92.47395439010549,92.88830963884108,91.78336644125393,92.37645721435547,10152100,0.0,0.0
2018-08-16 00:00:00-04:00,92.90455775075858,93.684516575194,92.86393857571528,93.24578857421875,10118600,0.0,0.0
2018-08-17 00:00:00-04:00,93.14017128083205,93.48952841872557,92.86393857571528,93.24578857421875,8505100,0.0,0.0
2018-08-20 00:00:00-04:00,93.09952243003514,93.47325841698257,92.7095462154398,93.1239013671875,8618700,0.0,0.0
2018-08-21 00:00:00-04:00,93.73326758522525,94.561971893143,93.335158762173,93.69264221191406,10976700,0.0,0.0
2018-08-22 00:00:00-04:00,93.68452741481222,93.7657781714233,93.25392567844825,93.40829467773438,8314700,0.0,0.0
2018-08-23 00:00:00-04:00,93.40014917879145,93.55451814637155,92.96954753086928,93.21328735351562,9265400,0.0,0.0
2018-08-24 00:00:00-04:00,93.41639299790613,93.61138111850093,92.98578519202508,93.17265319824219,8845700,0.0,0.0
2018-08-27 00:00:00-04:00,93.61139991784974,95.28506120273319,93.57077454356036,94.82196044921875,13768000,0.0,0.0
2018-08-28 00:00:00-04:00,95.05757046285213,95.08194320709839,94.220739851402,94.35885620117188,8302600,0.0,0.0
2018-08-29 00:00:00-04:00,94.52946462359203,94.54571725092953,93.72513313009873,94.05011749267578,7221700,0.0,0.0
2018-08-30 00:00:00-04:00,93.91198374044437,94.27759342914622,93.416390239931,93.58700561523438,8991800,0.0,0.0
2018-08-31 00:00:00-04:00,93.294529853514,93.30264996847968,92.47394574702501,93.09141540527344,13065700,0.0,0.0
2018-09-04 00:00:00-04:00,92.89643217672598,93.62764551751262,92.31958781859481,93.55452728271484,10174200,0.0,0.0
2018-09-05 00:00:00-04:00,93.4326590561362,94.00137711009663,92.82331562750923,93.09954833984375,11462400,0.0,0.0
2018-09-06 00:00:00-04:00,93.02642328162263,93.18891237124892,92.21396543636828,92.7014389038086,9877600,0.0,0.0
2018-09-07 00:00:00-04:00,93.02643065996865,93.2457915682188,92.31959004705254,92.88018798828125,10955600,0.0,0.0
2018-09-10 00:00:00-04:00,93.31079168995699,93.40828887269367,92.34397097170704,92.38459014892578,8276900,0.0,0.0
2018-09-11 00:00:00-04:00,92.24644896298736,93.0914057236186,91.95396369205498,92.96953582763672,9333800,0.0,0.0
2018-09-12 00:00:00-04:00,92.82332367199757,93.33516996492085,91.68588126693895,91.87274932861328,10800800,0.0,0.0
2018-09-13 00:00:00-04:00,92.10834563597044,92.72580911855991,91.53962144066588,92.23020935058594,12470800,0.0,0.0
2018-09-14 00:00:00-04:00,92.46582632066706,93.01829790897382,91.99460547655721,92.2139663696289,10337900,0.0,0.0
2018-09-17 00:00:00-04:00,92.44959230782392,92.96956490800149,92.05148964174847,92.4902114868164,9561300,0.0,0.0
2018-09-18 00:00:00-04:00,92.88831012235364,93.15642270814061,92.26271408885073,92.86393737792969,7944200,0.0,0.0
2018-09-19 00:00:00-04:00,92.97766349827835,95.91875647879974,92.97766349827835,95.561279296875,16052800,0.0,0.0
2018-09-20 00:00:00-04:00,96.27624917269976,96.87746620830771,95.93501838480562,96.38186645507812,15590000,0.0,0.0
2018-09-21 00:00:00-04:00,96.78811413798744,96.86936489249703,95.65879807420178,95.7481689453125,24788200,0.0,0.0
2018-09-24 00:00:00-04:00,95.67505039978668,96.24376848816861,94.59447983329876,94.83009338378906,12492500,0.0,0.0
2018-09-25 00:00:00-04:00,95.09004175337981,95.84562759717733,94.50507126804499,94.56194305419922,9308300,0.0,0.0
2018-09-26 00:00:00-04:00,94.85443762200349,94.95193477866417,93.1564039837794,93.44888305664062,14023600,0.0,0.0
2018-09-27 00:00:00-04:00,93.77389989448993,94.05013883486193,92.75020728812987,93.04268646240234,13283000,0.0,0.0
2018-09-28 00:00:00-04:00,92.33582940226674,92.81517652476568,91.41774812921594,91.677734375,15815100,0.0,0.0
2018-10-01 00:00:00-04:00,92.10834908015906,93.11579508287319,91.84023650085692,92.2139663696289,10146300,0.0,0.0
2018-10-02 00:00:00-04:00,92.10024057178133,92.71771039539654,91.653386186554,92.59584045410156,13753100,0.0,0.0
2018-10-03 00:00:00-04:00,93.38389676023607,93.96886733821792,93.01016693509452,93.46514129638672,17142000,0.0,0.0
2018-10-04 00:00:00-04:00,93.71879277871145,95.56780151921303,93.44061940023026,94.30785369873047,16357400,0.8,0.0
2018-10-05 00:00:00-04:00,94.76598882736685,94.98688581826543,93.28513819531251,93.77603149414062,13777600,0.0,0.0
2018-10-08 00:00:00-04:00,93.47333744265632,94.72510192566786,92.73700355795273,94.3487548828125,14370900,0.0,0.0
2018-10-09 00:00:00-04:00,93.8169601127876,94.11149367379954,92.99881271930317,93.6942367553711,14069500,0.0,0.0
2018-10-10 00:00:00-04:00,93.8414875628927,94.04602437644911,91.1988754272461,91.1988754272461,23086400,0.0,0.0
2018-10-11 00:00:00-04:00,90.78981998950839,91.19889369857748,87.85266751256823,88.46627807617188,33705600,0.0,0.0
2018-10-12 00:00:00-04:00,90.29892310613793,90.67527012909729,86.39635684450722,87.5008544921875,32075700,0.0,0.0
2018-10-15 00:00:00-04:00,87.70540787339192,89.05535247170006,86.98544033388022,87.00180053710938,18903200,0.0,0.0
2018-10-16 00:00:00-04:00,87.67267779423004,88.9980725785121,87.32087416490238,88.86717224121094,19302800,0.0,0.0
2018-10-17 00:00:00-04:00,88.67081446278605,90.65073594812905,88.54809734428845,89.85713195800781,18794500,0.0,0.0
2018-10-18 00:00:00-04:00,89.19442529243818,89.86530589940867,88.20446770422375,88.43354797363281,17582500,0.0,0.0
2018-10-19 00:00:00-04:00,88.07354250410793,89.3580332880704,87.7626425902783,88.28626251220703,15234500,0.0,0.0
2018-10-22 00:00:00-04:00,88.48262703835805,88.63807077255377,86.8136058860715,87.01814270019531,16199100,0.0,0.0
2018-10-23 00:00:00-04:00,85.25094347564622,86.8545176260253,84.84186983854242,86.11000061035156,21407500,0.0,0.0
2018-10-24 00:00:00-04:00,85.70910905541692,85.93000607005311,84.19553786662861,84.50643157958984,23168900,0.0,0.0
2018-10-25 00:00:00-04:00,85.2345988333733,86.64181340056561,84.85825176758433,85.79093933105469,17464700,0.0,0.0
2018-10-26 00:00:00-04:00,85.08731223257098,85.54547268562429,84.04826799311994,84.61278533935547,19174900,0.0,0.0
2018-10-29 00:00:00-04:00,85.46367600650122,87.23905435295777,84.84188223946772,85.78275299072266,18445200,0.0,0.0
2018-10-30 00:00:00-04:00,86.48634638256163,87.52539690159172,85.79092245772799,87.29631042480469,18019700,0.0,0.0
2018-10-31 00:00:00-04:00,88.42537317283536,90.38892819639051,88.18810967596706,89.19442749023438,20860000,0.0,0.0
2018-11-01 00:00:00-04:00,89.68531117142084,90.17619831341742,88.621717162121,89.16169738769531,13065000,0.0,0.0
2018-11-02 00:00:00-04:00,89.91440207939111,90.65891298057527,87.94266381479535,88.67081451416016,19009200,0.0,0.0
2018-11-05 00:00:00-05:00,88.85898648292353,89.41532694500285,88.70353648496973,89.25169372558594,10276400,0.0,0.0
2018-11-06 00:00:00-05:00,88.90806048811383,89.72620774113847,88.16354973368489,89.66893768310547,10825000,0.0,0.0
2018-11-07 00:00:00-05:00,90.29891778496415,91.41159858813138,89.46440406160453,91.20706176757812,12679600,0.0,0.0
2018-11-08 00:00:00-05:00,90.82253210392332,92.39337339734581,90.8143488832998,91.94338989257812,11662500,0.0,0.0
2018-11-09 00:00:00-05:00,91.82067330573042,91.92703020655641,90.67526584880987,91.0516128540039,10432200,0.0,0.0
2018-11-12 00:00:00-05:00,91.15797863174828,91.58341876041831,88.85080329386561,89.13715362548828,13279700,0.0,0.0
2018-11-13 00:00:00-05:00,89.25988373633895,90.91254504732457,89.25988373633895,89.66077423095703,13746100,0.0,0.0
2018-11-14 00:00:00-05:00,90.18438860331929,90.57709585091091,86.70726223217146,87.81175994873047,18361400,0.0,0.0
2018-11-15 00:00:00-05:00,88.5562408388545,90.0616347568813,87.38629022979994,90.05345153808594,19100000,0.0,0.0
2018-11-16 00:00:00-05:00,89.54622154938039,90.61799878158908,88.80989395600649,89.98802185058594,13798600,0.0,0.0
2018-11-19 00:00:00-05:00,89.96347208686403,90.97797294293719,89.6116685148914,90.67526245117188,13987000,0.0,0.0
2018-11-20 00:00:00-05:00,89.81621826157766,90.39710215159045,88.34355672466289,88.72808074951172,18936200,0.0,0.0
2018-11-21 00:00:00-05:00,89.20260054757702,89.67712748724217,88.06537628173828,88.06537628173828,10619600,0.0,0.0
2018-11-23 00:00:00-05:00,87.32903186443497,87.86082880186659,86.77269150930107,87.25540161132812,6488400,0.0,0.0
2018-11-26 00:00:00-05:00,88.13082997088976,89.97984465474492,87.90992669983507,89.39077758789062,13948300,0.0,0.0
2018-11-27 00:00:00-05:00,88.98171484858712,90.02075932203654,88.87535168948331,89.76713562011719,9238200,0.0,0.0
2018-11-28 00:00:00-05:00,89.83257896540809,91.14161343969005,89.07170170192408,90.76526641845703,13977300,0.0,0.0
2018-11-29 00:00:00-05:00,90.21711355445683,90.65073693174119,89.70168292526601,90.04530334472656,11144300,0.0,0.0
2018-11-30 00:00:00-05:00,89.87345958527796,91.0761368464005,89.65256261007676,90.96977996826172,18652700,0.0,0.0
2018-12-03 00:00:00-05:00,91.94338227445122,92.3606391041207,91.41976855336198,91.82884216308594,16034500,0.0,0.0
2018-12-04 00:00:00-05:00,91.30523427491427,91.30523427491427,87.3208610565257,87.72993469238281,23555900,0.0,0.0
2018-12-06 00:00:00-05:00,85.91365394441341,86.20000426509718,84.1709961148815,86.06092071533203,27213900,0.0,0.0
2018-12-07 00:00:00-05:00,86.0363692091472,87.52539697875018,84.19553786662861,84.50643157958984,19248600,0.0,0.0
2018-12-10 00:00:00-05:00,84.16281815755761,84.67006550773966,81.22566599447408,82.92741394042969,23636400,0.0,0.0
2018-12-11 00:00:00-05:00,84.37552895735735,84.80915227040988,81.98654033502797,82.11744689941406,16860700,0.0,0.0
2018-12-12 00:00:00-05:00,83.17284325246244,84.18734398275438,81.86380280334933,82.64922332763672,22621500,0.0,0.0
2018-12-13 00:00:00-05:00,83.08287512143907,83.42649554854957,82.36290137857564,82.73107147216797,17250900,0.0,0.0
2018-12-14 00:00:00-05:00,81.80655524094968,83.40194638615087,81.70019832805728,82.052001953125,19879500,0.0,0.0
2018-12-17 00:00:00-05:00,81.62657122009166,82.27290847743296,80.5384398170957,81.0047836303711,25113500,0.0,0.0
2018-12-18 00:00:00-05:00,81.34019896902868,82.54287643813826,80.27661127780615,80.62023162841797,20837200,0.0,0.0
2018-12-19 00:00:00-05:00,80.51387663709276,82.2892547325663,79.03302581913576,79.59754943847656,28767900,0.0,0.0
2018-12-20 00:00:00-05:00,79.04121540908542,80.40751997559468,78.28852135062189,78.91030883789062,31825200,0.0,0.0
2018-12-21 00:00:00-05:00,79.09848880153588,80.53024671388332,76.65222988761934,77.04493713378906,41313900,0.0,0.0
2018-12-24 00:00:00-05:00,75.99768165926947,77.08581877227287,75.38407135009766,75.38407135009766,17009300,0.0,0.0
2018-12-26 00:00:00-05:00,75.83407573080613,78.50941467285156,74.54140149027242,78.50941467285156,22542900,0.0,0.0
2018-12-27 00:00:00-05:00,77.57673249044767,79.48301733891566,76.53768808884442,79.39302062988281,20304700,0.0,0.0
2018-12-28 00:00:00-05:00,80.13751995292046,80.44023667993088,78.90212211024051,79.22119903564453,17963300,0.0,0.0
2018-12-31 00:00:00-05:00,79.84298116383552,80.8411217329487,79.17210071865631,79.8675308227539,13237200,0.0,0.0
2019-01-02 00:00:00-05:00,78.5012232076124,81.63472855610523,78.49304622963498,81.25019836425781,15670900,0.0,0.0
2019-01-03 00:00:00-05:00,81.35746577397202,81.56366373189321,79.74912421925166,80.09553527832031,16286400,0.8,0.0
2019-01-04 00:00:00-05:00,81.74509138481282,83.24621176073379,81.06051288505202,83.04826354980469,16935200,0.0,0.0
2019-01-07 00:00:00-05:00,82.83381246683926,83.69159640132456,82.23996156660638,83.10599517822266,15430700,0.0,0.0
2019-01-08 00:00:00-05:00,83.82355674972007,83.98026914625875,82.10799523526687,82.94927978515625,13578800,0.0,0.0
2019-01-09 00:00:00-05:00,83.147243331943,83.70810189963996,82.42142895307788,82.80908203125,14230300,0.0,0.0
2019-01-10 00:00:00-05:00,82.4956290695852,83.08123647280404,81.87703554950156,82.8008041381836,14376100,0.0,0.0
2019-01-11 00:00:00-05:00,82.38843838705587,82.61937904495463,81.61313221325778,82.40493774414062,15439900,0.0,0.0
2019-01-14 00:00:00-05:00,81.54713742248946,83.60086648426537,81.3739319635599,83.25445556640625,21258500,0.0,0.0
2019-01-15 00:00:00-05:00,81.56363047234912,84.51638553596219,81.32444018357668,83.86479949951172,26504900,0.0,0.0
2019-01-16 00:00:00-05:00,84.3349321877084,85.32467948605033,83.96377852399515,84.54113006591797,18533000,0.0,0.0
2019-01-17 00:00:00-05:00,84.21945602986841,85.3659156496735,84.06274363966244,84.88753509521484,14247600,0.0,0.0
2019-01-18 00:00:00-05:00,85.58860958882144,86.5206279937287,84.81330987230011,86.26493835449219,16428700,0.0,0.0
2019-01-22 00:00:00-05:00,85.0195001402972,85.44013922911438,84.23594452439755,84.9040298461914,17083700,0.0,0.0
2019-01-23 00:00:00-05:00,85.31642606264964,85.53086730003967,84.10398167461742,84.68958282470703,12146700,0.0,0.0
2019-01-24 00:00:00-05:00,84.23592864963511,85.02772749970947,84.07922259011464,84.73905181884766,11296800,0.0,0.0
2019-01-25 00:00:00-05:00,85.37418478211087,86.03401432132581,84.73909169271478,85.27520751953125,14369400,0.0,0.0
2019-01-28 00:00:00-05:00,84.86280230251229,85.97626963945113,84.61536231978803,85.6793441772461,12283100,0.0,0.0
2019-01-29 00:00:00-05:00,85.67934302315976,86.69383938747194,85.55562932612419,85.91853332519531,9743300,0.0,0.0
2019-01-30 00:00:00-05:00,85.89376553249116,86.80103470452889,85.59684016089216,86.11646270751953,12526300,0.0,0.0
2019-01-31 00:00:00-05:00,85.29170805083561,85.61337629282298,84.73084947381591,85.36593627929688,17520600,0.0,0.0
2019-02-01 00:00:00-05:00,85.77832142886783,86.47939298970634,85.38241871504104,85.6793441772461,13000800,0.0,0.0
2019-02-04 00:00:00-05:00,85.60507861812145,85.98448181152344,84.96174249484604,85.98448181152344,9871500,0.0,0.0
2019-02-05 00:00:00-05:00,86.20719675389847,86.2319457824195,85.19270682760695,85.6051025390625,12763000,0.0,0.0
2019-02-06 00:00:00-05:00,85.53913055144073,86.28969387939969,85.34118234218148,85.56387329101562,8745000,0.0,0.0
2019-02-07 00:00:00-05:00,85.15971712740992,85.3659149897039,83.66684661805257,84.44214630126953,13177500,0.0,0.0
2019-02-08 00:00:00-05:00,84.19471143743833,84.40915268044104,82.52862921005242,83.60086059570312,12892600,0.0,0.0
2019-02-11 00:00:00-05:00,83.93079192235503,84.13698981484818,83.11424373736676,83.20497131347656,10978500,0.0,0.0
2019-02-12 00:00:00-05:00,84.08748810513859,84.887536840297,84.03800263043917,84.62360382080078,12852300,0.0,0.0
2019-02-13 00:00:00-05:00,84.87103439507521,85.65458369025382,84.87103439507521,85.02774047851562,10754100,0.0,0.0
2019-02-14 00:00:00-05:00,84.51638552444327,85.03600190108926,83.59261678441287,84.47514343261719,11518500,0.0,0.0
2019-02-15 00:00:00-05:00,85.69584768037869,87.18046877060843,85.49789946021347,87.05675506591797,14716900,0.0,0.0
2019-02-19 00:00:00-05:00,86.52887310555387,86.90827641333757,85.621597486224,86.7515640258789,12764900,0.0,0.0
2019-02-20 00:00:00-05:00,86.77630802709412,87.26293825661476,86.50412533732796,87.17221069335938,10030300,0.0,0.0
2019-02-21 00:00:00-05:00,86.9742690772254,87.41965728289861,86.57012296737132,86.99076843261719,8400100,0.0,0.0
2019-02-22 00:00:00-05:00,87.18045514488283,87.50212331212435,86.42164850896225,86.60310363769531,10647300,0.0,0.0
2019-02-25 00:00:00-05:00,87.22170781733949,88.47538822476147,87.1722223371937,87.51038360595703,11230700,0.0,0.0
2019-02-26 00:00:00-05:00,86.19071435522487,86.99076314123293,85.72883311491505,86.84230041503906,15465400,0.0,0.0
2019-02-27 00:00:00-05:00,86.75156233463257,86.9165181025716,86.19895359011169,86.73506927490234,9968800,0.0,0.0
2019-02-28 00:00:00-05:00,86.61136449710474,86.77632029398247,85.92678598400767,86.07524871826172,15156900,0.0,0.0
2019-03-01 00:00:00-05:00,86.68558916550029,87.35367458859537,85.94327552465022,86.13298034667969,13813300,0.0,0.0
2019-03-04 00:00:00-05:00,86.53711466217396,87.36190608585306,85.17620755457159,85.93502044677734,12466300,0.0,0.0
2019-03-05 00:00:00-05:00,85.88552687283261,86.23194404590018,85.16796237665197,85.86903381347656,10856600,0.0,0.0
2019-03-06 00:00:00-05:00,85.66284121118989,86.24844239042972,85.40715787321938,85.54737091064453,9070800,0.0,0.0
2019-03-07 00:00:00-05:00,85.15970490907114,85.34116000868094,84.26068537893327,84.92876434326172,12705700,0.0,0.0
2019-03-08 00:00:00-05:00,84.12047830034666,85.14322422999506,84.12047830034666,84.9617691040039,10582400,0.0,0.0
2019-03-11 00:00:00-04:00,85.76181727643508,86.23194814868879,85.49788426556738,86.06698608398438,9763200,0.0,0.0
2019-03-12 00:00:00-04:00,86.2649413712547,86.4299034495406,85.57211952043346,85.81130981445312,10219100,0.0,0.0
2019-03-13 00:00:00-04:00,85.9350502785801,86.5866364845997,85.73709573746386,86.10000610351562,13022200,0.0,0.0
2019-03-14 00:00:00-04:00,86.1907078548726,87.32067442416471,86.15771544124442,86.88352966308594,10926500,0.0,0.0
2019-03-15 00:00:00-04:00,86.9412614724202,88.08772097515684,86.79279877387437,87.88152313232422,24811700,0.0,0.0
2019-03-18 00:00:00-04:00,87.88154247889075,88.90428224254578,87.84030038418153,88.40940856933594,12935500,0.0,0.0
2019-03-19 00:00:00-04:00,89.24244887590746,89.40741097200835,87.8815477658732,88.0877456665039,12889300,0.0,0.0
2019-03-20 00:00:00-04:00,87.78256931535734,87.9640244722723,86.11649306967172,86.20721435546875,14920700,0.0,0.0
2019-03-21 00:00:00-04:00,85.35764953564977,85.35764953564977,84.35965282173707,84.84628295898438,19751000,0.0,0.0
2019-03-22 00:00:00-04:00,83.98025717611247,84.39265286177256,82.0832345050126,82.28118896484375,31115200,0.0,0.0
2019-03-25 00:00:00-04:00,82.14097773884298,82.94927613111078,80.90379056002001,81.59661865234375,21032300,0.0,0.0
2019-03-26 00:00:00-04:00,82.33068434291789,82.8090649061003,81.50589287232458,82.41316223144531,15987100,0.0,0.0
2019-03-27 00:00:00-04:00,82.38015456704225,82.85028536654204,81.72032528831289,82.13272094726562,12753200,0.0,0.0
2019-03-28 00:00:00-04:00,82.47914188969445,83.13897754187566,82.26469435883669,83.06474304199219,12454100,0.0,0.0
2019-03-29 00:00:00-04:00,83.74932806080645,84.12048171163268,82.96577237522048,83.49364471435547,14523400,0.0,0.0
2019-04-01 00:00:00-04:00,84.25245376912336,86.33917527675491,84.22771103071821,86.30618286132812,17499300,0.0,0.0
2019-04-02 00:00:00-04:00,86.2731787854566,86.96600683045905,86.05048787724874,86.71856689453125,10295400,0.0,0.0
2019-04-03 00:00:00-04:00,87.27120333438396,87.7248412634266,86.42991861184964,86.89179992675781,11499200,0.0,0.0
2019-04-04 00:00:00-04:00,86.89179198931483,87.87249345341621,86.80867664459275,87.731201171875,11952100,0.8,0.0
2019-04-05 00:00:00-04:00,87.93066712463096,88.18830692943153,87.25746963408477,87.52342224121094,9933700,0.0,0.0
2019-04-08 00:00:00-04:00,87.35718077479828,87.80597686767578,87.19096281779562,87.80597686767578,8056300,0.0,0.0
2019-04-09 00:00:00-04:00,87.33226088395305,87.43198913572705,86.6424442187386,87.15773010253906,9092200,0.0,0.0
2019-04-10 00:00:00-04:00,87.37380906860818,87.86416287184313,86.82528468113522,87.54833984375,10882300,0.0,0.0
2019-04-11 00:00:00-04:00,87.85586321827107,88.70359149960206,87.73119654856825,88.28804016113281,11183800,0.0,0.0
2019-04-12 00:00:00-04:00,90.95588425524552,92.95883852532215,90.49046241748313,92.42693328857422,25834100,0.0,0.0
2019-04-15 00:00:00-04:00,92.1859142053893,92.25240394624421,90.68993308101768,91.3714370727539,15163800,0.0,0.0
2019-04-16 00:00:00-04:00,91.33819708045547,92.57653845116411,91.30495220825249,92.33551788330078,11583200,0.0,0.0
2019-04-17 00:00:00-04:00,92.83414643911487,95.29421541175091,92.26069002756094,94.9950180053711,17791900,0.0,0.0
2019-04-18 00:00:00-04:00,95.18619279710738,95.5352544151093,94.1888720768703,94.29691314697266,12501900,0.0,0.0
2019-04-22 00:00:00-04:00,93.77331515190271,94.68752681463778,93.6320292207403,94.41326141357422,7975900,0.0,0.0
2019-04-23 00:00:00-04:00,93.91459552033659,95.05320838588527,93.789928859891,94.52960968017578,9193100,0.0,0.0
2019-04-24 00:00:00-04:00,94.13068358325522,94.87036440045598,93.75668360347781,94.3717041015625,9245700,0.0,0.0
2019-04-25 00:00:00-04:00,93.92291710600377,94.87037366870494,93.49905295717103,94.42157745361328,9311800,0.0,0.0
2019-04-26 00:00:00-04:00,94.70414508962597,95.2277438208848,94.41326042826553,95.13632202148438,7889300,0.0,0.0
2019-04-29 00:00:00-04:00,95.24435751021777,97.37198449624978,95.11969085098465,96.50763702392578,14242200,0.0,0.0
2019-04-30 00:00:00-04:00,96.76527195342462,97.00629245831333,95.79288347359766,96.44945526123047,11389100,0.0,0.0
2019-05-01 00:00:00-04:00,96.17521625540425,97.23902681630067,95.66824304422532,95.70980072021484,10412900,0.0,0.0
2019-05-02 00:00:00-04:00,95.71807995426649,96.22505302122904,95.22773248929478,95.91754913330078,8613300,0.0,0.0
2019-05-03 00:00:00-04:00,96.40790242837735,96.97305245486575,96.13363704622644,96.50763702392578,8185400,0.0,0.0
2019-05-06 00:00:00-04:00,94.89530356267773,95.96742677294145,94.51299709356829,95.65160369873047,9387000,0.0,0.0
2019-05-07 00:00:00-04:00,94.7705997411589,94.7705997411589,93.3244834308629,94.08909606933594,15017700,0.0,0.0
2019-05-08 00:00:00-04:00,93.63202702892539,94.47143613498896,93.46580269544006,93.59046936035156,9575800,0.0,0.0
2019-05-09 00:00:00-04:00,92.36875136050283,93.6985143805217,91.90333588869878,93.51567077636719,12205900,0.0,0.0
2019-05-10 00:00:00-04:00,92.87572256657683,93.78162142542706,91.87008910550036,93.50736236572266,13189000,0.0,0.0
2019-05-13 00:00:00-04:00,91.48777870582623,91.79528261971095,90.5735670842495,90.96417999267578,13783700,0.0,0.0
2019-05-14 00:00:00-04:00,91.04731710285951,92.85080871305365,91.0057594252449,91.68726348876953,10503600,0.0,0.0
2019-05-15 00:00:00-04:00,90.76472527823981,92.16929087296292,90.26606492545618,91.33818817138672,10142000,0.0,0.0
2019-05-16 00:00:00-04:00,91.93657614504745,93.22478143011719,91.91163773961442,92.5100326538086,9672700,0.0,0.0
2019-05-17 00:00:00-04:00,91.42128729936852,92.87571687004029,91.28000137715473,92.06123352050781,9570100,0.0,0.0
2019-05-20 00:00:00-04:00,91.90332013237148,92.92557270279714,91.72878936036732,92.54326629638672,8518200,0.0,0.0
2019-05-21 00:00:00-04:00,92.61809503556186,93.01702081567616,92.43525141100491,92.85911560058594,7967900,0.0,0.0
2019-05-22 00:00:00-04:00,92.58483953663233,92.90896907357491,92.04462152812464,92.10279846191406,7918900,0.0,0.0
2019-05-23 00:00:00-04:00,91.12211079846695,91.2467774870584,89.34355130760828,90.29100799560547,14558000,0.0,0.0
2019-05-24 00:00:00-04:00,91.02237104008624,91.38805828175728,90.7481119496438,91.18028259277344,8537300,0.0,0.0
2019-05-28 00:00:00-04:00,90.75639602095296,91.2799946861321,90.12476264765861,90.19124603271484,11665500,0.0,0.0
2019-05-29 00:00:00-04:00,89.30197249126236,90.0915237715621,88.97784298214036,89.94192504882812,9966400,0.0,0.0
2019-05-30 00:00:00-04:00,90.29930069788857,90.73978407082109,88.54567366695399,88.97784423828125,10367800,0.0,0.0
2019-05-31 00:00:00-04:00,87.73120964999119,88.58724452054497,87.13281461870395,88.06365203857422,10952800,0.0,0.0
2019-06-03 00:00:00-04:00,87.93066256208736,88.8116293385793,87.51511123871418,88.47918701171875,11680700,0.0,0.0
2019-06-04 00:00:00-04:00,89.63441674299375,91.33817965876014,89.03602183909902,91.2052001953125,12858600,0.0,0.0
2019-06-05 00:00:00-04:00,91.30494770108785,91.73711833677093,90.29100134178785,91.52934265136719,8340500,0.0,0.0
2019-06-06 00:00:00-04:00,91.54594670855666,92.1443415561963,90.53200058792386,91.72879028320312,8726700,0.0,0.0
2019-06-07 00:00:00-04:00,91.17196493321345,91.4379175473135,90.55695070200905,90.72317504882812,10618900,0.0,0.0
2019-06-10 00:00:00-04:00,92.0446278453964,92.42693434236715,91.6041444106434,91.70387268066406,11380600,0.0,0.0
2019-06-11 00:00:00-04:00,92.10278879188611,92.7261157345331,91.72879516262174,91.98643493652344,9847700,0.0,0.0
2019-06-12 00:00:00-04:00,92.00306758463526,92.16929193134551,90.49877370656782,90.81459045410156,9670500,0.0,0.0
2019-06-13 00:00:00-04:00,90.97251171905495,91.55428748349019,90.6317628683069,91.03900146484375,8406900,0.0,0.0
2019-06-14 00:00:00-04:00,91.06391471161746,91.67062242011566,90.28267621210713,91.27169036865234,9077400,0.0,0.0
2019-06-17 00:00:00-04:00,91.17196652921255,91.72881017479114,90.64006129170126,90.77304077148438,8128600,0.0,0.0
2019-06-18 00:00:00-04:00,90.59847338186003,92.59312038761857,90.57354132466935,92.01134490966797,11057300,0.0,0.0
2019-06-19 00:00:00-04:00,92.10281209200612,92.7427584583941,91.17197467281242,91.34651184082031,13126500,0.0,0.0
2019-06-20 00:00:00-04:00,92.1526572470514,92.32718803829387,90.61511865112584,91.5792007446289,13638000,0.0,0.0
2019-06-21 00:00:00-04:00,91.57920622062511,92.80923463459139,90.66498820115125,90.95587921142578,27089500,0.0,0.0
2019-06-24 00:00:00-04:00,90.82289677349372,91.23013529744587,90.20788258659314,90.3076171875,13039600,0.0,0.0
2019-06-25 00:00:00-04:00,90.3242366377016,90.57356997008029,89.4848211822241,89.55962371826172,18660100,0.0,0.0
2019-06-26 00:00:00-04:00,90.00842128598251,90.84783041346307,89.89206741997907,90.15802001953125,10324600,0.0,0.0
2019-06-27 00:00:00-04:00,90.45722198486328,91.04731052848692,90.12478595119649,90.45722198486328,10906600,0.0,0.0
2019-06-28 00:00:00-04:00,92.28563471511399,93.44086683749943,92.16928085680247,92.91727447509766,21634700,0.0,0.0
2019-07-01 00:00:00-04:00,94.10575792249941,95.17787478470412,93.98109125409114,94.47975158691406,12724500,0.0,0.0
2019-07-02 00:00:00-04:00,94.33846250556653,94.91191901580322,94.09744197890649,94.57948303222656,10174900,0.0,0.0
2019-07-03 00:00:00-04:00,94.86407858250372,95.30768693990512,93.96013771321427,94.42884826660156,6849400,0.8,0.0
2019-07-05 00:00:00-04:00,95.00635207287341,95.64245729999911,94.51252665145363,94.98960876464844,7929400,0.0,0.0
2019-07-08 00:00:00-04:00,94.54599069504006,94.98122723455798,94.16097768589728,94.47066497802734,6917200,0.0,0.0
2019-07-09 00:00:00-04:00,93.97684593895855,94.9895988672097,93.8680399896375,94.87242126464844,8947300,0.0,0.0
2019-07-10 00:00:00-04:00,94.8891952989811,95.27420845860364,94.36188953099821,94.59624481201172,9242300,0.0,0.0
2019-07-11 00:00:00-04:00,94.88915605589418,95.71777085270436,94.67990944356939,95.50015258789062,11595200,0.0,0.0
2019-07-12 00:00:00-04:00,95.52528315364604,96.54640787860936,95.35788837952475,96.50456237792969,10783400,0.0,0.0
2019-07-15 00:00:00-04:00,96.7054210216631,96.73052959496285,95.0230763678776,95.332763671875,12946600,0.0,0.0
2019-07-16 00:00:00-04:00,94.98123961856705,96.6719496953047,94.51252279291931,96.35389709472656,16945000,0.0,0.0
2019-07-17 00:00:00-04:00,95.77635712610315,96.2032219919986,95.19046918130522,95.4080810546875,13120900,0.0,0.0
2019-07-18 00:00:00-04:00,95.3578808672114,96.31204505307643,95.03982826715666,95.97724914550781,9397200,0.0,0.0
2019-07-19 00:00:00-04:00,96.16138658683936,96.35389630778863,94.91427838462262,95.03145599365234,10402800,0.0,0.0
2019-07-22 00:00:00-04:00,94.50416015255176,95.79311389824532,94.3869761536059,95.6424560546875,9061100,0.0,0.0
2019-07-23 00:00:00-04:00,96.15300373109723,97.46707223843926,96.10278658613512,97.3917465209961,12752200,0.0,0.0
2019-07-24 00:00:00-04:00,96.73892289044518,97.8270017529612,96.68869934690942,97.78515625,10011000,0.0,0.0
2019-07-25 00:00:00-04:00,97.83536942115319,98.12831347275107,96.52130063052722,96.84772491455078,10138400,0.0,0.0
2019-07-26 00:00:00-04:00,96.89791131503098,97.5172858397649,96.69703636993587,97.2745590209961,12800400,0.0,0.0
2019-07-29 00:00:00-04:00,97.47546716651735,98.07809859276004,96.91468762820321,96.96490478515625,8500400,0.0,0.0
2019-07-30 00:00:00-04:00,96.4124867806745,97.1574043305542,96.05258229365504,96.74727630615234,7121100,0.0,0.0
2019-07-31 00:00:00-04:00,97.17413621980813,97.24109667571611,96.13627469603671,97.09043884277344,13648000,0.0,0.0
2019-08-01 00:00:00-04:00,96.5296715629508,97.76004295615925,94.24469520617774,94.5292739868164,15664500,0.0,0.0
2019-08-02 00:00:00-04:00,94.07729503571719,94.93939021125888,93.24030843644158,94.5208969116211,11025500,0.0,0.0
2019-08-05 00:00:00-04:00,92.72974280055767,92.88877229218583,90.6205330694396,91.7086181640625,15855300,0.0,0.0
2019-08-06 00:00:00-04:00,92.11035323767463,92.48699455261371,90.67910091522786,92.42840576171875,10203500,0.0,0.0
2019-08-07 00:00:00-04:00,90.39455389899283,90.62890912812989,88.6703635254549,90.41966247558594,17320900,0.0,0.0
2019-08-08 00:00:00-04:00,91.27339782927838,92.13549306738501,90.99719069890398,91.95135498046875,10903300,0.0,0.0
2019-08-09 00:00:00-04:00,91.52447451135063,92.44515840446516,90.6372708452567,91.85089874267578,9980800,0.0,0.0
2019-08-12 00:00:00-04:00,90.7628282126159,90.82141701871353,89.73333189324218,90.12671661376953,9393700,0.0,0.0
2019-08-13 00:00:00-04:00,90.35269486660195,92.34472692808394,89.58266877872347,91.51610565185547,12124700,0.0,0.0
2019-08-14 00:00:00-04:00,88.97168173300823,89.48224409051555,87.4232513518165,87.71620178222656,19491800,0.0,0.0
2019-08-15 00:00:00-04:00,87.7329270345544,89.03862396625307,87.3311706940392,88.05097961425781,13365600,0.0,0.0
2019-08-16 00:00:00-04:00,89.0302788714839,90.37782798892026,88.6117855154031,90.16020965576172,11830600,0.0,0.0
2019-08-19 00:00:00-04:00,91.75883178944186,91.85927247277452,90.74607884554771,90.9720687866211,8265400,0.0,0.0
2019-08-20 00:00:00-04:00,90.2689900644106,90.76281540529465,89.75842780373219,89.8170166015625,8374000,0.0,0.0
2019-08-21 00:00:00-04:00,90.57031351499805,90.75445157711196,89.93420195106829,90.06812286376953,8189300,0.0,0.0
2019-08-22 00:00:00-04:00,90.70424071869193,91.45752355493,90.33596456892148,90.99718475341797,9343400,0.0,0.0
2019-08-23 00:00:00-04:00,90.39455628794323,91.04740483942173,87.97566543146455,88.73731994628906,14762300,0.0,0.0
2019-08-26 00:00:00-04:00,89.23951433458424,89.54919529231653,88.72895199347307,89.44876098632812,8209500,0.0,0.0
2019-08-27 00:00:00-04:00,89.85052461644361,90.0262910642968,87.74968612613782,88.50297546386719,14331800,0.0,0.0
2019-08-28 00:00:00-04:00,87.95055683674752,89.73333606433116,87.9170766051782,89.39017486572266,10585500,0.0,0.0
2019-08-29 00:00:00-04:00,90.51174040072029,91.9764671123465,90.41129969878473,91.41568756103516,10002200,0.0,0.0
2019-08-30 00:00:00-04:00,91.93461167127558,92.537243088201,91.62493069391772,91.95135498046875,10170300,0.0,0.0
2019-09-03 00:00:00-04:00,91.2148128858509,91.22317815510073,89.82541190617567,90.86327362060547,9868800,0.0,0.0
2019-09-04 00:00:00-04:00,91.60817758414316,92.25266081940089,90.86326004727701,91.959716796875,6929200,0.0,0.0
2019-09-05 00:00:00-04:00,93.11477288921844,95.18213111575204,93.07292099880769,94.05220031738281,13224700,0.0,0.0
2019-09-06 00:00:00-04:00,94.29491127053291,94.56274672099629,93.70901683247493,94.25305938720703,7836600,0.0,0.0
2019-09-09 00:00:00-04:00,95.17375492807697,97.14067235537556,95.08168588211944,96.58826446533203,13985100,0.0,0.0
2019-09-10 00:00:00-04:00,97.34155188862623,98.15342359131208,96.86446974404932,97.81863403320312,14333100,0.0,0.0
2019-09-11 00:00:00-04:00,97.83535777836798,98.09482156666299,96.57150629393303,98.08645629882812,9919200,0.0,0.0
2019-09-12 00:00:00-04:00,97.5507846982235,99.15779733739599,97.02347908627273,98.6890869140625,12283500,0.0,0.0
2019-09-13 00:00:00-04:00,99.6014087886333,100.7731913456398,99.39216213151431,100.63090515136719,16257200,0.0,0.0
2019-09-16 00:00:00-04:00,99.51768752694305,100.32956538349359,99.08245100856352,99.73530578613281,11993900,0.0,0.0
2019-09-17 00:00:00-04:00,99.11595920716054,99.27498871672712,98.1283146883236,99.24150848388672,10735400,0.0,0.0
2019-09-18 00:00:00-04:00,99.03224800975433,100.50534612082961,98.55516593327604,100.23751068115234,10665600,0.0,0.0
2019-09-19 00:00:00-04:00,100.18729958425706,100.72297053011494,99.67673721622043,99.91946411132812,9382600,0.0,0.0
2019-09-20 00:00:00-04:00,100.22077350221106,100.72296418409981,99.49259924846774,99.51770782470703,21862800,0.0,0.0
2019-09-23 00:00:00-04:00,98.58026979356207,99.70183503374302,98.49657241998446,99.5009536743164,9135100,0.0,0.0
2019-09-24 00:00:00-04:00,99.39215557084945,99.81902051119205,97.96090929691331,98.2036361694336,11696500,0.0,0.0
2019-09-25 00:00:00-04:00,98.15342410547626,99.06574289749625,98.0278812133785,98.7644271850586,9389400,0.0,0.0
2019-09-26 00:00:00-04:00,98.66399021556583,98.80628280815839,97.88559232662563,97.95255279541016,9899200,0.0,0.0
2019-09-27 00:00:00-04:00,98.73093480279279,99.30008592450577,98.16178368107981,98.53005981445312,10207800,0.0,0.0
2019-09-30 00:00:00-04:00,99.06571560078547,99.40887672080008,98.11155156954513,98.50493621826172,9755000,0.0,0.0
2019-10-01 00:00:00-04:00,99.09920891617436,99.60139956963746,96.59662091666452,96.71379852294922,11250300,0.0,0.0
2019-10-02 00:00:00-04:00,96.09443151596811,96.169763632111,94.52089897385144,94.78873443603516,12548700,0.0,0.0
2019-10-03 00:00:00-04:00,94.72123798381276,95.26120644355015,93.2447779194318,94.65374755859375,12735200,0.9,0.0
2019-10-04 00:00:00-04:00,94.78028154622612,96.97388416814468,94.72122341021165,96.70390319824219,9453100,0.0,0.0
2019-10-07 00:00:00-04:00,96.34111625822493,97.44634985479335,96.23987098006936,96.49298095703125,6771600,0.0,0.0
2019-10-08 00:00:00-04:00,95.3877434814082,95.3877434814082,94.20658072219109,94.34156799316406,10806300,0.0,0.0
2019-10-09 00:00:00-04:00,95.05870417640169,95.47211757816328,94.55249064676049,95.02495574951172,7273700,0.0,0.0
2019-10-10 00:00:00-04:00,95.4552672122715,97.36201203265304,95.33715090309227,96.35801696777344,10994100,0.0,0.0
2019-10-11 00:00:00-04:00,97.89350630277002,99.5471405762152,97.75851903394499,97.98631286621094,15076500,0.0,0.0
2019-10-14 00:00:00-04:00,97.74164261231712,98.60221140277925,97.58134563123436,98.24785614013672,8779000,0.0,0.0
2019-10-15 00:00:00-04:00,100.27273046391656,102.58444330188765,99.44591642348801,101.209228515625,23379000,0.0,0.0
2019-10-16 00:00:00-04:00,101.2092168697618,101.76605626858696,100.71987432597989,100.97298431396484,11087700,0.0,0.0
2019-10-17 00:00:00-04:00,101.87574692470734,102.56757368568664,101.14173301469003,101.53826904296875,10818500,0.0,0.0
2019-10-18 00:00:00-04:00,101.24297369200431,102.10353613617019,101.12485740431204,101.71543884277344,10417400,0.0,0.0
2019-10-21 00:00:00-04:00,102.9725456905459,104.42368960074607,102.92191982567662,104.23808288574219,12714600,0.0,0.0
2019-10-22 00:00:00-04:00,104.15369100532381,105.54578297237956,103.87527776139582,105.28424072265625,12549100,0.0,0.0
2019-10-23 00:00:00-04:00,104.78647445789682,105.58798518942204,104.761164744549,105.56267547607422,8828300,0.0,0.0
2019-10-24 00:00:00-04:00,105.70609404459378,106.01826217326455,104.67678952844878,105.48673248291016,8020500,0.0,0.0
2019-10-25 00:00:00-04:00,105.46143550785507,106.85352774392979,105.25051263683936,106.33043670654297,9055700,0.0,0.0
2019-10-28 00:00:00-04:00,106.78602439443732,107.32598639649315,106.64259839570323,106.73540496826172,9522200,0.0,0.0
2019-10-29 00:00:00-04:00,106.35573956858586,107.50316042793052,106.25450071660853,106.66790771484375,9797300,0.0,0.0
2019-10-30 00:00:00-04:00,106.34730490755979,106.52447933140769,105.39392949375556,106.07732391357422,8513700,0.0,0.0
2019-10-31 00:00:00-04:00,105.87484003431993,106.07733062025244,104.49962526501733,105.39393615722656,11589100,0.0,0.0
2019-11-01 00:00:00-04:00,106.47387222988132,107.98408089374836,106.32200749170319,107.82378387451172,11682600,0.0,0.0
2019-11-04 00:00:00-05:00,108.9036812889162,109.19053325897971,108.46495818112543,108.684326171875,9159900,0.0,0.0
2019-11-05 00:00:00-05:00,109.1652352274218,109.93299752976812,108.70120235931634,108.92057037353516,13747600,0.0,0.0
2019-11-06 00:00:00-05:00,108.57464219371192,109.54488209943105,108.4818356300051,109.08929443359375,11231100,0.0,0.0
2019-11-07 00:00:00-05:00,110.04268230891857,110.76825755437333,109.61240425443349,109.67990112304688,13528900,0.0,0.0
2019-11-08 00:00:00-05:00,109.57865018357344,110.01736047065621,109.04712044787668,110.00049591064453,9293400,0.0,0.0
2019-11-11 00:00:00-05:00,109.34239882742092,109.7642444820426,109.13147600011008,109.61237335205078,8679000,0.0,0.0
2019-11-12 00:00:00-05:00,109.36773507711308,110.20298143678062,108.84463758432068,108.97119903564453,9099000,0.0,0.0
2019-11-13 00:00:00-05:00,108.10217668951339,108.6843257802382,107.50315016716674,108.3974609375,8023300,0.0,0.0
2019-11-14 00:00:00-05:00,107.75628087085425,108.7012112440782,107.64659685477976,108.49873352050781,8483400,0.0,0.0
2019-11-15 00:00:00-05:00,109.03025330740509,109.28336334228516,108.32998778951172,109.28336334228516,10163600,0.0,0.0
2019-11-18 00:00:00-05:00,109.30866154031821,110.22828212555933,108.82776411105928,110.20297241210938,8749300,0.0,0.0
2019-11-19 00:00:00-05:00,110.51514417334324,110.73449930886731,109.83174330654973,110.16922760009766,8824500,0.0,0.0
2019-11-20 00:00:00-05:00,109.93301626374608,110.20299087701741,108.78559519149104,109.36774444580078,11782800,0.0,0.0
2019-11-21 00:00:00-05:00,109.67989130358193,110.28735019300626,109.16523899097824,109.6208267211914,7705500,0.0,0.0
2019-11-22 00:00:00-05:00,109.80643539507724,110.70919141220418,109.76426112218768,110.34639739990234,8167900,0.0,0.0
2019-11-25 00:00:00-05:00,110.7344830254247,111.42631607018222,110.41387621212657,110.93697357177734,10068500,0.0,0.0
2019-11-26 00:00:00-05:00,111.21542100881058,111.21542100881058,109.98362573998573,111.08885955810547,10490700,0.0,0.0
2019-11-27 00:00:00-05:00,111.61193788775273,111.7300541775311,111.07197586680726,111.41789245605469,6607900,0.0,0.0
2019-11-29 00:00:00-05:00,111.25759387233457,111.71319449114947,110.90324498753999,111.16478729248047,5712000,0.0,0.0
2019-12-02 00:00:00-05:00,111.62880263861835,111.99159662053141,110.81886613607841,110.92010498046875,8615600,0.0,0.0
2019-12-03 00:00:00-05:00,109.48584567393665,109.64614911304112,108.4902830449401,109.49427795410156,10361300,0.0,0.0
2019-12-04 00:00:00-05:00,110.00049339588878,111.76380540504393,109.67145425124399,111.65412139892578,10318200,0.0,0.0
2019-12-05 00:00:00-05:00,111.94094412233356,112.47247370687344,111.51909851522733,112.26155090332031,9587400,0.0,0.0
2019-12-06 00:00:00-05:00,113.63679124894529,114.556411740933,113.60303638529504,113.93207550048828,10170600,0.0,0.0
2019-12-09 00:00:00-05:00,113.58617924214204,114.28644466095076,113.40056610107422,113.40056610107422,8498200,0.0,0.0
2019-12-10 00:00:00-05:00,112.42187202198355,113.70428647445237,112.10971034308515,113.47648620605469,7532900,0.0,0.0
2019-12-11 00:00:00-05:00,113.29931138986423,113.91521537521764,113.0630788299538,113.20650482177734,9011900,0.0,0.0
2019-12-12 00:00:00-05:00,113.4680520562894,116.82593995836972,113.23181951284906,116.44628143310547,13717400,0.0,0.0
2019-12-13 00:00:00-05:00,116.38721499935518,117.12966748041474,114.927632620643,115.42540740966797,10592100,0.0,0.0
2019-12-16 00:00:00-05:00,116.75004317982228,117.13813409142617,115.85573217845234,115.87259674072266,11372000,0.0,0.0
2019-12-17 00:00:00-05:00,116.2016097655863,116.99468171986899,115.77976407702816,116.58126831054688,11546800,0.0,0.0
2019-12-18 00:00:00-05:00,116.55594131829645,117.28996146168215,116.19316025930334,116.463134765625,10381500,0.0,0.0
2019-12-19 00:00:00-05:00,116.22691563204664,116.61501931711294,115.67008912558919,115.88101196289062,9350400,0.0,0.0
2019-12-20 00:00:00-05:00,116.44628624512039,117.17186133673019,115.50134315860221,115.7882080078125,29992600,0.0,0.0
2019-12-23 00:00:00-05:00,116.09195514825531,116.35349745255768,115.48449624045791,115.75447082519531,9738400,0.0,0.0
2019-12-24 00:00:00-05:00,115.86414276051075,116.11725275799125,115.63634247540737,116.07506561279297,3324300,0.0,0.0
2019-12-26 00:00:00-05:00,116.33660665791197,117.35747891657968,116.24380008894218,117.30684661865234,6770900,0.0,0.0
2019-12-27 00:00:00-05:00,117.52624435822888,117.92278044654826,116.99471452203218,117.39125061035156,7868200,0.0,0.0
2019-12-30 00:00:00-05:00,118.03239316158336,118.18426427117846,116.82592093077764,116.9609146118164,6963000,0.0,0.0
2019-12-31 00:00:00-05:00,116.85969558497658,117.67807730372562,116.6740824400824,117.61058044433594,7201600,0.0,0.0
2020-01-02 00:00:00-05:00,117.93962883678368,119.04487551304119,117.49247337275646,119.03643035888672,10803700,0.0,0.0
2020-01-03 00:00:00-05:00,116.75233627464497,118.22128931417473,116.3957125113327,117.46558380126953,10386800,0.9,0.0
2020-01-06 00:00:00-05:00,115.95415346287253,117.40613343114413,115.90320907036407,117.37216186523438,10259000,0.0,0.0
2020-01-07 00:00:00-05:00,116.56551573648005,117.05799980674644,115.32582562542724,115.37677001953125,10531300,0.0,0.0
2020-01-08 00:00:00-05:00,115.22391148750772,116.82023809830265,115.13900849191864,116.27680969238281,9695300,0.0,0.0
2020-01-09 00:00:00-05:00,117.21931881734534,117.37215198200148,116.36171176114672,116.70136260986328,9469000,0.0,0.0
2020-01-10 00:00:00-05:00,116.50610662175279,116.54006523869288,115.31734772710554,115.53812408447266,10190900,0.0,0.0
2020-01-13 00:00:00-05:00,115.64001003272261,116.49760437011719,115.27488688875869,116.49760437011719,12355200,0.0,0.0
2020-01-14 00:00:00-05:00,117.12592223019564,119.52039928905742,116.91364529791134,117.85615539550781,24906000,0.0,0.0
2020-01-15 00:00:00-05:00,117.04949210688011,117.68632283008108,115.60599876920786,116.08999633789062,16293400,0.0,0.0
2020-01-16 00:00:00-05:00,116.70986566228711,117.09196158475964,116.19190938095775,116.54004669189453,10783800,0.0,0.0
2020-01-17 00:00:00-05:00,116.7862882837396,117.42311917285114,116.59949647611587,117.3467025756836,14697700,0.0,0.0
2020-01-21 00:00:00-05:00,116.48907211090484,117.23629093463565,116.06451831675845,116.19187927246094,8474200,0.0,0.0
2020-01-22 00:00:00-05:00,116.53157209523481,116.6674195115106,115.8013387877746,116.05606079101562,7549100,0.0,0.0
2020-01-23 00:00:00-05:00,115.23240870595303,116.1069885779651,114.3917874402718,115.9371566772461,9345700,0.0,0.0
2020-01-24 00:00:00-05:00,115.79282095270982,115.84376534523454,112.35394489372854,113.0586929321289,15166400,0.0,0.0
2020-01-27 00:00:00-05:00,110.61326401197323,112.8803800224658,110.13776577167812,112.1076889038086,12860500,0.0,0.0
2020-01-28 00:00:00-05:00,112.79548285620136,114.60408670945495,112.48980351419169,114.14556121826172,13062800,0.0,0.0
2020-01-29 00:00:00-05:00,114.4681996264007,115.08804457988823,113.51720320939468,113.97571563720703,9326000,0.0,0.0
2020-01-30 00:00:00-05:00,112.66812654336977,115.58905972029851,112.66812654336977,115.38526916503906,9048900,0.0,0.0
2020-01-31 00:00:00-05:00,114.19651269573059,114.48520623822883,111.63220351173867,112.38790893554688,12785200,0.0,0.0
2020-02-03 00:00:00-05:00,112.64266216498909,113.98425426179672,112.64266216498909,113.24552154541016,10021100,0.0,0.0
2020-02-04 00:00:00-05:00,115.09657743056599,115.98814330904722,114.69749568454448,114.87580108642578,9157100,0.0,0.0
2020-02-05 00:00:00-05:00,115.96263960619987,116.94759464718676,115.48712843219191,116.82872009277344,10150700,0.0,0.0
2020-02-06 00:00:00-05:00,117.38063742112942,117.42308243537124,116.42114170235878,116.84569549560547,8992300,0.0,0.0
2020-02-07 00:00:00-05:00,116.09852027040702,116.89668377445118,115.73341009015955,116.47212982177734,6379800,0.0,0.0
2020-02-10 00:00:00-05:00,116.28530570405266,117.04951046556845,116.11548674250125,116.95610809326172,5960700,0.0,0.0
2020-02-11 00:00:00-05:00,117.39762796554884,117.8731391691009,116.9900598902883,117.17686462402344,6578600,0.0,0.0
2020-02-12 00:00:00-05:00,117.68633443536575,118.27220787514723,117.00704567236117,117.17686462402344,7958000,0.0,0.0
2020-02-13 00:00:00-05:00,116.96460115720227,117.46557165698874,115.81830042792826,117.07498931884766,7447500,0.0,0.0
2020-02-14 00:00:00-05:00,117.04103599775146,117.33822896096504,116.2768440300009,116.7183837890625,6627600,0.0,0.0
2020-02-18 00:00:00-05:00,116.61649282834405,116.93067160733808,114.67204115548795,115.17301177978516,8996400,0.0,0.0
2020-02-19 00:00:00-05:00,116.25135137314341,117.50802728250584,115.76735371073332,116.74383544921875,7071200,0.0,0.0
2020-02-20 00:00:00-05:00,116.47211473565025,117.48255508515338,115.92868626487001,116.74383544921875,7422800,0.0,0.0
2020-02-21 00:00:00-05:00,115.94568152032275,116.25984728423882,114.56163155477633,115.31733703613281,9772800,0.0,0.0
2020-02-24 00:00:00-05:00,111.60673519823553,113.10116031407765,111.06330670553318,112.21809387207031,13618400,0.0,0.0
2020-02-25 00:00:00-05:00,111.23312815261642,112.277527178483,106.63945158274208,107.20835876464844,20797200,0.0,0.0
2020-02-26 00:00:00-05:00,107.77726318008882,109.49245824271568,107.27628616357183,107.53102111816406,24825600,0.0,0.0
2020-02-27 00:00:00-05:00,104.3638478609997,106.66492933304055,102.99678371854986,103.05622100830078,23005500,0.0,0.0
2020-02-28 00:00:00-05:00,99.78714338546689,100.61077896799982,95.66048553747473,98.58990478515625,45931400,0.0,0.0
2020-03-02 00:00:00-05:00,99.03143448529835,103.23452173194399,97.18887222377151,103.1835708618164,27355400,0.0,0.0
2020-03-03 00:00:00-05:00,102.71656953103576,104.39779931335069,98.70028686763315,99.3116455078125,32547700,0.0,0.0
2020-03-04 00:00:00-05:00,100.47492301719517,102.05426397253319,97.39265769556216,101.76556396484375,25795900,0.0,0.0
2020-03-05 00:00:00-05:00,98.21630022530869,98.86162398398,95.59256016460512,96.77281951904297,25025600,0.0,0.0
2020-03-06 00:00:00-05:00,90.22619243354663,93.67356786773655,89.17329414636761,91.77156829833984,38159400,0.0,0.0
2020-03-09 00:00:00-04:00,81.99834236599851,84.25697228905675,78.96702769117414,79.34063720703125,40352000,0.0,0.0
2020-03-10 00:00:00-04:00,84.06167672428488,85.99764157597194,80.30862160105445,85.50515747070312,31102700,0.0,0.0
2020-03-11 00:00:00-04:00,82.95784614047642,84.9532550540295,80.28316121549709,81.48040008544922,38127000,0.0,0.0
2020-03-12 00:00:00-04:00,76.07155911921086,82.32948547887791,73.2949796670311,74.7639389038086,49725200,0.0,0.0
2020-03-13 00:00:00-04:00,81.50584385060846,88.29870524571196,78.11790604369027,88.23078155517578,38543300,0.0,0.0
2020-03-16 00:00:00-04:00,72.34398442528821,79.79915660411076,71.79206951908975,75.02716827392578,38589700,0.0,0.0
2020-03-17 00:00:00-04:00,77.17541610111513,82.73707540772259,74.29694085372239,79.61235809326172,35239800,0.0,0.0
2020-03-18 00:00:00-04:00,74.44126971209522,77.09048804004838,68.23429456416153,71.23164367675781,41525600,0.0,0.0
2020-03-19 00:00:00-04:00,69.25323367204547,74.8148926405872,65.30488738064852,72.42890167236328,32175100,0.0,0.0
2020-03-20 00:00:00-04:00,73.27801750870255,75.96119521929698,70.03442545051124,70.9005126953125,30150800,0.0,0.0
2020-03-23 00:00:00-04:00,70.20423284995486,71.11277793277483,66.30682469668795,67.10498809814453,32536600,0.0,0.0
2020-03-24 00:00:00-04:00,72.08925182992189,76.5046096954031,70.39103626963247,75.08660125732422,34363200,0.0,0.0
2020-03-25 00:00:00-04:00,75.77437365826886,80.79260356116563,71.78356983179975,77.88865661621094,38111700,0.0,0.0
2020-03-26 00:00:00-04:00,79.88405710502654,83.69654901372054,79.42553815165516,83.314453125,29826300,0.0,0.0
2020-03-27 00:00:00-04:00,79.12836274606161,80.52938551834767,76.88671853658936,77.37919616699219,30041500,0.0,0.0
2020-03-30 00:00:00-04:00,76.97162275902372,79.89254916284263,75.82532853369332,79.3915786743164,21656900,0.0,0.0
2020-03-31 00:00:00-04:00,78.16036097536798,79.96046502894659,75.85927356657744,76.44515991210938,23379300,0.0,0.0
2020-04-01 00:00:00-04:00,72.25905219821314,73.49874846079692,70.68820450485175,71.6307144165039,28029600,0.0,0.0
2020-04-02 00:00:00-04:00,70.90898169124218,74.64505664823974,70.441969892301,74.30541229248047,24018000,0.0,0.0
2020-04-03 00:00:00-04:00,73.78209433362484,75.05183558124526,71.0109732594481,72.109130859375,21199400,0.9,0.0
2020-04-06 00:00:00-04:00,76.34729770611177,78.0631601522035,75.24056564292313,76.75052642822266,26820800,0.0,0.0
2020-04-07 00:00:00-04:00,81.03158603403732,81.07448520525378,77.53980688013876,77.76287078857422,22563800,0.0,0.0
2020-04-08 00:00:00-04:00,79.0154782626513,81.3833706884201,77.685688559806,80.9029312133789,22903300,0.0,0.0
2020-04-09 00:00:00-04:00,83.15068200306789,89.55942847232068,83.1249451169255,88.16100311279297,42055900,0.0,0.0
2020-04-13 00:00:00-04:00,88.4612847389752,88.4612847389752,83.4767066638984,84.24026489257812,26911900,0.0,0.0
2020-04-14 00:00:00-04:00,86.66821168507913,87.50898718709097,80.33668143909756,81.93243408203125,46151300,0.0,0.0
2020-04-15 00:00:00-04:00,78.20044210641852,78.9554193210945,77.32534848358151,77.89158630371094,30118600,0.0,0.0
2020-04-16 00:00:00-04:00,77.41114354130944,77.70283703944504,74.68292176444021,74.92314147949219,32449600,0.0,0.0
2020-04-17 00:00:00-04:00,78.92965414507056,82.10399631314199,78.03740509536262,81.65787506103516,30191900,0.0,0.0
2020-04-20 00:00:00-04:00,79.33289960494854,81.25466367216843,77.60845604947897,78.68087005615234,23679400,0.0,0.0
2020-04-21 00:00:00-04:00,76.02984734387869,78.39773218388196,75.78104656918022,76.39875793457031,23035000,0.0,0.0
2020-04-22 00:00:00-04:00,77.80578781206513,78.8181469574075,76.51030978092031,76.64757537841797,16662400,0.0,0.0
2020-04-23 00:00:00-04:00,76.9907500983369,78.31196503549977,76.57894675549161,76.69047546386719,16638800,0.0,0.0
2020-04-24 00:00:00-04:00,77.76289733759813,78.157544974647,75.91834361894823,77.82295227050781,15809200,0.0,0.0
2020-04-27 00:00:00-04:00,78.87818880797867,82.04395017140496,78.5350150528783,81.17744445800781,22870200,0.0,0.0
2020-04-28 00:00:00-04:00,83.9142418720029,84.38610661249527,81.52919437386711,81.75225830078125,20238900,0.0,0.0
2020-04-29 00:00:00-04:00,85.00383050096546,85.32126087688754,83.45097047510502,83.9571533203125,20462600,0.0,0.0
2020-04-30 00:00:00-04:00,82.01822255419002,83.0820554242805,81.1173987089304,82.1554946899414,19127600,0.0,0.0
2020-05-01 00:00:00-04:00,80.21656562048373,80.42246727169062,78.79239671468865,80.00208282470703,18547700,0.0,0.0
2020-05-04 00:00:00-04:00,78.94681245799674,79.50446895042218,77.90014207366072,79.04976654052734,15725900,0.0,0.0
2020-05-05 00:00:00-04:00,80.34525229710562,80.82569163931475,78.84387280720694,78.9296646118164,18064100,0.0,0.0
2020-05-06 00:00:00-04:00,79.06693809860575,79.58169548063148,77.15374874990736,77.44544219970703,20978000,0.0,0.0
2020-05-07 00:00:00-04:00,78.36343605307472,79.71039437896681,77.71141302565076,78.25190734863281,16771900,0.0,0.0
2020-05-08 00:00:00-04:00,79.616018388577,80.71416928295811,79.0240437629671,79.53022003173828,20487800,0.0,0.0
2020-05-11 00:00:00-04:00,78.1661287149348,78.1661287149348,76.6390119026983,77.1880874633789,31907600,0.0,0.0
2020-05-12 00:00:00-04:00,77.34251990876236,77.89159550163708,74.55424275458704,74.665771484375,27962900,0.0,0.0
2020-05-13 00:00:00-04:00,74.1081019292656,74.51991182545794,71.55147036932998,72.09196472167969,35451600,0.0,0.0
2020-05-14 00:00:00-04:00,70.96807723592246,75.59232635755339,70.69353948540714,75.08614349365234,35152500,0.0,0.0
2020-05-15 00:00:00-04:00,74.51130563102998,74.88021622082044,73.18151651564132,73.69627380371094,26099000,0.0,0.0
2020-05-18 00:00:00-04:00,76.08992964693935,78.20043987488441,75.39500083792953,77.59988403320312,30504400,0.0,0.0
2020-05-19 00:00:00-04:00,77.25670308869609,78.24331868007414,76.00411784296423,76.07275390625,19597300,0.0,0.0
2020-05-20 00:00:00-04:00,77.82292354060527,79.26424794384042,77.53123013001326,78.35484313964844,20552400,0.0,0.0
2020-05-21 00:00:00-04:00,77.44545673918702,78.72377910822692,76.93069926052158,77.35966491699219,14621400,0.0,0.0
2020-05-22 00:00:00-04:00,77.22240850547053,77.52268319165445,76.11567619453788,76.75912475585938,13557900,0.0,0.0
2020-05-26 00:00:00-04:00,79.69320186416516,83.64826389074122,79.45298225616813,82.20693969726562,41233900,0.0,0.0
2020-05-27 00:00:00-04:00,87.56904752173084,88.0065943174326,84.7636150509879,86.96849822998047,39402000,0.0,0.0
2020-05-28 00:00:00-04:00,88.31541790266955,88.3239924997845,85.27834142301255,85.67298889160156,24713900,0.0,0.0
2020-05-29 00:00:00-04:00,84.64348751800385,85.08960882079171,83.03057282182043,83.48527526855469,26526400,0.0,0.0
2020-06-01 00:00:00-04:00,83.86277788967385,85.37273869004262,83.54534097760042,84.5920181274414,15176800,0.0,0.0
2020-06-02 00:00:00-04:00,86.03332772008817,86.15343754773929,84.01719098966464,84.8751220703125,21195000,0.0,0.0
2020-06-03 00:00:00-04:00,87.14865892548514,90.01414619085564,86.70253100499284,89.45648956298828,25941100,0.0,0.0
2020-06-04 00:00:00-04:00,89.07041705400958,91.46404589101176,88.186748963981,91.31819915771484,26784700,0.0,0.0
2020-06-05 00:00:00-04:00,98.60203924848429,99.32269835974633,93.96920916945567,95.42769622802734,42231000,0.0,0.0
2020-06-08 00:00:00-04:00,97.297979161934,97.96716444121917,96.03681926843709,97.33229064941406,24881800,0.0,0.0
2020-06-09 00:00:00-04:00,94.93008156682265,95.7708504151508,93.523075026543,94.83570861816406,17031100,0.0,0.0
2020-06-10 00:00:00-04:00,94.7670704678791,94.80996964195856,90.81200749196817,90.99217224121094,24913300,0.0,0.0
2020-06-11 00:00:00-04:00,85.81886390584351,87.14865999277475,82.82468560575829,83.39949798583984,36259200,0.0,0.0
2020-06-12 00:00:00-04:00,86.40225394463893,86.76258349264198,83.50244872493033,85.68159484863281,24856800,0.0,0.0
2020-06-15 00:00:00-04:00,82.72174454995742,87.01998272438499,82.24988620421608,86.86555480957031,22153600,0.0,0.0
2020-06-16 00:00:00-04:00,90.40021989429832,90.66617649231577,85.20115196912927,87.56046295166016,22193600,0.0,0.0
2020-06-17 00:00:00-04:00,87.96369426302826,87.97227540868153,85.11536263730085,85.34700775146484,15639800,0.0,0.0
2020-06-18 00:00:00-04:00,84.65206768522826,86.23923905398335,84.18878406407083,84.88371276855469,16591900,0.0,0.0
2020-06-19 00:00:00-04:00,86.24784295878216,86.30789789521577,82.98770755231905,83.91426849365234,40371200,0.0,0.0
2020-06-22 00:00:00-04:00,83.43381027103393,84.03435950054491,82.82467989667406,83.00484466552734,16216900,0.0,0.0
2020-06-23 00:00:00-04:00,84.9094535351919,85.76738475160003,83.94856821643634,84.01720428466797,15381400,0.0,0.0
2020-06-24 00:00:00-04:00,83.00484213859674,83.08205280339946,80.91148795289425,81.2117691040039,22919800,0.0,0.0
2020-06-25 00:00:00-04:00,80.94580612594687,84.25742102901712,80.86859546101043,84.04293823242188,25743600,0.0,0.0
2020-06-26 00:00:00-04:00,81.59784248681095,81.82090644667028,78.9296757503076,79.43585205078125,41896300,0.0,0.0
2020-06-29 00:00:00-04:00,80.1307714283867,81.06591324832651,79.08409436884266,79.78759765625,18499700,0.0,0.0
2020-06-30 00:00:00-04:00,79.6417620492917,81.21177785780017,79.41869808443624,80.69701385498047,19137000,0.0,0.0
2020-07-01 00:00:00-04:00,81.40908363653186,82.11258689469669,79.81333122609789,80.01065826416016,18755700,0.0,0.0
2020-07-02 00:00:00-04:00,82.07244223811178,82.26302739628788,79.63816561242994,80.27056121826172,27845600,0.9,0.0
2020-07-06 00:00:00-04:00,81.80389029427836,82.47093170815957,80.98091617712544,82.29767608642578,18625300,0.0,0.0
2020-07-07 00:00:00-04:00,81.27544239050616,81.51800287579904,79.69879262682485,79.97600555419922,25757200,0.0,0.0
2020-07-08 00:00:00-04:00,79.95001052406629,80.85961226028256,79.52552971383201,80.82496643066406,18762200,0.0,0.0
2020-07-09 00:00:00-04:00,81.01557182905914,81.5353519757883,78.6419351554938,79.07508087158203,25600800,0.0,0.0
2020-07-10 00:00:00-04:00,79.69879685070121,83.89164342561081,79.58618136492613,83.39785766601562,28954200,0.0,0.0
2020-07-13 00:00:00-04:00,85.52894953365183,85.99674105545695,83.36322111712268,84.59335327148438,32079200,0.0,0.0
2020-07-14 00:00:00-04:00,85.21707810409184,86.58581334377408,83.71839123744668,85.0784683227539,42731700,0.0,0.0
2020-07-15 00:00:00-04:00,87.40013533078016,87.746653198813,85.45964452278633,86.3952407836914,22508400,0.0,0.0
2020-07-16 00:00:00-04:00,85.57225329085455,87.68600617126134,85.37300999366883,86.6377944946289,16886900,0.0,0.0
2020-07-17 00:00:00-04:00,86.62914459691834,86.69844949882288,85.01784197867332,85.03517150878906,16137700,0.0,0.0
2020-07-20 00:00:00-04:00,84.40277664251187,85.23441564538537,84.25550868153286,84.2901611328125,14458100,0.0,0.0
2020-07-21 00:00:00-04:00,84.6453274650086,86.67245267160118,84.58468733455764,86.11802673339844,17798100,0.0,0.0
2020-07-22 00:00:00-04:00,86.3259397976591,86.74175597070662,84.48939964040898,85.49430084228516,14271200,0.0,0.0
2020-07-23 00:00:00-04:00,85.32968360058695,86.06602980218831,84.87055031991588,85.7455062866211,12870200,0.0,0.0
2020-07-24 00:00:00-04:00,86.28261098659054,86.45587320980484,84.844570884941,85.13910675048828,12744200,0.0,0.0
2020-07-27 00:00:00-04:00,84.47207229108805,84.5760230242598,83.31123843286788,83.94363403320312,11959100,0.0,0.0
2020-07-28 00:00:00-04:00,83.59711360060308,84.80125802424256,83.59711360060308,84.3074722290039,11754300,0.0,0.0
2020-07-29 00:00:00-04:00,84.09090758382501,86.37791639596287,84.03026744900617,86.3519287109375,12743500,0.0,0.0
2020-07-30 00:00:00-04:00,84.49806741073668,84.67132305412288,83.20729502245582,84.04759216308594,14834800,0.0,0.0
2020-07-31 00:00:00-04:00,83.57978062933418,83.9696090384275,82.5142395102535,83.7183837890625,14535000,0.0,0.0
2020-08-03 00:00:00-04:00,84.04759693119956,84.5240598914606,83.03403748040377,83.2506103515625,12962800,0.0,0.0
2020-08-04 00:00:00-04:00,83.08599715437433,83.120642988291,82.3236566226527,82.77413177490234,13366200,0.0,0.0
2020-08-05 00:00:00-04:00,83.05136890664919,85.30372549624627,82.9214238591325,84.21219635009766,15260900,0.0,0.0
2020-08-06 00:00:00-04:00,84.53269398502228,84.98316248550127,83.6317503747872,84.23815155029297,10482100,0.0,0.0
2020-08-07 00:00:00-04:00,83.96961474655609,86.18731832718595,83.649084590899,86.09202575683594,14743700,0.0,0.0
2020-08-10 00:00:00-04:00,86.72442227309294,88.39636474070646,86.65511738310485,87.18355560302734,14989900,0.0,0.0
2020-08-11 00:00:00-04:00,89.97302983121712,91.9655027945484,89.66982914791345,89.9383773803711,31518600,0.0,0.0
2020-08-12 00:00:00-04:00,91.96549220373551,92.19938795841152,88.11049175937036,89.17603302001953,19240800,0.0,0.0
2020-08-13 00:00:00-04:00,88.36170558288774,89.53986218606845,88.04984021091181,88.68223571777344,13598600,0.0,0.0
2020-08-14 00:00:00-04:00,87.92857535570812,89.49656064363381,87.85927045885603,88.71690368652344,12134400,0.0,0.0
2020-08-17 00:00:00-04:00,87.92856905658033,88.36171471695758,86.22197409720947,86.3779067993164,14988000,0.0,0.0
2020-08-18 00:00:00-04:00,86.55117380263692,86.55117380263692,85.0005114598485,85.17376708984375,13246500,0.0,0.0
2020-08-19 00:00:00-04:00,85.69353993138083,87.14024491950096,85.191089355261,85.37301635742188,13533000,0.0,0.0
2020-08-20 00:00:00-04:00,84.25549173222821,84.92253310965748,83.85699853659439,84.35078430175781,13672600,0.0,0.0
2020-08-21 00:00:00-04:00,84.26415501866013,85.39033639481484,83.9782839019376,84.3074722290039,12228300,0.0,0.0
2020-08-24 00:00:00-04:00,85.286384532897,86.81105922687577,84.39410546044857,86.68111419677734,17898300,0.0,0.0
2020-08-25 00:00:00-04:00,87.72932785205701,88.34440056700491,86.4558850359496,87.06228637695312,13648900,0.0,0.0
2020-08-26 00:00:00-04:00,86.57715027967943,86.86302137124063,85.8061515902248,85.8407974243164,12052400,0.0,0.0
2020-08-27 00:00:00-04:00,85.76284971568485,88.92481468867447,85.76284971568485,88.66492462158203,22163900,0.0,0.0
2020-08-28 00:00:00-04:00,89.34929300949364,89.44458559068121,88.19712388006474,89.02876281738281,13756700,0.0,0.0
2020-08-31 00:00:00-04:00,88.46567424425997,88.51764960982256,86.64645713822843,86.79373168945312,14219400,0.0,0.0
2020-09-01 00:00:00-04:00,86.23931086698599,87.38281524203947,85.79750040570113,86.75041961669922,11595600,0.0,0.0
2020-09-02 00:00:00-04:00,86.58581068688612,88.30973509066769,86.24795761683964,88.05850982666016,14475700,0.0,0.0
2020-09-03 00:00:00-04:00,89.5052057699355,90.95191047559138,87.18354510901058,87.78128814697266,23281200,0.0,0.0
2020-09-04 00:00:00-04:00,90.1376143770896,91.14250887020935,87.81595337801926,89.67847442626953,26325500,0.0,0.0
2020-09-08 00:00:00-04:00,89.21068572516168,89.72179444688238,86.17866601395778,86.55982971191406,22108600,0.0,0.0
2020-09-09 00:00:00-04:00,87.32217236872877,88.09317115601094,86.24796631581185,87.3828125,13434000,0.0,0.0
2020-09-10 00:00:00-04:00,87.841949800249,88.72556412538088,86.31727507665315,86.48187255859375,15922800,0.0,0.0
2020-09-11 00:00:00-04:00,86.60314923614874,87.80729371059084,86.2739542859154,87.55606842041016,13784300,0.0,0.0
2020-09-14 00:00:00-04:00,87.93723622452303,89.6265017024662,87.81595596504395,88.76887512207031,19017400,0.0,0.0
2020-09-15 00:00:00-04:00,88.99411064546283,89.09806137443142,85.88412135467924,86.00540161132812,23683000,0.0,0.0
2020-09-16 00:00:00-04:00,86.13535167337574,87.60804436704038,85.55493803840143,86.36924743652344,19270600,0.0,0.0
2020-09-17 00:00:00-04:00,85.50295598385208,86.05738193455902,84.64532937405204,85.38167572021484,18290100,0.0,0.0
2020-09-18 00:00:00-04:00,84.80125958039956,86.18732441621704,84.41143111726538,85.19975280761719,20121600,0.0,0.0
2020-09-21 00:00:00-04:00,82.470930571108,83.20728347652003,81.27545093535939,82.56622314453125,28378800,0.0,0.0
2020-09-22 00:00:00-04:00,82.2630263535957,82.86943426822239,81.14550971150108,81.665283203125,19257000,0.0,0.0
2020-09-23 00:00:00-04:00,82.10709417922781,82.60087999087403,80.27056072292606,80.33985900878906,19952700,0.0,0.0
2020-09-24 00:00:00-04:00,79.97601871673174,81.69127853103817,79.16170271698965,80.27056121826172,18366500,0.0,0.0
2020-09-25 00:00:00-04:00,79.74211978638192,81.18882472517694,79.58618708218806,80.97225189208984,13293100,0.0,0.0
2020-09-28 00:00:00-04:00,82.34964090300885,83.96960785676087,81.73457493257528,83.30256652832031,20894100,0.0,0.0
2020-09-29 00:00:00-04:00,83.18995421513932,83.18995421513932,81.71726161816062,82.60087585449219,12848200,0.0,0.0
2020-09-30 00:00:00-04:00,82.6008712837353,84.20350881159492,82.52290824187821,83.39785766601562,16400600,0.0,0.0
2020-10-01 00:00:00-04:00,84.13422512524266,84.69730926105706,83.18996404021912,84.00428009033203,15778700,0.0,0.0
2020-10-02 00:00:00-04:00,82.51425320782957,85.40766321872647,82.3756434158141,84.80126190185547,15149600,0.0,0.0
2020-10-05 00:00:00-04:00,85.96410937922157,86.77723639513884,85.27338800693852,86.5936279296875,13871900,0.9,0.0
2020-10-06 00:00:00-04:00,87.49418389502848,88.18490524599461,85.25590171410018,85.7018051147461,19220400,0.0,0.0
2020-10-07 00:00:00-04:00,86.52369212623778,87.73901023818459,86.27013563711537,87.19692993164062,16358500,0.0,0.0
2020-10-08 00:00:00-04:00,87.87890745817214,89.11170925144434,87.34556564096815,88.98930358886719,15659000,0.0,0.0
2020-10-09 00:00:00-04:00,89.18165965873084,89.27783649201149,87.52917649870304,88.48219299316406,13689100,0.0,0.0
2020-10-12 00:00:00-04:00,88.39476242425916,90.05599077263332,88.17617992238382,89.56636810302734,16058000,0.0,0.0
2020-10-13 00:00:00-04:00,90.05598081553218,90.24833446321212,87.66031872762704,88.1149673461914,21697300,0.0,0.0
2020-10-14 00:00:00-04:00,88.33355609560935,89.12045440534831,87.52042895398047,87.62535095214844,15204100,0.0,0.0
2020-10-15 00:00:00-04:00,86.64609699416194,88.98930153464721,86.59363933158504,88.93684387207031,17171200,0.0,0.0
2020-10-16 00:00:00-04:00,88.66580320262845,89.47018515360715,88.06251340409038,88.75323486328125,13275000,0.0,0.0
2020-10-19 00:00:00-04:00,88.83192286486458,89.06799569030407,87.04828894071116,87.25813293457031,11725700,0.0,0.0
2020-10-20 00:00:00-04:00,87.704035910672,88.98055684827187,87.53791775474458,87.75650024414062,11257100,0.0,0.0
2020-10-21 00:00:00-04:00,87.74774872908611,88.29857416109823,86.84719000521852,86.88216400146484,10730500,0.0,0.0
2020-10-22 00:00:00-04:00,86.83843776885277,90.2658090746716,86.82969260285122,89.9510498046875,14837200,0.0,0.0
2020-10-23 00:00:00-04:00,90.4931505218356,91.3237613124884,89.9947827133223,90.76419067382812,15087600,0.0,0.0
2020-10-26 00:00:00-04:00,89.74996688729904,89.79367938057639,87.65157376235793,88.51715850830078,12410700,0.0,0.0
2020-10-27 00:00:00-04:00,87.87890040919096,88.23737220066776,86.69855637438486,86.8471908569336,10391700,0.0,0.0
2020-10-28 00:00:00-04:00,85.24717768119989,85.94664437144297,83.99688547505127,84.40782165527344,16389500,0.0,0.0
2020-10-29 00:00:00-04:00,84.04059859185658,85.66685285952744,83.2711839538826,84.9586410522461,14208800,0.0,0.0
2020-10-30 00:00:00-04:00,85.60564645657406,86.05154991703822,84.13677191063765,85.71930694580078,15194500,0.0,0.0
2020-11-02 00:00:00-05:00,86.89964136350063,88.20239094383155,85.56191778945924,87.65156555175781,15011600,0.0,0.0
2020-11-03 00:00:00-05:00,90.07349482901219,91.57734384966079,89.78497093088177,90.41448974609375,17482600,0.0,0.0
2020-11-04 00:00:00-05:00,88.30731292496299,89.24284557724474,86.497450441741,87.65156555175781,18886500,0.0,0.0
2020-11-05 00:00:00-05:00,88.35978181498693,91.89207558158209,88.30732415305495,91.236328125,17837400,0.0,0.0
2020-11-06 00:00:00-05:00,91.83087409228753,91.89207692230383,89.52264354508972,90.02101135253906,12552800,0.0,0.0
2020-11-09 00:00:00-05:00,98.93916811017529,103.95781953485442,96.48229671845114,102.20915985107422,47792400,0.0,0.0
2020-11-10 00:00:00-05:00,102.60261806521872,102.6900497258984,100.27690387222002,101.87692260742188,20539300,0.0,0.0
2020-11-11 00:00:00-05:00,102.2004353222726,102.26163815673934,99.63864810140728,100.35559844970703,14443400,0.0,0.0
2020-11-12 00:00:00-05:00,98.38834685892674,99.63863893713025,97.97741072075657,99.12278747558594,22063000,0.0,0.0
2020-11-13 00:00:00-05:00,100.28562574092547,100.4255217113039,99.29763546490406,99.74354553222656,11847900,0.0,0.0
2020-11-16 00:00:00-05:00,102.98733402731139,103.70428437807773,101.18621631771492,102.55891418457031,19858600,0.0,0.0
2020-11-17 00:00:00-05:00,100.88891410005705,101.80696304930677,100.18070910358877,101.5184326171875,14553200,0.0,0.0
2020-11-18 00:00:00-05:00,102.59387163552427,103.70427439137768,100.72280610344876,100.76652526855469,12571200,0.0,0.0
2020-11-19 00:00:00-05:00,99.83099420609022,101.26489479400749,99.28890723432319,101.03756713867188,10202500,0.0,0.0
2020-11-20 00:00:00-05:00,100.04956853245855,101.11625205439243,99.75229290425368,100.1719741821289,12718900,0.0,0.0
2020-11-23 00:00:00-05:00,101.46599361860483,103.31956884803488,101.04631230649136,103.0572738647461,13209200,0.0,0.0
2020-11-24 00:00:00-05:00,104.98078515620652,107.97973681805868,104.66602587555792,107.82235717773438,20121600,0.0,0.0
2020-11-25 00:00:00-05:00,106.11744178390029,107.00051034166417,105.33054339577642,106.69449615478516,11715600,0.0,0.0
2020-11-27 00:00:00-05:00,106.66825867285041,106.97427283492132,105.86387668380445,105.98628234863281,5983600,0.0,0.0
2020-11-30 00:00:00-05:00,104.91960690365728,105.54912561237666,102.96984794029638,103.06602478027344,14411800,0.0,0.0
2020-12-01 00:00:00-05:00,105.21685734998991,106.30103123280368,104.59608391918616,104.6922607421875,12668900,0.0,0.0
2020-12-02 00:00:00-05:00,104.65730366788605,106.93930561788646,104.28134148189264,106.70323944091797,10811300,0.0,0.0
2020-12-03 00:00:00-05:00,106.53709542697892,106.57206942294174,105.23434576275038,106.00375366210938,12904400,0.0,0.0
2020-12-04 00:00:00-05:00,107.08792745781548,107.79613253144626,106.3972060468513,106.96551513671875,13583700,0.0,0.0
2020-12-07 00:00:00-05:00,105.92508206154332,106.81689573680958,105.10320971742503,106.56333923339844,9724300,0.0,0.0
2020-12-08 00:00:00-05:00,105.82888753923443,106.95677386426948,105.58407624461117,106.66824340820312,9592100,0.0,0.0
2020-12-09 00:00:00-05:00,107.69121400517088,107.80488116328414,105.30429707330283,105.83763885498047,13073900,0.0,0.0
2020-12-10 00:00:00-05:00,104.91085121236547,105.60157268900572,104.53488905851341,105.1556625366211,13668400,0.0,0.0
2020-12-11 00:00:00-05:00,103.99280131841007,104.93707254871889,103.49443353802761,104.53488159179688,9981600,0.0,0.0
2020-12-14 00:00:00-05:00,106.09119233129442,106.1611403278449,103.26711034430166,103.43323516845703,12112400,0.0,0.0
2020-12-15 00:00:00-05:00,104.29882775316084,105.70649960371645,103.7130282470711,105.19938659667969,12590200,0.0,0.0
2020-12-16 00:00:00-05:00,105.18190377404099,105.86388012039716,104.79719643174421,105.50540161132812,11169400,0.0,0.0
2020-12-17 00:00:00-05:00,106.02126121325293,106.18737938279433,104.5523864973076,104.63107299804688,11618000,0.0,0.0
2020-12-18 00:00:00-05:00,104.16766151570104,104.81466376003867,103.40699211761508,104.11520385742188,28954800,0.0,0.0
2020-12-21 00:00:00-05:00,107.69121836730639,109.29124377714982,105.87261046990866,108.02346801757812,28323600,0.0,0.0
2020-12-22 00:00:00-05:00,107.88357890216363,107.99723940151978,106.32727255884632,106.37973022460938,11788200,0.0,0.0
2020-12-23 00:00:00-05:00,107.35023859646512,110.62023099765113,106.97427642171263,109.35245513916016,14973200,0.0,0.0
2020-12-24 00:00:00-05:00,109.36993459697368,109.77213226011793,108.04095595514254,108.87156677246094,4164900,0.0,0.0
2020-12-28 00:00:00-05:00,110.00818990122688,110.73388533335608,109.1076311539232,109.58850860595703,8072600,0.0,0.0
2020-12-29 00:00:00-05:00,110.34043588675277,110.41038388297922,109.19506579862909,109.29998779296875,8389200,0.0,0.0
2020-12-30 00:00:00-05:00,109.71966329943068,110.03442261433834,109.20381183203699,109.60600280761719,7398000,0.0,0.0
2020-12-31 00:00:00-05:00,109.36993603793874,111.32844003253656,109.13386987399973,111.10111236572266,8580200,0.0,0.0
2021-01-04 00:00:00-05:00,111.47706578111463,111.79182508873348,109.09888731048692,110.05191040039062,16819900,0.0,0.0
2021-01-05 00:00:00-05:00,110.0695171651535,111.22314258310794,108.99515163512083,110.6507339477539,13731200,0.9,0.0
2021-01-06 00:00:00-05:00,114.375813288899,116.92082420796775,112.6145529670935,115.8464584350586,24909100,0.0,0.0
2021-01-07 00:00:00-05:00,119.4922047490036,121.69377086660691,118.81411862233969,119.65071105957031,21940400,0.0,0.0
2021-01-08 00:00:00-05:00,119.73880289549334,120.07344531186395,118.10963826950531,119.7828369140625,12035100,0.0,0.0
2021-01-11 00:00:00-05:00,118.51474277290626,121.70260712359358,118.10084714936103,121.57051849365234,15937900,0.0,0.0
2021-01-12 00:00:00-05:00,122.79458049833134,124.74957270880964,122.25739771189728,123.4814682006836,18033500,0.0,0.0
2021-01-13 00:00:00-05:00,122.04603586755401,123.98341167784737,121.61453743837819,123.595947265625,14816800,0.0,0.0
2021-01-14 00:00:00-05:00,123.7192649380121,125.70947668416575,123.28775296520635,124.31808471679688,18565600,0.0,0.0
2021-01-15 00:00:00-05:00,121.02453121010696,124.74077727472365,120.65466957716905,122.09009552001953,27881000,0.0,0.0
2021-01-19 00:00:00-05:00,123.16445362362192,123.9041768436323,121.36798102683997,121.56170654296875,19843800,0.0,0.0
2021-01-20 00:00:00-05:00,121.3679801024844,121.67619138982599,119.27208422445361,119.73881530761719,16028800,0.0,0.0
2021-01-21 00:00:00-05:00,119.49223326148696,119.90612886534099,118.28577904109767,118.73489379882812,13411700,0.0,0.0
2021-01-22 00:00:00-05:00,116.85036466569375,118.35622887117022,116.41885272424436,117.81904602050781,12933200,0.0,0.0
2021-01-25 00:00:00-05:00,116.36602785896308,117.27307241170998,114.5343224545648,116.3484115600586,14212800,0.0,0.0
2021-01-26 00:00:00-05:00,116.9032031019246,117.27306473090125,115.66151613781139,115.87287139892578,11307800,0.0,0.0
2021-01-27 00:00:00-05:00,114.12040416776867,114.34937569627557,112.14780235611498,112.596923828125,17603900,0.0,0.0
2021-01-28 00:00:00-05:00,114.3933934895444,116.39241969557717,113.59203347119907,114.57833099365234,13761800,0.0,0.0
2021-01-29 00:00:00-05:00,115.52940930206678,115.99614033921522,112.88752942207365,113.31022644042969,14808100,0.0,0.0
2021-02-01 00:00:00-05:00,113.95308875022354,114.54312045961863,113.142913804777,114.1468276977539,11080700,0.0,0.0
2021-02-02 00:00:00-05:00,116.18989269576538,118.34742549289892,115.55584037632975,117.66053771972656,12253600,0.0,0.0
2021-02-03 00:00:00-05:00,117.6957502055651,119.55387303467553,117.57246300806806,119.00788879394531,10600800,0.0,0.0
2021-02-04 00:00:00-05:00,119.29849440338862,122.10769559164947,119.29849440338862,121.74663543701172,12419500,0.0,0.0
2021-02-05 00:00:00-05:00,122.7505213688462,122.83858938951025,120.98046702676294,121.50883483886719,10051300,0.0,0.0
2021-02-08 00:00:00-05:00,121.7026005181495,123.55192186073646,121.68498422268111,123.41101837158203,10136400,0.0,0.0
2021-02-09 00:00:00-05:00,122.78575226544368,123.27009955086172,122.00199518078342,122.91785430908203,8614800,0.0,0.0
2021-02-10 00:00:00-05:00,123.28772158075195,124.05386240778357,122.44231414893116,122.98831176757812,10323200,0.0,0.0
2021-02-11 00:00:00-05:00,122.98830311958424,123.7720601856026,121.72019877966818,122.64485931396484,9201000,0.0,0.0
2021-02-12 00:00:00-05:00,122.45112073539254,124.70552248476173,122.40708672177476,124.38849639892578,8324600,0.0,0.0
2021-02-16 00:00:00-05:00,126.41401636150913,127.97273001042589,125.40128718644804,127.38269805908203,12130600,0.0,0.0
2021-02-17 00:00:00-05:00,126.76618682921713,128.0254897597075,126.03526519382521,127.77891540527344,10810100,0.0,0.0
2021-02-18 00:00:00-05:00,126.81025586848703,128.38657188666326,126.28187442744905,128.21044921875,10587800,0.0,0.0
2021-02-19 00:00:00-05:00,128.44821535303137,131.0724792455333,128.44821535303137,130.35037231445312,11969800,0.0,0.0
2021-02-22 00:00:00-05:00,129.33760313507204,132.2612894153277,129.26715140620274,131.57440185546875,11488400,0.0,0.0
2021-02-23 00:00:00-05:00,133.42375376672743,134.1282578526645,131.7329520228572,132.63119506835938,16234400,0.0,0.0
2021-02-24 00:00:00-05:00,132.19084511836638,135.40512648463982,132.19084511836638,134.96481323242188,15061400,0.0,0.0
2021-02-25 00:00:00-05:00,135.85426397456783,136.40904957327803,132.61355122726894,133.13311767578125,18127700,0.0,0.0
2021-02-26 00:00:00-05:00,132.358203185068,132.86015344506924,129.02062027837192,129.60183715820312,19829200,0.0,0.0
2021-03-01 00:00:00-05:00,131.67127630286743,133.3092421087192,130.75541723008263,132.53428649902344,14845500,0.0,0.0
2021-03-02 00:00:00-05:00,132.16446404300837,133.6615268281761,131.95310878591613,132.10281372070312,14221700,0.0,0.0
2021-03-03 00:00:00-05:00,133.17712635787413,136.47947534915355,132.81607974716985,134.65658569335938,14324100,0.0,0.0
2021-03-04 00:00:00-05:00,134.39238381930699,135.95109617495223,130.87867994974502,132.58709716796875,20093900,0.0,0.0
2021-03-05 00:00:00-05:00,134.92964687209817,135.16741988376026,130.30635591507658,132.89540100097656,18465100,0.0,0.0
2021-03-08 00:00:00-05:00,134.2691079284158,136.90218569488786,132.75442944943225,134.65658569335938,17133300,0.0,0.0
2021-03-09 00:00:00-05:00,133.41495795466503,135.83668161390813,131.935511405467,133.70556640625,16238800,0.0,0.0
2021-03-10 00:00:00-05:00,133.77598418023575,137.51864706654976,133.42372549326453,136.61160278320312,14342200,0.0,0.0
2021-03-11 00:00:00-05:00,135.7133931528791,137.50986586570562,135.0529230700711,135.89833068847656,11771500,0.0,0.0
2021-03-12 00:00:00-05:00,138.1351080623667,138.81319440031777,136.55879214340226,137.50985717773438,12849500,0.0,0.0
2021-03-15 00:00:00-04:00,137.68600673433355,138.18795702723799,135.58130920179673,136.82298278808594,12101100,0.0,0.0
2021-03-16 00:00:00-04:00,135.69574733185925,136.1448754903237,134.02256219436296,135.1849822998047,12805600,0.0,0.0
2021-03-17 00:00:00-04:00,136.79655744647064,138.1527301795073,134.77992808182782,136.57640075683594,13952400,0.0,0.0
2021-03-18 00:00:00-04:00,138.78677470247715,142.38853471705445,138.35526277767386,138.83079528808594,21898500,0.0,0.0
2021-03-19 00:00:00-04:00,136.94628052474704,137.3249570684784,133.1419794112838,136.62045288085938,54418800,0.0,0.0
2021-03-22 00:00:00-04:00,134.55971378421737,135.59004503812454,132.63113985871462,132.9481658935547,19944800,0.0,0.0
2021-03-23 00:00:00-04:00,132.3846101483925,133.9609259899851,131.17815589917424,131.61846923828125,17076300,0.0,0.0
2021-03-24 00:00:00-04:00,132.093999897883,134.8943862458158,131.97071270213686,132.63998413085938,13079800,0.0,0.0
2021-03-25 00:00:00-04:00,132.09398393621137,134.70944589313194,131.50396575377167,134.33958435058594,15608300,0.0,0.0
2021-03-26 00:00:00-04:00,135.88071153000138,136.89342692740183,134.3396147025584,136.57640075683594,16754400,0.0,0.0
2021-03-29 00:00:00-04:00,133.9608918631421,135.37870099136848,133.00981368048465,134.45404052734375,17570300,0.0,0.0
2021-03-30 00:00:00-04:00,136.02158171430852,137.2632549273218,135.51081670700538,136.0391845703125,13184300,0.0,0.0
2021-03-31 00:00:00-04:00,134.9824610258738,136.04802525732185,133.96093081738258,134.05780029296875,16736700,0.0,0.0
2021-04-01 00:00:00-04:00,133.76718421952287,135.43156806868996,133.45897295103796,135.3611297607422,16561500,0.0,0.0
2021-04-05 00:00:00-04:00,136.7695771370989,137.24792391986435,135.17512390505198,136.07864379882812,13508000,0.9,0.0
2021-04-06 00:00:00-04:00,135.34338627258592,136.66325274206028,134.51958652469784,135.12193298339844,13071600,0.0,0.0
2021-04-07 00:00:00-04:00,135.6180177908859,137.50479087520506,135.21939100403904,137.23904418945312,16903500,0.0,0.0
2021-04-08 00:00:00-04:00,136.41521180915416,137.75278466941833,134.9181855688787,137.40731811523438,12335500,0.0,0.0
2021-04-09 00:00:00-04:00,138.01858787272022,139.10813460312548,137.27450783812344,138.43492126464844,12122400,0.0,0.0
2021-04-12 00:00:00-04:00,137.8148315371055,139.2941380907228,137.80597827023522,138.142578125,12273400,0.0,0.0
2021-04-13 00:00:00-04:00,137.07960460633433,137.47821787766935,135.02451131594526,136.49496459960938,16113600,0.0,0.0
2021-04-14 00:00:00-04:00,134.17410841494822,136.2646278260577,133.69576178216664,133.9438018798828,19939600,0.0,0.0
2021-04-15 00:00:00-04:00,133.97927328574767,134.82079329070083,132.26965995584362,134.79421997070312,17694100,0.0,0.0
2021-04-16 00:00:00-04:00,136.30005719463355,136.86697703723948,135.25480422588066,135.79515075683594,13773400,0.0,0.0
2021-04-19 00:00:00-04:00,135.9014708747213,136.3089509279928,134.8384976492119,135.21939086914062,11900200,0.0,0.0
2021-04-20 00:00:00-04:00,134.4133170207436,134.4221702879584,131.67614361026162,132.22535705566406,13716700,0.0,0.0
2021-04-21 00:00:00-04:00,130.9143399940802,133.41233995618728,130.02852670535083,133.35032653808594,12236700,0.0,0.0
2021-04-22 00:00:00-04:00,133.07570830294355,133.13772171252722,130.44484211545804,130.5422821044922,15256100,0.0,0.0
2021-04-23 00:00:00-04:00,130.37399184308134,133.87296510634272,129.93995198713216,133.04029846191406,14041900,0.0,0.0
2021-04-26 00:00:00-04:00,133.56292199030685,135.05109529263294,133.2086020936013,133.3680419921875,10799100,0.0,0.0
2021-04-27 00:00:00-04:00,133.31487295607891,134.2626994709646,132.96940638409265,133.97923278808594,12821200,0.0,0.0
2021-04-28 00:00:00-04:00,135.0245110259385,135.431991079688,134.11212443396582,134.84735107421875,8943700,0.0,0.0
2021-04-29 00:00:00-04:00,136.0077603800353,137.54908030007192,135.70658711915246,137.4693603515625,12976900,0.0,0.0
2021-04-30 00:00:00-04:00,136.50382639352628,136.84929301824783,135.53827968446163,136.24693298339844,11705100,0.0,0.0
2021-05-03 00:00:00-04:00,137.16816349980652,137.72621655983326,135.64456389139863,135.84829711914062,11801100,0.0,0.0
2021-05-04 00:00:00-04:00,135.41428391570662,137.86799070565715,134.7676439479978,137.72625732421875,12977700,0.0,0.0
2021-05-05 00:00:00-04:00,138.18688509440503,140.2065384875466,136.97332510825962,139.5333251953125,10506700,0.0,0.0
2021-05-06 00:00:00-04:00,140.0205126269201,142.4564991637856,139.214419292594,142.34133911132812,13542400,0.0,0.0
2021-05-07 00:00:00-04:00,139.26754896730932,143.05882828894605,139.09038903494468,142.82852172851562,14257800,0.0,0.0
2021-05-10 00:00:00-04:00,143.0588328909906,145.03419255745274,142.72221954716377,142.81080627441406,14014300,0.0,0.0
2021-05-11 00:00:00-04:00,142.6868328745228,143.84724633730102,139.9939524036041,140.43685913085938,15451700,0.0,0.0
2021-05-12 00:00:00-04:00,141.38462721007508,142.42102689881787,139.09922782601342,139.4712677001953,14381700,0.0,0.0
2021-05-13 00:00:00-04:00,140.1179314535284,143.90035776316472,139.675024834672,143.058837890625,15395000,0.0,0.0
2021-05-14 00:00:00-04:00,143.84719831176548,145.67197125619887,143.49287845483252,145.28221130371094,10584000,0.0,0.0
2021-05-17 00:00:00-04:00,144.71532226907541,146.02633575533164,144.4141489748432,145.86688232421875,9886800,0.0,0.0
2021-05-18 00:00:00-04:00,145.87574671730025,146.60212020560596,143.71437333816922,143.8118133544922,11098100,0.0,0.0
2021-05-19 00:00:00-04:00,142.61592365585847,142.77536354224253,140.52540398583562,142.71336364746094,13278900,0.0,0.0
2021-05-20 00:00:00-04:00,142.46533203125,143.3777185040081,141.30491895520447,142.46533203125,10426000,0.0,0.0
2021-05-21 00:00:00-04:00,142.9171152145738,144.58244855125105,142.56279529957106,144.08639526367188,10249000,0.0,0.0
2021-05-24 00:00:00-04:00,144.7064506085215,145.4771037977023,143.60803733121725,144.8658905029297,9440300,0.0,0.0
2021-05-25 00:00:00-04:00,145.14050774173066,146.77925415930193,143.11198781153988,143.36888122558594,12609100,0.0,0.0
2021-05-26 00:00:00-04:00,144.892532024418,145.04311870923226,142.89058470719223,143.35121154785156,13058300,0.0,0.0
2021-05-27 00:00:00-04:00,145.2291015951504,145.93775500559752,144.00668831647968,145.58343505859375,15707500,0.0,0.0
2021-05-28 00:00:00-04:00,145.8757236600998,146.1060437621532,144.61787043139137,145.48597717285156,10291300,0.0,0.0
2021-06-01 00:00:00-04:00,146.9298715028419,147.85112505300492,146.5844048006409,147.08932495117188,9445400,0.0,0.0
2021-06-02 00:00:00-04:00,148.16110234733893,148.32055574261042,146.62864938508622,147.09812927246094,10498600,0.0,0.0
2021-06-03 00:00:00-04:00,146.52235876041894,148.15225173889317,145.85799888715036,147.19557189941406,13354400,0.0,0.0
2021-06-04 00:00:00-04:00,147.2310354011692,147.63850195234642,146.18576867250908,147.4347686767578,8510800,0.0,0.0
2021-06-07 00:00:00-04:00,147.93082203477414,148.0194087719092,146.28320874570534,146.74383544921875,7267200,0.0,0.0
2021-06-08 00:00:00-04:00,145.7074654510795,146.83243884856984,144.52933189051905,146.1592254638672,10370700,0.0,0.0
2021-06-09 00:00:00-04:00,145.39738480678477,145.46825148802247,143.7497716382106,144.33441162109375,12377400,0.0,0.0
2021-06-10 00:00:00-04:00,145.5922529758328,146.37177288969642,142.0047069386294,142.0844268798828,12119400,0.0,0.0
2021-06-11 00:00:00-04:00,142.11101282572625,142.79309281098625,140.89745300176443,141.98699951171875,13683800,0.0,0.0
2021-06-14 00:00:00-04:00,141.86299258848757,142.02244600878757,138.77151286559072,139.57760620117188,19917900,0.0,0.0
2021-06-15 00:00:00-04:00,138.80691952467308,139.00179950126653,136.53038673110208,137.46047973632812,24485500,0.0,0.0
2021-06-16 00:00:00-04:00,137.06189578079452,139.62189582014082,135.62688247989365,138.42605590820312,25321200,0.0,0.0
2021-06-17 00:00:00-04:00,139.16129967086604,139.48019305643228,133.97928553452468,134.43104553222656,29722400,0.0,0.0
2021-06-18 00:00:00-04:00,132.25192185811235,132.60624175402845,130.71060192635827,131.0294952392578,43595700,0.0,0.0
2021-06-21 00:00:00-04:00,132.05702898291077,133.93494857772887,132.00388235534967,133.25286865234375,18664800,0.0,0.0
2021-06-22 00:00:00-04:00,133.40349584044998,133.73124245450248,131.68501577980038,133.0580291748047,14251200,0.0,0.0
2021-06-23 00:00:00-04:00,133.04915858833772,134.67905186088106,132.9517185820205,133.86410522460938,12733300,0.0,0.0
2021-06-24 00:00:00-04:00,134.5727560828357,135.6357293487803,133.95268947073788,135.0953826904297,13733200,0.0,0.0
2021-06-25 00:00:00-04:00,135.16624040082644,136.85814695010936,134.35129383384034,136.45953369140625,15484900,0.0,0.0
2021-06-28 00:00:00-04:00,136.14946822220952,136.84040134598183,134.74988192839422,136.70753479003906,14125800,0.0,0.0
2021-06-29 00:00:00-04:00,137.3010454953261,138.4614586204309,136.06976569250935,136.53924560546875,14528700,0.0,0.0
2021-06-30 00:00:00-04:00,136.19377355736304,138.25771984527788,136.15834697814103,137.7793731689453,12531000,0.0,0.0
2021-07-01 00:00:00-04:00,138.41718129412368,139.19670132283227,137.67310136659546,139.1435546875,10479400,0.0,0.0
2021-07-02 00:00:00-04:00,138.93862789893225,139.26827672838118,138.1991644951682,139.00990295410156,11424000,0.9,0.0
2021-07-06 00:00:00-04:00,138.78719131721536,138.78719131721536,135.73134940271686,136.67572021484375,15083400,0.0,0.0
2021-07-07 00:00:00-04:00,135.4284078362779,137.4507950181096,135.01859326729755,136.8360595703125,12271800,0.0,0.0
2021-07-08 00:00:00-04:00,135.0720567651414,135.89169956178634,133.67330920518603,134.4751434326172,17834600,0.0,0.0
2021-07-09 00:00:00-04:00,136.3549769448642,139.11681406824562,135.9362444761601,138.7782745361328,13694500,0.0,0.0
2021-07-12 00:00:00-04:00,137.51318497051886,141.79849794639946,137.14790536444988,140.76502990722656,19940400,0.0,0.0
2021-07-13 00:00:00-04:00,139.02771619536153,140.22154270560705,136.75587323705346,138.6713409423828,22671700,0.0,0.0
2021-07-14 00:00:00-04:00,138.93860574189387,140.1235278557573,136.26585277374846,138.1991424560547,14622800,0.0,0.0
2021-07-15 00:00:00-04:00,137.11224723390674,139.45536545365871,136.9340663885465,138.50209045410156,11539300,0.0,0.0
2021-07-16 00:00:00-04:00,138.9475603907228,139.23264704705653,134.5464238300087,135.33934020996094,14002700,0.0,0.0
2021-07-19 00:00:00-04:00,132.34582294028507,133.47729219052778,129.81562001356704,130.93817138671875,22172900,0.0,0.0
2021-07-20 00:00:00-04:00,130.53728810084692,134.63550208289627,130.3680115330713,133.3793182373047,15385200,0.0,0.0
2021-07-21 00:00:00-04:00,135.4640430207947,136.88950322646886,134.84930761447384,136.18568420410156,12356700,0.0,0.0
2021-07-22 00:00:00-04:00,136.2035176266359,136.7024294195892,133.61094356576044,134.46621704101562,9913300,0.0,0.0
2021-07-23 00:00:00-04:00,134.95622290491735,136.16787164203217,133.8603978305859,134.20785522460938,9666100,0.0,0.0
2021-07-26 00:00:00-04:00,133.80693376480139,135.38386192645444,133.78911160409373,135.107666015625,8208000,0.0,0.0
2021-07-27 00:00:00-04:00,133.99403794196442,135.85606656263974,133.4594953935887,134.92950439453125,11218700,0.0,0.0
2021-07-28 00:00:00-04:00,135.67787521438657,136.10552557603702,134.42169136073053,135.15223693847656,9217300,0.0,0.0
2021-07-29 00:00:00-04:00,136.43516802695103,137.08553429404455,135.33934280540174,136.31044006347656,9063500,0.0,0.0
2021-07-30 00:00:00-04:00,135.93621706555706,136.90731404425696,134.70674635478042,135.22348022460938,9805200,0.0,0.0
2021-08-02 00:00:00-04:00,135.4462589738219,137.6022788471298,134.59098532861236,134.68006896972656,10203200,0.0,0.0
2021-08-03 00:00:00-04:00,135.37496788683222,136.59553461521213,133.21004398386447,136.21243286132812,10394800,0.0,0.0
2021-08-04 00:00:00-04:00,134.75135118569887,136.6400930471739,134.44844232005292,134.74244689941406,10155000,0.0,0.0
2021-08-05 00:00:00-04:00,135.66898228351138,136.92517983662307,135.4284306342428,136.44407653808594,9151500,0.0,0.0
2021-08-06 00:00:00-04:00,138.26154671041147,140.60466506361132,138.1902716493426,140.31956481933594,13328800,0.0,0.0
2021-08-09 00:00:00-04:00,140.3373979218325,141.25504231383724,138.89410161276385,140.16812133789062,9516900,0.0,0.0
2021-08-10 00:00:00-04:00,139.64248504416645,142.52905051558778,139.2593832547849,141.88758850097656,8667000,0.0,0.0
2021-08-11 00:00:00-04:00,142.54685430924442,143.88323106839357,141.72721152828555,143.580322265625,9156500,0.0,0.0
2021-08-12 00:00:00-04:00,144.22179450546938,144.65833557762264,143.03687206301498,144.1416015625,8844200,0.0,0.0
2021-08-13 00:00:00-04:00,144.14156578731385,144.47121457379035,142.16374104007977,142.5290069580078,8980900,0.0,0.0
2021-08-16 00:00:00-04:00,141.60246951362052,141.6826488485692,139.67808390889581,141.5935516357422,8755800,0.0,0.0
2021-08-17 00:00:00-04:00,140.38193629422256,141.53121437314815,138.3328224598618,139.8830108642578,9347200,0.0,0.0
2021-08-18 00:00:00-04:00,139.25937505094439,140.77393276509173,138.39518359867895,138.6090087890625,8065500,0.0,0.0
2021-08-19 00:00:00-04:00,136.45298201605056,138.59117943159833,136.31933618112404,137.4508056640625,9517700,0.0,0.0
2021-08-20 00:00:00-04:00,137.5131839395258,138.0031779113322,136.45298945852372,137.8428192138672,6974100,0.0,0.0
2021-08-23 00:00:00-04:00,138.38624340610605,139.95425361241067,138.30606407838974,139.60679626464844,7934600,0.0,0.0
2021-08-24 00:00:00-04:00,139.87407981042597,141.2550049732793,139.758256158488,140.4709930419922,7670900,0.0,0.0
2021-08-25 00:00:00-04:00,141.21938554244508,144.13269076029488,140.58684147266283,143.3665008544922,11335000,0.0,0.0
2021-08-26 00:00:00-04:00,144.56030491747717,145.95905226861288,143.57138570064427,144.10594177246094,11027500,0.0,0.0
2021-08-27 00:00:00-04:00,144.10599449073968,145.36219220303553,143.6694397525738,145.26419067382812,8780200,0.0,0.0
2021-08-30 00:00:00-04:00,145.40668869189943,145.65614456874837,142.4399310197396,142.9388427734375,7937600,0.0,0.0
2021-08-31 00:00:00-04:00,142.93887401299588,143.76742115768351,141.9677767377183,142.5023193359375,12340800,0.0,0.0
2021-09-01 00:00:00-04:00,142.74282209102242,143.22391162407408,141.62917506659136,142.29736328125,8729900,0.0,0.0
2021-09-02 00:00:00-04:00,142.56465906249136,143.9812149915615,142.03900726972964,142.9566650390625,8813300,0.0,0.0
2021-09-03 00:00:00-04:00,142.89431944036056,143.33977838413554,141.78957636584053,142.09249877929688,7959700,0.0,0.0
2021-09-07 00:00:00-04:00,142.53794765256004,143.7763228849883,141.62030338076275,141.84303283691406,9285600,0.0,0.0
2021-09-08 00:00:00-04:00,141.5579218589789,142.17265728637076,140.80063632783578,141.21046447753906,7852700,0.0,0.0
2021-09-09 00:00:00-04:00,141.00553746335555,143.2862844268356,140.8362609381353,141.82518005371094,7904300,0.0,0.0
2021-09-10 00:00:00-04:00,143.04575843277692,143.18830854205993,140.07009627170902,140.19482421875,8311600,0.0,0.0
2021-09-13 00:00:00-04:00,141.23721197472548,142.5914109735593,140.82739735826365,142.42213439941406,10052800,0.0,0.0
2021-09-14 00:00:00-04:00,142.947770845456,143.74068721332046,139.2148227605193,139.9364776611328,11685600,0.0,0.0
2021-09-15 00:00:00-04:00,139.62463845108678,141.37974760145946,139.4019090014895,140.90756225585938,11691500,0.0,0.0
2021-09-16 00:00:00-04:00,142.02120228555066,143.30412602511805,140.07009023115245,140.84518432617188,10880900,0.0,0.0
2021-09-17 00:00:00-04:00,140.21263972549366,141.6648264126123,139.87408663059833,140.4799041748047,25581600,0.0,0.0
2021-09-20 00:00:00-04:00,137.1033272267929,137.70024046717623,134.07421242006328,136.2747802734375,15819900,0.0,0.0
2021-09-21 00:00:00-04:00,136.7825947389586,137.69133460830878,135.93622563449807,136.29258728027344,8999900,0.0,0.0
2021-09-22 00:00:00-04:00,138.2704270581164,140.09681109813366,138.1813434429482,138.90298461914062,11236200,0.0,0.0
2021-09-23 00:00:00-04:00,140.76501709916,144.070328229005,140.47101258402603,143.59812927246094,12336100,0.0,0.0
2021-09-24 00:00:00-04:00,143.82977342520778,145.7452412790265,143.27740873317813,145.25523376464844,10102400,0.0,0.0
2021-09-27 00:00:00-04:00,147.00145871395398,149.1396563120618,146.65400126440323,148.76547241210938,13220900,0.0,0.0
2021-09-28 00:00:00-04:00,149.40693628153468,150.83241042767798,147.58946965981454,147.96365356445312,13387900,0.0,0.0
2021-09-29 00:00:00-04:00,148.07945617040667,148.69417804417688,147.03707036273843,147.84780883789062,7777100,0.0,0.0
2021-09-30 00:00:00-04:00,148.7120271043105,148.77439788798486,145.03253150874912,145.83436584472656,13161200,0.0,0.0
2021-10-01 00:00:00-04:00,146.1105315861398,149.94148116976393,145.75416987366089,148.89910888671875,11285000,0.0,0.0
2021-10-04 00:00:00-04:00,148.7565306566486,151.84801618813538,147.65178780577892,148.73870849609375,14120000,0.0,0.0
2021-10-05 00:00:00-04:00,149.8680359356657,152.49414818968071,149.38403368241293,151.1676483154297,12292900,1.0,0.0
2021-10-06 00:00:00-04:00,150.5671672275058,151.56204574441995,148.7835522499762,151.49034118652344,8692600,0.0,0.0
2021-10-07 00:00:00-04:00,153.44421920823416,153.7220657864047,151.95638059634337,152.4493408203125,10195400,0.0,0.0
2021-10-08 00:00:00-04:00,152.38658716580372,153.56967786620402,151.7412599924063,152.5658416748047,8190100,0.0,0.0
2021-10-11 00:00:00-04:00,153.08571711514685,153.5248886904892,149.1958374910712,149.35716247558594,12154700,0.0,0.0
2021-10-12 00:00:00-04:00,148.55946629949358,149.40197767816952,147.68110948345142,148.2099151611328,13032600,0.0,0.0
2021-10-13 00:00:00-04:00,147.0537145460626,148.25473502615282,143.9435996792094,144.30210876464844,22753500,0.0,0.0
2021-10-14 00:00:00-04:00,144.97430146725947,146.99990347621392,143.45957551102555,146.5159149169922,15176800,0.0,0.0
2021-10-15 00:00:00-04:00,148.20096055749215,149.83219468115365,147.11644800438182,149.3302764892578,14267400,0.0,0.0
2021-10-18 00:00:00-04:00,149.2137731555967,151.12286778294433,148.70289696065308,149.27651977539062,12672900,0.0,0.0
2021-10-19 00:00:00-04:00,150.0383687937171,151.15872702448337,149.30342090598336,151.0870361328125,8053900,0.0,0.0
2021-10-20 00:00:00-04:00,150.8449902800967,153.14843900915255,150.09211305415,153.12155151367188,8185600,0.0,0.0
2021-10-21 00:00:00-04:00,153.04986344586516,153.5607532674933,151.18558605976273,151.92054748535156,8415200,0.0,0.0
2021-10-22 00:00:00-04:00,152.39557956864948,154.24192741376942,152.09980340759938,153.96408081054688,8817900,0.0,0.0
2021-10-25 00:00:00-04:00,154.79761221404007,155.0216837880608,152.79888392687968,153.211181640625,10159200,0.0,0.0
2021-10-26 00:00:00-04:00,153.26491938391524,154.6003905639818,152.85262177036603,153.62342834472656,8015100,0.0,0.0
2021-10-27 00:00:00-04:00,152.65549445989438,152.99607396582704,149.98455134662956,150.42373657226562,9847000,0.0,0.0
2021-10-28 00:00:00-04:00,150.84499749686972,152.82578269867892,150.54026341601363,152.69134521484375,7212900,0.0,0.0
2021-10-29 00:00:00-04:00,153.42629926270777,154.37637433398152,151.82195262555953,152.2700958251953,8140100,0.0,0.0
2021-11-01 00:00:00-04:00,154.19712616768516,154.45705691597723,151.4813791187876,152.189453125,7435500,0.0,0.0
2021-11-02 00:00:00-04:00,152.18943724794977,153.88341803911553,151.4007008198953,152.78994750976562,7173800,0.0,0.0
2021-11-03 00:00:00-04:00,152.4852256140779,153.38151210815704,151.60685500298288,152.84373474121094,8402700,0.0,0.0
2021-11-04 00:00:00-04:00,152.36871560958136,152.5479701868137,149.22275469897383,150.8360595703125,9574200,0.0,0.0
2021-11-05 00:00:00-04:00,151.38279177738033,152.44937495270233,150.04733357991609,150.62095642089844,7975600,0.0,0.0
2021-11-08 00:00:00-05:00,151.51721088314994,153.19326198877818,151.23936430160134,151.5261688232422,6413700,0.0,0.0
2021-11-09 00:00:00-05:00,149.99354016564533,150.99737659509412,149.3213253403011,150.37893676757812,7990300,0.0,0.0
2021-11-10 00:00:00-05:00,150.08313712163437,151.4275665619767,149.76047350890246,150.23550415039062,6999200,0.0,0.0
2021-11-11 00:00:00-05:00,150.14590000713164,151.1855818264509,149.59019314502248,150.2265625,5815300,0.0,0.0
2021-11-12 00:00:00-05:00,150.26238139512952,150.3430575499919,148.5325555311506,149.5543212890625,8113400,0.0,0.0
2021-11-15 00:00:00-05:00,149.86804047643008,150.38787450309113,148.78352801970303,149.2854461669922,6492500,0.0,0.0
2021-11-16 00:00:00-05:00,149.73359925972483,149.7425708762499,147.99480150820128,148.2099151611328,9706100,0.0,0.0
2021-11-17 00:00:00-05:00,148.0754883324011,148.38918037972675,146.44424045182333,147.4122314453125,9909600,0.0,0.0
2021-11-18 00:00:00-05:00,147.34053169129422,147.75282948346165,145.70032581633382,146.13951110839844,8122500,0.0,0.0
2021-11-19 00:00:00-05:00,144.57100092765336,145.29699073285676,142.91286559568005,144.23040771484375,12193600,0.0,0.0
2021-11-22 00:00:00-05:00,147.1343908817087,148.7656251530463,146.08573734808175,147.3046875,14549900,0.0,0.0
2021-11-23 00:00:00-05:00,148.33539708124425,151.07803123787048,148.21887547451016,150.8270721435547,12354400,0.0,0.0
2021-11-24 00:00:00-05:00,150.98839612488786,151.866752869594,149.17789396942763,149.6439666748047,9629800,0.0,0.0
2021-11-26 00:00:00-05:00,145.3238615183155,145.78096261221904,142.34819808563626,145.13563537597656,13619300,0.0,0.0
2021-11-29 00:00:00-05:00,146.37254784672737,147.69009011130868,143.2445166777698,144.50827026367188,12104400,0.0,0.0
2021-11-30 00:00:00-05:00,142.65292332146024,143.97046520757755,141.87314498144121,142.35714721679688,18922600,0.0,0.0
2021-12-01 00:00:00-05:00,144.302115036909,146.3366890596353,141.43400119999595,141.51466369628906,12253400,0.0,0.0
2021-12-02 00:00:00-05:00,143.25346153853386,146.31875948350122,142.3302876110837,144.49034118652344,12969900,0.0,0.0
2021-12-03 00:00:00-05:00,144.75025432119497,145.04603047581804,140.88726210614743,141.8731689453125,12681800,0.0,0.0
2021-12-06 00:00:00-05:00,144.31106004396992,145.74512367202226,142.92182714483437,143.54922485351562,11186500,0.0,0.0
2021-12-07 00:00:00-05:00,145.09084973411137,146.4442373019538,144.44552241899893,145.70928955078125,9851600,0.0,0.0
2021-12-08 00:00:00-05:00,145.7899617063495,146.33669700465146,143.5582034540192,144.04220581054688,11705700,0.0,0.0
2021-12-09 00:00:00-05:00,143.0921117952787,144.23935724111146,142.19582543595658,143.818115234375,11189600,0.0,0.0
2021-12-10 00:00:00-05:00,144.58892110736258,144.92950062183732,142.62605180505082,143.24449157714844,10405400,0.0,0.0
2021-12-13 00:00:00-05:00,142.9576838661397,143.2176009101665,140.967926921364,141.5415496826172,12069000,0.0,0.0
2021-12-14 00:00:00-05:00,141.12026956216326,144.20349649919095,140.9858320930313,142.62603759765625,12563600,0.0,0.0
2021-12-15 00:00:00-05:00,143.2713890969695,143.2713890969695,141.03067305651794,141.55947875976562,14014200,0.0,0.0
2021-12-16 00:00:00-05:00,143.7553706141154,145.03706723733112,142.24064445769898,143.77330017089844,19542800,0.0,0.0
2021-12-17 00:00:00-05:00,142.79636641466954,142.8501414144629,139.0857273139738,140.50186157226562,28082000,0.0,0.0
2021-12-20 00:00:00-05:00,138.48521086837707,138.65550747765232,136.0921277501959,137.97433471679688,15148000,0.0,0.0
2021-12-21 00:00:00-05:00,139.29186850092006,140.87828553412785,139.00505029698178,139.90133666992188,11291300,0.0,0.0
2021-12-22 00:00:00-05:00,139.5966050070057,140.7707379877258,139.139503872325,140.4480743408203,7273000,0.0,0.0
2021-12-23 00:00:00-05:00,141.26370266454404,142.61709023013458,140.9051935684094,140.9499969482422,8055200,0.0,0.0
2021-12-27 00:00:00-05:00,141.2547194579324,141.7924830059459,140.12539002224247,141.7566375732422,6188100,0.0,0.0
2021-12-28 00:00:00-05:00,141.79250618422688,143.54026193439492,141.684956192292,142.18687438964844,6342300,0.0,0.0
2021-12-29 00:00:00-05:00,142.37508877505712,143.07419101729727,141.74767740401347,142.1151580810547,6398900,0.0,0.0
2021-12-30 00:00:00-05:00,142.60813712804307,143.62094518954336,141.94488023382004,142.04347229003906,6948200,0.0,0.0
2021-12-31 00:00:00-05:00,142.01654607369883,142.76942320162172,141.5773745871982,141.9269256591797,5805900,0.0,0.0
2022-01-03 00:00:00-05:00,143.28035582866227,145.77203112442172,142.96665009325346,144.9295196533203,13120900,0.0,0.0
2022-01-04 00:00:00-05:00,147.26880485781015,151.09595132051288,147.19710031018116,150.42373657226562,20195800,0.0,0.0
2022-01-05 00:00:00-05:00,151.3163847535986,151.80327444661938,147.62858984596159,147.67367553710938,17539400,1.0,0.0
2022-01-06 00:00:00-05:00,150.49588954287339,150.91064493017925,147.75483879607614,149.24258422851562,14047500,0.0,0.0
2022-01-07 00:00:00-05:00,149.37783668727667,151.05492288563585,148.82782417710985,150.7213134765625,13913300,0.0,0.0
2022-01-10 00:00:00-05:00,152.44345768645198,152.65984699001987,149.25157787661314,150.8655548095703,12922500,0.0,0.0
2022-01-11 00:00:00-05:00,151.7131120078545,151.9475521123548,149.95488001521278,151.0188446044922,11854100,0.0,0.0
2022-01-12 00:00:00-05:00,151.89347953698893,152.91234484028402,150.73934337201004,151.8754425048828,12568000,0.0,0.0
2022-01-13 00:00:00-05:00,151.7852334296692,153.11067291689878,151.37948973644444,151.68605041503906,13623400,0.0,0.0
2022-01-14 00:00:00-05:00,144.95065599547058,145.1941077107736,141.47025266297618,142.36289978027344,40158400,0.0,0.0
2022-01-18 00:00:00-05:00,140.46042827380643,140.46042827380643,135.73573048529457,136.39395141601562,32324800,0.0,0.0
2022-01-19 00:00:00-05:00,136.66441933776596,137.25950363908484,133.94140614023675,134.28402709960938,22380000,0.0,0.0
2022-01-20 00:00:00-05:00,134.3382006203171,135.79888402882034,132.86849181512207,133.1389923095703,14860800,0.0,0.0
2022-01-21 00:00:00-05:00,132.99468061665783,133.00369225221422,130.08232637816818,130.8126678466797,20705400,0.0,0.0
2022-01-24 00:00:00-05:00,128.28802230871474,131.17332792725574,125.84453448731847,130.69544982910156,28471400,0.0,0.0
2022-01-25 00:00:00-05:00,129.5232894964976,132.40860884974666,126.94454461133132,132.1200714111328,18915900,0.0,0.0
2022-01-26 00:00:00-05:00,134.09469709723706,135.7627713713276,131.6061237759192,133.3733673095703,20709100,0.0,0.0
2022-01-27 00:00:00-05:00,134.72585291682148,135.59145139705564,129.9560840362686,131.02003479003906,17536800,0.0,0.0
2022-01-28 00:00:00-05:00,130.0101870209384,132.32744302628882,128.18883235834684,132.19219970703125,14117000,0.0,0.0
2022-01-31 00:00:00-05:00,131.31762487824682,134.15784541244645,130.44301448985382,133.98654174804688,13985700,0.0,0.0
2022-02-01 00:00:00-05:00,134.0676779237184,136.57428882459573,133.71603146663776,136.28575134277344,14584900,0.0,0.0
2022-02-02 00:00:00-05:00,135.6996747457988,136.09640689321532,133.50865005650851,135.1947479248047,12441100,0.0,0.0
2022-02-03 00:00:00-05:00,135.24885012656998,136.73658197467245,133.7070071815083,134.07669067382812,12474900,0.0,0.0
2022-02-04 00:00:00-05:00,134.43733604731216,138.40462936624814,134.13978698465868,137.55706787109375,16654400,0.0,0.0
2022-02-07 00:00:00-05:00,138.19726628791096,138.5128386544454,136.01525335617333,138.01693725585938,12572300,0.0,0.0
2022-02-08 00:00:00-05:00,139.75707459410103,142.89484248107414,139.57674563659086,140.6136474609375,20411400,0.0,0.0
2022-02-09 00:00:00-05:00,141.19072741568345,141.9481173942704,140.4964601477551,141.1997528076172,9131100,0.0,0.0
2022-02-10 00:00:00-05:00,141.25383108204878,143.39075743289027,139.9554405748275,140.6136474609375,16455600,0.0,0.0
2022-02-11 00:00:00-05:00,140.3071308163931,142.63341224429925,137.92675206010665,138.7833251953125,16830000,0.0,0.0
2022-02-14 00:00:00-05:00,137.7103468296604,138.5669199514389,135.53735954385735,137.49395751953125,17026500,0.0,0.0
2022-02-15 00:00:00-05:00,139.31529952457555,140.60467879329573,138.72021515877262,139.50465393066406,9500000,0.0,0.0
2022-02-16 00:00:00-05:00,138.62105575783718,140.74897148898773,138.62105575783718,139.75714111328125,9076500,0.0,0.0
2022-02-17 00:00:00-05:00,137.9538037443335,138.61201085107288,135.85293697750177,136.53819274902344,11367500,0.0,0.0
2022-02-18 00:00:00-05:00,137.16936360870864,138.98169292252197,136.26770476951796,137.17837524414062,11733300,0.0,0.0
2022-02-22 00:00:00-05:00,135.78980933234305,138.17018781328053,135.61849197347453,136.93490600585938,11333500,0.0,0.0
2022-02-23 00:00:00-05:00,138.0619995979649,138.22430534628506,133.418461993867,134.06765747070312,11799000,0.0,0.0
2022-02-24 00:00:00-05:00,128.88313684104642,130.73154050224386,126.03389116142081,130.33480834960938,25655100,0.0,0.0
2022-02-25 00:00:00-05:00,130.96591397743015,135.36601242625537,130.65935334995459,133.41842651367188,18367700,0.0,0.0
2022-02-28 00:00:00-05:00,129.43311983540775,130.79461963198827,127.02569255839951,127.85521697998047,31315300,0.0,0.0
2022-03-01 00:00:00-05:00,126.26827770999135,126.6650097374704,120.44357023955227,123.03132629394531,36840400,0.0,0.0
2022-03-02 00:00:00-05:00,123.78870977871395,126.26827106168363,123.17558850177934,125.58301544189453,19405600,0.0,0.0
2022-03-03 00:00:00-05:00,126.08795774127407,127.11584817771083,123.58134748824018,124.69038391113281,16640800,0.0,0.0
2022-03-04 00:00:00-05:00,121.66984874035185,122.10264114074515,119.37962753190006,121.18294525146484,21016000,0.0,0.0
2022-03-07 00:00:00-05:00,119.17224406569403,119.64111050233956,116.26890157737108,116.50334167480469,27560100,0.0,0.0
2022-03-08 00:00:00-05:00,116.89105034254813,118.82961132660652,114.75411643582969,115.68283081054688,19207800,0.0,0.0
2022-03-09 00:00:00-05:00,119.83045643755949,121.94034861646897,119.41570106847857,120.3173599243164,17536200,0.0,0.0
2022-03-10 00:00:00-05:00,118.89276123046875,120.32639579806414,117.50421236639161,118.89276123046875,15604200,0.0,0.0
2022-03-11 00:00:00-05:00,119.46079072436721,120.89442505071693,115.79103245546727,116.21481323242188,20061800,0.0,0.0
2022-03-14 00:00:00-04:00,116.72874935628406,119.84848096750942,116.52135793515097,117.3689193725586,15786900,0.0,0.0
2022-03-15 00:00:00-04:00,118.83864552101353,120.41654859268573,118.23453571027436,119.45176696777344,15096600,0.0,0.0
2022-03-16 00:00:00-04:00,121.60672660894059,124.8707410528531,121.20999450738705,124.78958129882812,20354900,0.0,0.0
2022-03-17 00:00:00-04:00,123.40101851900994,126.40354384262326,122.55345708277892,126.36746978759766,17050500,0.0,0.0
2022-03-18 00:00:00-04:00,126.4035642124436,126.99866239227822,124.84369815762535,126.32241821289062,23656500,0.0,0.0
2022-03-21 00:00:00-04:00,126.54782104610062,126.91749070650725,125.08712440031135,125.9166488647461,12676100,0.0,0.0
2022-03-22 00:00:00-04:00,128.27904731278545,129.7757910010783,127.78313204336928,128.59461975097656,13548600,0.0,0.0
2022-03-23 00:00:00-04:00,127.1158393087851,127.66585166453497,125.51088792805005,126.03385162353516,12093200,0.0,0.0
2022-03-24 00:00:00-04:00,126.50273897600252,126.87242240521738,125.42976274683961,126.85438537597656,10017600,0.0,0.0
2022-03-25 00:00:00-04:00,127.21504617243595,129.09950990144642,126.95357115476898,127.96342468261719,8383500,0.0,0.0
2022-03-28 00:00:00-04:00,126.23223905920848,127.10684924477648,124.33874997003147,127.01667785644531,10818100,0.0,0.0
2022-03-29 00:00:00-04:00,129.25281563673417,129.47823037362542,126.44865575947804,127.29620361328125,11316500,0.0,0.0
2022-03-30 00:00:00-04:00,127.94538808261238,128.14375413456614,126.15109573751576,126.71913146972656,8771000,0.0,0.0
2022-03-31 00:00:00-04:00,126.07895634675783,126.54782279250774,122.86002770702568,122.91413879394531,17353900,0.0,0.0
2022-04-01 00:00:00-04:00,123.88791979980071,123.89694519351288,120.64195621273164,122.00345611572266,15721300,0.0,0.0
2022-04-04 00:00:00-04:00,120.93048697953805,123.4731716754752,119.8214503874618,122.54446411132812,17416400,0.0,0.0
2022-04-05 00:00:00-04:00,121.78145463294454,122.98953765348999,120.8186001854299,121.11835479736328,12110300,1.0,0.0
2022-04-06 00:00:00-04:00,119.51968999124358,120.40986162764926,118.95652216048553,119.43794250488281,12914700,0.0,0.0
2022-04-07 00:00:00-04:00,118.94743283991808,119.82852606437862,116.93091163138006,119.07460021972656,12994200,0.0,0.0
2022-04-08 00:00:00-04:00,119.60144875954398,121.62704854271593,119.43795377140005,121.254638671875,13126900,0.0,0.0
2022-04-11 00:00:00-04:00,120.80953216552734,122.53537708095317,120.41895160916842,120.80953216552734,10466400,0.0,0.0
2022-04-12 00:00:00-04:00,120.02834065018254,122.24469788930124,118.72032563298447,119.48332977294922,12989900,0.0,0.0
2022-04-13 00:00:00-04:00,115.30496188852196,117.40323016750025,114.46020335943571,115.63196563720703,30838000,0.0,0.0
2022-04-14 00:00:00-04:00,114.90529481904719,116.54031364384889,113.5609452375323,114.56012725830078,18835200,0.0,0.0
2022-04-18 00:00:00-04:00,114.15137846424092,117.39416722149986,114.03329645667793,116.68566131591797,11834400,0.0,0.0
2022-04-19 00:00:00-04:00,116.67655742232519,119.28350906413976,116.47672102162295,119.1018295288086,15015400,0.0,0.0
2022-04-20 00:00:00-04:00,120.37354320204209,121.27279334092775,119.30169192290452,119.51969909667969,13430200,0.0,0.0
2022-04-21 00:00:00-04:00,120.10102173202377,120.6369403702375,118.04817309434537,118.59317016601562,12174200,0.0,0.0
2022-04-22 00:00:00-04:00,118.33883866968395,118.5568458204477,115.0778930031577,115.1868896484375,14318800,0.0,0.0
2022-04-25 00:00:00-04:00,114.46020809718202,115.4684685423448,111.82601420378467,115.15054321289062,17149000,0.0,0.0
2022-04-26 00:00:00-04:00,113.21578739331876,114.82355719737451,111.60802451936502,111.74427032470703,17209500,0.0,0.0
2022-04-27 00:00:00-04:00,111.11751891921612,112.2347761045314,110.10925837826214,110.29092407226562,17215200,0.0,0.0
2022-04-28 00:00:00-04:00,111.55351469149143,112.31652582061996,110.03658472668687,112.0349349975586,13015600,0.0,0.0
2022-04-29 00:00:00-04:00,111.7715162486986,112.2801856893102,108.00189453819128,108.41973114013672,14874800,0.0,0.0
2022-05-02 00:00:00-04:00,108.89208094116131,109.64600677231947,107.38423620894734,109.40983581542969,18545000,0.0,0.0
2022-05-03 00:00:00-04:00,110.39083588780059,112.78885894625404,109.70957917960128,111.75334930419922,15720900,0.0,0.0
2022-05-04 00:00:00-04:00,111.54443448748812,115.72280757940801,111.48992923835024,115.45030212402344,17128500,0.0,0.0
2022-05-05 00:00:00-04:00,113.76986440831988,114.54195391848384,110.96309024158118,112.561767578125,15055400,0.0,0.0
2022-05-06 00:00:00-04:00,112.4527883766834,112.89787419834097,110.07292886824266,112.38011932373047,14417900,0.0,0.0
2022-05-09 00:00:00-04:00,110.91767547295842,112.02585415446022,109.45524385951447,110.69058990478516,14312300,0.0,0.0
2022-05-10 00:00:00-04:00,111.82601864061022,112.4346063049608,106.78471621477684,107.99281311035156,16382400,0.0,0.0
2022-05-11 00:00:00-04:00,108.36524200658015,111.62618762272967,107.12989589174472,107.31156158447266,14630300,0.0,0.0
2022-05-12 00:00:00-04:00,106.27604918878221,107.47506074857978,104.79545373338196,107.2207260131836,16318800,0.0,0.0
2022-05-13 00:00:00-04:00,108.46516809997871,109.22817238101437,107.14806747661602,108.17449188232422,10443200,0.0,0.0
2022-05-16 00:00:00-04:00,107.67489748028493,108.51057073621672,106.48497128042332,107.42056274414062,10269000,0.0,0.0
2022-05-17 00:00:00-04:00,109.94575254209087,111.69885345380604,109.73683076438104,110.98126220703125,11160200,0.0,0.0
2022-05-18 00:00:00-04:00,110.18190958834455,110.790497187832,108.57414004330951,109.08280944824219,12664900,0.0,0.0
2022-05-19 00:00:00-04:00,107.35698388374132,108.68316287472419,106.84830745849567,107.46598052978516,12765800,0.0,0.0
2022-05-20 00:00:00-04:00,108.5105806265787,108.70133169607323,104.47753821411612,106.58489227294922,13150100,0.0,0.0
2022-05-23 00:00:00-04:00,109.41891436154341,114.96888645696252,109.40982899797083,113.17945098876953,24376700,0.0,0.0
2022-05-24 00:00:00-04:00,112.96144504102342,115.80455384598669,111.8260172056401,114.77812957763672,19324900,0.0,0.0
2022-05-25 00:00:00-04:00,114.70546112163284,116.14064357614728,113.6972006442298,115.57746887207031,12780400,0.0,0.0
2022-05-26 00:00:00-04:00,116.60391077908118,118.25710061878432,116.458586527184,117.57584381103516,15990900,0.0,0.0
2022-05-27 00:00:00-04:00,118.22983006765288,119.23809051513672,117.30331709586166,119.23809051513672,11177800,0.0,0.0
2022-05-31 00:00:00-04:00,118.24799528459808,120.94577305460936,117.82108715020716,120.11009979248047,17015000,0.0,0.0
2022-06-01 00:00:00-04:00,120.69144752227814,120.69144752227814,116.87641230062839,118.00276184082031,10768000,0.0,0.0
2022-06-02 00:00:00-04:00,117.99365970028113,119.91026251539448,116.87640254764649,119.90118408203125,8374800,0.0,0.0
2022-06-03 00:00:00-04:00,119.1835899935739,119.69225942430099,118.0754113651174,118.22982788085938,8596000,0.0,0.0
2022-06-06 00:00:00-04:00,119.07460251148156,120.25545040969018,117.59401381668783,117.8392562866211,11323500,0.0,0.0
2022-06-07 00:00:00-04:00,117.02173713540805,118.3751721169585,116.83097915886881,118.14808654785156,6722200,0.0,0.0
2022-06-08 00:00:00-04:00,117.1761646270752,117.58491591768689,115.26864705405023,116.267822265625,8422100,0.0,0.0
2022-06-09 00:00:00-04:00,115.69556894223118,116.35866191458678,113.78804444125586,113.82437896728516,13560100,0.0,0.0
2022-06-10 00:00:00-04:00,111.35367776027306,112.0894397260275,108.38340152773641,108.59232330322266,12945200,0.0,0.0
2022-06-13 00:00:00-04:00,106.14888765929724,107.13897749513067,104.51386865596423,105.35862731933594,16805600,0.0,0.0
2022-06-14 00:00:00-04:00,104.95895719379872,106.56672004093218,102.8425179381667,103.60552215576172,13357900,0.0,0.0
2022-06-15 00:00:00-04:00,105.02254580211081,106.23063586993884,102.79710286959158,104.83179473876953,14083500,0.0,0.0
2022-06-16 00:00:00-04:00,103.42384395588986,103.78718222369992,101.61624490941364,103.03325653076172,16724900,0.0,0.0
2022-06-17 00:00:00-04:00,103.13316302837009,104.12325259248446,101.87965342322796,102.66990661621094,30919900,0.0,0.0
2022-06-21 00:00:00-04:00,105.24962187611989,106.30329531123714,104.49569612481002,105.21328735351562,11680500,0.0,0.0
2022-06-22 00:00:00-04:00,104.35037353336439,105.54938523698573,103.90528769303216,104.62287902832031,9842700,0.0,0.0
2022-06-23 00:00:00-04:00,104.46845213994337,104.62286867108389,101.26200485988664,103.47835540771484,11851500,0.0,0.0
2022-06-24 00:00:00-04:00,102.85160235034752,107.02089020814364,102.48826404195286,106.56671905517578,14841100,0.0,0.0
2022-06-27 00:00:00-04:00,107.23889846119197,107.63857132340105,105.04071157924665,105.71288299560547,11280500,0.0,0.0
2022-06-28 00:00:00-04:00,106.88463254709411,108.35614950968552,105.00436433772249,105.2042007446289,11590900,0.0,0.0
2022-06-29 00:00:00-04:00,105.36769406089037,106.11253437963401,104.21410252860608,104.73185729980469,9338400,0.0,0.0
2022-06-30 00:00:00-04:00,102.79709874207315,103.62369358013135,100.76241388469425,102.2884292602539,15172600,0.0,0.0
2022-07-01 00:00:00-04:00,102.32475502113735,103.9325177413926,100.97132702000935,103.596435546875,10573600,0.0,0.0
2022-07-05 00:00:00-04:00,101.50709683666992,103.28487079758956,100.1600282590382,103.20240020751953,12514200,1.0,0.0
2022-07-06 00:00:00-04:00,102.38684578195353,103.54147622482027,101.52544882400785,102.53346252441406,10656200,0.0,0.0
2022-07-07 00:00:00-04:00,104.00881161141696,105.29174108243753,103.91717529021616,105.12679290771484,10347400,0.0,0.0
2022-07-08 00:00:00-04:00,105.53000244989964,105.97902532346401,104.10961498335101,104.7968978881836,8807800,0.0,0.0
2022-07-11 00:00:00-04:00,104.05463527755578,104.67777206172161,102.83585190697502,103.42233276367188,7939500,0.0,0.0
2022-07-12 00:00:00-04:00,103.16574577925392,105.54832507615383,102.87250535796476,103.52313232421875,11250900,0.0,0.0
2022-07-13 00:00:00-04:00,102.4051341303554,103.07409244518668,101.1496950697497,102.5517578125,12979900,0.0,0.0
2022-07-14 00:00:00-04:00,98.9595690118828,99.17950456734009,97.1909607873143,98.96873474121094,26204800,0.0,0.0
2022-07-15 00:00:00-04:00,100.03174292947327,104.35703763188111,98.66633580730928,103.50480651855469,18863900,0.0,0.0
2022-07-18 00:00:00-04:00,105.17261081752476,106.15313416657214,101.98362199636645,102.44181060791016,13977900,0.0,0.0
2022-07-19 00:00:00-04:00,103.66975151037097,105.32839901878464,103.24821883168227,104.98017120361328,11862300,0.0,0.0
2022-07-20 00:00:00-04:00,104.55862959234112,105.14511039879575,103.9904802437522,104.96183776855469,11667500,0.0,0.0
2022-07-21 00:00:00-04:00,104.87021861976638,105.86906650346737,103.88969520552797,105.67662811279297,11595900,0.0,0.0
2022-07-22 00:00:00-04:00,105.60330163931829,106.52884452569346,104.1645897821543,105.16344451904297,7645500,0.0,0.0
2022-07-25 00:00:00-04:00,106.15312555400921,106.72128190313217,105.172602284515,105.58497619628906,9394000,0.0,0.0
2022-07-26 00:00:00-04:00,104.99849430677905,105.91487144614754,103.57810694419679,103.93549346923828,10675100,0.0,0.0
2022-07-27 00:00:00-04:00,104.47615446193618,106.06148291963491,103.82552756405607,105.6032943725586,9337400,0.0,0.0
2022-07-28 00:00:00-04:00,105.61245956042035,106.28141791194416,104.03628984792245,105.2092514038086,10384800,0.0,0.0
2022-07-29 00:00:00-04:00,105.92402728643636,106.7579338163255,105.1909297898353,105.71326446533203,12944500,0.0,0.0
2022-08-01 00:00:00-04:00,104.92518166489677,105.48417227500013,103.614762085845,104.65943145751953,14740400,0.0,0.0
2022-08-02 00:00:00-04:00,104.39368214700731,104.83354625057682,102.88165846720327,103.02828216552734,14942900,0.0,0.0
2022-08-03 00:00:00-04:00,103.96298780721595,104.55863436981966,102.36849347877467,104.10961151123047,14394500,0.0,0.0
2022-08-04 00:00:00-04:00,103.41315704949486,103.8438554164175,101.73618523456729,102.9641342163086,18033900,0.0,0.0
2022-08-05 00:00:00-04:00,103.11992493042546,106.47386882961652,102.68006779074992,106.07982635498047,14174600,0.0,0.0
2022-08-08 00:00:00-04:00,106.52884536668232,106.9412122941212,104.63194491593815,104.78772735595703,10332500,0.0,0.0
2022-08-09 00:00:00-04:00,105.15428278631208,106.2905885468458,104.80606197024294,105.73159790039062,10233800,0.0,0.0
2022-08-10 00:00:00-04:00,108.09584859510058,109.3879437422764,107.67431594187096,108.4898910522461,12847300,0.0,0.0
2022-08-11 00:00:00-04:00,109.87361546039648,111.06490149308424,109.33294933698859,110.09354400634766,11684900,0.0,0.0
2022-08-12 00:00:00-04:00,110.57923490407693,112.02711255615458,109.45209486470999,111.91714477539062,9906700,0.0,0.0
2022-08-15 00:00:00-04:00,111.00992591478045,112.45780347045417,110.51508142139566,112.21954345703125,8456200,0.0,0.0
2022-08-16 00:00:00-04:00,112.06376026995359,113.85069288013405,111.67888355259205,113.29170227050781,9555000,0.0,0.0
2022-08-17 00:00:00-04:00,112.07293321976705,112.86101816308549,111.51394257412484,112.33867645263672,8149300,0.0,0.0
2022-08-18 00:00:00-04:00,112.01793398886056,112.22870379665225,110.46926145448748,111.46810913085938,9531800,0.0,0.0
2022-08-19 00:00:00-04:00,110.53341149420012,110.8724665564426,108.23330294953219,108.7098159790039,13464500,0.0,0.0
2022-08-22 00:00:00-04:00,106.98702339170961,107.36274134793044,105.84155204918595,106.91371154785156,8967600,0.0,0.0
2022-08-23 00:00:00-04:00,106.9320450506224,107.48186990727402,105.73158630653376,105.85987854003906,7607000,0.0,0.0
2022-08-24 00:00:00-04:00,105.64913125272534,106.67547626302469,104.87937074714999,106.11648559570312,9771300,0.0,0.0
2022-08-25 00:00:00-04:00,106.4463719508021,108.81061965881429,106.00650784733313,108.63651275634766,10758900,0.0,0.0
2022-08-26 00:00:00-04:00,109.47041039784526,109.95608915495758,105.01681701573952,105.08096313476562,11276200,0.0,0.0
2022-08-29 00:00:00-04:00,104.46700765393882,105.25509265695626,103.97216309450435,104.82439422607422,8117300,0.0,0.0
2022-08-30 00:00:00-04:00,105.3833715614378,105.91487198290172,103.88051360456951,104.84271240234375,10745400,0.0,0.0
2022-08-31 00:00:00-04:00,104.90686450118002,105.41086776426728,103.86218806538142,104.2195816040039,10738300,0.0,0.0
2022-09-01 00:00:00-04:00,103.81636027398933,105.0443022058109,102.55176241998473,104.93434143066406,9979800,0.0,0.0
2022-09-02 00:00:00-04:00,106.18062623115148,107.6284968602804,103.72473511215662,104.20124816894531,10666600,0.0,0.0
2022-09-06 00:00:00-04:00,104.76938770283603,105.15426437817918,102.69837365378655,104.22872161865234,9751900,0.0,0.0
2022-09-07 00:00:00-04:00,103.66974596651418,106.40055298934676,103.33069089059337,106.20811462402344,10647900,0.0,0.0
2022-09-08 00:00:00-04:00,105.63997028079486,108.85645644737438,105.04432365862773,108.68234252929688,11435000,0.0,0.0
2022-09-09 00:00:00-04:00,109.17717594110229,110.01108252523977,108.74647755073704,109.20466613769531,9299700,0.0,0.0
2022-09-12 00:00:00-04:00,110.53342106391365,111.38565214483589,109.77282630527701,110.49676513671875,8614600,0.0,0.0
2022-09-13 00:00:00-04:00,108.19666436718856,108.97558365112867,106.09815957258976,106.65715026855469,12904600,0.0,0.0
2022-09-14 00:00:00-04:00,106.9411994940183,107.98586877713339,105.27339353400983,106.40970611572266,9345700,0.0,0.0
2022-09-15 00:00:00-04:00,106.40971435855738,109.3970987546802,106.07981803397652,108.01337432861328,10821400,0.0,0.0
2022-09-16 00:00:00-04:00,107.57351101412983,107.58267674304666,105.7224322828817,107.28943634033203,14844100,0.0,0.0
2022-09-19 00:00:00-04:00,106.29976597853181,108.8014790644167,105.8507430625949,108.27914428710938,8201300,0.0,0.0
2022-09-20 00:00:00-04:00,107.59185971274742,107.84844423231313,105.0534907340357,106.14398193359375,9619000,0.0,0.0
2022-09-21 00:00:00-04:00,106.79459759436294,106.84957798801601,103.01912108885114,103.08326721191406,12606300,0.0,0.0
2022-09-22 00:00:00-04:00,103.89884570863457,104.10044981376129,101.78201658761057,101.91030883789062,11684500,0.0,0.0
2022-09-23 00:00:00-04:00,100.84730374269262,101.11304695213371,98.19897445435083,100.01339721679688,18138600,0.0,0.0
2022-09-26 00:00:00-04:00,98.96873991537866,100.44410780120722,97.19096586853853,97.85992431640625,15753600,0.0,0.0
2022-09-27 00:00:00-04:00,98.7396301138297,99.12450680849463,95.89886257148025,96.9985122680664,12793600,0.0,0.0
2022-09-28 00:00:00-04:00,97.09015402674522,99.6376883182945,96.80607935398723,98.95956420898438,12762600,0.0,0.0
2022-09-29 00:00:00-04:00,98.00653218998973,98.30893832370536,95.6697746810847,97.28260040283203,12713900,0.0,0.0
2022-09-30 00:00:00-04:00,97.19096745514538,98.62052069808095,95.66978487825416,95.76142120361328,15973400,0.0,0.0
2022-10-03 00:00:00-04:00,96.78775713014613,99.29862856433786,95.72475627994065,98.7213134765625,12248100,0.0,0.0
2022-10-04 00:00:00-04:00,101.36046534214908,103.54144018880238,100.67318255951525,103.33983612060547,16013600,0.0,0.0
2022-10-05 00:00:00-04:00,101.47222147733665,102.58170991564333,100.62161320437114,102.06394958496094,10943500,1.0,0.0
2022-10-06 00:00:00-04:00,101.20407482633946,101.87901832146568,99.79872259458983,99.98363494873047,11521400,0.0,0.0
2022-10-07 00:00:00-04:00,99.41038994540558,99.5860616100307,97.33009433193295,97.9865493774414,11681100,0.0,0.0
2022-10-10 00:00:00-04:00,98.67997976428836,99.21622837557926,96.63666100719973,97.07121276855469,8931700,0.0,0.0
2022-10-11 00:00:00-04:00,96.4979992988018,96.6551755252652,94.16806383729414,94.26976776123047,12739700,0.0,0.0
2022-10-12 00:00:00-04:00,94.12185331608295,96.83086167239529,93.64106977591527,95.79533386230469,13181000,0.0,0.0
2022-10-13 00:00:00-04:00,94.2882569057936,101.61089661421993,94.08484907156712,101.1208724975586,22398700,0.0,0.0
2022-10-14 00:00:00-04:00,103.51551683527647,106.5481246562342,102.36904469529462,102.80359649658203,33387100,0.0,0.0
2022-10-17 00:00:00-04:00,106.70530445921536,108.18462443926855,105.69751309364675,107.1213607788086,22276300,0.0,0.0
2022-10-18 00:00:00-04:00,110.63476890334529,111.07856143857562,108.13840944034285,109.8766098022461,21539700,0.0,0.0
2022-10-19 00:00:00-04:00,109.0907118693001,109.86735931758616,106.94569599653816,107.72234344482422,17072000,0.0,0.0
2022-10-20 00:00:00-04:00,108.32332134810025,109.75640983373201,106.92720969287238,107.37100219726562,12207400,0.0,0.0
2022-10-21 00:00:00-04:00,107.67611793089235,113.15885378191355,107.55592559275252,113.01092529296875,20593300,0.0,0.0
2022-10-24 00:00:00-04:00,112.86299611367284,113.81530829943095,112.17881182407224,113.14961242675781,12624200,0.0,0.0
2022-10-25 00:00:00-04:00,112.6595617961019,113.97245776219108,111.77196985900132,113.44544982910156,11289100,0.0,0.0
2022-10-26 00:00:00-04:00,113.72284274275594,115.75690702714203,113.61189108846125,114.7491226196289,11667000,0.0,0.0
2022-10-27 00:00:00-04:00,115.75690019772975,116.68147610043991,114.84157202915391,115.20215606689453,10727600,0.0,0.0
2022-10-28 00:00:00-04:00,115.840117928754,116.75544611496414,114.6936457624132,116.5705337524414,11859500,0.0,0.0
2022-10-31 00:00:00-04:00,116.21919616106848,117.81871568676551,116.11749224044269,116.3856201171875,13295200,0.0,0.0
2022-11-01 00:00:00-04:00,117.30096400571087,118.6046125459576,116.80169210073701,118.48441314697266,13386900,0.0,0.0
2022-11-02 00:00:00-04:00,118.02211398813333,120.52771380820484,117.0882903623946,117.39340209960938,16546100,0.0,0.0
2022-11-03 00:00:00-04:00,116.78317661881208,118.51212899208339,116.41335191164342,117.60604858398438,12474400,0.0,0.0
2022-11-04 00:00:00-04:00,119.72334435549573,120.9622727375387,118.77103225951693,120.82357788085938,14953200,0.0,0.0
2022-11-07 00:00:00-05:00,121.11945923695133,122.31215610134602,120.63867575388741,121.4615478515625,12011200,0.0,0.0
2022-11-08 00:00:00-05:00,121.34135415084721,122.09949910244408,120.32431495099945,121.53550720214844,9884100,0.0,0.0
2022-11-09 00:00:00-05:00,121.4153223778536,121.51701219031175,119.47370721007265,119.9544906616211,9494000,0.0,0.0
2022-11-10 00:00:00-05:00,122.62650783846844,125.0488922156568,122.53404460401791,124.89171600341797,16351600,0.0,0.0
2022-11-11 00:00:00-05:00,124.99340413034065,125.89948446029248,123.68974887195952,125.09510803222656,10704700,0.0,0.0
2022-11-14 00:00:00-05:00,124.63283138007225,125.4926801762243,123.8099594116211,123.8099594116211,11085600,0.0,0.0
2022-11-15 00:00:00-05:00,124.52187714341568,125.47420331271755,121.67419574742465,122.91312408447266,14038300,0.0,0.0
2022-11-16 00:00:00-05:00,122.968591847093,123.48635208181543,122.07175211626723,123.07953643798828,7893400,0.0,0.0
2022-11-17 00:00:00-05:00,122.04402438321,122.866896407538,121.37832857612338,122.54328918457031,8820200,0.0,0.0
2022-11-18 00:00:00-05:00,124.4202051873639,124.51265432714706,122.30291814320456,123.74525451660156,9468500,0.0,0.0
2022-11-21 00:00:00-05:00,123.65279886729925,124.41094384841742,122.73746355179416,123.01483917236328,7800500,0.0,0.0
2022-11-22 00:00:00-05:00,123.89316078757683,125.0673760377926,123.60654453854242,124.8547134399414,9185700,0.0,0.0
2022-11-23 00:00:00-05:00,124.7622934403172,126.20462980944512,124.6883256639631,126.1861343383789,7316200,0.0,0.0
2022-11-25 00:00:00-05:00,126.18613013853671,126.79635369221492,125.79780990653522,126.42652893066406,3220500,0.0,0.0
2022-11-28 00:00:00-05:00,125.80705334159573,126.39878137141969,124.06884608177768,124.21678161621094,9906900,0.0,0.0
2022-11-29 00:00:00-05:00,124.50340496849493,126.33406146038281,124.27226097327996,126.26009368896484,7925300,0.0,0.0
2022-11-30 00:00:00-05:00,125.82552106957607,127.75788116455078,123.14425681104996,127.75788116455078,14761200,0.0,0.0
2022-12-01 00:00:00-05:00,127.75786021332358,128.2016666957574,125.21527710282226,125.96419525146484,8858500,0.0,0.0
2022-12-02 00:00:00-05:00,124.34623400177102,125.14136994324346,123.28296311408354,124.9656982421875,8931900,0.0,0.0
2022-12-05 00:00:00-05:00,124.11509063585807,124.42020241696149,120.74963447023173,121.4615478515625,10154500,0.0,0.0
2022-12-06 00:00:00-05:00,123.32920253122683,124.91947451467894,120.07469078510256,121.66496276855469,13966700,0.0,0.0
2022-12-07 00:00:00-05:00,121.40605440285383,123.04255763178571,120.49997400665946,121.58172607421875,11739400,0.0,0.0
2022-12-08 00:00:00-05:00,122.34913118756255,122.95009988258012,121.51700440841279,122.85765075683594,8907300,0.0,0.0
2022-12-09 00:00:00-05:00,122.2289476587072,123.67128400014992,122.04403527532669,122.19197082519531,7957800,0.0,0.0
2022-12-12 00:00:00-05:00,122.41385455741163,124.49415052003471,121.67420505702913,124.08734893798828,8841600,0.0,0.0
2022-12-13 00:00:00-05:00,126.56520404718822,126.75011641972054,123.04257185657714,123.96714782714844,10025400,0.0,0.0
2022-12-14 00:00:00-05:00,123.6897753708883,125.47421437574182,122.74670390662422,123.34768676757812,9966100,0.0,0.0
2022-12-15 00:00:00-05:00,121.25813173026505,122.11799471073402,119.31653067549726,120.28733825683594,12087800,0.0,0.0
2022-12-16 00:00:00-05:00,119.40897393750946,120.10240587467946,118.74327814919356,119.53841400146484,21133700,0.0,0.0
2022-12-19 00:00:00-05:00,119.87125619982066,121.42455100138771,119.35349596860104,120.25033569335938,9017200,0.0,0.0
2022-12-20 00:00:00-05:00,121.09172776350312,122.09027160171975,120.37980024675484,120.83284759521484,8549900,0.0,0.0
2022-12-21 00:00:00-05:00,122.21045218799598,122.95011582942855,121.83138673983463,122.19197082519531,8051700,0.0,0.0
2022-12-22 00:00:00-05:00,121.21191517090286,121.39682754310846,118.72480355719475,120.80509948730469,8648200,0.0,0.0
2022-12-23 00:00:00-05:00,120.73114126693525,121.52627722743507,119.86203753012023,121.37834167480469,5091900,0.0,0.0
2022-12-27 00:00:00-05:00,121.6464584328602,122.24742712715732,120.70338706078451,121.80363464355469,5411000,0.0,0.0
2022-12-28 00:00:00-05:00,121.90533797107096,123.34767411677514,121.12868349361527,122.46932983398438,8827700,0.0,0.0
2022-12-29 00:00:00-05:00,122.9038773963336,123.21824394936257,122.33064480724447,123.17201232910156,6585200,0.0,0.0
2022-12-30 00:00:00-05:00,122.79295326251257,124.19831292683129,122.4508646097956,123.98566436767578,9292500,0.0,0.0
2023-01-03 00:00:00-05:00,125.03966965650287,126.4265337267963,123.79148635007445,124.9287109375,11054800,0.0,0.0
2023-01-04 00:00:00-05:00,125.7331048617924,127.2956265697408,125.34478460526871,126.09368896484375,11687600,0.0,0.0
2023-01-05 00:00:00-05:00,126.35446828232561,126.40104139781135,124.52890732496844,126.06573486328125,8381300,1.0,0.0
2023-01-06 00:00:00-05:00,126.79221643066228,128.88787849439743,125.26471220602448,128.47805786132812,10029100,0.0,0.0
2023-01-09 00:00:00-05:00,129.09279002240004,129.35358238914282,127.4907716483412,127.94715118408203,8482300,0.0,0.0
2023-01-10 00:00:00-05:00,128.33835358544826,129.20456806371087,127.89128293879766,129.09280395507812,9048700,0.0,0.0
2023-01-11 00:00:00-05:00,129.37221829314208,130.16391865316137,128.6271052626769,130.05215454101562,8703700,0.0,0.0
2023-01-12 00:00:00-05:00,130.39677991322543,131.19778927260577,129.67028470496427,129.92176818847656,11001700,0.0,0.0
2023-01-13 00:00:00-05:00,126.298583355672,133.6473717091843,125.5534561612079,133.20028686523438,20200000,0.0,0.0
2023-01-17 00:00:00-05:00,131.4864916525837,131.83110708446426,129.67956299829072,131.14187622070312,14292900,0.0,0.0
2023-01-18 00:00:00-05:00,129.390851298461,131.07669299182012,127.05302859276965,127.20205688476562,13392600,0.0,0.0
2023-01-19 00:00:00-05:00,126.03778963087468,126.57799227370195,124.4264480039747,125.50688171386719,13303400,0.0,0.0
2023-01-20 00:00:00-05:00,125.8887536372542,126.19611911582686,124.38919041810051,125.81423950195312,13092500,0.0,0.0
2023-01-23 00:00:00-05:00,125.85151913114433,128.49672181548593,125.57210882304616,127.85404968261719,10487100,0.0,0.0
2023-01-24 00:00:00-05:00,127.0623273335594,130.66686180767942,125.73973332551567,128.9530792236328,6945000,0.0,0.0
2023-01-25 00:00:00-05:00,128.58052150745957,129.57711791992188,127.83539432652056,129.57711791992188,8967000,0.0,0.0
2023-01-26 00:00:00-05:00,129.85654328513786,130.45264219157764,128.86925580373315,130.3781280517578,7487600,0.0,0.0
2023-01-27 00:00:00-05:00,130.96492555553354,131.57033343473924,130.16391627153163,130.69482421875,7489900,0.0,0.0
2023-01-30 00:00:00-05:00,129.67958832481602,130.48059765133877,129.381545944686,129.58645629882812,6729300,0.0,0.0
2023-01-31 00:00:00-05:00,130.285013438118,130.4619827673129,128.76681783725755,130.35952758789062,9188700,0.0,0.0
2023-02-01 00:00:00-05:00,128.72954752224172,131.21639825284845,128.64571023442275,130.01487731933594,8841800,0.0,0.0
2023-02-02 00:00:00-05:00,130.39674168739757,130.8251943777019,128.5339310918633,129.40945434570312,11822100,0.0,0.0
2023-02-03 00:00:00-05:00,128.7015791773441,132.56691974902398,128.65502028144255,131.41197204589844,11501200,0.0,0.0
2023-02-06 00:00:00-05:00,130.61098112318146,132.4831151569408,130.42470287724677,132.18505859375,8406200,0.0,0.0
2023-02-07 00:00:00-05:00,131.68212160536794,134.4390740829232,131.49582912510755,133.79640197753906,10447900,0.0,0.0
2023-02-08 00:00:00-05:00,132.86494553227868,134.15959818630932,132.52033015761558,132.8556365966797,6958000,0.0,0.0
2023-02-09 00:00:00-05:00,133.30275597595363,133.5076663311684,130.27568797915055,130.7879638671875,6443100,0.0,0.0
2023-02-10 00:00:00-05:00,130.19186686065063,131.58897518799668,129.08349198035012,131.3654327392578,6582900,0.0,0.0
2023-02-13 00:00:00-05:00,131.6075926688138,132.93949563787933,131.0860078917778,132.7904815673828,7134600,0.0,0.0
2023-02-14 00:00:00-05:00,132.72526214056734,133.94540087297335,131.88700301189505,133.3772430419922,9249400,0.0,0.0
2023-02-15 00:00:00-05:00,131.896301113355,134.01990399617458,131.6075677530241,133.9360809326172,6728300,0.0,0.0
2023-02-16 00:00:00-05:00,133.10714740730361,133.55421801414147,131.96150854736152,132.0919189453125,8165300,0.0,0.0
2023-02-17 00:00:00-05:00,131.3095437505022,133.0326496148105,130.46197554451953,132.48312377929688,7948800,0.0,0.0
2023-02-21 00:00:00-05:00,131.03944209729002,131.64484998757297,129.23251315295988,130.05215454101562,9996300,0.0,0.0
2023-02-22 00:00:00-05:00,129.39083323752578,129.86584486332362,128.012357259277,129.05552673339844,11107500,0.0,0.0
2023-02-23 00:00:00-05:00,129.21387782294622,130.55510398353837,128.47807374957344,130.0894012451172,8068000,0.0,0.0
2023-02-24 00:00:00-05:00,129.56778923170077,131.66345111432773,129.40012889078994,131.262939453125,9126900,0.0,0.0
2023-02-27 00:00:00-05:00,132.36201148598914,133.47969503510043,131.99876397722502,132.40858459472656,10014700,0.0,0.0
2023-02-28 00:00:00-05:00,133.1350881542534,133.8988331805033,132.16641859398732,133.5169677734375,11019800,0.0,0.0
2023-03-01 00:00:00-05:00,132.3526905519494,133.61940224935213,132.07326613697072,132.77182006835938,7139200,0.0,0.0
2023-03-02 00:00:00-05:00,132.48312962123975,132.6600847363199,129.96832328414183,131.3933868408203,11106800,0.0,0.0
2023-03-03 00:00:00-05:00,131.80316457143684,133.88020871274603,131.40266709697917,133.80569458007812,9513100,0.0,0.0
2023-03-06 00:00:00-05:00,133.6007975087355,134.1596322409515,132.87430240837136,133.02333068847656,9261300,0.0,0.0
2023-03-07 00:00:00-05:00,132.26888360300828,132.54830808204795,128.35698353281077,129.11141967773438,11747600,0.0,0.0
2023-03-08 00:00:00-05:00,128.53396503389877,129.0834908937869,127.50010431188039,128.34768676757812,10002500,0.0,0.0
2023-03-09 00:00:00-05:00,127.37898884778784,127.9285287981552,120.3561988559478,121.39936828613281,25888100,0.0,0.0
2023-03-10 00:00:00-05:00,120.11406550698709,125.98190907911756,119.05225664660473,124.48234558105469,37599700,0.0,0.0
2023-03-13 00:00:00-04:00,122.20973641807035,124.69658769287523,120.53320347659466,122.24698638916016,42901100,0.0,0.0
2023-03-14 00:00:00-04:00,126.00051126003207,126.23336259133937,122.28419889600545,125.38578033447266,29648100,0.0,0.0
2023-03-15 00:00:00-04:00,121.99547521453442,122.00479836428278,118.0370093737759,119.46205139160156,34280600,0.0,0.0
2023-03-16 00:00:00-04:00,119.22919421442153,122.89893358205063,117.37569955019833,121.78125,24558500,0.0,0.0
2023-03-17 00:00:00-04:00,119.57381794989983,119.66694995339917,116.84479300804942,117.18009948730469,38396000,0.0,0.0
2023-03-20 00:00:00-04:00,118.27916442303706,120.58905283754912,117.36639115158765,118.41887664794922,22875500,0.0,0.0
2023-03-21 00:00:00-04:00,121.6322282953467,122.69402988740359,121.2596718186006,121.59497833251953,17807800,0.0,0.0
2023-03-22 00:00:00-04:00,121.60429412497828,121.69744035547473,118.36300711579763,118.45614624023438,17250200,0.0,0.0
2023-03-23 00:00:00-04:00,119.12676764654793,120.64495608873607,117.3757207178748,118.13947296142578,16677600,0.0,0.0
2023-03-24 00:00:00-04:00,117.01246386356603,117.05903697838569,114.66532526148272,116.34185791015625,22311100,0.0,0.0
2023-03-27 00:00:00-04:00,118.0929139340418,120.50525807308168,117.62721114564637,119.67630767822266,18853900,0.0,0.0
2023-03-28 00:00:00-04:00,119.88120592525928,120.46798171508755,118.97773436405896,120.03954315185547,10820500,0.0,0.0
2023-03-29 00:00:00-04:00,121.17585562622419,121.28761973317278,119.00567210015669,120.28170013427734,14595300,0.0,0.0
2023-03-30 00:00:00-04:00,121.03613307812857,121.19447029615635,118.89390484759521,119.91844940185547,12134700,0.0,0.0
2023-03-31 00:00:00-04:00,120.76603683059649,121.3993857293204,120.01160067271435,121.37144470214844,13105200,0.0,0.0
2023-04-03 00:00:00-04:00,120.99886864049455,122.42391764440167,120.53316598007738,121.23171997070312,11775400,0.0,0.0
2023-04-04 00:00:00-04:00,121.54840899020964,121.63223206825984,118.67036961353394,119.611083984375,11579900,0.0,0.0
2023-04-05 00:00:00-04:00,119.029086970301,120.29634386145798,118.70992008687661,119.78944396972656,9614700,1.0,0.0
2023-04-06 00:00:00-04:00,119.21681515665666,120.23062916186689,119.08539561840657,119.65801239013672,8760200,0.0,0.0
2023-04-10 00:00:00-04:00,118.78502772426626,120.37145161510128,118.4846391329399,120.05229187011719,9477300,0.0,0.0
2023-04-11 00:00:00-04:00,120.43715065972816,121.03792775310147,119.72372517566188,120.64366912841797,10516300,0.0,0.0
2023-04-12 00:00:00-04:00,121.26322026590994,122.43661424273748,120.21186384624268,120.6249008178711,11821000,0.0,0.0
2023-04-13 00:00:00-04:00,120.58734391531581,121.13178604983821,119.05723377119003,121.0848617553711,12450200,0.0,0.0
2023-04-14 00:00:00-04:00,126.86734903458922,130.59404939182681,126.63267024294281,130.2279510498047,43931300,0.0,0.0
2023-04-17 00:00:00-04:00,131.3731850599719,131.47644430152636,129.223533624992,131.2605438232422,16050500,0.0,0.0
2023-04-18 00:00:00-04:00,131.6735604686848,133.0910149988568,130.50954868204158,132.7342987060547,13760100,0.0,0.0
2023-04-19 00:00:00-04:00,132.5747506483199,132.8282077762557,131.79561527256016,132.56536865234375,9158100,0.0,0.0
2023-04-20 00:00:00-04:00,131.3356278712024,132.76246445359604,131.26991094145336,132.1804656982422,10586200,0.0,0.0
2023-04-21 00:00:00-04:00,131.1760413997785,132.4620763872215,130.27486868264657,131.927001953125,11842500,0.0,0.0
2023-04-24 00:00:00-04:00,131.85193442335057,132.45271153798373,131.45766146105908,132.10537719726562,7567500,0.0,0.0
2023-04-25 00:00:00-04:00,131.04465327714504,131.382591336604,129.195383107836,129.23292541503906,10629300,0.0,0.0
2023-04-26 00:00:00-04:00,129.1859957427504,129.3643539425579,125.78785092084759,126.94246673583984,14416100,0.0,0.0
2023-04-27 00:00:00-04:00,127.665270829861,129.45822035051702,127.34611109046418,128.6509246826172,9041100,0.0,0.0
2023-04-28 00:00:00-04:00,128.19092610681395,129.84307377704,127.35547027763103,129.76797485351562,9887300,0.0,0.0
2023-05-01 00:00:00-04:00,133.54162091604277,134.58359537441393,132.19926503810322,132.5465850830078,20415800,0.0,0.0
2023-05-02 00:00:00-04:00,132.73433620119957,133.68244781070297,129.9463506455893,130.4063262939453,14113400,0.0,0.0
2023-05-03 00:00:00-04:00,129.95572222039473,130.17162268523757,127.43995827535376,127.64647674560547,12930900,0.0,0.0
2023-05-04 00:00:00-04:00,126.68899082609099,127.40240911532203,123.73202979228915,125.90045928955078,17089200,0.0,0.0
2023-05-05 00:00:00-04:00,128.07830688572503,129.43005909406895,127.58078896510642,128.35992431640625,11261400,0.0,0.0
2023-05-08 00:00:00-04:00,129.06395163887973,129.51453090203245,128.11584016650147,128.66969299316406,7484900,0.0,0.0
2023-05-09 00:00:00-04:00,127.5995163739126,128.5570096342542,126.9236547871665,128.05010986328125,7343600,0.0,0.0
2023-05-10 00:00:00-04:00,129.4957417743725,129.5990010056029,126.60449762357707,128.11582946777344,8133400,0.0,0.0
2023-05-11 00:00:00-04:00,126.72655016900188,128.42562236466782,126.63267292089537,127.71220397949219,7057300,0.0,0.0
2023-05-12 00:00:00-04:00,128.4350125692385,128.5945924244968,124.97115140440546,125.88170623779297,9988600,0.0,0.0
2023-05-15 00:00:00-04:00,126.0413080639245,127.35550376199222,125.75030861104229,126.94246673583984,7639500,0.0,0.0
2023-05-16 00:00:00-04:00,127.15834563232102,127.60892484093847,125.75027307219352,126.08821105957031,6477200,0.0,0.0
2023-05-17 00:00:00-04:00,127.571376771963,130.09652269089167,127.15835415850178,129.96510314941406,12711500,0.0,0.0
2023-05-18 00:00:00-04:00,129.79615941925783,131.16667563968596,129.31740548276412,130.95077514648438,10999600,0.0,0.0
2023-05-19 00:00:00-04:00,131.22297688858401,131.88008891431372,129.66472071613862,130.65036010742188,13492200,0.0,0.0
2023-05-22 00:00:00-04:00,132.35883160323743,132.9596087056534,129.22352654761832,129.5708465576172,11402500,0.0,0.0
2023-05-23 00:00:00-04:00,129.1108774941843,130.50956824657774,128.09707772078264,128.21910095214844,9514900,0.0,0.0
2023-05-24 00:00:00-04:00,127.1020512193962,127.99384225071229,126.80166975910501,127.04573059082031,8578000,0.0,0.0
2023-05-25 00:00:00-04:00,126.55756197238227,127.91869584471341,126.33226521800829,127.35546112060547,8472500,0.0,0.0
2023-05-26 00:00:00-04:00,127.76850274911199,129.16719329422867,127.31792354730003,128.54763793945312,8579900,0.0,0.0
2023-05-30 00:00:00-04:00,128.4162112811747,129.2798273382363,127.68401474749955,129.0357666015625,7399900,0.0,0.0
2023-05-31 00:00:00-04:00,128.35049962945962,128.45375885376546,126.16329193182058,127.39302062988281,14219900,0.0,0.0
2023-06-01 00:00:00-04:00,128.15338654961366,129.75858131287933,127.14895454009032,129.14842224121094,12248100,0.0,0.0
2023-06-02 00:00:00-04:00,131.00707867701726,132.80940997236672,130.80056020658242,131.86131286621094,12922500,0.0,0.0
2023-06-05 00:00:00-04:00,131.52336554906023,131.52336554906023,129.66471377028452,130.5658721923828,8511900,0.0,0.0
2023-06-06 00:00:00-04:00,130.1810121805009,131.51400031934904,129.73982923080433,130.80056762695312,9329500,0.0,0.0
2023-06-07 00:00:00-04:00,130.99772098222513,132.6123124194979,130.32184483063847,132.06785583496094,9281400,0.0,0.0
2023-06-08 00:00:00-04:00,132.04905658084004,132.25557505683798,130.9319832762121,132.10537719726562,7368100,0.0,0.0
2023-06-09 00:00:00-04:00,131.7486535773511,133.10978743780333,131.61723405269336,132.36819458007812,7249100,0.0,0.0
2023-06-12 00:00:00-04:00,132.42454261425223,132.65922138319476,131.19481383312282,132.35882568359375,7596600,0.0,0.0
2023-06-13 00:00:00-04:00,131.87068550676506,134.11421389129723,131.55152582915244,133.31631469726562,7701600,0.0,0.0
2023-06-14 00:00:00-04:00,134.23630275964177,134.80891972897547,132.07725446590848,132.81884765625,9068700,0.0,0.0
2023-06-15 00:00:00-04:00,131.97395200439672,134.61173913427928,131.4482738420415,134.32073974609375,9343100,0.0,0.0
2023-06-16 00:00:00-04:00,134.28320925450666,135.14682550056537,133.7669130411952,134.48033142089844,13813500,0.0,0.0
2023-06-20 00:00:00-04:00,133.87015812933888,134.23625643758606,132.39636857841077,133.79505920410156,8428600,0.0,0.0
2023-06-21 00:00:00-04:00,134.14238834568462,135.19375904703173,133.00655104271297,133.5979461669922,9926500,0.0,0.0
2023-06-22 00:00:00-04:00,133.5885675788298,133.8608030279646,130.4344837034784,131.02587890625,10075200,0.0,0.0
2023-06-23 00:00:00-04:00,130.04957773104178,130.65035479474497,129.18596159719687,130.34059143066406,9919500,0.0,0.0
2023-06-26 00:00:00-04:00,130.35937903218039,131.429513818361,129.25170193931694,130.65977478027344,8429700,0.0,0.0
2023-06-27 00:00:00-04:00,130.48140351484898,131.2699207890598,130.04958825116807,130.6691436767578,8154000,0.0,0.0
2023-06-28 00:00:00-04:00,130.63160160182238,130.67854022329556,129.50514630474729,130.09652709960938,7558600,0.0,0.0
2023-06-29 00:00:00-04:00,131.48583866610704,134.7619453906619,131.27932018606757,134.63990783691406,15423200,0.0,0.0
2023-06-30 00:00:00-04:00,135.7382161119017,137.05241158946137,134.85582158111603,136.5267333984375,14212800,0.0,0.0
2023-07-03 00:00:00-04:00,137.23078708332815,138.4417234745439,137.05242889093137,137.6250457763672,8021600,0.0,0.0
2023-07-05 00:00:00-04:00,136.99178819033838,137.45490835918184,136.44359247727448,136.70823669433594,8934900,1.0,0.0
2023-07-06 00:00:00-04:00,135.1770453675237,135.52675062026958,133.68368798522096,135.35662841796875,9709500,0.0,0.0
2023-07-07 00:00:00-04:00,136.01825465749548,137.84241023098767,135.15815385350504,136.42466735839844,8981500,0.0,0.0
2023-07-10 00:00:00-04:00,136.5758971043516,137.9841935536201,136.5758971043516,137.19024658203125,9100100,0.0,0.0
2023-07-11 00:00:00-04:00,138.31497789374046,139.71382777743057,137.71953575146452,139.33575439453125,11260900,0.0,0.0
2023-07-12 00:00:00-04:00,139.36413107551158,141.65142133661465,138.9388110688898,140.02574157714844,11323200,0.0,0.0
2023-07-13 00:00:00-04:00,140.54556201162572,141.17881871057477,139.64766115257927,140.70623779296875,11234900,0.0,0.0
2023-07-14 00:00:00-04:00,143.23930247167343,144.50581607701133,140.2714943998972,141.55691528320312,27028400,0.0,0.0
2023-07-17 00:00:00-04:00,142.10510873330162,145.3186536800163,142.10510873330162,144.9689483642578,17262400,0.0,0.0
2023-07-18 00:00:00-04:00,144.9689373637693,145.93299212141326,144.43964900537037,145.23358154296875,13491700,0.0,0.0
2023-07-19 00:00:00-04:00,144.37348633801724,146.69859105615757,143.8725516635689,145.79122924804688,12510000,0.0,0.0
2023-07-20 00:00:00-04:00,146.05583305203749,148.00286380258638,145.94241826564362,147.5869903564453,9935900,0.0,0.0
2023-07-21 00:00:00-04:00,147.25622847538915,147.57758006353117,146.2070981783156,146.4528350830078,10636400,0.0,0.0
2023-07-24 00:00:00-04:00,146.47176198904768,150.08227346998146,146.24491790829734,149.33560180664062,14381400,0.0,0.0
2023-07-25 00:00:00-04:00,148.67396479639882,149.0709310505176,147.407451353921,148.2202911376953,9944700,0.0,0.0
2023-07-26 00:00:00-04:00,148.11634084416522,149.57188395369397,147.70991369162988,149.10874938964844,8728600,0.0,0.0
2023-07-27 00:00:00-04:00,149.1181749258415,150.07278311159274,147.01991466470403,147.46414184570312,10778400,0.0,0.0
2023-07-28 00:00:00-04:00,148.6550335891318,148.9574922609255,147.8611012087081,148.30532836914062,9103800,0.0,0.0
2023-07-31 00:00:00-04:00,148.5605509254394,150.6399187887108,148.53219722021544,149.29779052734375,8892700,0.0,0.0
2023-08-01 00:00:00-04:00,148.79685264316743,149.3356019271236,147.58704638891248,148.56056213378906,6853900,0.0,0.0
2023-08-02 00:00:00-04:00,147.02937266535088,147.15224831888227,145.49821510852917,146.87814331054688,8299400,0.0,0.0
2023-08-03 00:00:00-04:00,146.50008773681375,148.31479677039448,145.88573829898567,147.77606201171875,6084000,0.0,0.0
2023-08-04 00:00:00-04:00,147.8232935075569,149.14652862488194,147.16168315990635,147.46414184570312,6209400,0.0,0.0
2023-08-07 00:00:00-04:00,148.0123592755238,149.05202871207436,148.0123592755238,148.16357421875,7251800,0.0,0.0
2023-08-08 00:00:00-04:00,145.85741292851418,147.42637095409896,144.22227221553078,147.3318634033203,8623400,0.0,0.0
2023-08-09 00:00:00-04:00,146.80257172877367,146.99160124818755,145.05401622463242,145.35646057128906,6277800,0.0,0.0
2023-08-10 00:00:00-04:00,145.91407765452777,146.91594681624767,144.69481090335998,145.1390380859375,5995100,0.0,0.0
2023-08-11 00:00:00-04:00,144.63809669909085,146.04639285227358,144.26003778031512,145.980224609375,5180700,0.0,0.0
2023-08-14 00:00:00-04:00,145.186323551912,146.42448336337284,144.53415951759416,146.28271484375,5044300,0.0,0.0
2023-08-15 00:00:00-04:00,144.4680080086143,144.86497429197647,141.99167392379331,142.55877685546875,10300300,0.0,0.0
2023-08-16 00:00:00-04:00,142.34137723309698,142.68163606845835,141.47181565893183,141.953857421875,6978200,0.0,0.0
2023-08-17 00:00:00-04:00,142.60606111907327,142.96521290721236,140.2620487460158,140.4794464111328,9953900,0.0,0.0
2023-08-18 00:00:00-04:00,139.55314539081465,141.30170063233274,139.35466947294978,140.80076599121094,8517500,0.0,0.0
2023-08-21 00:00:00-04:00,141.4434516475001,141.8687859772164,139.90284778532444,141.28277587890625,8327000,0.0,0.0
2023-08-22 00:00:00-04:00,141.07483926808246,141.4340053523436,137.85184862351022,138.352783203125,9673300,0.0,0.0
2023-08-23 00:00:00-04:00,138.32444321678096,139.4964346866197,137.4832497429022,139.2884979248047,7858000,0.0,0.0
2023-08-24 00:00:00-04:00,139.41137144109697,141.21663401731516,138.92934409448392,139.1561737060547,6534000,0.0,0.0
2023-08-25 00:00:00-04:00,139.2034366549742,140.4699500776079,137.85186212679616,138.98605346679688,6695500,0.0,0.0
2023-08-28 00:00:00-04:00,139.47755472158863,140.46051679570425,139.06168115953045,139.4680938720703,5094100,0.0,0.0
2023-08-29 00:00:00-04:00,139.6098712013941,140.68735519519547,139.10892212395314,140.60227966308594,6337000,0.0,0.0
2023-08-30 00:00:00-04:00,140.46996845961573,140.9709031538523,139.11839375456958,140.0352020263672,6277300,0.0,0.0
2023-08-31 00:00:00-04:00,140.12971298919908,140.21478852997714,137.95585192587282,138.30555725097656,10933900,0.0,0.0
2023-09-01 00:00:00-04:00,138.07871337147864,139.95959094685168,137.71010076768496,138.76869201660156,7903500,0.0,0.0
2023-09-05 00:00:00-04:00,139.09004215997248,140.08246513566377,137.05793522459933,137.23751831054688,7854700,0.0,0.0
2023-09-06 00:00:00-04:00,136.76492981787493,137.55886238609727,136.20728773462542,137.01068115234375,8629200,0.0,0.0
2023-09-07 00:00:00-04:00,136.226188661821,137.30367264619244,135.52676366697335,135.8386688232422,8373700,0.0,0.0
2023-09-08 00:00:00-04:00,135.50789179811133,136.21676340521094,134.82737390153332,135.9426727294922,7107900,0.0,0.0
2023-09-11 00:00:00-04:00,136.81220710462114,137.09575860478768,135.81033763645726,136.53811645507812,6854200,0.0,0.0
2023-09-12 00:00:00-04:00,136.57590783749566,139.24127157738192,136.1505878255214,138.31500244140625,8363200,0.0,0.0
2023-09-13 00:00:00-04:00,139.2601428859323,139.60040172726968,137.82350726430812,138.3811492919922,8325900,0.0,0.0
2023-09-14 00:00:00-04:00,139.73271756572413,141.67974857337634,139.43027328806218,141.06539916992188,10034900,0.0,0.0
2023-09-15 00:00:00-04:00,140.75350451581164,141.5190833260664,140.17695519591197,140.6495361328125,19863400,0.0,0.0
2023-09-18 00:00:00-04:00,140.035172908343,140.96142741538486,139.64765311691883,140.94252014160156,6512400,0.0,0.0
2023-09-19 00:00:00-04:00,141.3017039169794,141.50964068854574,139.13728951370842,140.76295471191406,7943400,0.0,0.0
2023-09-20 00:00:00-04:00,141.4434708829278,142.01057378498936,140.0162816228416,140.16751098632812,7332000,0.0,0.0
2023-09-21 00:00:00-04:00,139.48701006324467,140.68736984461884,138.5891090452517,139.07113647460938,8052400,0.0,0.0
2023-09-22 00:00:00-04:00,139.212884032162,139.4208207951516,137.22805277911417,137.73843383789062,7071700,0.0,0.0
2023-09-25 00:00:00-04:00,137.37929111046418,138.4851288283916,135.81976528618725,138.41896057128906,7044700,0.0,0.0
2023-09-26 00:00:00-04:00,136.67042431005655,137.842415902858,136.32070458011657,136.98231506347656,7468400,0.0,0.0
2023-09-27 00:00:00-04:00,137.2280634867069,138.078703458383,136.58534587221868,137.78570556640625,6717800,0.0,0.0
2023-09-28 00:00:00-04:00,138.2582697676522,140.7062354182507,138.00307203828493,139.49642944335938,8868100,0.0,0.0
2023-09-29 00:00:00-04:00,140.45107978151157,140.60229474164558,136.91616868912737,137.06739807128906,11917800,0.0,0.0
2023-10-02 00:00:00-04:00,136.8877945617825,137.63446608902228,134.80844134435435,135.88592529296875,9170600,0.0,0.0
2023-10-03 00:00:00-04:00,135.34718383062278,135.7157964019181,134.5438048531977,134.88406372070312,9431100,0.0,0.0
2023-10-04 00:00:00-04:00,135.33773852602286,135.6023827116083,134.14682526886182,135.4889678955078,8128700,0.0,0.0
2023-10-05 00:00:00-04:00,135.24140407917886,136.2506805403231,134.08932754409395,136.06024169921875,8576200,1.05,0.0
2023-10-06 00:00:00-04:00,136.06975760475353,138.89760265290286,135.33660882563723,138.15493774414062,10270600,0.0,0.0
2023-10-09 00:00:00-04:00,136.78387239130825,138.44057986808556,136.63152713206975,137.8407440185547,6964900,0.0,0.0
2023-10-10 00:00:00-04:00,138.45963214620673,139.7450217132644,138.3263336711999,138.67861938476562,11288800,0.0,0.0
2023-10-11 00:00:00-04:00,139.49746320134423,140.18300239700145,138.07878962491193,139.15469360351562,8698200,0.0,0.0
2023-10-12 00:00:00-04:00,139.2975150564194,139.92592837249737,138.1835175570688,138.83096313476562,10484400,0.0,0.0
2023-10-13 00:00:00-04:00,141.39220572806693,145.78155357120053,140.76379243800466,140.9161376953125,29427000,0.0,0.0
2023-10-16 00:00:00-04:00,142.296739758379,142.36339626021208,139.69741222732762,140.77333068847656,12663500,0.0,0.0
2023-10-17 00:00:00-04:00,140.50670624404734,142.16341346499166,139.7640268520569,140.46861267089844,11482700,0.0,0.0
2023-10-18 00:00:00-04:00,139.57360820497632,140.4210086362249,138.4120011605535,138.92616271972656,9620300,0.0,0.0
2023-10-19 00:00:00-04:00,138.51675412868605,139.98305184134563,137.94548119248043,138.33584594726562,11143600,0.0,0.0
2023-10-20 00:00:00-04:00,137.65030401141888,138.19301395895687,135.3175592646249,136.1078338623047,13332900,0.0,0.0
2023-10-23 00:00:00-04:00,136.09835201400787,136.80292351033327,133.9941245999884,134.25120544433594,10133400,0.0,0.0
2023-10-24 00:00:00-04:00,134.43208694949126,134.94623400762785,133.64181230970658,134.4130401611328,8881400,0.0,0.0
2023-10-25 00:00:00-04:00,133.84177704325438,134.42256611040705,132.8325005847285,133.67990112304688,8242600,0.0,0.0
2023-10-26 00:00:00-04:00,133.07055359420397,134.88913727103304,132.75634689649692,134.02268981933594,9109400,0.0,0.0
2023-10-27 00:00:00-04:00,132.29928568659878,132.44211479437138,128.7192597897632,129.19532775878906,17434700,0.0,0.0
2023-10-30 00:00:00-04:00,129.9094552211172,131.432864304069,129.52859205404604,130.84254455566406,9855500,0.0,0.0
2023-10-31 00:00:00-04:00,131.11867762913826,132.57544479880684,130.89015971937744,132.404052734375,9672500,0.0,0.0
2023-11-01 00:00:00-04:00,132.5849547947125,133.80368786681566,131.84228978291355,132.289794921875,9432000,0.0,0.0
2023-11-02 00:00:00-04:00,133.38473459166462,134.70820310845752,132.56589701468494,134.6510772705078,10186200,0.0,0.0
2023-11-03 00:00:00-04:00,135.38421348677102,136.88859003598125,135.0604907495647,136.1554412841797,9538700,0.0,0.0
2023-11-06 00:00:00-05:00,136.31731431844256,137.2884971416143,135.95549797622422,137.1837615966797,7625100,0.0,0.0
2023-11-07 00:00:00-05:00,136.64107357921966,137.3551757958394,135.98411174382483,137.1171417236328,6297900,0.0,0.0
2023-11-08 00:00:00-05:00,137.21230260963293,137.90735773590177,136.7457507969645,137.79310607910156,7618200,0.0,0.0
2023-11-09 00:00:00-05:00,138.478678010919,138.6786184578708,136.821955951098,137.3837127685547,7992500,0.0,0.0
2023-11-10 00:00:00-05:00,138.00259133572115,139.46887435315006,137.1837538113683,139.4212646484375,7983300,0.0,0.0
2023-11-13 00:00:00-05:00,138.72621080025883,139.2498885003074,138.21206375831073,138.80238342285156,6676300,0.0,0.0
2023-11-14 00:00:00-05:00,139.6592991194605,142.10629557129178,139.5069684036802,141.33506774902344,9927700,0.0,0.0
2023-11-15 00:00:00-05:00,141.35414283567732,142.97277142637373,141.35414283567732,142.5728759765625,8365300,0.0,0.0
2023-11-16 00:00:00-05:00,142.9061135215397,144.27719192372464,142.9061135215397,144.20101928710938,8126200,0.0,0.0
2023-11-17 00:00:00-05:00,144.91511311981318,145.54352643960186,144.28669980002454,145.5054473876953,7812400,0.0,0.0
2023-11-20 00:00:00-05:00,144.80085016755913,146.3909156050266,144.64850491489995,145.9529266357422,7019000,0.0,0.0
2023-11-21 00:00:00-05:00,145.86724162056868,146.27666768153603,145.26740578155804,145.64825439453125,7083500,0.0,0.0
2023-11-22 00:00:00-05:00,146.06718519558558,146.5146902715766,145.58158654420177,145.9910125732422,5174500,0.0,0.0
2023-11-24 00:00:00-05:00,146.23858871739657,147.04791026139762,145.94342883357928,146.19097900390625,3496900,0.0,0.0
2023-11-27 00:00:00-05:00,146.0862304096327,146.18144982811643,145.4007058046349,145.85772705078125,6259100,0.0,0.0
2023-11-28 00:00:00-05:00,145.88630298876882,146.50518567880863,145.4102349107552,146.19097900390625,6582700,0.0,0.0
2023-11-29 00:00:00-05:00,146.79082564836614,148.18095079285675,146.62896424942622,146.93365478515625,9126100,0.0,0.0
2023-11-30 00:00:00-05:00,147.49540801435012,148.65701522867897,146.99077703925823,148.60940551757812,9869800,0.0,0.0
2023-12-01 00:00:00-05:00,148.36183954608933,150.30419060735318,148.36183954608933,149.3330078125,8916000,0.0,0.0
2023-12-04 00:00:00-05:00,148.5522844190122,150.4851196181815,148.41898594074,150.42799377441406,9607500,0.0,0.0
2023-12-05 00:00:00-05:00,149.73291254732652,150.91356649970896,149.4567994806308,150.408935546875,9135600,0.0,0.0
2023-12-06 00:00:00-05:00,151.23727194998867,151.59908826281446,148.53320931845312,148.828369140625,9366000,0.0,0.0
2023-12-07 00:00:00-05:00,149.19018025650044,149.7804998802808,148.676018721612,149.28538513183594,8130900,0.0,0.0
2023-12-08 00:00:00-05:00,149.73291641484093,151.18016734087794,149.46631947168197,150.9326171875,7369400,0.0,0.0
2023-12-11 00:00:00-05:00,150.93262258540094,151.67528760053898,150.58032233984983,151.48486328125,8093900,0.0,0.0
2023-12-12 00:00:00-05:00,151.60863503478222,152.96066662381816,151.27539609948477,152.83689880371094,10223000,0.0,0.0
2023-12-13 00:00:00-05:00,152.8368813727461,154.27460156444917,152.1227793419799,153.3510284423828,12379100,0.0,0.0
2023-12-14 00:00:00-05:00,154.08419059211312,156.95011509328629,153.9699389064081,156.14080810546875,13643000,0.0,0.0
2023-12-15 00:00:00-05:00,155.27435487389386,157.36905136044854,154.61737864904833,157.32144165039062,20309300,0.0,0.0
2023-12-18 00:00:00-05:00,157.97839974165464,159.13049066766075,157.70228670052236,158.2735595703125,8469600,0.0,0.0
2023-12-19 00:00:00-05:00,158.0545684018146,160.40634537103261,157.62611012810044,160.38729858398438,10345700,0.0,0.0
2023-12-20 00:00:00-05:00,159.94934056821094,161.3013720183207,158.4830429125466,158.57826232910156,10734700,0.0,0.0
2023-12-21 00:00:00-05:00,158.85437480725014,160.04454486759295,157.74989350442564,159.4827880859375,7601700,0.0,0.0
2023-12-22 00:00:00-05:00,159.4827926611238,160.17784792833942,159.22571185275063,159.3875732421875,6576300,0.0,0.0
2023-12-26 00:00:00-05:00,159.4447205799634,160.69201656895322,159.17810910097685,160.3302001953125,4683600,0.0,0.0
2023-12-27 00:00:00-05:00,159.80650969959626,161.35849609615912,159.5589595590751,161.29183959960938,6428600,0.0,0.0
2023-12-28 00:00:00-05:00,161.24426201979193,162.49155804559817,160.91100855755525,162.14878845214844,6320100,0.0,0.0
2023-12-29 00:00:00-05:00,161.86312409207517,162.52010027323502,161.51083841227057,161.95834350585938,6435100,0.0,0.0
2024-01-02 00:00:00-05:00,160.9966749848298,163.92925564889285,160.82529747610658,163.84356689453125,9977400,0.0,0.0
2024-01-03 00:00:00-05:00,163.63408646230044,163.80546396123427,162.21539865343385,163.12945556640625,9852300,0.0,0.0
2024-01-04 00:00:00-05:00,163.47433603229473,166.0705417857939,163.3785294721103,164.21200561523438,11972500,1.05,0.0
2024-01-05 00:00:00-05:00,164.26951043733862,166.09930786122962,164.26951043733862,165.03591918945312,10066000,0.0,0.0
2024-01-08 00:00:00-05:00,164.7964324951172,165.1221514938043,162.37267500941948,164.7964324951172,11229900,0.0,0.0
2024-01-09 00:00:00-05:00,164.41319375604527,164.57605322862534,162.95703331249527,163.49351501464844,9923600,0.0,0.0
2024-01-10 00:00:00-05:00,162.8612379033593,163.89588752185023,161.8553273338794,163.83840942382812,9670200,0.0,0.0
2024-01-11 00:00:00-05:00,163.17737491200987,163.2061139597619,161.55834033783609,163.1486358642578,11919500,0.0,0.0
2024-01-12 00:00:00-05:00,166.50166046764423,168.9062533664625,161.80741624247742,161.9511260986328,19436500,0.0,0.0
2024-01-16 00:00:00-05:00,157.94664595592107,161.03143037908146,157.40058944095534,160.93563842773438,17206400,0.0,0.0
2024-01-17 00:00:00-05:00,160.31292710157683,161.97029014212657,159.49862972312755,160.07342529296875,11107500,0.0,0.0
2024-01-18 00:00:00-05:00,160.1021670447645,160.4949535258434,158.30112335387184,160.3895721435547,9382300,0.0,0.0
2024-01-19 00:00:00-05:00,160.51410852793856,163.4072943513664,160.06384397661594,163.158203125,13115700,0.0,0.0
2024-01-22 00:00:00-05:00,163.3019527343805,164.75811350107622,162.58344716282804,162.96664428710938,12837500,0.0,0.0
2024-01-23 00:00:00-05:00,162.5450994568688,162.62174179626794,161.36675455192406,161.89366149902344,8360800,0.0,0.0
2024-01-24 00:00:00-05:00,162.2481127691283,163.82881892654672,161.7691091313614,163.34024047851562,9967100,0.0,0.0
2024-01-25 00:00:00-05:00,165.07423089153494,165.7256834386291,163.7330265563865,165.6777801513672,8873500,0.0,0.0
2024-01-26 00:00:00-05:00,165.36163059415745,165.79273092936745,164.56648282928853,165.0454864501953,7443000,0.0,0.0
2024-01-29 00:00:00-05:00,165.0071788069499,165.5819744028677,164.10664962684461,165.47659301757812,6971200,0.0,0.0
2024-01-30 00:00:00-05:00,165.57241795786004,169.33737996093782,165.57241795786004,168.8679656982422,10822100,0.0,0.0
2024-01-31 00:00:00-05:00,168.80087682836762,170.8126979280155,167.01898273434634,167.03814697265625,11521800,0.0,0.0
2024-02-01 00:00:00-05:00,166.34838368311816,167.4979894966774,164.23118116023815,166.43460083007812,9354800,0.0,0.0
2024-02-02 00:00:00-05:00,166.02266524309417,168.43684769185612,165.98433676563624,167.39260864257812,8607600,0.0,0.0
2024-02-05 00:00:00-05:00,166.5591476490177,167.73749252001522,165.65861845956076,167.17227172851562,7820200,0.0,0.0
2024-02-06 00:00:00-05:00,167.27765672761672,168.48474067387662,166.46334466815134,167.74708557128906,6764800,0.0,0.0
2024-02-07 00:00:00-05:00,168.31229314046925,168.48472742579142,166.6549447200751,168.06320190429688,7225500,0.0,0.0
2024-02-08 00:00:00-05:00,167.65130010030822,167.94828006445772,166.28135649328738,167.45970153808594,6060300,0.0,0.0
2024-02-09 00:00:00-05:00,167.65126808553677,167.74707465736927,166.37711669392303,167.6608428955078,6296700,0.0,0.0
2024-02-12 00:00:00-05:00,167.440483863724,169.38523715484547,166.40583441625574,168.40806579589844,8539300,0.0,0.0
2024-02-13 00:00:00-05:00,167.95785234527744,168.8296279070828,165.3712208562634,166.94235229492188,8397600,0.0,0.0
2024-02-14 00:00:00-05:00,167.71835214492955,168.70509853636048,167.09563860268537,168.63803100585938,7056700,0.0,0.0
2024-02-15 00:00:00-05:00,168.7529840509546,172.64250606036836,168.7529840509546,172.3167724609375,8723400,0.0,0.0
2024-02-16 00:00:00-05:00,172.06771576791118,172.42217384064315,170.67860791252102,171.51206970214844,8152600,0.0,0.0
2024-02-20 00:00:00-05:00,171.66531498276106,172.8819882373571,170.91807052542617,172.18263244628906,9668000,0.0,0.0
2024-02-21 00:00:00-05:00,172.3934085731368,173.38974433887643,171.02346516778374,173.3035125732422,7024000,0.0,0.0
2024-02-22 00:00:00-05:00,174.18489140759863,175.71769429130376,173.62924542867003,175.3824005126953,9296500,0.0,0.0
2024-02-23 00:00:00-05:00,176.09128402949142,177.4229133237325,175.49732430081693,176.26373291015625,7105800,0.0,0.0
2024-02-26 00:00:00-05:00,176.03383954354783,176.71403115140492,174.81716619215732,175.66021728515625,7145400,0.0,0.0
2024-02-27 00:00:00-05:00,175.61229376413942,175.83263132241242,174.5872336832812,175.7464141845703,5717100,0.0,0.0
2024-02-28 00:00:00-05:00,175.72725632977884,177.4229331924025,175.27700638757528,176.6373748779297,6131600,0.0,0.0
2024-02-29 00:00:00-05:00,177.86361389401372,178.6012688866292,176.1296232629636,178.24681091308594,9643000,0.0,0.0
2024-03-01 00:00:00-05:00,177.90192645806692,178.61085701803958,177.3271309336286,177.50914001464844,6311800,0.0,0.0
2024-03-04 00:00:00-05:00,176.95352892532506,179.71257991723328,176.53200338846983,178.84078979492188,7063600,0.0,0.0
2024-03-05 00:00:00-05:00,178.5342250453487,181.35076859433357,178.5342250453487,180.63226318359375,6617800,0.0,0.0
2024-03-06 00:00:00-05:00,181.30286510676484,182.08843803828077,179.75089809907624,181.57110595703125,7572900,0.0,0.0
2024-03-07 00:00:00-05:00,181.9351627034638,182.5003834799299,178.79290005235944,179.98081970214844,7618300,0.0,0.0
2024-03-08 00:00:00-05:00,180.52689436305062,182.4620731636392,180.02872648390257,180.31613159179688,6172200,0.0,0.0
2024-03-11 00:00:00-04:00,179.4156118276523,180.52690384023362,178.40012639540902,180.38319396972656,5762600,0.0,0.0
2024-03-12 00:00:00-04:00,181.01547711176607,182.17467238118493,180.01915594784495,181.86810302734375,5708400,0.0,0.0
2024-03-13 00:00:00-04:00,182.36627326879466,183.67873861401878,181.86810537139763,183.34344482421875,7795500,0.0,0.0
2024-03-14 00:00:00-04:00,183.00811407017264,183.58292423683054,179.24315279445563,180.0766143798828,10310900,0.0,0.0
2024-03-15 00:00:00-04:00,178.64918225909958,182.92190089143276,178.64918225909958,182.30877685546875,17214200,0.0,0.0
2024-03-18 00:00:00-04:00,182.6249332720875,184.6080007490843,181.91600261926007,184.56968688964844,9013800,0.0,0.0
2024-03-19 00:00:00-04:00,184.6175715223358,185.78632684241802,184.301427396319,185.65220642089844,8478700,0.0,0.0
2024-03-20 00:00:00-04:00,186.03545138429956,188.30592414737396,185.4798053619121,188.08558654785156,9367000,0.0,0.0
2024-03-21 00:00:00-04:00,188.2675805993268,191.05537046475777,188.08555689093157,190.70091247558594,11203800,0.0,0.0
2024-03-22 00:00:00-04:00,190.65302489235967,192.06129677346303,188.28674572441219,188.36338806152344,8108800,0.0,0.0
2024-03-25 00:00:00-04:00,188.34424416251454,188.66996314160914,186.1983025123005,186.6389923095703,8620000,0.0,0.0
2024-03-26 00:00:00-04:00,186.41861458155125,188.40169647073768,185.91087194305058,187.5107421875,5961500,0.0,0.0
2024-03-27 00:00:00-04:00,188.24843073927042,191.21825915794204,188.13347454330642,191.14161682128906,8725800,0.0,0.0
2024-03-28 00:00:00-04:00,191.11285625024766,192.29120098027298,190.20273774125516,191.8888397216797,8628300,0.0,0.0
2024-04-01 00:00:00-04:00,191.59187857143777,192.5019825513943,190.231510006592,190.58596801757812,7309000,0.0,0.0
2024-04-02 00:00:00-04:00,190.059058541283,191.39068803965642,189.7620786314202,190.5093231201172,7014700,0.0,0.0
2024-04-03 00:00:00-04:00,190.68175536029023,191.1799232200789,189.39802916201796,189.97283935546875,9353400,0.0,0.0
2024-04-04 00:00:00-04:00,191.90003475549202,192.41073918574324,188.43109983510448,188.52745056152344,9243800,1.15,0.0
2024-04-05 00:00:00-04:00,189.0189006224198,190.90753960667652,188.00712238634617,190.26193237304688,6532300,0.0,0.0
2024-04-08 00:00:00-04:00,190.4257171626085,191.7362074873057,190.4257171626085,191.25440979003906,8001000,0.0,0.0
2024-04-09 00:00:00-04:00,190.8593601189623,191.63987009025777,187.81439493179724,189.97283935546875,7351500,0.0,0.0
2024-04-10 00:00:00-04:00,188.43109330669446,189.89576250853975,187.1109575411202,188.35400390625,7681400,0.0,0.0
2024-04-11 00:00:00-04:00,188.86468608727563,189.41394248705126,186.20516824984617,188.3154296875,10137700,0.0,0.0
2024-04-12 00:00:00-04:00,181.46430119435698,182.05208030042675,175.89470599723555,176.13560485839844,31532300,0.0,0.0
2024-04-15 00:00:00-04:00,177.78336870412258,180.63561783679535,175.56709612650053,176.2319793701172,14766600,0.0,0.0
2024-04-16 00:00:00-04:00,176.2415895769628,176.49213378652257,173.10990458385498,174.21804809570312,16451800,0.0,0.0
2024-04-17 00:00:00-04:00,174.76732380790725,175.77910209696373,172.67632318561803,173.5242919921875,9017100,0.0,0.0
2024-04-18 00:00:00-04:00,174.50712368338014,176.68484388015779,173.41825623334225,174.6516571044922,9557700,0.0,0.0
2024-04-19 00:00:00-04:00,175.7597928603478,179.11311539639945,174.8058428364993,179.03602600097656,13402300,0.0,0.0
2024-04-22 00:00:00-04:00,179.2191232415869,183.2084078209713,179.2094778769642,182.51461791992188,11529700,0.0,0.0
2024-04-23 00:00:00-04:00,184.1720222006471,185.231968483805,183.58422832693816,185.14524841308594,9144400,0.0,0.0
2024-04-24 00:00:00-04:00,183.5938388084488,186.1955435671471,183.24694386040238,186.05101013183594,6964900,0.0,0.0
2024-04-25 00:00:00-04:00,185.25120698468584,186.87968548703992,184.22015289733093,186.33042907714844,9802300,0.0,0.0
2024-04-26 00:00:00-04:00,186.52318009937602,187.775842433726,186.0317370050604,186.4460906982422,6413700,0.0,0.0
2024-04-29 00:00:00-04:00,186.43642951373823,187.18803273189192,185.42465142674712,186.24371337890625,5387800,0.0,0.0
2024-04-30 00:00:00-04:00,185.79082028032872,187.89146582521732,184.66341546581035,184.75978088378906,8153700,0.0,0.0
2024-05-01 00:00:00-04:00,185.27048962572664,187.38076588091363,183.84435786312523,184.8754119873047,7445300,0.0,0.0
2024-05-02 00:00:00-04:00,186.04136649178366,186.45570544630326,182.6205999628326,184.6826934814453,6501700,0.0,0.0
2024-05-03 00:00:00-04:00,185.01030150506242,185.5210058485782,181.59918054051383,183.5745391845703,8922800,0.0,0.0
2024-05-06 00:00:00-04:00,184.75014006909623,185.20303107881045,182.90968404809246,185.01031494140625,7911100,0.0,0.0
2024-05-07 00:00:00-04:00,184.72122647131476,185.90644464013317,184.67304376294203,184.7694091796875,7688800,0.0,0.0
2024-05-08 00:00:00-04:00,184.04673744228526,189.49104604551445,184.04673744228526,188.52745056152344,9227600,0.0,0.0
2024-05-09 00:00:00-04:00,188.0649251718864,190.39682443319006,187.9974811350408,190.3101043701172,7977300,0.0,0.0
2024-05-10 00:00:00-04:00,191.31222172747283,192.08310097798218,191.05206155927368,191.5338592529297,7529800,0.0,0.0
2024-05-13 00:00:00-04:00,191.56275902522955,192.5745370860542,190.83041714718976,191.49530029296875,7049200,0.0,0.0
2024-05-14 00:00:00-04:00,191.75548363456778,194.24156151844699,190.9460670314347,194.17410278320312,8596200,0.0,0.0
2024-05-15 00:00:00-04:00,194.65587763246896,195.31113006997322,192.49743361080115,194.7522430419922,8370000,0.0,0.0
2024-05-16 00:00:00-04:00,194.85826801387446,197.0359883811209,194.63664518305498,195.0991668701172,8497900,0.0,0.0
2024-05-17 00:00:00-04:00,196.39038213409867,197.58524575986786,195.42678670459753,197.33470153808594,9260500,0.0,0.0
2024-05-20 00:00:00-04:00,196.9492646377528,198.3850270872914,188.28653663611217,188.45999145507812,17373300,0.0,0.0
2024-05-21 00:00:00-04:00,189.82831178312392,192.62273282652995,189.44287946793008,192.25657653808594,14420800,0.0,0.0
2024-05-22 00:00:00-04:00,191.75547457442974,193.62485190522074,190.49316701895492,191.09059143066406,9425300,0.0,0.0
2024-05-23 00:00:00-04:00,190.60880476690767,191.08097180868498,188.93215817182306,189.75120544433594,8069400,0.0,0.0
2024-05-24 00:00:00-04:00,190.55099509409158,193.45141202711477,190.3679096110055,193.4032440185547,7356200,0.0,0.0
2024-05-28 00:00:00-04:00,192.58418437370676,193.11416480401974,191.42787279148718,192.23728942871094,6910200,0.0,0.0
2024-05-29 00:00:00-04:00,190.79190735016738,191.74587218010635,189.72231576628442,190.8979034423828,6120000,0.0,0.0
2024-05-30 00:00:00-04:00,191.33151370112188,192.5745600882193,191.17733489750825,192.073486328125,6829100,0.0,0.0
2024-05-31 00:00:00-04:00,192.04455220283393,195.89893352269695,191.12913958002605,195.25332641601562,14417900,0.0,0.0
2024-06-03 00:00:00-04:00,194.94499171240668,195.05098779926408,191.938578635432,194.47283935546875,6444300,0.0,0.0
2024-06-04 00:00:00-04:00,192.8732633917263,194.62699941582753,191.0616992914751,191.90966796875,6848300,0.0,0.0
2024-06-05 00:00:00-04:00,192.48781544983936,192.54564352570372,189.7512079908949,190.07882690429688,8351600,0.0,0.0
2024-06-06 00:00:00-04:00,190.07884200842165,190.81118399457173,188.21910976106764,189.74159240722656,7640300,0.0,0.0
2024-06-07 00:00:00-04:00,190.24263389810582,193.60558715733387,189.83792559209,192.6708984375,6964500,0.0,0.0
2024-06-10 00:00:00-04:00,191.98676661770378,193.5285105467739,191.2158873015187,192.34329223632812,6070800,0.0,0.0
2024-06-11 00:00:00-04:00,190.70515975277357,190.73406643708634,186.55206613579313,187.28439331054688,9235300,0.0,0.0
2024-06-12 00:00:00-04:00,188.86472250482188,189.5585124576343,184.3454571494998,184.5574493408203,12751300,0.0,0.0
2024-06-13 00:00:00-04:00,185.31869460949812,187.49641515796614,183.93111472954305,186.6099090576172,8587800,0.0,0.0
2024-06-14 00:00:00-04:00,184.4803457421218,187.76620975150024,184.45143905492023,186.72552490234375,6874000,0.0,0.0
2024-06-17 00:00:00-04:00,186.43644276855122,188.45999908639936,185.6270261227318,187.8818359375,8725400,0.0,0.0
2024-06-18 00:00:00-04:00,187.51568485250894,190.7533662286327,187.06279380411513,189.82830810546875,9023000,0.0,0.0
2024-06-20 00:00:00-04:00,189.2405187060912,192.18911856874885,188.97071314371078,191.43751525878906,8731100,0.0,0.0
2024-06-21 00:00:00-04:00,189.54887100568703,189.99211668717973,187.1495129968505,189.15379333496094,20972100,0.0,0.0
2024-06-24 00:00:00-04:00,190.60882307904214,191.97712692160647,189.92467850941023,191.63987731933594,9785900,0.0,0.0
2024-06-25 00:00:00-04:00,190.87860580369815,192.7865352475538,190.54135624177928,190.85934448242188,6862500,0.0,0.0
2024-06-26 00:00:00-04:00,190.2619060295269,190.7340730618656,189.13450119227616,190.2426300048828,7758600,0.0,0.0
2024-06-27 00:00:00-04:00,190.25229544661778,192.58419476248764,189.7319456494045,191.9193115234375,7913500,0.0,0.0
2024-06-28 00:00:00-04:00,192.72871510952479,195.2244384276402,192.04457059358026,194.8968048095703,15307600,0.0,0.0
2024-07-01 00:00:00-04:00,195.4556729524938,199.55095309963178,195.28223285090388,197.9706573486328,10205800,0.0,0.0
2024-07-02 00:00:00-04:00,197.81649464048778,201.25653730118145,197.3154356152056,201.22763061523438,7802900,0.0,0.0
2024-07-03 00:00:00-04:00,201.92142029855032,202.72120625004737,200.09058020489354,201.0927276611328,5560900,0.0,0.0
2024-07-05 00:00:00-04:00,200.55983012100543,200.92801531072178,198.166559856373,198.42816162109375,8093100,1.15,0.0
2024-07-08 00:00:00-04:00,198.6703899428391,200.47260930809625,197.63363736853518,198.79635620117188,8707000,0.0,0.0
2024-07-09 00:00:00-04:00,199.2420620947068,203.24375265338338,199.06764614749306,201.179931640625,9058900,0.0,0.0
2024-07-10 00:00:00-04:00,199.73621498518906,201.5093674070047,199.19361387387812,201.3446502685547,8328500,0.0,0.0
2024-07-11 00:00:00-04:00,199.80405397767697,201.6353401799566,198.99983630998767,201.00552368164062,10658100,0.0,0.0
2024-07-12 00:00:00-04:00,197.66271569214624,201.00553807410293,195.82174533245208,198.57351684570312,15443400,0.0,0.0
2024-07-15 00:00:00-04:00,200.75361079562126,205.03630099143194,200.29821024046566,203.52476501464844,10719700,0.0,0.0
2024-07-16 00:00:00-04:00,203.4763018043115,207.1001231684869,201.61594881913035,206.9838409423828,11557000,0.0,0.0
2024-07-17 00:00:00-04:00,207.15826659720184,210.8014561824825,206.64473232755455,210.1328887939453,11572500,0.0,0.0
2024-07-18 00:00:00-04:00,208.93141490981057,209.91003373180175,202.73992215128823,203.45692443847656,12415100,0.0,0.0
2024-07-19 00:00:00-04:00,204.63902343657583,205.75330730910804,202.42985331170013,203.2631378173828,8095900,0.0,0.0
2024-07-22 00:00:00-04:00,203.92203559046192,205.5789059089919,203.1953344509871,203.74761962890625,7663200,0.0,0.0
2024-07-23 00:00:00-04:00,204.46463368807304,204.91033543415375,202.84651428252,203.7960662841797,5557300,0.0,0.0
2024-07-24 00:00:00-04:00,203.04029133995283,205.4432455165605,201.6062719683225,202.110107421875,7119000,0.0,0.0
2024-07-25 00:00:00-04:00,202.16823923465998,203.66040709970025,201.58688722802887,202.1876220703125,6403800,0.0,0.0
2024-07-26 00:00:00-04:00,202.73990905497504,206.53813143790077,202.1391594662797,205.64671325683594,8027800,0.0,0.0
2024-07-29 00:00:00-04:00,206.04396694780962,206.97415080531783,204.00921286071488,204.29989624023438,6533600,0.0,0.0
2024-07-30 00:00:00-04:00,206.60596247075222,209.086433183662,206.3443607207926,208.5050811767578,8850700,0.0,0.0
2024-07-31 00:00:00-04:00,208.1078332444446,209.66781899938815,206.06338004740397,206.18934631347656,9071600,0.0,0.0
2024-08-01 00:00:00-04:00,206.57688825491246,207.18732188596175,199.968760867642,201.4996795654297,10918600,0.0,0.0
2024-08-02 00:00:00-04:00,197.5464461851978,198.3118982278118,190.77358611594644,192.9536895751953,18041700,0.0,0.0
2024-08-05 00:00:00-04:00,188.02181219061254,190.07594935886874,184.96965851641983,188.84539794921875,13927000,0.0,0.0
2024-08-06 00:00:00-04:00,189.32988353641295,196.30622701235052,187.973380518744,194.11642456054688,10605800,0.0,0.0
2024-08-07 00:00:00-04:00,197.1879178800858,199.35833717721835,193.98074602423208,194.17453002929688,9204400,0.0,0.0
2024-08-08 00:00:00-04:00,196.180222471866,198.54442565703408,195.52133914553448,197.7208251953125,7761200,0.0,0.0
2024-08-09 00:00:00-04:00,197.14916420781512,200.0559685970376,196.59686427717244,199.4067840576172,5540200,0.0,0.0
2024-08-12 00:00:00-04:00,199.99785008173868,200.70516839716132,197.33327918901625,199.78468322753906,6936000,0.0,0.0
2024-08-13 00:00:00-04:00,201.2768180938325,201.62563520668914,199.01919827795092,201.4803009033203,6387800,0.0,0.0
2024-08-14 00:00:00-04:00,201.28651017228518,204.21268247057492,200.68576057398485,203.70884704589844,6999800,0.0,0.0
2024-08-15 00:00:00-04:00,206.38311720863197,207.2454686093335,204.54214695964689,204.97816467285156,7001000,0.0,0.0
2024-08-16 00:00:00-04:00,205.11381260076865,207.43925023433258,205.01691320571518,207.32298278808594,7931200,0.0,0.0
2024-08-19 00:00:00-04:00,207.35205125366764,208.83452034386772,207.1776500829486,208.7570037841797,6090800,0.0,0.0
2024-08-20 00:00:00-04:00,208.3209805571364,209.28991535042542,207.04197953330453,207.85589599609375,5640000,0.0,0.0
2024-08-21 00:00:00-04:00,207.76869396728614,208.32099393160962,206.22809109539315,207.9334259033203,5202300,0.0,0.0
2024-08-22 00:00:00-04:00,207.91404071912638,210.0650772568238,207.68149103391474,209.90036010742188,5247100,0.0,0.0
2024-08-23 00:00:00-04:00,210.8402170417045,212.38081981547876,209.77438285463143,211.5281524658203,7214000,0.0,0.0
2024-08-26 00:00:00-04:00,212.2064170703137,212.85560164837696,211.27624788986617,212.3614501953125,5105200,0.0,0.0
2024-08-27 00:00:00-04:00,212.69087283059343,213.57260704778895,212.38082138237573,213.34005737304688,5185200,0.0,0.0
2024-08-28 00:00:00-04:00,212.43895265431158,215.307006137293,212.38081893248957,214.4155731201172,6506400,0.0,0.0
2024-08-29 00:00:00-04:00,215.24887358382333,216.053091293099,212.13860095765696,215.30702209472656,6416100,0.0,0.0
2024-08-30 00:00:00-04:00,215.58800570955643,218.47542744404245,215.03570574430626,217.81655883789062,8574100,0.0,0.0
2024-09-03 00:00:00-04:00,215.3942296490854,217.13831541326374,212.42929124236875,213.45635986328125,8956100,0.0,0.0
2024-09-04 00:00:00-04:00,214.173349783352,215.1713662670712,210.46234236965944,212.5164794921875,7389500,0.0,0.0
2024-09-05 00:00:00-04:00,213.3109983559998,213.9408148706308,209.31899156047683,210.86929321289062,8067900,0.0,0.0
2024-09-06 00:00:00-04:00,210.84023369977098,211.94481886056704,204.53245823160665,205.8599090576172,7777000,0.0,0.0
2024-09-09 00:00:00-04:00,208.5050831538885,211.373121898597,207.52644953811344,210.0747528076172,8935100,0.0,0.0
2024-09-10 00:00:00-04:00,211.8091422735633,211.84789315826586,194.37800079775118,199.17422485351562,28406900,0.0,0.0
2024-09-11 00:00:00-04:00,198.8738715965842,201.247758946142,195.5601162898296,200.7923583984375,13658700,0.0,0.0
2024-09-12 00:00:00-04:00,201.19930022849982,202.29420125599518,198.52504557050682,200.1819305419922,9054400,0.0,0.0
2024-09-13 00:00:00-04:00,200.4338663672247,201.3931172041878,196.71316004135957,197.9727783203125,10226700,0.0,0.0
2024-09-16 00:00:00-04:00,199.43584981187368,201.74191934565195,199.2033001395087,201.4027862548828,8634900,0.0,0.0
2024-09-17 00:00:00-04:00,201.27681826210605,203.40847182700247,201.20900051540104,202.74960327148438,7573300,0.0,0.0
2024-09-18 00:00:00-04:00,202.51705769768571,204.77467756112236,200.27882067003034,201.08303833007812,8259900,0.0,0.0
2024-09-19 00:00:00-04:00,203.2631395933968,205.32697543260485,200.89893633406905,203.94139099121094,11635200,0.0,0.0
2024-09-20 00:00:00-04:00,203.40848746171363,204.85220572136328,202.9918525698363,204.53245544433594,20885000,0.0,0.0
2024-09-23 00:00:00-04:00,204.4452483421294,205.22039916009663,203.4666294901187,204.87158203125,7223500,0.0,0.0
2024-09-24 00:00:00-04:00,204.59057306913016,206.33465863167038,203.83480512282463,205.01690673828125,7323200,0.0,0.0
2024-09-25 00:00:00-04:00,205.1041190935442,205.6467350211927,202.12949683357203,203.66041564941406,8976500,0.0,0.0
2024-09-26 00:00:00-04:00,204.5712056897728,205.12349082860598,202.51705389392038,203.2631378173828,7807500,0.0,0.0
2024-09-27 00:00:00-04:00,204.10610395531677,205.84050547792145,202.82711774343403,203.9607696533203,7032500,0.0,0.0
2024-09-30 00:00:00-04:00,199.90092942426304,204.40648496190244,198.8835449619076,204.30958557128906,8663800,0.0,0.0
2024-10-01 00:00:00-04:00,202.41046509140656,202.5945650610437,199.7846601759315,200.60824584960938,8540100,0.0,0.0
2024-10-02 00:00:00-04:00,200.64704159329037,202.45894513172902,199.30022266880061,200.8505096435547,5810900,0.0,0.0
2024-10-03 00:00:00-04:00,199.7652779699277,200.07534419024452,197.9921255825151,198.85447692871094,7251300,0.0,0.0
2024-10-04 00:00:00-04:00,204.04082887563027,206.35127207243497,201.7108840626074,205.91258239746094,10211700,1.25,0.0
2024-10-07 00:00:00-04:00,205.727330230475,207.96953982198877,204.4210047283782,205.6298370361328,6718900,0.0,0.0
2024-10-08 00:00:00-04:00,205.28864968329236,206.01980404706708,203.14393319129448,205.45437622070312,6021800,0.0,0.0
2024-10-09 00:00:00-04:00,204.43073971013354,208.8566687451148,204.1187882767088,208.05726623535156,7024000,0.0,0.0
2024-10-10 00:00:00-04:00,209.41235175203676,209.41235175203676,206.15628129018555,207.49185180664062,7927100,0.0,0.0
2024-10-11 00:00:00-04:00,210.25075539179966,218.98561974892021,209.75357575986993,216.70440673828125,18320700,0.0,0.0
2024-10-14 00:00:00-04:00,217.59151559620463,218.07895179372093,213.3800745848573,215.91473388671875,9048900,0.0,0.0
2024-10-15 00:00:00-04:00,218.03997203841485,219.78498714914952,216.24621033093248,216.8018798828125,9235800,0.0,0.0
2024-10-16 00:00:00-04:00,216.74341191631046,218.0594809098427,215.48581801928876,218.02049255371094,6382500,0.0,0.0
2024-10-17 00:00:00-04:00,218.63464361620677,220.17494383765737,217.698759540062,218.78086853027344,6470200,0.0,0.0
2024-10-18 00:00:00-04:00,219.34630268368366,220.24318355850107,217.4940509667263,219.70700073242188,7000500,0.0,0.0
2024-10-21 00:00:00-04:00,219.56077874097096,220.0287133611628,217.29906747185922,217.3965606689453,5870000,0.0,0.0
2024-10-22 00:00:00-04:00,217.41605257710637,219.6192589043824,215.54429930452827,218.4884033203125,9586800,0.0,0.0
2024-10-23 00:00:00-04:00,218.03999804466125,219.15135215634845,216.93838730333658,217.79627990722656,6180500,0.0,0.0
2024-10-24 00:00:00-04:00,216.2559853384059,219.40481959406165,216.0902587855161,219.3268280029297,6002200,0.0,0.0
2024-10-25 00:00:00-04:00,219.34631692871068,219.9507331307945,215.3298469077358,216.72390747070312,6369700,0.0,0.0
2024-10-28 00:00:00-04:00,217.7377703907154,219.9702217840732,217.34781248059676,219.833740234375,6843000,0.0,0.0
2024-10-29 00:00:00-04:00,219.55102479793467,221.0523217832945,217.21132205890774,217.29905700683594,6580000,0.0,0.0
2024-10-30 00:00:00-04:00,216.9480966665593,220.62336976807137,216.01222749571963,218.7711181640625,7110900,0.0,0.0
2024-10-31 00:00:00-04:00,219.05383314379685,220.01896220946816,216.24621064657887,216.34368896484375,7829900,0.0,0.0
2024-11-01 00:00:00-04:00,217.94248990978247,220.46740607055116,217.1040989794246,217.33807373046875,6923500,0.0,0.0
2024-11-04 00:00:00-05:00,217.05534066277878,218.13744965545976,213.66278877033548,214.25746154785156,8229600,0.0,0.0
2024-11-05 00:00:00-05:00,214.50116406294794,216.38267545190774,214.47191908219375,215.9244842529297,5600700,0.0,0.0
2024-11-06 00:00:00-05:00,229.09503015318575,241.76837224676623,228.87081365048078,240.85198974609375,23987800,0.0,0.0
2024-11-07 00:00:00-05:00,238.35631288973238,238.4245611010864,229.30949778685132,230.4403533935547,16451100,0.0,0.0
2024-11-08 00:00:00-05:00,233.3259835376562,233.3259835376562,229.85543977372186,231.02528381347656,9502100,0.0,0.0
2024-11-11 00:00:00-05:00,233.96938766335575,236.01662575555932,232.99451521475842,233.2772216796875,9017100,0.0,0.0
2024-11-12 00:00:00-05:00,234.5055954907522,235.39273308366177,232.76056529147957,233.54046630859375,6861000,0.0,0.0
2024-11-13 00:00:00-05:00,234.53482242214545,237.95661946303818,234.2716026881157,235.10025024414062,11472600,0.0,0.0
2024-11-14 00:00:00-05:00,236.3285564319021,238.15156299042718,234.99298605483264,235.79237365722656,10172200,0.0,0.0
2024-11-15 00:00:00-05:00,235.3927154551627,240.22807462347745,235.3927154551627,239.14596557617188,11518800,0.0,0.0
2024-11-18 00:00:00-05:00,241.53439878737493,241.7001253228993,236.58204483473264,238.8730010986328,9051400,0.0,0.0
2024-11-19 00:00:00-05:00,236.16284595910426,238.98997005346044,235.48043823378097,236.9817352294922,6792700,0.0,0.0
2024-11-20 00:00:00-05:00,238.25883102314248,238.46356079156547,232.64357082604232,234.72979736328125,9015300,0.0,0.0
2024-11-21 00:00:00-05:00,237.1182332570701,239.32145462031437,236.02638082065624,238.6097869873047,8783500,0.0,0.0
2024-11-22 00:00:00-05:00,237.48866293732462,242.88944941944382,236.92323516747416,242.30453491210938,7997300,0.0,0.0
2024-11-25 00:00:00-05:00,243.31841622067435,247.91981546916972,242.80173500159685,244.00082397460938,10295400,0.0,0.0
2024-11-26 00:00:00-05:00,244.19581114213256,244.6929907482795,242.09982639974197,243.68887329101562,6212100,0.0,0.0
2024-11-27 00:00:00-05:00,243.08445057669923,244.8782123088469,242.51902277247098,243.5133819580078,5472300,0.0,0.0
2024-11-29 00:00:00-05:00,243.58161093129848,245.44362072784375,243.1819096895616,243.44512939453125,5494800,0.0,0.0
2024-12-02 00:00:00-05:00,243.27942956062554,243.96183731931117,238.87300180038295,240.06234741210938,8899700,0.0,0.0
2024-12-03 00:00:00-05:00,241.99259305685098,242.78223739052356,238.48306103215356,238.6682891845703,6657700,0.0,0.0
2024-12-04 00:00:00-05:00,238.55130331898147,239.18497938393276,236.1433669979899,237.28396606445312,7346300,0.0,0.0
2024-12-05 00:00:00-05:00,239.22395633141434,240.96897151858755,238.47330035966178,239.3116912841797,6572500,0.0,0.0
2024-12-06 00:00:00-05:00,239.52617824093392,241.51492653728377,238.6877872680363,241.14447021484375,5519700,0.0,0.0
2024-12-09 00:00:00-05:00,240.92023852920124,241.64163463753476,237.63490818652937,237.68365478515625,7076500,0.0,0.0
2024-12-10 00:00:00-05:00,237.761640011308,241.72937800255815,236.13360481323514,236.7575225830078,9108300,0.0,0.0
2024-12-11 00:00:00-05:00,237.8688968446205,238.13211659229927,236.09462170338674,237.41070556640625,7884400,0.0,0.0
2024-12-12 00:00:00-05:00,236.89400116622053,237.96636679243073,234.9832446528022,235.4609375,6113800,0.0,0.0
2024-12-13 00:00:00-05:00,235.98737166739292,236.62103278438437,233.13098776801226,233.910888671875,10392700,0.0,0.0
2024-12-16 00:00:00-05:00,234.56406925192243,234.6225592209729,231.55171684283482,233.55995178222656,9032000,0.0,0.0
2024-12-17 00:00:00-05:00,232.65331194344375,233.01402487713747,230.68408023952856,232.37060546875,8083600,0.0,0.0
2024-12-18 00:00:00-05:00,232.99452963425534,233.06277785005994,223.7624857846589,224.5813751220703,11322400,0.0,0.0
2024-12-19 00:00:00-05:00,226.433628353376,230.42085310777966,226.433628353376,227.10629272460938,11790800,0.0,0.0
2024-12-20 00:00:00-05:00,226.0924015705017,233.19922958190156,225.77069189865415,231.6296844482422,32348400,0.0,0.0
2024-12-23 00:00:00-05:00,230.1381600842092,232.62407307909908,228.97805941972783,232.3998565673828,8611500,0.0,0.0
2024-12-24 00:00:00-05:00,233.41370654218963,236.3968287725742,233.06276673606905,236.22134399414062,3729100,0.0,0.0
2024-12-26 00:00:00-05:00,235.36344862473942,237.1474669945077,234.73953085132644,237.03048706054688,4451800,0.0,0.0
2024-12-27 00:00:00-05:00,236.62104061366176,237.274203365589,234.00837473058,235.1099853515625,5730200,0.0,0.0
2024-12-30 00:00:00-05:00,232.77032042409263,234.7882988456852,231.15202843841487,233.30650329589844,5723800,0.0,0.0
2024-12-31 00:00:00-05:00,234.01812908048691,235.3732011590255,233.0237550398253,233.68667602539062,4871000,0.0,0.0
2025-01-02 00:00:00-05:00,234.8662717490942,237.16697135432236,233.43320803999086,233.96939086914062,9220900,0.0,0.0
2025-01-03 00:00:00-05:00,237.7616344424465,238.72676349550633,234.22284278993322,237.16696166992188,9491100,0.0,0.0
2025-01-06 00:00:00-05:00,238.80342344864087,240.75344450075482,235.74611723420682,236.0106964111328,9917800,1.25,0.0
2025-01-07 00:00:00-05:00,237.2747542889821,240.33206029657904,236.0596638477121,238.2840576171875,8753400,0.0,0.0
2025-01-08 00:00:00-05:00,237.8725034781478,239.3423644677141,235.66771199379835,238.244873046875,8675300,0.0,0.0
2025-01-10 00:00:00-05:00,238.2056566354401,238.91119107182027,233.9430689471917,235.05035400390625,10256800,0.0,0.0
2025-01-13 00:00:00-05:00,234.85437423024973,239.62651786311784,234.1978381518702,239.30316162109375,10005300,0.0,0.0
2025-01-14 00:00:00-05:00,237.78432855590725,242.7426575092032,237.3237708908667,242.4976806640625,12407400,0.0,0.0
2025-01-15 00:00:00-05:00,245.36878608055946,248.57308719225867,238.78380771723948,247.2796173095703,18448500,0.0,0.0
2025-01-16 00:00:00-05:00,248.89647733634487,251.87540417848442,247.26003378749198,249.1610565185547,15292300,0.0,0.0
2025-01-17 00:00:00-05:00,249.03365028322543,255.3834456469004,247.07383560720973,253.95278930664062,17678100,0.0,0.0
2025-01-21 00:00:00-05:00,254.84450829070423,258.940513781988,254.28595393160222,257.7450256347656,13712100,0.0,0.0
2025-01-22 00:00:00-05:00,257.6176299378133,258.08799621971843,255.020881505667,257.558837890625,9021900,0.0,0.0
2025-01-23 00:00:00-05:00,259.37172176031316,261.4981043150236,258.50939836499305,260.6064147949219,10749700,0.0,0.0
2025-01-24 00:00:00-05:00,258.3917588239568,261.7332463118807,257.7254290357368,259.5186462402344,7666300,0.0,0.0
2025-01-27 00:00:00-05:00,258.86212472863684,260.62594590776155,256.99049819617136,260.50836181640625,7522300,0.0,0.0
2025-01-28 00:00:00-05:00,260.5083417265411,261.9585852806135,259.5088172183071,261.7724304199219,7375400,0.0,0.0
2025-01-29 00:00:00-05:00,261.84104027619514,265.24132005031925,260.2731825014487,261.22369384765625,7684900,0.0,0.0
2025-01-30 00:00:00-05:00,263.2325025931336,264.28101058042995,261.2628793521523,262.8405456542969,8753500,0.0,0.0
2025-01-31 00:00:00-05:00,263.8204737000256,265.3785228398926,261.59606481689747,261.9292297363281,7193800,0.0,0.0
2025-02-03 00:00:00-05:00,256.56911700815533,262.7817556497826,256.44175417795225,261.4490661621094,8381400,0.0,0.0
2025-02-04 00:00:00-05:00,264.4181838673514,264.4181838673514,261.4686533068301,262.5563659667969,5626000,0.0,0.0
2025-02-05 00:00:00-05:00,263.50688948192004,265.2021399656086,262.93852647158326,264.996337890625,5704400,0.0,0.0
2025-02-06 00:00:00-05:00,266.9757945712375,271.4147740879296,265.7411016247397,271.33636474609375,7264400,0.0,0.0
2025-02-07 00:00:00-05:00,271.6988877865912,272.953167941253,269.1903274772675,270.2584228515625,6857900,0.0,0.0
2025-02-10 00:00:00-05:00,270.6014287866163,270.63082481312006,264.1732384863203,265.5941162109375,8627400,0.0,0.0
2025-02-11 00:00:00-05:00,264.8297489042904,270.6699878722711,264.2417985602018,269.4646911621094,7196400,0.0,0.0
2025-02-12 00:00:00-05:00,268.5729682447906,270.89537356706836,267.75965837819103,269.91546630859375,6683900,0.0,0.0
2025-02-13 00:00:00-05:00,269.964413315259,271.40487798720034,268.3083678793403,270.7679443359375,8398700,0.0,0.0
2025-02-14 00:00:00-05:00,271.79691937350253,273.61956274559714,270.89542128337536,271.0325927734375,5688600,0.0,0.0
2025-02-18 00:00:00-05:00,271.19916641874227,274.34466062350725,270.47401464832495,274.3250732421875,7919800,0.0,0.0
2025-02-19 00:00:00-05:00,272.7866150221738,274.61903699637526,271.64991889871,273.6391296386719,7007200,0.0,0.0
2025-02-20 00:00:00-05:00,273.0805741668203,273.1393662156936,260.40057061690504,261.43927001953125,13846700,0.0,0.0
2025-02-21 00:00:00-05:00,262.92876408693655,263.79108739460094,257.5588607010997,258.93072509765625,12835600,0.0,0.0
2025-02-24 00:00:00-05:00,260.1555988746685,261.63526857722854,253.41383136407939,256.0889892578125,10372800,0.0,0.0
2025-02-25 00:00:00-05:00,256.9611031816803,257.715621040436,248.25952153447065,252.22813415527344,9608400,0.0,0.0
2025-02-26 00:00:00-05:00,251.99297149395173,255.66762396574103,251.7675820434319,253.59022521972656,5943600,0.0,0.0
2025-02-27 00:00:00-05:00,254.9522707219969,258.34277146574925,252.67887863939237,253.844970703125,8204400,0.0,0.0
2025-02-28 00:00:00-05:00,255.49126872866591,259.48927778715796,252.70833528418996,259.3324890136719,10467100,0.0,0.0
2025-03-03 00:00:00-05:00,258.69554505646136,260.9689373264377,252.63972470151376,255.38345336914062,9058300,0.0,0.0
2025-03-04 00:00:00-05:00,250.15073427928613,252.06156547552163,241.0081973785272,245.2218017578125,13465600,0.0,0.0
2025-03-05 00:00:00-05:00,246.20171662136084,247.96555280550595,242.85043534758472,246.47608947753906,7861400,0.0,0.0
2025-03-06 00:00:00-05:00,243.12481119110677,244.3496953684526,238.950411297504,241.5863494873047,9983200,0.0,0.0
2025-03-07 00:00:00-05:00,240.30266509821263,241.7627323707991,234.6094060276731,237.4119415283203,20498700,0.0,0.0
2025-03-10 00:00:00-04:00,231.46391270541537,232.73778024903012,224.10479922419384,227.5540771484375,18887200,0.0,0.0
2025-03-11 00:00:00-04:00,227.09353912743353,228.63200091691712,222.13521009374537,224.53598022460938,18143000,0.0,0.0
2025-03-12 00:00:00-04:00,229.29831783730396,229.6118953635389,222.69373697492486,223.3208770751953,16054000,0.0,0.0
2025-03-13 00:00:00-04:00,224.69274861160986,224.88872708268002,219.72461138527686,220.6653289794922,16467900,0.0,0.0
2025-03-14 00:00:00-04:00,223.53644664227286,228.45558543419895,223.00730328361723,227.7696533203125,11962100,0.0,0.0
2025-03-17 00:00:00-04:00,226.53497583495994,230.93476525496936,225.8294562932561,229.22972106933594,9586000,0.0,0.0
2025-03-18 00:00:00-04:00,229.6118912936414,231.42471087138168,228.82796244414868,230.2488250732422,10344900,0.0,0.0
2025-03-19 00:00:00-04:00,231.00335075055796,237.46093622614148,230.1704235702104,234.30563354492188,10120600,0.0,0.0
2025-03-20 00:00:00-04:00,231.80687167408394,236.90238671351167,231.45410444315897,234.2076416015625,8328500,0.0,0.0
2025-03-21 00:00:00-04:00,233.03174101977692,237.4315299605366,231.74806491303318,236.77499389648438,19326900,0.0,0.0
2025-03-24 00:00:00-04:00,240.54765810241156,243.69316735348227,239.49916498685462,243.07582092285156,9422700,0.0,0.0
2025-03-25 00:00:00-04:00,244.30068326517667,246.76026012430498,242.64463755823172,246.08412170410156,9287700,0.0,0.0
2025-03-26 00:00:00-04:00,247.52459140779072,249.55299175550442,244.7612456285821,245.9861297607422,12779300,0.0,0.0
2025-03-27 00:00:00-04:00,244.51627067852738,245.6039683943203,242.21348251151562,243.1345977783203,8022500,0.0,0.0
2025-03-28 00:00:00-04:00,241.97832221404934,244.49667631604888,236.2654605973164,237.9705047607422,11978400,0.0,0.0
2025-03-31 00:00:00-04:00,234.59962314020567,240.92002258119433,232.5908100746605,240.37127685546875,13603000,0.0,0.0
2025-04-01 00:00:00-04:00,237.74510920532492,240.7534318549276,236.04008003784892,238.76422119140625,8054700,0.0,0.0
2025-04-02 00:00:00-04:00,236.74561869740594,242.28208917285224,236.6084322682575,240.88082885742188,7758800,0.0,0.0
2025-04-03 00:00:00-04:00,229.56290134081743,230.41541595904243,222.73294584761328,224.0950164794922,17188500,0.0,0.0
2025-04-04 00:00:00-04:00,212.2834044818624,214.63980786720018,205.9930827481223,207.32411193847656,27170700,1.4,0.0
2025-04-07 00:00:00-04:00,202.87751892186455,218.92867162545016,199.318263676067,211.42564392089844,22914400,0.0,0.0
2025-04-08 00:00:00-04:00,220.37798698735673,224.63725299032382,210.25234800804796,213.8214569091797,19485700,0.0,0.0
2025-04-09 00:00:00-04:00,209.51290511747,234.14175911605213,208.03399049311142,231.0458984375,24022400,0.0,0.0
2025-04-10 00:00:00-04:00,226.76690105221883,227.11198713675623,217.0060708942117,223.9175262451172,18896400,0.0,0.0
2025-04-11 00:00:00-04:00,223.12876931722607,235.22629475740231,221.83718632835738,232.87974548339844,20284500,0.0,0.0
2025-04-14 00:00:00-04:00,233.76711210699779,236.4094323607213,230.34588838919925,231.42056274414062,13017800,0.0,0.0
2025-04-15 00:00:00-04:00,232.7811727531539,235.29531563163073,229.54728057723042,229.85292053222656,10912900,0.0,0.0
2025-04-16 00:00:00-04:00,228.73880396905287,230.29659590484752,224.72600824712578,226.3824005126953,9322300,0.0,0.0
2025-04-17 00:00:00-04:00,227.5556737150443,231.04590571903626,227.30918793654973,228.69937133789062,9557900,0.0,0.0
2025-04-21 00:00:00-04:00,227.38806426261334,228.55146991109476,223.15835989610855,225.7711181640625,8716200,0.0,0.0
2025-04-22 00:00:00-04:00,228.71908031334866,232.6727218450888,228.1176544095649,232.27833557128906,10701400,0.0,0.0
2025-04-23 00:00:00-04:00,236.84324673802962,243.32088491933087,236.6263380579327,237.4939727783203,14126800,0.0,0.0
2025-04-24 00:00:00-04:00,236.36999583866177,242.01944538917732,234.2403552074537,241.20111083984375,9055200,0.0,0.0
2025-04-25 00:00:00-04:00,241.21097798902758,242.167344017777,238.35174896231777,240.12644958496094,8588600,0.0,0.0
2025-04-28 00:00:00-04:00,241.12223125075698,243.37018021379762,237.45452188068074,239.8010711669922,7394300,0.0,0.0
2025-04-29 00:00:00-04:00,238.78554686367198,241.8025301539178,238.29257534449988,241.18138122558594,7216800,0.0,0.0
2025-04-30 00:00:00-04:00,237.8193268984978,241.7729530663112,235.07839141114778,241.18138122558594,12991700,0.0,0.0
2025-05-01 00:00:00-04:00,239.42642201137784,244.957563478491,238.76584193081504,243.41949462890625,8689600,0.0,0.0
2025-05-02 00:00:00-04:00,247.7280660793759,250.05489247406737,245.9533804761471,248.9604949951172,7165000,0.0,0.0
2025-05-05 00:00:00-04:00,247.64917462464473,251.57323889927602,247.067471820398,249.00978088378906,5450700,0.0,0.0
2025-05-06 00:00:00-04:00,246.48576466704802,249.09850775479987,245.49982160837982,245.74630737304688,6369900,0.0,0.0
2025-05-07 00:00:00-04:00,246.33787880460858,248.90132172618286,245.33221267408402,245.88433837890625,8724100,0.0,0.0
2025-05-08 00:00:00-04:00,248.03369667206766,252.2831087481577,248.01397359895375,249.906982421875,8320100,0.0,0.0
2025-05-09 00:00:00-04:00,250.92252890731987,251.91832606188873,248.7928881161782,249.52249145507812,5087600,0.0,0.0
2025-05-12 00:00:00-04:00,259.20441383845855,259.8945859876247,255.0634712092411,256.39447021484375,9603900,0.0,0.0
2025-05-13 00:00:00-04:00,257.3607489039017,259.96365336015776,256.72976091028096,259.31292724609375,8589000,0.0,0.0
2025-05-14 00:00:00-04:00,259.30304054504273,262.8918879441619,258.60302935469,261.90594482421875,8643100,0.0,0.0
2025-05-15 00:00:00-04:00,263.217209377267,265.7313520440172,261.03828372684393,263.7298889160156,9214600,0.0,0.0
2025-05-16 00:00:00-04:00,263.7397655019056,264.6862624037603,260.9889759714906,263.7989196777344,8932900,0.0,0.0
2025-05-19 00:00:00-04:00,261.817181246086,264.5482629218792,258.2480719963219,261.1566162109375,12145000,0.0,0.0
2025-05-20 00:00:00-04:00,258.8297593604445,262.9115780411088,258.6128506853088,261.9453430175781,8436300,0.0,0.0
2025-05-21 00:00:00-04:00,260.6340439477094,261.91575784118834,257.06493502136397,257.3705749511719,7464000,0.0,0.0
2025-05-22 00:00:00-04:00,255.79307750804895,258.6128603010642,255.2310827258566,257.00579833984375,6514100,0.0,0.0
2025-05-23 00:00:00-04:00,253.20005483078515,258.30723306371834,252.40144329619352,257.04522705078125,6671800,0.0,0.0
2025-05-27 00:00:00-04:00,258.35653699260183,261.5706910214846,258.30722178470336,261.56085205078125,7506600,0.0,0.0
2025-05-28 00:00:00-04:00,262.49747628554394,262.9707397963694,259.20443000527837,259.7861328125,5535400,0.0,0.0
2025-05-29 00:00:00-04:00,261.0777263969251,261.6791673467857,258.83964634422205,260.6537780761719,5081200,0.0,0.0
2025-05-30 00:00:00-04:00,259.7467447472313,261.6002926650584,259.03686444878326,260.28900146484375,10977700,0.0,0.0
2025-06-02 00:00:00-04:00,259.3227361836595,261.3044913883967,258.21848475626587,260.939697265625,6011200,0.0,0.0
2025-06-03 00:00:00-04:00,260.02276495317653,262.83267850504353,259.184707363763,262.52703857421875,6998400,0.0,0.0
2025-06-04 00:00:00-04:00,262.182005216077,263.3651188956681,260.4664437433463,260.5058898925781,5915700,0.0,0.0
2025-06-05 00:00:00-04:00,261.0185820125706,261.0185820125706,256.6508610440278,258.267822265625,8173800,0.0,0.0
2025-06-06 00:00:00-04:00,260.6142847160679,262.9016795636139,260.54529157743144,261.99462890625,7738100,0.0,0.0
2025-06-09 00:00:00-04:00,262.26085974590114,264.13414558351,259.6481165969787,262.9904479980469,8285000,0.0,0.0
2025-06-10 00:00:00-04:00,262.14254399250694,265.12008118347507,262.1129669044328,264.8243103027344,7538100,0.0,0.0
2025-06-11 00:00:00-04:00,264.9031944101953,265.8299833646017,262.05383439482847,264.3806457519531,7434100,0.0,0.0
2025-06-12 00:00:00-04:00,263.108754096244,264.51867555838396,261.41296089523235,264.4693603515625,6618000,0.0,0.0
2025-06-13 00:00:00-04:00,261.3537943064321,263.2665264050775,259.01711387885933,261.22564697265625,7098300,0.0,0.0
2025-06-16 00:00:00-04:00,263.2467856983216,267.91030700344754,263.0989002634007,266.5595397949219,8566000,0.0,0.0
2025-06-17 00:00:00-04:00,264.4003851091389,266.78635065847226,264.03556087289496,265.73138427734375,6739300,0.0,0.0
2025-06-18 00:00:00-04:00,266.20462172672063,273.81610322556173,265.92855887810333,270.10894775390625,9586400,0.0,0.0
2025-06-20 00:00:00-04:00,271.6963637187332,273.40202612817967,269.9610941294445,271.1343688964844,13969700,0.0,0.0
2025-06-23 00:00:00-04:00,271.1934990823813,274.63443077664516,268.2849549834157,274.3583679199219,8094600,0.0,0.0
2025-06-24 00:00:00-04:00,276.2710772548705,278.7359347339012,275.58093521389725,277.30633544921875,9267900,0.0,0.0
2025-06-25 00:00:00-04:00,277.5429439890813,280.2838642217353,276.96124125174225,280.06695556640625,6826900,0.0,0.0
2025-06-26 00:00:00-04:00,280.6980130310247,285.3417966142587,280.47123528578646,284.6910705566406,8942100,0.0,0.0
2025-06-27 00:00:00-04:00,281.7924131203027,284.6418033050154,281.03324771639046,283.0741271972656,17868600,0.0,0.0
2025-06-30 00:00:00-04:00,286.3178803397518,288.5362523931413,284.8587037568908,285.83477783203125,12689200,0.0,0.0
2025-07-01 00:00:00-04:00,286.8010223412002,287.03763907297025,282.56144866920187,286.3277587890625,9338300,0.0,0.0
2025-07-02 00:00:00-04:00,287.93486241282807,288.703896910252,285.62775892055635,287.8954162597656,8158700,0.0,0.0
2025-07-03 00:00:00-04:00,289.43094323142554,293.6413883261785,288.4996894270786,293.2451171875,6541600,1.4,0.0
2025-07-07 00:00:00-04:00,292.50209620860613,293.28475211178096,287.38020030669605,289.25262451171875,8825700,0.0,0.0
2025-07-08 00:00:00-04:00,286.5777506799395,287.0037716436535,277.7011499441943,280.1481628417969,15440900,0.0,0.0
2025-07-09 00:00:00-04:00,284.5072025788075,284.5270357878685,279.8509637155815,280.5246276855469,11273800,0.0,0.0
2025-07-10 00:00:00-04:00,280.3661434799506,285.6267213505897,280.3661434799506,285.5078430175781,8410900,0.0,0.0
2025-07-11 00:00:00-04:00,282.86263015148194,284.70533469446724,281.0100392381615,284.1901550292969,7384700,0.0,0.0
2025-07-14 00:00:00-04:00,284.39825755240173,286.60748367671823,282.6051055730771,286.0130920410156,9079900,0.0,0.0
2025-07-15 00:00:00-04:00,285.3196042033426,289.23285392385833,282.82306855064246,283.8830871582031,12526100,0.0,0.0
2025-07-16 00:00:00-04:00,285.7158562387447,288.0241878683028,280.3760366699049,283.1598815917969,9979800,0.0,0.0
2025-07-17 00:00:00-04:00,280.8020357673763,287.5981754634707,280.8020357673763,287.201904296875,8509500,0.0,0.0
2025-07-18 00:00:00-04:00,286.825430293332,289.7777063567027,285.54745807447995,288.55914306640625,12217000,0.0,0.0
2025-07-21 00:00:00-04:00,288.29168247329045,291.4420791700386,287.8755780824213,288.261962890625,7898100,0.0,0.0
2025-07-22 00:00:00-04:00,288.7870071326712,290.89718804274116,286.4885921354602,288.7176513671875,6717500,0.0,0.0
2025-07-23 00:00:00-04:00,290.11454735759395,294.2259174432094,289.82723790945846,293.9980773925781,7083500,0.0,0.0
2025-07-24 00:00:00-04:00,294.6519062776982,296.80169301766455,293.443259686642,293.78997802734375,7001200,0.0,0.0
2025-07-25 00:00:00-04:00,293.9386151952536,296.1181215809882,293.20548184137607,295.8407287597656,5918500,0.0,0.0
2025-07-28 00:00:00-04:00,294.8896814285751,296.64319715105114,294.05750293823644,295.50390625,5840400,0.0,0.0
2025-07-29 00:00:00-04:00,297.2079252413877,298.4859277853207,293.4433036150849,294.2754821777344,7635700,0.0,0.0
2025-07-30 00:00:00-04:00,294.65191611543503,297.8121988713861,294.6122799312847,296.8413391113281,8061700,0.0,0.0
2025-07-31 00:00:00-04:00,296.3559134765009,298.17878493737805,292.7497765059144,293.4828796386719,14749700,0.0,0.0
2025-08-01 00:00:00-04:00,287.6972620199026,289.0842262737886,281.5945890692511,286.6768493652344,12007100,0.0,0.0
2025-08-04 00:00:00-04:00,287.5585597880286,291.5807709484115,287.5585597880286,291.5213317871094,6649500,0.0,0.0
2025-08-05 00:00:00-04:00,291.9473110106125,293.03707931410463,284.56663635989554,288.658203125,7182300,0.0,0.0
2025-08-06 00:00:00-04:00,289.5795679968632,290.5603746805144,287.45950057977757,288.638427734375,6330200,0.0,0.0
2025-08-07 00:00:00-04:00,290.21362859909465,290.72877810831733,283.7444041002437,284.26947021484375,8057100,0.0,0.0
2025-08-08 00:00:00-04:00,286.2904634268994,288.5195225943897,282.0601851240125,286.072509765625,6634100,0.0,0.0
2025-08-11 00:00:00-04:00,286.70653676779995,288.6086805550258,286.0923119695598,286.86505126953125,5510100,0.0,0.0
2025-08-12 00:00:00-04:00,288.78700908878795,292.00676133420325,287.6378015823982,290.12445068359375,8570900,0.0,0.0
2025-08-13 00:00:00-04:00,291.21423332900423,291.808624970505,284.48741907286416,287.8260498046875,8420400,0.0,0.0
2025-08-14 00:00:00-04:00,287.8755435263192,291.46187739425125,286.9443199700671,291.4222412109375,6322400,0.0,0.0
2025-08-15 00:00:00-04:00,292.0959281808534,292.7497892060912,287.1226600740198,287.7864074707031,7340500,0.0,0.0
2025-08-18 00:00:00-04:00,287.30098279519575,289.1832935323159,285.7257844830691,288.8167419433594,5386900,0.0,0.0
2025-08-19 00:00:00-04:00,288.12323486532705,289.7579025190641,286.83534604543564,287.954833984375,6031500,0.0,0.0
2025-08-20 00:00:00-04:00,288.1034577259254,290.59999345153756,284.59639568977303,289.5201416015625,7374200,0.0,0.0
2025-08-21 00:00:00-04:00,289.2229206266122,290.04518252461884,286.77590767522184,288.7572937011719,6624000,0.0,0.0
2025-08-22 00:00:00-04:00,290.4711947382056,294.3943304858857,287.42976002403793,293.4828796386719,8552800,0.0,0.0
2025-08-25 00:00:00-04:00,293.4828900064588,294.58257497799383,291.4024588552954,292.1553649902344,5856300,0.0,0.0
2025-08-26 00:00:00-04:00,291.42226929827126,295.9596301346493,290.7684082615478,295.7912292480469,6714700,0.0,0.0
2025-08-27 00:00:00-04:00,294.48349281779485,298.2679473154416,294.2754557542009,296.4945983886719,6056500,0.0,0.0
2025-08-28 00:00:00-04:00,297.2277289724018,298.43637574745594,295.92003707552567,298.2679748535156,6410500,0.0,0.0
2025-08-29 00:00:00-04:00,299.228909855917,300.1304440767961,296.9404115388967,298.61468505859375,6796400,0.0,0.0
2025-09-02 00:00:00-04:00,297.4654912302876,297.6636116910732,291.75908984916356,296.91070556640625,7221900,0.0,0.0
2025-09-03 00:00:00-04:00,297.77260531660534,297.77260531660534,293.62159918539595,296.72247314453125,6316900,0.0,0.0
2025-09-04 00:00:00-04:00,297.2079158871201,301.5966788556673,295.50392262669186,300.99237060546875,6605800,0.0,0.0
2025-09-05 00:00:00-04:00,300.82391058861464,302.3099500253114,291.57084199080845,291.64019775390625,9837700,0.0,0.0
2025-09-08 00:00:00-04:00,292.1454512845812,293.7008161999689,288.7275485985168,290.1838684082031,8188500,0.0,0.0
2025-09-09 00:00:00-04:00,289.8767732101451,296.21720226202,289.58946377934626,295.0779113769531,7848200,0.0,0.0
2025-09-10 00:00:00-04:00,293.93863182647567,298.73358242665296,292.6507127572817,297.7428894042969,7787300,0.0,0.0
2025-09-11 00:00:00-04:00,298.43635491424595,302.88458712159553,297.99056119650595,302.7161560058594,7942500,0.0,0.0
2025-09-12 00:00:00-04:00,302.1613616302637,304.6876166586702,300.8734728380468,304.0535888671875,6846700,0.0,0.0
2025-09-15 00:00:00-04:00,304.31117542875756,307.0653006989229,304.31117542875756,306.0250549316406,7122000,0.0,0.0
2025-09-16 00:00:00-04:00,307.11483685892506,308.00645453212775,304.271552722793,306.3123779296875,10525600,0.0,0.0
2025-09-17 00:00:00-04:00,307.50121329837117,309.99774876224666,305.89626524993236,308.8485412597656,8657800,0.0,0.0
2025-09-18 00:00:00-04:00,308.8881884357977,310.5228258893637,306.7284546518725,310.3147888183594,8050700,0.0,0.0
2025-09-19 00:00:00-04:00,310.6813313111796,312.8608377743073,306.2430157804659,311.850341796875,23568600,0.0,0.0
2025-09-22 00:00:00-04:00,306.9166908790444,310.78041791156915,306.6789342248159,309.5321350097656,7520200,0.0,0.0
2025-09-23 00:00:00-04:00,308.9178945679837,313.3660964063979,307.68941470486936,309.8293151855469,8584400,0.0,0.0
2025-09-24 00:00:00-04:00,311.12713244988527,313.633584594132,308.76930844625,310.5030212402344,7310500,0.0,0.0
2025-09-25 00:00:00-04:00,311.1964927670822,312.7122519083539,308.8980776591185,310.5327453613281,7083200,0.0,0.0
2025-09-26 00:00:00-04:00,311.96923117025176,314.8521515347066,310.78041766649494,313.1184387207031,7258100,0.0,0.0
2025-09-29 00:00:00-04:00,314.1091367340854,315.0503072271631,310.74078640307744,312.75189208984375,6462400,0.0,0.0
2025-09-30 00:00:00-04:00,313.3066687483855,314.45587628391564,307.22379907069933,312.4942932128906,11823300,0.0,0.0
2025-10-01 00:00:00-04:00,311.0478755707353,311.66210037984325,304.54893205251216,307.8182067871094,9235200,0.0,0.0
2025-10-02 00:00:00-04:00,307.11483202977473,307.66961769475733,303.29077153660535,304.6876220703125,7600000,0.0,0.0
2025-10-03 00:00:00-04:00,305.63868886394835,308.7593655809934,305.34146284155645,307.14453125,6029900,0.0,0.0
2025-10-06 00:00:00-04:00,308.78713549615594,310.3500927332471,303.759824574425,307.7916259765625,7214500,1.5,0.0
2025-10-07 00:00:00-04:00,307.96086849994276,308.617908412618,303.3317554221121,306.3083190917969,8454200,0.0,0.0
2025-10-08 00:00:00-04:00,306.82598699255016,307.3934347220047,302.1869088878288,302.6647644042969,6489900,0.0,0.0
2025-10-09 00:00:00-04:00,303.68016451672463,306.65675861669814,302.0276454614978,304.15802001953125,7060300,0.0,0.0
2025-10-10 00:00:00-04:00,304.28744895257694,309.07584739868366,299.45922161840923,299.53887939453125,8597400,0.0,0.0
2025-10-13 00:00:00-04:00,304.2277139599526,308.0703661064548,304.0783936087615,306.5870666503906,10788700,0.0,0.0
2025-10-14 00:00:00-04:00,304.46663636257074,305.62143108333873,292.8888554642275,300.7235107421875,16178800,0.0,0.0
2025-10-15 00:00:00-04:00,305.014160038565,310.71840983834574,304.0684138931284,304.3172912597656,11354800,0.0,0.0
2025-10-16 00:00:00-04:00,303.97881882847634,307.29385195347595,295.73600173818085,297.19940185546875,10549400,0.0,0.0
2025-10-17 00:00:00-04:00,297.8166372560658,298.2048701782948,292.878918450451,296.22381591796875,10153500,0.0,0.0
2025-10-20 00:00:00-04:00,297.15957582421487,302.3262723870789,296.8211062511852,301.0022277832031,6894900,0.0,0.0
2025-10-21 00:00:00-04:00,300.3054062195614,302.6846581805869,295.66632819879106,295.75592041015625,7372700,0.0,0.0
2025-10-22 00:00:00-04:00,296.43284443493457,296.7215506882625,289.2353303984808,292.7892761230469,8054100,0.0,0.0
2025-10-23 00:00:00-04:00,293.05809154328034,295.0391457269973,291.1964936387067,293.2173767089844,5438800,0.0,0.0
2025-10-24 00:00:00-04:00,294.7504440610291,301.24118554737896,294.1232985857486,299.09088134765625,7228300,0.0,0.0
2025-10-27 00:00:00-04:00,300.80315600970596,303.1625086782835,299.6583261537955,302.7842102050781,5642200,0.0,0.0
2025-10-28 00:00:00-04:00,303.4910147760203,306.58706515142967,301.7986668365627,303.98876953125,6336000,0.0,0.0
2025-10-29 00:00:00-04:00,302.14710352264194,306.86580891607514,301.64934876365396,304.13812255859375,7520300,0.0,0.0
2025-10-30 00:00:00-04:00,304.41687231061707,311.20622431916547,303.72996829403695,308.05047607421875,7514600,0.0,0.0
2025-10-31 00:00:00-04:00,307.1544993342095,311.46504195719143,305.8702836157328,309.722900390625,7721300,0.0,0.0
2025-11-03 00:00:00-05:00,309.60346109874524,310.9175409580823,304.83496198556077,307.96087646484375,7770000,0.0,0.0
2025-11-04 00:00:00-05:00,305.332725363194,310.8179927016808,303.7299695714597,307.861328125,7085200,0.0,0.0
2025-11-05 00:00:00-05:00,308.2196835392686,311.6940323736288,304.2575751493287,310.2803955078125,6865200,0.0,0.0
2025-11-06 00:00:00-05:00,309.59349256305353,313.42621024981315,308.8667900648387,312.0126037597656,7206100,0.0,0.0
2025-11-07 00:00:00-05:00,310.4894827215045,313.0180550604519,306.2585672077333,312.7990417480469,7302300,0.0,0.0
2025-11-10 00:00:00-05:00,313.58548301728496,318.1250037695683,312.7990220295163,315.4670104980469,5794100,0.0,0.0
2025-11-11 00:00:00-05:00,316.0742604403922,317.617287984815,313.86422817579216,314.20269775390625,5030200,0.0,0.0
2025-11-12 00:00:00-05:00,314.8398332015723,320.8029251766445,314.7900394999871,318.97119140625,10578300,0.0,0.0
2025-11-13 00:00:00-05:00,317.7965194699941,319.1902267414606,307.7120030298724,308.0903015136719,8973300,0.0,0.0
2025-11-14 00:00:00-05:00,306.1291237470128,306.25854483769064,299.8773255538296,302.2466125488281,10327000,0.0,0.0
2025-11-17 00:00:00-05:00,302.6348834912671,304.2177399270206,296.3333218175865,299.02117919921875,8344000,0.0,0.0
2025-11-18 00:00:00-05:00,298.15508292828906,301.5896027135679,295.686208533325,298.06549072265625,8077300,0.0,0.0
2025-11-19 00:00:00-05:00,298.3939949218268,303.0828663383219,297.9261042618115,301.90814208984375,5546600,0.0,0.0
2025-11-20 00:00:00-05:00,304.9643777592117,308.52831879604355,296.8211173091691,297.0401306152344,7501600,0.0,0.0
2025-11-21 00:00:00-05:00,299.93706770739834,300.32530061703676,291.4951361556371,296.6817321777344,11766800,0.0,0.0
2025-11-24 00:00:00-05:00,296.9007472780177,298.4736693208262,293.18751624004057,296.6618347167969,10940200,0.0,0.0
2025-11-25 00:00:00-05:00,298.70260864804214,303.13263800592705,294.23278078476807,301.6393737792969,8877200,0.0,0.0
2025-11-26 00:00:00-05:00,303.6303853642607,307.1445325435829,301.83848048809654,306.258544921875,7910900,0.0,0.0
2025-11-28 00:00:00-05:00,307.71199439271356,312.31124344972676,306.85584041963983,311.6741027832031,4322400,0.0,0.0
2025-12-01 00:00:00-05:00,311.5447084439427,312.6298101472411,307.1545079277028,307.5328063964844,7727300,0.0,0.0
2025-12-02 00:00:00-05:00,307.3535906208714,309.0857977944923,305.7110060363412,306.4974670410156,7249000,0.0,0.0
2025-12-03 00:00:00-05:00,305.8205388774128,310.9573413023751,305.4223107621409,310.7283935546875,8535300,0.0,0.0
2025-12-04 00:00:00-05:00,311.8533290542866,317.0598245188333,311.594486851423,314.6805725097656,9627800,0.0,0.0
2025-12-05 00:00:00-05:00,314.22264749671507,317.0498909600222,313.26693645912985,313.6253356933594,6518900,0.0,0.0
2025-12-08 00:00:00-05:00,313.64523530818684,315.04890741449873,311.9429224901236,313.7945556640625,7417200,0.0,0.0
2025-12-09 00:00:00-05:00,313.53574377586375,317.36843122488773,298.6727631596137,299.16058349609375,18049200,0.0,0.0
2025-12-10 00:00:00-05:00,299.1506059920777,309.79260502170655,297.1197580970947,308.7174377441406,18874100,0.0,0.0
2025-12-11 00:00:00-05:00,307.85134172095206,316.57201448320507,307.85134172095206,315.9548034667969,9721900,0.0,0.0
2025-12-12 00:00:00-05:00,318.2444858866232,318.8318328758901,315.1783298378069,317.0896911621094,8982900,0.0,0.0
2025-12-15 00:00:00-05:00,318.15488497356307,321.43011981246894,316.9602917736724,318.58294677734375,10864100,0.0,0.0
2025-12-16 00:00:00-05:00,317.65713843404893,318.0852002489096,312.9881962174831,314.1330261230469,8331300,0.0,0.0
2025-12-17 00:00:00-05:00,317.0000717018951,317.93585302959536,313.247011955208,313.5655822753906,8718700,0.0,0.0
2025-12-18 00:00:00-05:00,314.5810110073882,316.2733893580616,310.8179862048632,311.594482421875,11444900,0.0,0.0
2025-12-19 00:00:00-05:00,312.38092757719465,317.12949684979,311.7836158143462,315.7855529785156,24494400,0.0,0.0
2025-12-22 00:00:00-05:00,316.0842305232393,321.778546068669,316.0842305232393,321.63916015625,8354600,0.0,0.0
2025-12-23 00:00:00-05:00,322.15681084289565,326.3080987754714,321.63915684610726,324.4664001464844,6668300,0.0,0.0
2025-12-24 00:00:00-05:00,324.7749981915486,328.5081586858931,324.0383309091034,327.6918640136719,4289300,0.0,0.0
2025-12-26 00:00:00-05:00,327.6321237138718,329.3742653747722,325.0736873353596,326.4375305175781,4158300,0.0,0.0
2025-12-29 00:00:00-05:00,325.5316095182794,326.29814090339255,322.077190306029,322.29620361328125,8635300,0.0,0.0
2025-12-30 00:00:00-05:00,323.35145488056963,323.48087598310644,321.0418654305578,321.96771240234375,7904300,0.0,0.0
2025-12-31 00:00:00-05:00,322.8835465614906,323.42113019633854,320.59388687095947,320.7730712890625,5048500,0.0,0.0
2026-01-02 00:00:00-05:00,321.0518034652283,324.2673099842148,319.2996970795839,324.0184326171875,8054000,0.0,0.0
2026-01-05 00:00:00-05:00,324.03834873814424,335.7355855973553,323.7297432174082,332.5400085449219,10752600,0.0,0.0
2026-01-06 00:00:00-05:00,332.6199951171875,335.8699951171875,330.6499938964844,334.6099853515625,7660800,1.5,0.0
2026-01-07 00:00:00-05:00,331.1400146484375,332.1499938964844,324.6000061035156,326.989990234375,9815200,0.0,0.0
2026-01-08 00:00:00-05:00,326.3900146484375,331.3999938964844,325.6499938964844,329.7900085449219,11737100,0.0,0.0
2026-01-09 00:00:00-05:00,329.3399963378906,331.8999938964844,328.1700134277344,329.19000244140625,6738100,0.0,0.0
2026-01-12 00:00:00-05:00,321.8800048828125,326.0199890136719,321.2300109863281,324.489990234375,12805100,0.0,0.0
2026-01-13 00:00:00-05:00,324.29998779296875,326.8599853515625,310.57000732421875,310.8999938964844,19371200,0.0,0.0
2026-01-14 00:00:00-05:00,308.20001220703125,311.760009765625,306.1199951171875,307.8699951171875,25951500,0.0,0.0
2026-01-15 00:00:00-05:00,308.4700012207031,312.94000244140625,307.75,309.260009765625,14751400,0.0,0.0
2026-01-16 00:00:00-05:00,310.3500061035156,317.2099914550781,310.0,312.4700012207031,14652500,0.0,0.0
2026-01-20 00:00:00-05:00,306.2099914550781,311.1499938964844,301.8599853515625,302.739990234375,12900600,0.0,0.0
2026-01-21 00:00:00-05:00,303.42999267578125,305.3999938964844,301.1499938964844,302.0400085449219,10270100,0.0,0.0
2026-01-22 00:00:00-05:00,304.8599853515625,308.20001220703125,302.8999938964844,303.6300048828125,10535800,0.0,0.0
2026-01-23 00:00:00-05:00,302.0,302.3699951171875,296.510009765625,297.7200012207031,11107900,0.0,0.0
2026-01-26 00:00:00-05:00,297.80999755859375,301.7799987792969,297.45001220703125,301.0400085449219,11752700,0.0,0.0
2026-01-27 00:00:00-05:00,301.3299865722656,301.9700012207031,298.1499938964844,300.30999755859375,11527400,0.0,0.0
2026-01-28 00:00:00-05:00,300.2699890136719,301.9200134277344,298.04998779296875,300.7699890136719,9556700,0.0,0.0
2026-01-29 00:00:00-05:00,302.3999938964844,306.8299865722656,302.2200012207031,306.4200134277344,11580000,0.0,0.0
2026-01-30 00:00:00-05:00,305.25,307.92999267578125,302.55999755859375,305.8900146484375,11953200,0.0,0.0
2026-02-02 00:00:00-05:00,304.4599914550781,309.29998779296875,301.3699951171875,308.1400146484375,9839400,0.0,0.0
2026-02-03 00:00:00-05:00,309.7300109863281,316.25,309.1000061035156,314.8500061035156,12688000,0.0,0.0
2026-02-04 00:00:00-05:00,314.4100036621094,319.30999755859375,314.4100036621094,317.2699890136719,9848800,0.0,0.0
2026-02-05 00:00:00-05:00,315.0,316.010009765625,305.5400085449219,310.1600036621094,9388000,0.0,0.0
2026-02-06 00:00:00-05:00,314.7099914550781,324.25,314.7099914550781,322.3999938964844,17797400,0.0,0.0
2026-02-09 00:00:00-05:00,321.3399963378906,326.3999938964844,320.1099853515625,322.1000061035156,11477500,0.0,0.0
2026-02-10 00:00:00-05:00,322.54998779296875,326.1300048828125,315.1199951171875,318.2799987792969,9902200,0.0,0.0
2026-02-11 00:00:00-05:00,323.239990234375,325.2799987792969,308.7300109863281,310.82000732421875,8703500,0.0,0.0
2026-02-12 00:00:00-05:00,312.2799987792969,313.6199951171875,300.0199890136719,302.6400146484375,13443400,0.0,0.0
2026-02-13 00:00:00-05:00,298.5199890136719,304.2900085449219,296.5199890136719,302.54998779296875,9114500,0.0,0.0
2026-02-17 00:00:00-05:00,302.760009765625,308.239990234375,302.5,307.1300048828125,8896800,0.0,0.0
2026-02-18 00:00:00-05:00,308.4599914550781,312.2799987792969,307.2200012207031,308.7799987792969,5340952,0.0,0.0
