Date,Open,High,Low,Close,Volume,Dividends,Stock Splits
2016-02-19 00:00:00-05:00,101.83862043283057,104.29147984122908,101.35201407550895,103.8446044921875,32404500,0.0,0.0
2016-02-22 00:00:00-05:00,104.75822767614306,107.49908404195,104.6092666910449,106.4166488647461,35709700,0.0,0.0
2016-02-23 00:00:00-05:00,106.10878877930001,106.72449061756997,104.39079389054021,104.72843170166016,25319300,0.0,0.0
2016-02-24 00:00:00-05:00,103.48710369055341,106.20809443550067,102.02729973614754,106.13858032226562,34412400,0.0,0.0
2016-02-25 00:00:00-05:00,106.36699566384853,107.3203353881836,104.87740092398673,107.3203353881836,29906300,0.0,0.0
2016-02-26 00:00:00-05:00,107.94596717574885,108.69076457827647,106.41665650985324,107.17137908935547,26686200,0.0,0.0
2016-02-29 00:00:00-05:00,106.85358980175266,108.15450763614403,106.00948766816671,106.17830657958984,32779000,0.0,0.0
2016-03-01 00:00:00-05:00,107.08200343468418,109.05819702148438,106.85359557194724,109.05819702148438,26817300,0.0,0.0
2016-03-02 00:00:00-05:00,108.91917028042253,109.78313797768496,108.01547914663958,109.18729400634766,25670200,0.0,0.0
2016-03-03 00:00:00-05:00,109.48520518531464,109.53486137018172,107.7870682181474,108.81985473632812,21353100,0.0,0.0
2016-03-04 00:00:00-05:00,109.28659565949059,109.28659565949059,107.18129918936006,107.63810729980469,24938900,0.0,0.0
2016-03-07 00:00:00-05:00,107.32033083127041,107.32033083127041,103.99357090213029,104.99656677246094,31436400,0.0,0.0
2016-03-08 00:00:00-05:00,104.05315108316962,106.62518846867854,103.6757898302422,105.19517517089844,25617000,0.0,0.0
2016-03-09 00:00:00-05:00,105.95983488931144,106.76422119140625,104.75822938908698,106.76422119140625,20493300,0.0,0.0
2016-03-10 00:00:00-05:00,107.16144984275631,107.90624721699909,105.03628769789724,106.5755386352539,24854300,0.0,0.0
2016-03-11 00:00:00-05:00,107.72749012289157,108.66096429963336,107.17136962610952,108.65103912353516,20697600,0.0,0.0
2016-03-14 00:00:00-04:00,108.5219317232412,109.56465098353499,108.01546743311535,109.12770080566406,17249400,0.0,0.0
2016-03-15 00:00:00-04:00,108.35312187026842,110.06119171575769,108.08499057455036,109.90229797363281,17618500,0.0,0.0
2016-03-16 00:00:00-04:00,109.7235382814963,111.71959720632765,109.3362442839653,111.40181732177734,24744800,0.0,0.0
2016-03-17 00:00:00-04:00,111.37203653642892,111.90829155984004,109.96188864697976,110.24987030029297,24241200,0.0,0.0
2016-03-18 00:00:00-04:00,110.78612506726778,111.64016000148597,109.5050726659405,110.67688751220703,36256900,0.0,0.0
2016-03-21 00:00:00-04:00,110.88544270819686,111.59051668475165,110.25980803107123,111.0741195678711,18448000,0.0,0.0
2016-03-22 00:00:00-04:00,110.58752592279366,112.09697875366982,110.39884147775734,111.47135162353516,19001100,0.0,0.0
2016-03-23 00:00:00-04:00,111.23300847840443,112.40482332928266,111.22307572523142,111.75933074951172,18562000,0.0,0.0
2016-03-24 00:00:00-04:00,111.35216141748931,112.3055010735427,110.90528605812588,112.26578521728516,17839100,0.0,0.0
2016-03-28 00:00:00-04:00,112.53390823117947,113.79509501259162,112.16647216304251,112.9013442993164,21351800,0.0,0.0
2016-03-29 00:00:00-04:00,113.04038467219853,115.5131098924899,112.85170024173443,115.33435821533203,29825300,0.0,0.0
2016-03-30 00:00:00-04:00,115.92025948774817,116.17845043978348,113.56669720324793,113.90433502197266,33235200,0.0,0.0
2016-03-31 00:00:00-04:00,113.90433856301918,114.21219328689371,112.98078954433652,113.30850219726562,21207500,0.0,0.0
2016-04-01 00:00:00-04:00,112.9609322698284,115.36414325229293,112.56370549820085,115.2549057006836,24760500,0.0,0.0
2016-04-04 00:00:00-04:00,113.27870919251723,113.75538282122751,110.835774839494,111.76925659179688,48487900,0.0,0.0
2016-04-05 00:00:00-04:00,111.33230603072448,112.53391148640199,111.12376368649652,111.44154357910156,22962400,0.0,0.0
2016-04-06 00:00:00-04:00,111.6898150431985,113.02051604358238,111.64015885450986,112.92121124267578,20814600,0.0,0.0
2016-04-07 00:00:00-04:00,113.0006455433367,114.09301338473118,112.28563893399638,112.8516845703125,20714500,0.0,0.0
2016-04-08 00:00:00-04:00,113.45747086564975,113.5369177401888,109.13764745082949,109.86257934570312,48497800,0.0,0.0
2016-04-11 00:00:00-04:00,109.93208478662167,110.1406347099374,108.01547265441006,108.23394775390625,39762300,0.0,0.0
2016-04-12 00:00:00-04:00,108.58152553784744,110.38890781672579,108.23395493670579,109.84272003173828,26248100,0.0,0.0
2016-04-13 00:00:00-04:00,111.45148574064761,111.8685704643149,105.78108822826746,109.74341583251953,88227400,0.0,0.0
2016-04-14 00:00:00-04:00,109.85264606227146,111.26279388715969,109.49514272969833,110.07111358642578,28473300,0.0,0.0
2016-04-15 00:00:00-04:00,110.02146441549421,110.20021608087036,108.44249010859319,108.87944030761719,20922800,0.0,0.0
2016-04-18 00:00:00-04:00,108.9787562800748,110.04133362864336,108.44250122895546,109.68383026123047,21167200,0.0,0.0
2016-04-19 00:00:00-04:00,110.3292999456648,111.66993350662916,108.40276283992999,111.51104736328125,30210500,0.0,0.0
2016-04-20 00:00:00-04:00,111.65009236003239,112.4842617850347,110.78612467573369,111.6401596069336,21027900,0.0,0.0
2016-04-21 00:00:00-04:00,111.7692582223964,113.2489201634973,111.53091761632898,112.65308380126953,20875200,0.0,0.0
2016-04-22 00:00:00-04:00,110.43854519635434,110.97480017348316,108.25380943158075,109.79305267333984,38458200,0.0,0.0
2016-04-25 00:00:00-04:00,109.10785002557684,109.90229599246817,108.31339648221501,109.33625030517578,21017900,0.0,0.0
2016-04-26 00:00:00-04:00,109.72354151692136,109.73347426948865,107.3997774632144,108.00554656982422,22521500,0.0,0.0
2016-04-27 00:00:00-04:00,107.19123661234184,108.18429974174587,105.5725388624722,108.1346435546875,52213100,0.0,0.0
2016-04-28 00:00:00-04:00,118.75048585319327,119.9520912802115,115.42372602447728,115.92025756835938,87110100,0.0,0.0
2016-04-29 00:00:00-04:00,116.00963603995532,117.02255711197407,115.03643082635492,116.76436614990234,37140600,0.0,0.0
2016-05-02 00:00:00-04:00,117.01264052974786,117.90639893921382,115.76137875649553,117.74750518798828,28095200,0.0,0.0
2016-05-03 00:00:00-04:00,116.70478190081396,117.34034930811448,116.20825030944883,116.61540985107422,24117500,0.0,0.0
2016-05-04 00:00:00-04:00,115.8010893593843,117.47936843245286,115.76136592598071,117.24102783203125,23448400,0.0,0.0
2016-05-05 00:00:00-04:00,117.22116754795303,118.15464927300334,116.43664680105522,116.99275970458984,22056700,0.0,0.0
2016-05-06 00:00:00-04:00,116.34729357726413,118.81008618534992,116.29763738435886,118.66112518310547,26395600,0.0,0.0
2016-05-09 00:00:00-04:00,118.71076375714678,119.44562832895495,118.07520397993913,118.412841796875,21138100,0.0,0.0
2016-05-10 00:00:00-04:00,118.79021544138035,119.66410827636719,118.17451356753274,119.66410827636719,23220000,0.0,0.0
2016-05-11 00:00:00-04:00,119.57472818536196,120.24007862552259,118.59159028861959,118.6908950805664,22038400,0.0,0.0
2016-05-12 00:00:00-04:00,119.14771853928164,120.0017458669522,118.07520853271332,119.44563293457031,22035500,0.0,0.0
2016-05-13 00:00:00-04:00,119.5449428039033,119.80314135194888,118.84980160893917,118.97889709472656,18124300,0.0,0.0
2016-05-16 00:00:00-04:00,118.55187568253743,118.78028353984266,116.53595870770255,117.8468017578125,31247800,0.0,0.0
2016-05-17 00:00:00-04:00,117.99576135660335,118.18444577665827,116.3869963509335,116.53595733642578,21328600,0.0,0.0
2016-05-18 00:00:00-04:00,115.98977542691381,117.44957184883111,115.92026131158441,116.83387756347656,21642300,0.0,0.0
2016-05-19 00:00:00-04:00,116.23804306123378,116.67498568893043,115.07615343437762,115.99970245361328,20544100,0.0,0.0
2016-05-20 00:00:00-04:00,116.14866332002812,117.1715171364871,116.13873056726985,116.53595733642578,18944800,0.0,0.0
2016-05-23 00:00:00-04:00,116.60548123803616,116.78423292033321,115.13575191823473,115.16554260253906,20441000,0.0,0.0
2016-05-24 00:00:00-04:00,115.43365083926673,116.91332029046602,115.31448811804857,116.8835220336914,20183600,0.0,0.0
2016-05-25 00:00:00-04:00,117.31053760497497,117.84679257137266,116.56574030327872,117.07220458984375,20019800,0.0,0.0
2016-05-26 00:00:00-04:00,117.41977965504496,118.9292398205697,117.10199976385086,118.64125061035156,18481300,0.0,0.0
2016-05-27 00:00:00-04:00,118.73063919944374,119.01862844979574,118.18445896033863,118.55188751220703,13493600,0.0,0.0
2016-05-31 00:00:00-04:00,118.63132478692792,119.26688460643815,117.30062378247547,117.98583221435547,23547600,0.0,0.0
2016-06-01 00:00:00-04:00,117.67797534828142,118.25395375483679,117.00269214870927,117.9560317993164,15029500,0.0,0.0
2016-06-02 00:00:00-04:00,117.86667031704943,118.61146769609934,117.39992941394284,118.1050033569336,13228300,0.0,0.0
2016-06-03 00:00:00-04:00,118.15465002834873,118.15465002834873,117.04241663769906,117.64818572998047,14135100,0.0,0.0
2016-06-06 00:00:00-04:00,117.79713874571475,118.60151737144453,117.53894023781929,117.96595764160156,12744700,0.0,0.0
2016-06-07 00:00:00-04:00,118.41285213571055,118.47244107884983,116.85374323729604,116.94312286376953,17103000,0.0,0.0
2016-06-08 00:00:00-04:00,116.94312140250747,117.77729083132563,116.45651499255946,117.5687484741211,14505600,0.0,0.0
2016-06-09 00:00:00-04:00,117.3105466313595,117.85673439188413,116.89346192867008,117.73756408691406,13859200,0.0,0.0
2016-06-10 00:00:00-04:00,116.72463611886405,117.29068177521926,115.45351658013449,115.81101989746094,18510800,0.0,0.0
2016-06-13 00:00:00-04:00,114.20225756434904,114.67893119043845,112.52397848523725,113.15953826904297,31718200,0.0,0.0
2016-06-14 00:00:00-04:00,113.27870966618465,114.15260248325896,112.79211085935115,114.1426773071289,17618500,0.0,0.0
2016-06-15 00:00:00-04:00,114.50018722121771,114.63921545973743,113.27871618111374,113.80503845214844,19819400,0.0,0.0
2016-06-16 00:00:00-04:00,113.08009946723868,113.70572650124461,112.15655046858025,113.59648895263672,19236300,0.0,0.0
2016-06-17 00:00:00-04:00,113.62628233900163,113.63621509178526,111.77918429770938,112.23599243164062,24644300,0.0,0.0
2016-06-20 00:00:00-04:00,112.98078393142224,113.92419840876086,111.96786291761042,112.58356475830078,20785400,0.0,0.0
2016-06-21 00:00:00-04:00,113.3283645281278,114.41079967833633,113.17940354674465,113.58655548095703,19166300,0.0,0.0
2016-06-22 00:00:00-04:00,113.85469188150772,113.94406392847353,112.82190529434727,113.11982727050781,14846300,0.0,0.0
2016-06-23 00:00:00-04:00,113.57664142704266,114.29164057005238,112.75239714894848,114.2817153930664,16176900,0.0,0.0
2016-06-24 00:00:00-04:00,110.23995103074479,112.89142803040738,110.23001827705566,111.30252838134766,40643100,0.0,0.0
2016-06-27 00:00:00-04:00,110.79605882520322,110.79605882520322,107.47923143664798,108.21409606933594,36130400,0.0,0.0
2016-06-28 00:00:00-04:00,109.86257249309011,111.96786907823237,109.78313319997702,111.918212890625,26813800,0.0,0.0
2016-06-29 00:00:00-04:00,112.58356700597811,113.45745981135026,112.25585436278723,113.36808776855469,20968300,0.0,0.0
2016-06-30 00:00:00-04:00,113.87455294491814,114.38101728774156,112.8814897656797,113.48725891113281,23192700,0.0,0.0
2016-07-01 00:00:00-04:00,113.40780573038056,114.33135473876075,113.02051171813761,113.39788055419922,14980000,0.0,0.0
2016-07-05 00:00:00-04:00,113.14961543778615,113.40780639648438,112.18634298961166,113.40780639648438,14207000,0.0,0.0
2016-07-06 00:00:00-04:00,112.57363754969974,115.97984440459771,112.18634353330505,115.89046478271484,24337600,0.0,0.0
2016-07-07 00:00:00-04:00,115.820959552177,116.1586049836259,114.55977260806358,115.04637145996094,16630200,0.0,0.0
2016-07-08 00:00:00-04:00,115.62233337507257,116.68491055536904,115.0463549769571,116.42671203613281,18142600,0.0,0.0
2016-07-11 00:00:00-04:00,116.8934591690645,117.87658953832869,116.68491682264302,117.05235290527344,17711600,0.0,0.0
2016-07-12 00:00:00-04:00,117.8070719816005,117.89645159972476,116.75442752761121,117.11193084716797,15217700,0.0,0.0
2016-07-13 00:00:00-04:00,117.56875736267324,117.57869011656842,115.87062011721991,115.96992492675781,16207700,0.0,0.0
2016-07-14 00:00:00-04:00,116.6849141067042,116.82394233441585,115.89046059709176,116.47637176513672,14579700,0.0,0.0
2016-07-15 00:00:00-04:00,116.92324735430414,117.45950233785534,115.77129809726355,116.04935455322266,16646000,0.0,0.0
2016-07-18 00:00:00-04:00,116.50617149924418,118.78028708134322,116.07915403052739,118.54195404052734,20868400,0.0,0.0
2016-07-19 00:00:00-04:00,118.16458845950886,120.01168662408114,117.83688336048162,119.77335357666016,21541300,0.0,0.0
2016-07-20 00:00:00-04:00,120.40889882028482,121.352305718598,119.72368286850723,121.07424926757812,20046500,0.0,0.0
2016-07-21 00:00:00-04:00,121.07426394873542,121.2530156284189,119.4158502172932,119.77335357666016,17801700,0.0,0.0
2016-07-22 00:00:00-04:00,119.06827655080552,120.17057728444125,118.48236533605362,120.16064453125,18422400,0.0,0.0
2016-07-25 00:00:00-04:00,120.54792948885557,121.00473760714178,116.96297108025956,120.78626251220703,18487400,0.0,0.0
2016-07-26 00:00:00-04:00,121.15370026260423,121.22321437772888,119.91237136647099,120.37911224365234,17612000,0.0,0.0
2016-07-27 00:00:00-04:00,121.57078923619099,124.13289398642371,120.66710570773452,122.48440551757812,52654200,0.0,0.0
2016-07-28 00:00:00-04:00,126.63541228158725,127.43979860241059,122.77239715101058,124.13289642333984,78955800,0.0,0.0
2016-07-29 00:00:00-04:00,123.78533522650649,124.96707533817501,122.85185335006183,123.08026123046875,35058800,0.0,0.0
2016-08-01 00:00:00-04:00,122.9908694729982,123.71580890532472,122.00773907702272,123.44767761230469,25006900,0.0,0.0
2016-08-02 00:00:00-04:00,123.19940215175328,123.93427427927986,121.22320876206794,122.23612976074219,23968400,0.0,0.0
2016-08-03 00:00:00-04:00,122.23614239131025,123.06038664368106,121.46155432820352,121.66017150878906,18525300,0.0,0.0
2016-08-04 00:00:00-04:00,122.08718944782521,123.92435481062773,121.66017197850607,123.4973373413086,21066000,0.0,0.0
2016-08-05 00:00:00-04:00,124.11303380775884,124.96706113255514,123.75553047343925,124.28185272216797,20184000,0.0,0.0
2016-08-08 00:00:00-04:00,124.38115764030616,124.57976723668853,123.68601647649741,124.3910903930664,15233900,0.0,0.0
2016-08-09 00:00:00-04:00,124.47053847979758,125.21533588355837,123.66615970820664,124.1924819946289,19621000,0.0,0.0
2016-08-10 00:00:00-04:00,124.20240970652618,124.60956924076093,123.67608744146813,124.01372528076172,10670100,0.0,0.0
2016-08-11 00:00:00-04:00,124.33150663110212,124.51025830587902,123.88463123239521,124.0335922241211,11729500,0.0,0.0
2016-08-12 00:00:00-04:00,123.83497360805609,124.13289558805569,123.31858409605688,124.01372528076172,12159000,0.0,0.0
2016-08-15 00:00:00-04:00,124.04351556765616,124.05344074360643,122.84190254829731,123.04051971435547,19295100,0.0,0.0
2016-08-16 00:00:00-04:00,122.64329648494683,123.0603811809557,121.92828981951997,122.44468688964844,14222400,0.0,0.0
2016-08-17 00:00:00-04:00,122.80219686214487,123.51719598976055,121.99781053181214,123.50727081298828,13794200,0.0,0.0
2016-08-18 00:00:00-04:00,123.14976561696125,123.39803140902549,122.7823295171767,123.05046081542969,12400800,0.0,0.0
2016-08-19 00:00:00-04:00,122.74259666283912,123.29871714639022,122.42481677643998,122.70287322998047,11688300,0.0,0.0
2016-08-22 00:00:00-04:00,122.47448396560074,123.96407873752055,122.25600885348383,123.2887954711914,14386400,0.0,0.0
2016-08-23 00:00:00-04:00,123.64629905250834,124.22226994060397,123.38810050348359,123.50727081298828,13309500,0.0,0.0
2016-08-24 00:00:00-04:00,123.60656633014763,123.82504142625803,122.23613439144432,122.6234359741211,12243700,0.0,0.0
2016-08-25 00:00:00-04:00,122.26593857509178,123.50726752091255,122.24607306913511,123.03059387207031,10730800,0.0,0.0
2016-08-26 00:00:00-04:00,123.18947906652899,124.32157038045146,123.05045084036097,124.0931625366211,17504800,0.0,0.0
2016-08-29 00:00:00-04:00,123.48739789218885,125.85089297506482,123.48739789218885,125.6622085571289,15925900,0.0,0.0
2016-08-30 00:00:00-04:00,125.7217940237168,125.7217940237168,124.28185547822632,124.9670639038086,17804300,0.0,0.0
2016-08-31 00:00:00-04:00,124.72872014798173,125.34442197926276,124.232188612698,125.2451171875,14200600,0.0,0.0
2016-09-01 00:00:00-04:00,125.50332691275023,125.75159271754583,124.72873881402327,125.29478454589844,13536100,0.0,0.0
2016-09-02 00:00:00-04:00,125.97006889091146,125.98000164459822,125.12596666284523,125.63243103027344,12118800,0.0,0.0
2016-09-06 00:00:00-04:00,125.79129241352372,129.0386127701719,125.59268283776142,128.83006286621094,26278400,0.0,0.0
2016-09-07 00:00:00-04:00,129.13791154490053,131.06445627428977,129.04853950766648,130.1409149169922,27990800,0.0,0.0
2016-09-08 00:00:00-04:00,130.01181795528956,130.1707116864329,128.90951731901043,129.3663330078125,15676600,0.0,0.0
2016-09-09 00:00:00-04:00,128.81022571495706,129.04855116911745,126.21832275390625,126.21832275390625,27100700,0.0,0.0
2016-09-12 00:00:00-04:00,125.08623644828444,127.86680878872218,124.87769409098692,127.79730224609375,21252800,0.0,0.0
2016-09-13 00:00:00-04:00,127.14187189199872,127.45965936843584,125.78138024673687,126.32756042480469,18016200,0.0,0.0
2016-09-14 00:00:00-04:00,126.0097817820722,127.90653602451091,126.0097817820722,126.88367462158203,15691100,0.0,0.0
2016-09-15 00:00:00-04:00,127.09221968483847,128.20445309148428,126.78436496986896,127.45965576171875,15077200,0.0,0.0
2016-09-16 00:00:00-04:00,127.31067696258371,128.28387448569916,127.31067696258371,128.17465209960938,24119200,0.0,0.0
2016-09-19 00:00:00-04:00,129.00882221971716,129.03861289846415,127.37025912393563,127.75755310058594,14958800,0.0,0.0
2016-09-20 00:00:00-04:00,127.75756769349275,128.27396477232423,127.14187339180899,127.74764251708984,11083800,0.0,0.0
2016-09-21 00:00:00-04:00,128.23422615516023,129.1081112646948,127.49935410235904,129.03860473632812,14068300,0.0,0.0
2016-09-22 00:00:00-04:00,129.5947427912252,129.8231430759264,128.66126099339252,129.1776580810547,15538300,0.0,0.0
2016-09-23 00:00:00-04:00,126.67513041052747,127.70792455114766,126.41693945184284,127.07235717773438,28326300,0.0,0.0
2016-09-26 00:00:00-04:00,126.48645356380833,127.27097434548742,125.92040788290954,126.42686462402344,15064900,0.0,0.0
2016-09-27 00:00:00-04:00,126.72479220016014,128.11507458214362,126.54604052583787,127.79730224609375,15637100,0.0,0.0
2016-09-28 00:00:00-04:00,128.31370677440017,128.57189775946048,127.50931282863304,128.33355712890625,12047600,0.0,0.0
2016-09-29 00:00:00-04:00,128.2838970444834,128.39313460272191,126.66521433069347,127.20146179199219,14532200,0.0,0.0
2016-09-30 00:00:00-04:00,127.14186265705433,127.69797554748517,126.56588426255387,127.38020324707031,18402900,0.0,0.0
2016-10-03 00:00:00-04:00,127.48943028688251,128.1944965173994,126.91345193983376,127.87672424316406,13156900,0.0,0.0
2016-10-04 00:00:00-04:00,128.2739559351926,128.3831934798632,126.66519859817114,127.3007583618164,14307500,0.0,0.0
2016-10-05 00:00:00-04:00,127.36035941057628,127.90654721836411,126.94327467179531,127.5788345336914,12386800,0.0,0.0
2016-10-06 00:00:00-04:00,127.5390920432378,128.16472667158786,127.19152903533077,127.84695434570312,11682700,0.0,0.0
2016-10-07 00:00:00-04:00,128.14484061174176,128.35339050538778,127.43977437971752,128.09519958496094,12804400,0.0,0.0
2016-10-10 00:00:00-04:00,128.78043496198597,129.7933637196164,128.30376884490096,129.33656311035156,15138700,0.0,0.0
2016-10-11 00:00:00-04:00,129.32660326604451,129.73376277373717,127.34047706610797,127.98597717285156,17537900,0.0,0.0
2016-10-12 00:00:00-04:00,128.11505414999175,128.7605542017062,127.5688816139229,128.15478515625,11073000,0.0,0.0
2016-10-13 00:00:00-04:00,127.32062830537177,127.36034416257309,125.87074949400497,126.9333267211914,17139300,0.0,0.0
2016-10-14 00:00:00-04:00,127.5986889936971,128.05548955488467,126.69499789477503,126.99291229248047,13345300,0.0,0.0
2016-10-17 00:00:00-04:00,127.31068349946301,127.57881477319974,126.43679071882961,126.65526580810547,11351700,0.0,0.0
2016-10-18 00:00:00-04:00,127.78736877044452,128.49245032887325,127.12201822674145,127.67814636230469,13504000,0.0,0.0
2016-10-19 00:00:00-04:00,127.84693651279781,129.56493126585724,127.70790829843934,129.20742797851562,16752300,0.0,0.0
2016-10-20 00:00:00-04:00,129.16774252520588,129.75364619839866,128.60168920663688,129.0982208251953,13167500,0.0,0.0
2016-10-21 00:00:00-04:00,128.8797613135578,131.21346626466934,128.80031442661098,131.1538848876953,19088800,0.0,0.0
2016-10-24 00:00:00-04:00,131.79932536510788,132.48454127409804,131.23327216970236,132.35543823242188,17470200,0.0,0.0
2016-10-25 00:00:00-04:00,132.5739275045425,132.5739275045425,131.30280791373795,131.372314453125,13336800,0.0,0.0
2016-10-26 00:00:00-04:00,130.72682536414706,131.34251963478658,130.03168422746694,130.1309814453125,13084700,0.0,0.0
2016-10-27 00:00:00-04:00,130.82614194009452,130.88572330330504,128.3732748016558,128.7903594970703,16741400,0.0,0.0
2016-10-28 00:00:00-04:00,129.594743963457,132.04761121086273,129.02869068192885,130.37925720214844,24545500,0.0,0.0
2016-10-31 00:00:00-04:00,131.09424270742807,131.2034802448226,129.9720918083086,130.08132934570312,15669000,0.0,0.0
2016-11-01 00:00:00-04:00,130.4984544053724,131.02477675228303,127.75758994665199,128.60169982910156,22077800,0.0,0.0
2016-11-02 00:00:00-04:00,129.32660486651906,129.32660486651906,125.40400860368858,126.28783416748047,39640900,0.0,0.0
2016-11-03 00:00:00-04:00,121.15370597839355,122.42482561576762,118.67104806900024,119.1675796508789,63766300,0.0,0.0
2016-11-04 00:00:00-04:00,118.7604270592008,121.0841989379943,118.42278920049252,119.91238403320312,30545500,0.0,0.0
2016-11-07 00:00:00-05:00,121.97794895786093,122.35531022864637,120.50821215709288,121.30266571044922,23008900,0.0,0.0
2016-11-08 00:00:00-05:00,121.18348864611181,123.74559325750354,120.69688984946569,123.3582992553711,19460800,0.0,0.0
2016-11-09 00:00:00-05:00,120.6571769233547,122.9511504552046,119.67404649205771,122.32552337646484,31916000,0.0,0.0
2016-11-10 00:00:00-05:00,123.07032118351115,123.31858698049423,114.47039033931125,119.9620361328125,67846700,0.0,0.0
2016-11-11 00:00:00-05:00,118.70083841797687,119.8627204979536,117.33041398337384,118.19437408447266,32840100,0.0,0.0
2016-11-14 00:00:00-05:00,118.30361682543885,118.30361682543885,112.76232990240543,114.2817153930664,51377000,0.0,0.0
2016-11-15 00:00:00-05:00,115.92026011095152,117.6680457286939,115.02650179706606,116.38699340820312,34681400,0.0,0.0
2016-11-16 00:00:00-05:00,113.68588357851199,117.06229254906573,113.41775225963886,115.53297424316406,32397900,0.0,0.0
2016-11-17 00:00:00-05:00,115.99970281041848,116.97290802001953,115.20525684531788,116.97290802001953,18597800,0.0,0.0
2016-11-18 00:00:00-05:00,117.568735822808,118.30360037051885,116.02948503932845,116.20823669433594,22879300,0.0,0.0
2016-11-21 00:00:00-05:00,117.38005792813173,121.10404463367487,116.98283874071674,120.92529296875,35415400,0.0,0.0
2016-11-22 00:00:00-05:00,121.55092939085414,122.12690782822521,120.06133468649678,120.62738037109375,26089200,0.0,0.0
2016-11-23 00:00:00-05:00,120.38905638332166,120.46849568207057,119.10800393216641,120.00175476074219,15672100,0.0,0.0
2016-11-25 00:00:00-05:00,120.17057175605319,120.2996672357175,119.23708998725935,119.54493713378906,8658600,0.0,0.0
2016-11-28 00:00:00-05:00,119.28674832610199,120.84585716881205,118.98882635046238,119.57473754882812,18101300,0.0,0.0
2016-11-29 00:00:00-05:00,119.73362556613635,121.25301099717773,119.56480664634746,120.03154754638672,18891000,0.0,0.0
2016-11-30 00:00:00-05:00,119.48535508615306,120.94515909445,117.13179274864673,117.5985336303711,30188900,0.0,0.0
2016-12-01 00:00:00-05:00,117.55881299819737,117.62832711565554,113.2091991276639,114.30156707763672,43277000,0.0,0.0
2016-12-02 00:00:00-05:00,114.31150569655674,115.67200500973394,113.50712692805328,114.59949493408203,25070400,0.0,0.0
2016-12-05 00:00:00-05:00,115.14567300698627,116.7544380905388,114.27178013371312,116.61540985107422,20201500,0.0,0.0
2016-12-06 00:00:00-05:00,116.87360756417617,116.98284511961296,115.5230410392039,116.4962387084961,19131200,0.0,0.0
2016-12-07 00:00:00-05:00,116.18839837820866,117.13180541992188,115.76138088452905,117.13180541992188,21913700,0.0,0.0
2016-12-08 00:00:00-05:00,117.16159500071369,118.6710476709142,116.82394958640408,118.08514404296875,22442800,0.0,0.0
2016-12-09 00:00:00-05:00,118.3929919622957,119.10799865465215,118.12486066442668,118.84980010986328,17464700,0.0,0.0
2016-12-12 00:00:00-05:00,118.39299487932591,118.41285280950478,116.83388597203974,116.95304870605469,17805500,0.0,0.0
2016-12-13 00:00:00-05:00,117.04242402173251,120.67703122825282,116.79415823305185,119.47542572021484,29768000,0.0,0.0
2016-12-14 00:00:00-05:00,119.16757916663097,120.84585833103162,118.02555501765663,119.3761215209961,25913100,0.0,0.0
2016-12-15 00:00:00-05:00,119.24702848250796,121.65023955995156,118.80014550558892,119.73362731933594,20139600,0.0,0.0
2016-12-16 00:00:00-05:00,120.06133649955193,120.65717287499854,118.44263871409844,119.03848266601562,25324300,0.0,0.0
2016-12-19 00:00:00-05:00,119.01861089334949,119.52507519522345,117.68790997746792,118.412841796875,15918100,0.0,0.0
2016-12-20 00:00:00-05:00,118.67104502143714,118.9391687351189,117.97590385524703,118.26388549804688,13684400,0.0,0.0
2016-12-21 00:00:00-05:00,118.09507071953779,118.37312719575361,117.65812807540038,118.21424102783203,10767600,0.0,0.0
2016-12-22 00:00:00-05:00,118.03548837689374,118.16458386079118,116.11887616572791,116.58561706542969,16258600,0.0,0.0
2016-12-23 00:00:00-05:00,116.18839634572355,116.74450932256566,115.4932551246709,116.4565200805664,10890000,0.0,0.0
2016-12-27 00:00:00-05:00,116.14866403343629,117.85673384776882,116.04935923465497,117.1913833618164,12051500,0.0,0.0
2016-12-28 00:00:00-05:00,117.37011912641056,117.42970048231192,115.84080118769714,116.10892486572266,12087400,0.0,0.0
2016-12-29 00:00:00-05:00,116.1883926711386,116.71471494707167,115.25491085255793,115.54290008544922,9934900,0.0,0.0
2016-12-30 00:00:00-05:00,115.79117373239082,116.01958161412541,113.97386616186563,114.2519302368164,18684100,0.0,0.0
2017-01-03 00:00:00-05:00,115.22511036129376,117.0225521490795,114.70872088257974,116.04935455322266,20663900,0.0,0.0
2017-01-04 00:00:00-05:00,116.73457730665392,118.82994117710588,116.47637876404455,117.86666870117188,19630900,0.0,0.0
2017-01-05 00:00:00-05:00,118.03548959613047,120.11098799534177,117.49923457241076,119.83293151855469,19492200,0.0,0.0
2017-01-06 00:00:00-05:00,120.14078085059289,123.02065786760421,119.19736633082158,122.55392456054688,28545300,0.0,0.0
2017-01-09 00:00:00-05:00,122.6929584515296,124.55991449527791,122.18649411024988,124.0335922241211,22880400,0.0,0.0
2017-01-10 00:00:00-05:00,123.95415243073394,124.6294357321823,123.41789737577749,123.48741149902344,17324600,0.0,0.0
2017-01-11 00:00:00-05:00,123.48739670498578,125.24512265950915,123.19940749276246,125.21532440185547,18356500,0.0,0.0
2017-01-12 00:00:00-05:00,124.73865758205153,125.85089099036297,123.93427888917063,125.74165344238281,18653900,0.0,0.0
2017-01-13 00:00:00-05:00,126.60561254065145,128.37327122348765,126.48644981755184,127.44971466064453,24884300,0.0,0.0
2017-01-17 00:00:00-05:00,127.15179778918635,127.44971976180004,126.51624556212009,126.98298645019531,15294500,0.0,0.0
2017-01-18 00:00:00-05:00,127.51924495686795,127.53909531009727,125.96012851070743,127.03263854980469,13145900,0.0,0.0
2017-01-19 00:00:00-05:00,127.34048257294904,127.45966045409854,126.56589453371195,126.66520690917969,12195500,0.0,0.0
2017-01-20 00:00:00-05:00,127.21139691408264,127.58875061105137,125.90054626888444,126.15874481201172,19097200,0.0,0.0
2017-01-23 00:00:00-05:00,126.42687176039774,128.35341676533062,126.06936840739019,128.03562927246094,16593600,0.0,0.0
2017-01-24 00:00:00-05:00,128.48248976589144,128.99887159156833,127.4894268124446,128.47254943847656,15162700,0.0,0.0
2017-01-25 00:00:00-05:00,129.0982029839127,130.8261382327559,128.86980271376447,130.56793212890625,18731300,0.0,0.0
2017-01-26 00:00:00-05:00,130.7168856056053,132.21640525836904,130.52820121392577,131.85890197753906,20020100,0.0,0.0
2017-01-27 00:00:00-05:00,131.75962366196595,132.02775498010305,130.17073156669045,131.26309204101562,19539500,0.0,0.0
2017-01-30 00:00:00-05:00,130.66727043094852,130.66727043094852,128.70100934581296,130.07142639160156,18956100,0.0,0.0
2017-01-31 00:00:00-05:00,129.267047039275,129.75365350793402,128.6215619599633,129.416015625,19790500,0.0,0.0
2017-02-01 00:00:00-05:00,131.3326037315374,132.56400751269916,129.77348728717269,132.30580139160156,50139800,0.0,0.0
2017-02-02 00:00:00-05:00,132.29588362252701,134.55014137887255,129.49543806359438,129.93238830566406,54366400,0.0,0.0
2017-02-03 00:00:00-05:00,130.32963254669215,131.92846506089833,129.85295125403724,130.07142639160156,24804900,0.0,0.0
2017-02-06 00:00:00-05:00,130.0713957135473,131.14390563964844,129.396120104302,131.14390563964844,17058500,0.0,0.0
2017-02-07 00:00:00-05:00,131.32269522410144,132.07741787116277,130.7467166962349,130.9254608154297,14596400,0.0,0.0
2017-02-08 00:00:00-05:00,131.6801815167884,133.50741410058268,131.52128777395203,133.26907348632812,22390600,0.0,0.0
2017-02-09 00:00:00-05:00,133.5570660724015,133.56699124866242,132.3852436971591,133.20948791503906,16470600,0.0,0.0
2017-02-10 00:00:00-05:00,133.1697679722192,134.00393734077284,132.75266813500198,133.25914001464844,15061900,0.0,0.0
2017-02-13 00:00:00-05:00,133.7656021684869,133.7656021684869,132.7725390266972,133.1201171875,13526200,0.0,0.0
2017-02-14 00:00:00-05:00,133.16975928946113,133.29884718023996,131.6305085519095,132.92149353027344,14364900,0.0,0.0
2017-02-15 00:00:00-05:00,132.52426843771815,132.77253421416682,131.7397552514341,132.51434326171875,13226500,0.0,0.0
2017-02-16 00:00:00-05:00,132.14692756197016,132.9413660012071,132.09727137128235,132.9115753173828,12831100,0.0,0.0
2017-02-17 00:00:00-05:00,132.57395381933677,133.159857544079,132.246241103902,132.60374450683594,12276500,0.0,0.0
2017-02-21 00:00:00-05:00,132.57392907196393,132.98108859570726,131.97808512731805,132.7924041748047,14759100,0.0,0.0
2017-02-22 00:00:00-05:00,132.6732275355793,135.8410858887221,132.53419931679852,135.1757354736328,27360100,0.0,0.0
2017-02-23 00:00:00-05:00,134.94732741489668,135.17572765691335,133.3981515943688,134.42100524902344,18422500,0.0,0.0
2017-02-24 00:00:00-05:00,133.22935342573706,134.6792171128092,133.22935342573706,134.50047302246094,12625700,0.0,0.0
2017-02-27 00:00:00-05:00,134.32171342662122,136.2283928167026,134.08338797344905,135.4637451171875,14306700,0.0,0.0
2017-02-28 00:00:00-05:00,135.84107540200802,135.86094090399723,133.81523363431748,134.59974670410156,16112100,0.0,0.0
2017-03-01 00:00:00-05:00,135.52332888079954,136.52631720419205,135.35450996416563,136.46673583984375,16257000,0.0,0.0
2017-03-02 00:00:00-05:00,136.13900717398414,136.86395409614948,135.36441922266005,135.81129455566406,12294800,0.0,0.0
2017-03-03 00:00:00-05:00,135.68222788890108,136.37736908818883,135.13604010626722,136.21847534179688,11160600,0.0,0.0
2017-03-06 00:00:00-05:00,135.93048840776783,136.873895366812,135.56304473938474,136.46673583984375,12748200,0.0,0.0
2017-03-07 00:00:00-05:00,136.0794638788677,137.4101650748408,136.03974801384408,136.34759521484375,13527100,0.0,0.0
2017-03-08 00:00:00-05:00,136.19859520911928,137.03277971162456,136.0992979929939,136.7646484375,10184500,0.0,0.0
2017-03-09 00:00:00-05:00,136.7646697701353,137.60877958003587,136.44688226190934,137.28106689453125,15535300,0.0,0.0
2017-03-10 00:00:00-05:00,137.94640261068713,138.5223810427101,137.26118662857462,137.8272247314453,16314100,0.0,0.0
2017-03-13 00:00:00-04:00,137.74778155228955,138.71103876462712,137.70805054486848,138.63160705566406,10955500,0.0,0.0
2017-03-14 00:00:00-04:00,138.49258963230034,138.49258963230034,137.55910787334605,138.3535614013672,12944000,0.0,0.0
2017-03-15 00:00:00-04:00,138.3237683955284,139.12816232725115,137.5293299467696,138.75079345703125,19344800,0.0,0.0
2017-03-16 00:00:00-04:00,139.22745568190302,139.27711187180395,138.76071477212938,139.0189208984375,13612900,0.0,0.0
2017-03-17 00:00:00-04:00,139.36648092326286,139.36648092326286,138.73092110385406,138.8699493408203,20592800,0.0,0.0
2017-03-20 00:00:00-04:00,138.74085326838062,139.21751931664969,138.28403757212322,138.96925354003906,12099500,0.0,0.0
2017-03-21 00:00:00-04:00,140.1708342331338,141.32279093212316,137.43991102513272,137.5491485595703,29894800,0.0,0.0
2017-03-22 00:00:00-04:00,136.97318521208032,138.82028317209492,136.64548772581506,138.62167358398438,17055400,0.0,0.0
2017-03-23 00:00:00-04:00,138.5124165756206,139.41610750043,138.12512262969344,138.56207275390625,13022800,0.0,0.0
2017-03-24 00:00:00-04:00,139.10827938871515,140.04176111726997,138.79049192667938,139.36647033691406,16664700,0.0,0.0
2017-03-27 00:00:00-04:00,138.08543941866614,139.67433142881353,137.80738293806678,139.3466339111328,12800500,0.0,0.0
2017-03-28 00:00:00-04:00,139.38634423909812,140.9653110097479,139.03876607567358,140.77662658691406,14679400,0.0,0.0
2017-03-29 00:00:00-04:00,141.00503603253932,141.8689960867775,140.44890796409192,141.6604461669922,16527600,0.0,0.0
2017-03-30 00:00:00-04:00,141.412178811783,141.95836654518095,140.86600623132537,141.422119140625,12404000,0.0,0.0
2017-03-31 00:00:00-04:00,141.32279664429782,141.64058408566595,140.90571199220653,141.06460571289062,11478300,0.0,0.0
2017-04-03 00:00:00-04:00,140.9454211641766,141.48168365782817,139.8431358056518,141.29299926757812,13564000,0.0,0.0
2017-04-04 00:00:00-04:00,140.87591394850946,141.10431418946473,140.29001043117543,140.74681091308594,12948600,0.0,0.0
2017-04-05 00:00:00-04:00,141.27315694470494,142.44497933029163,140.3098844859649,140.8660125732422,17158100,0.0,0.0
2017-04-06 00:00:00-04:00,141.12420136690614,141.23343891682566,139.9325286469282,140.1907196044922,15103400,0.0,0.0
2017-04-07 00:00:00-04:00,140.2205363098388,140.56811452943796,139.26720401810186,139.80345153808594,11818300,0.0,0.0
2017-04-10 00:00:00-04:00,140.0219143874138,140.448924299722,139.65448584399118,140.06163024902344,9039400,0.0,0.0
2017-04-11 00:00:00-04:00,139.82330232500027,140.0517026193762,137.8471010915613,138.94940185546875,16638100,0.0,0.0
2017-04-12 00:00:00-04:00,138.75079887914276,139.42607461756464,138.47274238062286,138.6117706298828,11612500,0.0,0.0
2017-04-13 00:00:00-04:00,138.65146545618995,139.6048127014305,138.36348382389565,138.42306518554688,10965600,0.0,0.0
2017-04-17 00:00:00-04:00,138.79052189892582,140.56811369856695,138.7805967209464,140.4390106201172,11519700,0.0,0.0
2017-04-18 00:00:00-04:00,140.29002486318777,140.92558462513864,139.63459959691156,139.982177734375,14807500,0.0,0.0
2017-04-19 00:00:00-04:00,140.36951036880652,142.0477746992644,140.29006348257482,141.2831268310547,15563900,0.0,0.0
2017-04-20 00:00:00-04:00,141.95835012166265,143.24933502771677,141.70015920162723,142.80245971679688,15968200,0.0,0.0
2017-04-21 00:00:00-04:00,142.90177893474345,143.1699102237719,141.28309633017236,142.6833038330078,12382000,0.0,0.0
2017-04-24 00:00:00-04:00,143.95443499294305,144.6595013149068,143.33872556117097,144.4608917236328,14407200,0.0,0.0
2017-04-25 00:00:00-04:00,144.77867482609412,146.12924136150053,144.77867482609412,145.4738311767578,17767500,0.0,0.0
2017-04-26 00:00:00-04:00,146.069641911905,146.56617344208587,145.07657885154325,145.54331970214844,12395000,0.0,0.0
2017-04-27 00:00:00-04:00,145.6525764232332,146.72508648799592,145.12625414417488,146.67543029785156,11275100,0.0,0.0
2017-04-28 00:00:00-04:00,148.4629206347981,150.47883734155056,148.03591081206864,149.2077178955078,30652200,0.0,0.0
2017-05-01 00:00:00-04:00,150.68739815087682,151.51164233075284,150.36961068989032,151.40240478515625,25218300,0.0,0.0
2017-05-02 00:00:00-04:00,152.27628194175128,152.37559430629108,150.60794331864588,151.7201690673828,21870400,0.0,0.0
2017-05-03 00:00:00-04:00,152.53447989682581,152.53447989682581,150.2901478625612,150.74696350097656,29782500,0.0,0.0
2017-05-04 00:00:00-04:00,149.12829801577783,150.468939388775,147.68835941515164,149.8035888671875,36225500,0.0,0.0
2017-05-05 00:00:00-04:00,150.39942826367945,150.57818753068395,148.75093960915552,149.1978302001953,17148500,0.0,0.0
2017-05-08 00:00:00-04:00,149.6645524713391,150.03198098413574,148.701280013467,150.01211547851562,15827500,0.0,0.0
2017-05-09 00:00:00-04:00,150.43914546996686,151.53150586804554,149.16802582129333,149.43614196777344,17453900,0.0,0.0
2017-05-10 00:00:00-04:00,149.18788567133845,149.47588249536807,147.82739388723468,149.24746704101562,12080700,0.0,0.0
2017-05-11 00:00:00-04:00,149.26733786901573,149.6049757445161,148.37358698611644,148.99920654296875,11841900,0.0,0.0
2017-05-12 00:00:00-04:00,149.35669221015388,149.41628872782846,148.5920444921537,149.2871856689453,9598200,0.0,0.0
2017-05-15 00:00:00-04:00,149.12831259194172,150.42922307868798,148.73109333671684,149.14817810058594,15064700,0.0,0.0
2017-05-16 00:00:00-04:00,149.0687099721291,149.16802234825195,147.99619995235528,148.74099731445312,14550800,0.0,0.0
2017-05-17 00:00:00-04:00,146.97334236465397,147.63869283943836,143.418174562075,143.84519958496094,28300100,0.0,0.0
2017-05-18 00:00:00-04:00,143.7161184736394,147.12231823592748,143.5075685184444,146.63572692871094,23031600,0.0,0.0
2017-05-19 00:00:00-04:00,147.42023779053756,148.35371967861136,146.9336464914364,147.03294372558594,16187900,0.0,0.0
2017-05-22 00:00:00-04:00,147.05279144171797,147.55924818755005,146.66549742362497,147.21168518066406,12586700,0.0,0.0
2017-05-23 00:00:00-04:00,147.48973730728926,147.77771894183152,146.22854291504584,147.04286193847656,12817800,0.0,0.0
2017-05-24 00:00:00-04:00,147.47982095027416,149.1878909889669,147.3904488925728,148.99920654296875,17862400,0.0,0.0
2017-05-25 00:00:00-04:00,149.25736512989005,151.5314726289805,148.9097870345514,150.90585327148438,19891400,0.0,0.0
2017-05-26 00:00:00-04:00,151.17398898906703,151.1938544935643,150.10147904031652,151.07469177246094,14996200,0.0,0.0
2017-05-30 00:00:00-04:00,150.91580800140486,151.8393494567812,150.58809534380453,151.32296752929688,13226000,0.0,0.0
2017-05-31 00:00:00-04:00,151.64075149463565,152.28625168293928,150.0419190955539,150.40936279296875,18023900,0.0,0.0
2017-06-01 00:00:00-04:00,150.69732641402845,151.2335738242541,149.2573879401662,150.47885131835938,14530600,0.0,0.0
2017-06-02 00:00:00-04:00,150.7966629599408,152.56431436067737,150.25047513320916,152.54444885253906,16854400,0.0,0.0
2017-06-05 00:00:00-04:00,152.57422571380778,153.63681058525617,152.34582542621234,152.56430053710938,12520400,0.0,0.0
2017-06-06 00:00:00-04:00,152.34582872071377,153.4481294757347,151.42227206777858,151.74998474121094,13457100,0.0,0.0
2017-06-07 00:00:00-04:00,152.20679938081847,152.68346546921575,151.28324273454814,152.05783081054688,12066700,0.0,0.0
2017-06-08 00:00:00-04:00,153.01116045757777,153.65664539533412,152.03796288662605,153.6367950439453,17799400,0.0,0.0
2017-06-09 00:00:00-04:00,153.69639061493035,154.51069453242306,145.59299153468632,148.562255859375,35577700,0.0,0.0
2017-06-12 00:00:00-04:00,147.14219275299646,148.16504677737086,143.55723350206145,147.4103240966797,33170200,0.0,0.0
2017-06-13 00:00:00-04:00,149.10841289609826,150.13126663908113,147.86708406695013,149.63473510742188,20483400,0.0,0.0
2017-06-14 00:00:00-04:00,150.21070608487213,151.3427973150333,148.01604530896012,149.2077178955078,20808800,0.0,0.0
2017-06-15 00:00:00-04:00,146.64563488007298,148.99918971810456,145.3546497427064,148.7608642578125,18994200,0.0,0.0
2017-06-16 00:00:00-04:00,148.55232755660828,149.78373143856587,147.56920463946793,149.5950469970703,22882400,0.0,0.0
2017-06-19 00:00:00-04:00,150.65761334506806,152.50471136348983,150.65761334506806,151.80955505371094,19026500,0.0,0.0
2017-06-20 00:00:00-04:00,151.81948221963026,152.77281425122555,151.1541318019916,151.19384765625,14743900,0.0,0.0
2017-06-21 00:00:00-04:00,151.3030953474221,153.01116510097424,150.82642929964538,152.84234619140625,15039800,0.0,0.0
2017-06-22 00:00:00-04:00,151.9485672343742,153.47789277081242,151.8492700241382,152.3358612060547,13005500,0.0,0.0
2017-06-23 00:00:00-04:00,151.66060403031415,154.1233963759456,151.59108233706706,153.9943084716797,18027000,0.0,0.0
2017-06-26 00:00:00-04:00,155.16610276172267,155.4143685261414,152.13725740522588,152.52455139160156,18049700,0.0,0.0
2017-06-27 00:00:00-04:00,151.77979433482105,152.24653530789544,149.3467922291219,149.5354766845703,19360800,0.0,0.0
2017-06-28 00:00:00-04:00,149.8730881809172,152.40540223388905,148.820443670593,152.177001953125,16719100,0.0,0.0
2017-06-29 00:00:00-04:00,151.22365227180285,151.44212737270695,147.8869595478341,149.99224853515625,23973500,0.0,0.0
2017-06-30 00:00:00-04:00,150.8462945515296,150.8661600584235,149.0190618937829,149.93267822265625,17666000,0.0,0.0
2017-07-03 00:00:00-04:00,150.6675308488081,151.09454069735662,146.77472541580732,147.4003448486328,13862700,0.0,0.0
2017-07-05 00:00:00-04:00,147.96640295505324,149.80357576432908,147.10244290083384,149.29710388183594,14334300,0.0,0.0
2017-07-06 00:00:00-04:00,147.99617817767583,148.99916635600582,146.9733244964559,147.7876434326172,14951800,0.0,0.0
2017-07-07 00:00:00-04:00,148.21466994405515,150.9356683347701,148.15508858161346,150.3894805908203,13615900,0.0,0.0
2017-07-10 00:00:00-04:00,150.63775401754785,152.91186199952614,150.4589947682065,152.43519592285156,13378700,0.0,0.0
2017-07-11 00:00:00-04:00,152.3061028981342,154.3418855523877,151.84930229749614,154.19293212890625,13667700,0.0,0.0
2017-07-12 00:00:00-04:00,155.40447382884113,158.05595089449335,155.11647699998665,157.79774475097656,22739400,0.0,0.0
2017-07-13 00:00:00-04:00,157.63883053784087,158.6716094197859,157.3210430954336,158.15521240234375,13929200,0.0,0.0
2017-07-14 00:00:00-04:00,159.01921479335655,159.20789922550503,158.224761204125,158.86032104492188,16371200,0.0,0.0
2017-07-17 00:00:00-04:00,159.13836055183071,159.6646827785501,157.70834727435164,158.62196350097656,12858800,0.0,0.0
2017-07-18 00:00:00-04:00,158.55245627576127,162.59421516462118,158.3141156795693,161.73025512695312,23722900,0.0,0.0
2017-07-19 00:00:00-04:00,162.45518556660878,164.55054927083134,162.03810089149994,163.00137329101562,26273600,0.0,0.0
2017-07-20 00:00:00-04:00,163.65680315686518,163.85541274778956,161.6806021177575,163.388671875,18523100,0.0,0.0
2017-07-21 00:00:00-04:00,163.02123629970262,163.90506182096115,162.61407680656535,163.2893524169922,14744000,0.0,0.0
2017-07-24 00:00:00-04:00,163.49789862263336,165.01728386460124,163.17018600043292,164.8484649658203,17367000,0.0,0.0
2017-07-25 00:00:00-04:00,163.86533734700834,164.3916595799285,162.72332083850765,164.1334686279297,15383200,0.0,0.0
2017-07-26 00:00:00-04:00,164.85838552632595,164.85838552632595,162.9616466855062,164.46116638183594,35236900,0.0,0.0
2017-07-27 00:00:00-04:00,173.48810283124374,174.2726310858125,166.33805227164726,169.25765991210938,68910700,0.0,0.0
2017-07-28 00:00:00-04:00,167.8971952364789,172.22693605440938,167.87732973051428,171.2537384033203,24557600,0.0,0.0
2017-07-31 00:00:00-04:00,170.80685122784342,171.5218578638231,167.38078660298925,168.075927734375,25478900,0.0,0.0
2017-08-01 00:00:00-04:00,168.64197054757364,169.287455454059,167.87730777382905,168.6816864013672,14385000,0.0,0.0
2017-08-02 00:00:00-04:00,169.11864289838718,169.36690866448788,165.75215971617925,168.12557983398438,17433800,0.0,0.0
2017-08-03 00:00:00-04:00,168.12558316597753,168.522802338435,167.0828638971015,167.42050170898438,10793800,0.0,0.0
2017-08-04 00:00:00-04:00,167.79787441657024,168.88030956658835,167.51981795882136,168.443359375,10777700,0.0,0.0
2017-08-07 00:00:00-04:00,168.77108550721096,170.86644943674585,168.48310385043376,170.78700256347656,12787800,0.0,0.0
2017-08-08 00:00:00-04:00,170.68770597592456,171.8495880900743,169.4364366584235,170.04220581054688,14393500,0.0,0.0
2017-08-09 00:00:00-04:00,168.800880884643,170.26068502155996,168.38379615308702,169.9925537109375,10815000,0.0,0.0
2017-08-10 00:00:00-04:00,168.88033671625692,169.40665903539033,165.69261211568985,166.23878479003906,20832700,0.0,0.0
2017-08-11 00:00:00-04:00,166.7849594365857,167.64893471436662,165.6925990212719,166.9140625,13791200,0.0,0.0
2017-08-14 00:00:00-04:00,168.91012636907018,169.89326445218367,168.11567272995305,169.5655517578125,12954200,0.0,0.0
2017-08-15 00:00:00-04:00,170.30038808837904,170.31031326383177,168.83064386263294,169.81378173828125,8729200,0.0,0.0
2017-08-16 00:00:00-04:00,170.062068714815,170.19117177650332,168.06601718817015,168.82073974609375,15779900,0.0,0.0
2017-08-17 00:00:00-04:00,168.16530282350945,168.68169988172968,165.6925853861254,165.75216674804688,17216000,0.0,0.0
2017-08-18 00:00:00-04:00,165.6826497427864,167.49995709748833,165.0570302719775,166.2487030029297,15093600,0.0,0.0
2017-08-21 00:00:00-04:00,166.00045553987138,166.8346250283067,164.669754429328,166.61614990234375,11907500,0.0,0.0
2017-08-22 00:00:00-04:00,167.11264473861345,168.69161131263925,165.99047867072557,168.4632110595703,11391000,0.0,0.0
2017-08-23 00:00:00-04:00,167.66877601385337,168.18517308668328,167.0332162138092,167.53968811035156,9856500,0.0,0.0
2017-08-24 00:00:00-04:00,167.70852274790806,168.11566715504102,165.2556553631807,166.57643127441406,14030400,0.0,0.0
2017-08-25 00:00:00-04:00,166.69558565111055,167.21198274645053,165.02723163268192,165.16627502441406,12614500,0.0,0.0
2017-08-28 00:00:00-04:00,165.7521823451852,166.5366956058741,165.1762038708444,166.07989501953125,8553700,0.0,0.0
2017-08-29 00:00:00-04:00,164.1036672848572,167.26160047720026,163.8554015249709,166.88424682617188,11121000,0.0,0.0
2017-08-30 00:00:00-04:00,167.00344183498467,168.99949347538364,166.46719435723085,168.74130249023438,11138300,0.0,0.0
2017-08-31 00:00:00-04:00,169.21796781086434,170.9558284580244,168.88032995040797,170.77708435058594,17226500,0.0,0.0
2017-09-01 00:00:00-04:00,171.20409016339514,171.72048727186143,170.12165490865814,170.8267364501953,11677600,0.0,0.0
2017-09-05 00:00:00-04:00,170.0819238274325,171.19414966649737,168.37385405861684,169.53573608398438,13210900,0.0,0.0
2017-09-06 00:00:00-04:00,169.72441779282607,171.28351897786388,168.39371687760854,170.89622497558594,13906300,0.0,0.0
2017-09-07 00:00:00-04:00,170.74730452425675,172.10779638275184,169.08889064814304,172.0084991455078,18049500,0.0,0.0
2017-09-08 00:00:00-04:00,171.88929946283218,172.28653382029586,169.6151914840004,169.76414489746094,10998500,0.0,0.0
2017-09-11 00:00:00-04:00,171.2040805260125,172.68375007048493,171.00547092714922,172.30638122558594,12372000,0.0,0.0
2017-09-12 00:00:00-04:00,172.5546465230831,172.79298713280784,170.5585950578146,171.7602081298828,11186300,0.0,0.0
2017-09-13 00:00:00-04:00,171.80986310156342,171.96875685426897,170.8664560684053,171.84959411621094,9119300,0.0,0.0
2017-09-14 00:00:00-04:00,171.06503293334384,171.08489843686448,169.3172474470135,169.77406311035156,15615700,0.0,0.0
2017-09-15 00:00:00-04:00,169.6946335507021,171.14449724380384,169.07892410230215,170.44935607910156,15660500,0.0,0.0
2017-09-18 00:00:00-04:00,170.7969338744533,170.87638074352748,168.16530747754663,168.83065795898438,12954000,0.0,0.0
2017-09-19 00:00:00-04:00,169.4364434760632,171.36298856698875,169.1782524912883,171.32327270507812,13168600,0.0,0.0
2017-09-20 00:00:00-04:00,171.30337485386633,171.84956255790132,169.51585834654242,170.9756622314453,12264100,0.0,0.0
2017-09-21 00:00:00-04:00,170.4990437291416,171.07502227273633,168.83068947304935,169.92306518554688,11161400,0.0,0.0
2017-09-22 00:00:00-04:00,169.02928187210077,170.53872691822158,168.04614391922902,169.3569793701172,12097100,0.0,0.0
2017-09-25 00:00:00-04:00,168.06602695358538,168.1256083230753,160.43929344708368,161.74020385742188,41251600,0.0,0.0
2017-09-26 00:00:00-04:00,163.3588892408583,164.3519523973377,161.65081939947848,163.07090759277344,23363300,0.0,0.0
2017-09-27 00:00:00-04:00,164.74916406013335,167.1722404755381,164.42146656807827,166.51681518554688,19242500,0.0,0.0
2017-09-28 00:00:00-04:00,166.77501139227604,167.89717749007715,166.0004234238819,167.5595245361328,12178700,0.0,0.0
2017-09-29 00:00:00-04:00,167.65885026241537,170.46922074212407,167.63898475696752,169.6846923828125,15340400,0.0,0.0
2017-10-02 00:00:00-04:00,170.2010978223,170.67776390589935,167.57941163309107,168.29441833496094,13392300,0.0,0.0
2017-10-03 00:00:00-04:00,168.1255805971883,169.5456535123196,168.02626822912126,168.781005859375,8190300,0.0,0.0
2017-10-04 00:00:00-04:00,168.65193178882757,169.486101273332,167.12260591429364,167.251708984375,12127900,0.0,0.0
2017-10-05 00:00:00-04:00,168.00641646450137,170.12164582320582,167.43045317201788,170.05213928222656,14580600,0.0,0.0
2017-10-06 00:00:00-04:00,169.0690173394529,171.17430656839463,168.5724857173106,171.0352783203125,13124500,0.0,0.0
2017-10-09 00:00:00-04:00,171.50203065197186,173.66691654787763,170.80688936537592,171.3034210205078,14570400,0.0,0.0
2017-10-10 00:00:00-04:00,171.79995744008042,171.9985670770524,169.61522112750058,170.3997344970703,11341100,0.0,0.0
2017-10-11 00:00:00-04:00,170.75720441941772,171.58144864651447,170.21101666014383,171.54173278808594,11283700,0.0,0.0
2017-10-12 00:00:00-04:00,171.41265449283765,172.6440584231856,171.09486696773757,171.3530731201172,10351000,0.0,0.0
2017-10-13 00:00:00-04:00,172.24680848508078,173.43848129086487,171.99854268583653,172.53480529785156,13658300,0.0,0.0
2017-10-16 00:00:00-04:00,173.27959652441825,173.78605328178057,172.8525714853964,173.30938720703125,11498800,0.0,0.0
2017-10-17 00:00:00-04:00,173.4980690956778,174.90821694619504,173.15049093301928,174.8883514404297,15990100,0.0,0.0
2017-10-18 00:00:00-04:00,175.42459320815635,175.51398040474353,174.53084246580923,174.80889892578125,12752400,0.0,0.0
2017-10-19 00:00:00-04:00,173.71651907055272,174.80889453079334,171.43248608576994,173.34909057617188,14048400,0.0,0.0
2017-10-20 00:00:00-04:00,174.28260197153887,174.65997085893744,173.4186417850661,173.76620483398438,12602200,0.0,0.0
2017-10-23 00:00:00-04:00,173.98467082716962,174.12369907002503,170.06207419030287,170.08193969726562,13852700,0.0,0.0
2017-10-24 00:00:00-04:00,171.10474679973046,172.038228383475,170.31029342082417,170.60821533203125,12267900,0.0,0.0
2017-10-25 00:00:00-04:00,170.70753480348756,171.0551129373955,167.71842043305062,169.41656494140625,15868200,0.0,0.0
2017-10-26 00:00:00-04:00,170.19114737208943,171.09482321550115,169.20800951477946,169.44635009765625,11833100,0.0,0.0
2017-10-27 00:00:00-04:00,172.9419360451542,176.97378503519025,172.69367026550114,176.6460723876953,30285300,0.0,0.0
2017-10-30 00:00:00-04:00,178.0164995330815,179.4365877547568,176.37795135332073,178.6222686767578,24353200,0.0,0.0
2017-10-31 00:00:00-04:00,179.31741549441264,179.54581577000775,177.69871775407086,178.81094360351562,20174200,0.0,0.0
2017-11-01 00:00:00-04:00,181.09497661692254,181.63122399133698,179.31740044225856,181.3928985595703,40918300,0.0,0.0
2017-11-02 00:00:00-04:00,179.3770082417449,180.67791859170026,176.1098218722337,177.67886352539062,35529900,0.0,0.0
2017-11-03 00:00:00-04:00,178.04629205548565,178.61234534525096,175.4842023686857,177.67886352539062,17822100,0.0,0.0
2017-11-06 00:00:00-05:00,177.32136416072032,179.19825301946605,177.0730983584897,178.92019653320312,13312700,0.0,0.0
2017-11-07 00:00:00-05:00,179.24791485790405,179.49618066795657,177.71860413527537,178.99964904785156,12928200,0.0,0.0
2017-11-08 00:00:00-05:00,178.5428228965504,179.09895100716585,177.86754720592984,178.31442260742188,10494100,0.0,0.0
2017-11-09 00:00:00-05:00,177.07309064860945,178.15552586249888,175.8615523742399,178.0562286376953,12610300,0.0,0.0
2017-11-10 00:00:00-05:00,177.11280835230295,177.85760567060038,176.7255143529059,177.2220458984375,11070200,0.0,0.0
2017-11-13 00:00:00-05:00,176.2687127572504,177.79802337246977,176.070103153746,177.5299072265625,9523400,0.0,0.0
2017-11-14 00:00:00-05:00,176.89435920176228,177.7285286838815,175.95093700454626,176.83477783203125,9585900,0.0,0.0
2017-11-15 00:00:00-05:00,175.4345314361276,177.33128559981677,175.17632533143126,176.715576171875,10253700,0.0,0.0
2017-11-16 00:00:00-05:00,177.51996352946998,178.58254837512075,177.26177256510624,178.34420776367188,15607600,0.0,0.0
2017-11-17 00:00:00-05:00,178.056222751695,178.73149840862558,177.65898840678804,177.75830078125,13018000,0.0,0.0
2017-11-20 00:00:00-05:00,177.62919471260574,178.25482932463598,176.86454702339165,177.50010681152344,10052400,0.0,0.0
2017-11-21 00:00:00-05:00,177.9072571635059,180.62825564806863,177.74837857582853,180.5984649658203,14504000,0.0,0.0
2017-11-22 00:00:00-05:00,180.04236625406278,180.4693761686598,179.18833127192642,179.61534118652344,10376300,0.0,0.0
2017-11-24 00:00:00-05:00,179.1485897679096,181.8795134848164,179.0393522131157,181.5120849609375,9426300,0.0,0.0
2017-11-27 00:00:00-05:00,181.29358935093973,182.4554713098505,180.727551287699,181.7603302001953,12344500,0.0,0.0
2017-11-28 00:00:00-05:00,182.23700669132907,182.97187885113578,180.82685888705717,181.15457153320312,14379700,0.0,0.0
2017-11-29 00:00:00-05:00,180.6282628351735,180.7077097086439,172.79299488033791,173.9151611328125,41933500,0.0,0.0
2017-11-30 00:00:00-05:00,175.62324544849002,177.04331865188746,173.98468196040497,175.95094299316406,25307600,0.0,0.0
2017-12-01 00:00:00-05:00,174.80891749824622,176.24885613743112,171.1445117900075,173.8853759765625,20182500,0.0,0.0
2017-12-04 00:00:00-05:00,175.06710483959617,175.3451764762692,169.60525724025476,170.28054809570312,24459400,0.0,0.0
2017-12-05 00:00:00-05:00,169.26760840434804,174.16341754157304,167.83759506485077,171.631103515625,20184900,0.0,0.0
2017-12-06 00:00:00-05:00,171.30338192872622,175.5437655387127,170.7075380173633,174.83868408203125,20255800,0.0,0.0
2017-12-07 00:00:00-05:00,174.5805056625896,179.13866190688987,174.5805056625896,178.89039611816406,20404500,0.0,0.0
2017-12-08 00:00:00-05:00,180.27074929514077,181.0155466447829,177.5001098217661,177.75830078125,19883800,0.0,0.0
2017-12-11 00:00:00-05:00,178.05621024467848,178.96982644437904,177.55967871312777,177.79800415039062,13168600,0.0,0.0
2017-12-12 00:00:00-05:00,177.3611060666871,177.93706942864375,175.37497952687175,175.73248291015625,16854100,0.0,0.0
2017-12-13 00:00:00-05:00,176.07007784144264,177.91717567907847,176.0204216594699,177.06314086914062,14615700,0.0,0.0
2017-12-14 00:00:00-05:00,177.05324498417238,179.10889324091858,176.4474757791013,177.15255737304688,13591000,0.0,0.0
2017-12-15 00:00:00-05:00,177.77815782426055,179.2379617723058,177.12273255106876,178.9300994873047,28463100,0.0,0.0
2017-12-18 00:00:00-05:00,179.7543430853062,180.04233986484087,178.50308905657448,179.565673828125,17265400,0.0,0.0
2017-12-19 00:00:00-05:00,178.7017207425649,178.83082380818047,176.98372564041753,178.2647705078125,14920600,0.0,0.0
2017-12-20 00:00:00-05:00,178.5626853182931,178.5626853182931,176.1296835940303,176.656005859375,11860500,0.0,0.0
2017-12-21 00:00:00-05:00,176.70564627959814,177.44050325842102,175.8218207475171,176.2190399169922,11600700,0.0,0.0
2017-12-22 00:00:00-05:00,175.91121331065597,176.2985073496074,175.00752216878868,175.97079467773438,8509500,0.0,0.0
2017-12-26 00:00:00-05:00,175.40472476099632,175.77215322671054,173.45831458904578,174.7691650390625,8897300,0.0,0.0
2017-12-27 00:00:00-05:00,175.32529352058748,177.20218217545033,175.037296735637,176.3878631591797,9496100,0.0,0.0
2017-12-28 00:00:00-05:00,176.7156122201389,177.6987503478494,176.44748088477357,176.68582153320312,12220800,0.0,0.0
2017-12-29 00:00:00-05:00,176.7652419913627,177.6093517362058,175.23593139648438,175.23593139648438,10261500,0.0,0.0
2018-01-02 00:00:00-05:00,176.4474526579683,180.32040802242759,176.3183647528784,180.16151428222656,18151900,0.0,0.0
2018-01-03 00:00:00-05:00,180.61832239618496,183.49819933966575,180.07213465781712,183.3889617919922,16886600,0.0,0.0
2018-01-04 00:00:00-05:00,183.6173686771465,184.91829412009614,182.82293028684023,183.05133056640625,13880900,0.0,0.0
2018-01-05 00:00:00-05:00,184.3025638935398,185.60347403690517,183.64713865777213,185.5538330078125,13574500,0.0,0.0
2018-01-08 00:00:00-05:00,185.90141274321354,187.58961701399005,185.0374526791032,186.9739227294922,17994700,0.0,0.0
2018-01-09 00:00:00-05:00,187.39103203465706,187.49034442072295,185.80213992820117,186.56678771972656,12393100,0.0,0.0
2018-01-10 00:00:00-05:00,185.64322130280325,186.58662823227942,184.3423110455009,186.53697204589844,10529900,0.0,0.0
2018-01-11 00:00:00-05:00,187.09310303993448,187.09310303993448,186.08018947402766,186.4674835205078,9588600,0.0,0.0
2018-01-12 00:00:00-05:00,176.8248221194416,180.22109627514337,176.16939680353218,178.125732421875,77551300,0.0,0.0
2018-01-16 00:00:00-05:00,180.24098477054977,180.48925058979296,176.8049791649292,177.15255737304688,36183800,0.0,0.0
2018-01-17 00:00:00-05:00,178.01651549647724,178.0761120208719,174.58052508391975,176.3680419921875,27992400,0.0,0.0
2018-01-18 00:00:00-05:00,176.8943360637807,179.72455682640532,175.85161677104932,178.55274963378906,23304900,0.0,0.0
2018-01-19 00:00:00-05:00,179.59547461560447,181.1049196756431,178.92018380205798,180.03240966796875,26826500,0.0,0.0
2018-01-22 00:00:00-05:00,179.54580096559303,184.10395669018,179.15850698545702,184.08409118652344,21059500,0.0,0.0
2018-01-23 00:00:00-05:00,184.759402843244,188.2351238824501,184.26287126621455,188.03651428222656,25678800,0.0,0.0
2018-01-24 00:00:00-05:00,188.5727785211352,189.3374414607203,185.22616024269337,185.25595092773438,24334500,0.0,0.0
2018-01-25 00:00:00-05:00,186.64621476657425,187.31156525428196,185.30558861478383,186.17947387695312,17377700,0.0,0.0
2018-01-26 00:00:00-05:00,186.4475844935367,188.68197631835938,185.51410281780716,188.68197631835938,17759200,0.0,0.0
2018-01-29 00:00:00-05:00,187.44068502512843,187.53005707929518,184.34233259047582,184.6898956298828,20453200,0.0,0.0
2018-01-30 00:00:00-05:00,186.3185072935063,186.87462024479393,180.57860337737924,185.8219757080078,20858600,0.0,0.0
2018-01-31 00:00:00-05:00,187.06331145688196,188.5131904064215,183.93516841595468,185.5935821533203,43275100,0.0,0.0
2018-02-01 00:00:00-05:00,186.91433689422146,193.96509092767525,186.58662425462194,191.75054931640625,54211300,0.0,0.0
2018-02-02 00:00:00-05:00,190.70783815624117,192.862798498052,188.66213051855547,188.96005249023438,26677500,0.0,0.0
2018-02-05 00:00:00-05:00,185.63327512405218,189.28775515477489,179.35712430913944,180.0026092529297,33128200,0.0,0.0
2018-02-06 00:00:00-05:00,177.3312999730723,184.48135186457367,176.50705571231177,184.0245361328125,37758500,0.0,0.0
2018-02-07 00:00:00-05:00,182.8725611493126,183.79611769843558,178.70169922044337,178.9300994873047,27601900,0.0,0.0
2018-02-08 00:00:00-05:00,179.75434837685123,180.57859257783755,170.2904581354756,170.3897705078125,38478300,0.0,0.0
2018-02-09 00:00:00-05:00,173.54771013067952,175.67286465933802,166.02028965737182,174.8883514404297,39887600,0.0,0.0
2018-02-12 00:00:00-05:00,175.83176430297976,176.31837071645086,170.64797328888466,175.186279296875,32092100,0.0,0.0
2018-02-13 00:00:00-05:00,174.40175031635505,174.74932848952264,171.899242020138,171.94888305664062,21809400,0.0,0.0
2018-02-14 00:00:00-05:00,172.24677379679287,178.5626550637472,172.00844837539682,178.27467346191406,28929700,0.0,0.0
2018-02-15 00:00:00-05:00,179.2478868027844,179.2478868027844,175.61327227578408,178.71163940429688,20922100,0.0,0.0
2018-02-16 00:00:00-05:00,177.7483668653608,178.63219240402876,175.07702474485308,176.12966918945312,20645300,0.0,0.0
2018-02-20 00:00:00-05:00,174.55072177264233,176.7155922611635,173.89529642819502,174.78904724121094,21204900,0.0,0.0
2018-02-21 00:00:00-05:00,175.48420002533416,180.01256567121982,175.17633771313297,176.67587280273438,23200800,0.0,0.0
2018-02-22 00:00:00-05:00,177.46038576290178,178.95992085014174,176.17934093862578,177.74838256835938,18464200,0.0,0.0
2018-02-23 00:00:00-05:00,178.65204095511,182.11783653849992,178.26474696235962,182.01852416992188,19007300,0.0,0.0
2018-02-26 00:00:00-05:00,183.29960799091424,184.37211806945996,181.9490414275169,183.6471710205078,17599700,0.0,0.0
2018-02-27 00:00:00-05:00,183.17046630707605,183.41873205570397,180.2012176513672,180.2012176513672,15849800,0.0,0.0
2018-02-28 00:00:00-05:00,181.03541005141068,181.61138848014247,176.90426382991816,177.08302307128906,18783000,0.0,0.0
2018-03-01 00:00:00-05:00,177.7682241048076,178.8705247769073,173.2001428330427,174.7195281982422,23201600,0.0,0.0
2018-03-02 00:00:00-05:00,172.08790385306338,175.88141229900526,171.78999703516504,175.39480590820312,20025900,0.0,0.0
2018-03-05 00:00:00-05:00,174.97772779793522,179.89338746655915,174.66988063922287,179.14859008789062,16189300,0.0,0.0
2018-03-06 00:00:00-05:00,180.5190243165728,181.11486828795566,177.86754743450814,178.53289794921875,15086800,0.0,0.0
2018-03-07 00:00:00-05:00,177.50011334717735,182.54487598063582,176.8347628533018,182.43563842773438,19097300,0.0,0.0
2018-03-08 00:00:00-05:00,182.28667255360858,183.12084197738199,180.1913086646202,181.07513427734375,17225900,0.0,0.0
2018-03-09 00:00:00-05:00,182.634248135514,184.22314008881534,181.93910695888587,183.94508361816406,18526300,0.0,0.0
2018-03-12 00:00:00-04:00,183.94508868540132,184.80906395645638,182.94210032813234,183.4783477783203,15301200,0.0,0.0
2018-03-13 00:00:00-04:00,184.32245324330077,184.69982209203795,179.85366903519062,180.6183319091797,18067500,0.0,0.0
2018-03-14 00:00:00-04:00,181.3333258083138,182.97187384123836,180.58852849281348,182.91229248046875,16821700,0.0,0.0
2018-03-15 00:00:00-04:00,181.9689004111685,182.7236229640044,180.92618105388345,182.5845947265625,15614300,0.0,0.0
2018-03-16 00:00:00-04:00,183.2102015546975,184.04437085269697,182.13769167743857,183.8060302734375,24403400,0.0,0.0
2018-03-19 00:00:00-04:00,175.78207279098072,175.9409665046272,168.880288104434,171.36294555664062,88140100,0.0,0.0
2018-03-20 00:00:00-04:00,166.3083057978216,169.0193642618624,160.8265923455127,166.98358154296875,129851800,0.0,0.0
2018-03-21 00:00:00-04:00,163.65680961347792,172.19714358368446,162.16721489336666,168.2149658203125,106598800,0.0,0.0
2018-03-22 00:00:00-04:00,164.97757371360785,169.08885424334605,162.5842880630345,163.7461700439453,73743000,0.0,0.0
2018-03-23 00:00:00-04:00,164.29236726490421,165.44432413670978,157.91690376486022,158.28433227539062,53609700,0.0,0.0
2018-03-26 00:00:00-04:00,159.7043988322858,159.9824552598746,147.98625240911795,158.9496612548828,126116600,0.0,0.0
2018-03-27 00:00:00-04:00,155.22570250912426,161.7203441613361,149.70427367883968,151.16407775878906,79117000,0.0,0.0
2018-03-28 00:00:00-04:00,150.5980280198768,154.7986962604457,149.753933392757,151.9684600830078,60029200,0.0,0.0
2018-03-29 00:00:00-04:00,154.0737219918404,160.30023139027026,153.07073379344348,158.68153381347656,59434300,0.0,0.0
2018-04-02 00:00:00-04:00,156.71528361031537,158.09564069755277,153.04095321254837,154.31207275390625,36796000,0.0,0.0
2018-04-03 00:00:00-04:00,155.4640345480855,156.29820393261704,149.7638467812387,155.02708435058594,42543900,0.0,0.0
2018-04-04 00:00:00-04:00,150.97541253606082,154.4809247786138,149.4659520747442,154.0241241455078,49885600,0.0,0.0
2018-04-05 00:00:00-04:00,160.43926613041484,160.44920645893228,155.56332285144333,158.2346649169922,41449600,0.0,0.0
2018-04-06 00:00:00-04:00,156.63584985674814,160.30025538543117,155.7222335569777,156.10952758789062,41644800,0.0,0.0
2018-04-09 00:00:00-04:00,156.72521974865288,159.41641216154866,154.95755355724538,156.83444213867188,34915200,0.0,0.0
2018-04-10 00:00:00-04:00,156.83444713933653,164.82860807546894,155.92083091134143,163.89512634277344,57889300,0.0,0.0
2018-04-11 00:00:00-04:00,164.21292770632033,167.48009889436995,162.11756379479976,165.16627502441406,56144600,0.0,0.0
2018-04-12 00:00:00-04:00,165.82168825462307,166.28842916906106,161.96861335746112,162.73326110839844,38263000,0.0,0.0
2018-04-13 00:00:00-04:00,163.438335026632,164.55056090556343,162.6339562996947,163.37875366210938,19990600,0.0,0.0
2018-04-16 00:00:00-04:00,164.57039464052286,164.62997599354307,162.2565561296292,163.6865692138672,18119400,0.0,0.0
2018-04-17 00:00:00-04:00,164.67965045004675,167.82765855850135,164.51083154677264,167.49002075195312,22743000,0.0,0.0
2018-04-18 00:00:00-04:00,165.72239075633624,166.9537794197021,164.62009000426215,165.20599365234375,20969600,0.0,0.0
2018-04-19 00:00:00-04:00,165.0471002776731,167.1623297357998,164.05403708087252,166.93392944335938,22235000,0.0,0.0
2018-04-20 00:00:00-04:00,166.62606105519114,167.26162087187814,164.65980023996286,165.1265411376953,19119400,0.0,0.0
2018-04-23 00:00:00-04:00,166.10967864929586,167.281485902097,163.94479308574589,164.68959045410156,23088100,0.0,0.0
2018-04-24 00:00:00-04:00,164.28243303299078,164.94779869185714,157.09266537598995,158.58226013183594,35079900,0.0,0.0
2018-04-25 00:00:00-04:00,159.02913552800146,159.94275182656736,155.10653903486195,158.58226013183594,41083600,0.0,0.0
2018-04-26 00:00:00-04:00,172.01839203733653,175.04723753424813,169.61518114470482,172.95187377929688,77556900,0.0,0.0
2018-04-27 00:00:00-04:00,175.58348284951006,175.87147963179962,171.40269571837328,172.3858184814453,29804700,0.0,0.0
2018-04-30 00:00:00-04:00,172.58443054066007,174.50105021494917,170.5188726145736,170.80685424804688,20750500,0.0,0.0
2018-05-01 00:00:00-04:00,170.80684800689198,172.81283965072635,169.04912213050952,172.65394592285156,26025900,0.0,0.0
2018-05-02 00:00:00-04:00,173.04123553894627,176.84466881849937,172.99157935612337,174.84861755371094,30424500,0.0,0.0
2018-05-03 00:00:00-04:00,173.9151516378394,174.89827444336046,170.92602190435747,172.81285095214844,24026100,0.0,0.0
2018-05-04 00:00:00-04:00,171.87937590474584,175.75231622060258,171.85951039845025,175.3848876953125,17677800,0.0,0.0
2018-05-07 00:00:00-04:00,176.11974883522183,178.25482846315865,175.94098959567398,176.73544311523438,18697200,0.0,0.0
2018-05-08 00:00:00-04:00,177.01351300873185,177.79802625883946,175.8814215821429,177.67886352539062,15577200,0.0,0.0
2018-05-09 00:00:00-04:00,178.4236346143152,181.74046153187652,177.5398091146551,181.3928985595703,23282800,0.0,0.0
2018-05-10 00:00:00-04:00,181.87950118265704,184.83884013856513,181.23401622713382,184.2429962158203,21071400,0.0,0.0
2018-05-11 00:00:00-04:00,183.56771670512563,187.0136468107041,182.9023511058294,185.69287109375,21207800,0.0,0.0
2018-05-14 00:00:00-04:00,186.4078912443324,186.55684465620774,184.90835618439513,185.34530639648438,15646700,0.0,0.0
2018-05-15 00:00:00-04:00,183.5975100039146,184.0046543569657,181.92915612341014,183.04139709472656,15429400,0.0,0.0
2018-05-16 00:00:00-04:00,182.4257002834092,183.04140974938363,181.39292125964974,181.92916870117188,16975500,0.0,0.0
2018-05-17 00:00:00-04:00,181.41276527006735,182.78319723806908,180.95596471602732,182.4852752685547,14840700,0.0,0.0
2018-05-18 00:00:00-04:00,182.21715936753333,182.91230052866533,181.34325896328693,181.4127655029297,13130500,0.0,0.0
2018-05-21 00:00:00-04:00,182.495198479535,184.01458371330392,181.85963874222602,183.210205078125,13532900,0.0,0.0
2018-05-22 00:00:00-04:00,183.64712950037847,184.1337358153247,182.15753503133243,182.5249786376953,12731400,0.0,0.0
2018-05-23 00:00:00-04:00,181.23402848046132,185.613440695791,180.91624099272752,185.60350036621094,16628100,0.0,0.0
2018-05-24 00:00:00-04:00,184.59060248993097,185.50421886519584,183.74649266291118,184.64024353027344,12354700,0.0,0.0
2018-05-25 00:00:00-04:00,184.7295823858203,185.03742948948863,183.17046621183712,183.63720703125,10965100,0.0,0.0
2018-05-29 00:00:00-04:00,183.0612558549565,185.51412302653,182.43563637985392,184.45155334472656,16398900,0.0,0.0
2018-05-30 00:00:00-04:00,185.24599782684075,186.69587672830158,183.96495299956314,186.3681640625,13736900,0.0,0.0
2018-05-31 00:00:00-04:00,186.56678046598967,191.38314309701488,186.17948642009893,190.4496612548828,30782600,0.0,0.0
2018-06-01 00:00:00-04:00,191.73070138665275,193.20043054253244,190.73763827942096,192.64431762695312,17307200,0.0,0.0
2018-06-04 00:00:00-04:00,190.50922617812193,192.6343806585542,190.14179767097724,191.93923950195312,18939800,0.0,0.0
2018-06-05 00:00:00-04:00,192.95215941205805,193.64730053724477,191.28380555866988,191.60159301757812,15544300,0.0,0.0
2018-06-06 00:00:00-04:00,189.70483293316178,191.19442750583673,187.7981536984906,190.01268005371094,22558900,0.0,0.0
2018-06-07 00:00:00-04:00,189.42678266255095,189.6452577525621,185.4743958437912,186.87460327148438,21503200,0.0,0.0
2018-06-08 00:00:00-04:00,186.22913731497124,188.16560748935305,185.136761753555,187.7882537841797,12677100,0.0,0.0
2018-06-11 00:00:00-04:00,187.50026067214586,191.2639786919079,187.49033549518882,190.21131896972656,12928900,0.0,0.0
2018-06-12 00:00:00-04:00,190.83693786009906,191.93923852888557,190.23116875107328,191.06533813476562,11562700,0.0,0.0
2018-06-13 00:00:00-04:00,191.4029842424792,193.1507698150531,190.5787400645043,191.0752716064453,15853800,0.0,0.0
2018-06-14 00:00:00-04:00,191.76050724972015,195.9115040931808,191.57182281993707,195.44476318359375,19120900,0.0,0.0
2018-06-15 00:00:00-04:00,194.43181278878768,195.70294746550442,193.2897963137029,194.4914093017578,21860900,0.0,0.0
2018-06-18 00:00:00-04:00,193.44871038469225,198.19555117016031,192.78335987282324,196.93435668945312,16826000,0.0,0.0
2018-06-19 00:00:00-04:00,194.87871199437944,196.58678177187983,192.4456952296434,196.1200408935547,19994000,0.0,0.0
2018-06-20 00:00:00-04:00,197.71889286906236,202.1380211609003,197.43089605004315,200.59877014160156,28230900,0.0,0.0
2018-06-21 00:00:00-04:00,201.35347270374544,201.97910731812365,198.7019959923883,200.1022186279297,19045700,0.0,0.0
2018-06-22 00:00:00-04:00,199.76458248044904,200.8370924771239,197.92740963233234,200.34056091308594,17420200,0.0,0.0
2018-06-25 00:00:00-04:00,198.61261980694115,198.61261980694115,191.77041566070966,194.98794555664062,25275100,0.0,0.0
2018-06-26 00:00:00-04:00,196.22928551508667,197.71888024778335,194.868778688557,197.61956787109375,17897600,0.0,0.0
2018-06-27 00:00:00-04:00,197.79833401889405,199.35745061969354,194.44179048431707,194.48150634765625,18734400,0.0,0.0
2018-06-28 00:00:00-04:00,193.82602473917663,195.97104440799166,191.91934564009833,194.86874389648438,18172400,0.0,0.0
2018-06-29 00:00:00-04:00,195.95120447267877,196.22926090901345,192.61451208372347,192.97201538085938,15811600,0.0,0.0
2018-07-02 00:00:00-04:00,192.028623959909,196.08032358836755,190.8866073540216,195.99095153808594,13961600,0.0,0.0
2018-07-03 00:00:00-04:00,193.2004333018475,194.0445278632857,191.1845163776106,191.39305114746094,13489500,0.0,0.0
2018-07-05 00:00:00-04:00,193.3891237077156,197.27198911644638,192.6840422023842,197.07337951660156,19684200,0.0,0.0
2018-07-06 00:00:00-04:00,197.0733802739101,202.22738047792387,196.32858290692408,201.82022094726562,19740100,0.0,0.0
2018-07-09 00:00:00-04:00,203.50843246141565,204.3724077415996,200.71792731913249,203.31976318359375,18149400,0.0,0.0
2018-07-10 00:00:00-04:00,203.08142963928037,203.4885891984907,200.85696255883246,202.12808227539062,13190100,0.0,0.0
2018-07-11 00:00:00-04:00,200.81723742762458,203.08142026529077,200.35049652089202,201.135009765625,12927400,0.0,0.0
2018-07-12 00:00:00-04:00,202.01880839249557,205.643497606073,201.78048295907954,205.48460388183594,15454700,0.0,0.0
2018-07-13 00:00:00-04:00,206.36844242220712,206.98413670133957,205.0178759867671,205.88185119628906,11486800,0.0,0.0
2018-07-16 00:00:00-04:00,206.0605964940054,207.27213470731385,205.40517120098139,205.79246520996094,11078200,0.0,0.0
2018-07-17 00:00:00-04:00,203.4786374042448,209.00008135608186,203.41905603853525,208.53334045410156,15349900,0.0,0.0
2018-07-18 00:00:00-04:00,208.3645305889453,209.52641272960082,206.99409850630147,207.90771484375,15334900,0.0,0.0
2018-07-19 00:00:00-04:00,207.32179043044025,208.5333286410416,206.3187869880093,206.64649963378906,11350400,0.0,0.0
2018-07-20 00:00:00-04:00,207.40123793545908,210.03284913292228,207.05365978351912,208.48367309570312,16163900,0.0,0.0
2018-07-23 00:00:00-04:00,209.11923254417522,210.15201151632886,207.35158141197147,209.4469451904297,16732000,0.0,0.0
2018-07-24 00:00:00-04:00,213.61781263279005,214.70024781858933,211.12522960666732,213.1808624267578,28468700,0.0,0.0
2018-07-25 00:00:00-04:00,214.22359020850868,217.1034673667331,212.78365162939647,215.99124145507812,58954200,0.0,0.0
2018-07-26 00:00:00-04:00,173.67680091404776,178.88045689209585,172.54470961249203,175.03729248046875,169803700,0.0,0.0
2018-07-27 00:00:00-04:00,178.62225354520353,178.68183490626512,171.79991495072542,173.6768035888672,60073700,0.0,0.0
2018-07-30 00:00:00-04:00,174.08396020571564,174.08396020571564,165.40458346879407,169.8733673095703,65280800,0.0,0.0
2018-07-31 00:00:00-04:00,169.4860736437764,173.03131610438982,168.82072320010525,171.38282775878906,40356500,0.0,0.0
2018-08-01 00:00:00-04:00,172.72345693763768,173.86548858929783,169.7144769703209,170.4592742919922,34042100,0.0,0.0
2018-08-02 00:00:00-04:00,169.49601358173788,175.56363012074144,169.08886920067656,175.14654541015625,32400000,0.0,0.0
2018-08-03 00:00:00-04:00,176.45741139143414,177.6093683986265,174.9280855001409,176.54678344726562,24763400,0.0,0.0
2018-08-06 00:00:00-04:00,177.7285155745118,184.5011984696972,177.14261194478343,184.4019012451172,49716200,0.0,0.0
2018-08-07 00:00:00-04:00,185.20628503395105,186.9938018074944,182.4455705765114,182.53494262695312,33398600,0.0,0.0
2018-08-08 00:00:00-04:00,183.46842162661105,185.55386035580324,182.48528362805902,183.8954315185547,22205200,0.0,0.0
2018-08-09 00:00:00-04:00,184.5608105491563,185.27581729935966,181.2141771021664,181.8199462890625,19732100,0.0,0.0
2018-08-10 00:00:00-04:00,180.77718772838168,180.83678423878732,178.17536743275696,179.00953674316406,21500400,0.0,0.0
2018-08-13 00:00:00-04:00,178.8506663162982,181.34324918572818,177.6589785009637,178.80101013183594,17423300,0.0,0.0
2018-08-14 00:00:00-04:00,179.45646423802907,180.72758396924198,177.38095055631865,179.8536834716797,19102000,0.0,0.0
2018-08-15 00:00:00-04:00,178.09595301619566,179.61533852013596,173.5675871885351,178.28463745117188,33020200,0.0,0.0
2018-08-16 00:00:00-04:00,179.16845107229676,179.2478979423693,172.80291266655718,173.48812866210938,31351800,0.0,0.0
2018-08-17 00:00:00-04:00,173.28953209336797,174.9976020460079,170.84658990200643,172.59439086914062,24893200,0.0,0.0
2018-08-20 00:00:00-04:00,172.8327318510189,173.35906934616682,169.72445399389483,171.3034210205078,21518000,0.0,0.0
2018-08-21 00:00:00-04:00,171.6112155234091,172.9617818167503,170.20106787421943,171.4225311279297,19578500,0.0,0.0
2018-08-22 00:00:00-04:00,171.01542793298862,173.03134510626717,170.93598105510787,172.4355010986328,16894100,0.0,0.0
2018-08-23 00:00:00-04:00,171.88929171697956,174.33223365823537,171.63110076096905,171.7006072998047,18053600,0.0,0.0
2018-08-24 00:00:00-04:00,172.4950544058899,173.60729536232932,171.72046641374712,173.43846130371094,14631600,0.0,0.0
2018-08-27 00:00:00-04:00,174.76919977537796,177.43060190465033,174.57057501103293,176.22900390625,17921900,0.0,0.0
2018-08-28 00:00:00-04:00,176.864540058211,177.0035682828603,174.6102826308102,175.03729248046875,15910700,0.0,0.0
2018-08-29 00:00:00-04:00,175.0770286457498,175.56361986988395,173.53777780062114,174.67979431152344,18494100,0.0,0.0
2018-08-30 00:00:00-04:00,174.67979483756682,178.5428097260263,174.48118524632577,176.40773010253906,24216500,0.0,0.0
2018-08-31 00:00:00-04:00,175.92111882671446,176.3878596872551,173.76617375821024,174.51097106933594,18065200,0.0,0.0
2018-09-04 00:00:00-04:00,172.29645082499624,172.6837448345659,167.6290572049937,169.97268676757812,29809000,0.0,0.0
2018-09-05 00:00:00-04:00,168.3142828503275,169.9429058498989,165.51383742566972,166.02029418945312,31226700,0.0,0.0
2018-09-06 00:00:00-04:00,165.8217011683803,165.8217011683803,158.89012376208345,161.40257263183594,41514800,0.0,0.0
2018-09-07 00:00:00-04:00,159.19793863845442,163.48797838265241,159.04898523883918,161.90899658203125,24300600,0.0,0.0
2018-09-10 00:00:00-04:00,162.37575665912632,163.8653514433675,161.0351304450743,163.04110717773438,20197700,0.0,0.0
2018-09-11 00:00:00-04:00,162.80278351114953,166.03023891270928,162.58430839480857,164.78890991210938,20457100,0.0,0.0
2018-09-12 00:00:00-04:00,162.11756494310168,163.3489687474988,160.6776263555124,160.87623596191406,24078100,0.0,0.0
2018-09-13 00:00:00-04:00,160.87622139579904,162.18707195465765,159.74413007357586,160.24066162109375,25453800,0.0,0.0
2018-09-14 00:00:00-04:00,160.5981867625614,161.7104127311833,159.22775465626484,161.19403076171875,21770400,0.0,0.0
2018-09-17 00:00:00-04:00,160.7967806733984,160.93580890589763,158.66170099867264,159.46607971191406,21005300,0.0,0.0
2018-09-18 00:00:00-04:00,158.28434290853062,160.6378978445802,157.76794580148945,159.1880340576172,22465200,0.0,0.0
2018-09-19 00:00:00-04:00,158.96952480760055,162.3062170506738,158.37368095411156,161.92884826660156,19629000,0.0,0.0
2018-09-20 00:00:00-04:00,163.358871829392,165.29534174754156,163.32908115010815,164.8683319091797,18936000,0.0,0.0
2018-09-21 00:00:00-04:00,165.4840607849205,166.08982997870342,161.68062668663651,161.79978942871094,45994800,0.0,0.0
2018-09-24 00:00:00-04:00,159.9129668108193,164.5505701633516,159.76401339113255,164.26258850097656,19222800,0.0,0.0
2018-09-25 00:00:00-04:00,160.86629459739999,164.44131261170682,160.03211008974893,163.7660369873047,27622800,0.0,0.0
2018-09-26 00:00:00-04:00,163.16028917744478,168.12560525008192,163.07091712484342,165.79190063476562,25252200,0.0,0.0
2018-09-27 00:00:00-04:00,166.3877478205578,170.57847587859249,166.0501099578394,167.66879272460938,27266900,0.0,0.0
2018-09-28 00:00:00-04:00,167.1623175329473,167.6191180844817,161.4323390628726,163.3191680908203,34265600,0.0,0.0
2018-10-01 00:00:00-04:00,161.89907497537462,164.72931085397505,160.14134905646677,161.31317138671875,26407700,0.0,0.0
2018-10-02 00:00:00-04:00,160.4591386955215,161.1542798400418,157.56932141657936,158.22474670410156,36031000,0.0,0.0
2018-10-03 00:00:00-04:00,158.89010176785146,162.52471648249687,158.42336088167312,161.30323791503906,23109500,0.0,0.0
2018-10-04 00:00:00-04:00,160.33997265513239,160.33997265513239,156.25848276244213,157.74807739257812,25739600,0.0,0.0
2018-10-05 00:00:00-04:00,158.10558039164562,159.78384427641726,155.1164508086418,156.23861694335938,25744000,0.0,0.0
2018-10-08 00:00:00-04:00,154.4610350407743,157.24161487978859,153.3190184842043,156.1591796875,24046000,0.0,0.0
2018-10-09 00:00:00-04:00,156.59613745615854,159.47601465702692,156.3280061510065,156.80467224121094,18844400,0.0,0.0
2018-10-10 00:00:00-04:00,155.7321606394569,156.5961206765539,150.26037333000198,150.32989501953125,30610000,0.0,0.0
2018-10-11 00:00:00-04:00,149.08859001745896,153.73611873677723,148.12531745630287,152.2862548828125,35338900,0.0,0.0
2018-10-12 00:00:00-04:00,155.6427874078182,155.80168115276192,150.25046163291145,152.6735382080078,25293500,0.0,0.0
2018-10-15 00:00:00-04:00,152.25643802289184,154.49082994296967,151.49177521186425,152.45504760742188,15433500,0.0,0.0
2018-10-16 00:00:00-04:00,154.32201514506139,158.35386446360545,153.93472110336418,157.67857360839844,19180100,0.0,0.0
2018-10-17 00:00:00-04:00,158.45316093157854,159.37671758223593,156.85432858189583,158.3141326904297,17592000,0.0,0.0
2018-10-18 00:00:00-04:00,157.41042988237461,157.55939844231526,152.21671400145328,153.8453369140625,21675100,0.0,0.0
2018-10-19 00:00:00-04:00,154.77881075142426,156.25848018130944,152.4848374833779,152.9813690185547,19761300,0.0,0.0
2018-10-22 00:00:00-04:00,153.68646383778574,156.2485688531894,153.3885569837387,153.70632934570312,15424700,0.0,0.0
2018-10-23 00:00:00-04:00,150.1710072100987,153.69638433996218,149.80357870221385,153.3190155029297,19095000,0.0,0.0
2018-10-24 00:00:00-04:00,153.20979346802224,153.57722201311554,144.5900119300226,145.02694702148438,27744600,0.0,0.0
2018-10-25 00:00:00-04:00,146.7052132876706,151.15414706069078,145.9802814389943,149.9028778076172,22105700,0.0,0.0
2018-10-26 00:00:00-04:00,144.80846276523178,147.96639602442247,142.8024711400641,144.361572265625,31303300,0.0,0.0
2018-10-29 00:00:00-04:00,147.46987803922033,147.7975906976604,138.0655687796354,141.10433959960938,31336800,0.0,0.0
2018-10-30 00:00:00-04:00,138.9692533871976,145.6227731624568,138.7706437967156,145.2056884765625,50528300,0.0,0.0
2018-10-31 00:00:00-04:00,153.92476900962825,155.31505118466853,147.92667500067535,150.73703002929688,60101300,0.0,0.0
2018-11-01 00:00:00-04:00,150.46894162377004,151.6904051276369,148.31399627926237,150.6973419189453,25640800,0.0,0.0
2018-11-02 00:00:00-04:00,150.74700657395633,153.06084579847578,147.92671053962727,149.30706787109375,24708700,0.0,0.0
2018-11-05 00:00:00-05:00,149.05878360099314,149.1481556470227,146.41723200788547,147.64862060546875,15971200,0.0,0.0
2018-11-06 00:00:00-05:00,148.27425246853886,149.92274088940104,146.97334220189796,148.89988708496094,16667100,0.0,0.0
2018-11-07 00:00:00-05:00,150.51858232826675,151.94858047318192,148.79064706786775,150.47885131835938,21877400,0.0,0.0
2018-11-08 00:00:00-05:00,149.4460739521334,149.8929493242543,145.72208726289136,146.84423828125,24145800,0.0,0.0
2018-11-09 00:00:00-05:00,145.7320290293817,146.73501743680745,143.0706268459031,143.95445251464844,17326900,0.0,0.0
2018-11-12 00:00:00-05:00,143.47778347319866,144.03389650499133,139.51547054520407,140.568115234375,18542100,0.0,0.0
2018-11-13 00:00:00-05:00,141.01494966295635,143.87497602618785,140.63758086421353,141.17384338378906,15141700,0.0,0.0
2018-11-14 00:00:00-05:00,142.70317687478644,144.57014051441743,140.56809708490846,143.21957397460938,22068400,0.0,0.0
2018-11-15 00:00:00-05:00,141.3426669829366,143.8352498055647,139.85307239467778,142.8521270751953,30320300,0.0,0.0
2018-11-16 00:00:00-05:00,140.09139818865114,140.78653922583604,136.81428740999309,138.56207275390625,37250600,0.0,0.0
2018-11-19 00:00:00-05:00,136.65542697239982,136.79445521368626,130.29982858081726,130.63746643066406,44362700,0.0,0.0
2018-11-20 00:00:00-05:00,126.14883194719012,133.22937824639348,125.97008024706994,131.51136779785156,41939500,0.0,0.0
2018-11-21 00:00:00-05:00,133.4676810270502,136.23833569555546,133.19956488721374,133.88478088378906,25469700,0.0,0.0
2018-11-23 00:00:00-05:00,132.72288736464,133.56699712512034,130.3494669809507,130.8162078857422,11886100,0.0,0.0
2018-11-26 00:00:00-05:00,132.07740159770862,136.04965427733893,131.85892648809363,135.4339599609375,24263600,0.0,0.0
2018-11-27 00:00:00-05:00,134.8083043416341,135.66233914100255,132.78246245749503,134.06350708007812,20750300,0.0,0.0
2018-11-28 00:00:00-05:00,135.33462854398906,135.84108523433505,130.93536659359546,135.81129455566406,29847500,0.0,0.0
2018-11-29 00:00:00-05:00,134.9771233323317,139.01889708134053,134.71893240319923,137.7179718017578,24238700,0.0,0.0
2018-11-30 00:00:00-05:00,137.30090852480677,139.99211638467614,136.40715773236062,139.63461303710938,25732600,0.0,0.0
2018-12-03 00:00:00-05:00,142.0080212197644,142.68329684446113,139.78355445329146,140.11126708984375,24819200,0.0,0.0
2018-12-04 00:00:00-05:00,139.7537545348808,142.39530580427783,136.20852743369147,136.97317504882812,30307400,0.0,0.0
2018-12-06 00:00:00-05:00,132.8917132022535,138.730914009161,132.74274464337415,138.66140747070312,28218100,0.0,0.0
2018-12-07 00:00:00-05:00,138.2840432171728,139.89280066634169,135.7120133031966,136.46673583984375,21195500,0.0,0.0
2018-12-10 00:00:00-05:00,138.6316205066074,142.0576853115259,138.04570173734353,140.8660125732422,26422200,0.0,0.0
2018-12-11 00:00:00-05:00,142.88192272662894,142.88192272662894,140.12120853922576,141.0944061279297,20300300,0.0,0.0
2018-12-12 00:00:00-05:00,142.08747182876053,146.16896182363112,141.52141858172638,143.49761962890625,23696900,0.0,0.0
2018-12-13 00:00:00-05:00,144.5602174766294,144.83827396073877,142.19672220875788,144.00408935546875,18148600,0.0,0.0
2018-12-14 00:00:00-05:00,142.34566229516082,144.99713897574813,141.5214180969876,143.0606689453125,21785800,0.0,0.0
2018-12-17 00:00:00-05:00,142.0874657007703,143.91469811063763,137.45978816350515,139.21751403808594,24334000,0.0,0.0
2018-12-18 00:00:00-05:00,140.1013624528026,144.91771003155802,138.86003341400857,142.66346740722656,24709100,0.0,0.0
2018-12-19 00:00:00-05:00,140.23046527153232,143.90479618921722,131.5808778773564,132.3157501220703,57404900,0.0,0.0
2018-12-20 00:00:00-05:00,129.79334207816916,134.62956960236468,129.09820094979673,132.474609375,40297900,0.0,0.0
2018-12-21 00:00:00-05:00,132.46469204620433,133.96421193716105,122.5638512976946,124.08323669433594,56901500,0.0,0.0
2018-12-24 00:00:00-05:00,122.24606978922786,128.84001594286272,122.16662292047397,123.19940948486328,22066000,0.0,0.0
2018-12-26 00:00:00-05:00,125.1259715566513,133.3088183262092,125.01673399123808,133.2492218017578,39723400,0.0,0.0
2018-12-27 00:00:00-05:00,131.52127995213837,134.05359389857932,128.77049091052587,133.58685302734375,31202500,0.0,0.0
2018-12-28 00:00:00-05:00,134.40113988584127,134.97711823177687,131.28292273918214,132.27598571777344,22627600,0.0,0.0
2018-12-31 00:00:00-05:00,133.517341699094,133.70602612801716,129.04855738311358,130.18064880371094,24625300,0.0,0.0
2019-01-02 00:00:00-05:00,128.09522034668402,136.55610741995005,127.66819531541115,134.73880004882812,28146200,0.0,0.0
2019-01-03 00:00:00-05:00,133.7556589409655,136.21845095741136,130.21041672981713,130.8261260986328,22717900,0.0,0.0
2019-01-04 00:00:00-05:00,133.08038605151967,137.04271343860773,132.82219508995496,136.99305725097656,29002100,0.0,0.0
2019-01-07 00:00:00-05:00,136.6057550851361,137.90666529760657,134.96720706161565,137.0923614501953,20089300,0.0,0.0
2019-01-08 00:00:00-05:00,138.91960415987464,142.14705941392765,138.57202599441553,141.54129028320312,26263800,0.0,0.0
2019-01-09 00:00:00-05:00,141.95835745939883,143.69621776620173,140.2900188382789,143.22947692871094,22205900,0.0,0.0
2019-01-10 00:00:00-05:00,142.08746598215473,143.5571950840508,139.8629992486024,143.19969177246094,16125000,0.0,0.0
2019-01-11 00:00:00-05:00,142.15695968730054,144.3516355428864,141.5809964928322,142.80245971679688,12908000,0.0,0.0
2019-01-14 00:00:00-05:00,141.01498581223325,145.55329227692698,140.2900538603888,144.3814697265625,20520300,0.0,0.0
2019-01-15 00:00:00-05:00,144.99712510475769,149.63472755812845,144.97727475460945,147.91673278808594,24069000,0.0,0.0
2019-01-16 00:00:00-05:00,147.9664040832414,148.61188904658937,145.98027785393614,146.5165252685547,18025700,0.0,0.0
2019-01-17 00:00:00-05:00,145.9306445347086,147.96642726933842,145.48376909367838,147.2712860107422,15787900,0.0,0.0
2019-01-18 00:00:00-05:00,148.71122486161678,151.37262715500972,147.51955196677008,148.99920654296875,31029600,0.0,0.0
2019-01-22 00:00:00-05:00,148.16500819662102,150.47884698655153,145.3546378677253,146.54632568359375,22378700,0.0,0.0
2019-01-23 00:00:00-05:00,147.25139820480075,147.76779526996606,142.06760750674863,143.29901123046875,20098400,0.0,0.0
2019-01-24 00:00:00-05:00,143.63664241010645,145.42415897380562,141.53135354227183,144.81838989257812,20955500,0.0,0.0
2019-01-25 00:00:00-05:00,146.45693311810984,148.7906373268188,145.52345143462625,147.976318359375,22237200,0.0,0.0
2019-01-28 00:00:00-05:00,147.02298460125706,147.92667559513444,145.19575226302138,146.44700622558594,15508500,0.0,0.0
2019-01-29 00:00:00-05:00,147.06269799116686,147.07263831918004,142.43502071285243,143.18975830078125,17632100,0.0,0.0
2019-01-30 00:00:00-05:00,145.2057238851104,149.90290927600714,144.68932670158097,149.3765869140625,44613200,0.0,0.0
2019-01-31 00:00:00-05:00,164.45124109943382,170.48905088702503,163.85539723014855,165.53367614746094,77233600,0.0,0.0
2019-02-01 00:00:00-05:00,164.68957373325244,167.92696899689642,164.51082965640668,164.56048583984375,30806500,0.0,0.0
2019-02-04 00:00:00-05:00,164.55055073949134,168.12558391938973,162.48497769698787,168.075927734375,20036000,0.0,0.0
2019-02-05 00:00:00-05:00,167.97662020423076,170.7869906441095,167.5198196559899,169.97268676757812,22557000,0.0,0.0
2019-02-06 00:00:00-05:00,170.0124088827765,171.27360333079847,168.0958042695481,169.30734252929688,13281200,0.0,0.0
2019-02-07 00:00:00-05:00,167.0332123202778,168.0660064418633,164.10367917200116,165.22584533691406,17517600,0.0,0.0
2019-02-08 00:00:00-05:00,163.32907441566616,166.20895108258657,163.07088348820523,166.1692352294922,12561400,0.0,0.0
2019-02-11 00:00:00-05:00,166.73528682263577,167.13252115057335,163.93485678714177,164.63992309570312,12811200,0.0,0.0
2019-02-12 00:00:00-05:00,165.7025084470035,167.17223758308776,163.35887893938468,163.89512634277344,16292300,0.0,0.0
2019-02-13 00:00:00-05:00,164.23279511932705,165.06696456175467,162.59423176497805,162.931884765625,14205100,0.0,0.0
2019-02-14 00:00:00-05:00,162.0579910228651,163.72632997682763,161.1245091616489,162.81271362304688,12755200,0.0,0.0
2019-02-15 00:00:00-05:00,163.36880837362978,163.55749279085117,159.74413404774924,161.3727569580078,15504400,0.0,0.0
2019-02-19 00:00:00-05:00,159.38662359154245,163.01129775534545,159.217804687088,161.16419982910156,14345400,0.0,0.0
2019-02-20 00:00:00-05:00,161.1244801489309,162.58428404726115,160.13141709716552,161.4323272705078,11770700,0.0,0.0
2019-02-21 00:00:00-05:00,160.80671363518204,161.11457594978071,158.48294942821414,158.92982482910156,15607800,0.0,0.0
2019-02-22 00:00:00-05:00,159.46608794412768,161.28339538964576,159.19795664155836,160.76699829101562,15858500,0.0,0.0
2019-02-25 00:00:00-05:00,161.93882203567452,164.91801161246232,161.76998795840112,163.47805786132812,18737100,0.0,0.0
2019-02-26 00:00:00-05:00,163.2000051264293,165.0868343268106,162.66375765759085,162.99147033691406,13784100,0.0,0.0
2019-02-27 00:00:00-05:00,161.7699903380451,162.79284422888645,159.29727265082016,161.6806182861328,12697500,0.0,0.0
2019-02-28 00:00:00-05:00,161.24366391596246,162.36583015989265,159.74414396709827,160.33004760742188,11114200,0.0,0.0
2019-03-01 00:00:00-05:00,161.47208437633873,161.99840666660666,160.56839321646657,161.154296875,11097800,0.0,0.0
2019-03-04 00:00:00-05:00,162.76303888647507,166.3380721704185,162.69353234778373,166.20896911621094,18894700,0.0,0.0
2019-03-05 00:00:00-05:00,166.20896097648483,170.6876851146643,165.39465713959575,170.0719757080078,28187900,0.0,0.0
2019-03-06 00:00:00-05:00,171.70060271596694,172.36596832285446,170.08192017840042,171.3133087158203,21531700,0.0,0.0
2019-03-07 00:00:00-05:00,170.3103420898974,170.54868271756052,166.44732677339292,167.956787109375,18306500,0.0,0.0
2019-03-08 00:00:00-05:00,165.04708406128657,168.4433580422972,164.81868379128719,168.4235076904297,13184800,0.0,0.0
2019-03-11 00:00:00-04:00,170.40964764325946,173.09091519700462,170.38978213684817,170.8763885498047,18884000,0.0,0.0
2019-03-12 00:00:00-04:00,170.89623591137405,172.59438058568327,170.0322758093778,170.7274169921875,12155300,0.0,0.0
2019-03-13 00:00:00-04:00,171.12465418342126,172.82278373291857,170.92602942537857,172.1673583984375,11973300,0.0,0.0
2019-03-14 00:00:00-04:00,168.5823729953745,169.96272998849176,166.99348125348644,168.98953247070312,18037400,0.0,0.0
2019-03-15 00:00:00-04:00,166.00045101580815,166.41753574865888,161.3826979642868,164.82862854003906,37135400,0.0,0.0
2019-03-18 00:00:00-04:00,162.43534381210173,162.76304131114932,158.17509448919265,159.35684204101562,37524200,0.0,0.0
2019-03-19 00:00:00-04:00,160.3598315511945,162.68361081425897,159.704421395247,160.44921875,25611500,0.0,0.0
2019-03-20 00:00:00-04:00,160.37970233371666,164.96764934100926,160.12151136396588,164.29237365722656,20211500,0.0,0.0
2019-03-21 00:00:00-04:00,163.74618514501432,165.23577989682886,162.61409373975295,164.9279327392578,16223000,0.0,0.0
2019-03-22 00:00:00-04:00,164.50089188989006,166.25861777094678,162.95171592134105,163.19998168945312,16389200,0.0,0.0
2019-03-25 00:00:00-04:00,161.8693033140726,165.38474041200396,160.8762401035568,165.136474609375,12631200,0.0,0.0
2019-03-26 00:00:00-04:00,166.1891176934918,168.27454113490862,165.19605458245317,166.51681518554688,15437900,0.0,0.0
2019-03-27 00:00:00-04:00,166.68563606602558,167.76807113474334,163.64685045811154,164.7193603515625,10620300,0.0,0.0
2019-03-28 00:00:00-04:00,163.42841366136489,165.56349342223425,162.19700987173064,164.401611328125,10443000,0.0,0.0
2019-03-29 00:00:00-04:00,165.2357542128183,166.03020765421897,163.66671283311027,165.53367614746094,13455500,0.0,0.0
2019-04-01 00:00:00-04:00,166.66582488531932,167.72839479689628,166.11963700883385,167.52978515625,10381500,0.0,0.0
2019-04-02 00:00:00-04:00,168.95975856603962,173.6867335603725,168.37385496216956,172.99159240722656,23946500,0.0,0.0
2019-04-03 00:00:00-04:00,173.28951363992826,176.72551868655825,171.7502627804468,172.33616638183594,27391100,0.0,0.0
2019-04-04 00:00:00-04:00,174.79898071289062,176.76524151614555,174.3123743120851,174.79898071289062,17847700,0.0,0.0
2019-04-05 00:00:00-04:00,175.65302507317583,175.77218780918977,173.88537377523969,174.50106811523438,9594100,0.0,0.0
2019-04-08 00:00:00-04:00,173.99457854454045,174.28256015328398,173.02136587402416,173.7165069580078,7297400,0.0,0.0
2019-04-09 00:00:00-04:00,174.40176439723479,177.94700749919105,174.33225784875435,176.34817504882812,19751000,0.0,0.0
2019-04-10 00:00:00-04:00,176.94399027344303,177.54975941982102,175.31536726312314,176.5865020751953,11701500,0.0,0.0
2019-04-11 00:00:00-04:00,177.0035724616547,177.1624510414762,175.77216876216067,176.27862548828125,8071000,0.0,0.0
2019-04-12 00:00:00-04:00,176.7652295233618,178.38392720445478,176.71557333841326,177.85760498046875,12329800,0.0,0.0
2019-04-15 00:00:00-04:00,177.26177674484026,179.2479030949225,175.64307892058193,178.40379333496094,10834800,0.0,0.0
2019-04-16 00:00:00-04:00,177.7583144919515,178.92019662865758,177.06317327592333,177.62921142578125,11215200,0.0,0.0
2019-04-17 00:00:00-04:00,178.35414448070443,179.4862358445103,177.12274074257104,177.53982543945312,9973700,0.0,0.0
2019-04-18 00:00:00-04:00,177.55968624210274,177.6391331088724,176.1098074412026,177.0432891845703,11655600,0.0,0.0
2019-04-22 00:00:00-04:00,177.01349234688985,180.40976623022775,177.01349234688985,180.18136596679688,13389900,0.0,0.0
2019-04-23 00:00:00-04:00,181.47237838856762,182.94210771224044,180.22110903272127,182.50515747070312,19954800,0.0,0.0
2019-04-24 00:00:00-04:00,183.21023086609895,183.85571586957178,180.3899199289335,181.3134765625,37289900,0.0,0.0
2019-04-25 00:00:00-04:00,195.61356856649695,197.1031632421695,190.78728121120022,191.91937255859375,54148800,0.0,0.0
2019-04-26 00:00:00-04:00,191.1646551903428,191.56187438670477,187.77830623312232,190.1616668701172,22075000,0.0,0.0
2019-04-29 00:00:00-04:00,189.62541440438395,194.0544829295468,189.32749241474613,193.42884826660156,19641300,0.0,0.0
2019-04-30 00:00:00-04:00,192.8429543540765,196.02075371380025,190.94619991565264,192.0584259033203,23494700,0.0,0.0
2019-05-01 00:00:00-04:00,193.42882412265106,194.8191063635022,191.67109824083647,191.6909637451172,15996600,0.0,0.0
2019-05-02 00:00:00-04:00,191.66118363124153,192.65424675886453,188.43372846646673,191.19444274902344,13209500,0.0,0.0
2019-05-03 00:00:00-04:00,193.03162422743932,194.79927546141104,192.3662737205346,194.1140594482422,14575400,0.0,0.0
2019-05-06 00:00:00-04:00,189.91340901177026,192.93231442778696,189.22819298944282,192.53509521484375,13994900,0.0,0.0
2019-05-07 00:00:00-04:00,191.2043720349844,191.56187537473048,186.5469185947955,188.45359802246094,16253000,0.0,0.0
2019-05-08 00:00:00-04:00,188.0762052991483,189.39698093794564,187.24203599662556,188.22515869140625,12505700,0.0,0.0
2019-05-09 00:00:00-04:00,185.90141585485125,188.4535953853974,184.96793408341324,187.3413543701172,12967000,0.0,0.0
2019-05-10 00:00:00-04:00,186.94413625481548,188.68199675120817,183.30952152279687,187.03350830078125,12578500,0.0,0.0
2019-05-13 00:00:00-04:00,182.22709595075565,184.1437006402044,179.58554422015857,180.2806854248047,16833300,0.0,0.0
2019-05-14 00:00:00-04:00,181.25389466676603,182.2171671572789,176.86455725832838,179.47630310058594,17628100,0.0,0.0
2019-05-15 00:00:00-04:00,179.16846412330474,185.9808784106095,178.77124489694884,184.97789001464844,16746900,0.0,0.0
2019-05-16 00:00:00-04:00,183.76632629086865,187.271837756876,183.76632629086865,185.69287109375,12953100,0.0,0.0
2019-05-17 00:00:00-04:00,183.5577869499637,186.2787854054957,183.00167401667332,184.0146026611328,10485400,0.0,0.0
2019-05-20 00:00:00-04:00,180.61831479442765,182.95200390132163,180.11184293428423,181.45248413085938,10352000,0.0,0.0
2019-05-21 00:00:00-04:00,183.28968280743672,184.4118339237832,182.614391949291,183.53794860839844,7502800,0.0,0.0
2019-05-22 00:00:00-04:00,183.44855083175287,185.44461745433554,182.33632495648288,184.0344696044922,9213800,0.0,0.0
2019-05-23 00:00:00-04:00,181.1545922204014,182.62432155491203,178.42366834359746,179.61534118652344,12768800,0.0,0.0
2019-05-24 00:00:00-04:00,181.06521058886167,182.35619574746875,179.5756158257631,179.80401611328125,8807700,0.0,0.0
2019-05-28 00:00:00-04:00,180.280674501749,183.4286979680207,180.1913024564827,183.03146362304688,14843300,0.0,0.0
2019-05-29 00:00:00-04:00,182.22710365088653,183.27974825567972,180.09202375648093,180.9261932373047,12797700,0.0,0.0
2019-05-30 00:00:00-04:00,181.81000020834674,182.20721940037117,179.63518952260196,181.740478515625,8581500,0.0,0.0
2019-05-31 00:00:00-04:00,179.02941170398958,179.28760265096253,175.93105972855378,176.23890686035156,15226500,0.0,0.0
2019-06-03 00:00:00-04:00,173.78604778664354,173.83570397374217,159.89308913995544,163.0113067626953,56059600,0.0,0.0
2019-06-04 00:00:00-04:00,162.57437114738372,167.11266175709775,159.7242696696142,166.33807373046875,46044300,0.0,0.0
2019-06-05 00:00:00-04:00,166.31820201241834,167.5496056986477,163.48798129866876,167.00341796875,19758300,0.0,0.0
2019-06-06 00:00:00-04:00,167.13253231557897,168.52281467388545,166.06994746441947,167.16232299804688,12446400,0.0,0.0
2019-06-07 00:00:00-04:00,168.98955795129433,172.66388865254888,167.66878211581948,172.1475067138672,16917300,0.0,0.0
2019-06-10 00:00:00-04:00,173.53777811371978,176.62620498555225,172.59437119175834,173.6072998046875,14767900,0.0,0.0
2019-06-11 00:00:00-04:00,177.24190141108465,178.73149609105363,175.56362231384912,176.8645477294922,15266600,0.0,0.0
2019-06-12 00:00:00-04:00,177.14261773709185,178.0264433753427,171.6807701595337,173.82577514648438,17699800,0.0,0.0
2019-06-13 00:00:00-04:00,174.3123620514931,176.79501976333336,173.3987458318887,176.23890686035156,12253600,0.0,0.0
2019-06-14 00:00:00-04:00,179.25782449489844,180.57860030822917,178.75136774135675,180.0721435546875,16773700,0.0,0.0
2019-06-17 00:00:00-04:00,183.72661504396743,188.1854742152614,183.13078622264982,187.69886779785156,29459900,0.0,0.0
2019-06-18 00:00:00-04:00,192.6542509170899,193.1805731738549,185.98086534319046,187.16261291503906,37571400,0.0,0.0
2019-06-19 00:00:00-04:00,185.70280781095704,186.79518332984497,183.2698061402787,186.17947387695312,21417100,0.0,0.0
2019-06-20 00:00:00-04:00,189.62540357794163,189.83395350466373,186.33836700856963,188.2152557373047,14635700,0.0,0.0
2019-06-21 00:00:00-04:00,187.44066662882705,190.66812181581346,187.44066662882705,189.8140869140625,22751200,0.0,0.0
2019-06-24 00:00:00-04:00,191.085202551967,192.63437858512927,190.24110799694424,191.2639617919922,15509000,0.0,0.0
2019-06-25 00:00:00-04:00,191.5420282303452,191.80021919834294,186.82497819373347,187.53004455566406,16750300,0.0,0.0
2019-06-26 00:00:00-04:00,188.2251789710033,189.43671720169758,186.01065243418444,186.3582305908203,12808600,0.0,0.0
2019-06-27 00:00:00-04:00,188.56282414493978,197.50039194388643,186.9639919658995,188.18545532226562,11159000,0.0,0.0
2019-06-28 00:00:00-04:00,189.22819208587794,191.8598034531795,188.62242293962004,191.66119384765625,16378900,0.0,0.0
2019-07-01 00:00:00-04:00,193.8558701439833,193.92537668709272,190.59860897104744,191.66119384765625,14181800,0.0,0.0
2019-07-02 00:00:00-04:00,191.66118211012622,193.64730834960938,191.37320047269503,193.64730834960938,9050000,0.0,0.0
2019-07-03 00:00:00-04:00,192.81314125620622,196.03065610450858,192.81314125620622,195.83204650878906,10246100,0.0,0.0
2019-07-05 00:00:00-04:00,194.81909206643695,195.70293268325753,192.82304089149648,195.03756713867188,11164100,0.0,0.0
2019-07-08 00:00:00-04:00,193.8360156674102,195.31567019275556,192.29676461936918,194.4020538330078,9723900,0.0,0.0
2019-07-09 00:00:00-04:00,193.61753161396024,198.07639079781725,193.5380847403057,197.828125,14698600,0.0,0.0
2019-07-10 00:00:00-04:00,198.61262658235708,201.55210012306995,198.2849139301433,201.3236846923828,20571700,0.0,0.0
2019-07-11 00:00:00-04:00,201.85000814613915,202.38627072676124,198.82117769502122,199.83409118652344,13678500,0.0,0.0
2019-07-12 00:00:00-04:00,198.29483724438776,203.8758623029449,197.77845533023998,203.44883728027344,15366300,0.0,0.0
2019-07-15 00:00:00-04:00,202.83313647168552,203.90564642903183,200.4200004323615,202.49549865722656,16030300,0.0,0.0
2019-07-16 00:00:00-04:00,202.4756663251424,204.0447080853828,201.6911530214936,202.42601013183594,12132700,0.0,0.0
2019-07-17 00:00:00-04:00,202.76362647482506,202.94238572116157,200.19159655580592,200.400146484375,12083700,0.0,0.0
2019-07-18 00:00:00-04:00,198.76158764327712,201.0655014737429,197.99693991161416,199.38722229003906,11937900,0.0,0.0
2019-07-19 00:00:00-04:00,200.777517728855,200.9264863059817,196.69604237678112,196.98402404785156,12098300,0.0,0.0
2019-07-22 00:00:00-04:00,198.5232637841171,201.16481547740912,197.43088822585602,200.9165496826172,13589000,0.0,0.0
2019-07-23 00:00:00-04:00,201.43291910530678,202.82321656149048,199.56597074851473,200.9562530517578,14583700,0.0,0.0
2019-07-24 00:00:00-04:00,196.25909257676287,203.38927935225882,195.85193301247276,203.24032592773438,32532500,0.0,0.0
2019-07-25 00:00:00-04:00,205.26615728544672,207.21256779511856,196.88470158053417,199.31771850585938,39889900,0.0,0.0
2019-07-26 00:00:00-04:00,198.80133012780112,201.47267263680138,194.88865858323882,198.3643798828125,24434000,0.0,0.0
2019-07-29 00:00:00-04:00,197.61956609094344,198.24520072198155,193.94523548064475,194.58079528808594,16530800,0.0,0.0
2019-07-30 00:00:00-04:00,194.03460859919787,197.33158553616275,192.15771984865424,195.67315673828125,11903600,0.0,0.0
2019-07-31 00:00:00-04:00,195.58377753933155,197.38121935366053,191.34339379392603,192.8826446533203,14593500,0.0,0.0
2019-08-01 00:00:00-04:00,192.82306446676884,197.09323891944084,189.5558934646079,191.39305114746094,17777000,0.0,0.0
2019-08-02 00:00:00-04:00,189.7743744444367,191.28381952564587,186.7653943055402,187.70880126953125,15297000,0.0,0.0
2019-08-05 00:00:00-04:00,183.4088339158982,184.38203155114934,178.09594005094718,180.4693603515625,23086700,0.0,0.0
2019-08-06 00:00:00-04:00,182.41575294628024,184.50117624656727,181.81990905880423,183.2300567626953,18035700,0.0,0.0
2019-08-07 00:00:00-04:00,182.3263953857101,185.0771693254237,179.96290030478437,183.86563110351562,15833200,0.0,0.0
2019-08-08 00:00:00-04:00,185.3254444885259,189.01964070416588,182.7732800135528,188.8408966064453,14828900,0.0,0.0
2019-08-09 00:00:00-04:00,188.6820005104404,189.65519816498647,185.82197375902513,186.5469207763672,11058800,0.0,0.0
2019-08-12 00:00:00-04:00,185.55383539832022,186.2886923512791,183.18041533483236,184.08409118652344,10930900,0.0,0.0
2019-08-13 00:00:00-04:00,184.23307824070483,190.05242885559556,184.0841096777259,187.1427459716797,13577000,0.0,0.0
2019-08-14 00:00:00-04:00,184.51112963455034,184.6998140507041,178.06614456883665,178.46337890625,18903700,0.0,0.0
2019-08-15 00:00:00-04:00,179.69478695652361,181.92917920560348,178.78117061080846,181.3234100341797,12925900,0.0,0.0
2019-08-16 00:00:00-04:00,182.4753611461386,183.81600251369508,181.09500391828004,182.4257049560547,12654600,0.0,0.0
2019-08-19 00:00:00-04:00,184.71966156532704,186.1993310376985,183.56771988687515,184.87855529785156,9691200,0.0,0.0
2019-08-20 00:00:00-04:00,184.1635656533056,184.70975343868577,181.12479471475274,182.53494262695312,10083400,0.0,0.0
2019-08-21 00:00:00-04:00,183.71667184991637,184.61042257071284,181.86957389438876,182.2767333984375,8398200,0.0,0.0
2019-08-22 00:00:00-04:00,182.1575789476761,182.83286981597743,178.66200732768363,180.7772216796875,10821400,0.0,0.0
2019-08-23 00:00:00-04:00,179.5855601942206,181.85968359456032,175.43456295086006,176.51699829101562,17323400,0.0,0.0
2019-08-26 00:00:00-04:00,178.15552416270623,179.24789969571253,177.00358241773918,179.10887145996094,8773600,0.0,0.0
2019-08-27 00:00:00-04:00,180.6679779007347,182.76334182635685,179.75436158925638,180.0423583984375,14399600,0.0,0.0
2019-08-28 00:00:00-04:00,179.2776972802624,180.6878451980161,177.67886493109415,180.49916076660156,9386100,0.0,0.0
2019-08-29 00:00:00-04:00,182.49522857011976,184.7892021384447,182.19730657942807,184.28274536132812,10128700,0.0,0.0
2019-08-30 00:00:00-04:00,185.48435036072166,185.50421586830333,182.18738829045938,184.38204956054688,10774500,0.0,0.0
2019-09-03 00:00:00-04:00,182.72361864622525,184.3820322797158,180.84672990863982,181.12478637695312,9779400,0.0,0.0
2019-09-04 00:00:00-04:00,183.36909482564212,186.44759648795088,182.6143723268746,185.84182739257812,11308000,0.0,0.0
2019-09-05 00:00:00-04:00,187.22222000872029,190.03259092512315,186.636316306964,189.57577514648438,13876700,0.0,0.0
2019-09-06 00:00:00-04:00,188.89054021135885,188.89054021135885,185.05731601300062,186.1894073486328,15226800,0.0,0.0
2019-09-09 00:00:00-04:00,186.42773822347257,187.66906714310647,184.56078983234303,187.45059204101562,14722400,0.0,0.0
2019-09-10 00:00:00-04:00,186.13974967623687,186.79517495819528,183.26979792662678,184.87855529785156,15455900,0.0,0.0
2019-09-11 00:00:00-04:00,185.1665628625655,188.12588682665984,184.78919401408444,187.18247985839844,11761700,0.0,0.0
2019-09-12 00:00:00-04:00,188.54296060606552,189.6055302426007,185.93119980642481,186.16954040527344,11419800,0.0,0.0
2019-09-13 00:00:00-04:00,186.03050771661364,186.66606747869594,185.2459794014705,185.8914794921875,11441100,0.0,0.0
2019-09-16 00:00:00-04:00,185.6332890133977,186.48732393614006,184.48134726534857,184.92822265625,8444800,0.0,0.0
2019-09-17 00:00:00-04:00,185.36513622501784,187.01362437954472,184.25289540297143,186.77528381347656,9671100,0.0,0.0
2019-09-18 00:00:00-04:00,186.78522845966341,187.7683663501272,184.7196554638932,186.8348846435547,9681900,0.0,0.0
2019-09-19 00:00:00-04:00,187.35130042111714,189.7743769691644,186.84482850888054,188.82102966308594,10392700,0.0,0.0
2019-09-20 00:00:00-04:00,189.33741952737788,191.76049598296788,186.81503069786078,188.6124725341797,19934200,0.0,0.0
2019-09-23 00:00:00-04:00,188.0265713133327,188.781308997705,183.92523084864314,185.52406311035156,13327600,0.0,0.0
2019-09-24 00:00:00-04:00,186.6759958854556,186.7355772465352,179.13865065008108,180.02247619628906,18546600,0.0,0.0
2019-09-25 00:00:00-04:00,180.19129540719746,182.1476309149545,176.6361277117034,181.5319366455078,18068300,0.0,0.0
2019-09-26 00:00:00-04:00,180.07213389841695,180.1416404359486,176.43751931254107,178.860595703125,16083300,0.0,0.0
2019-09-27 00:00:00-04:00,179.23798951233928,179.50610567682574,174.44149224827362,175.8715057373047,14656200,0.0,0.0
2019-09-30 00:00:00-04:00,176.63614610613385,177.43059969479307,175.62323255471168,176.84469604492188,10740000,0.0,0.0
2019-10-01 00:00:00-04:00,177.90725074682496,178.59246671970473,173.6668821617138,174.59042358398438,17073000,0.0,0.0
2019-10-02 00:00:00-04:00,173.62714991057808,175.30542898509952,171.88928947413478,173.38882446289062,16151700,0.0,0.0
2019-10-03 00:00:00-04:00,174.35209786100668,178.59246643946403,172.4255529991042,178.1356658935547,16086300,0.0,0.0
2019-10-04 00:00:00-04:00,178.30449141467102,179.72456444417904,176.8645528793616,179.1982421875,10430200,0.0,0.0
2019-10-07 00:00:00-04:00,178.75136597079293,179.92317320763422,176.85461172850813,178.43357849121094,9178300,0.0,0.0
2019-10-08 00:00:00-04:00,177.0234551095337,179.11881923966854,176.48720760480535,176.51699829101562,9466900,0.0,0.0
2019-10-09 00:00:00-04:00,177.91721618140724,179.46639243281123,176.70567779957742,178.60243225097656,7556900,0.0,0.0
2019-10-10 00:00:00-04:00,179.0691246809064,180.35016926392214,177.92709315669748,178.7811279296875,8605000,0.0,0.0
2019-10-11 00:00:00-04:00,180.88643529666146,185.19634061192434,180.8765101208466,182.91229248046875,14930500,0.0,0.0
2019-10-14 00:00:00-04:00,182.9222375371105,183.33932226076854,181.30355483283003,182.0086212158203,7006000,0.0,0.0
2019-10-15 00:00:00-04:00,182.5250088892556,189.05936619482304,182.38598065521973,187.57969665527344,15039100,0.0,0.0
2019-10-16 00:00:00-04:00,187.0136744115679,188.384091362509,185.60351129290802,188.23513793945312,10516900,0.0,0.0
2019-10-17 00:00:00-04:00,188.97993336703115,189.51618083731768,187.46054785612014,189.06930541992188,9603000,0.0,0.0
2019-10-18 00:00:00-04:00,188.91038165551106,190.1616508089563,182.6441561715627,184.56077575683594,16874200,0.0,0.0
2019-10-21 00:00:00-04:00,185.74253147505578,188.59263312031226,185.4545498186692,188.44366455078125,8122600,0.0,0.0
2019-10-22 00:00:00-04:00,188.68200177508743,189.32748677261512,180.24096485357035,181.07513427734375,19537600,0.0,0.0
2019-10-23 00:00:00-04:00,180.7474226827228,185.08711905321445,180.73749750605063,184.85870361328125,12300400,0.0,0.0
2019-10-24 00:00:00-04:00,183.33931160677582,185.43467543313807,181.5319445759519,185.0871124267578,11413500,0.0,0.0
2019-10-25 00:00:00-04:00,184.54091659611936,187.6889247860834,183.80604445142222,186.5866241455078,8061200,0.0,0.0
2019-10-28 00:00:00-04:00,185.90140018187873,188.21523890987382,183.79611136196027,188.0861358642578,13657900,0.0,0.0
2019-10-29 00:00:00-04:00,190.3602755149658,191.19444491491296,187.1626109955606,187.9967803955078,13574900,0.0,0.0
2019-10-30 00:00:00-04:00,188.24504787238885,189.1288734678127,184.68987998491397,186.9441375732422,28734600,0.0,0.0
2019-10-31 00:00:00-04:00,195.3355288423279,196.71588608726947,186.9441478143187,190.320556640625,42286500,0.0,0.0
2019-11-01 00:00:00-04:00,191.51223825610325,192.76349239433242,188.5926301139604,192.27688598632812,21711800,0.0,0.0
2019-11-04 00:00:00-05:00,193.20044377387438,196.00087404852658,192.46557156913653,193.3692626953125,16371300,0.0,0.0
2019-11-05 00:00:00-05:00,194.0147194406447,194.39208824121576,192.25700878658756,192.97201538085938,9942000,0.0,0.0
2019-11-06 00:00:00-05:00,192.68404484979035,193.02168268945965,190.02264283883264,190.22125244140625,10973000,0.0,0.0
2019-11-07 00:00:00-05:00,190.57876018241166,192.0981456489056,188.1556835774839,189.09909057617188,13473000,0.0,0.0
2019-11-08 00:00:00-05:00,188.68198968728436,191.0057537130431,188.3840677256111,189.5161590576172,10760800,0.0,0.0
2019-11-11 00:00:00-05:00,188.61248058679345,188.76144915404416,187.23212338674205,188.29470825195312,8631200,0.0,0.0
2019-11-12 00:00:00-05:00,188.68199356191622,193.70689054493673,188.42380260473226,193.12098693847656,17615500,0.0,0.0
2019-11-13 00:00:00-05:00,193.34940402578198,194.34246723613828,191.40300861913119,191.84988403320312,10860700,0.0,0.0
2019-11-14 00:00:00-05:00,191.59164454842457,192.684019950833,190.12191549577093,191.81011962890625,9040500,0.0,0.0
2019-11-15 00:00:00-05:00,192.91244324029518,193.94523740824005,192.03855796696632,193.7466278076172,11524300,0.0,0.0
2019-11-18 00:00:00-05:00,193.2103442283279,197.25211810780843,191.7108244806429,196.0306396484375,16167200,0.0,0.0
2019-11-19 00:00:00-05:00,196.03065289617356,198.612623057092,195.49440548121328,197.93734741210938,19056800,0.0,0.0
2019-11-20 00:00:00-05:00,197.20249273790157,198.20548111821734,194.07433455561076,196.13990783691406,12355400,0.0,0.0
2019-11-21 00:00:00-05:00,196.05053480104607,197.70894852394719,195.49442183443753,196.55699157714844,12131000,0.0,0.0
2019-11-22 00:00:00-05:00,197.00389142246638,197.91750778965437,196.24915365826658,197.4408416748047,9959800,0.0,0.0
2019-11-25 00:00:00-05:00,198.1359518691035,199.5758903183576,197.86782059210273,198.40406799316406,15272300,0.0,0.0
2019-11-26 00:00:00-05:00,198.61263658100057,198.76158999725968,196.66622607521245,197.58978271484375,11735500,0.0,0.0
2019-11-27 00:00:00-05:00,198.51333132152686,201.73086160459985,198.03666521945973,200.59877014160156,12736600,0.0,0.0
2019-11-29 00:00:00-05:00,200.20155611017935,202.38629221703036,199.8142620510237,200.24127197265625,7985200,0.0,0.0
2019-12-02 00:00:00-05:00,200.7278639132008,200.7775049494743,196.67616435090986,198.31471252441406,11503400,0.0,0.0
2019-12-03 00:00:00-05:00,196.22930330348217,197.55006408494668,193.72677968287178,197.4408416748047,11595300,0.0,0.0
2019-12-04 00:00:00-05:00,198.61261820646615,198.6424088869619,196.67614820954114,197.33157348632812,8456300,0.0,0.0
2019-12-05 00:00:00-05:00,198.47359760463056,199.89367060595066,196.83504950265495,197.97706604003906,9740400,0.0,0.0
2019-12-06 00:00:00-05:00,199.109161967281,200.17174681328623,198.67221175594955,199.6553497314453,12270600,0.0,0.0
2019-12-09 00:00:00-05:00,199.2581280732366,201.73086093420002,198.82119298701005,199.94334411621094,11954800,0.0,0.0
2019-12-10 00:00:00-05:00,200.26115204083476,200.64844612814957,198.76161673504527,199.47662353515625,9475700,0.0,0.0
2019-12-11 00:00:00-05:00,198.89068804281123,201.2243925249452,198.89068804281123,200.85694885253906,8036800,0.0,0.0
2019-12-12 00:00:00-05:00,200.94633739459383,202.24724771559778,192.75356628759758,195.3851776123047,23734800,0.0,0.0
2019-12-13 00:00:00-05:00,195.03758127831333,195.43481559887462,191.8299917985981,192.7634735107422,18798000,0.0,0.0
2019-12-16 00:00:00-05:00,193.91541669309132,197.73870016000845,193.45860104476105,196.54702758789062,14911500,0.0,0.0
2019-12-17 00:00:00-05:00,197.46066932365696,197.6195630613166,194.76947672439846,197.0137939453125,10175700,0.0,0.0
2019-12-18 00:00:00-05:00,198.70199019346893,202.88279247286235,198.70199019346893,201.09527587890625,23274400,0.0,0.0
2019-12-19 00:00:00-05:00,201.37333888533922,204.86892532139404,201.10520759928502,204.63058471679688,16514600,0.0,0.0
2019-12-20 00:00:00-05:00,206.04071887731888,206.26913429060508,202.0188104648311,204.86891174316406,27306900,0.0,0.0
2019-12-23 00:00:00-05:00,205.26612235288013,207.14301084678556,204.25319383385428,204.74972534179688,13348900,0.0,0.0
2019-12-24 00:00:00-05:00,204.86893545986018,205.35552671636611,203.57795030538406,203.69711303710938,6046300,0.0,0.0
2019-12-26 00:00:00-05:00,204.1440158607498,206.37840813258669,203.8858097225655,206.34860229492188,9350700,0.0,0.0
2019-12-27 00:00:00-05:00,207.222486482387,207.48067744731281,205.15691330415703,206.6564483642578,10284200,0.0,0.0
2019-12-30 00:00:00-05:00,206.4180996272291,206.45781548452317,202.48556302573147,202.99203491210938,10524300,0.0,0.0
2019-12-31 00:00:00-05:00,202.58487351077193,204.1340495307956,202.18765432977014,203.82620239257812,8953500,0.0,0.0
2020-01-02 00:00:00-05:00,205.3157731604751,208.3346779824582,204.83910716814904,208.3247528076172,12077100,0.0,0.0
2020-01-03 00:00:00-05:00,205.77263982302682,208.94049881776732,205.51443368375334,207.22250366210938,11188400,0.0,0.0
2020-01-06 00:00:00-05:00,205.2661472847003,211.30397297299496,205.08740319354132,211.12522888183594,17058900,0.0,0.0
2020-01-07 00:00:00-05:00,211.34370579308143,213.09149147322898,210.28112095451584,211.58203125,14912400,0.0,0.0
2020-01-08 00:00:00-05:00,211.52243429085627,214.73996409850793,211.1351402989765,213.72703552246094,13475000,0.0,0.0
2020-01-09 00:00:00-05:00,216.03095261005296,216.86513717856823,214.77969848669196,216.7856903076172,12642800,0.0,0.0
2020-01-10 00:00:00-05:00,217.6794087300019,218.35469945623274,215.91175778469207,216.5473175048828,12119400,0.0,0.0
2020-01-13 00:00:00-05:00,218.07664755163162,220.43020208489676,217.68935357586722,220.37062072753906,14463400,0.0,0.0
2020-01-14 00:00:00-05:00,220.07273470377893,220.83739760485452,217.1134106328486,217.54042053222656,13288900,0.0,0.0
2020-01-15 00:00:00-05:00,219.0796735588214,220.14224330523513,218.61293264173239,219.6159210205078,10036500,0.0,0.0
2020-01-16 00:00:00-05:00,221.02609731629775,221.08567868749827,218.861211527375,220.2316436767578,10015300,0.0,0.0
2020-01-17 00:00:00-05:00,220.4898072485414,220.74799820928146,219.00021254201002,220.5990447998047,15905900,0.0,0.0
2020-01-21 00:00:00-05:00,220.61892211491747,220.82745689934762,217.6000015291001,219.90391540527344,14275800,0.0,0.0
2020-01-22 00:00:00-05:00,220.7678670861368,221.20481729786243,219.74501325093416,219.7847442626953,12212800,0.0,0.0
2020-01-23 00:00:00-05:00,219.21868788922464,219.95356006699245,217.74895868662998,218.2355499267578,11195000,0.0,0.0
2020-01-24 00:00:00-05:00,219.26835344306713,220.2415511178351,214.61088469869372,216.42819213867188,11905800,0.0,0.0
2020-01-27 00:00:00-05:00,211.6217599875433,214.56121837952216,211.02591604576713,213.3794708251953,13810700,0.0,0.0
2020-01-28 00:00:00-05:00,214.64067241586744,217.22264271252638,212.03885176597643,216.2792205810547,13413800,0.0,0.0
2020-01-29 00:00:00-05:00,219.9039116233613,222.64476052789837,216.93464727874002,221.68148803710938,33181300,0.0,0.0
2020-01-30 00:00:00-05:00,205.09734838568207,209.96335216825562,203.32969704243257,208.0765380859375,48775500,0.0,0.0
2020-01-31 00:00:00-05:00,206.98412922847427,207.24233532558097,199.66525922245705,200.50936889648438,31359900,0.0,0.0
2020-02-03 00:00:00-05:00,202.02876223518646,203.71696649755066,201.0952804840247,202.7735595703125,15495600,0.0,0.0
2020-02-04 00:00:00-05:00,205.18669615551534,209.1390982668606,203.77654834930945,208.3744354248047,19628900,0.0,0.0
2020-02-05 00:00:00-05:00,211.03584180570505,211.25431690809782,207.2622140071557,208.65249633789062,12538200,0.0,0.0
2020-02-06 00:00:00-05:00,209.0099907941408,209.72499743469822,207.88782464797202,209.38735961914062,10567500,0.0,0.0
2020-02-07 00:00:00-05:00,208.84118444877097,211.34370784125605,208.47374077755876,210.8571014404297,12242500,0.0,0.0
2020-02-10 00:00:00-05:00,210.0527206739885,212.31690343236147,209.19868576316776,211.58203125,11856400,0.0,0.0
2020-02-11 00:00:00-05:00,208.731966848272,209.39731740712023,205.07748621038232,205.75277709960938,25030800,0.0,0.0
2020-02-12 00:00:00-05:00,206.40818657433556,209.7548046184871,205.9612960241213,209.29798889160156,13813700,0.0,0.0
2020-02-13 00:00:00-05:00,208.06659993280633,212.84323136318875,207.72894693826518,211.66148376464844,15396600,0.0,0.0
2020-02-14 00:00:00-05:00,212.51550030278202,213.4390416989109,211.1748590761445,212.69424438476562,10741700,0.0,0.0
2020-02-18 00:00:00-05:00,212.0686207636686,216.46788287240472,211.91965221201255,216.2891387939453,15609200,0.0,0.0
2020-02-19 00:00:00-05:00,216.47785484774897,216.80556752577257,214.61089116189638,215.9813232421875,12135100,0.0,0.0
2020-02-20 00:00:00-05:00,215.01802123029682,217.25241314892705,211.47277877932567,213.0914764404297,13109200,0.0,0.0
2020-02-21 00:00:00-05:00,211.999126960116,212.75386468738904,207.3813891572602,208.72201538085938,14092300,0.0,0.0
2020-02-24 00:00:00-05:00,200.40011605752798,202.23727351234467,196.7952925252982,199.32760620117188,23080100,0.0,0.0
2020-02-25 00:00:00-05:00,200.84704217798446,202.0883712396531,194.59074067658602,195.40505981445312,21433500,0.0,0.0
2020-02-26 00:00:00-05:00,195.8221213325324,199.8142393641403,194.13391703950523,195.83204650878906,16524500,0.0,0.0
2020-02-27 00:00:00-05:00,190.4893944804435,194.52122873650944,188.18548053243885,188.43374633789062,21682600,0.0,0.0
2020-02-28 00:00:00-05:00,181.43264087587727,191.4030037393074,180.55875557704405,191.13487243652344,32568900,0.0,0.0
2020-03-02 00:00:00-05:00,192.68403059492923,195.20641933512508,187.53997105000778,195.0773162841797,24949000,0.0,0.0
2020-03-03 00:00:00-05:00,194.85885387343657,195.87178253637236,182.69383020051987,184.6005096435547,27984100,0.0,0.0
2020-03-04 00:00:00-05:00,187.85776425300918,190.4993160091307,185.09704976149453,190.42979431152344,23062500,0.0,0.0
2020-03-05 00:00:00-05:00,185.4843302930154,187.6790064786015,182.61437845213564,183.885498046875,19333400,0.0,0.0
2020-03-06 00:00:00-05:00,177.0929374184928,182.50512806827697,175.0372896096009,179.8337860107422,24559600,0.0,0.0
2020-03-09 00:00:00-04:00,168.42351586713144,173.78605080213518,164.04410375021178,168.32420349121094,29949000,0.0,0.0
2020-03-10 00:00:00-04:00,173.45833205788816,177.05321567652598,168.3241975841464,176.95391845703125,24517800,0.0,0.0
2020-03-11 00:00:00-04:00,172.80291932773585,174.65995778726648,166.49697719617606,169.05908203125,20373900,0.0,0.0
2020-03-12 00:00:00-04:00,158.43329037500783,165.44432903502332,153.26936495743283,153.39846801757812,43266300,0.0,0.0
2020-03-13 00:00:00-04:00,162.39560939830452,169.60524213215632,156.5067524209944,169.09878540039062,35028600,0.0,0.0
2020-03-16 00:00:00-04:00,151.26338787753699,158.02614557592676,142.1073443256875,144.9971466064453,39120400,0.0,0.0
2020-03-17 00:00:00-04:00,149.69434982189327,152.87214898033153,139.02884576991374,148.3834991455078,34255600,0.0,0.0
2020-03-18 00:00:00-04:00,138.78057504637806,147.1520901174455,136.14896376320456,145.94056701660156,37553100,0.0,0.0
2020-03-19 00:00:00-04:00,145.60292811881055,158.82059748400542,143.7955608926163,152.06777954101562,39862300,0.0,0.0
2020-03-20 00:00:00-04:00,154.93772108236993,158.16517640687016,146.9733501618565,148.69134521484375,32568400,0.0,0.0
2020-03-23 00:00:00-04:00,148.6218384828333,151.2534498367458,141.26323671563284,147.07266235351562,29830800,0.0,0.0
2020-03-24 00:00:00-04:00,154.13333322747383,160.1910091561147,151.51164720180952,159.86329650878906,30440400,0.0,0.0
2020-03-25 00:00:00-04:00,157.81759650246724,161.85937086098946,151.99824574432336,155.12640380859375,35184300,0.0,0.0
2020-03-26 00:00:00-04:00,157.1522368550116,162.8623497265207,155.93077347488602,162.20692443847656,26556800,0.0,0.0
2020-03-27 00:00:00-04:00,157.1025847157249,158.9794734322402,153.6765199351577,155.70236206054688,24879900,0.0,0.0
2020-03-30 00:00:00-04:00,158.07577166272898,165.59326635005255,156.96354587711465,164.79881286621094,22515200,0.0,0.0
2020-03-31 00:00:00-04:00,164.33207850408797,169.74426940008115,163.06095894090598,165.64292907714844,23676300,0.0,0.0
2020-04-01 00:00:00-04:00,160.49883521161294,163.0112833580785,156.9436678975495,158.49285888671875,19507600,0.0,0.0
2020-04-02 00:00:00-04:00,157.99634240851967,160.23073434303583,154.83839392820795,157.0926513671875,20886300,0.0,0.0
2020-04-03 00:00:00-04:00,156.05984138061692,156.81457894394947,149.78369122112412,153.11044311523438,25983300,0.0,0.0
2020-04-06 00:00:00-04:00,159.03906110191917,165.0470963294274,157.41043810424367,164.401611328125,28453600,0.0,0.0
2020-04-07 00:00:00-04:00,170.59831779332245,172.1872249496559,164.85841379930383,167.6588592529297,31411900,0.0,0.0
2020-04-08 00:00:00-04:00,170.06206478348858,173.78605160356497,166.57641857495588,173.071044921875,21664200,0.0,0.0
2020-04-09 00:00:00-04:00,174.67981309966032,175.85163557049088,170.37986272210367,173.97474670410156,23534300,0.0,0.0
2020-04-13 00:00:00-04:00,172.46527352296636,173.78604931612182,168.27454586436517,173.57749938964844,19355400,0.0,0.0
2020-04-14 00:00:00-04:00,177.73841487570257,179.9728066681748,175.39478554503634,176.9340362548828,21011800,0.0,0.0
2020-04-15 00:00:00-04:00,173.97471957427308,176.95390874859473,171.6211649754997,175.74237060546875,17423000,0.0,0.0
2020-04-16 00:00:00-04:00,176.71557853489006,176.81489090770748,171.3133127571394,175.02737426757812,23593200,0.0,0.0
2020-04-17 00:00:00-04:00,177.95691205507052,179.02942206702005,175.4345383411281,177.99664306640625,20974800,0.0,0.0
2020-04-20 00:00:00-04:00,176.17934156160146,179.24790313648407,175.54378173554545,177.0035858154297,16110700,0.0,0.0
2020-04-21 00:00:00-04:00,174.03430091743022,174.16340396391308,167.17223154982912,169.61517333984375,24850500,0.0,0.0
2020-04-22 00:00:00-04:00,177.21211504555205,183.49820656646574,176.90426789533163,181.0155487060547,33242000,0.0,0.0
2020-04-23 00:00:00-04:00,182.80304494485074,185.7524433652872,181.8794884445724,183.84576416015625,21426600,0.0,0.0
2020-04-24 00:00:00-04:00,181.95896221208622,189.0891637233697,179.57561664147886,188.75152587890625,28792000,0.0,0.0
2020-04-27 00:00:00-04:00,191.32353463768214,192.40596974690754,186.10995352195948,186.19932556152344,29197800,0.0,0.0
2020-04-28 00:00:00-04:00,187.35127137334757,187.88751873222733,181.2935809424406,181.6411590576172,21731000,0.0,0.0
2020-04-29 00:00:00-04:00,189.60554562057973,195.54407434511168,188.68200413690053,192.8429412841797,45954500,0.0,0.0
2020-04-30 00:00:00-04:00,205.48462382999278,208.2354129802487,200.17174510415327,203.2899627685547,46230100,0.0,0.0
2020-05-01 00:00:00-04:00,200.20153184952505,205.8421231201503,197.66921785286402,200.86688232421875,30415600,0.0,0.0
2020-05-04 00:00:00-04:00,198.8112387706745,204.48163600083174,197.38122541616488,203.8361358642578,19250700,0.0,0.0
2020-05-05 00:00:00-04:00,205.5839345108894,208.9206272515868,205.06753743771432,205.6335906982422,21071200,0.0,0.0
2020-05-06 00:00:00-04:00,206.67630183463817,210.13217257206165,205.226438093887,207.0238800048828,21857000,0.0,0.0
2020-05-07 00:00:00-04:00,209.6951974156033,210.13214758236722,207.58989344418978,209.79449462890625,15152000,0.0,0.0
2020-05-08 00:00:00-04:00,210.767715579033,211.73098798812205,209.38735849068996,210.876953125,12506000,0.0,0.0
2020-05-11 00:00:00-04:00,209.4270943674289,213.50858466173128,208.91069726867917,211.70120239257812,12911900,0.0,0.0
2020-05-12 00:00:00-04:00,211.81042141907403,213.7866224383497,208.54325049527515,208.64256286621094,14704600,0.0,0.0
2020-05-13 00:00:00-04:00,207.97721152556448,209.31785286047747,200.70799703194544,203.67726135253906,20684600,0.0,0.0
2020-05-14 00:00:00-04:00,201.1548930991946,205.49457473049782,199.2978696373679,205.3754119873047,17178900,0.0,0.0
2020-05-15 00:00:00-04:00,203.8460752067552,209.87396059341705,202.70404350277974,209.4171600341797,19383200,0.0,0.0
2020-05-18 00:00:00-04:00,210.6783265158623,213.15105904194039,209.47672867382445,211.71112060546875,20151900,0.0,0.0
2020-05-19 00:00:00-04:00,211.7905905973803,218.9605080354322,211.35364036967425,215.37554931640625,31843200,0.0,0.0
2020-05-20 00:00:00-04:00,221.94960578752458,229.7352169578622,221.64175864692064,228.37472534179688,50162900,0.0,0.0
2020-05-21 00:00:00-04:00,233.0917836984901,235.55457606680287,229.59619716889247,229.78488159179688,47782600,0.0,0.0
2020-05-22 00:00:00-04:00,229.90403290997045,234.35296650971358,227.15325903208213,233.28045654296875,33925600,0.0,0.0
2020-05-26 00:00:00-04:00,238.106759349573,239.2289104221864,230.0629416507242,230.58926391601562,33178300,0.0,0.0
2020-05-27 00:00:00-04:00,227.48098479150323,228.96063919848814,219.5960608954578,227.5504913330078,34697600,0.0,0.0
2020-05-28 00:00:00-04:00,222.74405452930415,230.02320881081164,222.44613257116544,223.89601135253906,29377200,0.0,0.0
2020-05-29 00:00:00-04:00,223.63781726400154,225.91194035211126,221.33391864671273,223.52857971191406,23241500,0.0,0.0
2020-06-01 00:00:00-04:00,223.03205506808072,230.82760706110014,221.94961984291297,230.30128479003906,18223800,0.0,0.0
2020-06-02 00:00:00-04:00,229.33801584580564,231.38372359561376,224.9883942185433,231.1056671142578,20919000,0.0,0.0
2020-06-03 00:00:00-04:00,230.49990100433388,231.03614846747342,226.9447329138443,228.5634307861328,15380300,0.0,0.0
2020-06-04 00:00:00-04:00,227.96756598637603,230.0232139054159,223.05190660350496,224.72024536132812,17041500,0.0,0.0
2020-06-05 00:00:00-04:00,225.1373554519171,229.74516790371774,223.7470579375046,229.169189453125,16750400,0.0,0.0
2020-06-08 00:00:00-04:00,227.44126016278338,229.94378363306654,225.83250265121504,229.79481506347656,15466500,0.0,0.0
2020-06-09 00:00:00-04:00,229.9139785100873,238.10674927591717,228.81167783729438,237.01437377929688,27462900,0.0,0.0
2020-06-10 00:00:00-04:00,239.28848199176275,239.53674775716414,233.64787592231463,235.0878143310547,20720700,0.0,0.0
2020-06-11 00:00:00-04:00,228.34494129684717,231.27447453517047,221.9992684255599,222.87315368652344,26708200,0.0,0.0
2020-06-12 00:00:00-04:00,228.30518959717867,230.05299026660725,222.94265517747104,226.99435424804688,22091400,0.0,0.0
2020-06-15 00:00:00-04:00,223.52857512227231,232.14837092497856,223.24059348337713,230.88717651367188,15340300,0.0,0.0
2020-06-16 00:00:00-04:00,235.49500469382681,236.80585538039534,231.38372368595373,234.0153350830078,15236700,0.0,0.0
2020-06-17 00:00:00-04:00,233.36984167994,235.94187161749386,230.122520916719,233.8961639404297,19578100,0.0,0.0
2020-06-18 00:00:00-04:00,233.35989208123488,234.5019085300386,230.53958149687725,234.3032989501953,15782500,0.0,0.0
2020-06-19 00:00:00-04:00,236.14049695838526,239.1594176397605,233.91604503836373,237.13356018066406,30081300,0.0,0.0
2020-06-22 00:00:00-04:00,236.9051520508348,239.03030667014116,235.2666038494182,237.56057739257812,18917800,0.0,0.0
2020-06-23 00:00:00-04:00,239.60625362629182,243.48913382308788,238.19610590108232,240.55960083007812,24017900,0.0,0.0
2020-06-24 00:00:00-04:00,239.52680720640186,241.53279883180676,231.06590568655074,232.39662170410156,20834900,0.0,0.0
2020-06-25 00:00:00-04:00,232.99246051513478,235.6538775122826,231.12551218438674,234.04510498046875,18704300,0.0,0.0
2020-06-26 00:00:00-04:00,231.0261919581322,231.47306730896577,213.90577917927885,214.58106994628906,76343900,0.0,0.0
2020-06-29 00:00:00-04:00,208.29499427138418,219.21868884580718,205.6733081796403,219.1094512939453,58514300,0.0,0.0
2020-06-30 00:00:00-04:00,219.05981245951153,225.92188295883548,216.95452327824324,225.494873046875,33927100,0.0,0.0
2020-07-01 00:00:00-04:00,226.91492118776134,237.34208386816175,225.98143943761693,235.9021453857422,43399700,0.0,0.0
2020-07-02 00:00:00-04:00,237.34209065284438,238.33515379365124,230.99641778920605,231.80079650878906,30633600,0.0,0.0
2020-07-06 00:00:00-04:00,232.13844402385732,238.73238294777047,230.65878958021196,238.61322021484375,26206200,0.0,0.0
2020-07-07 00:00:00-04:00,237.74925517175492,245.9320859260207,237.16335154307643,239.18919372558594,27887800,0.0,0.0
2020-07-08 00:00:00-04:00,236.45824835678053,245.27665327302586,234.9487882465809,241.8903045654297,29791300,0.0,0.0
2020-07-09 00:00:00-04:00,243.3004713936086,244.8198567986477,237.58043311304624,242.80393981933594,22174900,0.0,0.0
2020-07-10 00:00:00-04:00,241.9995479389582,243.7870645397628,237.65986706465105,243.36997985839844,22982700,0.0,0.0
2020-07-13 00:00:00-04:00,245.29653273558316,248.41475054134605,236.76612358309998,237.34210205078125,24674900,0.0,0.0
2020-07-14 00:00:00-04:00,235.11763300398982,238.66287582943255,230.42044840616765,238.06703186035156,23378100,0.0,0.0
2020-07-15 00:00:00-04:00,239.87441469910402,243.1217355478314,236.3986935612866,238.61322021484375,19133600,0.0,0.0
2020-07-16 00:00:00-04:00,236.34902975302458,240.08294174280346,234.69061611050546,239.25869750976562,18880700,0.0,0.0
2020-07-17 00:00:00-04:00,239.32823557507598,242.46631898114825,236.2100176761906,240.35108947753906,18152400,0.0,0.0
2020-07-20 00:00:00-04:00,238.39475557649232,244.34320975447818,234.00541793652556,243.7175750732422,20872200,0.0,0.0
2020-07-21 00:00:00-04:00,244.51200673910438,245.197222727922,238.41459968566969,240.07301330566406,19364200,0.0,0.0
2020-07-22 00:00:00-04:00,238.59334871272105,240.22197168454048,236.46819416226228,238.2060546875,15427900,0.0,0.0
2020-07-23 00:00:00-04:00,237.96772874083234,240.73836827667793,230.14238622854305,230.9864959716797,21771800,0.0,0.0
2020-07-24 00:00:00-04:00,228.59320680579518,231.87031820103158,225.32602058690804,229.10960388183594,18325800,0.0,0.0
2020-07-27 00:00:00-04:00,229.85440683416718,233.320187582074,229.2287721912869,231.8802490234375,13163100,0.0,0.0
2020-07-28 00:00:00-04:00,233.00240603548232,233.33011868532122,228.23570000146154,228.523681640625,14170100,0.0,0.0
2020-07-29 00:00:00-04:00,229.53659709915772,232.07883613062532,228.71235293376256,231.6716766357422,13588300,0.0,0.0
2020-07-30 00:00:00-04:00,228.6229972484639,233.26060029280399,227.4114590057178,232.87330627441406,20615300,0.0,0.0
2020-07-31 00:00:00-04:00,254.04540354447278,254.07519422453737,247.27270608824304,251.91030883789062,53005100,0.0,0.0
2020-08-03 00:00:00-04:00,250.89740484105712,253.62832856946062,248.5935061569881,250.2122039794922,23124900,0.0,0.0
2020-08-04 00:00:00-04:00,249.81494925379172,251.0463529441859,245.7135938307086,248.09695434570312,17183500,0.0,0.0
2020-08-05 00:00:00-04:00,248.45447634230445,250.52004954939835,246.05126529491073,247.3918914794922,13050100,0.0,0.0
2020-08-06 00:00:00-04:00,247.3124093049685,264.7506087683913,246.94498083432288,263.43975830078125,45241600,0.0,0.0
2020-08-07 00:00:00-04:00,262.2480796396627,276.95537144468835,261.60259471161845,266.5778503417969,72766400,0.0,0.0
2020-08-10 00:00:00-04:00,266.18067581109176,271.9602807588989,257.8885918056996,261.1756286621094,30248800,0.0,0.0
2020-08-11 00:00:00-04:00,258.3851054810181,264.0753682859589,253.3602083264652,254.353271484375,28238300,0.0,0.0
2020-08-12 00:00:00-04:00,257.17358772555446,262.06938221107424,256.3195375825832,258.08721923828125,21415700,0.0,0.0
2020-08-13 00:00:00-04:00,259.73563148791175,263.32060489725797,257.7693860228514,259.48736572265625,17374000,0.0,0.0
2020-08-14 00:00:00-04:00,260.4903802041066,260.82801802252544,256.8855562901596,259.42779541015625,14792700,0.0,0.0
2020-08-17 00:00:00-04:00,260.67912039591056,262.2680277623583,257.60061805577186,259.3484191894531,13351100,0.0,0.0
2020-08-18 00:00:00-04:00,259.1398301580622,263.31067702818365,257.46155108105154,260.5201721191406,18690400,0.0,0.0
2020-08-19 00:00:00-04:00,259.5768054733447,266.05156665412864,259.5370744595321,260.7684631347656,23291500,0.0,0.0
2020-08-20 00:00:00-04:00,259.68600713336025,267.7596151868681,259.6462761227217,267.1439208984375,20299700,0.0,0.0
2020-08-21 00:00:00-04:00,266.8261145370488,268.6136159127902,264.57187231345904,265.15777587890625,15538600,0.0,0.0
2020-08-24 00:00:00-04:00,269.1896282983901,275.32675113135093,266.9055649296417,269.5074157714844,23685600,0.0,0.0
2020-08-25 00:00:00-04:00,270.5203146993002,281.1262210199146,268.38523515868263,278.8719787597656,42127200,0.0,0.0
2020-08-26 00:00:00-04:00,282.02992833374987,302.5565565227695,282.02992833374987,301.80181884765625,69015200,0.0,0.0
2020-08-27 00:00:00-04:00,298.0778347134501,299.1404195430055,289.99428623484147,291.18597412109375,30301300,0.0,0.0
2020-08-28 00:00:00-04:00,292.95356445952365,295.1681057043668,288.9614623895464,291.62286376953125,17157400,0.0,0.0
2020-08-31 00:00:00-04:00,291.9108738920913,294.82054113810705,289.52749850519757,291.16607666015625,17345100,0.0,0.0
2020-09-01 00:00:00-04:00,292.66564743568614,299.39861472518686,290.67952103399404,293.3905944824219,17295900,0.0,0.0
2020-09-02 00:00:00-04:00,296.8066973205317,301.4939562564885,291.0171226099811,300.4015808105469,24341400,0.0,0.0
2020-09-03 00:00:00-04:00,293.93676837981997,295.53561589909145,281.6625217116018,289.1005554199219,32294100,0.0,0.0
2020-09-04 00:00:00-04:00,285.25737204081344,286.9952324448915,269.2591402392374,280.76873779296875,30333700,0.0,0.0
2020-09-08 00:00:00-04:00,269.3981849524166,277.3625409438043,267.55110193854256,269.2790222167969,24864000,0.0,0.0
2020-09-09 00:00:00-04:00,273.8569952231671,276.5482179957205,269.4676733718574,271.82122802734375,22918800,0.0,0.0
2020-09-10 00:00:00-04:00,273.5988586209002,277.22353332836695,265.17767156883707,266.2303161621094,24814700,0.0,0.0
2020-09-11 00:00:00-04:00,268.1866391651495,269.5074301618983,260.8181273628567,264.76055908203125,18913900,0.0,0.0
2020-09-14 00:00:00-04:00,269.070493648813,274.7210258385008,263.8569117037533,264.30377197265625,24093800,0.0,0.0
2020-09-15 00:00:00-04:00,268.7924129456855,272.6156817829718,267.43189098943856,270.5302734375,18478500,0.0,0.0
2020-09-16 00:00:00-04:00,265.43585349381885,270.5501225712264,259.974006258438,261.6919860839844,29183400,0.0,0.0
2020-09-17 00:00:00-04:00,256.48835829972296,259.6860229687823,248.45448076695496,253.0523681640625,31281400,0.0,0.0
2020-09-18 00:00:00-04:00,256.60753565864735,257.40200443573826,248.3154666801322,250.77825927734375,28130800,0.0,0.0
2020-09-21 00:00:00-04:00,245.82283502413392,248.21612075050732,242.43650134295507,246.42860412597656,24709400,0.0,0.0
2020-09-22 00:00:00-04:00,251.5528356947217,253.5489024160918,246.49814766498469,252.98284912109375,30293100,0.0,0.0
2020-09-23 00:00:00-04:00,253.48930721499917,256.20036551072144,246.42862725025063,247.2926025390625,19641300,0.0,0.0
2020-09-24 00:00:00-04:00,244.79006167478678,250.49024949906772,243.91616127098237,247.79904174804688,20006800,0.0,0.0
2020-09-25 00:00:00-04:00,247.66995236488185,253.97590965302513,244.8993127450523,253.0523681640625,18351300,0.0,0.0
2020-09-28 00:00:00-04:00,257.60058764247265,257.799212404536,253.0523715277064,255.0384979248047,18826300,0.0,0.0
2020-09-29 00:00:00-04:00,256.021596951166,261.50329438654944,255.1179058879375,259.9739990234375,20200200,0.0,0.0
2020-09-30 00:00:00-04:00,260.162683455331,264.2342179457792,258.2957199668565,260.0832214355469,20142500,0.0,0.0
2020-10-01 00:00:00-04:00,263.5093064368688,266.46861515536716,262.9631035342646,264.7804260253906,20009800,0.0,0.0
2020-10-02 00:00:00-04:00,259.39802012625506,263.31069140999944,257.38210311911837,258.1368408203125,16367600,0.0,0.0
2020-10-05 00:00:00-04:00,260.3811312601421,263.032592504327,259.03054981829627,262.8141174316406,12822300,0.0,0.0
2020-10-06 00:00:00-04:00,259.9640440055981,263.8469241676368,256.4485923231029,256.8656921386719,18696900,0.0,0.0
2020-10-07 00:00:00-04:00,257.4119030223598,258.3751755364846,253.05237134297118,256.3294677734375,23133400,0.0,0.0
2020-10-08 00:00:00-04:00,257.9481657635735,262.7843786904496,257.3523217834048,261.93035888671875,16312800,0.0,0.0
2020-10-09 00:00:00-04:00,262.6850614584868,262.91347690000043,260.3513872302378,262.6155700683594,14107800,0.0,0.0
2020-10-12 00:00:00-04:00,268.32569985520615,278.23645160516094,266.0118455322542,273.8371887207031,31019300,0.0,0.0
2020-10-13 00:00:00-04:00,275.6544397582597,277.163915053948,271.49353328395597,274.2244567871094,18063300,0.0,0.0
2020-10-14 00:00:00-04:00,275.6941715525807,276.8163376987398,269.6166302608354,269.9344177246094,15577800,0.0,0.0
2020-10-15 00:00:00-04:00,265.7436818389125,267.17369507474285,261.8409512729869,264.8697814941406,15416100,0.0,0.0
2020-10-16 00:00:00-04:00,265.52525043208055,269.4875630091497,263.45966194903065,264.0852966308594,16622700,0.0,0.0
2020-10-19 00:00:00-04:00,263.68805608352665,266.6870958759029,258.07725536685854,259.5867004394531,13587000,0.0,0.0
2020-10-20 00:00:00-04:00,261.23519522464017,267.8291492240227,261.05645112735016,265.7039794921875,18763200,0.0,0.0
2020-10-21 00:00:00-04:00,277.6207378870773,281.086518658816,274.4528639445289,276.7965087890625,28998600,0.0,0.0
2020-10-22 00:00:00-04:00,277.9285954791895,280.49071552993775,273.1321135138718,276.19073486328125,16720000,0.0,0.0
2020-10-23 00:00:00-04:00,276.8660143313567,283.2613439092059,274.8997685464257,282.8144836425781,17535200,0.0,0.0
2020-10-26 00:00:00-04:00,281.19576383511253,283.25141181911437,272.3575079038966,275.1877136230469,21322900,0.0,0.0
2020-10-27 00:00:00-04:00,276.82631492945694,282.5364284862138,274.39329790031104,281.32489013671875,16287200,0.0,0.0
2020-10-28 00:00:00-04:00,276.8560900388456,276.8560900388456,265.4060728848971,265.813232421875,23121800,0.0,0.0
2020-10-29 00:00:00-04:00,274.6315881178936,281.6327011547713,271.88081424165927,278.88189697265625,32368100,0.0,0.0
2020-10-30 00:00:00-04:00,272.5957920976971,274.78054280880923,257.3026280375446,261.2847900390625,47247800,0.0,0.0
2020-11-02 00:00:00-05:00,262.76451171981944,268.59378747638186,255.55486365806064,259.5469665527344,27165700,0.0,0.0
2020-11-03 00:00:00-05:00,261.3344557224949,268.176643850318,259.07027335532734,263.4595947265625,17961900,0.0,0.0
2020-11-04 00:00:00-05:00,279.0507571094763,286.9356812828767,276.6872618622412,285.3865051269531,35364400,0.0,0.0
2020-11-05 00:00:00-05:00,289.8751194712088,295.3171162940273,286.9456014426084,292.6358337402344,23823600,0.0,0.0
2020-11-06 00:00:00-05:00,291.91095747039725,292.5564425283772,286.0618003207486,291.37469482421875,13891000,0.0,0.0
2020-11-09 00:00:00-05:00,287.8591877997786,290.55038023895384,276.59785620125297,276.836181640625,25117700,0.0,0.0
2020-11-10 00:00:00-05:00,271.2055267150673,272.0992774044901,262.1686468422825,270.5401611328125,29067700,0.0,0.0
2020-11-11 00:00:00-05:00,271.573003757464,276.4687982266486,270.5898808538926,274.5621337890625,14957000,0.0,0.0
2020-11-12 00:00:00-05:00,275.2572220125929,277.80940144584633,272.52629849525215,273.1717834472656,12899500,0.0,0.0
2020-11-13 00:00:00-05:00,275.7934561898012,275.8331871952478,271.205510001739,275.02880859375,10391200,0.0,0.0
2020-11-16 00:00:00-05:00,273.1420215872313,277.4717929070027,272.724952013687,277.02490234375,12970400,0.0,0.0
2020-11-17 00:00:00-05:00,275.75374796451496,275.75374796451496,271.39421681528063,273.09234619140625,15040300,0.0,0.0
2020-11-18 00:00:00-05:00,272.6157036238992,275.46582051575615,269.9543014737679,270.0834045410156,12152900,0.0,0.0
2020-11-19 00:00:00-05:00,269.13996677472807,271.5729836396384,267.3226745261001,271.0466613769531,12963700,0.0,0.0
2020-11-20 00:00:00-05:00,270.6692780192734,271.1062282108236,267.5411352934016,267.8291320800781,18114700,0.0,0.0
2020-11-23 00:00:00-05:00,269.0109200775067,269.0705014484208,262.6950220076369,266.5679626464844,20990800,0.0,0.0
2020-11-24 00:00:00-05:00,266.62750877747334,275.89280470654967,266.01181448881255,274.9990539550781,16930400,0.0,0.0
2020-11-25 00:00:00-05:00,276.21058223535215,278.23640911751494,270.75864526649195,273.6782531738281,12467000,0.0,0.0
2020-11-27 00:00:00-05:00,275.46577350859377,277.1936935147158,272.91359420110894,275.8828430175781,7808400,0.0,0.0
2020-11-30 00:00:00-05:00,274.1152546690121,275.7736836733541,269.1300879371217,275.0487365722656,16693300,0.0,0.0
2020-12-01 00:00:00-05:00,277.2235343635581,287.2931797363589,277.02490959560544,284.562255859375,20738900,0.0,0.0
2020-12-02 00:00:00-05:00,283.3804623158279,289.7559405419843,278.88188783354457,285.5254821777344,17361600,0.0,0.0
2020-12-03 00:00:00-05:00,284.26433893037,284.6615581463012,279.12027886523424,279.8948669433594,12921700,0.0,0.0
2020-12-04 00:00:00-05:00,278.3555792498037,281.4936623325887,277.36251613395586,277.759765625,10880300,0.0,0.0
2020-12-07 00:00:00-05:00,277.2533105694201,286.4887859851163,276.2701877229296,283.5989685058594,13007700,0.0,0.0
2020-12-08 00:00:00-05:00,284.0259925324439,284.4430620713791,279.5969091988282,281.43408203125,10747700,0.0,0.0
2020-12-09 00:00:00-05:00,281.69226815135886,285.63472966861826,269.86488359958065,275.9920959472656,25189700,0.0,0.0
2020-12-10 00:00:00-05:00,273.62863587076913,276.7965098251757,269.9741403523532,275.1976623535156,20065100,0.0,0.0
2020-12-11 00:00:00-05:00,272.6256175544194,274.56210276384803,268.37530860630324,271.65240478515625,14391400,0.0,0.0
2020-12-14 00:00:00-05:00,271.4736753078326,275.29697459285813,269.67623338550675,272.2879943847656,16376900,0.0,0.0
2020-12-15 00:00:00-05:00,272.92351265801767,274.1648415067269,265.6145829436402,273.6385192871094,23979500,0.0,0.0
2020-12-16 00:00:00-05:00,272.8540298801992,275.93250127738247,270.6196378820546,273.7577209472656,15885000,0.0,0.0
2020-12-17 00:00:00-05:00,275.1480187332912,278.49463675445423,271.7119983579931,272.57598876953125,16377800,0.0,0.0
2020-12-18 00:00:00-05:00,273.8569399984292,276.0714811349139,269.2590843127208,274.4825744628906,26693200,0.0,0.0
2020-12-21 00:00:00-05:00,271.0863895010287,272.7646686484044,265.932389329885,270.897705078125,16553700,0.0,0.0
2020-12-22 00:00:00-05:00,269.6166559548355,269.6166559548355,262.7943166917705,265.23724365234375,17312900,0.0,0.0
2020-12-23 00:00:00-05:00,265.0386142325745,270.2819859692725,264.3831889772523,266.2501220703125,14329000,0.0,0.0
2020-12-24 00:00:00-05:00,267.01481880298417,268.5242638479774,264.35341689238487,265.5450744628906,6702000,0.0,0.0
2020-12-28 00:00:00-05:00,266.8758095415437,275.37642858276274,263.81718804969347,275.0785217285156,23299700,0.0,0.0
2020-12-29 00:00:00-05:00,275.02881940193726,278.5641213786778,274.3634538345385,274.8599853515625,16383000,0.0,0.0
2020-12-30 00:00:00-05:00,276.02191065990667,276.15098341059274,269.8251760858184,269.98406982421875,11803800,0.0,0.0
2020-12-31 00:00:00-05:00,270.1132102031671,275.16789862504214,267.93839921125164,271.2651672363281,12900400,0.0,0.0
2021-01-04 00:00:00-05:00,272.87388692508046,273.0923620269373,263.3603554297846,267.07440185546875,15106100,0.0,0.0
2021-01-05 00:00:00-05:00,266.4289299730203,270.51040511016924,266.34946794704973,269.09033203125,9871600,0.0,0.0
2021-01-06 00:00:00-05:00,260.18254915137,265.89266234839437,258.2063631514997,261.48345947265625,24354100,0.0,0.0
2021-01-07 00:00:00-05:00,264.0554674234832,269.7258491356457,262.94324162066465,266.8757629394531,15789800,0.0,0.0
2021-01-08 00:00:00-05:00,266.44875469224866,267.08432961533265,261.35433620233744,265.7138977050781,18528300,0.0,0.0
2021-01-11 00:00:00-05:00,258.67309874273616,261.6423478463724,254.12485257045407,255.05833435058594,30412300,0.0,0.0
2021-01-12 00:00:00-05:00,254.8497991205477,257.9183605943093,248.56370760987795,249.3482208251953,26383500,0.0,0.0
2021-01-13 00:00:00-05:00,249.80500662668737,252.1883518222425,247.47130245996274,249.89437866210938,19528900,0.0,0.0
2021-01-14 00:00:00-05:00,251.64219985880376,253.2608976661095,242.91318130890528,243.93603515625,29739400,0.0,0.0
2021-01-15 00:00:00-05:00,246.1803582278421,252.09902149522745,245.44550116665312,249.61636352539062,24942900,0.0,0.0
2021-01-19 00:00:00-05:00,255.11791059696782,260.38116333981225,250.9669140103909,259.2887878417969,28028500,0.0,0.0
2021-01-20 00:00:00-05:00,267.064434937094,268.44480710364064,261.7714222910091,265.62451171875,25199900,0.0,0.0
2021-01-21 00:00:00-05:00,267.39219883730624,271.70208935816214,265.6344576307383,270.9771423339844,20838700,0.0,0.0
2021-01-22 00:00:00-05:00,270.1231077356851,276.5382869759463,270.1131674066485,272.5958251953125,21954000,0.0,0.0
2021-01-25 00:00:00-05:00,276.2106155172923,278.1570109214201,269.626601592223,276.0815124511719,19087000,0.0,0.0
2021-01-26 00:00:00-05:00,276.21056454490656,283.41027148201056,275.88283677509816,280.0934143066406,19373600,0.0,0.0
2021-01-27 00:00:00-05:00,280.57013844262696,281.4837699008926,266.26009441224045,270.2522277832031,35346200,0.0,0.0
2021-01-28 00:00:00-05:00,275.25724544437986,284.800598380068,262.8638363318904,263.1617431640625,37758800,0.0,0.0
2021-01-29 00:00:00-05:00,263.45964586527754,264.71091515254716,253.08215396222317,256.5379943847656,30389500,0.0,0.0
2021-02-01 00:00:00-05:00,257.719666165677,262.3374327747504,253.14166086308447,260.1924133300781,22914300,0.0,0.0
2021-02-02 00:00:00-05:00,262.16864356397065,266.9850053875906,261.4436966318781,265.2272644042969,17320800,0.0,0.0
2021-02-03 00:00:00-05:00,263.7774390975395,267.3326222811993,262.0097878354705,264.80029296875,14223400,0.0,0.0
2021-02-04 00:00:00-05:00,265.157769593735,266.2997860181599,262.168640172673,264.641357421875,16060000,0.0,0.0
2021-02-05 00:00:00-05:00,264.94923410714415,267.3028192101267,263.82709821386266,266.240234375,12454400,0.0,0.0
2021-02-08 00:00:00-05:00,266.88576516551876,267.9880508952835,263.16177774460454,264.7308044433594,13755200,0.0,0.0
2021-02-09 00:00:00-05:00,264.5917418731132,271.4935427252664,263.9065258912956,267.58087158203125,14613400,0.0,0.0
2021-02-10 00:00:00-05:00,270.5600634141554,271.900674402498,265.86286387269195,269.98406982421875,14687200,0.0,0.0
2021-02-11 00:00:00-05:00,270.00393789566357,271.6821866351648,266.627499147351,268.51434326171875,12828600,0.0,0.0
2021-02-12 00:00:00-05:00,268.64344654533176,269.29887189548083,266.4785760379777,268.62359619140625,9097600,0.0,0.0
2021-02-16 00:00:00-05:00,268.9214652817526,274.68124922947464,268.17666798465854,272.0694885253906,15417200,0.0,0.0
2021-02-17 00:00:00-05:00,269.35844805841447,272.0695214581162,267.70995953793226,271.67230224609375,12763200,0.0,0.0
2021-02-18 00:00:00-05:00,267.70001482832095,270.0635097465597,264.1845631303574,267.5212707519531,15249100,0.0,0.0
2021-02-19 00:00:00-05:00,267.9879863347758,268.3951458314142,258.3453523815268,259.7455749511719,25622600,0.0,0.0
2021-02-22 00:00:00-05:00,256.16058363914243,261.24506076797337,255.74348389231878,258.5240478515625,17434900,0.0,0.0
2021-02-23 00:00:00-05:00,257.6999099486897,265.604684827942,253.19140952092832,264.0157775878906,21924600,0.0,0.0
2021-02-24 00:00:00-05:00,260.5102256472287,264.53214932336675,256.5975849753341,262.47650146484375,15736100,0.0,0.0
2021-02-25 00:00:00-05:00,260.480444082425,265.08827150301914,252.2777481716755,252.92324829101562,19053100,0.0,0.0
2021-02-26 00:00:00-05:00,254.69089973234236,263.7078995320883,254.69089973234236,255.83291625976562,26619500,0.0,0.0
2021-03-01 00:00:00-05:00,259.01076266266045,264.8003080425841,256.1110046545927,263.0723876953125,22157300,0.0,0.0
2021-03-02 00:00:00-05:00,263.93636774976153,264.85990936315216,256.85582143532537,257.2033996582031,15191700,0.0,0.0
2021-03-03 00:00:00-05:00,258.48441285340874,259.1795388669576,253.33041273917416,253.6382598876953,15513500,0.0,0.0
2021-03-04 00:00:00-05:00,254.69087089031518,264.64135132099676,251.74147254413108,255.85276794433594,31626500,0.0,0.0
2021-03-05 00:00:00-05:00,258.8617730445713,263.6086134766132,253.83686100228493,262.44671630859375,26820100,0.0,0.0
2021-03-08 00:00:00-05:00,263.7079128586234,263.7377035415093,253.28076471915193,253.53895568847656,18391800,0.0,0.0
2021-03-09 00:00:00-05:00,259.36824065418534,266.66726127339814,258.0077489120371,263.8966064453125,22039700,0.0,0.0
2021-03-10 00:00:00-05:00,266.77648503964184,267.1041825272053,261.04649157172383,263.0624084472656,14210300,0.0,0.0
2021-03-11 00:00:00-05:00,266.2501693141146,275.972266867677,265.9622027962827,271.98016357421875,21834000,0.0,0.0
2021-03-12 00:00:00-05:00,267.2730343215098,267.86884797479286,262.1885254683939,266.53814697265625,20600200,0.0,0.0
2021-03-15 00:00:00-04:00,267.21339535013044,274.0456740646534,266.6374321088399,271.85101318359375,16844800,0.0,0.0
2021-03-16 00:00:00-04:00,274.16486760719044,280.18285832005444,272.8937479573369,277.3426818847656,22437700,0.0,0.0
2021-03-17 00:00:00-04:00,273.7974141829572,284.2444572139667,273.4995073803498,282.03985595703125,21315000,0.0,0.0
2021-03-18 00:00:00-04:00,277.92858482314426,283.2116881663582,276.3496180179357,276.687255859375,18728300,0.0,0.0
2021-03-19 00:00:00-04:00,279.2691890055399,290.76884566116183,279.2493386548787,288.0975036621094,38930500,0.0,0.0
2021-03-22 00:00:00-04:00,288.43516209398456,297.6309049176878,284.7608168509757,291.50372314453125,28273100,0.0,0.0
2021-03-23 00:00:00-04:00,291.11646090364803,295.9328233174748,287.79963356760106,288.61395263671875,23000900,0.0,0.0
2021-03-24 00:00:00-04:00,288.98135511711854,289.69636174407646,279.2096180859463,280.1828308105469,18675000,0.0,0.0
2021-03-25 00:00:00-04:00,279.0308476549715,286.06172023452035,275.8232433122774,276.8063659667969,24505600,0.0,0.0
2021-03-26 00:00:00-04:00,276.3694427158467,282.5264459269405,275.84312049630233,281.05670166015625,17629200,0.0,0.0
2021-03-29 00:00:00-04:00,283.7876855406201,291.14628815797516,282.7251308525413,288.80267333984375,21718800,0.0,0.0
2021-03-30 00:00:00-04:00,287.8194588480045,290.4411599233507,284.71119686771675,286.0021667480469,17474500,0.0,0.0
2021-03-31 00:00:00-04:00,287.9783624230208,294.4432129861294,286.60793047822534,292.48687744140625,19498200,0.0,0.0
2021-04-01 00:00:00-04:00,296.3300202168841,300.3022725798608,294.54251877589684,296.5882263183594,17616000,0.0,0.0
2021-04-05 00:00:00-04:00,298.80276535214335,308.614203147411,298.5942002846461,306.7671203613281,28237000,0.0,0.0
2021-04-06 00:00:00-04:00,306.6976489192928,309.1902473618839,303.1325555067955,304.13555908203125,17335200,0.0,0.0
2021-04-07 00:00:00-04:00,304.2150051538261,312.07013942816747,303.3808356254739,310.9181823730469,22855200,0.0,0.0
2021-04-08 00:00:00-04:00,312.6659247488208,313.688778534992,307.8992036600971,310.8486022949219,20894100,0.0,0.0
2021-04-09 00:00:00-04:00,309.23980561783935,312.5566323311916,308.1772209568356,310.2924499511719,15988600,0.0,0.0
2021-04-12 00:00:00-04:00,308.8922542226104,309.984629655204,305.79390230898474,309.3788757324219,10881900,0.0,0.0
2021-04-13 00:00:00-04:00,310.0441922328414,312.2487933156605,307.1742559081195,307.6112060546875,14036900,0.0,0.0
2021-04-14 00:00:00-04:00,305.1682943929614,305.89324140381507,299.85543077610873,300.7193908691406,17421400,0.0,0.0
2021-04-15 00:00:00-04:00,304.2149480766785,307.9886060607909,301.99049641842674,305.6846923828125,14558300,0.0,0.0
2021-04-16 00:00:00-04:00,306.03227702070234,306.8068650471184,302.4969444090367,304.0560607910156,13059200,0.0,0.0
2021-04-19 00:00:00-04:00,302.8942064698286,305.56554881533964,298.4750632513306,300.1434020996094,14553500,0.0,0.0
2021-04-20 00:00:00-04:00,299.8951118354893,302.9835537939867,295.1482714936018,300.550537109375,16796400,0.0,0.0
2021-04-21 00:00:00-04:00,299.8554654577514,299.88525614351255,295.3270993867448,299.3787841796875,14863500,0.0,0.0
2021-04-22 00:00:00-04:00,299.2397360604261,300.8187332985432,293.9864532833794,294.4631042480469,16375400,0.0,0.0
2021-04-23 00:00:00-04:00,296.68755239289857,300.49097087154496,295.0887049838903,299.0411071777344,17536800,0.0,0.0
2021-04-26 00:00:00-04:00,301.23580358211467,303.67873069928305,299.4681522036944,300.9378967285156,16172600,0.0,0.0
2021-04-27 00:00:00-04:00,302.1692386782204,303.2218831391314,299.0212153184825,301.46417236328125,15309300,0.0,0.0
2021-04-28 00:00:00-04:00,305.2278718530595,308.7632045092743,303.25168590435214,304.9696960449219,33907200,0.0,0.0
2021-04-29 00:00:00-04:00,327.82999712931587,329.50827625117904,319.3790201563974,327.2242431640625,56526800,0.0,0.0
2021-04-30 00:00:00-04:00,323.8775953611892,327.53206008568367,322.2489574239964,322.8249206542969,26332400,0.0,0.0
2021-05-03 00:00:00-04:00,323.90743925273455,326.27090422619693,319.6074585992322,320.3423156738281,18719500,0.0,0.0
2021-05-04 00:00:00-04:00,317.80006933320976,319.9550297777541,310.9479394226379,316.1515808105469,24032600,0.0,0.0
2021-05-05 00:00:00-04:00,315.98274005728,318.8328262137328,312.30839458302705,312.834716796875,15577600,0.0,0.0
2021-05-06 00:00:00-04:00,312.3382316599115,318.01855446537013,311.0969026404135,317.8000793457031,19012200,0.0,0.0
2021-05-07 00:00:00-04:00,320.143703732976,320.69981667352516,316.5388796429248,316.8665771484375,15916700,0.0,0.0
2021-05-10 00:00:00-04:00,312.1694082519749,312.3977933814333,302.7154276382799,303.8475341796875,24239200,0.0,0.0
2021-05-11 00:00:00-04:00,298.66375202538734,304.7115031678488,297.61110747680095,304.4036560058594,18920100,0.0,0.0
2021-05-12 00:00:00-04:00,299.0411306344249,302.8445494114103,296.121522359294,300.4512634277344,24645500,0.0,0.0
2021-05-13 00:00:00-04:00,303.9567753757269,306.71748989994825,300.66973856002795,303.1424865722656,18079200,0.0,0.0
2021-05-14 00:00:00-04:00,307.39275439730136,314.6520430906645,306.93592356007673,313.74835205078125,19245700,0.0,0.0
2021-05-17 00:00:00-04:00,311.37497404625395,313.490203645759,309.4186382055632,313.271728515625,15401300,0.0,0.0
2021-05-18 00:00:00-04:00,313.4007953447419,314.304486446428,307.66089155963004,307.8098449707031,14522400,0.0,0.0
2021-05-19 00:00:00-04:00,302.0798556016258,312.4772270849574,301.4641613514185,311.4146423339844,19106200,0.0,0.0
2021-05-20 00:00:00-04:00,311.4047347873846,317.0354162827345,310.9876652282522,316.39984130859375,17320200,0.0,0.0
2021-05-21 00:00:00-04:00,317.07514782686013,317.7106924961839,313.6192770874103,314.036376953125,13600900,0.0,0.0
2021-05-24 00:00:00-04:00,316.002603774066,323.68893285411247,315.82385968766243,322.3780822753906,16445400,0.0,0.0
2021-05-25 00:00:00-04:00,324.8110776685687,326.8965163184287,322.5468949273761,325.51617431640625,16437000,0.0,0.0
2021-05-26 00:00:00-04:00,326.07227039727064,327.54198436900356,323.5598220015561,325.3870544433594,9686900,0.0,0.0
2021-05-27 00:00:00-04:00,325.72472236570246,331.4646263219847,324.4933337229342,330.4417724609375,20477700,0.0,0.0
2021-05-28 00:00:00-04:00,328.7039190666391,330.5609424009443,326.05242698912605,326.4496765136719,12037400,0.0,0.0
2021-06-01 00:00:00-04:00,327.85980685651253,329.1210165064215,324.37417565975466,326.8468933105469,11765900,0.0,0.0
2021-06-02 00:00:00-04:00,328.0882083208523,329.56786271635684,324.85081275421754,326.8667297363281,11654300,0.0,0.0
2021-06-03 00:00:00-04:00,323.52014468694404,325.10905194966415,321.2361113320801,323.7783508300781,12610800,0.0,0.0
2021-06-04 00:00:00-04:00,323.63926759923044,330.1537592993756,322.92426093429344,328.05841064453125,13289400,0.0,0.0
2021-06-07 00:00:00-04:00,327.19442430172865,335.3474634485492,326.6482214412393,334.2451477050781,20136700,0.0,0.0
2021-06-08 00:00:00-04:00,334.36436543557863,335.95324218671897,329.93528208942485,331.36529541015625,14580500,0.0,0.0
2021-06-09 00:00:00-04:00,333.4110444850718,334.46368910126915,327.7108711514123,327.9591369628906,13727900,0.0,0.0
2021-06-10 00:00:00-04:00,328.4953187995612,331.62346119356516,326.2708370678811,330.1537170410156,13240200,0.0,0.0
2021-06-11 00:00:00-04:00,330.2729174472799,330.52118322602627,326.64824313875914,328.96209716796875,13587900,0.0,0.0
2021-06-14 00:00:00-04:00,329.59762560722135,334.4835092274623,327.5221274355902,334.433837890625,12250800,0.0,0.0
2021-06-15 00:00:00-04:00,334.65232691277197,337.5620248503402,332.7059317076359,334.41400146484375,15795200,0.0,0.0
2021-06-16 00:00:00-04:00,334.3643653995588,335.2084448088056,326.439710773516,328.7833251953125,17232200,0.0,0.0
2021-06-17 00:00:00-04:00,328.197430149362,335.6354937373488,327.8597923156813,334.1756896972656,17794100,0.0,0.0
2021-06-18 00:00:00-04:00,332.2093501850925,333.81810732839114,326.7177132386356,327.3731384277344,23039500,0.0,0.0
2021-06-21 00:00:00-04:00,328.7932669596741,330.61058945270315,325.3771273795917,329.9849548339844,11337500,0.0,0.0
2021-06-22 00:00:00-04:00,330.3821755239405,337.56203287221103,330.29280347884355,336.6781921386719,15345300,0.0,0.0
2021-06-23 00:00:00-04:00,336.995997823339,341.0377722588904,335.85398122199473,338.2273864746094,14817800,0.0,0.0
2021-06-24 00:00:00-04:00,339.47870808945214,342.5075391473989,339.4191267136549,340.7994689941406,12329100,0.0,0.0
2021-06-25 00:00:00-04:00,340.2134607194923,341.73284594721446,337.32364365776994,339.0019226074219,14594400,0.0,0.0
2021-06-28 00:00:00-04:00,340.08440839557375,355.6556621022771,339.3991923763824,353.1730041503906,29156100,0.0,0.0
2021-06-29 00:00:00-04:00,353.7985962511624,354.26533714219687,346.6286791220538,349.4490051269531,21417300,0.0,0.0
2021-06-30 00:00:00-04:00,349.72705702806195,350.4718543781205,344.76174136100525,345.2979736328125,15107500,0.0,0.0
2021-07-01 00:00:00-04:00,344.4142055426795,352.2097581594582,344.09641802750997,351.93170166015625,17137000,0.0,0.0
2021-07-02 00:00:00-04:00,352.63675169325717,353.9674527570495,350.17394402400754,352.2395324707031,11521300,0.0,0.0
2021-07-06 00:00:00-04:00,354.02699008079225,356.30111303287634,346.7577610194668,350.3327941894531,13488500,0.0,0.0
2021-07-07 00:00:00-04:00,352.79564674200435,354.0170950982068,347.5721245438341,348.0587158203125,14218900,0.0,0.0
2021-07-08 00:00:00-04:00,343.331720320965,345.9136601651972,340.1836969240964,343.25225830078125,14406500,0.0,0.0
2021-07-09 00:00:00-04:00,342.924598805808,348.2771938088227,342.8749274612191,347.9892272949219,13018700,0.0,0.0
2021-07-12 00:00:00-04:00,348.79360036608597,351.7330589669335,347.21463350700583,350.710205078125,10018600,0.0,0.0
2021-07-13 00:00:00-04:00,349.0616489494712,356.0031497100733,346.38036669294195,349.6475524902344,11456000,0.0,0.0
2021-07-14 00:00:00-04:00,352.1004565076469,352.73603144965426,344.3247856324014,345.2185363769531,13894200,0.0,0.0
2021-07-15 00:00:00-04:00,346.807487711629,346.807487711629,337.85997818274154,342.070556640625,14781600,0.0,0.0
2021-07-16 00:00:00-04:00,342.5174133110356,343.5899081740883,337.7805130149065,338.7934265136719,11026100,0.0,0.0
2021-07-19 00:00:00-04:00,335.2283652584028,337.43296686382087,332.2193848529158,334.6126708984375,14372300,0.0,0.0
2021-07-20 00:00:00-04:00,336.44977124178934,341.0675389712737,332.1796119696146,339.2899475097656,11024300,0.0,0.0
2021-07-21 00:00:00-04:00,339.1310778108753,344.11624409141785,338.88281201452764,343.8282775878906,9279700,0.0,0.0
2021-07-22 00:00:00-04:00,344.2751207728499,349.1014233736785,342.8153167504496,348.75384521484375,12385400,0.0,0.0
2021-07-23 00:00:00-04:00,358.4064175626375,372.7263709130637,354.712221510125,367.2248229980469,33694300,0.0,0.0
2021-07-26 00:00:00-04:00,367.01625509949724,371.8425576289156,365.6657038011167,369.87628173828125,14925200,0.0,0.0
2021-07-27 00:00:00-04:00,369.33010978819533,370.5614983630885,362.0211494423419,365.258544921875,15705400,0.0,0.0
2021-07-28 00:00:00-04:00,371.96173241744225,374.93098154905937,364.3846557059322,370.69061279296875,29676900,0.0,0.0
2021-07-29 00:00:00-04:00,358.49581371263974,362.9844484478987,354.26535480030867,355.83441162109375,33413200,0.0,0.0
2021-07-30 00:00:00-04:00,351.54439678231824,358.2277234843722,350.49175214297765,353.82843017578125,15976200,0.0,0.0
2021-08-02 00:00:00-04:00,355.61590753540196,356.9068774625231,348.30694725009323,349.5085754394531,13180400,0.0,0.0
2021-08-03 00:00:00-04:00,350.28321268932035,351.3159766538201,345.2881057311439,348.80352783203125,12406100,0.0,0.0
2021-08-04 00:00:00-04:00,349.97529641844375,357.97938224565,349.0716053984844,356.4302062988281,14180600,0.0,0.0
2021-08-05 00:00:00-04:00,357.14526133882947,361.3756899337369,354.4242475815402,360.4521484375,10247200,0.0,0.0
2021-08-06 00:00:00-04:00,358.892993928078,362.6169805079333,358.892993928078,360.9883728027344,8925000,0.0,0.0
2021-08-09 00:00:00-04:00,361.2366418858136,363.24261843176544,358.2475122657697,359.1015319824219,7798900,0.0,0.0
2021-08-10 00:00:00-04:00,359.32000390797504,361.5742765141981,356.549379711829,358.6248779296875,7469900,0.0,0.0
2021-08-11 00:00:00-04:00,359.5881517418357,359.8463275378054,355.3279025907099,357.4629821777344,8400300,0.0,0.0
2021-08-12 00:00:00-04:00,355.9635215765759,360.48194708294784,354.6327901991576,360.1343688964844,7170700,0.0,0.0
2021-08-13 00:00:00-04:00,360.4521097687028,362.130388809589,358.9724554674961,360.66064453125,7195700,0.0,0.0
2021-08-16 00:00:00-04:00,360.0052586371251,364.40455162461785,354.9009295725257,364.0172424316406,11222100,0.0,0.0
2021-08-17 00:00:00-04:00,360.462075868413,362.1403550292865,352.60694265481555,355.9635009765625,12328700,0.0,0.0
2021-08-18 00:00:00-04:00,353.77872178787584,357.3636649551706,352.68634634012676,352.9842834472656,10042400,0.0,0.0
2021-08-19 00:00:00-04:00,348.9127484779295,355.08960256573675,348.56517030960663,352.6565856933594,12004500,0.0,0.0
2021-08-20 00:00:00-04:00,352.14017520075987,357.4927694576704,350.85911533837884,356.8770751953125,8697700,0.0,0.0
2021-08-23 00:00:00-04:00,356.94661777356487,363.1532624039116,356.6089799423798,360.8294982910156,10942000,0.0,0.0
2021-08-24 00:00:00-04:00,361.1373145898699,365.40747360841516,359.32993255449776,362.9744873046875,9235100,0.0,0.0
2021-08-25 00:00:00-04:00,363.06387912846816,368.287370479807,362.8652543840877,365.83453369140625,9684500,0.0,0.0
2021-08-26 00:00:00-04:00,365.82463941522815,366.87728402002136,361.6041206658207,361.8523864746094,7888700,0.0,0.0
2021-08-27 00:00:00-04:00,362.5673710076073,371.14742107472495,361.5544271740296,370.0451354980469,11219100,0.0,0.0
2021-08-30 00:00:00-04:00,369.97565161942885,378.8436993991943,367.94979405108387,378.01947021484375,13547300,0.0,0.0
2021-08-31 00:00:00-04:00,377.3143442669874,380.10484920750287,376.17229743518845,376.748291015625,12345400,0.0,0.0
2021-09-01 00:00:00-04:00,376.9568533074591,381.66396313831876,376.18226523015454,379.3997802734375,11567200,0.0,0.0
2021-09-02 00:00:00-04:00,378.8536121507582,379.10187795164336,371.46521949194505,372.6767578125,14832900,0.0,0.0
2021-09-03 00:00:00-04:00,372.1504282729059,374.54371418349507,370.5217901040204,373.64996337890625,7509600,0.0,0.0
2021-09-07 00:00:00-04:00,373.2725838694114,380.30345767823303,370.56151054382633,379.52886962890625,10793800,0.0,0.0
2021-09-08 00:00:00-04:00,377.5228659344318,378.22793223895627,372.19012201827695,374.9508361816406,11067200,0.0,0.0
2021-09-09 00:00:00-04:00,375.0203804671173,377.1951608723424,373.9577956290019,375.37786865234375,9098900,0.0,0.0
2021-09-10 00:00:00-04:00,378.71457215753986,381.1277387962936,375.6361004436162,376.0631103515625,11549600,0.0,0.0
2021-09-13 00:00:00-04:00,379.03237443176556,379.1018961327597,371.75323413530566,373.89825439453125,13026300,0.0,0.0
2021-09-14 00:00:00-04:00,374.7820203796107,375.9637679324981,372.5078973191111,373.9180603027344,8711600,0.0,0.0
2021-09-15 00:00:00-04:00,374.38485446081654,374.94096747002754,365.119587444957,371.32623291015625,17940300,0.0,0.0
2021-09-16 00:00:00-04:00,370.2040213099669,370.9686690276953,367.14536982728856,370.4721374511719,11934200,0.0,0.0
2021-09-17 00:00:00-04:00,368.83359750741874,368.83359750741874,359.08170985434447,362.19000244140625,26299000,0.0,0.0
2021-09-20 00:00:00-04:00,356.80754673058533,358.5255567412185,347.3734476237028,353.2325439453125,19822800,0.0,0.0
2021-09-21 00:00:00-04:00,356.0131270912646,357.54245277557396,352.7260906017265,355.0002136230469,11751900,0.0,0.0
2021-09-22 00:00:00-04:00,344.82132634927734,347.41320660790336,338.326684902849,340.8291931152344,43692900,0.0,0.0
2021-09-23 00:00:00-04:00,342.9642756764454,347.24440574358306,340.6206611842172,343.56011962890625,21806300,0.0,0.0
2021-09-24 00:00:00-04:00,340.8590206651882,351.89196914576627,339.9950604855322,350.5115966796875,18801900,0.0,0.0
2021-09-27 00:00:00-04:00,347.3834211027895,352.6863747332731,344.67234776955803,351.12725830078125,15205800,0.0,0.0
2021-09-28 00:00:00-04:00,345.55612398902747,347.17482148424807,336.56891620411614,338.2868957519531,21710300,0.0,0.0
2021-09-29 00:00:00-04:00,340.76960230808635,342.83519056135003,336.52923371146676,337.254150390625,14452200,0.0,0.0
2021-09-30 00:00:00-04:00,338.0884112709306,340.42208577199636,335.80434750642706,337.0357666015625,16547100,0.0,0.0
2021-10-01 00:00:00-04:00,339.2403025206699,342.6266516425788,336.2909339336575,340.630615234375,14905300,0.0,0.0
2021-10-04 00:00:00-04:00,333.2024859034126,333.6096454418782,320.4614987024491,323.9670104980469,42885000,0.0,0.0
2021-10-05 00:00:00-04:00,326.3006776114081,332.85490048506125,323.8974817514608,330.6502990722656,35377900,0.0,0.0
2021-10-06 00:00:00-04:00,327.4526518109316,332.06047963306645,323.5399803552705,331.32562255859375,26443000,0.0,0.0
2021-10-07 00:00:00-04:00,334.66227881082483,336.4895113551633,326.6979233231299,326.9362487792969,28307500,0.0,0.0
2021-10-08 00:00:00-04:00,329.2103921435758,331.0872658382954,326.4297969914836,327.760498046875,15946100,0.0,0.0
2021-10-11 00:00:00-04:00,325.3572529952405,328.1676081014375,323.05333943821864,323.1923828125,14708200,0.0,0.0
2021-10-12 00:00:00-04:00,320.78919081230543,322.12983213718235,315.168449699641,321.5240478515625,31658700,0.0,0.0
2021-10-13 00:00:00-04:00,324.7018630148336,324.73165369743293,320.4217632147295,322.2887268066406,14761500,0.0,0.0
2021-10-14 00:00:00-04:00,326.0821425228897,328.227162176377,324.830903787763,326.2509765625,14302200,0.0,0.0
2021-10-15 00:00:00-04:00,326.4000236576311,326.7873328742356,320.272840340365,322.5072326660156,21596400,0.0,0.0
2021-10-18 00:00:00-04:00,326.668106223406,333.5599662951216,325.2281526617883,333.0137634277344,21585000,0.0,0.0
2021-10-19 00:00:00-04:00,337.29392341439353,340.0844286944019,334.94036838446834,337.6315612792969,18786300,0.0,0.0
2021-10-20 00:00:00-04:00,341.0675379865776,341.5938602237762,337.0952855380206,338.4160461425781,13639500,0.0,0.0
2021-10-21 00:00:00-04:00,337.919515805233,339.93543271791094,335.4567083681282,339.5084228515625,16354400,0.0,0.0
2021-10-22 00:00:00-04:00,324.08619650625366,327.34344274203374,318.88252448739775,322.3582458496094,35224500,0.0,0.0
2021-10-25 00:00:00-04:00,318.07812790884657,327.27390275405656,317.50216459273884,326.4099426269531,38409000,0.0,0.0
2021-10-26 00:00:00-04:00,325.9829424293362,327.91939752560313,307.45237909979846,313.6192932128906,65654000,0.0,0.0
2021-10-27 00:00:00-04:00,312.0105042608327,317.0354012261963,309.8952749651828,310.0541687011719,29971800,0.0,0.0
2021-10-28 00:00:00-04:00,310.8187666283683,323.261844323983,305.97261452720886,314.7215270996094,50806800,0.0,0.0
2021-10-29 00:00:00-04:00,317.9688510760738,323.7385448028444,317.3829475304673,321.3254089355469,37059400,0.0,0.0
2021-11-01 00:00:00-04:00,323.77830788954685,331.1369092399776,323.73857687912965,327.69097900390625,31518900,0.0,0.0
2021-11-02 00:00:00-04:00,329.08123386984886,332.4675824608705,321.55379908221755,325.8041076660156,28353000,0.0,0.0
2021-11-03 00:00:00-04:00,325.21825476736853,329.8459328747701,320.9580354976296,329.3196105957031,20786500,0.0,0.0
2021-11-04 00:00:00-04:00,331.69303111979514,334.9303963680135,330.34244948206873,333.520263671875,22495300,0.0,0.0
2021-11-05 00:00:00-04:00,337.9492918468167,344.3843514680438,337.28395655939903,338.76361083984375,26872800,0.0,0.0
2021-11-08 00:00:00-05:00,342.03081085258987,342.3982393556077,335.99297015181077,336.2710266113281,18342500,0.0,0.0
2021-11-09 00:00:00-05:00,337.64149720949376,338.94240761250666,332.1498587759395,333.0436096191406,17556700,0.0,0.0
2021-11-10 00:00:00-05:00,330.1835499468234,330.87870625923074,323.25198870461344,325.3672180175781,21872600,0.0,0.0
2021-11-11 00:00:00-05:00,327.53211063613753,330.1537817149823,324.7316651495095,325.4665222167969,12376600,0.0,0.0
2021-11-12 00:00:00-05:00,327.8895713138474,339.48854119804446,327.49235212990004,338.5252990722656,25414300,0.0,0.0
2021-11-15 00:00:00-05:00,341.9513830937844,351.19679918142634,340.8193067901365,345.1490478515625,25076600,0.0,0.0
2021-11-16 00:00:00-05:00,341.4448621218174,344.24530725343476,338.5054039194174,340.5809020996094,18181100,0.0,0.0
2021-11-17 00:00:00-05:00,341.85205836625045,344.8908292635212,337.7407925723655,338.4061279296875,13602800,0.0,0.0
2021-11-18 00:00:00-05:00,337.3633994408119,340.0843826522268,332.9740471795485,336.3405456542969,17487200,0.0,0.0
2021-11-19 00:00:00-05:00,339.8262220829443,349.65754120765286,337.54215865420935,342.9046936035156,26488500,0.0,0.0
2021-11-22 00:00:00-05:00,346.6287072571534,351.3755482699117,338.1479691189288,338.6445007324219,27116800,0.0,0.0
2021-11-23 00:00:00-05:00,336.5788918252043,339.0317590592541,331.1865661032912,334.9105529785156,17225000,0.0,0.0
2021-11-24 00:00:00-05:00,333.6691950342229,339.4090984270407,330.5013213830883,338.694091796875,13566200,0.0,0.0
2021-11-26 00:00:00-05:00,333.47060617009134,335.4070915076629,329.5976658008317,330.8092041015625,14750700,0.0,0.0
2021-11-29 00:00:00-05:00,334.55304345009216,338.30682076869596,332.98398677543236,335.68511962890625,16650900,0.0,0.0
2021-11-30 00:00:00-05:00,332.67612154171803,333.4805001872441,321.18637478700055,322.209228515625,25390000,0.0,0.0
2021-12-01 00:00:00-05:00,327.99881886115134,328.2073536259176,308.1375569170716,308.4454040527344,30329600,0.0,0.0
2021-12-02 00:00:00-05:00,309.23985058811394,312.41766470557803,305.0690036530589,308.23687744140625,24396200,0.0,0.0
2021-12-03 00:00:00-05:00,311.55367511809095,311.5735254685623,297.4223772998706,304.7114562988281,27471000,0.0,0.0
2021-12-06 00:00:00-05:00,305.99258224552244,317.87955048932594,304.2149905529818,315.6650085449219,21758300,0.0,0.0
2021-12-07 00:00:00-05:00,319.3392902346361,324.27481477403893,318.7732370263186,320.5706787109375,18794000,0.0,0.0
2021-12-08 00:00:00-05:00,322.7455088217183,330.4417478782362,320.82890430428074,328.2669372558594,19937700,0.0,0.0
2021-12-09 00:00:00-05:00,327.25401752303907,333.7982996166133,325.72469188646227,327.5320739746094,16879200,0.0,0.0
2021-12-10 00:00:00-05:00,330.2530597986271,332.7059268506838,324.1059968282071,327.4625549316406,14528000,0.0,0.0
2021-12-13 00:00:00-05:00,328.65422586839105,338.7238693550957,327.3036443722298,332.1696472167969,22948700,0.0,0.0
2021-12-14 00:00:00-05:00,325.77436431738806,333.3713218947086,325.3771451062712,331.4248962402344,20461000,0.0,0.0
2021-12-15 00:00:00-05:00,330.18354541056993,339.73680772798974,321.7325989098653,339.2899475097656,24681300,0.0,0.0
2021-12-16 00:00:00-05:00,336.62855788973843,342.07052456232094,331.4248863696693,332.57684326171875,22635000,0.0,0.0
2021-12-17 00:00:00-05:00,330.4913648129282,334.7714640548974,328.4555977203839,331.4745178222656,40012600,0.0,0.0
2021-12-20 00:00:00-05:00,327.49233249861777,327.61149521607075,320.292625362334,323.1923828125,17901800,0.0,0.0
2021-12-21 00:00:00-05:00,324.145773318854,333.6692460807012,321.50422148400895,331.8817443847656,16116800,0.0,0.0
2021-12-22 00:00:00-05:00,331.48442117053827,332.18951772905075,325.9828739061611,328.1576843261719,16764600,0.0,0.0
2021-12-23 00:00:00-05:00,327.8101307259051,334.33456247386124,326.08218034839234,332.9144592285156,13987700,0.0,0.0
2021-12-27 00:00:00-05:00,336.49945539510196,345.45687412344387,335.6652859834369,343.7785949707031,17795000,0.0,0.0
2021-12-28 00:00:00-05:00,344.2254578364717,350.26326798561126,342.80538491551954,343.81829833984375,16637600,0.0,0.0
2021-12-29 00:00:00-05:00,344.5035583071662,347.264272790598,339.27012615391544,340.56109619140625,10747000,0.0,0.0
2021-12-30 00:00:00-05:00,341.613733726055,344.8213387057519,340.8391456583301,341.9712219238281,10593300,0.0,0.0
2021-12-31 00:00:00-05:00,340.6405609167899,341.0576608357405,333.93738366814074,334.016845703125,12870500,0.0,0.0
2022-01-03 00:00:00-05:00,335.9532336041818,338.71394780170056,334.850948113297,336.19158935546875,14537900,0.0,0.0
2022-01-04 00:00:00-05:00,337.5918461106454,340.710048791719,329.5678785035941,334.195556640625,15998000,0.0,0.0
2022-01-05 00:00:00-05:00,330.7098484616282,333.4308618468726,321.59353686820657,321.9212646484375,20564500,0.0,0.0
2022-01-06 00:00:00-05:00,320.58060546422104,336.8171916022808,320.48129310288107,330.1537170410156,27962800,0.0,0.0
2022-01-07 00:00:00-05:00,330.4318562598737,334.66231540471273,326.59864665992654,329.48846435546875,14722000,0.0,0.0
2022-01-10 00:00:00-05:00,323.05338636520554,326.0623666414972,313.2419171246315,325.79425048828125,24942400,0.0,0.0
2022-01-11 00:00:00-05:00,324.51313141350875,332.30868215646444,323.02353688832784,332.05047607421875,16226800,0.0,0.0
2022-01-12 00:00:00-05:00,332.85490650522934,334.0366541036262,327.7406372338682,330.9482421875,14104900,0.0,0.0
2022-01-13 00:00:00-05:00,332.6562765338066,333.30176146509405,323.500233859244,324.2152404785156,14797100,0.0,0.0
2022-01-14 00:00:00-05:00,319.55777267625143,330.4218850489652,318.9817791263499,329.5976257324219,16868500,0.0,0.0
2022-01-18 00:00:00-05:00,321.04741364542525,321.96101482732695,315.43661257012167,315.94305419921875,22645600,0.0,0.0
2022-01-19 00:00:00-05:00,317.36313706229,324.8309920265667,317.1148712521666,317.3730773925781,20814700,0.0,0.0
2022-01-20 00:00:00-05:00,321.65315473896703,325.54597570040505,313.78811140295323,314.36407470703125,16925000,0.0,0.0
2022-01-21 00:00:00-05:00,312.6261626867231,316.1018832098614,300.93782200902825,301.0669250488281,28710700,0.0,0.0
2022-01-24 00:00:00-05:00,295.77389108985574,307.3828004084756,287.00515781406256,306.5684814453125,38878100,0.0,0.0
2022-01-25 00:00:00-05:00,297.8693681572156,304.1058048709641,295.51578252756485,298.0679626464844,25108500,0.0,0.0
2022-01-26 00:00:00-05:00,304.8803074843086,305.37683902690725,288.83240439081436,292.586181640625,28348800,0.0,0.0
2022-01-27 00:00:00-05:00,295.68457294761424,299.6170948024286,292.2187920171608,292.5961608886719,21629900,0.0,0.0
2022-01-28 00:00:00-05:00,293.56934456757705,299.8057803837421,290.99731446167857,299.6170959472656,21871600,0.0,0.0
2022-01-31 00:00:00-05:00,298.5941942856098,311.6132667908384,297.24364306776437,311.0869445800781,21579500,0.0,0.0
2022-02-01 00:00:00-05:00,312.37796724392655,317.4425957787455,309.95489053794864,316.78717041015625,18023800,0.0,0.0
2022-02-02 00:00:00-05:00,325.54597109978323,325.72471519446594,314.6719174183467,320.7593994140625,58458300,0.0,0.0
2022-02-03 00:00:00-05:00,242.95290740109166,246.27967520393452,234.11465092470792,236.11070251464844,188119900,0.0,0.0
2022-02-04 00:00:00-05:00,233.3400539489898,240.92705595132773,228.5137663432525,235.44534301757812,89342200,0.0,0.0
2022-02-07 00:00:00-05:00,236.05110936639238,236.64695332171354,222.4560723238542,223.34983825683594,88613800,0.0,0.0
2022-02-08 00:00:00-05:00,219.31799930165315,224.20386810473175,214.65059044744515,218.6526336669922,94729700,0.0,0.0
2022-02-09 00:00:00-05:00,222.6447597583816,231.75114721199498,220.6685737472987,230.39065551757812,86563300,0.0,0.0
2022-02-10 00:00:00-05:00,226.68655517855632,233.36986669250052,225.12743858298535,226.48794555664062,49310400,0.0,0.0
2022-02-11 00:00:00-05:00,226.87520397201692,228.8215991750565,217.25242004582725,218.02700805664062,46156900,0.0,0.0
2022-02-14 00:00:00-05:00,217.7886667974301,219.46694586676406,213.29009215094842,216.18983459472656,38184000,0.0,0.0
2022-02-15 00:00:00-05:00,218.94062722166285,219.6159028696756,213.5681521071551,219.46694946289062,42685500,0.0,0.0
2022-02-16 00:00:00-05:00,210.93654707270989,215.95151900472374,210.8868908846818,215.0378875732422,45817500,0.0,0.0
2022-02-17 00:00:00-05:00,212.53539144000152,215.99124715160343,205.722977245562,206.2691650390625,38747500,0.0,0.0
2022-02-18 00:00:00-05:00,207.93746293480663,209.28802923372547,203.75666099788603,204.72987365722656,37128400,0.0,0.0
2022-02-22 00:00:00-05:00,200.9363830884198,206.04072679270618,198.67220044312174,200.67819213867188,39852400,0.0,0.0
2022-02-23 00:00:00-05:00,202.74377678275914,205.50449113354318,196.67616031691193,197.07337951660156,44481400,0.0,0.0
2022-02-24 00:00:00-05:00,189.73462538971404,206.9046941439003,188.90045605790752,206.15989685058594,49957200,0.0,0.0
2022-02-25 00:00:00-05:00,203.51834992686946,209.85409722269867,201.77054920915654,209.01991271972656,37627600,0.0,0.0
2022-02-28 00:00:00-05:00,206.23933368688236,211.6713899600421,205.39523915857586,209.56610107421875,34239800,0.0,0.0
2022-03-01 00:00:00-05:00,208.41413143006113,210.28109475903466,200.8172053783366,202.07839965820312,27094900,0.0,0.0
2022-03-02 00:00:00-05:00,203.3594795827409,207.6991608900357,200.61863062333498,206.6663818359375,29452100,0.0,0.0
2022-03-03 00:00:00-05:00,207.57006201226622,207.62964337626647,200.02277607812186,201.56202697753906,27263500,0.0,0.0
2022-03-04 00:00:00-05:00,200.96618413763912,204.46177065665356,197.41101625429653,198.67221069335938,32130900,0.0,0.0
2022-03-07 00:00:00-05:00,199.39713300609475,199.49644537718342,185.98085599196915,186.16954040527344,38560600,0.0,0.0
2022-03-08 00:00:00-05:00,186.54690946667915,195.33550881323646,184.81897421696758,188.969970703125,37508100,0.0,0.0
2022-03-09 00:00:00-05:00,194.38219787476945,197.71889086123977,192.5748155619996,197.123046875,31894700,0.0,0.0
2022-03-10 00:00:00-05:00,193.48842180655208,194.9184351766103,189.74458461606886,193.85586547851562,24853000,0.0,0.0
2022-03-11 00:00:00-05:00,191.30368493188337,192.21730121306823,185.37509670416912,186.30857849121094,34694500,0.0,0.0
2022-03-14 00:00:00-04:00,185.73260739881346,190.95611432836714,184.53100942336172,185.33538818359375,31010500,0.0,0.0
2022-03-15 00:00:00-04:00,189.4764431200351,190.94617226993915,184.62036515153324,190.69790649414062,31721700,0.0,0.0
2022-03-16 00:00:00-04:00,193.34937665165634,202.31673495935266,193.17063257251073,202.21743774414062,40640300,0.0,0.0
2022-03-17 00:00:00-04:00,200.3008320695021,206.5968487329181,199.71492845430384,206.3982391357422,29499700,0.0,0.0
2022-03-18 00:00:00-04:00,205.26612469285288,215.29606732880725,204.57098360439667,214.98822021484375,52128000,0.0,0.0
2022-03-21 00:00:00-04:00,213.01203315188104,213.22058306841436,206.189694561412,210.02291870117188,30142300,0.0,0.0
2022-03-22 00:00:00-04:00,209.90375302784108,217.93764542226702,208.72200545565147,215.14712524414062,31998800,0.0,0.0
2022-03-23 00:00:00-04:00,211.85016024926963,215.2960905373746,210.68827820054256,211.97926330566406,23717300,0.0,0.0
2022-03-24 00:00:00-04:00,213.50856930007075,219.1392353325616,213.30001937904194,218.046875,31502300,0.0,0.0
2022-03-25 00:00:00-04:00,218.98035503124117,223.9357457242786,217.37159753839384,220.28128051757812,40039000,0.0,0.0
2022-03-28 00:00:00-04:00,220.5891376509777,222.48587688273557,218.01709239793314,222.03900146484375,26224100,0.0,0.0
2022-03-29 00:00:00-04:00,224.50181515579243,229.28837211897945,223.72721188369118,228.26551818847656,31417900,0.0,0.0
2022-03-30 00:00:00-04:00,227.32208418810893,229.546535896173,225.13734833785708,226.26943969726562,25588000,0.0,0.0
2022-03-31 00:00:00-04:00,226.86528669666313,226.9050177106061,220.71822301847524,220.81753540039062,24192300,0.0,0.0
2022-04-01 00:00:00-04:00,222.99233071349855,225.7033888379623,221.15515784665132,223.29025268554688,19544800,0.0,0.0
2022-04-04 00:00:00-04:00,224.41238469613683,232.72433276196912,224.29322197859963,232.26751708984375,28054800,0.0,0.0
2022-04-05 00:00:00-04:00,232.45621733585187,235.2169316018234,229.4174466080516,230.23175048828125,29727200,0.0,0.0
2022-04-06 00:00:00-04:00,225.33598120608156,227.40155454329366,219.8741334398678,221.7510223388672,28995100,0.0,0.0
2022-04-07 00:00:00-04:00,222.37660944612904,223.95559126819157,217.04386552632997,221.40341186523438,21037200,0.0,0.0
2022-04-08 00:00:00-04:00,220.83739117412068,223.56831487406782,218.50368667844387,220.78773498535156,18375700,0.0,0.0
2022-04-11 00:00:00-04:00,216.90484555322809,219.07965621752902,213.72704658954345,214.9584503173828,20516600,0.0,0.0
2022-04-12 00:00:00-04:00,218.71224794767295,220.48982443539919,211.65156788222686,212.65455627441406,20128800,0.0,0.0
2022-04-13 00:00:00-04:00,210.3506337496348,215.10739934568304,209.8640273741091,213.49864196777344,19231800,0.0,0.0
2022-04-14 00:00:00-04:00,213.3993497039803,213.49866208481365,208.54327127888956,208.72201538085938,18379500,0.0,0.0
2022-04-18 00:00:00-04:00,208.54325950228275,211.89981776607013,206.85505519404293,209.30792236328125,16580800,0.0,0.0
2022-04-19 00:00:00-04:00,209.0596591305934,216.91477715151493,207.5501988958004,215.80255126953125,20089900,0.0,0.0
2022-04-20 00:00:00-04:00,212.12821385078016,212.67440159783553,197.54011418103042,199.0297088623047,43036500,0.0,0.0
2022-04-21 00:00:00-04:00,200.20153948544436,201.56203116820575,184.29266339015666,186.76539611816406,49954100,0.0,0.0
2022-04-22 00:00:00-04:00,189.04940924538664,191.38311348968836,181.99867063494042,182.8328399658203,36426800,0.0,0.0
2022-04-25 00:00:00-04:00,181.46241266801752,185.88154035079478,180.39984305017538,185.69287109375,29281100,0.0,0.0
2022-04-26 00:00:00-04:00,185.33540089231528,185.89151389293303,178.25485500608454,179.69479370117188,31747400,0.0,0.0
2022-04-27 00:00:00-04:00,173.21997688343922,179.95295816108907,167.8276519091192,173.7363739013672,71062900,0.0,0.0
2022-04-28 00:00:00-04:00,201.51236675769346,207.08345147435523,191.5618700393527,204.30287170410156,100890600,0.0,0.0
2022-04-29 00:00:00-04:00,203.04171931279444,211.0060756892692,198.51333815204498,199.0793914794922,49193400,0.0,0.0
2022-05-02 00:00:00-04:00,199.77450522946864,210.4102178692344,199.59576114199825,209.66542053222656,49915300,0.0,0.0
2022-05-03 00:00:00-04:00,208.9901168800485,213.40924444391214,206.6464874642892,210.5591583251953,41556300,0.0,0.0
2022-05-04 00:00:00-04:00,209.18872032615425,222.74403972025368,205.52433048937638,221.86021423339844,41375900,0.0,0.0
2022-05-05 00:00:00-04:00,217.22262091760084,218.64269383122198,204.72988570563564,206.83517456054688,41129200,0.0,0.0
2022-05-06 00:00:00-04:00,205.90167223013918,207.92752917130875,199.62552214941607,202.3564453125,34747200,0.0,0.0
2022-05-09 00:00:00-04:00,198.4537315749027,201.16480482052688,194.22328811081877,194.8489227294922,36303200,0.0,0.0
2022-05-10 00:00:00-04:00,198.12602877743515,201.55210885679355,192.84294056094515,196.2789306640625,34452500,0.0,0.0
2022-05-11 00:00:00-04:00,194.96806999378597,199.27795998455147,186.96398425295303,187.43072509765625,31153400,0.0,0.0
2022-05-12 00:00:00-04:00,185.76239443568494,196.67616414549158,183.49821161690798,189.9134063720703,38262200,0.0,0.0
2022-05-13 00:00:00-04:00,191.24407826594796,198.5033665198032,189.95309330898215,197.24217224121094,24549800,0.0,0.0
2022-05-16 00:00:00-04:00,195.68310969161757,203.94538776702177,194.57086858599118,198.65235900878906,27112600,0.0,0.0
2022-05-17 00:00:00-04:00,200.71793067646036,204.0347733061677,196.98401847084506,201.21446228027344,24872700,0.0,0.0
2022-05-18 00:00:00-04:00,198.61262813981287,199.60569128051193,190.3006945011028,190.90646362304688,23960000,0.0,0.0
2022-05-19 00:00:00-04:00,189.87365591452544,193.93528023328804,188.2847640946148,189.96302795410156,24446900,0.0,0.0
2022-05-20 00:00:00-04:00,193.6175216415817,196.5371296980073,186.56676728554785,192.1974334716797,31465600,0.0,0.0
2022-05-23 00:00:00-04:00,193.83596506683557,195.62348145751474,189.91336933500028,194.86874389648438,25059200,0.0,0.0
2022-05-24 00:00:00-04:00,179.29754438158685,182.4058215571146,174.88834182641335,180.02247619628906,50406300,0.0,0.0
2022-05-25 00:00:00-04:00,179.14856497229243,184.1635363161786,178.07607023195584,182.55477905273438,28030200,0.0,0.0
2022-05-26 00:00:00-04:00,181.61138743549637,191.49236240543442,180.99567799980568,190.30068969726562,23056500,0.0,0.0
2022-05-27 00:00:00-04:00,190.0325607294829,193.97502255882603,188.48338467468687,193.7764129638672,22562700,0.0,0.0
2022-05-31 00:00:00-04:00,193.53808190056003,196.22928977670594,190.67805510272842,192.2967529296875,26131100,0.0,0.0
2022-06-01 00:00:00-04:00,195.1468543671916,198.14590963369474,183.71670178167233,187.33145141601562,36623500,0.0,0.0
2022-06-02 00:00:00-04:00,187.14272475916894,199.54608744476073,186.42771816615044,197.4805145263672,31951600,0.0,0.0
2022-06-03 00:00:00-04:00,194.6205141545029,195.2461487952102,188.46352558358373,189.4565887451172,19465000,0.0,0.0
2022-06-06 00:00:00-04:00,192.64432063982002,195.55398831610356,187.09308626734085,192.9025115966797,30574200,0.0,0.0
2022-06-07 00:00:00-04:00,190.5985897727242,195.16668600433854,190.16165474576064,194.29278564453125,18828700,0.0,0.0
2022-06-08 00:00:00-04:00,193.31958919038397,200.628534111621,193.06139824300615,195.2759246826172,22267200,0.0,0.0
2022-06-09 00:00:00-04:00,192.93232152044123,198.0664565588307,182.40584530810946,182.7236328125,23501600,0.0,0.0
2022-06-10 00:00:00-04:00,181.7702481006762,181.82984461020973,173.80589360848077,174.35208129882812,27450800,0.0,0.0
2022-06-13 00:00:00-04:00,169.4066517176232,171.38285298811775,162.89215939372417,163.1205596923828,31749300,0.0,0.0
2022-06-14 00:00:00-04:00,164.87827126596156,165.59327793615202,160.24066823896615,162.59422302246094,27244300,0.0,0.0
2022-06-15 00:00:00-04:00,166.04016743535288,170.96576767627823,162.84250265313943,168.17526245117188,30008300,0.0,0.0
2022-06-16 00:00:00-04:00,162.584294783492,163.93486122919495,158.50280476509815,159.75405883789062,26944100,0.0,0.0
2022-06-17 00:00:00-04:00,160.5584488585028,164.7491767213856,158.7907975972423,162.6041717529297,31374200,0.0,0.0
2022-06-21 00:00:00-04:00,164.77894566665782,166.59625287813012,154.88804611106323,155.96055603027344,50724900,0.0,0.0
2022-06-22 00:00:00-04:00,157.28133881462222,159.67460937224337,154.36173087266783,154.76889038085938,47267800,0.0,0.0
2022-06-23 00:00:00-04:00,155.1859958737986,158.64185168649269,153.18000389759936,157.64878845214844,40499200,0.0,0.0
2022-06-24 00:00:00-04:00,160.60809926890386,169.0690015635416,160.18108938711842,168.97962951660156,68736000,0.0,0.0
2022-06-27 00:00:00-04:00,170.13159273167577,170.5586026293299,166.8445408491839,168.3142852783203,29174600,0.0,0.0
2022-06-28 00:00:00-04:00,168.72141147545437,170.11170888123422,159.4958621161718,159.56536865234375,27744500,0.0,0.0
2022-06-29 00:00:00-04:00,162.4353516237137,165.17620054541592,159.20789628875934,162.8027801513672,28595200,0.0,0.0
2022-06-30 00:00:00-04:00,161.0251746738575,164.08381082254584,157.39057526508302,160.1314239501953,35250600,0.0,0.0
2022-07-01 00:00:00-04:00,159.19794782136924,159.50579496695804,153.9247850296623,158.91989135742188,31423900,0.0,0.0
2022-07-05 00:00:00-04:00,157.0430120915462,167.08288153776365,155.930786168884,167.02330017089844,28618600,0.0,0.0
2022-07-06 00:00:00-04:00,167.033214553339,170.39969794014357,164.31223128939016,168.5923309326172,23085900,0.0,0.0
2022-07-07 00:00:00-04:00,168.27454597600874,171.52186668535077,166.61613235121607,170.99554443359375,24083400,0.0,0.0
2022-07-08 00:00:00-04:00,168.800875159169,171.20408623734986,166.98356772070983,169.69464111328125,19249200,0.0,0.0
2022-07-11 00:00:00-04:00,165.91105887075022,166.328143553091,160.7868496540944,161.7501220703125,21885600,0.0,0.0
2022-07-12 00:00:00-04:00,163.65680602324343,164.75910669806157,160.9755386164519,162.13742065429688,16639700,0.0,0.0
2022-07-13 00:00:00-04:00,159.04902386269782,163.835581152306,158.50283600990446,162.35592651367188,16555100,0.0,0.0
2022-07-14 00:00:00-04:00,160.10163679992067,161.462128420122,156.18896569777073,156.95362854003906,23765200,0.0,0.0
2022-07-15 00:00:00-04:00,159.42633397021643,163.83553629770498,158.71134252124213,163.55747985839844,23342800,0.0,0.0
2022-07-18 00:00:00-04:00,165.59326500501615,170.4989989384807,164.49096440396264,166.06993103027344,23574300,0.0,0.0
2022-07-19 00:00:00-04:00,169.1881631762132,175.26571992802639,168.3341282653375,174.56063842773438,25933700,0.0,0.0
2022-07-20 00:00:00-04:00,176.25880119663285,182.3264182430064,175.4742727457146,181.8199462890625,24784300,0.0,0.0
2022-07-21 00:00:00-04:00,179.37699465061837,182.57465908137436,177.6291938767748,181.8993682861328,27195800,0.0,0.0
2022-07-22 00:00:00-04:00,171.86943747705087,174.38188590031115,167.2417598081677,168.09579467773438,42583900,0.0,0.0
2022-07-25 00:00:00-04:00,167.827677310981,169.38679377598018,163.66674016501324,165.4939727783203,26166300,0.0,0.0
2022-07-26 00:00:00-04:00,164.78888117236554,164.84846252953244,156.85430212928955,158.0459747314453,28468400,0.0,0.0
2022-07-27 00:00:00-04:00,161.462138917526,169.68470084170153,160.89610078404186,168.40365600585938,43846600,0.0,0.0
2022-07-28 00:00:00-04:00,159.94274035613432,160.38961572025178,153.77582699484466,159.6051025390625,73214300,0.0,0.0
2022-07-29 00:00:00-04:00,156.5961304718885,159.0291321576182,154.09360709228082,157.99635314941406,42065400,0.0,0.0
2022-08-01 00:00:00-04:00,156.1591851083066,164.04410918466886,154.15319324119818,158.82058715820312,40596700,0.0,0.0
2022-08-02 00:00:00-04:00,157.21180256289333,161.11454806860021,156.9138806295438,159.07876586914062,27374500,0.0,0.0
2022-08-03 00:00:00-04:00,161.56145723337113,168.36393117953668,160.4492312790305,167.6290740966797,31721900,0.0,0.0
2022-08-04 00:00:00-04:00,167.13252231139165,170.9558061443517,165.64292766539518,169.38677978515625,23938200,0.0,0.0
2022-08-05 00:00:00-04:00,165.83162767132987,170.41957476345786,164.6498800499171,165.95079040527344,25832700,0.0,0.0
2022-08-08 00:00:00-04:00,166.8346081704295,176.2786332135897,165.97064808420234,169.06900024414062,27299100,0.0,0.0
2022-08-09 00:00:00-04:00,167.77800080416407,168.35397919679417,165.44431170704559,167.3609161376953,18655100,0.0,0.0
2022-08-10 00:00:00-04:00,174.769170437189,179.22801380351459,172.74331334330634,177.1028594970703,30262100,0.0,0.0
2022-08-11 00:00:00-04:00,178.46337508205696,181.82985836067613,175.14653283572773,176.25877380371094,24079100,0.0,0.0
2022-08-12 00:00:00-04:00,179.5557261467795,180.2012262156535,177.66891242870983,179.2478790283203,21274000,0.0,0.0
2022-08-15 00:00:00-04:00,177.71858826208515,180.18138063501422,176.96385056905282,179.63519287109375,15878700,0.0,0.0
2022-08-16 00:00:00-04:00,178.19526119642512,179.73451217115374,175.8119004492171,178.2250518798828,21156700,0.0,0.0
2022-08-17 00:00:00-04:00,175.5338393460009,176.90427136073453,172.96180938893704,173.63710021972656,20118100,0.0,0.0
2022-08-18 00:00:00-04:00,173.13062255896347,174.54077038611848,170.66783023780124,173.4484100341797,18844500,0.0,0.0
2022-08-19 00:00:00-04:00,169.0193585513689,171.12466290092638,165.89121544108187,166.79490661621094,26240800,0.0,0.0
2022-08-22 00:00:00-04:00,164.34203724537224,164.34203724537224,161.13443214416858,161.91896057128906,19499700,0.0,0.0
2022-08-23 00:00:00-04:00,161.35290814770875,163.90508790292597,159.585256823908,159.99241638183594,18111800,0.0,0.0
2022-08-24 00:00:00-04:00,159.48595067474253,164.31223827227942,158.66170642781384,162.1274871826172,20891500,0.0,0.0
2022-08-25 00:00:00-04:00,164.03417354079855,167.70851953536783,162.88223173493446,167.6092071533203,15550500,0.0,0.0
2022-08-26 00:00:00-04:00,167.3112650284955,169.734341390656,160.54850781539662,160.65774536132812,24023600,0.0,0.0
2022-08-29 00:00:00-04:00,159.54551105399935,161.91893110471815,157.90694795228592,158.0658416748047,20052700,0.0,0.0
2022-08-30 00:00:00-04:00,159.23768284651592,160.53859315412387,154.82848001713788,156.06980895996094,19567900,0.0,0.0
2022-08-31 00:00:00-04:00,165.91108586559182,166.67573366449304,161.01527612181636,161.79978942871094,40953000,0.0,0.0
2022-09-01 00:00:00-04:00,162.4452699687775,166.19904741902297,159.2376802751425,164.21292114257812,30145700,0.0,0.0
2022-09-02 00:00:00-04:00,166.28841544244423,166.76508149443754,158.11551025538967,159.2078857421875,22634200,0.0,0.0
2022-09-06 00:00:00-04:00,158.98942262661697,160.56838946048592,156.5961367043225,157.4402313232422,19339800,0.0,0.0
2022-09-07 00:00:00-04:00,156.66564374082208,159.8434580781021,155.7222367388541,159.27740478515625,16831200,0.0,0.0
2022-09-08 00:00:00-04:00,157.60903898172938,161.1046099111117,156.64576663758697,160.935791015625,22530800,0.0,0.0
2022-09-09 00:00:00-04:00,162.11755708898195,168.36391755240584,161.88915681033242,167.97662353515625,22086800,0.0,0.0
2022-09-12 00:00:00-04:00,166.228832262736,170.20108467611442,166.11959471525049,167.78794860839844,23220400,0.0,0.0
2022-09-13 00:00:00-04:00,160.41942991441775,160.50881712269543,151.61096378106527,152.06777954101562,44444100,0.0,0.0
2022-09-14 00:00:00-04:00,152.26639457194455,152.4749293751391,148.01608494490932,150.41929626464844,43064200,0.0,0.0
2022-09-15 00:00:00-04:00,148.76088484267365,153.13035728599013,147.66850915537285,148.5126190185547,34606300,0.0,0.0
2022-09-16 00:00:00-04:00,147.02299299091143,147.5493152145355,143.28906608768818,145.2751922607422,40122800,0.0,0.0
2022-09-19 00:00:00-04:00,144.23249552916624,147.54932277133344,144.09346729604968,146.9932098388672,22169500,0.0,0.0
2022-09-20 00:00:00-04:00,144.76873672743025,147.80750737262215,144.2126238188906,145.0765838623047,23217400,0.0,0.0
2022-09-21 00:00:00-04:00,145.37452420798962,148.56226381232418,141.01497727715852,141.13414001464844,38338600,0.0,0.0
2022-09-22 00:00:00-04:00,140.56807511655674,143.57705488927735,139.8927843757181,141.8292694091797,34418500,0.0,0.0
2022-09-23 00:00:00-04:00,140.4389776261321,141.63065028026608,137.92652926974512,139.4359893798828,31710700,0.0,0.0
2022-09-26 00:00:00-04:00,139.14801356499476,141.25331789581207,135.2452823830347,135.4240264892578,30497000,0.0,0.0
2022-09-27 00:00:00-04:00,136.96323711408624,138.45283150502777,133.1895949597801,133.4676513671875,30826500,0.0,0.0
2022-09-28 00:00:00-04:00,133.68616806769387,141.0447702879112,133.33860502663492,140.627685546875,32658500,0.0,0.0
2022-09-29 00:00:00-04:00,138.39327831830832,138.86994437759347,134.26213206332815,135.4637451171875,38985400,0.0,0.0
2022-09-30 00:00:00-04:00,135.1062437159562,140.0119780697595,134.56005595639368,134.73880004882812,33166400,0.0,0.0
2022-10-03 00:00:00-04:00,136.18867923947806,138.65147159879163,135.15590023490822,137.6484832763672,27723100,0.0,0.0
2022-10-04 00:00:00-04:00,139.51544995703262,141.4022639154571,138.37341822182503,139.30690002441406,34670700,0.0,0.0
2022-10-05 00:00:00-04:00,137.2810426926311,139.2373781305464,133.84503784216344,138.01589965820312,27979300,0.0,0.0
2022-10-06 00:00:00-04:00,136.76465957644757,140.46878091958473,135.6524336864408,138.1053009033203,36231100,0.0,0.0
2022-10-07 00:00:00-04:00,135.8112977576115,137.33068301741045,131.5212732455144,132.52426147460938,33214800,0.0,0.0
2022-10-10 00:00:00-04:00,132.62358250842252,135.1658216673534,130.9552285897862,132.86190795898438,24024000,0.0,0.0
2022-10-11 00:00:00-04:00,130.70696701014188,131.73976117223205,126.10908735119844,127.64833068847656,38481400,0.0,0.0
2022-10-12 00:00:00-04:00,127.42986620800094,128.77049232167374,125.37421828625249,126.61554718017578,34605200,0.0,0.0
2022-10-13 00:00:00-04:00,122.6730980553919,130.23030974729153,121.68003483781214,129.38619995117188,34325700,0.0,0.0
2022-10-14 00:00:00-04:00,130.09126154468032,130.87577469891576,125.64233567881853,125.88067626953125,23559400,0.0,0.0
2022-10-17 00:00:00-04:00,129.39612223902975,133.85496576636612,129.27694436553693,133.11016845703125,29612200,0.0,0.0
2022-10-18 00:00:00-04:00,136.13900250714025,136.88379975426173,130.4884716345084,131.87876892089844,25445000,0.0,0.0
2022-10-19 00:00:00-04:00,131.9681635517954,136.0496537710444,131.30281304878633,132.30580139160156,30691000,0.0,0.0
2022-10-20 00:00:00-04:00,132.00785104247322,135.82122429746337,130.39909390787523,130.61756896972656,26356300,0.0,0.0
2022-10-21 00:00:00-04:00,125.4337934650105,129.21736132269453,124.56983344637268,129.10812377929688,46348600,0.0,0.0
2022-10-24 00:00:00-04:00,126.36729258833617,132.55407210052488,123.70588290109863,128.82015991210938,63563400,0.0,0.0
2022-10-25 00:00:00-04:00,129.9721082704897,137.39029111902516,129.6841114749998,136.5561065673828,38433200,0.0,0.0
2022-10-26 00:00:00-04:00,130.76654700494944,134.6097116608422,127.63840417505021,128.91946411132812,82791500,0.0,0.0
2022-10-27 00:00:00-04:00,97.30033592507377,101.78897826720984,95.7114287397259,97.26061248779297,232316600,0.0,0.0
2022-10-28 00:00:00-04:00,98.88922490447071,100.15041170257088,96.83358459909144,98.51185607910156,95928300,0.0,0.0
2022-10-31 00:00:00-04:00,97.53866036503508,98.63102827621302,91.95764293134883,92.51376342773438,121361400,0.0,0.0
2022-11-01 00:00:00-04:00,93.6756441380607,96.81371959753587,92.90105613149628,94.53960418701172,110189600,0.0,0.0
2022-11-02 00:00:00-04:00,93.55648159280648,94.53961202289622,89.85236016179088,89.91194152832031,71821100,0.0,0.0
2022-11-03 00:00:00-04:00,89.45513314072755,89.8324944218848,87.79671944722035,88.29325103759766,60664000,0.0,0.0
2022-11-04 00:00:00-04:00,89.72325182690423,90.75603838606281,87.47892704303133,90.16020202636719,55638100,0.0,0.0
2022-11-07 00:00:00-05:00,94.12252726626211,96.20795843512963,92.45418081587393,96.049072265625,81987300,0.0,0.0
2022-11-08 00:00:00-05:00,95.25460878437805,97.12157222311384,94.13245023187092,95.80079650878906,52088300,0.0,0.0
2022-11-09 00:00:00-05:00,101.01438670274665,104.17232788134447,100.04118146405922,100.76612091064453,107677300,0.0,0.0
2022-11-10 00:00:00-05:00,106.37692885293671,111.96787173860783,103.88433818993818,111.09397888183594,80671000,0.0,0.0
2022-11-11 00:00:00-05:00,108.47228980898205,114.10295597850015,108.05519753324442,112.23599243164062,59961700,0.0,0.0
2022-11-14 00:00:00-05:00,110.22008346981342,115.46345600225479,110.03140661206209,113.42768096923828,53395000,0.0,0.0
2022-11-15 00:00:00-05:00,115.2648340397726,117.91631070591497,113.61635322887716,116.26782989501953,50670500,0.0,0.0
2022-11-16 00:00:00-05:00,113.70572106198635,115.27476252468793,111.87848865717179,112.44453430175781,33287800,0.0,0.0
2022-11-17 00:00:00-05:00,109.64410848040296,111.55078795269303,109.03833933923725,110.67688751220703,35093800,0.0,0.0
2022-11-18 00:00:00-05:00,113.01058846285041,113.52697796246153,109.85264737178989,111.2727279663086,33357700,0.0,0.0
2022-11-21 00:00:00-05:00,110.74641198847677,111.59052182497499,108.43258033895025,109.09793090820312,24351100,0.0,0.0
2022-11-22 00:00:00-05:00,109.09792757013905,110.84572098462105,107.5686092795262,110.6669692993164,29029000,0.0,0.0
2022-11-23 00:00:00-05:00,110.94501340234123,111.88842033935603,109.96188303119828,111.4614028930664,21343100,0.0,0.0
2022-11-25 00:00:00-05:00,110.52793133194992,111.94801193573602,110.24986728645337,110.63716888427734,12007600,0.0,0.0
2022-11-28 00:00:00-05:00,110.01152437071426,111.26278594540724,107.62817151583661,108.02539825439453,23309400,0.0,0.0
2022-11-29 00:00:00-05:00,108.78013809330255,110.17042801518582,107.78707494573887,108.70069122314453,23899200,0.0,0.0
2022-11-30 00:00:00-05:00,108.75034544287803,117.34034302913078,108.62124238709019,117.28075408935547,43348600,0.0,0.0
2022-12-01 00:00:00-05:00,118.37311900070078,120.35924520927946,117.57867306315146,119.60452270507812,36551400,0.0,0.0
2022-12-02 00:00:00-05:00,117.01262853139106,123.17954955964963,116.7941534340937,122.63336181640625,39950500,0.0,0.0
2022-12-05 00:00:00-05:00,120.905428177411,123.80517050918586,120.50820143607213,121.5807113647461,35474900,0.0,0.0
2022-12-06 00:00:00-05:00,119.07821369134132,119.71377354252466,112.95100789955556,113.32837677001953,43689200,0.0,0.0
2022-12-07 00:00:00-05:00,112.97086004692484,115.07614896382506,112.09695967254044,113.13967895507812,29461100,0.0,0.0
2022-12-08 00:00:00-05:00,115.58262041467984,116.52602738469093,113.79510369874546,114.52997589111328,30619400,0.0,0.0
2022-12-09 00:00:00-05:00,114.50018716954466,116.7246465613268,113.08010652547362,115.09602355957031,26033400,0.0,0.0
2022-12-12 00:00:00-05:00,114.38100936781183,114.91726435664589,112.3551597132621,113.91426849365234,24747100,0.0,0.0
2022-12-13 00:00:00-05:00,121.28281220406198,122.44470196668328,117.81702357699893,119.3165512084961,44701100,0.0,0.0
2022-12-14 00:00:00-05:00,118.5618080009239,123.27885792875243,118.5618080009239,120.74654388427734,36922000,0.0,0.0
2022-12-15 00:00:00-05:00,117.50916975653068,117.80708416933531,113.21913705449421,115.34429168701172,34531000,0.0,0.0
2022-12-16 00:00:00-05:00,119.39598553083218,122.45461426632954,117.9957628564649,118.60153198242188,67064000,0.0,0.0
2022-12-19 00:00:00-05:00,116.01957187119426,116.98284435751376,113.53691394829686,113.68587493896484,29769900,0.0,0.0
2022-12-20 00:00:00-05:00,112.4743297898754,116.51609633840275,111.67987627248904,116.27775573730469,28742500,0.0,0.0
2022-12-21 00:00:00-05:00,115.89045916890343,119.50520819779996,114.81795679355497,118.92923736572266,20392800,0.0,0.0
2022-12-22 00:00:00-05:00,116.3869954443798,117.79715084272303,113.58655772952558,116.30755615234375,23618100,0.0,0.0
2022-12-23 00:00:00-05:00,115.22511707731186,117.3602043835439,114.7385182510215,117.22117614746094,17796600,0.0,0.0
2022-12-27 00:00:00-05:00,117.11193316595197,117.77728363300687,115.24497724188932,116.0692138671875,21392300,0.0,0.0
2022-12-28 00:00:00-05:00,115.44358202440257,117.33040337493412,114.7087174731427,114.81795501708984,19612500,0.0,0.0
2022-12-29 00:00:00-05:00,115.59254934920521,120.19042889376358,114.96691473106002,119.42577362060547,22366200,0.0,0.0
2022-12-30 00:00:00-05:00,117.34034806387496,119.58466537798836,116.92325577343314,119.50521850585938,19583800,0.0,0.0
2023-01-03 00:00:00-05:00,121.9680154005033,125.49339260262421,121.4317603919951,123.87469482421875,35528500,0.0,0.0
2023-01-04 00:00:00-05:00,126.49637537128699,128.1547965119214,124.97699003546767,126.4864501953125,32397100,0.0,0.0
2023-01-05 00:00:00-05:00,125.25504671628343,127.6284745077786,123.67608001591103,126.05943298339844,25447100,0.0,0.0
2023-01-06 00:00:00-05:00,128.07536832739842,129.4259349510134,125.1656927072315,129.1180877685547,27584500,0.0,0.0
2023-01-09 00:00:00-05:00,130.25017872090828,132.02775526038943,128.38321497323,128.5718994140625,26649100,0.0,0.0
2023-01-10 00:00:00-05:00,126.387129730584,132.5143344437281,126.2679670147591,132.0674591064453,28684400,0.0,0.0
2023-01-11 00:00:00-05:00,130.05156543257846,132.92151752065496,129.43585593466761,131.96817016601562,25423000,0.0,0.0
2023-01-12 00:00:00-05:00,132.51435215688096,136.72493031020812,130.84599814762683,135.7616729736328,30757700,0.0,0.0
2023-01-13 00:00:00-05:00,134.03373369283793,136.43694468179817,133.90463063523947,136.02978515625,22423800,0.0,0.0
2023-01-17 00:00:00-05:00,135.23530901109694,135.80136218171825,133.31870473781115,134.42100524902344,21147600,0.0,0.0
2023-01-18 00:00:00-05:00,134.86788336036574,136.29789650223645,131.87876919085735,132.0972442626953,20215500,0.0,0.0
2023-01-19 00:00:00-05:00,131.57095128372185,136.49653636219355,131.22337309604464,135.20555114746094,28625200,0.0,0.0
2023-01-20 00:00:00-05:00,134.9473280480872,138.96923615667572,133.6762086430776,138.40318298339844,28688600,0.0,0.0
2023-01-23 00:00:00-05:00,138.3237663794459,142.76276009307352,137.69814686781393,142.2761688232422,27470100,0.0,0.0
2023-01-24 00:00:00-05:00,140.70709540767643,143.99413143175178,140.37938280744464,142.14703369140625,21970200,0.0,0.0
2023-01-25 00:00:00-05:00,140.2403761535725,142.17684622265583,139.33668507035335,140.5184326171875,26622000,0.0,0.0
2023-01-26 00:00:00-05:00,143.39832110735034,146.48674828891208,142.30596067082345,146.27821350097656,25482100,0.0,0.0
2023-01-27 00:00:00-05:00,147.21167250133433,152.127331585419,146.36756284470962,150.68739318847656,35771900,0.0,0.0
2023-01-30 00:00:00-05:00,148.3735757881808,150.07170536811816,145.9306336581153,146.0398712158203,28040100,0.0,0.0
2023-01-31 00:00:00-05:00,146.92367120527942,148.84029071897626,146.49666137884958,147.9365997314453,29842100,0.0,0.0
2023-02-01 00:00:00-05:00,147.00314280993058,152.51464654526134,146.03987030335287,152.05783081054688,55661000,0.0,0.0
2023-02-02 00:00:00-05:00,182.10793083625816,195.79234024734723,178.91026618373948,187.46054077148438,150475700,0.0,0.0
2023-02-03 00:00:00-05:00,182.1972979017333,195.40504086784406,181.6213194546132,185.23606872558594,76809700,0.0,0.0
2023-02-06 00:00:00-05:00,185.23605849534317,189.37712979649177,184.2330702212179,184.76931762695312,42483800,0.0,0.0
2023-02-07 00:00:00-05:00,184.2926614583213,192.43577626935254,183.12083906011983,190.29075622558594,47080700,0.0,0.0
2023-02-08 00:00:00-05:00,188.68199427880654,189.50623849321948,181.65110551574864,182.15756225585938,36139100,0.0,0.0
2023-02-09 00:00:00-05:00,184.83887794036045,185.35525994920926,176.04033644567036,176.68582153320312,37118800,0.0,0.0
2023-02-10 00:00:00-05:00,175.12667589321265,177.64904938681158,172.14748672680432,172.94192504882812,33433600,0.0,0.0
2023-02-13 00:00:00-05:00,176.9837048826787,179.7444190570658,174.6003595309434,178.185302734375,31463200,0.0,0.0
2023-02-14 00:00:00-05:00,175.93105640050777,180.25087164562885,174.65993688832626,178.23495483398438,24034600,0.0,0.0
2023-02-15 00:00:00-05:00,175.1962038438669,176.95392990973855,174.1137686177919,175.9310760498047,25308900,0.0,0.0
2023-02-16 00:00:00-05:00,171.55166735716432,174.63016933039438,170.59832002033082,171.2438201904297,25827500,0.0,0.0
2023-02-17 00:00:00-05:00,169.03918907715567,171.97864714115232,168.52279206209818,171.6807403564453,24171300,0.0,0.0
2023-02-21 00:00:00-05:00,173.10083331965035,176.9340576419765,170.68769716550068,170.8863067626953,34592600,0.0,0.0
2023-02-22 00:00:00-05:00,169.88331184819478,171.5615757592957,168.51287992078773,169.93295288085938,22433200,0.0,0.0
2023-02-23 00:00:00-05:00,170.8068722736244,172.4851515245046,168.20505151002578,170.84658813476562,20017800,0.0,0.0
2023-02-24 00:00:00-05:00,167.47016262504536,169.53573571664788,166.49696501797226,169.20802307128906,19791300,0.0,0.0
2023-02-27 00:00:00-05:00,170.6876859692171,171.91907448281532,167.88724082776324,168.36390686035156,19277000,0.0,0.0
2023-02-28 00:00:00-05:00,170.70756546079775,176.31838187716573,170.6777747757344,173.7264862060547,46051100,0.0,0.0
2023-03-01 00:00:00-05:00,173.37887720914978,176.61627250504657,171.8495667534545,172.2169952392578,30998400,0.0,0.0
2023-03-02 00:00:00-05:00,171.1842257694203,173.7959714755196,170.24080368144263,173.31930541992188,17352000,0.0,0.0
2023-03-03 00:00:00-05:00,177.67885893450952,185.3254422430507,175.8218356725193,183.96495056152344,45877700,0.0,0.0
2023-03-06 00:00:00-05:00,186.6958724355289,188.34436090331448,183.35917964120182,183.61737060546875,33209400,0.0,0.0
2023-03-07 00:00:00-05:00,187.68891528456678,189.03948163029818,182.73352524077848,183.2300567626953,36701500,0.0,0.0
2023-03-08 00:00:00-05:00,181.6014509997279,183.97487129085047,180.08206561247465,183.6868896484375,19432400,0.0,0.0
2023-03-09 00:00:00-05:00,185.05733517601084,187.61942492227118,179.04929972715175,180.42965698242188,26582800,0.0,0.0
2023-03-10 00:00:00-05:00,179.75436531559095,183.48829266497177,177.5597041177782,178.2647705078125,25665000,0.0,0.0
2023-03-13 00:00:00-04:00,176.7255182601782,182.50513769842044,173.60730069141576,179.64511108398438,24728000,0.0,0.0
2023-03-14 00:00:00-04:00,186.27878888385163,192.97204001980109,185.26586022047786,192.6741180419922,41642600,0.0,0.0
2023-03-15 00:00:00-04:00,191.61152878670697,196.4080255450834,189.51616496662461,196.37823486328125,42123600,0.0,0.0
2023-03-16 00:00:00-04:00,196.88469349861998,204.3326670795369,194.7297482942276,203.5084228515625,50447100,0.0,0.0
2023-03-17 00:00:00-04:00,199.16874180941005,200.49944278615354,194.07432302987556,194.25308227539062,50141100,0.0,0.0
2023-03-20 00:00:00-04:00,197.10317093063804,197.9770713567288,192.29674889302132,196.4378204345703,25186300,0.0,0.0
2023-03-21 00:00:00-04:00,201.79043897159778,202.1380171523649,196.57685717774208,200.75765991210938,31827000,0.0,0.0
2023-03-22 00:00:00-04:00,201.095277091243,205.9314895234594,198.28490670909648,198.42393493652344,28477800,0.0,0.0
2023-03-23 00:00:00-04:00,201.432932150443,206.43797907213462,200.7477161305615,202.86294555664062,27389700,0.0,0.0
2023-03-24 00:00:00-04:00,203.7566883902138,206.14004902497825,202.13800577125969,204.5809326171875,27716400,0.0,0.0
2023-03-27 00:00:00-04:00,203.3892733555036,204.43199275525842,199.9632083159738,201.4329376220703,18527200,0.0,0.0
2023-03-28 00:00:00-04:00,198.7615958007483,199.63549627616237,196.52720357397172,199.2879180908203,19127300,0.0,0.0
2023-03-29 00:00:00-04:00,202.14791521864234,204.29293507714553,201.1349866488592,203.92550659179688,18851100,0.0,0.0
2023-03-30 00:00:00-04:00,201.9691860222498,206.6465049204473,201.4130730889809,206.3982391357422,22608300,0.0,0.0
2023-03-31 00:00:00-04:00,205.80240916140227,210.69820313423787,205.33566827660388,210.4698028564453,25440300,0.0,0.0
2023-04-03 00:00:00-04:00,207.3913118002008,212.00906469957744,206.7557519682816,211.59197998046875,17924600,0.0,0.0
2023-04-04 00:00:00-04:00,211.9097235929772,214.7399593461134,211.0656139394623,213.23049926757812,21026400,0.0,0.0
2023-04-05 00:00:00-04:00,212.6644774037662,213.69727161345537,208.48368983343693,210.01300048828125,19396600,0.0,0.0
2023-04-06 00:00:00-04:00,207.79846352965933,215.43512155529157,207.2026195802258,214.6009521484375,26104400,0.0,0.0
2023-04-10 00:00:00-04:00,213.22058382610507,214.16399073590577,209.19867526017546,213.2602996826172,16106100,0.0,0.0
2023-04-11 00:00:00-04:00,213.98525990439575,214.52152253260653,211.9296269041005,212.3665771484375,16710100,0.0,0.0
2023-04-12 00:00:00-04:00,213.34968761381884,215.3358139520289,211.1053703067004,212.51551818847656,18972200,0.0,0.0
2023-04-13 00:00:00-04:00,214.23349515104934,219.61589525507537,214.1937792949306,218.8214569091797,23310400,0.0,0.0
2023-04-14 00:00:00-04:00,216.36859383639296,220.56924652131391,216.04088119388985,219.95355224609375,21591200,0.0,0.0
2023-04-17 00:00:00-04:00,218.26532298731868,219.44707045154968,215.62378676761736,217.34178161621094,15481900,0.0,0.0
2023-04-18 00:00:00-04:00,218.38451654561058,218.91083879225266,214.71018599535682,216.37852478027344,12281000,0.0,0.0
2023-04-19 00:00:00-04:00,211.98917839281134,215.82240251472518,211.45291584018815,214.20370483398438,15898100,0.0,0.0
2023-04-20 00:00:00-04:00,211.99912436985045,215.24644522576878,211.29405799455063,211.59197998046875,16475400,0.0,0.0
2023-04-21 00:00:00-04:00,208.75180610707153,211.92960507547147,208.12617148957972,211.4132080078125,17717200,0.0,0.0
2023-04-24 00:00:00-04:00,212.1977294176344,212.43607003183712,209.24834576393567,211.31390380859375,15750900,0.0,0.0
2023-04-25 00:00:00-04:00,209.3575962553831,209.79453134567675,205.69319053263195,206.1102752685547,19198200,0.0,0.0
2023-04-26 00:00:00-04:00,211.02590456421436,212.6247367296185,207.43102106246127,207.94740295410156,41992700,0.0,0.0
2023-04-27 00:00:00-04:00,238.22592722369822,240.0134439901391,235.12757493049514,236.9051513671875,71196500,0.0,0.0
2023-04-28 00:00:00-04:00,237.35202858870025,238.76217650609945,234.11464803069435,238.6529541015625,39554000,0.0,0.0
2023-05-01 00:00:00-04:00,236.96472226230986,242.30740681898098,234.81971739031144,241.4930877685547,29143900,0.0,0.0
2023-05-02 00:00:00-04:00,241.49310059756277,243.22103601271516,237.33217853707353,237.5804443359375,24350100,0.0,0.0
2023-05-03 00:00:00-04:00,237.80881854309877,240.07300116814744,231.1354333893953,235.3857421875,34463900,0.0,0.0
2023-05-04 00:00:00-04:00,234.42245890467396,236.54761320512407,231.31416673911798,231.90008544921875,17889400,0.0,0.0
2023-05-05 00:00:00-04:00,230.62898999634135,233.0520513390073,228.25556968851794,231.1652374267578,27000500,0.0,0.0
2023-05-08 00:00:00-04:00,229.81466736120282,233.98552946998953,228.67265082469316,231.65184020996094,16400500,0.0,0.0
2023-05-09 00:00:00-04:00,229.85442042692114,234.24375805736074,229.4770515529703,231.75115966796875,16865600,0.0,0.0
2023-05-10 00:00:00-04:00,234.53171137808388,235.10768979657198,229.11952049360835,231.46315002441406,19119000,0.0,0.0
2023-05-11 00:00:00-04:00,231.4333745254559,236.55758411330328,230.6885771488365,234.15435791015625,20449000,0.0,0.0
2023-05-12 00:00:00-04:00,235.09776258207017,235.31623767522092,229.84445032350018,232.18807983398438,16161400,0.0,0.0
2023-05-15 00:00:00-04:00,235.27651903465465,238.59334630985595,233.69755226718914,237.20306396484375,20653200,0.0,0.0
2023-05-16 00:00:00-04:00,234.15436516028703,237.97766453982413,233.88624900652016,237.16336059570312,18163800,0.0,0.0
2023-05-17 00:00:00-04:00,236.79589317705327,242.1485026802214,236.4880460405073,240.80787658691406,21193100,0.0,0.0
2023-05-18 00:00:00-04:00,239.6261459129336,245.37597499901185,239.51690835813355,245.1376495361328,22943300,0.0,0.0
2023-05-19 00:00:00-04:00,245.75334256589562,246.9648808389927,241.72150854192458,243.93603515625,21733600,0.0,0.0
2023-05-22 00:00:00-04:00,243.70762529469803,251.8110240364493,243.4196285026219,246.59744262695312,27738500,0.0,0.0
2023-05-23 00:00:00-04:00,245.09791840756068,249.8646246511215,244.93902466375565,245.02841186523438,17748100,0.0,0.0
2023-05-24 00:00:00-04:00,243.5785163383719,247.85861588162453,243.2508036965043,247.48126220703125,17724300,0.0,0.0
2023-05-25 00:00:00-04:00,251.64218484946718,253.84678615571042,247.44153215641037,250.93711853027344,22371400,0.0,0.0
2023-05-26 00:00:00-04:00,251.1754685062599,260.49040619358874,250.95700854244143,260.2222900390625,25727200,0.0,0.0
2023-05-30 00:00:00-04:00,263.41004841172463,266.78645767420346,259.47752610864393,260.698974609375,23816500,0.0,0.0
2023-05-31 00:00:00-04:00,258.19646786010935,263.1617845497268,256.6572318086831,262.88372802734375,25473700,0.0,0.0
2023-06-01 00:00:00-04:00,264.0555473300897,272.099366789046,264.0456373042701,270.718994140625,25609500,0.0,0.0
2023-06-02 00:00:00-04:00,270.7686654932807,273.44000841652024,269.23933939867135,270.718994140625,19416900,0.0,0.0
2023-06-05 00:00:00-04:00,268.42495029713945,273.65841235642824,267.69009328325524,269.5074157714844,20742900,0.0,0.0
2023-06-06 00:00:00-04:00,268.26607538837465,274.6514637291308,267.81918487933905,269.2392578125,19419000,0.0,0.0
2023-06-07 00:00:00-04:00,269.7854493440546,272.34753865202845,260.9769547245147,261.77142333984375,26163600,0.0,0.0
2023-06-08 00:00:00-04:00,258.8121074074924,265.79333998070234,257.0841872637423,262.74462890625,20899400,0.0,0.0
2023-06-09 00:00:00-04:00,260.6592541295037,266.09131134756825,259.8846660026995,263.11212158203125,16949800,0.0,0.0
2023-06-12 00:00:00-04:00,265.31670951302914,269.86492565217327,263.4894465487271,269.1697692871094,15442500,0.0,0.0
2023-06-13 00:00:00-04:00,272.9732299782747,273.80739946841885,267.2233852968365,269.43792724609375,16164000,0.0,0.0
2023-06-14 00:00:00-04:00,270.0039327894118,273.0824040633074,266.4586903542586,271.45379638671875,19175100,0.0,0.0
2023-06-15 00:00:00-04:00,270.4110790356921,282.01998948674196,269.5372089354566,279.8749694824219,25973500,0.0,0.0
2023-06-16 00:00:00-04:00,282.77473761942036,285.85323950718237,278.18679062357944,279.0507507324219,43127700,0.0,0.0
2023-06-20 00:00:00-04:00,276.79647611939964,282.824345828367,274.30387815446664,282.35760498046875,20701600,0.0,0.0
2023-06-21 00:00:00-04:00,281.5631833397857,282.0299242153351,276.4290337087428,279.6863098144531,20556200,0.0,0.0
2023-06-22 00:00:00-04:00,277.1440246782654,283.28117740443963,275.8629951546668,282.90380859375,17563100,0.0,0.0
2023-06-23 00:00:00-04:00,279.55722497559066,287.66062414590505,277.0149856640273,286.7271423339844,51092000,0.0,0.0
2023-06-26 00:00:00-04:00,286.69734660419147,287.7797818126023,275.674339459716,276.5382995605469,24232700,0.0,0.0
2023-06-27 00:00:00-04:00,280.0537302112872,287.3428096162056,278.7031486570512,285.0587463378906,26108300,0.0,0.0
2023-06-28 00:00:00-04:00,282.8442637293146,287.5414332003297,282.08952601055387,283.3110046386719,16722100,0.0,0.0
2023-06-29 00:00:00-04:00,282.5264555414938,284.5821034580367,278.7428875068673,279.5770568847656,15395700,0.0,0.0
2023-06-30 00:00:00-04:00,282.7846868116461,287.04490612365464,282.44704896001576,284.9892883300781,19694900,0.0,0.0
2023-07-03 00:00:00-04:00,284.71122518279316,287.3924775791837,282.87405224278217,284.0359191894531,8629300,0.0,0.0
2023-07-05 00:00:00-04:00,285.65458733876653,296.05195894174534,284.37352748692535,292.3279724121094,33865500,0.0,0.0
2023-07-06 00:00:00-04:00,293.8374787010274,296.0519901953358,289.28923236805707,289.9645080566406,47600500,0.0,0.0
2023-07-07 00:00:00-04:00,290.1531659549426,294.14529896689464,286.657594793173,288.5146179199219,25586000,0.0,0.0
2023-07-10 00:00:00-04:00,293.499768189484,296.0618877938484,285.0587323828502,292.0598449707031,37058300,0.0,0.0
2023-07-11 00:00:00-04:00,291.86126327728795,298.09769885118925,289.8751369122763,296.2208251953125,27585900,0.0,0.0
2023-07-12 00:00:00-04:00,299.65683688860395,307.3034360666077,298.01828858071326,307.1941833496094,36677100,0.0,0.0
2023-07-13 00:00:00-04:00,311.4444967143283,314.04631762297777,308.1376093722849,311.2359619140625,30281000,0.0,0.0
2023-07-14 00:00:00-04:00,309.6271439820355,312.69570524056013,305.2278515366638,306.7273864746094,23054100,0.0,0.0
2023-07-17 00:00:00-04:00,305.40661961180007,309.5476755688944,302.5962342022979,308.4652404785156,25323100,0.0,0.0
2023-07-18 00:00:00-04:00,308.72347853869013,312.02045548737846,305.4860829548435,309.8853454589844,20731900,0.0,0.0
2023-07-19 00:00:00-04:00,310.8585322289493,316.46933252480835,308.3659342202433,313.81787109375,21763700,0.0,0.0
2023-07-20 00:00:00-04:00,311.32532347756353,313.3511809580892,300.12357142400333,300.4214782714844,23836900,0.0,0.0
2023-07-21 00:00:00-04:00,302.4572278736158,303.3410382508624,289.179979416503,292.21875,42139300,0.0,0.0
2023-07-24 00:00:00-04:00,293.7282143136056,295.45613447918595,286.30009111687883,289.5871276855469,24915700,0.0,0.0
2023-07-25 00:00:00-04:00,293.14234440167036,296.23075657509025,289.83542679422806,292.4273376464844,19585600,0.0,0.0
2023-07-26 00:00:00-04:00,299.1006606584719,299.6766238894275,289.8750964937067,296.49884033203125,47256900,0.0,0.0
2023-07-27 00:00:00-04:00,322.86471098100867,323.09312643296056,307.6907061097006,309.5477294921875,64229200,0.0,0.0
2023-07-28 00:00:00-04:00,314.68181979529624,323.9371745671294,312.07005916085666,323.22216796875,39220300,0.0,0.0
2023-07-31 00:00:00-04:00,321.4446418568017,323.40097764743524,315.3869500452548,316.38995361328125,25799600,0.0,0.0
2023-08-01 00:00:00-04:00,315.33728544494596,321.89150838566957,312.47725868492967,320.4714050292969,22817900,0.0,0.0
2023-08-02 00:00:00-04:00,315.794074554509,316.1813837210688,308.49505450598787,312.1296691894531,20461100,0.0,0.0
2023-08-03 00:00:00-04:00,307.7800604286639,313.7583200966404,307.7800604286639,311.0174560546875,15180200,0.0,0.0
2023-08-04 00:00:00-04:00,312.77513072716664,316.2012103828058,308.0481712022811,308.5744934082031,17612800,0.0,0.0
2023-08-07 00:00:00-04:00,311.0571876851378,314.87054662167225,308.30638330815515,314.36407470703125,16236500,0.0,0.0
2023-08-08 00:00:00-04:00,312.21905352423573,315.68486458374076,307.9588040537876,310.4712829589844,15183500,0.0,0.0
2023-08-09 00:00:00-04:00,310.70958057750164,311.4543778857234,300.749159121118,303.0927734375,19955800,0.0,0.0
2023-08-10 00:00:00-04:00,305.8038611045428,310.1733327929032,301.7620869128098,303.6191101074219,14358900,0.0,0.0
2023-08-11 00:00:00-04:00,300.4711183412435,302.60619800831466,298.2764270049962,299.5475769042969,14046300,0.0,0.0
2023-08-14 00:00:00-04:00,298.8921289769333,304.0858293548746,296.1810559287265,304.06597900390625,15641900,0.0,0.0
2023-08-15 00:00:00-04:00,304.0163444248996,305.09877954029145,297.9487132756446,299.85540771484375,11623600,0.0,0.0
2023-08-16 00:00:00-04:00,298.11754145231623,298.9914114844194,292.2385948278113,292.24853515625,18547700,0.0,0.0
2023-08-17 00:00:00-04:00,291.01717116691407,293.9963608951782,282.97338314530896,283.1123962402344,23950100,0.0,0.0
2023-08-18 00:00:00-04:00,277.09439819859506,283.7082021437842,272.47666080114544,281.2851257324219,35347900,0.0,0.0
2023-08-21 00:00:00-04:00,281.4837682910043,288.4848515328741,279.8948611542594,287.8890075683594,20181500,0.0,0.0
2023-08-22 00:00:00-04:00,290.5205630066512,290.8681411112214,284.7608098384595,285.60491943359375,12980200,0.0,0.0
2023-08-23 00:00:00-04:00,286.49874036161424,295.33699700136754,285.6745112195998,292.19891357421875,18287000,0.0,0.0
2023-08-24 00:00:00-04:00,296.4293565159792,297.3826886744035,284.65164185583643,284.7608642578125,18360900,0.0,0.0
2023-08-25 00:00:00-04:00,284.145165887689,286.3894983198096,274.1152219434127,283.51953125,23701400,0.0,0.0
2023-08-28 00:00:00-04:00,286.00221884843614,289.4282992174123,283.817467554323,288.2465515136719,14239300,0.0,0.0
2023-08-29 00:00:00-04:00,286.5781245308477,297.0748083488483,286.18090536800884,295.9228515625,20844500,0.0,0.0
2023-08-30 00:00:00-04:00,295.1085653050081,296.22079109242657,291.3944888220246,293.05291748046875,17717000,0.0,0.0
2023-08-31 00:00:00-04:00,293.7480610282445,299.0113137881702,293.6090479494358,293.83746337890625,17229900,0.0,0.0
2023-09-01 00:00:00-04:00,297.2933153323232,299.646870188194,292.42731187722154,294.3240661621094,12842300,0.0,0.0
2023-09-05 00:00:00-04:00,294.9596694681902,299.2993818258614,293.4601643965392,298.0679626464844,14956000,0.0,0.0
2023-09-06 00:00:00-04:00,299.61705445694486,301.1960211231086,293.6090349237248,297.0946960449219,15418100,0.0,0.0
2023-09-07 00:00:00-04:00,295.93283987371177,304.92004990188514,290.1929356682624,296.59820556640625,33748700,0.0,0.0
2023-09-08 00:00:00-04:00,297.14430779970434,303.1324763913675,294.72123169007466,295.82354736328125,17548000,0.0,0.0
2023-09-11 00:00:00-04:00,299.319151179612,306.89622744540156,299.190048128287,305.4264831542969,19489300,0.0,0.0
2023-09-12 00:00:00-04:00,304.2050319475846,306.5188861385687,298.14737076735327,299.56744384765625,13480400,0.0,0.0
2023-09-13 00:00:00-04:00,300.26256497984866,305.04913672382065,299.22980110519165,302.94384765625,13210900,0.0,0.0
2023-09-14 00:00:00-04:00,304.61218228599614,310.6996642714737,302.9140527776012,309.5576477050781,19343100,0.0,0.0
2023-09-15 00:00:00-04:00,309.44837699255953,309.83568614706604,296.677600116782,298.2267761230469,28131100,0.0,0.0
2023-09-18 00:00:00-04:00,296.121522359294,301.49399798650074,295.7342131588105,300.4512634277344,14234200,0.0,0.0
2023-09-19 00:00:00-04:00,300.3817966050411,304.0462025907863,297.73030427082966,302.9538269042969,15924400,0.0,0.0
2023-09-20 00:00:00-04:00,302.93390184979273,305.92303162981295,297.3528917945429,297.59124755859375,19379500,0.0,0.0
2023-09-21 00:00:00-04:00,293.64876766916143,298.1771329325282,291.2356013293581,293.6785583496094,21319600,0.0,0.0
2023-09-22 00:00:00-04:00,297.223785161248,303.261626013211,296.20093134106725,297.00531005859375,25369600,0.0,0.0
2023-09-25 00:00:00-04:00,293.5892243593173,298.8623876231984,291.66267929164457,298.7431945800781,18987000,0.0,0.0
2023-09-26 00:00:00-04:00,295.5951689952112,298.21683984687155,293.9566209246884,296.8861389160156,19417200,0.0,0.0
2023-09-27 00:00:00-04:00,298.3658446206744,299.20992407915827,284.80059794210763,295.67462158203125,36429800,0.0,0.0
2023-09-28 00:00:00-04:00,296.8662747588232,304.2049950422856,294.6418231934781,301.8514404296875,22167100,0.0,0.0
2023-09-29 00:00:00-04:00,305.2477166099444,308.48511176016746,297.28333177621215,298.12744140625,25373700,0.0,0.0
2023-10-02 00:00:00-04:00,300.63993566847256,305.0491385865239,299.53765009190124,304.691650390625,16265600,0.0,0.0
2023-10-03 00:00:00-04:00,302.14939381555854,304.64196163237807,297.561447061845,298.8524169921875,17362300,0.0,0.0
2023-10-04 00:00:00-04:00,296.65780683741343,304.77111692642563,296.42939137112893,303.46026611328125,16880500,0.0,0.0
2023-10-05 00:00:00-04:00,302.51682647716126,304.0858528897177,297.42240776565654,302.67572021484375,19130000,0.0,0.0
2023-10-06 00:00:00-04:00,299.34899776019523,314.1158438953372,298.822675433657,313.241943359375,21803900,0.0,0.0
2023-10-09 00:00:00-04:00,310.33224509730616,318.1079164958756,309.6569694053864,316.1515808105469,22503700,0.0,0.0
2023-10-10 00:00:00-04:00,316.9063193123349,322.40789785267475,315.9529871386854,319.6074523925781,19038000,0.0,0.0
2023-10-11 00:00:00-04:00,320.7693282869798,326.55887294556385,320.70974692421356,325.54595947265625,22036300,0.0,0.0
2023-10-12 00:00:00-04:00,325.72470520119657,328.24709402590145,320.45154242865993,321.9113464355469,20530500,0.0,0.0
2023-10-13 00:00:00-04:00,321.28569292034854,322.79513787238227,310.2031054536438,312.50701904296875,21341000,0.0,0.0
2023-10-16 00:00:00-04:00,316.42970346137577,319.58763747200845,313.3313205181975,318.9222717285156,16536100,0.0,0.0
2023-10-17 00:00:00-04:00,315.9728369140066,322.1496911366315,315.0989364623092,321.7524719238281,16387800,0.0,0.0
2023-10-18 00:00:00-04:00,319.16056192127786,323.67898687087495,313.37098711933334,314.7712097167969,16851000,0.0,0.0
2023-10-19 00:00:00-04:00,317.6610392954345,319.65710588726887,309.5874311888656,310.64007568359375,18709200,0.0,0.0
2023-10-20 00:00:00-04:00,311.96087906686824,313.1128056759852,304.3440712111467,306.5089416503906,22312300,0.0,0.0
2023-10-23 00:00:00-04:00,307.35303227179605,315.1584937626349,305.12858060525525,311.8317565917969,17796800,0.0,0.0
2023-10-24 00:00:00-04:00,314.58250343789996,316.1416196585319,308.47517190327306,310.3818359375,19525500,0.0,0.0
2023-10-25 00:00:00-04:00,307.8495504686246,308.7234508156699,296.7669630150486,297.4521789550781,42192500,0.0,0.0
2023-10-26 00:00:00-04:00,292.95359454940296,292.95359454940296,277.46180518324184,286.3497314453125,66684100,0.0,0.0
2023-10-27 00:00:00-04:00,292.4372994090565,297.23378194328507,290.93776408758714,294.67169189453125,29596300,0.0,0.0
2023-10-30 00:00:00-04:00,297.0153035632579,307.253783927351,296.97557254496706,300.560546875,28435100,0.0,0.0
2023-10-31 00:00:00-04:00,301.20597199311294,301.5734004979503,294.8007027575976,299.18011474609375,19434200,0.0,0.0
2023-11-01 00:00:00-04:00,299.75613549484945,310.5705780744768,299.75613549484945,309.686767578125,20434600,0.0,0.0
2023-11-02 00:00:00-04:00,315.0989201697946,316.60839552863507,306.1911426491428,308.7135314941406,21631800,0.0,0.0
2023-11-03 00:00:00-04:00,310.3819266323785,313.3611165740333,308.86254097437006,312.417724609375,16764300,0.0,0.0
2023-11-06 00:00:00-05:00,313.788118889779,316.1217931505225,312.2687334154871,313.6093444824219,12887700,0.0,0.0
2023-11-07 00:00:00-05:00,314.8605672593097,318.7732380889844,312.93402252364734,316.6083679199219,14055600,0.0,0.0
2023-11-08 00:00:00-05:00,315.9331292322415,319.1009728408857,312.69573362289094,317.5617370605469,13609700,0.0,0.0
2023-11-09 00:00:00-05:00,317.2042495782576,321.9312096368401,316.588524958862,318.3263854980469,16103100,0.0,0.0
2023-11-10 00:00:00-05:00,317.7206153955323,326.81707716443447,317.24393419027814,326.4893493652344,19096200,0.0,0.0
2023-11-13 00:00:00-05:00,323.9372447169332,330.0246969908441,323.4407130912518,326.906494140625,16908900,0.0,0.0
2023-11-14 00:00:00-05:00,332.21937035057084,335.7546729067874,331.0177420621796,333.9770812988281,17179400,0.0,0.0
2023-11-15 00:00:00-05:00,335.58582953023244,336.05257043204165,327.73069622431444,330.40203857421875,14531200,0.0,0.0
2023-11-16 00:00:00-05:00,327.0852237219549,332.25907454606346,324.1159744301697,331.8717956542969,18932600,0.0,0.0
2023-11-17 00:00:00-05:00,327.96901069081383,333.1726513447855,327.06531968384377,332.7158508300781,14494400,0.0,0.0
2023-11-20 00:00:00-05:00,332.5669165974887,339.4984776499727,331.87176030410876,337.6116638183594,16960500,0.0,0.0
2023-11-21 00:00:00-05:00,335.983036522229,337.5421529147705,333.56990038195556,334.6424255371094,12027900,0.0,0.0
2023-11-22 00:00:00-05:00,336.85694150534493,340.5412275998249,336.2313068739848,339.1211242675781,10702700,0.0,0.0
2023-11-24 00:00:00-05:00,337.77057245981536,339.4885523054197,334.4338645325488,335.8837585449219,5467500,0.0,0.0
2023-11-27 00:00:00-05:00,333.84794886953887,337.5421448490172,331.8817033085443,332.37823486328125,15684500,0.0,0.0
2023-11-28 00:00:00-05:00,331.0872390330007,337.02576741661284,331.0872390330007,336.6384582519531,12637200,0.0,0.0
2023-11-29 00:00:00-05:00,337.3336328595528,337.5421676409766,328.48543631997484,329.8955993652344,16024500,0.0,0.0
2023-11-30 00:00:00-05:00,329.5876934244684,331.186510306714,320.1635049519717,324.88055419921875,23146400,0.0,0.0
2023-12-01 00:00:00-05:00,323.2222283416098,324.592630130751,318.534968722478,322.5668029785156,15276400,0.0,0.0
2023-12-04 00:00:00-05:00,315.08903616288524,318.63424881009973,311.4842118413213,317.8000793457031,19037100,0.0,0.0
2023-12-05 00:00:00-05:00,316.76730831301273,319.64718551244295,313.20221508572604,316.08209228515625,16952100,0.0,0.0
2023-12-06 00:00:00-05:00,319.6967975944425,320.0145850609323,314.840734778022,315.2478942871094,11294300,0.0,0.0
2023-12-07 00:00:00-05:00,315.56566907383996,325.96304155910934,315.56566907383996,324.3244934082031,15905100,0.0,0.0
2023-12-08 00:00:00-05:00,320.8487785252904,330.8588723302626,320.7594064759814,330.4417724609375,14087400,0.0,0.0
2023-12-11 00:00:00-05:00,327.1150364460528,327.6016580583921,317.78024773015665,323.02362060546875,25802500,0.0,0.0
2023-12-12 00:00:00-05:00,322.3483177648806,332.1498466082238,322.30858675160493,331.9015808105469,18485500,0.0,0.0
2023-12-13 00:00:00-05:00,331.61355953176974,336.02276219765315,330.3325299305127,332.4179382324219,16353300,0.0,0.0
2023-12-14 00:00:00-05:00,331.5341624357067,332.3782722348448,326.3603115392627,330.85888671875,19607300,0.0,0.0
2023-12-15 00:00:00-05:00,329.6870122597024,336.31075653936995,328.9223645749602,332.5967102050781,31776900,0.0,0.0
2023-12-18 00:00:00-05:00,335.1390056312208,345.1490701287653,334.682174703564,342.2294616699219,18993900,0.0,0.0
2023-12-19 00:00:00-05:00,343.182755230737,351.14714120990925,342.72595466047795,347.9295959472656,17729400,0.0,0.0
2023-12-20 00:00:00-05:00,346.23145156558394,352.49767744349367,345.37743182713814,346.8570861816406,16369900,0.0,0.0
2023-12-21 00:00:00-05:00,350.5314120529939,353.9376110969947,346.7875448972767,351.6336975097656,15289600,0.0,0.0
2023-12-22 00:00:00-05:00,353.1133483277579,354.7221359363727,348.7836079478467,350.9385681152344,11772800,0.0,0.0
2023-12-26 00:00:00-05:00,352.5274239898353,354.50363996400733,350.99812879302704,352.3685302734375,9898600,0.0,0.0
2023-12-27 00:00:00-05:00,353.6000381287208,356.50970617309997,352.8453003620589,355.3478088378906,13207900,0.0,0.0
2023-12-28 00:00:00-05:00,357.20484368034937,359.38956452775494,355.32793969331226,355.83441162109375,11798800,0.0,0.0
2023-12-29 00:00:00-05:00,356.4997453113809,357.5027488323767,349.3794992017642,351.504638671875,14987100,0.0,0.0
2024-01-02 00:00:00-05:00,348.8829233892459,350.710155792769,337.651382544702,343.8878173828125,19042200,0.0,0.0
2024-01-03 00:00:00-05:00,342.5869162104764,345.5363148044209,340.79938446227584,342.0804443359375,15451100,0.0,0.0
2024-01-04 00:00:00-05:00,342.1102461152332,345.7349204555681,341.01787061798507,344.7120666503906,12099900,0.0,0.0
2024-01-05 00:00:00-05:00,344.5829605689194,351.04781114531914,343.8580438907482,349.5085754394531,13920700,0.0,0.0
2024-01-08 00:00:00-05:00,352.2395362400979,356.48984560926635,349.6078944625118,356.17205810546875,13890200,0.0,0.0
2024-01-09 00:00:00-05:00,353.9277076707349,358.138316118868,352.8949134884514,354.9505615234375,13463900,0.0,0.0
2024-01-10 00:00:00-05:00,357.671577377967,370.35298322336445,356.58911184712105,367.9001159667969,22117200,0.0,0.0
2024-01-11 00:00:00-05:00,369.54860933207885,370.1940943436833,360.41241587190035,367.1056823730469,17205400,0.0,0.0
2024-01-12 00:00:00-05:00,367.5922316147304,374.44436077359,366.97653735694337,371.8921813964844,19310000,0.0,0.0
2024-01-16 00:00:00-05:00,371.05801257675466,373.00440772159226,364.68256459513566,364.91094970703125,15306900,0.0,0.0
2024-01-17 00:00:00-05:00,363.75901875957754,365.9835008176881,356.1223607318254,365.8146667480469,12724800,0.0,0.0
2024-01-18 00:00:00-05:00,368.91298585068853,374.23581960253256,368.37675361940967,373.52081298828125,16354300,0.0,0.0
2024-01-19 00:00:00-05:00,376.3709265262171,381.69373035981744,375.3480727138561,380.7900695800781,21670800,0.0,0.0
2024-01-22 00:00:00-05:00,385.25883486628504,387.6421802024165,378.51592805242285,379.1316223144531,17680500,0.0,0.0
2024-01-23 00:00:00-05:00,381.95193000664796,385.68585701267045,379.42954121177866,382.5279235839844,15506100,0.0,0.0
2024-01-24 00:00:00-05:00,387.2945898357956,393.401921537415,385.1197793299396,387.98974609375,15698500,0.0,0.0
2024-01-25 00:00:00-05:00,387.4634458217214,392.7465185188865,382.9847215109349,390.4525451660156,15091100,0.0,0.0
2024-01-26 00:00:00-05:00,391.6144490770692,394.0375255245111,388.8735851564818,391.4059143066406,13163700,0.0,0.0
2024-01-29 00:00:00-05:00,392.2500198714916,400.1349440276031,390.37314620072715,398.2381896972656,18742400,0.0,0.0
2024-01-30 00:00:00-05:00,400.790301293448,403.54107495345625,396.7981988563078,397.2847900390625,18614700,0.0,0.0
2024-01-31 00:00:00-05:00,386.3016091541154,395.23917851757824,384.4147950163393,387.4337158203125,20180800,0.0,0.0
2024-02-01 00:00:00-05:00,391.20730397034777,397.7217958803975,390.32346321045657,392.0414733886719,29727100,0.0,0.0
2024-02-02 00:00:00-05:00,456.4118123081212,482.5889413919977,449.86753003715205,471.6950378417969,84707600,0.0,0.0
2024-02-05 00:00:00-05:00,466.6205169046831,468.6264935538415,456.03446010862973,456.22314453125,40832400,0.0,0.0
2024-02-06 00:00:00-05:00,460.78132972802837,463.87968209622363,449.8576344112001,451.5657043457031,21655200,0.0,0.0
2024-02-07 00:00:00-05:00,454.82289153063925,468.24909348841373,453.0155094480888,466.3324890136719,23066000,0.0,0.0
2024-02-08 00:00:00-05:00,465.07131581521656,467.32555813022316,461.8041297477829,466.7396545410156,18815100,0.0,0.0
2024-02-09 00:00:00-05:00,469.6692454531746,470.30479013249504,464.22724828942955,464.86279296875,18413100,0.0,0.0
2024-02-12 00:00:00-05:00,464.9422724650144,475.82623689558534,463.34342491807934,465.6473388671875,19382000,0.0,0.0
2024-02-13 00:00:00-05:00,453.7007370395461,464.64431187911475,451.93308592056786,456.9281921386719,20916600,0.0,0.0
2024-02-14 00:00:00-05:00,464.68402390922387,470.8211467892726,462.8567913837344,469.9969177246094,16858400,0.0,0.0
2024-02-15 00:00:00-05:00,471.9830605741492,485.23051957889754,468.94428970905085,480.67236328125,24212300,0.0,0.0
2024-02-16 00:00:00-05:00,474.7934022206939,475.6375119489184,465.9551463563073,470.0366516113281,23324600,0.0,0.0
2024-02-20 00:00:00-05:00,466.46159170236916,472.87677072112166,463.3235087291464,468.4775085449219,18015500,0.0,0.0
2024-02-21 00:00:00-05:00,463.7554917524033,466.2407837767999,459.0732100730906,465.2764892578125,12921800,0.5,0.0
2024-02-22 00:00:00-05:00,477.41462669114475,487.1072651737646,473.25922588434,483.2699890136719,21625800,0.0,0.0
2024-02-23 00:00:00-05:00,485.1786810525682,491.45155549063116,479.51223362447035,481.1823425292969,18374300,0.0,0.0
2024-02-26 00:00:00-05:00,480.6256557583817,483.2799609921054,477.7725453653091,478.90582275390625,12101400,0.0,0.0
2024-02-27 00:00:00-05:00,477.15624781505085,484.4033382824924,477.09660322719014,484.18463134765625,10809600,0.0,0.0
2024-02-28 00:00:00-05:00,482.1466391666725,488.16103356126894,479.90987640765184,481.1723937988281,12715500,0.0,0.0
2024-02-29 00:00:00-05:00,485.5664305958888,488.80726119471376,479.7707124432421,487.2464904785156,17732000,0.0,0.0
2024-03-01 00:00:00-05:00,489.2147961734658,501.28338849746706,488.95634643940537,499.3448486328125,16273600,0.0,0.0
2024-03-04 00:00:00-05:00,500.040763224294,501.45242246523446,493.49948786126953,495.2590637207031,12324100,0.0,0.0
2024-03-05 00:00:00-05:00,492.0878453918812,492.66441982158307,485.0196890839656,487.3359680175781,15325300,0.0,0.0
2024-03-06 00:00:00-05:00,494.7023350451915,500.0109149772021,491.3819886609617,493.17138671875,11757900,0.0,0.0
2024-03-07 00:00:00-05:00,500.31911226510823,516.791604925774,498.4302963735491,509.17669677734375,18586400,0.0,0.0
2024-03-08 00:00:00-05:00,511.1649321102501,520.4897527725559,496.412242084079,502.9734191894531,18597100,0.0,0.0
2024-03-11 00:00:00-04:00,494.0859947316571,494.3941685090311,473.199591298322,480.74493408203125,20428300,0.0,0.0
2024-03-12 00:00:00-04:00,490.3580972248313,499.3548427671604,481.87828153344043,496.8099060058594,15448200,0.0,0.0
2024-03-13 00:00:00-04:00,492.4755157274268,498.0326247688167,488.1411508830756,492.6544494628906,12090700,0.0,0.0
2024-03-14 00:00:00-04:00,497.3168902547745,498.40047394838774,485.2880706609728,488.93646240234375,12620000,0.0,0.0
2024-03-15 00:00:00-04:00,486.13303946882996,488.93642563448503,478.46837751695034,481.2519226074219,29153600,0.0,0.0
2024-03-18 00:00:00-04:00,489.01597315025106,494.4935661399137,483.94597166783353,494.05615234375,11755300,0.0,0.0
2024-03-19 00:00:00-04:00,485.29799633874035,493.7082157075301,478.4485172399462,493.32049560546875,10903100,0.0,0.0
2024-03-20 00:00:00-04:00,496.5613264063082,505.21015443688776,492.25681414275317,502.5458984375,11711100,0.0,0.0
2024-03-21 00:00:00-04:00,511.68189014587995,512.0099050096288,503.0330616786882,504.77276611328125,9712500,0.0,0.0
2024-03-22 00:00:00-04:00,504.0171928630379,506.9697208276505,501.3728386642573,506.5820007324219,8120600,0.0,0.0
2024-03-25 00:00:00-04:00,502.81436147156455,504.23594126166455,497.2969948454398,500.0606384277344,8380600,0.0,0.0
2024-03-26 00:00:00-04:00,502.15819366550943,506.99953733459927,492.296542257246,492.9725646972656,11205400,0.0,0.0
2024-03-27 00:00:00-04:00,496.362495999964,496.94905159749567,485.1985839795798,490.9544982910156,9989700,0.0,0.0
2024-03-28 00:00:00-04:00,489.9405029909663,489.9902270320551,482.2957426384375,482.72320556640625,15212800,0.0,0.0
2024-04-01 00:00:00-04:00,484.33368069090426,494.50347537416116,478.94555469115943,488.4592590332031,9247000,0.0,0.0
2024-04-02 00:00:00-04:00,482.2460757075962,494.60294050567774,481.79871100314176,494.4438781738281,11081000,0.0,0.0
2024-04-03 00:00:00-04:00,495.99470843998273,504.25581696566337,495.815774689645,503.7587585449219,12099200,0.0,0.0
2024-04-04 00:00:00-04:00,513.3817351097996,526.881857039856,507.57609715581134,507.91412353515625,26476300,0.0,0.0
2024-04-05 00:00:00-04:00,513.8191641240741,527.5777665151929,511.38356597372723,524.237548828125,19263300,0.0,0.0
2024-04-08 00:00:00-04:00,526.1661496559301,528.363108870354,515.8372619219651,516.1951293945312,13260600,0.0,0.0
2024-04-09 00:00:00-04:00,519.1576694200891,522.7762696387927,503.7588077496046,513.8590698242188,10863800,0.0,0.0
2024-04-10 00:00:00-04:00,506.2936696505045,519.4855864783038,502.824181963693,516.7716674804688,11418500,0.0,0.0
2024-04-11 00:00:00-04:00,518.0441042866726,520.7779250286168,514.246571465826,520.08203125,10369500,0.0,0.0
2024-04-12 00:00:00-04:00,514.7039558507993,517.1296031880806,506.33347932820783,508.88836669921875,11984500,0.0,0.0
2024-04-15 00:00:00-04:00,513.6800570614198,515.4794669051246,494.35445237554694,497.287109375,13512900,0.0,0.0
2024-04-16 00:00:00-04:00,495.1794768031054,501.8002979588637,494.18536005908226,496.8197937011719,9847900,0.0,0.0
2024-04-17 00:00:00-04:00,500.14021288460617,500.19985747089834,484.2741158320514,491.26275634765625,12193700,0.0,0.0
2024-04-18 00:00:00-04:00,496.87947694788414,509.1965989271546,496.1040670407221,498.8478088378906,14808700,0.0,0.0
2024-04-19 00:00:00-04:00,499.8418833789234,499.8418833789234,472.93116635713545,478.23974609375,25215400,0.0,0.0
2024-04-22 00:00:00-04:00,486.8388881901566,489.1154241927228,470.61489447706913,478.8959045410156,17271100,0.0,0.0
2024-04-23 00:00:00-04:00,488.35989326844737,495.8257203780364,486.09330810710463,493.1813659667969,15079200,0.0,0.0
2024-04-24 00:00:00-04:00,505.0709561798665,506.9995451118446,481.72908384792635,490.59661865234375,37772700,0.0,0.0
2024-04-25 00:00:00-04:00,418.9208293388117,443.1474518194537,412.0614292262953,438.7832946777344,82890700,0.0,0.0
2024-04-26 00:00:00-04:00,438.8628170424118,443.8135298876652,429.41870694726816,440.68206787109375,32691400,0.0,0.0
2024-04-29 00:00:00-04:00,436.97397149750554,437.1728069896792,426.0386868647591,430.0747985839844,21502600,0.0,0.0
2024-04-30 00:00:00-04:00,428.5140490387037,437.0336375847917,427.19188699859626,427.6392517089844,18429500,0.0,0.0
2024-05-01 00:00:00-04:00,426.0784771215956,447.31279793430986,424.59722242297005,436.6061706542969,20344900,0.0,0.0
2024-05-02 00:00:00-04:00,436.25825462708866,441.34812827617054,429.7368502219474,439.08154296875,15221300,0.0,0.0
2024-05-03 00:00:00-04:00,443.30647212359105,451.49801471944727,441.2387226459596,449.3009948730469,16489100,0.0,0.0
2024-05-06 00:00:00-04:00,452.89969193853585,463.41746405742725,450.6728801447899,462.9402770996094,15094600,0.0,0.0
2024-05-07 00:00:00-04:00,463.54671998178384,468.75588217992066,458.59600751554564,465.4852294921875,13406800,0.0,0.0
2024-05-08 00:00:00-04:00,460.77314155474465,472.782059273929,460.2760831496155,469.8196105957031,11683900,0.0,0.0
2024-05-09 00:00:00-04:00,467.23492019129105,473.2791372994967,464.8788681073914,472.623046875,9437700,0.0,0.0
2024-05-10 00:00:00-04:00,474.28318568594807,474.6907772189938,466.8372604802556,473.3984375,10750000,0.0,0.0
2024-05-13 00:00:00-04:00,469.96872632982064,470.56520248901546,460.12697588623786,465.2566223144531,14668800,0.0,0.0
2024-05-14 00:00:00-04:00,460.6438839752648,469.7599481269555,457.3732312994019,469.0740051269531,10478600,0.0,0.0
2024-05-15 00:00:00-04:00,472.1855971099574,479.66134434257765,468.4278369108054,478.7070007324219,13100500,0.0,0.0
2024-05-16 00:00:00-04:00,472.205437472242,474.8796138504434,469.96867487368934,470.44586181640625,16608200,0.0,0.0
2024-05-17 00:00:00-04:00,468.0599734013936,470.0183846013173,465.6641787449413,469.1336364746094,10807300,0.0,0.0
2024-05-20 00:00:00-04:00,467.1852115197864,470.4160911835801,464.29232793410193,466.08172607421875,11745100,0.0,0.0
2024-05-21 00:00:00-04:00,464.37179476806216,467.93074959484926,459.5503226357023,461.8964538574219,11742200,0.0,0.0
2024-05-22 00:00:00-04:00,465.117359925832,470.9329484927707,462.91041971256413,465.02789306640625,10078600,0.0,0.0
2024-05-23 00:00:00-04:00,470.097969417188,471.5692429029614,458.824688253689,463.03973388671875,11747900,0.0,0.0
2024-05-24 00:00:00-04:00,464.8689106321585,477.026970474764,463.55666912571417,475.40655517578125,12024300,0.0,0.0
2024-05-28 00:00:00-04:00,473.7761807408165,478.0309995170203,472.0464271821376,477.0965576171875,10175800,0.0,0.0
2024-05-29 00:00:00-04:00,471.86746709937256,477.02693553440264,470.91312350005967,471.5692138671875,9226200,0.0,0.0
2024-05-30 00:00:00-04:00,468.8950912608571,468.95473584268626,461.9760163883006,464.30224609375,10719600,0.0,0.0
2024-05-31 00:00:00-04:00,463.059557083366,466.36003188232536,451.7862770937483,464.08349609375,16919800,0.0,0.0
2024-06-03 00:00:00-04:00,468.08984756825686,476.7784495068364,465.4852662634382,474.68084716796875,11279400,0.0,0.0
2024-06-04 00:00:00-04:00,474.1936972137186,476.07259246304915,470.44588792892165,474.1837463378906,7088700,0.0,0.0
2024-06-05 00:00:00-04:00,481.59986638058245,493.7280723944885,481.06303484683156,492.1474304199219,15690500,0.0,0.0
2024-06-06 00:00:00-04:00,490.07972314692046,499.86182906109696,488.0020226239272,490.8551330566406,10667300,0.0,0.0
2024-06-07 00:00:00-04:00,492.99247117957646,495.97482161134235,487.28625039496967,490.059814453125,9380700,0.0,0.0
2024-06-10 00:00:00-04:00,490.95452567185265,499.70277202447545,490.5071912988335,499.64312744140625,11220900,0.0,0.0
2024-06-11 00:00:00-04:00,497.2174749867736,504.6137065941105,495.3385796246827,504.4844665527344,9673700,0.0,0.0
2024-06-12 00:00:00-04:00,510.96610064522395,510.9860023982034,501.50211932861663,505.8464050292969,11983200,0.0,0.0
2024-06-13 00:00:00-04:00,502.73482142025176,506.36334183855377,498.41040707491607,501.1343078613281,9954600,0.0,0.0
2024-06-14 00:00:00-04:00,500.1889118858626,504.6668789222054,498.29822076637157,501.6915283203125,10243300,0.5,0.0
2024-06-17 00:00:00-04:00,499.21370800140505,508.24923662384015,493.5814171731031,504.1494140625,11266600,0.0,0.0
2024-06-18 00:00:00-04:00,502.08955596287245,503.522507821699,492.5962574901857,497.04437255859375,13060400,0.0,0.0
2024-06-20 00:00:00-04:00,499.54207976711996,501.20391638251726,494.3376762505557,499.2435607910156,11801200,0.0,0.0
2024-06-21 00:00:00-04:00,500.98504667305747,500.98504667305747,489.979200494197,492.35748291015625,22359200,0.0,0.0
2024-06-24 00:00:00-04:00,496.75584325197343,505.31371188112524,491.86987981067074,496.4672546386719,13525300,0.0,0.0
2024-06-25 00:00:00-04:00,494.61636110697793,508.20948346889764,493.0739622723606,508.10003662109375,12063200,0.0,0.0
2024-06-26 00:00:00-04:00,504.16931296840505,511.2942595205893,502.2089573502192,510.6076354980469,8882300,0.0,0.0
2024-06-27 00:00:00-04:00,511.7321146820941,520.3198650922028,511.3838526564667,517.01611328125,10121200,0.0,0.0
2024-06-28 00:00:00-04:00,514.6179354412975,519.3247568056853,501.37307641419807,501.751220703125,15855100,0.0,0.0
2024-07-01 00:00:00-04:00,502.4776513058608,504.0996449110336,490.7553303316806,502.2089538574219,10328200,0.0,0.0
2024-07-02 00:00:00-04:00,498.30820385105653,508.00050544177236,497.0046202626273,507.0054016113281,7739500,0.0,0.0
2024-07-03 00:00:00-04:00,503.8907763069678,508.77674028751085,503.5424838549795,507.46319580078125,6005600,0.0,0.0
2024-07-05 00:00:00-04:00,509.0950651660791,538.2217398856855,509.0950651660791,537.2664184570312,21354100,0.0,0.0
2024-07-08 00:00:00-04:00,539.6944404653776,540.1522100096028,524.0713617441429,526.728271484375,14917500,0.0,0.0
2024-07-09 00:00:00-04:00,531.1366686551077,534.8483865011414,525.6038937960874,527.405029296875,8753200,0.0,0.0
2024-07-10 00:00:00-04:00,528.1910926015574,536.2415085868906,525.7729978002864,532.072021484375,10983300,0.0,0.0
2024-07-11 00:00:00-04:00,528.2906998418636,532.8383317448535,505.8809416050376,510.18975830078125,16458300,0.0,0.0
2024-07-12 00:00:00-04:00,495.32290900460265,505.6023185565317,491.81019357981927,496.4274597167969,19750500,0.0,0.0
2024-07-15 00:00:00-04:00,496.1885898608711,504.19916293564853,490.954334395492,493.7306823730469,12539200,0.0,0.0
2024-07-16 00:00:00-04:00,499.0445951724543,501.482611822555,483.4115217410242,487.3919372558594,14075800,0.0,0.0
2024-07-17 00:00:00-04:00,476.8238716112405,476.8238716112405,456.87202343876913,459.72796630859375,28076600,0.0,0.0
2024-07-18 00:00:00-04:00,472.67429731168903,476.8935276372503,462.2655202360778,473.5201416015625,19267200,0.0,0.0
2024-07-19 00:00:00-04:00,473.7291601443824,484.3270106044042,473.38086770579446,474.4555969238281,15149400,0.0,0.0
2024-07-22 00:00:00-04:00,484.197587927538,489.65076761971676,481.53071706337016,485.0135803222656,12023100,0.0,0.0
2024-07-23 00:00:00-04:00,487.4416655984561,492.79532916331743,485.3320502981374,486.29730224609375,9455500,0.0,0.0
2024-07-24 00:00:00-04:00,469.9974592525505,473.96791357765954,458.32488109609346,459.0115051269531,17649700,0.0,0.0
2024-07-25 00:00:00-04:00,460.99181179623156,461.28037004297926,440.4827059887369,451.1900329589844,18240500,0.0,0.0
2024-07-26 00:00:00-04:00,461.9272051107502,467.4699103049838,457.1706100687651,463.41986083984375,14222400,0.0,0.0
2024-07-29 00:00:00-04:00,467.57940602342404,471.63941640526457,462.7431854783001,463.4298095703125,11339600,0.0,0.0
2024-07-30 00:00:00-04:00,464.7134620870864,470.4154176400919,454.46390537033,460.922119140625,11390400,0.0,0.0
2024-07-31 00:00:00-04:00,468.71381415352545,474.1669942964398,464.46473155899946,472.5051574707031,24285800,0.0,0.0
2024-08-01 00:00:00-04:00,518.4491356316122,524.588909732634,489.690638788251,495.3030090332031,43083100,0.0,0.0
2024-08-02 00:00:00-04:00,486.6057747203378,498.6962802271807,473.81868438258266,485.75,24044700,0.0,0.0
2024-08-05 00:00:00-04:00,449.1401205576873,481.11281153240685,448.5927952293006,473.4007568359375,21396200,0.0,0.0
2024-08-06 00:00:00-04:00,476.6547245669501,500.0993678802894,476.3064321601276,491.67083740234375,20955000,0.0,0.0
2024-08-07 00:00:00-04:00,500.6666011821778,507.65221922463576,484.4762422275854,486.52618408203125,20105300,0.0,0.0
2024-08-08 00:00:00-04:00,495.0641514061811,507.4631365242445,492.2977639959644,507.134765625,16156800,0.0,0.0
2024-08-09 00:00:00-04:00,505.22409209924047,515.8020796798145,503.2239543083287,515.23486328125,13696600,0.0,0.0
2024-08-12 00:00:00-04:00,514.3292847345034,515.4836390409224,506.6073006588977,513.4237670898438,9767400,0.0,0.0
2024-08-13 00:00:00-04:00,517.4639444796859,528.8976775945399,515.6130659607747,525.9521484375,13743800,0.0,0.0
2024-08-14 00:00:00-04:00,525.4745310471874,531.3854502831607,520.5686764069014,524.180908203125,11444200,0.0,0.0
2024-08-15 00:00:00-04:00,529.186243628135,537.1272134882921,524.1211991482853,534.6991577148438,13482100,0.0,0.0
2024-08-16 00:00:00-04:00,529.2956914023695,531.047022925906,522.0910894723046,524.8375854492188,14776700,0.0,0.0
2024-08-19 00:00:00-04:00,524.2903643248923,529.0568899352673,520.2005020489785,526.6885986328125,9879700,0.0,0.0
2024-08-20 00:00:00-04:00,525.7630642608573,528.4896996697129,523.3051870478047,524.1510009765625,7944400,0.0,0.0
2024-08-21 00:00:00-04:00,524.5690033025425,536.759025104398,524.3500488791344,532.5397338867188,13423300,0.0,0.0
2024-08-22 00:00:00-04:00,534.3708067373781,541.5653886662076,526.0020094675776,529.3256225585938,15708300,0.0,0.0
2024-08-23 00:00:00-04:00,534.2911656840746,537.2267343182201,522.4892480796358,525.4148559570312,11323900,0.0,0.0
2024-08-26 00:00:00-04:00,525.0167963537939,525.4148622106036,512.4287683884583,518.5685424804688,9584000,0.0,0.0
2024-08-27 00:00:00-04:00,516.4390030353331,521.4444048101191,512.7869887253286,516.5584106445312,6282700,0.0,0.0
2024-08-28 00:00:00-04:00,515.1353520558432,518.5386506823367,509.9409395253756,514.249755859375,9106100,0.0,0.0
2024-08-29 00:00:00-04:00,516.5085702757614,524.6186898342248,513.1550756206202,515.6826171875,8317400,0.0,0.0
2024-08-30 00:00:00-04:00,518.7972896071401,520.9765691392004,512.677438295027,518.7575073242188,9157500,0.0,0.0
2024-09-03 00:00:00-04:00,517.0957563465828,522.9170893173817,506.12969296841686,509.25433349609375,12459100,0.0,0.0
2024-09-04 00:00:00-04:00,503.59219723501985,514.0607088520369,501.60198959597125,510.2295227050781,8335200,0.0,0.0
2024-09-05 00:00:00-04:00,509.2145278610141,519.0760103589896,508.6473113953943,514.329345703125,8640900,0.0,0.0
2024-09-06 00:00:00-04:00,519.324796934376,522.0115894499307,495.8104883337226,497.8205871582031,14744500,0.0,0.0
2024-09-09 00:00:00-04:00,503.6817382618634,508.82640785276607,499.62169779030836,502.3184509277344,11047800,0.0,0.0
2024-09-10 00:00:00-04:00,505.6719458429353,511.6624597294251,497.5817471669727,502.3184509277344,9899000,0.0,0.0
2024-09-11 00:00:00-04:00,504.52759727884006,510.6076670397068,493.1734590533484,509.323974609375,10782500,0.0,0.0
2024-09-12 00:00:00-04:00,514.518364626398,524.1311005430615,512.6973078184791,523.0264892578125,11970500,0.0,0.0
2024-09-13 00:00:00-04:00,517.7923180495212,524.9968595658981,514.5780915987693,522.0513305664062,10321400,0.0,0.0
2024-09-16 00:00:00-04:00,522.469676680895,531.9919419852342,515.3579036757625,531.1752319335938,9527600,0.5,0.0
2024-09-17 00:00:00-04:00,535.4781635235854,539.9604028191319,528.4759413037808,534.2032470703125,11690800,0.0,0.0
2024-09-18 00:00:00-04:00,534.9503115622812,542.0521759030291,531.7928398690025,535.8268432617188,10323500,0.0,0.0
2024-09-19 00:00:00-04:00,547.8292508952223,559.8516201147253,544.3630052709944,556.893310546875,15647000,0.0,0.0
2024-09-20 00:00:00-04:00,557.7897520081747,562.2719910868118,554.1043432735547,559.1343994140625,22066800,0.0,0.0
2024-09-23 00:00:00-04:00,567.2522491176607,571.7145476196829,560.1902057812791,562.1823120117188,12830700,0.0,0.0
2024-09-24 00:00:00-04:00,564.4433820957124,565.5091662433006,552.0026881920077,561.1066284179688,12993000,0.0,0.0
2024-09-25 00:00:00-04:00,561.8236989002396,574.6030762858749,561.4949843782488,566.06689453125,16543400,0.0,0.0
2024-09-26 00:00:00-04:00,573.4576286297669,575.12108106941,560.1304333621082,565.5988159179688,14400800,0.0,0.0
2024-09-27 00:00:00-04:00,567.8499035731115,568.587034006437,562.2820002439122,565.1207275390625,9398400,0.0,0.0
2024-09-30 00:00:00-04:00,565.4593818880203,572.4118133775064,562.5708034533277,570.1806640625,12792300,0.0,0.0
2024-10-01 00:00:00-04:00,575.6987520585425,580.7387783195545,567.8498487564399,574.1947021484375,15259300,0.0,0.0
2024-10-02 00:00:00-04:00,572.5911523592456,573.7266676462524,567.0929798010694,570.5492553710938,6524700,0.0,0.0
2024-10-03 00:00:00-04:00,567.8996641519551,581.0574858806771,566.4852250655888,580.4698486328125,11581000,0.0,0.0
2024-10-04 00:00:00-04:00,581.4261200952628,594.494333330652,579.1352098739677,593.5879516601562,14169500,0.0,0.0
2024-10-07 00:00:00-04:00,595.8588807132597,600.5702534093805,581.7348544719052,582.4719848632812,12014200,0.0,0.0
2024-10-08 00:00:00-04:00,587.3625447345094,591.2172653007906,583.6571956540708,590.5499267578125,7857400,0.0,0.0
2024-10-09 00:00:00-04:00,591.645566596269,592.0440121509104,579.3144244494694,588.1793212890625,9529700,0.0,0.0
2024-10-10 00:00:00-04:00,585.2508632249344,587.9003374315595,580.2208077791677,581.525634765625,7740400,0.0,0.0
2024-10-11 00:00:00-04:00,582.5217946450296,588.8766187572965,580.4101667801536,587.62158203125,8587100,0.0,0.0
2024-10-14 00:00:00-04:00,591.8745888786619,597.7313854257404,587.6314541342896,588.089599609375,8252000,0.0,0.0
2024-10-15 00:00:00-04:00,587.8306549386698,588.2788909804673,577.850244485156,583.9560546875,9564200,0.0,0.0
2024-10-16 00:00:00-04:00,579.1053401086986,579.7826489722071,571.7644330744417,574.5134887695312,11268400,0.0,0.0
2024-10-17 00:00:00-04:00,581.0277187741455,582.6611997864444,572.9298015535481,574.6529541015625,8701200,0.0,0.0
2024-10-18 00:00:00-04:00,578.8064328711839,581.6651004084903,572.9795465460454,574.1947021484375,7694300,0.0,0.0
2024-10-21 00:00:00-04:00,573.7565147335716,574.9617001148115,566.8637832891501,572.889892578125,8171900,0.0,0.0
2024-10-22 00:00:00-04:00,572.0233288655415,581.2269108333847,569.8619106006562,579.712890625,8544500,0.0,0.0
2024-10-23 00:00:00-04:00,577.6808610458894,582.6910370930768,560.2798433587277,561.4651489257812,14248400,0.0,0.0
2024-10-24 00:00:00-04:00,564.8916036624881,566.6346966004356,559.3037603206038,565.5390625,7184700,0.0,0.0
2024-10-25 00:00:00-04:00,571.6647355552979,578.9956716161158,569.463436367779,570.9874267578125,11337900,0.0,0.0
2024-10-28 00:00:00-04:00,579.7029225322412,581.4460155123639,571.8540189924909,575.8780517578125,10925100,0.0,0.0
2024-10-29 00:00:00-04:00,577.860233390468,591.3268300347977,573.128981140023,590.9384155273438,13019100,0.0,0.0
2024-10-30 00:00:00-04:00,598.6079938865262,598.8271571893389,587.0538018330492,589.4642333984375,26864900,0.0,0.0
2024-10-31 00:00:00-04:00,582.6910719821886,587.571756560939,560.7878737214265,565.33984375,26838400,0.0,0.0
2024-11-01 00:00:00-04:00,565.3697448899991,571.4058248782926,560.339688365465,564.9215087890625,15303200,0.0,0.0
2024-11-04 00:00:00-05:00,561.8735255720723,566.4454360194603,555.6880747714519,558.467041015625,12064600,0.0,0.0
2024-11-05 00:00:00-05:00,565.0608971597502,571.2164978665354,564.433378859103,570.170654296875,9775400,0.0,0.0
2024-11-06 00:00:00-05:00,560.5288934332871,570.7384379160791,552.9787937592303,569.7921752929688,18305400,0.0,0.0
2024-11-07 00:00:00-05:00,574.6131397370345,592.4524256318628,572.9397776720764,589.3646850585938,14653700,0.0,0.0
2024-11-08 00:00:00-05:00,589.2053065593938,590.7591471684567,582.2130542157424,587.0140380859375,9415700,0.0,0.0
2024-11-11 00:00:00-05:00,584.0456980456348,584.6831866387249,574.2345990441023,580.8682861328125,10209100,0.0,0.0
2024-11-12 00:00:00-05:00,586.217068126676,597.2931737075237,578.0893016004109,582.5117797851562,16287700,0.0,0.0
2024-11-13 00:00:00-05:00,580.3104995084991,583.3285696737983,572.899861789148,577.7108154296875,10757600,0.0,0.0
2024-11-14 00:00:00-05:00,574.7226772857438,578.4678469202681,570.7484348770021,574.8820190429688,11053700,0.0,0.0
2024-11-15 00:00:00-05:00,568.9654316430945,570.3101398260193,549.323293380173,551.8931274414062,17712900,0.0,0.0
2024-11-18 00:00:00-05:00,554.8414482862169,557.690206619492,547.9189272359731,552.2119140625,14327300,0.0,0.0
2024-11-19 00:00:00-05:00,549.6818763732618,559.2141123072212,548.4268396780825,558.87548828125,9522400,0.0,0.0
2024-11-20 00:00:00-05:00,560.7081596102355,564.1146441614266,552.012635573936,563.2879638671875,9797300,0.0,0.0
2024-11-21 00:00:00-05:00,567.27222943096,567.7503155056431,546.8829891189956,560.8676147460938,11154700,0.0,0.0
2024-11-22 00:00:00-05:00,561.3257340956305,561.6046581556811,552.4011368821567,556.9331665039062,9164000,0.0,0.0
2024-11-25 00:00:00-05:00,559.8815086561405,570.3301583372638,554.1940834953002,562.879638671875,13599800,0.0,0.0
2024-11-26 00:00:00-05:00,563.7660269968359,575.2206370859942,562.9691967147016,571.2762451171875,10356600,0.0,0.0
2024-11-27 00:00:00-05:00,572.6209746815437,572.7105854147321,561.8735229474948,566.9534301757812,7200200,0.0,0.0
2024-11-29 00:00:00-05:00,566.7542733482691,576.1769585485704,564.6625859365694,572.0532836914062,7130500,0.0,0.0
2024-12-02 00:00:00-05:00,575.2206623708795,592.1535649861262,573.2982871928123,590.4901733398438,12522400,0.0,0.0
2024-12-03 00:00:00-05:00,592.651612157578,611.7758444062205,588.9164129212908,611.22802734375,14907200,0.0,0.0
2024-12-04 00:00:00-05:00,610.5407120968788,615.3416951929215,602.7116887576115,611.3574829101562,14697000,0.0,0.0
2024-12-05 00:00:00-05:00,614.6445303223205,617.4534076628545,604.654087469592,606.5266723632812,8081200,0.0,0.0
2024-12-06 00:00:00-05:00,607.6919551618363,627.3042425894303,606.1282053370912,621.3080444335938,16935500,0.0,0.0
2024-12-09 00:00:00-05:00,621.4574408246348,623.9276938833166,603.7774980807178,611.1483154296875,11426000,0.0,0.0
2024-12-10 00:00:00-05:00,615.1225471765403,623.1208827140154,610.3215639612993,616.8756103515625,10938900,0.0,0.0
2024-12-11 00:00:00-05:00,620.9095493602466,635.8802550257312,619.0768458979735,630.1828002929688,10837200,0.0,0.0
2024-12-12 00:00:00-05:00,629.0075125330641,634.1471196152161,624.7344667566571,628.30029296875,7474700,0.0,0.0
2024-12-13 00:00:00-05:00,624.7443688921585,628.5891798937306,614.4551845907804,617.9014892578125,8453300,0.0,0.0
2024-12-16 00:00:00-05:00,627.9997182991576,629.1660843597223,616.6355892593001,622.2777709960938,10885600,0.5,0.0
2024-12-17 00:00:00-05:00,624.2016843799404,630.3822075101276,614.6019503899752,617.4928588867188,12897800,0.0,0.0
2024-12-18 00:00:00-05:00,619.0479587782994,625.387952256149,594.4455447869857,595.3128051757812,17075500,0.0,0.0
2024-12-19 00:00:00-05:00,608.4712976770209,609.5977504710141,593.1296604292414,593.6978759765625,14958100,0.0,0.0
2024-12-20 00:00:00-05:00,588.723602198965,601.2141840625833,578.1768420780382,583.4103393554688,48989400,0.0,0.0
2024-12-23 00:00:00-05:00,587.746636194458,599.2005698155671,584.4071908696653,597.9644165039062,10205800,0.0,0.0
2024-12-24 00:00:00-05:00,600.8253211686514,606.0787743995681,597.3961932142544,605.8395385742188,4726100,0.0,0.0
2024-12-26 00:00:00-05:00,603.576678438532,604.3941081026211,597.0572585697707,601.453369140625,6081400,0.0,0.0
2024-12-27 00:00:00-05:00,597.5257935657311,599.9581261267912,587.9460161502445,597.924560546875,8084200,0.0,0.0
2024-12-30 00:00:00-05:00,586.8992458198082,595.0635027304218,583.739227850836,589.3814086914062,7025900,0.0,0.0
2024-12-31 00:00:00-05:00,590.4082547146103,592.1028621932754,582.0146786657892,583.6694946289062,6019500,0.0,0.0
2025-01-02 00:00:00-05:00,587.866169129129,603.0084213639393,585.9721783393792,597.3562622070312,12682300,0.0,0.0
2025-01-03 00:00:00-05:00,602.8589663338769,607.5840565630332,594.5351777814667,602.7293701171875,11436800,0.0,0.0
2025-01-06 00:00:00-05:00,609.906744646259,629.0064888916852,603.7162437232414,628.218994140625,14560800,0.0,0.0
2025-01-07 00:00:00-05:00,629.7143414477341,630.1130475912898,606.3180848477177,615.94775390625,12071500,0.0,0.0
2025-01-08 00:00:00-05:00,611.4718611566152,614.5022833089956,600.895166417742,608.8002319335938,10085800,0.0,0.0
2025-01-10 00:00:00-05:00,608.112442272843,627.9298948978874,595.462329972656,613.924072265625,19256600,0.0,0.0
2025-01-13 00:00:00-05:00,605.1916106669787,607.0557276203978,596.5688376806378,606.4177856445312,10785000,0.0,0.0
2025-01-14 00:00:00-05:00,603.1680144738151,603.586677198732,586.6999244030517,592.3820190429688,13598000,0.0,0.0
2025-01-15 00:00:00-05:00,608.2919230470484,620.5034171048438,604.5935629430987,615.18017578125,15524300,0.0,0.0
2025-01-16 00:00:00-05:00,609.5777403991937,614.3128087015587,607.7933891951506,609.3783569335938,8355300,0.0,0.0
2025-01-17 00:00:00-05:00,622.0883213436317,623.0054123386464,601.7723798733631,610.8438110351562,17280600,0.0,0.0
2025-01-21 00:00:00-05:00,615.8879054164239,619.5463519549992,607.0956232572347,614.522216796875,11674000,0.0,0.0
2025-01-22 00:00:00-05:00,621.3407166057895,631.7080497498704,617.482886369199,621.5401000976562,12274000,0.0,0.0
2025-01-23 00:00:00-05:00,625.3878883324852,634.5988327915112,619.197448317166,634.4493408203125,9910200,0.0,0.0
2025-01-24 00:00:00-05:00,634.3995455880619,649.9504837452617,632.2064489650473,645.4546508789062,19065300,0.0,0.0
2025-01-27 00:00:00-05:00,624.6402872001196,661.7831731182577,623.1350240288891,657.8057250976562,28399200,0.0,0.0
2025-01-28 00:00:00-05:00,663.9064946462431,680.434394086623,657.3969918528114,672.2103271484375,20950100,0.0,0.0
2025-01-29 00:00:00-05:00,672.8782187611764,678.9091891458575,663.5775294568425,674.363525390625,21377800,0.0,0.0
2025-01-30 00:00:00-05:00,694.6296546921253,708.5557128184324,673.9747533685537,684.8405151367188,29322900,0.0,0.0
2025-01-31 00:00:00-05:00,688.8278971175284,703.082934049854,683.4249514874042,687.0136108398438,19303900,0.0,0.0
2025-02-03 00:00:00-05:00,673.7853303532094,701.7870595426608,673.1274317559399,695.2676391601562,21415700,0.0,0.0
2025-02-04 00:00:00-05:00,700.291750368734,705.4853950757674,689.435967564897,701.9764404296875,13826300,0.0,0.0
2025-02-05 00:00:00-05:00,701.338438880343,715.8826032404849,696.8127318836921,702.654296875,17778200,0.0,0.0
2025-02-06 00:00:00-05:00,703.6611131134636,716.6402049884904,701.2885896343017,709.7518920898438,13080700,0.0,0.0
2025-02-07 00:00:00-05:00,714.5468494223469,722.7310645927636,709.5127354037381,712.2740478515625,16427100,0.0,0.0
2025-02-10 00:00:00-05:00,716.3012853961102,718.9330014567946,709.0940315540507,715.1449584960938,12904300,0.0,0.0
2025-02-11 00:00:00-05:00,711.0776818667902,721.3851439463555,707.8079633604692,717.5372924804688,12998000,0.0,0.0
2025-02-12 00:00:00-05:00,713.0515218383842,724.8144176821432,710.3599968194253,723.099853515625,12016500,0.0,0.0
2025-02-13 00:00:00-05:00,719.2519879198333,726.7084557601091,715.7828856053137,726.2698364257812,12569100,0.0,0.0
2025-02-14 00:00:00-05:00,723.8574410856692,738.5809711848887,723.3390562017464,734.3543090820312,16901200,0.0,0.0
2025-02-18 00:00:00-05:00,733.6864014553627,734.6832579790791,704.2193250480339,714.1181030273438,21938700,0.0,0.0
2025-02-19 00:00:00-05:00,701.886719169158,704.7776276936228,693.2041369812721,701.5578002929688,17535500,0.0,0.0
2025-02-20 00:00:00-05:00,695.088155137264,703.4118828816584,691.4595827411689,692.6558227539062,12587400,0.0,0.0
2025-02-21 00:00:00-05:00,694.3903766528952,701.6574392501641,680.2150443830811,681.4013061523438,15660400,0.0,0.0
2025-02-24 00:00:00-05:00,684.122756243814,685.1096345134455,660.3676471383606,666.02978515625,15677000,0.0,0.0
2025-02-25 00:00:00-05:00,663.8765739042495,665.9002220472909,639.8423754025094,655.4332275390625,20579700,0.0,0.0
2025-02-26 00:00:00-05:00,657.5764529173535,680.8630075132187,655.9316152590968,671.582275390625,14488700,0.0,0.0
2025-02-27 00:00:00-05:00,680.3047560748793,686.485278775033,655.5029605584499,656.1708374023438,12500000,0.0,0.0
2025-02-28 00:00:00-05:00,655.9714518798419,667.5250458825946,640.579984557629,666.0995483398438,17534200,0.0,0.0
2025-03-03 00:00:00-05:00,671.5623491469186,679.1085609343871,648.7941784019307,652.9909057617188,10843800,0.0,0.0
2025-03-04 00:00:00-05:00,643.4809097831836,647.7075720071792,621.6896392388619,637.9882202148438,21495200,0.0,0.0
2025-03-05 00:00:00-05:00,638.985090470047,657.426937854908,635.6555626035664,654.4064331054688,13770000,0.0,0.0
2025-03-06 00:00:00-05:00,645.9630966353535,648.5150471759833,622.1481771276858,625.9561767578125,13446500,0.0,0.0
2025-03-07 00:00:00-05:00,623.4041708110899,632.7945424007281,598.7219930959255,623.6932373046875,21375700,0.0,0.0
2025-03-10 00:00:00-04:00,606.1585603987916,608.1921258261364,585.0251896930085,596.1102294921875,21999900,0.0,0.0
2025-03-11 00:00:00-04:00,593.1795048947525,612.9970188777876,591.4649407555324,603.8060302734375,17401500,0.0,0.0
2025-03-12 00:00:00-04:00,627.9199500067502,631.3391605894193,607.4344997247063,617.6124267578125,15747000,0.0,0.0
2025-03-13 00:00:00-04:00,618.300295022882,618.549509168397,584.666363679096,588.7833862304688,16480300,0.0,0.0
2025-03-14 00:00:00-04:00,601.43972556622,607.4860482974414,593.4378646925935,606.2288818359375,12364500,0.525,0.0
2025-03-17 00:00:00-04:00,606.0892549627374,611.7164817099355,596.6505800508986,603.5350341796875,15473900,0.0,0.0
2025-03-18 00:00:00-04:00,598.6959836433429,598.8955445257114,573.3632611970426,581.0458984375,20297700,0.0,0.0
2025-03-19 00:00:00-04:00,582.9616006660708,590.9834364727485,573.473050249603,582.7420654296875,20537500,0.0,0.0
2025-03-20 00:00:00-04:00,581.4449335433823,608.8230139342973,578.2022676048324,584.6776123046875,24336500,0.0,0.0
2025-03-21 00:00:00-04:00,582.1034155863823,596.1915469952162,579.6390187113977,594.9044799804688,25015900,0.0,0.0
2025-03-24 00:00:00-04:00,613.5822418688982,621.1351668672481,610.818534005287,617.4534912109375,15741300,0.0,0.0
2025-03-25 00:00:00-04:00,625.3457252697278,632.4496541118687,619.7782994932003,624.896728515625,15312500,0.0,0.0
2025-03-26 00:00:00-04:00,623.479902445872,625.3356905979604,605.2411234358802,609.6012573242188,12609800,0.0,0.0
2025-03-27 00:00:00-04:00,600.6416285927081,612.8639873140713,598.7458914524616,601.2203369140625,10436500,0.0,0.0
2025-03-28 00:00:00-04:00,598.9554211422102,600.3921742735024,572.6249545466391,575.4385986328125,17602800,0.0,0.0
2025-03-31 00:00:00-04:00,562.2284810192266,577.3941949049992,552.0514847999954,575.0594482421875,21124700,0.0,0.0
2025-04-01 00:00:00-04:00,569.5518496754252,588.5787620697387,568.713718453365,584.6776123046875,12836600,0.0,0.0
2025-04-02 00:00:00-04:00,573.612639602056,591.3225852084037,572.0661494891557,582.6123046875,13470800,0.0,0.0
2025-04-03 00:00:00-04:00,544.9873786131755,551.3130986556911,529.1033205063213,530.4203491210938,34777500,0.0,0.0
2025-04-04 00:00:00-04:00,505.4767837476822,516.8311091249631,493.0848271014097,503.591064453125,38589800,0.0,0.0
2025-04-07 00:00:00-04:00,484.0053216518451,538.1528441381656,480.8125306436679,515.0850219726562,36606100,0.0,0.0
2025-04-08 00:00:00-04:00,542.0241297513288,546.1946900687835,501.72525715038495,509.29815673828125,28034200,0.0,0.0
2025-04-09 00:00:00-04:00,508.1207792653783,586.563392325636,500.9769327422793,584.4481811523438,39216600,0.0,0.0
2025-04-10 00:00:00-04:00,574.1913720884271,579.9882591353082,534.0920601322453,545.0572509765625,28173500,0.0,0.0
2025-04-11 00:00:00-04:00,534.3015744722139,546.1647580379857,527.3972072394978,542.3433837890625,17642300,0.0,0.0
2025-04-14 00:00:00-04:00,554.9149903570471,556.5114165099282,527.0879701726936,530.2807006835938,14130900,0.0,0.0
2025-04-15 00:00:00-04:00,530.9092700648307,536.7261316213554,516.3322523952014,520.3432006835938,15558700,0.0,0.0
2025-04-16 00:00:00-04:00,507.36253528750194,512.2115538752881,494.5115946838527,501.176513671875,18735100,0.0,0.0
2025-04-17 00:00:00-04:00,504.109870459736,506.1552323217004,496.8862177349848,500.348388671875,14593500,0.0,0.0
2025-04-21 00:00:00-04:00,490.22127698998224,492.38639367876976,478.71729620364266,483.56634521484375,16166000,0.0,0.0
2025-04-22 00:00:00-04:00,490.7600964557397,505.73623631689287,485.2625199601335,499.151123046875,17399400,0.0,0.0
2025-04-23 00:00:00-04:00,527.3374410103529,534.1320723212986,515.3545309290855,519.0960693359375,18173900,0.0,0.0
2025-04-24 00:00:00-04:00,517.5595150131655,532.6953291798529,516.3323098797614,531.947021484375,13910000,0.0,0.0
2025-04-25 00:00:00-04:00,545.566124111354,548.6192167322417,535.0399425493104,546.0350952148438,17098900,0.0,0.0
2025-04-28 00:00:00-04:00,554.3862228326028,557.2297674992926,539.3701950695558,548.49951171875,15179000,0.0,0.0
2025-04-29 00:00:00-04:00,544.7679463052672,555.3141023170735,542.8921836696377,553.1889038085938,11835000,0.0,0.0
2025-04-30 00:00:00-04:00,537.1851129255415,547.8609194224242,528.305171612182,547.7611694335938,29244000,0.0,0.0
2025-05-01 00:00:00-04:00,590.7439814787114,591.6120134415539,569.2126599544815,570.9188232421875,31159000,0.0,0.0
2025-05-02 00:00:00-04:00,582.1434519633877,602.976341384666,577.025022870384,595.6728515625,24739300,0.0,0.0
2025-05-05 00:00:00-04:00,589.8858412822701,601.8488361583287,586.7230116613694,597.917724609375,13887700,0.0,0.0
2025-05-06 00:00:00-04:00,591.1929324469492,594.685034384837,585.256346973055,585.9846801757812,10600700,0.0,0.0
2025-05-07 00:00:00-04:00,589.0277995025451,601.7191276587725,585.3461237925522,595.4632568359375,13139100,0.0,0.0
2025-05-08 00:00:00-04:00,604.9218677784463,609.9205723172726,595.2737054544873,596.6605834960938,14622800,0.0,0.0
2025-05-09 00:00:00-04:00,602.3576547482705,605.6003210056944,590.3748069015998,591.1530151367188,10427300,0.0,0.0
2025-05-12 00:00:00-04:00,629.4963146177121,638.944977269137,619.628677643235,637.9871215820312,21965100,0.0,0.0
2025-05-13 00:00:00-04:00,644.083302386897,659.4286019389394,641.3794565378789,654.5496826171875,18570800,0.0,0.0
2025-05-14 00:00:00-04:00,659.7179933381154,661.1746598556101,652.8335389149222,657.8721313476562,12348200,0.0,0.0
2025-05-15 00:00:00-04:00,652.8036193165813,655.8267503294444,637.1390348372435,642.4270629882812,14341800,0.0,0.0
2025-05-16 00:00:00-04:00,636.5203854269974,638.9947695097792,624.7370386043494,638.89501953125,18519000,0.0,0.0
2025-05-19 00:00:00-04:00,626.832294867769,641.5490101074022,626.3832981555494,638.9848022460938,9592400,0.0,0.0
2025-05-20 00:00:00-04:00,634.5748472134089,637.9072763695222,630.8333091235804,635.662353515625,6743500,0.0,0.0
2025-05-21 00:00:00-04:00,630.3642681060018,645.150832304797,628.7479287022497,634.06591796875,11464600,0.0,0.0
2025-05-22 00:00:00-04:00,632.619272775214,641.7985254271919,629.2868434888497,635.1336059570312,8228400,0.0,0.0
2025-05-23 00:00:00-04:00,622.5919269408028,631.0228714642786,621.2449976116812,625.64501953125,8454100,0.0,0.0
2025-05-27 00:00:00-04:00,633.9761034753569,641.6288391569669,631.322132840975,640.8705444335938,9508400,0.0,0.0
2025-05-28 00:00:00-04:00,641.1499165908115,649.4112615873161,641.1000415977985,642.1277465820312,9042900,0.0,0.0
2025-05-29 00:00:00-04:00,650.1795649115138,651.8457794764735,638.0569572367845,643.5944213867188,8858800,0.0,0.0
2025-05-30 00:00:00-04:00,641.0501397655987,647.9445199213626,631.3521030687026,646.0288696289062,16241000,0.0,0.0
2025-06-02 00:00:00-04:00,642.9359196596392,671.7407683371362,642.8062081386795,669.3861083984375,15766300,0.0,0.0
2025-06-03 00:00:00-04:00,669.9348713872049,674.0555568287034,663.5293753010757,665.34521484375,11585000,0.0,0.0
2025-06-04 00:00:00-04:00,667.8096780088563,687.4452625248051,667.0613703936261,686.3976440429688,14031900,0.0,0.0
2025-06-05 00:00:00-04:00,690.0991647687987,692.8130584501095,680.7104262850396,683.0750732421875,13083100,0.0,0.0
2025-06-06 00:00:00-04:00,694.5989952947568,701.2240259866394,690.3087109186762,696.1355590820312,11728000,0.0,0.0
2025-06-09 00:00:00-04:00,696.883869686411,703.5986632099265,692.3740500791279,692.4937744140625,12773200,0.0,0.0
2025-06-10 00:00:00-04:00,699.7673231326536,701.6430856337115,689.9994369756769,700.8150024414062,10850100,0.0,0.0
2025-06-11 00:00:00-04:00,702.1220199077359,707.2703489833287,690.4284357601101,692.5736083984375,9582500,0.0,0.0
2025-06-12 00:00:00-04:00,691.7355479828731,693.8108714889893,685.4497761885773,691.79541015625,7322700,0.0,0.0
2025-06-13 00:00:00-04:00,686.3976556130428,693.00271273635,679.4733132608307,681.3291015625,9274400,0.0,0.0
2025-06-16 00:00:00-04:00,698.2888218186604,706.097186349852,692.4774795938313,701.0746459960938,13720300,0.525,0.0
2025-06-17 00:00:00-04:00,700.9548121157454,704.9188720421186,695.0236535754563,696.19189453125,10066100,0.0,0.0
2025-06-18 00:00:00-04:00,697.1404546983404,700.5454115912661,693.8653700649246,694.7340698242188,10068300,0.0,0.0
2025-06-20 00:00:00-04:00,699.7067372671455,700.7751515856344,677.6595924698036,681.3341064453125,22538600,0.0,0.0
2025-06-23 00:00:00-04:00,682.6721183845542,698.009235646563,677.7394706648903,697.4900512695312,11080100,0.0,0.0
2025-06-24 00:00:00-04:00,703.840534417847,712.1281647182683,701.0646441862544,711.1396484375,13823200,0.0,0.0
2025-06-25 00:00:00-04:00,712.2579843149763,715.5131404309827,704.329803307428,707.6248779296875,9320400,0.0,0.0
2025-06-26 00:00:00-04:00,713.296455236712,727.1358060173088,709.9913855606367,725.009033203125,13964800,0.0,0.0
2025-06-27 00:00:00-04:00,725.4383202717177,734.335027558332,724.7792688020234,732.5377197265625,18775700,0.0,0.0
2025-06-30 00:00:00-04:00,743.4414316060685,746.7864803769392,733.1567794055785,736.9910888671875,15402100,0.0,0.0
2025-07-01 00:00:00-04:00,735.7829112020786,736.6516110389775,714.3049263192432,718.149169921875,13431200,0.0,0.0
2025-07-02 00:00:00-04:00,714.2650188208597,719.227590127805,711.7387562844411,712.5076293945312,9336700,0.0,0.0
2025-07-03 00:00:00-04:00,725.5281745483136,727.9446154194361,713.3563211505465,717.9395141601562,8601700,0.0,0.0
2025-07-07 00:00:00-04:00,716.5315731843128,725.9176023238477,712.4476967305745,717.2804565429688,9457100,0.0,0.0
2025-07-08 00:00:00-04:00,720.4957303517299,721.8337012243448,713.7457849218606,719.5970458984375,7770700,0.0,0.0
2025-07-09 00:00:00-04:00,721.6439452565418,736.4319538163115,721.6439452565418,731.6890258789062,11418000,0.0,0.0
2025-07-10 00:00:00-04:00,730.4608071076664,734.704479422628,718.5285868802704,726.1572265625,9913600,0.0,0.0
2025-07-11 00:00:00-04:00,721.4242720797871,724.0802847988808,708.6433421473682,716.4417114257812,10873900,0.0,0.0
2025-07-14 00:00:00-04:00,716.5316151789124,726.9161560719408,715.4831906042045,719.8466796875,8939400,0.0,0.0
2025-07-15 00:00:00-04:00,722.82223154618,723.3913292594382,708.7631777682402,709.3323364257812,11529500,0.0,0.0
2025-07-16 00:00:00-04:00,712.3079132030501,712.9069955313189,698.2289299901618,701.8634643554688,13067600,0.0,0.0
2025-07-17 00:00:00-04:00,703.3412662167694,704.8490277671435,696.0720759709156,700.3656616210938,11803300,0.0,0.0
2025-07-18 00:00:00-04:00,701.1445302429636,703.6607977835126,690.6202449112741,703.2314453125,12779800,0.0,0.0
2025-07-21 00:00:00-04:00,705.7477111980942,715.9325377312456,704.7092814794039,711.9085083007812,9404400,0.0,0.0
2025-07-22 00:00:00-04:00,715.1237435600664,715.5331063393245,700.3657186718685,703.7606811523438,8921100,0.0,0.0
2025-07-23 00:00:00-04:00,705.3183514682154,713.5660637312985,703.8804929024444,712.5176391601562,8771600,0.0,0.0
2025-07-24 00:00:00-04:00,715.9823677348465,722.5425929354744,712.9369210871259,713.7357177734375,10920800,0.0,0.0
2025-07-25 00:00:00-04:00,715.8526352732038,719.5771235060619,710.8401504714777,711.6189575195312,8271700,0.0,0.0
2025-07-28 00:00:00-04:00,714.1352096135126,723.6609843506268,711.6189419324959,716.5615844726562,8715700,0.0,0.0
2025-07-29 00:00:00-04:00,718.9280482700893,723.3913639831756,698.8679318855118,698.9578247070312,13267000,0.0,0.0
2025-07-30 00:00:00-04:00,707.0358168226334,707.4451795959043,690.1709481616012,694.1749877929688,27077300,0.0,0.0
2025-07-31 00:00:00-04:00,774.0458414913344,783.5816106103192,764.3702661872821,772.2884521484375,38831100,0.0,0.0
2025-08-01 00:00:00-04:00,759.5973820600149,764.8595554226001,744.2003568990668,748.8933715820312,19028700,0.0,0.0
2025-08-04 00:00:00-04:00,758.8684286204626,775.6933161141383,757.280769171418,775.2140502929688,15801700,0.0,0.0
2025-08-05 00:00:00-04:00,775.2940146810766,781.9640620224704,761.8640271769766,762.3233642578125,11640300,0.0,0.0
2025-08-06 00:00:00-04:00,768.853609707056,772.488205034118,759.327834976083,770.8406372070312,9733900,0.0,0.0
2025-08-07 00:00:00-04:00,772.3383525306105,773.8461140652291,758.4191051508143,760.6957397460938,9019700,0.0,0.0
2025-08-08 00:00:00-04:00,761.6144268371896,768.7538063796192,757.4506521481833,768.1546630859375,7320800,0.0,0.0
2025-08-11 00:00:00-04:00,768.9334288760205,772.3084011990011,763.5314498091643,764.7296752929688,7612000,0.0,0.0
2025-08-12 00:00:00-04:00,771.849102319645,792.4883102810505,771.2799436630941,788.8237915039062,14563100,0.0,0.0
2025-08-13 00:00:00-04:00,789.9721665216805,794.2757473900336,777.0713578354987,778.9186401367188,8811800,0.0,0.0
2025-08-14 00:00:00-04:00,776.7218428333804,786.6370510429252,771.3598429397638,780.9655151367188,8116200,0.0,0.0
2025-08-15 00:00:00-04:00,782.9825648931883,795.0645257736991,779.6575056048304,784.0609130859375,13375400,0.0,0.0
2025-08-18 00:00:00-04:00,773.9360156125421,774.6549143701418,755.4335751910228,766.2274780273438,16513700,0.0,0.0
2025-08-19 00:00:00-04:00,765.977874147037,766.0277875160474,748.2443062415024,750.3611450195312,12286700,0.0,0.0
2025-08-20 00:00:00-04:00,746.4570103778062,749.083099657565,729.911672806752,746.6067504882812,11898200,0.0,0.0
2025-08-21 00:00:00-04:00,743.6012666698691,744.3900685450179,732.0185006665147,737.9995727539062,8876300,0.0,0.0
2025-08-22 00:00:00-04:00,738.1293678852983,755.7731035460037,733.2966081137474,753.6661987304688,10612700,0.0,0.0
2025-08-25 00:00:00-04:00,753.6961621486424,757.7501148109367,749.0131426125197,752.1784057617188,6861200,0.0,0.0
2025-08-26 00:00:00-04:00,749.6821592803592,753.7461069744401,746.8264320177999,752.9772338867188,7601800,0.0,0.0
2025-08-27 00:00:00-04:00,751.1799307743298,753.0272129802489,741.7340542390842,746.2672729492188,8315400,0.0,0.0
2025-08-28 00:00:00-04:00,742.8922995313089,751.9288132977724,739.6970516455432,749.99169921875,7468000,0.0,0.0
2025-08-29 00:00:00-04:00,744.1703787664815,746.0275947781304,734.2551099537487,737.6001586914062,9070500,0.0,0.0
2025-09-02 00:00:00-04:00,724.9589996576248,734.9041924629622,720.655419120511,734.0155029296875,9350900,0.0,0.0
2025-09-03 00:00:00-04:00,734.9042121918441,739.1478846127889,732.8971950134412,735.95263671875,7699300,0.0,0.0
2025-09-04 00:00:00-04:00,747.4555024338443,760.0267237435045,744.7095967582477,747.535400390625,11439100,0.0,0.0
2025-09-05 00:00:00-04:00,751.499502790698,756.8215846100361,743.9208368275713,751.3297729492188,9663400,0.0,0.0
2025-09-08 00:00:00-04:00,754.8744351124396,765.3687971294402,750.9003802075373,751.179931640625,13087800,0.0,0.0
2025-09-09 00:00:00-04:00,756.3621991005824,765.1590798691678,752.3082462809408,764.5599975585938,10999000,0.0,0.0
2025-09-10 00:00:00-04:00,763.990858904295,764.5600175863916,749.8818911499914,750.8604125976562,12478300,0.0,0.0
2025-09-11 00:00:00-04:00,753.5264602522736,755.9727638030715,747.2557810059183,749.7820434570312,7923300,0.0,0.0
2025-09-12 00:00:00-04:00,747.6152548910696,756.4421205211297,742.6526835890741,754.465087890625,8248600,0.0,0.0
2025-09-15 00:00:00-04:00,756.3421855933647,772.9175066813722,750.8703641812288,763.5614624023438,10533800,0.0,0.0
2025-09-16 00:00:00-04:00,765.8580156945753,780.1966205012909,763.960820221922,777.8401489257812,11782500,0.0,0.0
2025-09-17 00:00:00-04:00,778.828725718326,782.1238004242355,765.1691000860621,774.5650634765625,9400900,0.0,0.0
2025-09-18 00:00:00-04:00,779.5875734416616,787.6056471582369,772.2085614820411,779.0883178710938,10955000,0.0,0.0
2025-09-19 00:00:00-04:00,785.2490765825911,789.6225600448605,768.0447499547826,777.2210693359375,23696800,0.0,0.0
2025-09-22 00:00:00-04:00,781.2128396094075,785.0896826443245,763.8469978355404,764.5364379882812,11706900,0.525,0.0
2025-09-23 00:00:00-04:00,768.6231126086477,769.9719880546131,750.4579354131178,754.784423828125,10872600,0.0,0.0
2025-09-24 00:00:00-04:00,756.8827020619125,760.4897455830934,751.9167814613187,760.0401000976562,8828200,0.0,0.0
2025-09-25 00:00:00-04:00,752.8360219788784,756.1533238123261,743.9432502397539,748.2996826171875,10591100,0.0,0.0
2025-09-26 00:00:00-04:00,749.3888277967437,751.3172477286904,736.7491118404043,743.1439208984375,9696300,0.0,0.0
2025-09-29 00:00:00-04:00,748.1098002440084,750.1681799899285,738.5476529969768,742.794189453125,9246800,0.0,0.0
2025-09-30 00:00:00-04:00,741.6451369970716,742.3645209926972,725.7081225297242,733.7815551757812,16226800,0.0,0.0
2025-10-01 00:00:00-04:00,720.9020135039985,721.2617054862658,709.6212362201944,716.7554321289062,20419600,0.0,0.0
2025-10-02 00:00:00-04:00,721.9911913779041,727.176964520395,717.5548070653372,726.45751953125,11415300,0.0,0.0
2025-10-03 00:00:00-04:00,729.0354240673363,730.4043027655052,709.6012618171895,709.98095703125,16154300,0.0,0.0
2025-10-06 00:00:00-04:00,704.6153434967972,716.2958197616522,689.9473135389625,715.0767822265625,21654700,0.0,0.0
2025-10-07 00:00:00-04:00,717.135073707775,717.9144673294414,705.1748577839295,712.4989013671875,12062900,0.0,0.0
2025-10-08 00:00:00-04:00,712.8686286502683,719.063588526951,707.233209995552,717.2550659179688,10790600,0.0,0.0
2025-10-09 00:00:00-04:00,717.694662739213,732.9122314453125,711.8593952481671,732.9122314453125,12717200,0.0,0.0
2025-10-10 00:00:00-04:00,730.3243364156914,734.6708280741015,703.9358854737135,704.7252197265625,16980100,0.0,0.0
2025-10-13 00:00:00-04:00,712.4289500007787,719.353295154282,707.0633311027989,715.1167602539062,9251800,0.0,0.0
2025-10-14 00:00:00-04:00,707.2032236513401,714.966850016347,698.7600977854659,708.072509765625,8829800,0.0,0.0
2025-10-15 00:00:00-04:00,716.4756800447307,723.3101331023296,708.9318445822669,716.9652709960938,10246800,0.0,0.0
2025-10-16 00:00:00-04:00,716.9652609619593,724.898793146875,703.3064176322127,711.48974609375,9017000,0.0,0.0
2025-10-17 00:00:00-04:00,706.5038073054051,717.9544293541486,705.5445676686097,716.3357543945312,12232400,0.0,0.0
2025-10-20 00:00:00-04:00,720.602270855396,733.1720358988009,719.5930841941394,731.5733032226562,8900200,0.0,0.0
2025-10-21 00:00:00-04:00,735.4202444049121,737.898203963144,728.156149137632,732.6724853515625,7647300,0.0,0.0
2025-10-22 00:00:00-04:00,733.2320185457676,739.9964601984101,723.4400167690366,732.8123168945312,8734500,0.0,0.0
2025-10-23 00:00:00-04:00,734.1012972282697,741.8049752352916,732.5025644943078,733.40185546875,9856000,0.0,0.0
2025-10-24 00:00:00-04:00,736.1895728454068,740.6060149267306,730.5542151922721,737.75830078125,9151300,0.0,0.0
2025-10-27 00:00:00-04:00,749.1189913399045,755.1341048828856,747.4004223192904,750.2081298828125,11321100,0.0,0.0
2025-10-28 00:00:00-04:00,752.0166693998259,757.7819868095911,744.9124781386814,750.82763671875,12193800,0.0,0.0
2025-10-29 00:00:00-04:00,754.1349412128479,758.5413205942342,741.9049255575367,751.0574340820312,26818600,0.0,0.0
2025-10-30 00:00:00-04:00,668.6047496805471,680.405123547836,649.6401745693712,665.9268798828125,88440100,0.0,0.0
2025-10-31 00:00:00-04:00,673.9603724515775,674.3400676801817,645.0439523217459,647.8216552734375,56953200,0.0,0.0
2025-11-03 00:00:00-05:00,655.4654426520216,658.792746197499,635.6615861365713,637.1903686523438,33003600,0.0,0.0
2025-11-04 00:00:00-05:00,627.528160823027,641.2170082918374,625.4998468710925,626.8087768554688,27356600,0.0,0.0
2025-11-05 00:00:00-05:00,631.7947143740674,641.7066132741587,626.0293969573662,635.4317626953125,20219900,0.0,0.0
2025-11-06 00:00:00-05:00,635.3318005623231,635.4817027165644,617.4963715076051,618.4356079101562,23628800,0.0,0.0
2025-11-07 00:00:00-05:00,615.9875913853423,621.6230097922952,600.7100736857968,621.203369140625,29946800,0.0,0.0
2025-11-10 00:00:00-05:00,630.5757412925083,634.4825281361091,617.606277436272,631.2451782226562,19245000,0.0,0.0
2025-11-11 00:00:00-05:00,627.4882640088713,629.0469903781388,618.8852946435945,626.5690307617188,13302200,0.0,0.0
2025-11-12 00:00:00-05:00,627.6181473129036,628.4774318700306,607.2747531328254,608.5137329101562,24493300,0.0,0.0
2025-11-13 00:00:00-05:00,612.5704066192014,617.1466913787408,602.5086055074847,609.3930053710938,20973800,0.0,0.0
2025-11-14 00:00:00-05:00,601.2995852054279,613.1799107961393,594.7149894844074,608.96337890625,20724100,0.0,0.0
2025-11-17 00:00:00-05:00,608.54364845602,611.1915132655756,594.914810553651,601.5194091796875,16501300,0.0,0.0
2025-11-18 00:00:00-05:00,591.1178778321469,603.1680476389258,583.3043040560937,597.2029418945312,25500600,0.0,0.0
2025-11-19 00:00:00-05:00,593.236120814011,594.8448550993957,580.7763124672824,589.8389282226562,24744700,0.0,0.0
2025-11-20 00:00:00-05:00,603.0082035639184,606.225550290049,582.8745995478572,588.669921875,20603000,0.0,0.0
2025-11-21 00:00:00-05:00,588.0204327318114,597.6325885375659,581.38582901572,593.7657470703125,21052600,0.0,0.0
2025-11-24 00:00:00-05:00,598.2320754408486,616.1974650582393,597.1429978306941,612.5504150390625,23554900,0.0,0.0
2025-11-25 00:00:00-05:00,623.4914651316196,636.5308177101258,617.7960982049689,635.7014770507812,25213000,0.0,0.0
2025-11-26 00:00:00-05:00,637.1703200291516,637.8397569399452,631.1152610365342,633.0936279296875,15209500,0.0,0.0
2025-11-28 00:00:00-05:00,635.5616748244524,647.5218911860414,634.9821303911365,647.4219970703125,11033200,0.0,0.0
2025-12-01 00:00:00-05:00,639.028785702615,644.7941029489796,637.2402664201815,640.3477172851562,13029900,0.0,0.0
2025-12-02 00:00:00-05:00,641.8165621493692,647.3420238521164,637.5500224020741,646.5726318359375,11640900,0.0,0.0
2025-12-03 00:00:00-05:00,643.8848130159247,648.3211970895987,637.0304181904862,639.0787353515625,11134300,0.0,0.0
2025-12-04 00:00:00-05:00,675.4491463216154,675.5490404402168,659.512131337801,660.990966796875,29874600,0.0,0.0
2025-12-05 00:00:00-05:00,663.4589092143041,674.1402004180294,661.8502358329807,672.8712158203125,21207900,0.0,0.0
2025-12-08 00:00:00-05:00,668.7945609027437,676.1585499822719,664.528021142878,666.256591796875,13161000,0.0,0.0
2025-12-09 00:00:00-05:00,663.2291308887899,663.9385132978894,652.807637338328,656.4246826171875,12997100,0.0,0.0
2025-12-10 00:00:00-05:00,649.4203737252112,653.9766553823684,642.8757234590145,649.6002197265625,16910900,0.0,0.0
2025-12-11 00:00:00-05:00,642.7657334383907,654.7460135009795,640.2777724038347,652.1781005859375,13056700,0.0,0.0
2025-12-12 00:00:00-05:00,649.2704855848336,710.4206277669183,638.0896015354143,643.7050170898438,14016900,0.0,0.0
2025-12-15 00:00:00-05:00,645.7000122070312,653.0,638.7000122070312,647.510009765625,15549100,0.525,0.0
2025-12-16 00:00:00-05:00,643.5,662.5399780273438,643.2000122070312,657.1500244140625,14309100,0.0,0.0
2025-12-17 00:00:00-05:00,655.6099853515625,661.22998046875,649.2000122070312,649.5,15598500,0.0,0.0
2025-12-18 00:00:00-05:00,657.030029296875,670.5599975585938,656.4600219726562,664.4500122070312,20260300,0.0,0.0
2025-12-19 00:00:00-05:00,666.4199829101562,671.0,658.1799926757812,658.77001953125,49977100,0.0,0.0
2025-12-22 00:00:00-05:00,661.6500244140625,673.5800170898438,656.6500244140625,661.5,15659400,0.0,0.0
2025-12-23 00:00:00-05:00,660.0499877929688,666.0,658.25,664.9400024414062,8486800,0.0,0.0
2025-12-24 00:00:00-05:00,662.530029296875,668.1799926757812,662.2000122070312,667.5499877929688,5627500,0.0,0.0
2025-12-26 00:00:00-05:00,668.0599975585938,668.9500122070312,661.3200073242188,663.2899780273438,7133800,0.0,0.0
2025-12-29 00:00:00-05:00,658.010009765625,660.25,654.3900146484375,658.6900024414062,8506500,0.0,0.0
2025-12-30 00:00:00-05:00,658.6900024414062,672.219970703125,657.8400268554688,665.9500122070312,9187500,0.0,0.0
2025-12-31 00:00:00-05:00,664.75,665.0,659.4400024414062,660.0900268554688,7940400,0.0,0.0
2026-01-02 00:00:00-05:00,662.72998046875,664.3900146484375,643.5,650.4099731445312,13726500,0.0,0.0
2026-01-05 00:00:00-05:00,651.010009765625,664.5399780273438,647.75,658.7899780273438,12213700,0.0,0.0
2026-01-06 00:00:00-05:00,659.5700073242188,665.52001953125,651.9000244140625,660.6199951171875,11074400,0.0,0.0
2026-01-07 00:00:00-05:00,655.6400146484375,659.1500244140625,644.8099975585938,648.6900024414062,12846300,0.0,0.0
2026-01-08 00:00:00-05:00,645.8800048828125,647.0999755859375,635.719970703125,646.0599975585938,11921700,0.0,0.0
2026-01-09 00:00:00-05:00,645.4400024414062,654.9500122070312,642.8499755859375,653.0599975585938,11634900,0.0,0.0
2026-01-12 00:00:00-05:00,652.530029296875,653.969970703125,641.22998046875,641.969970703125,14797200,0.0,0.0
2026-01-13 00:00:00-05:00,642.27001953125,642.27001953125,624.0999755859375,631.0900268554688,18030400,0.0,0.0
2026-01-14 00:00:00-05:00,626.5,628.4500122070312,614.8200073242188,615.52001953125,15527900,0.0,0.0
2026-01-15 00:00:00-05:00,618.47998046875,624.1699829101562,614.22998046875,620.7999877929688,13076100,0.0,0.0
2026-01-16 00:00:00-05:00,624.1799926757812,629.0800170898438,620.0800170898438,620.25,17012500,0.0,0.0
2026-01-20 00:00:00-05:00,607.8800048828125,611.4000244140625,600.0,604.1199951171875,15169600,0.0,0.0
2026-01-21 00:00:00-05:00,606.739990234375,618.27001953125,600.0800170898438,612.9600219726562,14494700,0.0,0.0
2026-01-22 00:00:00-05:00,629.3499755859375,660.5700073242188,626.5499877929688,647.6300048828125,21394700,0.0,0.0
2026-01-23 00:00:00-05:00,644.77001953125,666.489990234375,644.4500122070312,658.760009765625,22797700,0.0,0.0
2026-01-26 00:00:00-05:00,665.1300048828125,675.280029296875,661.2899780273438,672.3599853515625,16327400,0.0,0.0
2026-01-27 00:00:00-05:00,674.5900268554688,676.8200073242188,664.6599731445312,672.969970703125,13297400,0.0,0.0
2026-01-28 00:00:00-05:00,674.5,677.6799926757812,666.0999755859375,668.72998046875,25709600,0.0,0.0
2026-01-29 00:00:00-05:00,737.4299926757812,744.0,712.5499877929688,738.3099975585938,59852900,0.0,0.0
2026-01-30 00:00:00-05:00,727.5,732.1699829101562,713.5900268554688,716.5,23744600,0.0,0.0
2026-02-02 00:00:00-05:00,714.5999755859375,721.2999877929688,703.52001953125,706.4099731445312,14365200,0.0,0.0
2026-02-03 00:00:00-05:00,707.3699951171875,717.0,686.4099731445312,691.7000122070312,13760700,0.0,0.0
2026-02-04 00:00:00-05:00,687.72998046875,688.8300170898438,667.4600219726562,668.989990234375,16882800,0.0,0.0
2026-02-05 00:00:00-05:00,663.5800170898438,681.5,653.5,670.2100219726562,17131800,0.0,0.0
2026-02-06 00:00:00-05:00,665.489990234375,671.989990234375,646.5,661.4600219726562,18159300,0.0,0.0
2026-02-09 00:00:00-05:00,663.1799926757812,683.3099975585938,658.780029296875,677.219970703125,14837500,0.0,0.0
2026-02-10 00:00:00-05:00,677.5999755859375,680.6500244140625,669.7899780273438,670.719970703125,10455800,0.0,0.0
2026-02-11 00:00:00-05:00,674.0,679.27001953125,657.0999755859375,668.6900024414062,14323800,0.0,0.0
2026-02-12 00:00:00-05:00,669.969970703125,676.0,645.280029296875,649.8099975585938,14960100,0.0,0.0
2026-02-13 00:00:00-05:00,645.0999755859375,651.4299926757812,634.5700073242188,639.77001953125,12336400,0.0,0.0
2026-02-17 00:00:00-05:00,639.5,642.5999755859375,628.7999877929688,639.2899780273438,12674700,0.0,0.0
2026-02-18 00:00:00-05:00,633.5999755859375,644.5399780273438,628.14501953125,643.219970703125,14565880,0.0,0.0
