Date,Open,High,Low,Close,Volume,Dividends,Stock Splits
2016-02-19 00:00:00-05:00,45.83222573187645,46.105611872882335,45.44418858076177,45.6999397277832,33559100,0.0,0.0
2016-02-22 00:00:00-05:00,46.1055955602136,46.74056277252624,46.1055955602136,46.43190002441406,25008300,0.0,0.0
2016-02-23 00:00:00-05:00,46.15851034696903,46.184966192604,44.95912933699987,45.1355094909668,28895300,0.0,0.0
2016-02-24 00:00:00-05:00,44.70338125255081,45.41771940970828,44.27125337899662,45.294254302978516,33014500,0.0,0.0
2016-02-25 00:00:00-05:00,45.62055253851472,45.94685363769531,44.63282838295173,45.94685363769531,26939500,0.0,0.0
2016-02-26 00:00:00-05:00,46.38781061458955,46.45836403465497,45.06496426591297,45.2413444519043,35975900,0.0,0.0
2016-02-29 00:00:00-05:00,45.28542680723154,45.54999869907242,44.67691885717449,44.87093734741211,31654000,0.0,0.0
2016-03-01 00:00:00-05:00,44.95031512811481,46.37898808772721,44.906217563271746,46.37017059326172,33024500,0.0,0.0
2016-03-02 00:00:00-05:00,46.22023539470889,46.705278216267,45.999761079076016,46.69646072387695,29289900,0.0,0.0
2016-03-03 00:00:00-05:00,46.714102835172255,46.714102835172255,45.664642855167,46.16732406616211,24427800,0.0,0.0
2016-03-04 00:00:00-05:00,46.211428692070534,46.255522892658306,45.60291728577502,45.88512420654297,33034200,0.0,0.0
2016-03-07 00:00:00-05:00,45.47063133063046,45.6822848235114,44.60637227899478,45.00322341918945,38407800,0.0,0.0
2016-03-08 00:00:00-05:00,44.80039197878117,45.973317259462625,44.624011807318375,45.55000686645508,33835100,0.0,0.0
2016-03-09 00:00:00-05:00,45.76166111180274,46.608281911340505,45.73520526312093,46.599464416503906,28251600,0.0,0.0
2016-03-10 00:00:00-05:00,46.678826336158785,46.68764382929709,45.11786764531228,45.90275573730469,38387800,0.0,0.0
2016-03-11 00:00:00-05:00,46.740559325048004,46.80229187011719,46.19378391264751,46.80229187011719,32275700,0.0,0.0
2016-03-14 00:00:00-04:00,46.484796726655844,47.26086713988086,46.41424670591024,46.89046859741211,24083600,0.0,0.0
2016-03-15 00:00:00-04:00,46.52007809202781,47.26087188720703,46.511260600112855,47.26087188720703,21104800,0.0,0.0
2016-03-16 00:00:00-04:00,47.13741619325519,48.15159617378844,47.093321996566196,47.931121826171875,31691700,0.0,0.0
2016-03-17 00:00:00-04:00,47.80766281544032,48.50436264999608,47.622465147268876,48.20451736450195,28223900,0.0,0.0
2016-03-18 00:00:00-04:00,48.433805393756856,48.477902956733494,47.13741845519949,47.17269515991211,67625500,0.0,0.0
2016-03-21 00:00:00-04:00,46.961038757068806,47.56072928638671,46.67883184493941,47.49899673461914,23925700,0.0,0.0
2016-03-22 00:00:00-04:00,47.27851309205729,47.84292680550462,47.14622715614321,47.68418502807617,23124100,0.0,0.0
2016-03-23 00:00:00-04:00,47.719477234899536,47.83412485900713,47.393176081547956,47.596012115478516,20129000,0.0,0.0
2016-03-24 00:00:00-04:00,47.481354251491524,47.9134854404434,47.384345003104066,47.807655334472656,19950000,0.0,0.0
2016-03-28 00:00:00-04:00,47.80767049665646,47.87822392301295,47.031602991770285,47.216800689697266,17025100,0.0,0.0
2016-03-29 00:00:00-04:00,47.32260852294836,48.38088594548476,47.13741089915156,48.248600006103516,23924300,0.0,0.0
2016-03-30 00:00:00-04:00,48.44261991914198,49.068766207162426,48.41616407615194,48.54844665527344,23008300,0.0,0.0
2016-03-31 00:00:00-04:00,48.460268870297725,49.02468273869765,48.38089795979323,48.70719909667969,26360500,0.0,0.0
2016-04-01 00:00:00-04:00,48.54845106599353,49.042314819760946,48.125140718837855,49.00703811645508,24399200,0.0,0.0
2016-04-04 00:00:00-04:00,48.883575439453125,49.08641144724761,48.504359270567676,48.883575439453125,18928800,0.0,0.0
2016-04-05 00:00:00-04:00,48.67191448283231,48.76892373148809,48.02812980850114,48.1163215637207,19272300,0.0,0.0
2016-04-06 00:00:00-04:00,47.93995069667229,48.680744763046754,47.807664720323515,48.610191345214844,21188700,0.0,0.0
2016-04-07 00:00:00-04:00,48.38971120528624,48.424987910006394,47.82529738645069,48.028133392333984,19225100,0.0,0.0
2016-04-08 00:00:00-04:00,48.21333325506458,48.751291252095925,47.904670485049174,47.99285888671875,22167200,0.0,0.0
2016-04-11 00:00:00-04:00,48.054592943447624,48.63664511876733,47.8870302769255,47.895851135253906,21414200,0.0,0.0
2016-04-12 00:00:00-04:00,47.94876420670735,48.31034203261421,47.410806215052105,48.19569778442383,24944300,0.0,0.0
2016-04-13 00:00:00-04:00,48.61018660330343,48.89239351875762,48.40735059308147,48.81302261352539,20818000,0.0,0.0
2016-04-14 00:00:00-04:00,48.69837709184666,49.01586070446242,48.56609113186619,48.821842193603516,20877100,0.0,0.0
2016-04-15 00:00:00-04:00,48.76893241977656,49.31570794286116,48.60137310126556,49.077598571777344,28793800,0.0,0.0
2016-04-18 00:00:00-04:00,48.936485381955954,49.90657112030059,48.68955183657058,49.79192352294922,23786000,0.0,0.0
2016-04-19 00:00:00-04:00,49.94185861093717,50.06532372821714,49.104055275458904,49.730201721191406,29596800,0.0,0.0
2016-04-20 00:00:00-04:00,49.64200227522582,49.82719990996793,48.936485073228695,49.02467346191406,36195700,0.0,0.0
2016-04-21 00:00:00-04:00,49.20987620640675,49.58909237263858,48.87475423909616,49.192237854003906,38909100,0.0,0.0
2016-04-22 00:00:00-04:00,45.77929757655578,46.23788466509138,44.77393499806966,45.664649963378906,126834100,0.0,0.0
2016-04-25 00:00:00-04:00,45.6646530473349,45.97331920147653,45.53237043627887,45.95568084716797,33226900,0.0,0.0
2016-04-26 00:00:00-04:00,46.087955073743146,46.167325971606175,45.056136765695186,45.36479949951172,33532600,0.0,0.0
2016-04-27 00:00:00-04:00,45.40007640246764,45.41771475364536,44.579911575646726,44.923851013183594,43369300,0.0,0.0
2016-04-28 00:00:00-04:00,44.64164721513567,44.77393317604667,43.706838087159944,44.006683349609375,43134800,0.0,0.0
2016-04-29 00:00:00-04:00,43.521641309516575,44.31535042397298,43.521641309516575,43.980228424072266,48411700,0.0,0.0
2016-05-02 00:00:00-04:00,44.09486604013475,44.75628903073677,43.90084755302334,44.6328239440918,33114500,0.0,0.0
2016-05-03 00:00:00-04:00,44.394715966434504,44.45644851629621,43.74211039967569,43.90085220336914,26460200,0.0,0.0
2016-05-04 00:00:00-04:00,43.95377257498107,44.147791106108656,43.618650575080366,43.980228424072266,24257600,0.0,0.0
2016-05-05 00:00:00-04:00,43.98021768357841,44.359433794079365,43.85675259907508,44.04195022583008,25390700,0.0,0.0
2016-05-06 00:00:00-04:00,44.02431181689921,44.438804626464844,43.79501999801111,44.438804626464844,24787300,0.0,0.0
2016-05-09 00:00:00-04:00,44.52699959612393,44.61518798726637,44.09486840551444,44.15660095214844,17951600,0.0,0.0
2016-05-10 00:00:00-04:00,44.385903396293095,45.064961520100425,44.26243491870156,44.99441146850586,22891000,0.0,0.0
2016-05-11 00:00:00-04:00,45.091404525661126,45.66463568395114,44.976756948334796,45.020851135253906,24039100,0.0,0.0
2016-05-12 00:00:00-04:00,45.15314291779736,45.69110081484264,44.90620938350877,45.42652893066406,24102800,0.0,0.0
2016-05-13 00:00:00-04:00,45.36479387812559,45.77046917480704,45.01203699235741,45.04731369018555,22592300,0.0,0.0
2016-05-16 00:00:00-04:00,44.80037248005908,45.82337299229061,44.756278297427734,45.7087287902832,20032000,0.0,0.0
2016-05-17 00:00:00-04:00,45.93075553091335,45.93963469663691,44.72298573041795,44.85619354248047,27803500,0.36,0.0
2016-05-18 00:00:00-04:00,44.829544950795736,45.41566803113221,44.669692893640246,45.12260818481445,24907500,0.0,0.0
2016-05-19 00:00:00-04:00,44.82068070361987,44.95388853711579,44.243436595364656,44.687469482421875,23842400,0.0,0.0
2016-05-20 00:00:00-04:00,44.82956307890937,45.486733289372026,44.75851957350121,44.95389175415039,23905800,0.0,0.0
2016-05-23 00:00:00-04:00,44.93611730968541,45.00716418268288,44.385517594760465,44.4299201965332,26118700,0.0,0.0
2016-05-24 00:00:00-04:00,45.024925971511905,45.92187072445213,44.75850697275649,45.815303802490234,34757900,0.0,0.0
2016-05-25 00:00:00-04:00,46.10836641900626,46.614566950670685,45.99292032491057,46.285980224609375,24040200,0.0,0.0
2016-05-26 00:00:00-04:00,46.11724951329624,46.16165211829229,45.611052363397675,46.08172607421875,24335200,0.0,0.0
2016-05-27 00:00:00-04:00,46.108372500631184,46.463600158691406,45.97516466963511,46.463600158691406,17721400,0.0,0.0
2016-05-31 00:00:00-04:00,46.41031188751134,47.067481994628906,46.25046317855485,47.067481994628906,37653100,0.0,0.0
2016-06-01 00:00:00-04:00,46.57016216496261,47.023077550369074,46.57016216496261,46.934268951416016,25324800,0.0,0.0
2016-06-02 00:00:00-04:00,46.74778421280028,46.836592827402704,46.03733223449222,46.60569381713867,22840800,0.0,0.0
2016-06-03 00:00:00-04:00,46.5168633479572,46.552383386821035,45.82417008075595,45.99290466308594,23368300,0.0,0.0
2016-06-06 00:00:00-04:00,46.170539806342624,46.490240630487754,46.08173119877287,46.29486846923828,18243300,0.0,0.0
2016-06-07 00:00:00-04:00,46.3925548557157,46.82770516283144,46.26822280883789,46.26822280883789,20866800,0.0,0.0
2016-06-08 00:00:00-04:00,46.197177397185534,46.57016335924859,46.06396618919059,46.21493911743164,21149400,0.0,0.0
2016-06-09 00:00:00-04:00,46.179415369919596,46.179415369919596,45.726503363611066,45.841949462890625,20305700,0.0,0.0
2016-06-10 00:00:00-04:00,45.335756118611826,46.22382187367847,45.32687695165004,45.71762466430664,25833200,0.0,0.0
2016-06-13 00:00:00-04:00,44.03029618707181,45.042690477623495,43.56850164638653,44.527610778808594,83217800,0.0,0.0
2016-06-14 00:00:00-04:00,44.31448748942627,44.4920979501435,44.021424131378545,44.252323150634766,42577100,0.0,0.0
2016-06-15 00:00:00-04:00,44.20791296279647,44.50985546021562,44.127986907958984,44.127986907958984,33757600,0.0,0.0
2016-06-16 00:00:00-04:00,43.97700251925625,44.820665394031806,43.968119967435996,44.74961853027344,31188600,0.0,0.0
2016-06-17 00:00:00-04:00,44.767387451347076,44.785149170145345,44.24342860375323,44.51873016357422,45710500,0.0,0.0
2016-06-20 00:00:00-04:00,44.97164747576505,45.140382130532906,44.42992684505075,44.465450286865234,35607900,0.0,0.0
2016-06-21 00:00:00-04:00,44.58089610080518,45.67321643871556,44.545372661921526,45.460079193115234,34097800,0.0,0.0
2016-06-22 00:00:00-04:00,45.36239675016726,45.699859270833024,45.24694726272806,45.282470703125,28816800,0.0,0.0
2016-06-23 00:00:00-04:00,45.54001253890934,46.23270615740481,45.42456642557853,46.09949493408203,29028800,0.0,0.0
2016-06-24 00:00:00-04:00,44.23456142702256,45.23807340334398,43.97702151619924,44.252323150634766,133503000,0.0,0.0
2016-06-27 00:00:00-04:00,43.60402027944353,43.648426270291594,42.662672897010445,43.00901794433594,50216300,0.0,0.0
2016-06-28 00:00:00-04:00,43.44416935968849,43.9326081704667,43.22215295031714,43.90596389770508,38140700,0.0,0.0
2016-06-29 00:00:00-04:00,44.323368190790866,45.04270277731031,44.22568040139535,44.882850646972656,31304000,0.0,0.0
2016-06-30 00:00:00-04:00,45.042694909011075,45.55777127079861,44.8473193643493,45.44232177734375,28527800,0.0,0.0
2016-07-01 00:00:00-04:00,45.40678883774245,45.93074760525948,45.35350368949122,45.43342971801758,21400400,0.0,0.0
2016-07-05 00:00:00-04:00,45.14038268134197,45.540009549674636,45.06045663013505,45.44232177734375,24806400,0.0,0.0
2016-07-06 00:00:00-04:00,45.09597326703417,45.77090506778701,44.74962820061964,45.628814697265625,28167500,0.0,0.0
2016-07-07 00:00:00-04:00,45.66433474911973,45.83306939315877,45.353513122260956,45.628814697265625,19585200,0.0,0.0
2016-07-08 00:00:00-04:00,45.93963793901749,46.499120274732135,45.77978584309901,46.44583511352539,28391000,0.0,0.0
2016-07-11 00:00:00-04:00,46.62344310265525,46.916506371111446,46.59680221923245,46.703369140625,22269200,0.0,0.0
2016-07-12 00:00:00-04:00,47.01419676988615,47.42270956507503,46.88098894798476,47.25397491455078,27317600,0.0,0.0
2016-07-13 00:00:00-04:00,47.5647955477855,47.831214554682546,47.22732966560846,47.520389556884766,25356800,0.0,0.0
2016-07-14 00:00:00-04:00,47.81346037176234,47.94667159005707,47.58256476611374,47.72465515136719,24545500,0.0,0.0
2016-07-15 00:00:00-04:00,47.91114530123611,47.95554790879649,47.2539751911564,47.68912887573242,32024400,0.0,0.0
2016-07-18 00:00:00-04:00,47.689125481627045,48.257486948433076,47.55591428072495,47.920021057128906,31433900,0.0,0.0
2016-07-19 00:00:00-04:00,47.69801502847158,47.86674970469803,47.00532476350661,47.14741516113281,53336500,0.0,0.0
2016-07-20 00:00:00-04:00,49.86488589652308,50.47764995448563,49.314282773216036,49.65174865722656,89893300,0.0,0.0
2016-07-21 00:00:00-04:00,49.7139063213919,49.935922696561235,49.518530827178566,49.554054260253906,32776700,0.0,0.0
2016-07-22 00:00:00-04:00,49.802719028439505,50.29115441672108,49.536296646012,50.23786926269531,32157200,0.0,0.0
2016-07-25 00:00:00-04:00,50.14905975287147,50.388837843840044,49.96256342365079,50.37995529174805,25610600,0.0,0.0
2016-07-26 00:00:00-04:00,50.193474706680824,50.877285714958774,50.184592152402146,50.40660858154297,28079000,0.0,0.0
2016-07-27 00:00:00-04:00,50.27340289158447,50.44213416532415,49.829370014446575,49.900413513183594,32327500,0.0,0.0
2016-07-28 00:00:00-04:00,49.73167414924649,50.06025747631903,49.48301686256472,49.91816711425781,37550400,0.0,0.0
2016-07-29 00:00:00-04:00,49.9625818805346,50.406614793537834,49.77608887012179,50.3355712890625,30558700,0.0,0.0
2016-08-01 00:00:00-04:00,50.264515839643096,50.39772704594654,49.85600644227502,50.24675750732422,26003400,0.0,0.0
2016-08-02 00:00:00-04:00,50.4865322583477,50.53093825224999,50.00697936859904,50.24675750732422,35122000,0.0,0.0
2016-08-03 00:00:00-04:00,50.33557303403812,50.71744162347526,50.16684174082033,50.59311294555664,22075600,0.0,0.0
2016-08-04 00:00:00-04:00,50.44213224541776,51.081540648224085,50.326682753199535,50.96609115600586,26587700,0.0,0.0
2016-08-05 00:00:00-04:00,51.196988030492996,51.69430264533407,51.01937421617758,51.472286224365234,29335200,0.0,0.0
2016-08-08 00:00:00-04:00,51.56110382080078,51.58774471190029,51.31244308229679,51.56110382080078,19473500,0.0,0.0
2016-08-09 00:00:00-04:00,51.6587805298507,51.95184383914274,51.525572706473994,51.6854248046875,16920700,0.0,0.0
2016-08-10 00:00:00-04:00,51.64989856593665,51.79198893579707,51.34795610652055,51.525569915771484,15756900,0.0,0.0
2016-08-11 00:00:00-04:00,51.53444521131156,51.907434521495595,51.53444521131156,51.77422332763672,18162300,0.0,0.0
2016-08-12 00:00:00-04:00,51.53444722109129,51.676537585821464,51.170340449738866,51.45452117919922,21655200,0.0,0.0
2016-08-15 00:00:00-04:00,51.51669591681486,51.951849652355186,51.47229330405415,51.614383697509766,19283900,0.0,0.0
2016-08-16 00:00:00-04:00,51.4803287847105,51.489263290427765,51.17650445808949,51.32841491699219,20523500,0.36,0.0
2016-08-17 00:00:00-04:00,51.417796518284305,51.54290009866477,51.140779012572644,51.4356689453125,18856400,0.0,0.0
2016-08-18 00:00:00-04:00,51.31054520328503,51.56075569116943,51.176507157562185,51.47139358520508,14214300,0.0,0.0
2016-08-19 00:00:00-04:00,51.31948255564736,51.58756205296975,51.11395482740634,51.48926544189453,17271000,0.0,0.0
2016-08-22 00:00:00-04:00,51.471402839347874,51.605444317986084,51.167578442075474,51.53395462036133,15221900,0.0,0.0
2016-08-23 00:00:00-04:00,51.73947914471024,51.989686236596064,51.694796385031225,51.73054122924805,18732400,0.0,0.0
2016-08-24 00:00:00-04:00,51.65011914712507,51.86458481238362,51.57863286458295,51.78416061401367,18151500,0.0,0.0
2016-08-25 00:00:00-04:00,51.7216018341637,52.08797793071838,51.63223973206765,51.980743408203125,18552600,0.0,0.0
2016-08-26 00:00:00-04:00,52.07903289344547,52.454346853287284,51.55180849404006,51.85563278198242,20971200,0.0,0.0
2016-08-29 00:00:00-04:00,51.98969114171175,52.36500181495024,51.9182014465332,51.9182014465332,16417200,0.0,0.0
2016-08-30 00:00:00-04:00,51.81096542432792,51.998620743242284,51.48033413736223,51.73054122924805,16930200,0.0,0.0
2016-08-31 00:00:00-04:00,51.51608454172043,51.65012260877632,51.20332223429069,51.34629821777344,20860300,0.0,0.0
2016-09-01 00:00:00-04:00,50.944173347455205,51.66799112657323,50.944173347455205,51.46246337890625,26075400,0.0,0.0
2016-09-02 00:00:00-04:00,51.53395462036133,51.99862742847303,51.310554428508574,51.53395462036133,18900500,0.0,0.0
2016-09-06 00:00:00-04:00,51.63224953948781,51.65012196330184,51.12289739164489,51.48033905029297,16278400,0.0,0.0
2016-09-07 00:00:00-04:00,51.35523387699972,51.68586518511839,51.30161660724419,51.52501678466797,17493400,0.0,0.0
2016-09-08 00:00:00-04:00,51.49822083127985,51.641196838954414,51.09609974443986,51.31949996948242,20146100,0.0,0.0
2016-09-09 00:00:00-04:00,50.74757615007449,51.39990414376939,50.229286193847656,50.229286193847656,35113900,0.0,0.0
2016-09-12 00:00:00-04:00,50.041635632549365,51.12289158435113,49.69313192980465,50.979915618896484,29303000,0.0,0.0
2016-09-13 00:00:00-04:00,50.48844041433295,50.622481885154116,50.08631941068564,50.5152473449707,30130200,0.0,0.0
2016-09-14 00:00:00-04:00,50.390148244738356,50.6046139352478,50.06845141338245,50.27397918701172,24062500,0.0,0.0
2016-09-15 00:00:00-04:00,50.17569153592853,51.24800988112582,50.02377761144155,51.10503387451172,26847000,0.0,0.0
2016-09-16 00:00:00-04:00,51.49819952715188,51.49819952715188,50.71183010584402,51.15863037109375,44607000,0.0,0.0
2016-09-19 00:00:00-04:00,51.1765049938643,51.60543285791113,50.801190982313535,50.8726806640625,20937100,0.0,0.0
2016-09-20 00:00:00-04:00,51.247998942132774,51.247998942132774,50.71183988397841,50.76545715332031,17384000,0.0,0.0
2016-09-21 00:00:00-04:00,51.39097588819836,51.69480026923795,51.00673071485226,51.614376068115234,33707300,0.0,0.0
2016-09-22 00:00:00-04:00,51.75735034368324,51.828840035135855,51.49820873420781,51.667991638183594,19822200,0.0,0.0
2016-09-23 00:00:00-04:00,51.71268313838324,51.74842799250611,51.27482060623729,51.31949996948242,19955300,0.0,0.0
2016-09-26 00:00:00-04:00,51.006719338048676,51.06033318762803,50.783319207960126,50.84587097167969,21688700,0.0,0.0
2016-09-27 00:00:00-04:00,50.87268750209301,51.88245723522317,50.64928732982273,51.78416061401367,28065100,0.0,0.0
2016-09-28 00:00:00-04:00,51.72159476039369,51.8824431133523,51.533936076065196,51.85563278198242,20536400,0.0,0.0
2016-09-29 00:00:00-04:00,51.65905880623942,51.98075220175895,51.12289632940775,51.29268264770508,25463500,0.0,0.0
2016-09-30 00:00:00-04:00,51.44458665782366,51.62330746093659,51.23905892732934,51.47139358520508,29910800,0.0,0.0
2016-10-03 00:00:00-04:00,51.30162762465248,51.42673120546613,50.98886867261834,51.31056213378906,19189500,0.0,0.0
2016-10-04 00:00:00-04:00,51.17650327544556,51.47138968071914,50.90842379551989,51.149696350097656,20085900,0.0,0.0
2016-10-05 00:00:00-04:00,51.194389831205314,51.79310072139634,51.16757948963894,51.50714874267578,16726400,0.0,0.0
2016-10-06 00:00:00-04:00,51.596492767333984,51.70372386953516,51.185433959401436,51.596492767333984,16212600,0.0,0.0
2016-10-07 00:00:00-04:00,51.69479913473373,51.81096818020957,51.3105505610042,51.65011978149414,20089000,0.0,0.0
2016-10-10 00:00:00-04:00,51.74842444233822,52.17735243593557,51.7126795906676,51.864593505859375,18196500,0.0,0.0
2016-10-11 00:00:00-04:00,51.73055518175473,51.84672425238396,50.8369542882124,51.10503387451172,26497400,0.0,0.0
2016-10-12 00:00:00-04:00,51.033538818359375,51.17651480043908,50.39908311093171,51.033538818359375,22177500,0.0,0.0
2016-10-13 00:00:00-04:00,50.66716442074576,51.203323520065574,50.32759517314113,50.86375427246094,25313700,0.0,0.0
2016-10-14 00:00:00-04:00,51.042482545071664,51.59651755841346,51.042482545071664,51.31056213378906,27402500,0.0,0.0
2016-10-17 00:00:00-04:00,51.25693567289159,51.346294377579035,50.819069838764506,51.131832122802734,23830000,0.0,0.0
2016-10-18 00:00:00-04:00,51.40884773793907,51.784161808595435,51.30161660724419,51.52501678466797,19149500,0.0,0.0
2016-10-19 00:00:00-04:00,51.355226326386706,51.685857585893594,51.29267455861015,51.40884017944336,22878400,0.0,0.0
2016-10-20 00:00:00-04:00,51.38203050371861,51.399902923386456,50.63140592174645,51.15863037109375,49455600,0.0,0.0
2016-10-21 00:00:00-04:00,53.8662491928354,54.018163084667,53.16030722938689,53.312217712402344,80032200,0.0,0.0
2016-10-24 00:00:00-04:00,53.56241807384372,54.50963592529297,53.553483567833254,54.50963592529297,54067000,0.0,0.0
2016-10-25 00:00:00-04:00,54.375598763267405,54.84027151523301,54.33091941205871,54.50070571899414,35137200,0.0,0.0
2016-10-26 00:00:00-04:00,54.339856873948015,54.688360582808826,54.0360325159229,54.17900848388672,29911600,0.0,0.0
2016-10-27 00:00:00-04:00,54.161132960220584,54.3577261832188,53.69646023874393,53.70539474487305,28479900,0.0,0.0
2016-10-28 00:00:00-04:00,53.6249623758232,54.08070052166372,53.240717312190654,53.49985885620117,33574700,0.0,0.0
2016-10-31 00:00:00-04:00,53.7590213453848,53.99135604206896,53.5445556640625,53.5445556640625,26434700,0.0,0.0
2016-11-01 00:00:00-04:00,53.589242250563295,53.63392160978692,52.94584856952997,53.43732833862305,24533000,0.0,0.0
2016-11-02 00:00:00-04:00,53.45518933822385,53.55348595279524,52.990516602223735,53.106685638427734,22147000,0.0,0.0
2016-11-03 00:00:00-04:00,53.1960471584963,53.29434377827987,52.82073651075835,52.91009521484375,21600400,0.0,0.0
2016-11-04 00:00:00-04:00,52.40967350227907,52.972639393156314,52.293504476573915,52.463287353515625,28697000,0.0,0.0
2016-11-07 00:00:00-05:00,53.41944818481567,54.08071419563439,53.41944818481567,53.99135208129883,31664800,0.0,0.0
2016-11-08 00:00:00-05:00,54.1075160916755,54.31304382230201,53.75007789403557,54.03602981567383,22935400,0.0,0.0
2016-11-09 00:00:00-05:00,53.616045287945305,54.14326986962942,52.9011653658693,53.7679557800293,49632500,0.0,0.0
2016-11-10 00:00:00-05:00,54.04497302290815,54.0539109393572,51.49821224554343,52.45436477661133,57822400,0.0,0.0
2016-11-11 00:00:00-05:00,52.034372865982405,52.829677012565355,51.83777960410656,52.740318298339844,38767800,0.0,0.0
2016-11-14 00:00:00-05:00,52.74032306865554,52.79394034733035,51.18545607525364,51.93608093261719,41328400,0.0,0.0
2016-11-15 00:00:00-05:00,52.47584927828171,53.5194284870041,52.46685098277658,52.96165084838867,35904100,0.39,0.0
2016-11-16 00:00:00-05:00,53.02463064977657,53.67237071907937,52.90768025092044,53.66337585449219,27332500,0.0,0.0
2016-11-17 00:00:00-05:00,54.347099905176044,54.8329049669072,53.95126065034582,54.55401611328125,32132700,0.0,0.0
2016-11-18 00:00:00-05:00,54.679969576363156,55.003839645741984,54.248143961139704,54.29312515258789,27686300,0.0,0.0
2016-11-21 00:00:00-05:00,54.428067822634006,54.85089853861996,54.35609517657484,54.75193786621094,19652600,0.0,0.0
2016-11-22 00:00:00-05:00,54.859894956123725,55.11179236077081,54.7069582266865,54.985843658447266,23206700,0.0,0.0
2016-11-23 00:00:00-05:00,54.88687636561648,54.96784386904017,54.20315345036202,54.33810043334961,21848900,0.0,0.0
2016-11-25 00:00:00-05:00,54.24813522928705,54.45505142211914,54.09519851661113,54.45505142211914,8409600,0.0,0.0
2016-11-28 00:00:00-05:00,54.28412460352457,54.89587835233548,54.16717077252833,54.52702713012695,20732600,0.0,0.0
2016-11-29 00:00:00-05:00,54.5630192004062,55.246742233659525,54.44606535708901,54.958858489990234,22366700,0.0,0.0
2016-11-30 00:00:00-05:00,54.75192739097318,55.039811056442105,54.17616006003532,54.21214294433594,34655400,0.0,0.0
2016-12-01 00:00:00-05:00,54.07720335470178,54.113189673473734,53.024625837609754,53.2585334777832,34542100,0.0,0.0
2016-12-02 00:00:00-05:00,53.15057587221595,53.501433886894134,52.89867508251963,53.30351257324219,25515700,0.0,0.0
2016-12-05 00:00:00-05:00,53.708358445926706,54.509035257066174,53.58240974734449,54.176170349121094,23552700,0.0,0.0
2016-12-06 00:00:00-05:00,54.36509509443056,54.3920831215852,53.79832250126967,53.93326950073242,19907000,0.0,0.0
2016-12-07 00:00:00-05:00,53.98724307138704,55.21974887636808,53.7983200263063,55.210750579833984,30809000,0.0,0.0
2016-12-08 00:00:00-05:00,55.14777464977747,55.399675467838264,54.73394224903797,54.886878967285156,21220800,0.0,0.0
2016-12-09 00:00:00-05:00,55.03981588007547,55.76852340256913,54.9948346968746,55.75053024291992,27349400,0.0,0.0
2016-12-12 00:00:00-05:00,55.61558633718386,56.04741189711327,55.52562396580692,55.930458068847656,20198100,0.0,0.0
2016-12-13 00:00:00-05:00,56.227346449197015,57.055011341643656,55.9934421979801,56.65917205810547,35718900,0.0,0.0
2016-12-14 00:00:00-05:00,56.67715063294883,57.08198810955298,56.254319998290725,56.38926696777344,30352700,0.0,0.0
2016-12-15 00:00:00-05:00,56.40727576736273,56.81211335622689,56.0474193701846,56.299320220947266,27669900,0.0,0.0
2016-12-16 00:00:00-05:00,56.63219015546544,56.63219015546544,55.885489266569714,56.04742431640625,42453100,0.0,0.0
2016-12-19 00:00:00-05:00,56.281329726294544,57.36989040319368,56.155377579019145,57.23494338989258,34338200,0.0,0.0
2016-12-20 00:00:00-05:00,57.29791507173602,57.39687575262258,56.70415441826163,57.16297149658203,26028400,0.0,0.0
2016-12-21 00:00:00-05:00,57.064010815695475,57.30691336918658,56.785121936092,57.16297149658203,17096300,0.0,0.0
2016-12-22 00:00:00-05:00,57.432854605941074,57.6667588315475,57.046010230179114,57.171958923339844,22176600,0.0,0.0
2016-12-23 00:00:00-05:00,57.082000904489526,57.16296841795923,56.49723514811445,56.8930778503418,12403800,0.0,0.0
2016-12-27 00:00:00-05:00,56.86607610556463,57.639764776145505,56.86607610556463,56.92905044555664,11763200,0.0,0.0
2016-12-28 00:00:00-05:00,57.03701066954044,57.03701066954044,56.524217642839126,56.66815948486328,14653300,0.0,0.0
2016-12-29 00:00:00-05:00,56.551213841125445,56.857090728626574,56.434260005122006,56.58720016479492,10250600,0.0,0.0
2016-12-30 00:00:00-05:00,56.64117923031549,56.66817069042521,55.80451603565701,55.90347671508789,25579900,0.0,0.0
2017-01-03 00:00:00-05:00,56.48824328513556,56.53322447682159,55.89448263208311,56.299320220947266,20694100,0.0,0.0
2017-01-04 00:00:00-05:00,56.209359366242786,56.452261940997595,55.885489266569714,56.04742431640625,21340000,0.0,0.0
2017-01-05 00:00:00-05:00,55.94846362685667,56.37129441607932,55.80452174165144,56.04742431640625,24876000,0.0,0.0
2017-01-06 00:00:00-05:00,56.047409547594576,56.812103399620426,55.81350533271314,56.5332145690918,19922900,0.0,0.0
2017-01-09 00:00:00-05:00,56.46124227131327,56.74912939945177,56.26332437501378,56.35328674316406,20382700,0.0,0.0
2017-01-10 00:00:00-05:00,56.43425347888669,56.74013033101525,56.029415964033554,56.33529281616211,18593000,0.0,0.0
2017-01-11 00:00:00-05:00,56.32629561228267,56.8840698141067,56.164360613068574,56.84808349609375,21517300,0.0,0.0
2017-01-12 00:00:00-05:00,56.73114295771126,57.03701985022711,55.73254476650233,56.3263053894043,20968200,0.0,0.0
2017-01-13 00:00:00-05:00,56.33529588123824,56.56020524263298,56.09239335911058,56.40726852416992,19422300,0.0,0.0
2017-01-17 00:00:00-05:00,56.38927667410774,56.40726983525888,55.804510948151744,56.254329681396484,20664000,0.0,0.0
2017-01-18 00:00:00-05:00,56.3802735925829,56.407265047941124,55.885473714376566,56.22733688354492,19670100,0.0,0.0
2017-01-19 00:00:00-05:00,55.99344825435757,56.65917818648978,55.95746192509495,56.04742431640625,18451700,0.0,0.0
2017-01-20 00:00:00-05:00,56.38027859797639,56.5152255912151,56.11038804334358,56.44325637817383,30213500,0.0,0.0
2017-01-23 00:00:00-05:00,56.40727768198708,56.78512382318885,56.2903238341577,56.64118194580078,23097600,0.0,0.0
2017-01-24 00:00:00-05:00,56.85708244178057,57.34288744497891,56.623174803865425,57.14496612548828,24672900,0.0,0.0
2017-01-25 00:00:00-05:00,57.531820083697106,57.66676365257459,57.082001323749274,57.288917541503906,23672700,0.0,0.0
2017-01-26 00:00:00-05:00,57.68475820149169,58.062604299166274,57.17196167603456,57.819698333740234,43554600,0.0,0.0
2017-01-27 00:00:00-05:00,58.827284537537665,59.295099793422764,58.37746587194176,59.17814254760742,44818000,0.0,0.0
2017-01-30 00:00:00-05:00,59.09720081097758,59.18716320534949,58.296523832793326,58.59339904785156,31651400,0.0,0.0
2017-01-31 00:00:00-05:00,58.35048309147128,58.611378764594185,57.810702017008516,58.16156005859375,25270500,0.0,0.0
2017-02-01 00:00:00-05:00,57.90067170780073,58.13457938633462,57.099994858958546,57.19895553588867,39671500,0.0,0.0
2017-02-02 00:00:00-05:00,56.90206984320187,57.04601170078836,56.452251109263514,56.83009719848633,45827000,0.0,0.0
2017-02-03 00:00:00-05:00,57.1269825133751,57.30691070372319,56.74013810527238,57.288917541503906,30301800,0.0,0.0
2017-02-06 00:00:00-05:00,57.12697718086916,57.26192416899483,56.80310715484314,57.252925872802734,19796400,0.0,0.0
2017-02-07 00:00:00-05:00,57.34289183208316,57.37887472141639,56.88407481667861,57.064002990722656,20277200,0.0,0.0
2017-02-08 00:00:00-05:00,57.18995607083754,57.405870582625106,56.87508431598562,56.98303985595703,18096400,0.0,0.0
2017-02-09 00:00:00-05:00,57.144981380018535,57.97264976550277,56.96505317170934,57.63078308105469,22644400,0.0,0.0
2017-02-10 00:00:00-05:00,57.80171450972557,57.84669913419748,57.558811951326334,57.576805114746094,18170700,0.0,0.0
2017-02-13 00:00:00-05:00,57.792707899479865,58.35048558972943,57.6937472308277,58.22453689575195,22920100,0.0,0.0
2017-02-14 00:00:00-05:00,58.296946154581136,58.577522306636574,57.94395412079196,58.44175720214844,23108400,0.39,0.0
2017-02-15 00:00:00-05:00,58.378404083860204,58.44176021518106,58.070676276101885,58.405555725097656,17005200,0.0,0.0
2017-02-16 00:00:00-05:00,58.59562852095074,59.04817432303936,58.32410518287812,58.396507263183594,20546300,0.0,0.0
2017-02-17 00:00:00-05:00,58.35125347132394,58.55037471764287,58.19738956473225,58.48701858520508,21248800,0.0,0.0
2017-02-21 00:00:00-05:00,58.47795625851681,58.78568402182592,58.33313831910117,58.36934280395508,20655900,0.0,0.0
2017-02-22 00:00:00-05:00,58.22453445762244,58.278837734760366,57.9711099572458,58.251686096191406,19292700,0.0,0.0
2017-02-23 00:00:00-05:00,58.30599613159672,58.58657920836453,58.097828941572786,58.48701858520508,20273100,0.0,0.0
2017-02-24 00:00:00-05:00,58.405556754756184,58.64993534080232,58.052571601845564,58.48701858520508,21796800,0.0,0.0
2017-02-27 00:00:00-05:00,58.41460170726943,58.41460170726943,57.971108840156326,58.13402557373047,15871500,0.0,0.0
2017-02-28 00:00:00-05:00,57.99826803177678,58.106874598104504,57.70863556008509,57.90775680541992,23239800,0.0,0.0
2017-03-01 00:00:00-05:00,58.043520598942244,58.82189991096355,57.94395997261621,58.776649475097656,26937500,0.0,0.0
2017-03-02 00:00:00-05:00,58.55038774798374,58.604691043501134,57.817262184639624,57.9349250793457,24539600,0.0,0.0
2017-03-03 00:00:00-05:00,57.916807851052916,58.179281767689645,57.58192150293512,58.152130126953125,18135900,0.0,0.0
2017-03-06 00:00:00-05:00,57.89870754372739,58.4327082435483,57.75389303386997,58.170230865478516,18750300,0.0,0.0
2017-03-07 00:00:00-05:00,58.09782301003126,58.63182365673049,58.09782301003126,58.28789138793945,18521000,0.0,0.0
2017-03-08 00:00:00-05:00,58.161182660686656,58.90335742643397,58.15212981205674,58.821895599365234,21510900,0.0,0.0
2017-03-09 00:00:00-05:00,59.002923490331284,59.01196943449572,58.360309284310986,58.58658218383789,19846800,0.0,0.0
2017-03-10 00:00:00-05:00,58.930506310307926,59.06627141220469,58.60467282787567,58.7675895690918,19538200,0.0,0.0
2017-03-13 00:00:00-04:00,58.83999254794893,59.00290927256274,58.44175013104868,58.56846237182617,20100000,0.0,0.0
2017-03-14 00:00:00-04:00,58.40556168467435,58.42366738421373,58.061629351738524,58.29695510864258,14280200,0.0,0.0
2017-03-15 00:00:00-04:00,58.42366355594021,58.758543017163014,58.15213332305083,58.604679107666016,24833800,0.0,0.0
2017-03-16 00:00:00-04:00,58.6046837713901,58.61373662128701,58.19739529494494,58.505123138427734,20674300,0.0,0.0
2017-03-17 00:00:00-04:00,58.749499475796,59.04817445782756,58.54132536802763,58.713294982910156,49219700,0.0,0.0
2017-03-20 00:00:00-04:00,58.74949077797886,58.99386243715309,58.5775211885563,58.7675895690918,14598100,0.0,0.0
2017-03-21 00:00:00-04:00,59.002917550387565,59.28349370785846,58.04351585737381,58.11592483520508,26640500,0.0,0.0
2017-03-22 00:00:00-04:00,58.03447119236731,58.957661511499104,58.03447119236731,58.85810089111328,20680000,0.0,0.0
2017-03-23 00:00:00-04:00,58.776651119135146,59.04817445782756,58.622780298045065,58.713294982910156,19269200,0.0,0.0
2017-03-24 00:00:00-04:00,59.15679859738312,59.2382535420799,58.61374491683133,58.8128662109375,22617100,0.0,0.0
2017-03-27 00:00:00-04:00,58.49606127262711,59.03006884941964,58.24263675698326,58.92145538330078,18614700,0.0,0.0
2017-03-28 00:00:00-04:00,58.79475907564168,59.256357800246654,58.5141828436769,59.093441009521484,20080400,0.0,0.0
2017-03-29 00:00:00-04:00,58.93956697998635,59.28349929917248,58.78569616125756,59.25634765625,13618400,0.0,0.0
2017-03-30 00:00:00-04:00,59.21108297536702,59.71793889986551,59.1567796962529,59.47356033325195,15122800,0.0,0.0
2017-03-31 00:00:00-04:00,59.419264631891174,59.90801492214873,59.238242169591594,59.60933303833008,21040300,0.0,0.0
2017-04-03 00:00:00-04:00,59.564061768972195,59.68172806827903,59.00290953030606,59.32874298095703,20400900,0.0,0.0
2017-04-04 00:00:00-04:00,59.183930198375485,59.56406695546865,59.084369585046346,59.49166488647461,12997400,0.0,0.0
2017-04-05 00:00:00-04:00,60.00755249399656,60.052802913209696,59.2291734684292,59.3377799987793,21448600,0.0,0.0
2017-04-06 00:00:00-04:00,59.37399857692207,59.79033982116218,59.26539202078108,59.49166488647461,18103500,0.0,0.0
2017-04-07 00:00:00-04:00,59.600275033482305,59.69983565280989,59.229191102143346,59.4464111328125,14108500,0.0,0.0
2017-04-10 00:00:00-04:00,59.38305121647123,59.57311959435026,59.156778351572406,59.31064224243164,17952700,0.0,0.0
2017-04-11 00:00:00-04:00,59.374014146877315,59.38306699736299,58.69519537178656,59.26540756225586,18791500,0.0,0.0
2017-04-12 00:00:00-04:00,59.21107092700402,59.292532734399224,58.93049483493978,59.03910827636719,17108500,0.0,0.0
2017-04-13 00:00:00-04:00,59.0934288437976,59.6093307573335,58.78569412231445,58.78569412231445,17896500,0.0,0.0
2017-04-17 00:00:00-04:00,58.867165004506084,59.27445350743987,58.840013358350724,59.26540756225586,16689300,0.0,0.0
2017-04-18 00:00:00-04:00,59.12963378837593,59.473566098270844,58.97576987910458,59.183937072753906,15155600,0.0,0.0
2017-04-19 00:00:00-04:00,59.419278798580876,59.50978659865901,58.73140708844247,58.86717224121094,26992800,0.0,0.0
2017-04-20 00:00:00-04:00,59.24729617821845,59.50977357471262,58.957667138173335,59.28350067138672,22299500,0.0,0.0
2017-04-21 00:00:00-04:00,59.437371136652004,60.36961449621277,59.23824985493965,60.09809112548828,32522600,0.0,0.0
2017-04-24 00:00:00-04:00,61.07557629023692,61.23849303333308,60.731637107422806,61.120826721191406,29770000,0.0,0.0
2017-04-25 00:00:00-04:00,61.45571331187425,61.58242556755501,61.184183103815435,61.473812103271484,30242700,0.0,0.0
2017-04-26 00:00:00-04:00,61.618622085512186,61.82678923350493,61.202280884227534,61.39234924316406,26190800,0.0,0.0
2017-04-27 00:00:00-04:00,61.6819818275924,61.890148987810306,61.16607999295297,61.79058837890625,34971000,0.0,0.0
2017-04-28 00:00:00-04:00,62.369854034839584,62.57802119770299,61.26564138045224,61.96255874633789,39548800,0.0,0.0
2017-05-01 00:00:00-04:00,62.16168690981248,62.94911903129477,61.99877015727478,62.82240676879883,31954400,0.0,0.0
2017-05-02 00:00:00-04:00,63.09392709120361,63.09392709120361,62.56897236846742,62.722843170166016,23906100,0.0,0.0
2017-05-03 00:00:00-04:00,62.79525840779084,62.79525840779084,62.18884863815662,62.52373504638672,28928000,0.0,0.0
2017-05-04 00:00:00-04:00,62.478452401524926,62.52370972941755,62.125467340918476,62.27933120727539,21749400,0.0,0.0
2017-05-05 00:00:00-04:00,62.36080905972504,62.47846847509736,61.98971821037307,62.451316833496094,19128800,0.0,0.0
2017-05-08 00:00:00-04:00,62.42416625998576,62.496575242361736,61.92636313777669,62.39701461791992,18566100,0.0,0.0
2017-05-09 00:00:00-04:00,62.32460156349559,62.70473833818187,62.1616848164443,62.487518310546875,22858400,0.0,0.0
2017-05-10 00:00:00-04:00,62.44226261916544,62.958164514210274,62.378906488381,62.73189163208008,17977800,0.0,0.0
2017-05-11 00:00:00-04:00,61.87205098399295,62.206937300498836,61.65483097330516,61.96255874633789,28789400,0.0,0.0
2017-05-12 00:00:00-04:00,62.098310742999175,62.098310742999175,61.58240901063177,61.89013671875,18714100,0.0,0.0
2017-05-15 00:00:00-04:00,61.672951183711845,61.9806859689257,61.157049163334584,61.935428619384766,31530300,0.0,0.0
2017-05-16 00:00:00-04:00,62.10835392115166,63.209790938376436,62.044634653870204,63.1824836730957,34956000,0.39,0.0
2017-05-17 00:00:00-04:00,62.709141779757196,62.90029960351229,61.38013480635506,61.42565155029297,30548800,0.0,0.0
2017-05-18 00:00:00-04:00,61.35283680036465,62.017336914945076,61.11616219694095,61.6350212097168,25201300,0.0,0.0
2017-05-19 00:00:00-04:00,61.44386976649928,61.990036108780686,61.38015047564782,61.616825103759766,26961100,0.0,0.0
2017-05-22 00:00:00-04:00,61.79885487467744,62.35412574714012,61.44384653915267,62.30860900878906,16237600,0.0,0.0
2017-05-23 00:00:00-04:00,62.55440593898362,62.58171321174958,62.24490730958003,62.51799392700195,15425800,0.0,0.0
2017-05-24 00:00:00-04:00,62.6909556919282,62.70005348719794,62.30863299926093,62.59992218017578,14593900,0.0,0.0
2017-05-25 00:00:00-04:00,62.781966642362335,63.6103172231861,62.72735210480125,63.37364959716797,21854100,0.0,0.0
2017-05-26 00:00:00-04:00,63.53751775238466,63.91983351096054,63.28263363511865,63.68315887451172,19827900,0.0,0.0
2017-05-30 00:00:00-04:00,63.52841285534324,64.09278869628906,63.510203374570956,64.09278869628906,17072800,0.0,0.0
2017-05-31 00:00:00-04:00,64.2020394373484,64.39319738058485,63.54663680631801,63.573944091796875,30436400,0.0,0.0
2017-06-01 00:00:00-04:00,63.938015938691265,64.2748217790645,63.2188944599786,63.810577392578125,21603600,0.0,0.0
2017-06-02 00:00:00-04:00,64.12007918823576,65.41267418943073,63.938019152579976,65.32164764404297,34770300,0.0,0.0
2017-06-05 00:00:00-04:00,65.51280616241432,66.35026150060533,65.3671581323566,65.79499053955078,33316800,0.0,0.0
2017-06-06 00:00:00-04:00,65.8132102262703,66.1044993866972,65.7858960077366,66.01346588134766,31511100,0.0,0.0
2017-06-07 00:00:00-04:00,66.12270385242684,66.24103769000408,65.49460876055025,65.89513397216797,22301800,0.0,0.0
2017-06-08 00:00:00-04:00,66.00437493979636,66.0134727353708,65.0849906103834,65.49461364746094,24588300,0.0,0.0
2017-06-09 00:00:00-04:00,65.57655417193507,65.61296619540356,62.43608486039103,64.01087188720703,49187400,0.0,0.0
2017-06-12 00:00:00-04:00,63.03685155885436,63.6649465981926,62.017336080416804,63.5192985534668,47761700,0.0,0.0
2017-06-13 00:00:00-04:00,63.73775312047167,64.46597933374174,63.68313858518437,64.31123352050781,25258600,0.0,0.0
2017-06-14 00:00:00-04:00,64.54792110099987,64.72086947925366,63.20070441817786,63.965335845947266,25510700,0.0,0.0
2017-06-15 00:00:00-04:00,63.05505949491689,63.910724468796616,62.62723395285864,63.6285400390625,26068700,0.0,0.0
2017-06-16 00:00:00-04:00,63.47377873083959,63.74685835428203,63.00953434264354,63.71955108642578,48345100,0.0,0.0
2017-06-19 00:00:00-04:00,64.17469165114754,64.57521677175744,64.03814836504144,64.5114974975586,23798300,0.0,0.0
2017-06-20 00:00:00-04:00,64.46599262384525,64.51150937588818,63.601229894080205,63.63764190673828,21512200,0.0,0.0
2017-06-21 00:00:00-04:00,63.9107212996441,64.28393921906579,63.66494889639858,63.965335845947266,19891100,0.0,0.0
2017-06-22 00:00:00-04:00,64.21110727472929,64.2566170760753,63.45557373460506,63.95623016357422,22965700,0.0,0.0
2017-06-23 00:00:00-04:00,63.80149867473023,64.85742642444741,63.646752797752534,64.82101440429688,27617300,0.0,0.0
2017-06-26 00:00:00-04:00,64.99397993277812,65.27616445199203,64.12011214708785,64.20203399658203,19607000,0.0,0.0
2017-06-27 00:00:00-04:00,63.81968383980834,63.883403114571905,62.97312379230379,63.000431060791016,25215100,0.0,0.0
2017-06-28 00:00:00-04:00,63.00045654824969,63.57393025312624,62.61814074499865,63.53752517700195,25806200,0.0,0.0
2017-06-29 00:00:00-04:00,63.15519527427369,63.25532658447924,61.980933773130324,62.34504699707031,28918700,0.0,0.0
2017-06-30 00:00:00-04:00,62.609031618179635,63.1551980052662,62.57261959972288,62.745574951171875,24161100,0.0,0.0
2017-07-03 00:00:00-04:00,63.10965331333011,63.35542562098424,61.9171829387574,62.05372619628906,16165500,0.0,0.0
2017-07-05 00:00:00-04:00,62.13567790139416,63.20980794228721,62.09926588959833,62.88210678100586,21176300,0.0,0.0
2017-07-06 00:00:00-04:00,62.144763930059,62.60900831146087,62.00822759277594,62.417850494384766,21117600,0.0,0.0
2017-07-07 00:00:00-04:00,62.53620527891194,63.573923459636156,62.53620527891194,63.22801971435547,16878300,0.0,0.0
2017-07-10 00:00:00-04:00,63.22801716600997,63.94713884908659,62.991342536734685,63.70136642456055,15014500,0.0,0.0
2017-07-11 00:00:00-04:00,63.71956158722369,64.33855189186625,63.49199172441217,63.71045684814453,17460000,0.0,0.0
2017-07-12 00:00:00-04:00,64.34765262195872,64.88471413119096,64.22021406231443,64.7663803100586,17750900,0.0,0.0
2017-07-13 00:00:00-04:00,65.08498473004836,65.57653649705969,64.91202940141063,65.33075714111328,20269800,0.0,0.0
2017-07-14 00:00:00-04:00,65.75857044662735,66.69615695398109,65.50369337024529,66.2501220703125,25868100,0.0,0.0
2017-07-17 00:00:00-04:00,66.26837037144678,66.86004666905329,66.19554632270386,66.7690200805664,21803900,0.0,0.0
2017-07-18 00:00:00-04:00,66.53232305402317,66.8054096726689,66.14090954944879,66.7234878540039,26435300,0.0,0.0
2017-07-19 00:00:00-04:00,66.90553707486991,67.3970887928873,66.86002032611836,67.23323822021484,22416200,0.0,0.0
2017-07-20 00:00:00-04:00,67.52455446705449,67.63379054098867,66.70530127475702,67.56096649169922,42361000,0.0,0.0
2017-07-21 00:00:00-04:00,66.8600265051087,67.62466489653924,66.605149356259,67.16952514648438,46717100,0.0,0.0
2017-07-24 00:00:00-04:00,66.93285511028446,67.13311772518816,66.5687418963579,66.99657440185547,21394800,0.0,0.0
2017-07-25 00:00:00-04:00,67.17864473137429,67.64288237870414,66.90555804304135,67.53365325927734,22018700,0.0,0.0
2017-07-26 00:00:00-04:00,67.67015620682726,67.70656821026412,67.18770931482806,67.40618133544922,16252200,0.0,0.0
2017-07-27 00:00:00-04:00,67.14220502493954,67.74298576871368,65.83140057324307,66.59603881835938,36844200,0.0,0.0
2017-07-28 00:00:00-04:00,66.15000289582376,66.73258116120566,66.03166907297081,66.48680877685547,18306700,0.0,0.0
2017-07-31 00:00:00-04:00,66.7234879967608,66.85092656709982,65.91333982322797,66.17731475830078,23600100,0.0,0.0
2017-08-01 00:00:00-04:00,66.54145003129108,66.83273928091688,65.98617881405384,66.06810760498047,22132300,0.0,0.0
2017-08-02 00:00:00-04:00,66.04077630520003,66.04987409930712,65.0303655688343,65.77679443359375,26499200,0.0,0.0
2017-08-03 00:00:00-04:00,65.71307827256693,65.94064814391409,65.40357963619651,65.67666625976562,18214400,0.0,0.0
2017-08-04 00:00:00-04:00,65.9042034868911,66.4867815133819,65.75855550782947,66.1590805053711,22579000,0.0,0.0
2017-08-07 00:00:00-04:00,66.26832600672812,66.35935253427539,65.7767744241182,65.90421295166016,18705700,0.0,0.0
2017-08-08 00:00:00-04:00,65.62206966589359,66.56876152326933,65.31257785697973,66.25926971435547,22044600,0.0,0.0
2017-08-09 00:00:00-04:00,65.76768633535141,66.0043609227857,65.58563323417467,65.96794891357422,22213400,0.0,0.0
2017-08-10 00:00:00-04:00,65.44909437677133,65.71307625280602,64.94843789724325,65.00305938720703,24734500,0.0,0.0
2017-08-11 00:00:00-04:00,65.18510643053992,66.17730761317793,64.8847125707965,65.99525451660156,21443700,0.0,0.0
2017-08-14 00:00:00-04:00,66.50500273327205,67.10579039846944,66.40487145573915,66.9874496459961,20096600,0.0,0.0
2017-08-15 00:00:00-04:00,67.34436119162257,67.34436119162257,66.84104427056573,67.00576782226562,19181400,0.39,0.0
2017-08-16 00:00:00-04:00,67.11555910080654,67.81105911223158,66.95998884276736,67.39925384521484,18150400,0.0,0.0
2017-08-17 00:00:00-04:00,67.33520857608055,67.60059688334267,66.25535583496094,66.25535583496094,22977500,0.0,0.0
2017-08-18 00:00:00-04:00,66.13637799734846,66.65800131305792,65.82523744988858,66.33770751953125,18761500,0.0,0.0
2017-08-21 00:00:00-04:00,66.3194295723631,66.32858282140596,65.61477601561246,66.0265884399414,17734800,0.0,0.0
2017-08-22 00:00:00-04:00,66.20959208706162,67.02405646562597,66.20959208706162,66.95085144042969,14343700,0.0,0.0
2017-08-23 00:00:00-04:00,66.76783924200988,66.94171605975373,66.37433332629912,66.54821014404297,13766500,0.0,0.0
2017-08-24 00:00:00-04:00,66.5665118642578,66.6763299078197,65.95337683027475,66.52075958251953,17098300,0.0,0.0
2017-08-25 00:00:00-04:00,66.6763231128409,67.1247345267252,66.32857648315876,66.63971710205078,12794300,0.0,0.0
2017-08-28 00:00:00-04:00,66.85935587006192,66.8868086366606,66.39264487411677,66.64888000488281,14569700,0.0,0.0
2017-08-29 00:00:00-04:00,66.1180981659166,66.95086925882583,65.93507508139396,66.85020446777344,11478400,0.0,0.0
2017-08-30 00:00:00-04:00,66.81359231634555,67.9117446863607,66.64886876265503,67.72872161865234,16897800,0.0,0.0
2017-08-31 00:00:00-04:00,67.74703102584434,68.59810168054773,67.53655516543195,68.42422485351562,27652800,0.0,0.0
2017-09-01 00:00:00-04:00,68.36930402880732,68.39675678864369,67.39011603064587,67.66465759277344,21736200,0.0,0.0
2017-09-05 00:00:00-04:00,67.11561247380637,67.61893662876159,66.7861721873372,67.36270141601562,21556000,0.0,0.0
2017-09-06 00:00:00-04:00,67.48163469984327,67.7561762910291,67.12473482043131,67.17049407958984,16535800,0.0,0.0
2017-09-07 00:00:00-04:00,67.42671904832567,68.26863622809651,67.35350703741994,68.03070068359375,17471200,0.0,0.0
2017-09-08 00:00:00-04:00,68.02155726148095,68.12222203521301,67.57313891235381,67.70126342773438,14703800,0.0,0.0
2017-09-11 00:00:00-04:00,68.00325719898338,68.57979313613951,68.00325719898338,68.41506958007812,17910400,0.0,0.0
2017-09-12 00:00:00-04:00,68.4150622938547,68.85432040864887,68.05816245737874,68.34185028076172,14394900,0.0,0.0
2017-09-13 00:00:00-04:00,68.57063869253163,68.84518027514152,68.2228920721906,68.82687377929688,13380800,0.0,0.0
2017-09-14 00:00:00-04:00,68.63470769581153,69.08311916449678,68.19544249452959,68.42422485351562,15733900,0.0,0.0
2017-09-15 00:00:00-04:00,68.47913019331851,68.99160038955692,67.7836299399358,68.91838836669922,38578400,0.0,0.0
2017-09-18 00:00:00-04:00,68.84517907086372,69.52237278573779,68.67130227279351,68.78112030029297,23307000,0.0,0.0
2017-09-19 00:00:00-04:00,68.82687071408031,69.28443534346408,68.64384765507968,69.037353515625,16093300,0.0,0.0
2017-09-20 00:00:00-04:00,68.95497222754342,69.1380022258925,68.00323718176983,68.57977294921875,21587900,0.0,0.0
2017-09-21 00:00:00-04:00,68.73535319213099,68.8543174719217,67.82022401314576,67.91173553466797,19186100,0.0,0.0
2017-09-22 00:00:00-04:00,67.71039756653681,68.18626859020485,67.58228005598326,68.09475708007812,14111400,0.0,0.0
2017-09-25 00:00:00-04:00,67.80192566075445,67.94834969827652,66.73122606843339,67.04237365722656,24149200,0.0,0.0
2017-09-26 00:00:00-04:00,67.41757303508264,67.54569057697324,66.79528483937868,67.04237365722656,18019600,0.0,0.0
2017-09-27 00:00:00-04:00,67.3077788712076,67.87515470421087,66.96002518580906,67.58231353759766,19565100,0.0,0.0
2017-09-28 00:00:00-04:00,67.29859167311267,67.69209744680145,67.08810891802678,67.6005859375,10883800,0.0,0.0
2017-09-29 00:00:00-04:00,67.66466705038165,68.21374326950016,67.60975454115174,68.16798400878906,17079100,0.0,0.0
2017-10-02 00:00:00-04:00,68.36930541287845,68.64384698056384,67.9941060510493,68.27779388427734,15304800,0.0,0.0
2017-10-03 00:00:00-04:00,68.33270365764002,68.52487997422675,67.89344550026536,67.95750427246094,12190400,0.0,0.0
2017-10-04 00:00:00-04:00,67.80192998971106,68.37846594691132,67.45418335121714,68.35101318359375,13317700,0.0,0.0
2017-10-05 00:00:00-04:00,68.836045117929,69.65966310033012,68.5981094825944,69.52239227294922,21195300,0.0,0.0
2017-10-06 00:00:00-04:00,69.24785601646381,69.57730323510661,69.12889168046469,69.54985046386719,13959800,0.0,0.0
2017-10-09 00:00:00-04:00,69.522382561222,70.05315929594455,69.42171776733036,69.81522369384766,11386500,0.0,0.0
2017-10-10 00:00:00-04:00,69.85182970816128,70.12636434268846,69.6779528856424,69.81522369384766,13944500,0.0,0.0
2017-10-11 00:00:00-04:00,69.87926806477677,69.97077959075008,69.50406173183971,69.93417358398438,15388900,0.0,0.0
2017-10-12 00:00:00-04:00,69.99823975560047,70.73034600460169,69.88842870556813,70.57477569580078,16876500,0.0,0.0
2017-10-13 00:00:00-04:00,71.00487212041418,71.26111416423961,70.73033754628104,70.91336059570312,15335700,0.0,0.0
2017-10-16 00:00:00-04:00,70.84930875384332,71.20620862241107,70.78524998209737,71.0597915649414,12380100,0.0,0.0
2017-10-17 00:00:00-04:00,70.89507937665931,71.03235019008693,70.6937497812166,71.00489044189453,16824000,0.0,0.0
2017-10-18 00:00:00-04:00,71.07808361863893,71.24280715467964,70.80354904649222,71.02317810058594,13300700,0.0,0.0
2017-10-19 00:00:00-04:00,70.98658188923139,71.31602900676953,70.78525231941555,71.2977294921875,15092800,0.0,0.0
2017-10-20 00:00:00-04:00,71.67294165252109,72.26777721968016,71.58143009954675,72.12135314941406,22866400,0.0,0.0
2017-10-23 00:00:00-04:00,72.2860502133678,72.60634402219348,72.0755744169458,72.13963317871094,20627200,0.0,0.0
2017-10-24 00:00:00-04:00,72.20371264304838,72.4782472799513,71.80105346399732,72.16710662841797,17517200,0.0,0.0
2017-10-25 00:00:00-04:00,71.91087460824183,72.38673885518662,71.38925109556533,71.95662689208984,20410800,0.0,0.0
2017-10-26 00:00:00-04:00,72.47823654917401,72.67956610889165,72.06643116384782,72.0755844116211,32120700,0.0,0.0
2017-10-27 00:00:00-04:00,77.20945280561742,78.88413392862303,76.51395266149976,76.69697570800781,71066700,0.0,0.0
2017-10-30 00:00:00-04:00,76.59631820931789,77.17285412612527,76.05639528354588,76.77019500732422,31756700,0.0,0.0
2017-10-31 00:00:00-04:00,77.20028248476432,77.20028248476432,76.05637124237731,76.12042999267578,27086600,0.0,0.0
2017-11-01 00:00:00-04:00,76.57799448963058,76.65120648479459,75.84588850175085,76.12042999267578,22307400,0.0,0.0
2017-11-02 00:00:00-04:00,76.27605392903095,77.29184838573656,76.0655780221518,76.9166488647461,23992900,0.0,0.0
2017-11-03 00:00:00-04:00,76.94406451415273,77.36502310669931,76.32177638128348,76.99897003173828,17633500,0.0,0.0
2017-11-06 00:00:00-05:00,77.05386795752047,77.51143251066935,76.94405693316857,77.30095672607422,19860900,0.0,0.0
2017-11-07 00:00:00-05:00,77.57550745870037,77.69447873575201,76.80680220028576,77.1179428100586,17939700,0.0,0.0
2017-11-08 00:00:00-05:00,76.99897107735192,77.42908292263074,76.71528325679857,77.3833236694336,18034200,0.0,0.0
2017-11-09 00:00:00-05:00,76.97153067910033,77.11794774545723,75.86422499634769,76.9532241821289,21178400,0.0,0.0
2017-11-10 00:00:00-05:00,76.67870294113557,76.96239085673604,76.1662326466614,76.75191497802734,19397800,0.0,0.0
2017-11-13 00:00:00-05:00,76.55971900841546,76.81595409002324,76.37668896306538,76.80680084228516,14196900,0.0,0.0
2017-11-14 00:00:00-05:00,76.41332477110456,76.96240115751392,75.93746043138579,76.9166488647461,18801300,0.0,0.0
2017-11-15 00:00:00-05:00,76.76946527315523,76.97180594436432,76.05208072392053,76.31880187988281,19383100,0.42,0.0
2017-11-16 00:00:00-05:00,76.42917754718351,76.72348938761492,76.28202513544171,76.52114868164062,20962800,0.0,0.0
2017-11-17 00:00:00-05:00,76.44756554846322,76.44756554846322,75.63820283505135,75.78536224365234,22079000,0.0,0.0
2017-11-20 00:00:00-05:00,75.78536073095984,75.9601037540021,75.64740054238682,75.90492248535156,16315000,0.0,0.0
2017-11-21 00:00:00-05:00,76.09805592606476,77.10975217411249,76.09805592606476,76.9993896484375,21237500,0.0,0.0
2017-11-22 00:00:00-05:00,77.1005807809036,77.16496127723605,76.37399688403865,76.4383773803711,20553100,0.0,0.0
2017-11-24 00:00:00-05:00,76.34641597530455,76.7326990025299,76.13487602213903,76.57634735107422,7425600,0.0,0.0
2017-11-27 00:00:00-05:00,76.62230112665671,77.23852231908796,76.61310892722281,77.1373519897461,18265200,0.0,0.0
2017-11-28 00:00:00-05:00,77.32129378799804,78.23181973009254,77.27530472329842,78.06626892089844,21926000,0.0,0.0
2017-11-29 00:00:00-05:00,77.9099207630505,78.10306221280146,76.50274233133176,76.64989471435547,27381100,0.0,0.0
2017-11-30 00:00:00-05:00,76.8062540547387,77.73517146225336,76.64989543656063,77.41326904296875,33054600,0.0,0.0
2017-12-01 00:00:00-05:00,76.88902596835317,78.00189262775271,76.53953291549144,77.49604797363281,29532100,0.0,0.0
2017-12-04 00:00:00-05:00,77.64319038188988,77.65238959753086,74.22181192578176,74.5713119506836,39094900,0.0,0.0
2017-12-05 00:00:00-05:00,74.81045867078649,76.04289432269933,74.47936399121723,75.04039001464844,26152300,0.0,0.0
2017-12-06 00:00:00-05:00,75.00358398637592,76.4659435130987,74.89321444934293,76.13484191894531,26162100,0.0,0.0
2017-12-07 00:00:00-05:00,75.91412261398065,76.15325314258213,75.41747013932223,75.86813354492188,23184500,0.0,0.0
2017-12-08 00:00:00-05:00,76.91663053865621,77.79037385454671,76.64071713649163,77.40409088134766,24489100,0.0,0.0
2017-12-11 00:00:00-05:00,77.5236396414643,78.51694456320362,77.36728803812012,78.38818359375,22857900,0.0,0.0
2017-12-12 00:00:00-05:00,78.46176088372341,79.14236263872172,78.25022800018237,78.71009063720703,23924100,0.0,0.0
2017-12-13 00:00:00-05:00,78.85722738057987,79.09635786911498,78.33298435910194,78.49853515625,22062700,0.0,0.0
2017-12-14 00:00:00-05:00,78.57214300359244,78.9768244342913,77.74438872123031,77.89154815673828,19306000,0.0,0.0
2017-12-15 00:00:00-05:00,78.4157834075802,80.09887542445843,78.0662832921939,79.87814331054688,53936700,0.0,0.0
2017-12-18 00:00:00-05:00,80.12644814051872,80.47594113018381,79.30789341495017,79.44584655761719,22283800,0.0,0.0
2017-12-19 00:00:00-05:00,79.4182717294624,79.4182717294624,78.42496680296928,78.94001770019531,23524800,0.0,0.0
2017-12-20 00:00:00-05:00,79.28028997214088,79.37226808311996,77.90990172527762,78.65487670898438,23674900,0.0,0.0
2017-12-21 00:00:00-05:00,79.14234911864868,79.18833116432774,78.5445263892547,78.6364974975586,17990700,0.0,0.0
2017-12-22 00:00:00-05:00,78.54453584036617,78.75606871322388,78.10306464366201,78.64570617675781,14145800,0.0,0.0
2017-12-26 00:00:00-05:00,78.46174623845859,78.6640868836931,78.20422433250401,78.54452514648438,9891200,0.0,0.0
2017-12-27 00:00:00-05:00,78.77446960894882,79.07798062760841,78.37898746804454,78.82965087890625,14678000,0.0,0.0
2017-12-28 00:00:00-05:00,79.00437982313242,79.03197045074245,78.68247747277393,78.83882904052734,10594300,0.0,0.0
2017-12-29 00:00:00-05:00,78.75607360426734,79.1423635567285,78.636511843355,78.67330169677734,18717400,0.0,0.0
2018-01-02 00:00:00-05:00,79.21590477005142,79.3814555361966,78.63648059701545,79.05035400390625,22483800,0.0,0.0
2018-01-03 00:00:00-05:00,79.15153755373221,79.5654180468372,79.06876566527848,79.41825866699219,26061400,0.0,0.0
2018-01-04 00:00:00-05:00,79.63900275412412,80.62311546742032,79.62061133733707,80.11726379394531,21912000,0.0,0.0
2018-01-05 00:00:00-05:00,80.62309679988165,81.31289054929769,80.41155696260498,81.11054992675781,23407100,0.0,0.0
2018-01-08 00:00:00-05:00,81.11976441199062,81.4692644985637,80.5679306642319,81.19334411621094,22113000,0.0,0.0
2018-01-09 00:00:00-05:00,81.5336351675501,81.60721486291023,80.80705146399727,81.13815307617188,19484300,0.0,0.0
2018-01-10 00:00:00-05:00,80.80705352049134,81.11056450886657,80.39318000321322,80.770263671875,18652200,0.0,0.0
2018-01-11 00:00:00-05:00,81.05538146509458,81.05538146509458,80.23682657708956,81.0093994140625,17808900,0.0,0.0
2018-01-12 00:00:00-05:00,81.55202685617006,82.5729223276381,81.34968620172472,82.4073715209961,24271500,0.0,0.0
2018-01-16 00:00:00-05:00,82.86723228518525,83.50184486629178,80.94501014378406,81.2577133178711,36599700,0.0,0.0
2018-01-17 00:00:00-05:00,81.92910075024031,83.03276789046977,81.62558983074662,82.90400695800781,25621200,0.0,0.0
2018-01-18 00:00:00-05:00,82.59133515396427,83.39149167806295,82.46257417268524,82.86724853515625,24159700,0.0,0.0
2018-01-19 00:00:00-05:00,82.90403716345706,83.33630917290769,82.462572953299,82.77527618408203,36875000,0.0,0.0
2018-01-22 00:00:00-05:00,82.77525407857385,84.26521117808846,82.53612360204664,84.25601196289062,23601600,0.0,0.0
2018-01-23 00:00:00-05:00,84.52276611328125,84.89065767862903,84.19166440616306,84.52276611328125,23412800,0.0,0.0
2018-01-24 00:00:00-05:00,85.12056780989315,85.92992343833319,84.22843326683576,84.44916534423828,33277500,0.0,0.0
2018-01-25 00:00:00-05:00,85.04698147319905,85.75516671568646,84.5503290751013,84.91822052001953,26383200,0.0,0.0
2018-01-26 00:00:00-05:00,85.64480157923133,86.50933837890625,85.14814919629698,86.50933837890625,29172200,0.0,0.0
2018-01-29 00:00:00-05:00,87.50265825507105,87.78777083236298,86.19665010605726,86.3805923461914,31569900,0.0,0.0
2018-01-30 00:00:00-05:00,85.81034649398038,86.14144805991683,84.70667226854391,85.29529571533203,38635100,0.0,0.0
2018-01-31 00:00:00-05:00,86.22422399359006,87.7417717392663,86.00349194491115,87.3830795288086,48756300,0.0,0.0
2018-02-01 00:00:00-05:00,87.18075923993204,88.35800646355781,86.06789250456873,86.69330596923828,47227900,0.0,0.0
2018-02-02 00:00:00-05:00,86.12308916225358,86.42660023983663,84.15487729293318,84.41239929199219,47867800,0.0,0.0
2018-02-05 00:00:00-05:00,83.29030021151993,85.75516368328218,80.93580627441406,80.93580627441406,51031500,0.0,0.0
2018-02-06 00:00:00-05:00,79.91493700091026,84.13648010663182,78.40658795239018,83.99851989746094,67998600,0.0,0.0
2018-02-07 00:00:00-05:00,83.22592818964283,84.40317527775713,82.03948188513654,82.41657257080078,41107600,0.0,0.0
2018-02-08 00:00:00-05:00,82.50854218057977,82.66489377166425,77.95590550500464,78.18583679199219,55628700,0.0,0.0
2018-02-09 00:00:00-05:00,79.37226844364069,81.79114261076133,77.10054662425455,81.10134887695312,63499100,0.0,0.0
2018-02-12 00:00:00-05:00,81.6163902277474,82.57290501929835,80.87141526248767,81.97508239746094,35720300,0.0,0.0
2018-02-13 00:00:00-05:00,81.79117281234417,82.77527862194945,80.75188572908073,82.61892700195312,26407700,0.0,0.0
2018-02-14 00:00:00-05:00,81.78728908941315,84.07891853934308,81.6948859268999,83.91259002685547,34960900,0.42,0.0
2018-02-15 00:00:00-05:00,84.28219993700782,85.67751079358638,83.73701640656893,85.6220703125,27823900,0.0,0.0
2018-02-16 00:00:00-05:00,85.42802478915647,86.39827562415081,84.82740070549366,85.01220703125,30596900,0.0,0.0
2018-02-20 00:00:00-05:00,84.53167591745243,85.99166228502035,84.09737345340172,85.677490234375,30911700,0.0,0.0
2018-02-21 00:00:00-05:00,85.91776474979562,86.26889954702081,84.54093170166016,84.54093170166016,26922500,0.0,0.0
2018-02-22 00:00:00-05:00,85.05838192924575,85.68673308353222,84.42078834698107,84.76268768310547,24392800,0.0,0.0
2018-02-23 00:00:00-05:00,86.4906579916455,86.92496050765173,85.3448435376494,86.91571807861328,26329200,0.0,0.0
2018-02-26 00:00:00-05:00,87.22990096134889,88.20014455480381,87.09129271945304,88.17242431640625,30199800,0.0,0.0
2018-02-27 00:00:00-05:00,88.46811298885646,88.56051612761406,87.04508209228516,87.04508209228516,25869100,0.0,0.0
2018-02-28 00:00:00-05:00,87.63648705863406,88.44040932124332,86.51839265540829,86.64775848388672,31167300,0.0,0.0
2018-03-01 00:00:00-05:00,86.85103397949682,87.38698205782441,84.8643347580464,85.79762268066406,37135600,0.0,0.0
2018-03-02 00:00:00-05:00,84.62411163888821,86.07486318716752,83.95879756962975,85.98246002197266,32830400,0.0,0.0
2018-03-05 00:00:00-05:00,85.3263564611165,87.10976452415015,85.25243818045402,86.52761840820312,23901600,0.0,0.0
2018-03-06 00:00:00-05:00,87.17444927443293,87.31305750971401,85.88079121156342,86.23192596435547,22175800,0.0,0.0
2018-03-07 00:00:00-05:00,86.08408979688717,86.80484422281003,85.40953342011602,86.73091888427734,26716100,0.0,0.0
2018-03-08 00:00:00-05:00,87.10975585991332,87.87671522600101,86.6477331646663,87.25760650634766,25887800,0.0,0.0
2018-03-09 00:00:00-05:00,88.05230989320697,89.20736694335938,87.78433581158257,89.20736694335938,36937300,0.0,0.0
2018-03-12 00:00:00-04:00,89.17040975061411,89.82648134942227,88.74534957603034,89.4198989868164,26073700,0.0,0.0
2018-03-13 00:00:00-04:00,89.63241795148544,89.85418690852516,86.83256107541916,87.23914337158203,35387800,0.0,0.0
2018-03-14 00:00:00-04:00,87.8951983703415,88.16317237435584,86.39824232892211,86.7216567993164,32132000,0.0,0.0
2018-03-15 00:00:00-04:00,86.42598030272626,87.39623096297869,85.77915122916339,87.026611328125,27611000,0.0,0.0
2018-03-16 00:00:00-04:00,87.48865924491005,88.13548850430846,86.78638244191308,87.41473388671875,49081300,0.0,0.0
2018-03-19 00:00:00-04:00,86.62001667364949,86.76786732647221,85.11382516003054,85.83457946777344,33344100,0.0,0.0
2018-03-20 00:00:00-04:00,85.98243242951865,86.64773923536521,85.93622733679399,86.05635070800781,23075200,0.0,0.0
2018-03-21 00:00:00-04:00,85.87154425755914,86.90647770322651,85.20623040319491,85.45572662353516,24457100,0.0,0.0
2018-03-22 00:00:00-04:00,84.337638155909,84.78118314242853,82.84993123736358,82.97005462646484,38604700,0.0,0.0
2018-03-23 00:00:00-04:00,82.7020660624352,83.58914883007692,80.46587781171912,80.55828094482422,44068900,0.0,0.0
2018-03-26 00:00:00-04:00,83.72778210964398,86.86029649366755,83.5337333570834,86.6570053100586,56396800,0.0,0.0
2018-03-27 00:00:00-04:00,87.72888472151247,87.91369100722773,81.78727169195523,82.67435455322266,56569000,0.0,0.0
2018-03-28 00:00:00-04:00,82.99778089477907,84.30068865926589,82.11994033778943,82.6004409790039,52501100,0.0,0.0
2018-03-29 00:00:00-04:00,83.33044007267993,85.28017703008963,81.6856398829961,84.337646484375,45867500,0.0,0.0
2018-04-02 00:00:00-04:00,83.59840963467443,83.97726467865606,80.8632354040657,81.79651641845703,48515400,0.0,0.0
2018-04-03 00:00:00-04:00,82.7760100277572,83.21031260604194,81.21437064198659,82.89613342285156,37213800,0.0,0.0
2018-04-04 00:00:00-04:00,81.17739643686504,85.71446326337075,81.06651548788827,85.31712341308594,35560000,0.0,0.0
2018-04-05 00:00:00-04:00,85.41876692002971,86.00091303782193,84.45775876929586,85.36331939697266,29771900,0.0,0.0
2018-04-06 00:00:00-04:00,84.54093273801065,85.43725812734291,82.68360609713334,83.37664031982422,38026000,0.0,0.0
2018-04-09 00:00:00-04:00,84.12511424676845,86.09332888305069,83.73701677762692,83.87561798095703,31533900,0.0,0.0
2018-04-10 00:00:00-04:00,85.37257514530569,86.194975191566,84.67954092318236,85.82535552978516,26812000,0.0,0.0
2018-04-11 00:00:00-04:00,85.02142836427059,86.20420547538524,84.53168537762852,84.88282012939453,24872100,0.0,0.0
2018-04-12 00:00:00-04:00,85.40951437648303,87.00811597874993,85.40951437648303,86.47216796875,26758900,0.0,0.0
2018-04-13 00:00:00-04:00,86.90651080074659,87.02663421745736,85.41879649035229,86.01018524169922,23346100,0.0,0.0
2018-04-16 00:00:00-04:00,86.92498422426422,87.47017488775838,86.32435307122851,87.01738739013672,20288100,0.0,0.0
2018-04-17 00:00:00-04:00,87.78432757016371,89.2073585683427,87.67343956579238,88.77305603027344,26771000,0.0,0.0
2018-04-18 00:00:00-04:00,88.91169139324553,89.37371431085758,88.26485507864254,89.11498260498047,21043300,0.0,0.0
2018-04-19 00:00:00-04:00,89.11495717737064,89.69710334948749,88.0985014087263,88.81002044677734,23552500,0.0,0.0
2018-04-20 00:00:00-04:00,88.62522486046105,88.81003117713907,86.90649932570095,87.78433990478516,31154400,0.0,0.0
2018-04-23 00:00:00-04:00,88.46812717283359,88.97635509234529,87.44243595338908,88.10774993896484,22331800,0.0,0.0
2018-04-24 00:00:00-04:00,88.93012869169314,89.14266223892555,85.39104011311476,86.04711151123047,34524800,0.0,0.0
2018-04-25 00:00:00-04:00,86.21346292858512,86.21346292858512,83.42284108644495,85.29865264892578,33729300,0.0,0.0
2018-04-26 00:00:00-04:00,86.44445348778581,87.92292477762817,86.02862881101603,87.10052490234375,42529000,0.0,0.0
2018-04-27 00:00:00-04:00,90.18685333906953,90.46406985190922,86.77712971063046,88.54205322265625,48272800,0.0,0.0
2018-04-30 00:00:00-04:00,89.01331331759467,89.07799622685539,86.07484806134876,86.41674041748047,41523600,0.0,0.0
2018-05-01 00:00:00-04:00,86.13029728585327,88.05231399890465,85.74219979088399,87.78433990478516,31408900,0.0,0.0
2018-05-02 00:00:00-04:00,87.77507693449138,87.94140540054416,86.11179932387118,86.4074935913086,27471000,0.0,0.0
2018-05-03 00:00:00-04:00,85.8992813161426,87.71965234364822,85.42801606868831,86.92497253417969,31142500,0.0,0.0
2018-05-04 00:00:00-04:00,86.23193474917386,88.12623104121072,85.86231510073881,87.93218231201172,22531300,0.0,0.0
2018-05-07 00:00:00-04:00,87.94140109849987,89.36443189402466,87.8767182009718,88.91165161132812,24242000,0.0,0.0
2018-05-08 00:00:00-04:00,88.56975380119536,88.85621268084394,87.8397570593606,88.53279113769531,23484600,0.0,0.0
2018-05-09 00:00:00-04:00,88.71761792125012,89.60470083017609,87.83053501232416,89.57698059082031,27327400,0.0,0.0
2018-05-10 00:00:00-04:00,90.05745723091454,90.51023746972221,89.67860231066095,90.47328186035156,22388100,0.0,0.0
2018-05-11 00:00:00-04:00,90.37166893453382,90.43635184914298,89.66939225455651,90.27925872802734,16778300,0.0,0.0
2018-05-14 00:00:00-04:00,90.48253716633529,91.19405617679294,89.91886882554965,90.58418273925781,19454100,0.0,0.0
2018-05-15 00:00:00-04:00,89.85417525987188,90.41784353378472,89.02253296640156,89.9281005859375,24594000,0.0,0.0
2018-05-16 00:00:00-04:00,90.35502317308286,90.39214605339058,89.66826758855363,90.1601333618164,17384700,0.42,0.0
2018-05-17 00:00:00-04:00,89.79818932787296,90.522067754004,88.93510187814786,89.25991821289062,17246700,0.0,0.0
2018-05-18 00:00:00-04:00,89.10215508696385,89.95596008337219,89.10215508696385,89.42697143554688,17865800,0.0,0.0
2018-05-21 00:00:00-04:00,90.02093729458382,90.95827068605804,89.83532994678157,90.57776641845703,19422500,0.0,0.0
2018-05-22 00:00:00-04:00,90.65199662110923,91.1067395014533,90.20652915023577,90.48494720458984,15441200,0.0,0.0
2018-05-23 00:00:00-04:00,89.75178218061032,91.62644855618807,89.3898429747199,91.56148529052734,21251200,0.0,0.0
2018-05-24 00:00:00-04:00,91.62646582504084,91.8213556587539,89.84460276736971,91.23667907714844,26649300,0.0,0.0
2018-05-25 00:00:00-04:00,91.22739264537769,91.85846744612398,90.8190480447579,91.28307342529297,18363900,0.0,0.0
2018-05-29 00:00:00-04:00,90.80047033531291,91.76564384117565,90.23436596444952,90.95824432373047,28671000,0.0,0.0
2018-05-30 00:00:00-04:00,91.23664515227786,92.10901491444515,90.86543060540667,91.83059692382812,22158500,0.0,0.0
2018-05-31 00:00:00-04:00,92.14615796115645,92.79579064088547,91.51508318064889,91.72853088378906,34140900,0.0,0.0
2018-06-01 00:00:00-04:00,92.13688738675268,93.60320943115933,92.03480122666954,93.53824615478516,28655600,0.0,0.0
2018-06-04 00:00:00-04:00,93.97441470374096,94.53124370076992,93.59391052281785,94.35491180419922,27281600,0.0,0.0
2018-06-05 00:00:00-04:00,94.66116201521729,94.96742041516616,94.22497709658661,94.83749389648438,23514400,0.0,0.0
2018-06-06 00:00:00-04:00,95.10664561078335,95.21800717120043,94.56837446721599,95.11592102050781,21122900,0.0,0.0
2018-06-07 00:00:00-04:00,95.26439578032368,95.30151865408624,93.15771694719939,93.62174224853516,28232200,0.0,0.0
2018-06-08 00:00:00-04:00,93.81665413599112,94.61477840882634,93.3062304325045,94.31780242919922,22165100,0.0,0.0
2018-06-11 00:00:00-04:00,93.74239525292857,94.28065923220367,93.42685435980175,93.7795181274414,23490900,0.0,0.0
2018-06-12 00:00:00-04:00,93.82593842050777,94.150754798112,93.50112204290355,94.02082824707031,18325200,0.0,0.0
2018-06-13 00:00:00-04:00,94.4013476434877,94.67048327969584,93.32480509865515,93.59394073486328,29492900,0.0,0.0
2018-06-14 00:00:00-04:00,94.33635669658648,94.68901341969567,93.73312231509927,94.1229019165039,25691800,0.0,0.0
2018-06-15 00:00:00-04:00,94.20643479741581,94.22499269724399,92.8700394348938,92.92572021484375,65738600,0.0,0.0
2018-06-18 00:00:00-04:00,92.81433080761659,93.83518492304673,92.26677734068618,93.6031723022461,23586000,0.0,0.0
2018-06-19 00:00:00-04:00,92.4802320672266,93.73309880345738,92.34102307865356,93.6031723022461,28653100,0.0,0.0
2018-06-20 00:00:00-04:00,94.07650199381979,95.14375463428733,93.84448931885467,94.54052734375,26180800,0.0,0.0
2018-06-21 00:00:00-04:00,94.73543774025813,95.08809453391912,93.6217724099922,93.86306762695312,23198200,0.0,0.0
2018-06-22 00:00:00-04:00,93.18557739257812,93.51966914204806,92.46169187407527,93.18557739257812,38923100,0.0,0.0
2018-06-25 00:00:00-04:00,92.80508312000133,92.90716927787061,90.29934870794767,91.31092071533203,35433300,0.0,0.0
2018-06-26 00:00:00-04:00,91.70998348622273,92.87932952410127,91.64502021081091,91.95127868652344,26897200,0.0,0.0
2018-06-27 00:00:00-04:00,92.41528844651211,92.82362593114098,90.39213768017544,90.52206420898438,31298400,0.0,0.0
2018-06-28 00:00:00-04:00,90.37357462538111,91.979105451934,90.26221307286839,91.53363800048828,26650700,0.0,0.0
2018-06-29 00:00:00-04:00,91.81206691837018,92.72155982759345,91.2552378484521,91.51509094238281,28053200,0.0,0.0
2018-07-02 00:00:00-04:00,91.04177367949184,92.86075223031867,90.94897002413165,92.8143539428711,19564500,0.0,0.0
2018-07-03 00:00:00-04:00,93.2505442778549,93.38974622867329,91.82134524557391,91.92343139648438,14670300,0.0,0.0
2018-07-05 00:00:00-04:00,92.3410488795933,92.7308284921352,91.90486389773987,92.58234405517578,18977400,0.0,0.0
2018-07-06 00:00:00-04:00,92.70299383354514,94.13219291501574,92.49882152469709,93.88162231445312,19234600,0.0,0.0
2018-07-09 00:00:00-04:00,94.33635771384182,94.8931867333479,93.96513600734939,94.52196502685547,18212000,0.0,0.0
2018-07-10 00:00:00-04:00,94.66117622219916,95.13448408584044,94.53124968401768,94.77254486083984,19293100,0.0,0.0
2018-07-11 00:00:00-04:00,93.87234003641167,94.97671567605167,93.82593466412636,94.64262390136719,19644600,0.0,0.0
2018-07-12 00:00:00-04:00,95.37577368200995,96.89778344550548,95.33865788234469,96.69361114501953,24335900,0.0,0.0
2018-07-13 00:00:00-04:00,96.86066689244286,98.00216543904696,96.60080671455381,97.84439849853516,24635200,0.0,0.0
2018-07-16 00:00:00-04:00,97.81654400238126,98.20632359231298,96.99985486485024,97.36180114746094,21786900,0.0,0.0
2018-07-17 00:00:00-04:00,97.08338083693036,98.83739603104411,96.81424529385673,98.32696533203125,25901700,0.0,0.0
2018-07-18 00:00:00-04:00,98.3177030252555,98.41978917866221,97.1854799278105,97.55670166015625,29493900,0.0,0.0
2018-07-19 00:00:00-04:00,97.3803698148374,97.73302656656561,96.41519614222446,96.88850402832031,40171600,0.0,0.0
2018-07-20 00:00:00-04:00,100.3037237656363,100.4150853208148,98.4476223210337,98.62394714355469,56004000,0.0,0.0
2018-07-23 00:00:00-04:00,98.65180928935204,100.35941947380623,98.49403526193512,100.20165252685547,29707000,0.0,0.0
2018-07-24 00:00:00-04:00,100.75847826135995,100.99049096870218,99.54273394063583,99.91395568847656,26316600,0.0,0.0
2018-07-25 00:00:00-04:00,100.19235729888571,103.15284143286216,99.8582584651877,102.85586547851562,30702100,0.0,0.0
2018-07-26 00:00:00-04:00,102.77233771997624,103.01363289667893,101.62155677645353,101.73292541503906,31372100,0.0,0.0
2018-07-27 00:00:00-04:00,102.25262176173544,102.25262176173544,98.50329625449021,99.9324951171875,37005300,0.0,0.0
2018-07-30 00:00:00-04:00,99.47774037152844,99.7932741587997,97.22257725971538,97.78868865966797,34668300,0.0,0.0
2018-07-31 00:00:00-04:00,98.82813664589591,99.04159146460223,97.79799959830964,98.44763946533203,27655200,0.0,0.0
2018-08-01 00:00:00-04:00,98.40119659593802,98.79097611935711,97.83508520601158,98.63320922851562,23628700,0.0,0.0
2018-08-02 00:00:00-04:00,97.81653801707952,100.31298940214222,97.29682484850649,99.83040618896484,26104300,0.0,0.0
2018-08-03 00:00:00-04:00,100.04386375773083,100.27587642221494,99.13437099754871,100.26659393310547,18659600,0.0,0.0
2018-08-06 00:00:00-04:00,100.34084513528494,100.61925609950958,99.82113192389524,100.3501205444336,20265900,0.0,0.0
2018-08-07 00:00:00-04:00,100.74918950260502,101.25033776894207,100.38725026810583,101.0461654663086,16080200,0.0,0.0
2018-08-08 00:00:00-04:00,101.46377449595177,101.85355405132424,100.93478593352793,101.61225891113281,15487500,0.0,0.0
2018-08-09 00:00:00-04:00,101.8164426412747,102.23406970945088,101.7143564966404,101.7793197631836,13677200,0.0,0.0
2018-08-10 00:00:00-04:00,101.54728071875613,101.79785831069249,100.58210738038926,101.15750122070312,18183700,0.0,0.0
2018-08-13 00:00:00-04:00,101.38027634618854,101.69581732784579,100.32229890736458,100.42438507080078,18472500,0.0,0.0
2018-08-14 00:00:00-04:00,100.74918770924316,101.85357037357572,100.26660443198952,101.67723846435547,16788300,0.0,0.0
2018-08-15 00:00:00-04:00,101.07168765776001,101.53749874471697,99.51588033317493,100.29844665527344,29982800,0.42,0.0
2018-08-16 00:00:00-04:00,100.89465904898464,101.41636506145426,99.96303710802526,100.27978515625,21384300,0.0,0.0
2018-08-17 00:00:00-04:00,100.01893424337949,100.52201095495214,99.39474923572344,100.22389221191406,18061500,0.0,0.0
2018-08-20 00:00:00-04:00,100.1586994611514,100.52203153148596,99.19912978269278,99.56246185302734,17914200,0.0,0.0
2018-08-21 00:00:00-04:00,99.60903446581422,100.0096322581083,98.6121990907168,98.73331451416016,22881900,0.0,0.0
2018-08-22 00:00:00-04:00,98.61219432908565,100.00030921817454,98.54698106873147,99.73945617675781,18000600,0.0,0.0
2018-08-23 00:00:00-04:00,99.82331510258793,100.7828847828198,99.56246203701572,100.20527648925781,18167700,0.0,0.0
2018-08-24 00:00:00-04:00,100.30775147338589,101.13689458759158,100.20527247206044,100.98783874511719,17234000,0.0,0.0
2018-08-27 00:00:00-04:00,101.79835976671103,102.14306255675746,101.09033197679238,102.10579681396484,19662300,0.0,0.0
2018-08-28 00:00:00-04:00,102.42252333885475,102.94422937615758,102.28277861951672,102.72064208984375,19151500,0.0,0.0
2018-08-29 00:00:00-04:00,102.89768192301807,104.36964688763311,102.72998962188832,104.3603286743164,20818000,0.0,0.0
2018-08-30 00:00:00-04:00,104.03426711599141,104.90999440785535,103.81999795375738,104.29512023925781,22798700,0.0,0.0
2018-08-31 00:00:00-04:00,104.05288650205883,105.06835129528142,103.89450532511663,104.64912414550781,23222700,0.0,0.0
2018-09-04 00:00:00-04:00,103.27030712057247,104.30440820774379,102.68338776341271,104.07150268554688,22634600,0.0,0.0
2018-09-05 00:00:00-04:00,103.41939321945732,103.80135466536126,100.70836892245364,101.07170104980469,32872400,0.0,0.0
2018-09-06 00:00:00-04:00,100.8481030598335,101.53750149705739,100.1587046226096,101.30459594726562,23477600,0.0,0.0
2018-09-07 00:00:00-04:00,100.82948084700251,101.28597376659603,99.8978585821997,100.81084442138672,22498600,0.0,0.0
2018-09-10 00:00:00-04:00,101.39774869993062,102.14304924321148,100.9505740601323,101.90082550048828,20727900,0.0,0.0
2018-09-11 00:00:00-04:00,101.45365919298715,103.95971808247107,101.44434098080984,103.63365173339844,24301800,0.0,0.0
2018-09-12 00:00:00-04:00,103.81064963792032,104.20192920936016,102.95355902208664,104.07150268554688,18891100,0.0,0.0
2018-09-13 00:00:00-04:00,104.45344809621206,105.95335989668116,104.45344809621206,105.1894302368164,26055600,0.0,0.0
2018-09-14 00:00:00-04:00,105.60868563371923,105.95338838192852,104.75159497665663,105.61800384521484,19122300,0.0,0.0
2018-09-17 00:00:00-04:00,105.91614730821173,105.92545841416279,104.21127670085836,104.47212982177734,20736500,0.0,0.0
2018-09-18 00:00:00-04:00,104.51868928740005,105.92543358948787,104.08082574802609,105.46894073486328,22170900,0.0,0.0
2018-09-19 00:00:00-04:00,105.31989817694219,105.57143305697976,103.44733546479162,104.06220245361328,21728400,0.0,0.0
2018-09-20 00:00:00-04:00,104.60253547354795,106.01860514364628,104.27646913757566,105.80432891845703,23714500,0.0,0.0
2018-09-21 00:00:00-04:00,106.20492742960921,107.40672088239616,105.74843455625566,106.44715118408203,71229700,0.0,0.0
2018-09-24 00:00:00-04:00,105.30124944942493,107.04338541169668,104.5466377897588,106.82910919189453,27334500,0.0,0.0
2018-09-25 00:00:00-04:00,106.95022657866885,107.22970896143369,105.9720204697094,106.62415313720703,22668000,0.0,0.0
2018-09-26 00:00:00-04:00,106.642779751529,107.19243336247436,105.9626925113686,106.18628692626953,19352000,0.0,0.0
2018-09-27 00:00:00-04:00,106.93159446712514,107.05270990148215,106.39125188785934,106.58689880371094,19091300,0.0,0.0
2018-09-28 00:00:00-04:00,106.38192932059425,106.7359431579779,105.90680006190402,106.54962158203125,21647800,0.0,0.0
2018-10-01 00:00:00-04:00,106.90364596428724,107.77005488255469,106.88501664793999,107.70484161376953,18883100,0.0,0.0
2018-10-02 00:00:00-04:00,107.41605091482982,107.91912068743747,106.61485519147116,107.27630615234375,20787200,0.0,0.0
2018-10-03 00:00:00-04:00,107.52782741372722,108.23586224161757,107.07133454798152,107.294921875,16648000,0.0,0.0
2018-10-04 00:00:00-04:00,106.77321933093434,106.91296408040951,103.9969820886142,105.07766723632812,34821700,0.0,0.0
2018-10-05 00:00:00-04:00,104.92861019164064,105.4316870534913,103.07468392668787,104.46279907226562,29068900,0.0,0.0
2018-10-08 00:00:00-04:00,104.02494356070186,104.36963924331741,101.86357312323906,103.27032470703125,29640600,0.0,0.0
2018-10-09 00:00:00-04:00,103.54047357248659,105.34782261529837,103.22372548870547,104.58389282226562,26198600,0.0,0.0
2018-10-10 00:00:00-04:00,103.63361963500536,103.87584332259833,98.55628305111078,98.90098571777344,61376300,0.0,0.0
2018-10-11 00:00:00-04:00,98.14636248161878,101.48157047862567,97.07499591068284,98.66807556152344,63904300,0.0,0.0
2018-10-12 00:00:00-04:00,101.55612897191689,103.63364231266301,99.79536373927236,102.07783508300781,47742100,0.0,0.0
2018-10-15 00:00:00-04:00,101.46296825969172,101.99399258252079,99.6369826540455,100.24253845214844,32068100,0.0,0.0
2018-10-16 00:00:00-04:00,102.04989713165062,103.79203321280478,101.50023633499656,103.41006469726562,31610200,0.0,0.0
2018-10-17 00:00:00-04:00,104.04355955021893,104.16466786809498,102.05920697614819,103.13988494873047,26548200,0.0,0.0
2018-10-18 00:00:00-04:00,102.571595270802,102.97219307171095,100.45681615939797,101.08100128173828,32506200,0.0,0.0
2018-10-19 00:00:00-04:00,101.48160688897953,103.27963802564291,100.81083776537466,101.23007202148438,32785500,0.0,0.0
2018-10-22 00:00:00-04:00,101.8449350593027,102.98151524080322,100.83878141262555,102.13373565673828,26545600,0.0,0.0
2018-10-23 00:00:00-04:00,100.40090651947149,101.51885725877861,97.92279552994174,100.70834350585938,43770400,0.0,0.0
2018-10-24 00:00:00-04:00,100.99714429012741,101.07166864816199,94.64347543563044,95.32356262207031,63897800,0.0,0.0
2018-10-25 00:00:00-04:00,99.26434504065232,101.79835137216658,98.89169475116951,100.89468383789062,61646800,0.0,0.0
2018-10-26 00:00:00-04:00,98.46313676373249,101.3138979629816,97.59672797270609,99.64629364013672,55523100,0.0,0.0
2018-10-29 00:00:00-04:00,100.71766695462088,101.26732058822215,94.6807525499976,96.74895477294922,55162000,0.0,0.0
2018-10-30 00:00:00-04:00,96.57195561799315,97.24271759646787,93.26469413770623,96.63716888427734,65350900,0.0,0.0
2018-10-31 00:00:00-04:00,98.23022839769816,100.74560501717713,98.18364445345479,99.50654602050781,51062400,0.0,0.0
2018-11-01 00:00:00-04:00,99.73013607081273,99.98167087869739,98.31406667707854,98.67739868164062,33384200,0.0,0.0
2018-11-02 00:00:00-04:00,99.19910444569129,99.98166344108395,97.80167157588055,98.90098571777344,37680200,0.0,0.0
2018-11-05 00:00:00-05:00,99.09665790494846,100.3729757948974,98.65879432517694,100.15870666503906,27922100,0.0,0.0
2018-11-06 00:00:00-05:00,100.03758437113291,101.39775186350134,99.01280142293346,100.35433959960938,24340200,0.0,0.0
2018-11-07 00:00:00-05:00,101.95673565881414,104.5652735494874,101.91946991795567,104.3044204711914,37901700,0.0,0.0
2018-11-08 00:00:00-05:00,104.15534096146503,104.53730228002146,103.32619796187662,104.10875701904297,25644100,0.0,0.0
2018-11-09 00:00:00-05:00,103.27031025562287,103.8292821043221,101.32322344264949,102.07783508300781,32039200,0.0,0.0
2018-11-12 00:00:00-05:00,101.93809407385237,102.44117088840322,98.84510881631647,99.56246185302734,33621800,0.0,0.0
2018-11-13 00:00:00-05:00,100.19596801426506,101.3045935720355,99.34818842119805,99.62767791748047,35374600,0.0,0.0
2018-11-14 00:00:00-05:00,101.14340774799876,101.29311464777986,97.74701276641638,98.21483612060547,39495100,0.46,0.0
2018-11-15 00:00:00-05:00,98.23357303400589,100.86274586452976,97.22307973517997,100.37620544433594,38505200,0.0,0.0
2018-11-16 00:00:00-05:00,100.18906568607007,101.87322572082904,99.92708571211327,101.32119750976562,33502100,0.0,0.0
2018-11-19 00:00:00-05:00,101.30247223439075,101.57381065319579,96.88622549424954,97.88736724853516,44773900,0.0,0.0
2018-11-20 00:00:00-05:00,95.24886953659195,96.34357483729086,92.95653005345142,95.16465759277344,64052500,0.0,0.0
2018-11-21 00:00:00-05:00,96.9330133026488,97.70960190994444,95.66053300152458,96.47454833984375,28130600,0.0,0.0
2018-11-23 00:00:00-05:00,95.59505008072324,97.12951055439926,95.43599180759803,96.4371337890625,13823100,0.0,0.0
2018-11-26 00:00:00-05:00,98.04643723862492,99.76802406834275,97.84995225078228,99.61832427978516,32336200,0.0,0.0
2018-11-27 00:00:00-05:00,99.4311782289034,100.42296865046923,98.5797433877001,100.24519348144531,29124500,0.0,0.0
2018-11-28 00:00:00-05:00,100.94693566958638,104.1655630411718,100.91886740690235,103.96907806396484,46788500,0.0,0.0
2018-11-29 00:00:00-05:00,103.2299203489389,103.96908222904433,102.01357656883246,103.09893035888672,28123200,0.0,0.0
2018-11-30 00:00:00-05:00,103.57607770261852,103.82870628685893,102.32231466159986,103.75385284423828,33665600,0.0,0.0
2018-12-03 00:00:00-05:00,105.72808997635425,106.12105992499279,103.6041748495919,104.87664794921875,34732800,0.0,0.0
2018-12-04 00:00:00-05:00,104.73630983861113,105.391259773024,101.24634397501964,101.53639221191406,45197000,0.0,0.0
2018-12-06 00:00:00-05:00,99.01015916524184,102.21006999522339,98.24292895796405,102.16329193115234,49107400,0.0,0.0
2018-12-07 00:00:00-05:00,101.40540937707884,102.4065512836734,97.58797541545907,98.07450866699219,45044900,0.0,0.0
2018-12-10 00:00:00-05:00,98.05578855893538,101.0311457007445,97.20434653525923,100.6662368774414,40801500,0.0,0.0
2018-12-11 00:00:00-05:00,102.73402956267572,103.81001775643406,100.5259023702065,101.60189056396484,42381900,0.0,0.0
2018-12-12 00:00:00-05:00,103.75386683245786,104.10941002521496,102.02292178438594,102.06034851074219,36183000,0.0,0.0
2018-12-13 00:00:00-05:00,102.52820148555887,103.73518698997287,101.63933253939558,102.40656280517578,31333400,0.0,0.0
2018-12-14 00:00:00-05:00,101.28377167394228,102.2287769927059,98.71074283234098,99.20663452148438,47043100,0.0,0.0
2018-12-17 00:00:00-05:00,98.6265336031472,98.99143528773176,95.1646361253914,96.2686996459961,56957300,0.0,0.0
2018-12-18 00:00:00-05:00,97.07335425735913,97.78444781501359,95.92250556718703,97.2791976928711,49319200,0.0,0.0
2018-12-19 00:00:00-05:00,96.979792814628,100.00192799878101,94.82780230668003,97.01721954345703,68198200,0.0,0.0
2018-12-20 00:00:00-05:00,96.41841321682328,97.5973231383496,92.42319706750443,94.9775161743164,70334200,0.0,0.0
2018-12-21 00:00:00-05:00,95.08976208863776,96.37160050991041,91.18811745111682,91.9085693359375,111242100,0.0,0.0
2018-12-24 00:00:00-05:00,91.39396673678692,91.66530512688252,87.93207692354598,88.07241821289062,43935200,0.0,0.0
2018-12-26 00:00:00-05:00,89.0174488864625,94.21029223467589,87.91338521686126,94.08865356445312,51634800,0.0,0.0
2018-12-27 00:00:00-05:00,92.90972598254437,94.67809778519059,90.19634895497337,94.66873931884766,49498500,0.0,0.0
2018-12-28 00:00:00-05:00,95.52017737630305,95.81959120202131,93.11556541124668,93.92958068847656,38196300,0.0,0.0
2018-12-31 00:00:00-05:00,94.77167327518096,95.81024188243391,93.97637485534001,95.03365325927734,33173800,0.0,0.0
2019-01-02 00:00:00-05:00,93.14363711720264,95.2020571184505,92.57289202679499,94.61260223388672,35329300,0.0,0.0
2019-01-03 00:00:00-05:00,93.6582317189333,93.74244363254081,90.94485490538372,91.13198852539062,42579100,0.0,0.0
2019-01-04 00:00:00-05:00,93.302704723217,95.91316028290775,92.56354285749075,95.3704833984375,44060600,0.0,0.0
2019-01-07 00:00:00-05:00,95.09913366082307,96.62423527042971,94.48161052713881,95.49210357666016,35656100,0.0,0.0
2019-01-08 00:00:00-05:00,96.40905489929126,97.27920677896326,95.16464284176976,96.18450164794922,31514400,0.0,0.0
2019-01-09 00:00:00-05:00,97.1762716635842,98.13062820412024,96.59616811091757,97.55988311767578,32280800,0.0,0.0
2019-01-10 00:00:00-05:00,96.5774630752603,97.07335473319617,95.791516057491,96.9330062866211,30067600,0.0,0.0
2019-01-11 00:00:00-05:00,96.54940335828722,96.78331507714078,95.09914784602752,96.18450164794922,28314200,0.0,0.0
2019-01-14 00:00:00-05:00,95.342401504299,96.24997995826448,94.74358817891479,95.48274993896484,28437100,0.0,0.0
2019-01-15 00:00:00-05:00,95.91314908579385,98.28969265629607,95.32368707242202,98.25226593017578,31587600,0.0,0.0
2019-01-16 00:00:00-05:00,98.4861995302885,99.42184647624642,98.20550259113324,98.59847259521484,29853900,0.0,0.0
2019-01-17 00:00:00-05:00,98.24290562305485,99.7680072071823,98.01835240895919,99.29083251953125,28393000,0.0,0.0
2019-01-18 00:00:00-05:00,100.54460697047853,100.95629385782408,99.09435867459821,100.77851867675781,37427600,0.0,0.0
2019-01-22 00:00:00-05:00,99.88030755671744,100.20778254725231,98.11193546940977,98.87916564941406,32371300,0.0,0.0
2019-01-23 00:00:00-05:00,99.29083682779277,100.15163013452457,98.56102635808371,99.84286499023438,25874300,0.0,0.0
2019-01-24 00:00:00-05:00,99.98323015996412,100.1142201573207,98.56104284806484,99.3656997680664,23164800,0.0,0.0
2019-01-25 00:00:00-05:00,100.3387493775169,100.9375626900766,99.36567596000296,100.27325439453125,31225600,0.0,0.0
2019-01-28 00:00:00-05:00,99.42184318624786,99.62768664969413,97.92480954993792,98.31777954101562,29476700,0.0,0.0
2019-01-29 00:00:00-05:00,98.13063301638016,98.21484493967318,95.5950310656045,96.31548309326172,31490500,0.0,0.0
2019-01-30 00:00:00-05:00,97.88737017548377,99.53410339355469,97.61603174856539,99.53410339355469,49471900,0.0,0.0
2019-01-31 00:00:00-05:00,97.12013223435142,98.44874886138311,96.54002869905881,97.70958709716797,55636400,0.0,0.0
2019-02-01 00:00:00-05:00,97.10141823108177,97.40082490449122,95.76344309775436,96.165771484375,35535700,0.0,0.0
2019-02-04 00:00:00-05:00,96.24998581387895,98.99143113591866,96.15641542613052,98.93528747558594,31315100,0.0,0.0
2019-02-05 00:00:00-05:00,99.23467672327331,100.36680825964041,99.1411134903801,100.32003021240234,27325400,0.0,0.0
2019-02-06 00:00:00-05:00,100.11421310957806,100.11421310957806,98.73881109573868,99.20663452148438,20609800,0.0,0.0
2019-02-07 00:00:00-05:00,98.42070573159653,98.79495880381461,97.5786220422663,98.49555206298828,29760700,0.0,0.0
2019-02-08 00:00:00-05:00,97.67216997762922,98.97271847315882,97.55053846209418,98.86979675292969,21461100,0.0,0.0
2019-02-11 00:00:00-05:00,99.36572196103319,99.72127243762863,98.21487999316129,98.47686004638672,18914100,0.0,0.0
2019-02-12 00:00:00-05:00,99.30954878858985,100.24519556981902,98.69202562495619,100.01128387451172,25056600,0.0,0.0
2019-02-13 00:00:00-05:00,100.58202277889684,100.84400271933686,99.84286101070222,99.9364242553711,18394900,0.0,0.0
2019-02-14 00:00:00-05:00,99.46860222595582,100.38553916819592,98.86043755825307,100.02063751220703,21784700,0.0,0.0
2019-02-15 00:00:00-05:00,100.96565093022888,101.33055261591079,100.45104232815504,101.25569915771484,26606900,0.0,0.0
2019-02-19 00:00:00-05:00,100.85335728031781,101.66737246809627,100.84399881468788,101.20890045166016,18038500,0.0,0.0
2019-02-20 00:00:00-05:00,101.34986950386279,101.4250426458207,99.87463064523934,100.68272399902344,21607700,0.46,0.0
2019-02-21 00:00:00-05:00,100.44781480098753,102.87209489839475,100.41962666456043,102.80632019042969,29063200,0.0,0.0
2019-02-22 00:00:00-05:00,103.40770129575735,104.48828486724231,103.19158028011663,104.27217102050781,27763200,0.0,0.0
2019-02-25 00:00:00-05:00,105.01447341104463,105.40912163672766,104.54465204649671,104.85472869873047,23750600,0.0,0.0
2019-02-26 00:00:00-05:00,104.5446416053173,106.40513000852779,104.46007004031443,105.5782470703125,21536700,0.0,0.0
2019-02-27 00:00:00-05:00,104.94870235661115,105.57826128646259,104.18758684471841,105.39972686767578,21487100,0.0,0.0
2019-02-28 00:00:00-05:00,105.27755639215503,106.06685272479392,104.98626948400077,105.26815795898438,29083900,0.0,0.0
2019-03-01 00:00:00-05:00,106.07625562295544,106.19840658369955,104.92989047061859,105.73798370361328,23501200,0.0,0.0
2019-03-04 00:00:00-05:00,106.1984066830746,106.4145276418749,104.11240607038502,105.48428344726562,26608000,0.0,0.0
2019-03-05 00:00:00-05:00,105.47489811308745,105.6064475238586,104.51646566762534,104.95809173583984,19538300,0.0,0.0
2019-03-06 00:00:00-05:00,105.11783325412598,105.86015186027751,104.70438816490108,105.00507354736328,17687000,0.0,0.0
2019-03-07 00:00:00-05:00,104.67620643096195,104.81715428080747,103.23855413412967,103.72716522216797,25339000,0.0,0.0
2019-03-08 00:00:00-05:00,102.57139625671286,104.02783807908062,102.23312432543547,103.83991241455078,22818400,0.0,0.0
2019-03-11 00:00:00-04:00,104.2909359937175,106.13263473234959,104.28154472880374,106.01988220214844,26491600,0.0,0.0
2019-03-12 00:00:00-04:00,106.01048999751697,107.10987024500496,105.8507524577428,106.76220703125,26132700,0.0,0.0
2019-03-13 00:00:00-04:00,107.24141806243017,108.05890978684072,106.91254455338162,107.5890884399414,35513800,0.0,0.0
2019-03-14 00:00:00-04:00,107.62668244172852,108.24684293463953,107.42935832267023,107.67366027832031,30763400,0.0,0.0
2019-03-15 00:00:00-04:00,108.37838299765271,110.17310395301489,107.67365098942447,108.91398620605469,54681100,0.0,0.0
2019-03-18 00:00:00-04:00,109.15829180317301,110.51137959842035,109.04553926617237,110.47379302978516,31207600,0.0,0.0
2019-03-19 00:00:00-04:00,110.96241102653991,111.29129173044791,109.92880541557227,110.5489730834961,37588700,0.0,0.0
2019-03-20 00:00:00-04:00,110.30465262239059,111.58256722900994,109.66569531908091,110.42680358886719,28113300,0.0,0.0
2019-03-21 00:00:00-04:00,110.06973568627953,113.52762080687583,110.02275068782326,112.96383666992188,29854400,0.0,0.0
2019-03-22 00:00:00-04:00,112.28730552214323,112.37186992623192,109.97578528128655,109.98518371582031,33624500,0.0,0.0
2019-03-25 00:00:00-04:00,109.52472947626345,110.88721542711612,109.2992172794995,110.55834197998047,27067100,0.0,0.0
2019-03-26 00:00:00-04:00,111.46041170553785,111.54497610143244,109.79724023056718,110.79326629638672,26097700,0.0,0.0
2019-03-27 00:00:00-04:00,110.76506499686728,111.07514876949647,108.54750792960448,109.72206115722656,22733400,0.0,0.0
2019-03-28 00:00:00-04:00,110.35163338656264,110.48318278199572,109.12069665943253,109.8724136352539,18334800,0.0,0.0
2019-03-29 00:00:00-04:00,110.94361551120056,111.17852619087778,109.90061151992131,110.82146453857422,25399800,0.0,0.0
2019-04-01 00:00:00-04:00,111.77049086491796,111.92083713068484,110.9717960425189,111.83626556396484,22789100,0.0,0.0
2019-04-02 00:00:00-04:00,111.87384407290212,112.26849940766358,111.36643621584082,111.99600219726562,18142300,0.0,0.0
2019-04-03 00:00:00-04:00,112.625558726961,113.16115470374119,111.95841336422806,112.72891998291016,22860700,0.0,0.0
2019-04-04 00:00:00-04:00,112.85108768529369,112.9732458253119,111.23490108210896,112.15575408935547,20112800,0.0,0.0
2019-04-05 00:00:00-04:00,112.18393386944003,112.97323741243139,112.16514417101602,112.65375518798828,15826200,0.0,0.0
2019-04-08 00:00:00-04:00,112.57859313588389,112.77591724882525,111.47921286282273,112.69135284423828,15116200,0.0,0.0
2019-04-09 00:00:00-04:00,111.46980487995941,112.32488313169948,111.42282704884794,112.08057403564453,17612000,0.0,0.0
2019-04-10 00:00:00-04:00,112.53158424935854,113.08596986575681,112.32486175886999,112.93563079833984,16477200,0.0,0.0
2019-04-11 00:00:00-04:00,113.26454672774663,113.5558337087832,112.68196559676768,113.06722259521484,14209100,0.0,0.0
2019-04-12 00:00:00-04:00,113.35849333413681,113.67797557596433,113.10479296263375,113.6497802734375,19745100,0.0,0.0
2019-04-15 00:00:00-04:00,113.64037501060399,114.24174568348323,113.29270467797846,113.74373626708984,15792600,0.0,0.0
2019-04-16 00:00:00-04:00,114.29810520766368,114.30750363930548,112.85105499765011,113.4806137084961,14071800,0.0,0.0
2019-04-17 00:00:00-04:00,113.92225581487291,114.49543831903118,113.26450892595525,114.4202651977539,19300900,0.0,0.0
2019-04-18 00:00:00-04:00,114.81493509545452,116.06465434326424,113.97865372941985,115.92371368408203,27991000,0.0,0.0
2019-04-22 00:00:00-04:00,115.21897678480951,116.51568097615808,115.17199178782204,116.29016876220703,15648700,0.0,0.0
2019-04-23 00:00:00-04:00,116.60966465127403,118.00033908525297,116.35596426132996,117.86878967285156,24025500,0.0,0.0
2019-04-24 00:00:00-04:00,118.19766478071544,118.2540410528095,117.00431444941829,117.4647445678711,31257000,0.0,0.0
2019-04-25 00:00:00-04:00,122.2099290797944,123.44085874099422,121.05417255624629,121.35485076904297,38033900,0.0,0.0
2019-04-26 00:00:00-04:00,121.87165175540248,122.64216562899917,121.23270162025247,122.05018615722656,23654900,0.0,0.0
2019-04-29 00:00:00-04:00,122.05959040494422,122.32268923420278,121.54279835035042,121.93744659423828,16324200,0.0,0.0
2019-04-30 00:00:00-04:00,121.97500523953927,122.81128659118596,121.58035706281022,122.71733093261719,24166500,0.0,0.0
2019-05-01 00:00:00-04:00,122.65154568232289,122.76429820461674,119.99235544169818,120.16149139404297,26821700,0.0,0.0
2019-05-02 00:00:00-04:00,120.2554796904389,120.27426939071296,117.94395226694965,118.5923080444336,27350200,0.0,0.0
2019-05-03 00:00:00-04:00,119.67292837422258,121.61798185250626,119.5695670747515,121.1199722290039,24911100,0.0,0.0
2019-05-06 00:00:00-04:00,118.76143338539762,120.80045620549538,118.49833459169527,120.41519927978516,24239800,0.0,0.0
2019-05-07 00:00:00-04:00,118.82722863067283,119.503772599408,116.72243074820122,117.94396209716797,36017700,0.0,0.0
2019-05-08 00:00:00-04:00,117.86878797785063,118.74265601561079,117.22043219112062,117.93456268310547,28419000,0.0,0.0
2019-05-09 00:00:00-04:00,116.78818130803312,118.1976452284744,116.11163747919663,117.9251480102539,27235800,0.0,0.0
2019-05-10 00:00:00-04:00,117.37074862523201,120.20846583322465,116.3465345679592,119.45674896240234,30915100,0.0,0.0
2019-05-13 00:00:00-04:00,116.61906827818913,117.97215620187986,115.61365077069829,115.90493774414062,33944900,0.0,0.0
2019-05-14 00:00:00-04:00,116.39352881798851,118.28220523978557,116.23378413122381,117.20162200927734,25266300,0.0,0.0
2019-05-15 00:00:00-04:00,117.19218633126192,119.5028292890388,116.66403381871612,118.8520736694336,24722700,0.46,0.0
2019-05-16 00:00:00-04:00,119.54056868491078,122.0209811451514,119.2670627727902,121.59656524658203,30112200,0.0,0.0
2019-05-17 00:00:00-04:00,121.01185466410145,123.03957347304014,120.64403804530934,120.78551483154297,25770500,0.0,0.0
2019-05-20 00:00:00-04:00,119.323657671578,120.33279678540593,118.60689094084681,119.04072570800781,23706900,0.0,0.0
2019-05-21 00:00:00-04:00,120.181905575469,120.27621623344382,119.38025418952009,119.68205261230469,15293300,0.0,0.0
2019-05-22 00:00:00-04:00,119.41796109653912,120.9458194188518,119.32364325796706,120.40823364257812,15396500,0.0,0.0
2019-05-23 00:00:00-04:00,119.02184234330926,119.10672695712489,117.64488683573703,119.00298309326172,23603800,0.0,0.0
2019-05-24 00:00:00-04:00,119.69147440037712,120.17246086872368,118.80493847014878,119.05957794189453,14123400,0.0,0.0
2019-05-28 00:00:00-04:00,119.75748199587605,120.71946204303762,118.88037936665198,118.98412322998047,23128400,0.0,0.0
2019-05-29 00:00:00-04:00,118.24849491112741,118.257928134776,116.98471636899103,117.83352661132812,22763100,0.0,0.0
2019-05-30 00:00:00-04:00,118.13531483111679,118.60687523673867,117.68261367572585,118.57858276367188,16829600,0.0,0.0
2019-05-31 00:00:00-04:00,117.16391438853874,117.53173096960303,116.30567090242772,116.64519500732422,26646800,0.0,0.0
2019-06-03 00:00:00-04:00,116.80555371397415,117.2959807444688,112.24085077343231,113.02363586425781,37983600,0.0,0.0
2019-06-04 00:00:00-04:00,114.38170556827066,116.26794743369845,113.7875419710199,116.15477752685547,29382600,0.0,0.0
2019-06-05 00:00:00-04:00,117.84294639238365,118.71062303602017,117.14503898365604,118.67289733886719,24926100,0.0,0.0
2019-06-06 00:00:00-04:00,119.24820133626655,120.69117507048792,118.45597608887695,120.5497055053711,21459000,0.0,0.0
2019-06-07 00:00:00-04:00,121.8417971960724,124.72774498544376,120.9646872338983,123.92608642578125,33885600,0.0,0.0
2019-06-10 00:00:00-04:00,124.86916465577622,126.45361478474591,124.49192216314844,125.05780029296875,26477100,0.0,0.0
2019-06-11 00:00:00-04:00,126.26501173316532,126.60453578180704,123.81289200509944,124.58625793457031,23913700,0.0,0.0
2019-06-12 00:00:00-04:00,123.92607162795045,124.46365741007185,123.27533034189874,124.0109634399414,17092500,0.0,0.0
2019-06-13 00:00:00-04:00,124.47311299895387,125.43510050596629,124.07700388215704,124.79378509521484,17200800,0.0,0.0
2019-06-14 00:00:00-04:00,124.73717129464094,126.18014519257108,124.15244091246585,124.91636657714844,17821700,0.0,0.0
2019-06-17 00:00:00-04:00,125.08612949938512,126.12355385425246,124.99181165308678,125.29361724853516,14517800,0.0,0.0
2019-06-18 00:00:00-04:00,126.55740812050219,127.54768803950816,125.97267771100034,127.47223663330078,25934500,0.0,0.0
2019-06-19 00:00:00-04:00,127.32131310598274,128.19840857753397,126.19899700643333,127.9720687866211,23744400,0.0,0.0
2019-06-20 00:00:00-04:00,129.63197614056992,129.83003787884442,128.00038087061822,129.16041564941406,33042600,0.0,0.0
2019-06-21 00:00:00-04:00,128.81142849329675,129.8960115550832,128.69825861300737,129.1792449951172,36727900,0.0,0.0
2019-06-24 00:00:00-04:00,129.20755840545763,130.52792185908748,129.20755840545763,129.9431915283203,20628800,0.0,0.0
2019-06-25 00:00:00-04:00,129.44334305128683,129.76400070230144,125.18043256944024,125.84061431884766,33327400,0.0,0.0
2019-06-26 00:00:00-04:00,126.70831832764642,128.0192560063772,126.00097754291647,126.31219482421875,23657700,0.0,0.0
2019-06-27 00:00:00-04:00,126.51024255040215,127.04782839482243,125.91607175201837,126.51966857910156,16557500,0.0,0.0
2019-06-28 00:00:00-04:00,126.91575829872232,126.94405076818268,125.58595467056736,126.3404541015625,30043000,0.0,0.0
2019-07-01 00:00:00-04:00,128.8586152370448,128.92462621784355,127.2930310641444,127.96263885498047,22613500,0.0,0.0
2019-07-02 00:00:00-04:00,128.37759001410043,128.82085791141125,127.6419569910911,128.81143188476562,15237800,0.0,0.0
2019-07-03 00:00:00-04:00,129.0189095892121,129.90544531505958,128.53790884087223,129.64137268066406,13629300,0.0,0.0
2019-07-05 00:00:00-04:00,128.20785412195087,129.51879156330088,128.00036637806392,129.26414489746094,18141100,0.0,0.0
2019-07-08 00:00:00-04:00,128.64165539270758,129.30185138344893,127.67024224057963,129.16981506347656,16779700,0.0,0.0
2019-07-09 00:00:00-04:00,128.2644155909795,129.17924382403848,128.07579432858049,128.69825744628906,19953100,0.0,0.0
2019-07-10 00:00:00-04:00,129.33019849629915,130.6977211861397,129.22645460171066,130.00924682617188,24204400,0.0,0.0
2019-07-11 00:00:00-04:00,130.33934799703096,131.30133565811994,130.02811627165252,130.52796936035156,22327900,0.0,0.0
2019-07-12 00:00:00-04:00,130.95235192435405,131.21642464364177,130.16011937560694,130.99949645996094,18936800,0.0,0.0
2019-07-15 00:00:00-04:00,131.5087898406472,131.6030933027449,130.58453532314013,130.99949645996094,16651500,0.0,0.0
2019-07-16 00:00:00-04:00,131.05606105346814,131.14093846411384,128.75484420342866,129.28298950195312,22726100,0.0,0.0
2019-07-17 00:00:00-04:00,129.86777555888253,130.08468938739023,128.4719603284407,128.5191192626953,20211000,0.0,0.0
2019-07-18 00:00:00-04:00,127.84005755233603,128.84918956373735,127.01010644697065,128.6605682373047,30381800,0.0,0.0
2019-07-19 00:00:00-04:00,132.24439205058968,132.66879350777725,128.68882281154083,128.84915161132812,48992400,0.0,0.0
2019-07-22 00:00:00-04:00,129.5942253194599,131.27297909811344,129.51877393278238,130.5561981201172,25074900,0.0,0.0
2019-07-23 00:00:00-04:00,131.81057756395577,132.02750574187212,130.17898236509546,131.3673095703125,18034600,0.0,0.0
2019-07-24 00:00:00-04:00,130.99945584868806,132.7348088257368,130.95231132769646,132.7159423828125,20738300,0.0,0.0
2019-07-25 00:00:00-04:00,132.44248058624186,132.6122498565055,131.39563004830345,132.2161407470703,18356900,0.0,0.0
2019-07-26 00:00:00-04:00,132.3858462208731,133.6213320182255,132.31983525604463,133.30067443847656,19037600,0.0,0.0
2019-07-29 00:00:00-04:00,133.4515839365404,133.46100996316883,131.44273216690158,133.00831604003906,16605900,0.0,0.0
2019-07-30 00:00:00-04:00,132.1690188827715,133.18759161734965,131.84836109342902,132.36708068847656,16846500,0.0,0.0
2019-07-31 00:00:00-04:00,132.34818871363547,132.49909154689573,127.39680282551225,128.5191192626953,38598800,0.0,0.0
2019-08-01 00:00:00-04:00,129.20753920799302,132.92343716366884,129.1415138496803,130.20724487304688,40557500,0.0,0.0
2019-08-02 00:00:00-04:00,130.23556695184885,130.4524951291536,127.56653296881987,129.11325073242188,30791600,0.0,0.0
2019-08-05 00:00:00-04:00,125.71802369642214,126.3121801005351,123.34135490732002,124.69002532958984,42749600,0.0,0.0
2019-08-06 00:00:00-04:00,126.18956138723085,127.96261864176837,125.63312358902175,127.02893829345703,32696700,0.0,0.0
2019-08-07 00:00:00-04:00,126.18014801887524,127.93435359557651,124.33163897987284,127.58540344238281,33414500,0.0,0.0
2019-08-08 00:00:00-04:00,128.83032591187458,131.0843843784918,128.1984222193159,130.9900665283203,27496500,0.0,0.0
2019-08-09 00:00:00-04:00,130.72598503784306,131.4521921409205,128.6982809132802,129.87718200683594,23466700,0.0,0.0
2019-08-12 00:00:00-04:00,129.27353746953082,130.0185963534485,127.54762517920327,128.0663299560547,20484300,0.0,0.0
2019-08-13 00:00:00-04:00,128.31162169690901,130.90520458372646,127.3213417164926,130.71658325195312,25154600,0.0,0.0
2019-08-14 00:00:00-04:00,129.032251296844,129.56215556043054,126.48680490893673,126.78014373779297,32527300,0.46,0.0
2019-08-15 00:00:00-04:00,127.168090770755,127.3478827777879,125.14309160513156,126.4962387084961,28074400,0.0,0.0
2019-08-16 00:00:00-04:00,127.63176350712365,129.1268585007604,127.48035819259715,128.81459045410156,24449100,0.0,0.0
2019-08-19 00:00:00-04:00,130.44215701336793,131.10453719319122,129.53373959617815,130.97206115722656,24355700,0.0,0.0
2019-08-20 00:00:00-04:00,130.78281008619717,131.25594084277455,129.86493526333263,129.88385009765625,21170800,0.0,0.0
2019-08-21 00:00:00-04:00,131.10449529250204,131.99398315204576,130.5840487322583,131.3315887451172,14970300,0.0,0.0
2019-08-22 00:00:00-04:00,131.20856888883776,131.71954353481948,128.96592024127713,130.3758544921875,18697000,0.0,0.0
2019-08-23 00:00:00-04:00,129.81762134026047,130.91528817808523,125.66353380977326,126.2218246459961,38508600,0.0,0.0
2019-08-26 00:00:00-04:00,127.73587028796715,128.27523194121622,126.70443407595137,128.171142578125,20312600,0.0,0.0
2019-08-27 00:00:00-04:00,129.06063624585883,129.37290434813033,127.42360750256408,128.44557189941406,23102100,0.0,0.0
2019-08-28 00:00:00-04:00,127.63174144344607,128.46444165178204,126.37321205676666,128.2751922607422,17393300,0.0,0.0
2019-08-29 00:00:00-04:00,129.87434347544232,131.00039655968138,129.55261814817385,130.6975860595703,20168700,0.0,0.0
2019-08-30 00:00:00-04:00,131.6722699921692,131.700656679487,128.94704693803695,130.45159912109375,23940100,0.0,0.0
2019-09-03 00:00:00-04:00,129.2687459436368,129.82703659856472,128.40764476744602,128.7293701171875,18869300,0.0,0.0
2019-09-04 00:00:00-04:00,129.92167979125622,130.29072112187868,129.1457385921619,130.23394775390625,17995900,0.0,0.0
2019-09-05 00:00:00-04:00,131.63443766225953,132.83619380847887,131.3032403621913,132.52392578125,26101800,0.0,0.0
2019-09-06 00:00:00-04:00,132.50501639524452,132.64694986583015,130.77335586006583,131.625,20824500,0.0,0.0
2019-09-09 00:00:00-04:00,132.0886675454622,132.24007288312882,129.12687823595022,130.12991333007812,25773900,0.0,0.0
2019-09-10 00:00:00-04:00,129.4485670781148,129.53372714187452,127.28162030820413,128.7672576904297,28903400,0.0,0.0
2019-09-11 00:00:00-04:00,128.60637744017552,128.94703208756022,127.83043623937644,128.80508422851562,24726100,0.0,0.0
2019-09-12 00:00:00-04:00,130.44218142446266,130.98154308653943,129.51483456036036,130.12991333007812,27010000,0.0,0.0
2019-09-13 00:00:00-04:00,130.3759002290318,130.6408522774952,129.2309319707729,129.9406280517578,23363100,0.0,0.0
2019-09-16 00:00:00-04:00,128.53071441647882,129.35395738521586,128.36985167769146,129.00384521484375,16731400,0.0,0.0
2019-09-17 00:00:00-04:00,129.59996573108685,130.1298697968399,129.0984339129961,130.00685119628906,17814200,0.0,0.0
2019-09-18 00:00:00-04:00,129.97844433753696,131.21804425014176,129.19304577668646,131.07611083984375,23982100,0.0,0.0
2019-09-19 00:00:00-04:00,132.7604950650766,134.7192489168912,132.54285895683168,133.48912048339844,35772100,0.0,0.0
2019-09-20 00:00:00-04:00,133.43235490353572,134.037961803928,130.82067785287043,131.9467315673828,39167300,0.0,0.0
2019-09-23 00:00:00-04:00,131.7479866090701,132.1264998781188,131.00044636575674,131.66282653808594,17139300,0.0,0.0
2019-09-24 00:00:00-04:00,132.81724556763135,133.1295135502643,129.52426006528748,129.9973907470703,29773200,0.0,0.0
2019-09-25 00:00:00-04:00,130.11094018819685,132.43874954390984,128.7199347998079,131.87098693847656,21382000,0.0,0.0
2019-09-26 00:00:00-04:00,131.9467185637507,132.64694290027873,131.0004569727184,132.0413360595703,17456600,0.0,0.0
2019-09-27 00:00:00-04:00,132.61853369254032,132.81725494599414,129.3066186862027,130.32858276367188,22477700,0.0,0.0
2019-09-30 00:00:00-04:00,130.63136857847746,131.73849250940805,130.37587399786247,131.55870056152344,17280900,0.0,0.0
2019-10-01 00:00:00-04:00,132.15486932334264,132.71316007868177,129.63781055814192,129.7040557861328,21466600,0.0,0.0
2019-10-02 00:00:00-04:00,128.92812476839842,129.04167152392392,126.40160838632741,127.41410064697266,30521700,0.0,0.0
2019-10-03 00:00:00-04:00,127.69796784890939,129.40124118739985,126.0609397363503,128.9564971923828,24132900,0.0,0.0
2019-10-04 00:00:00-04:00,129.4012128981183,130.82060463009034,129.08894498442854,130.6975860595703,22897700,0.0,0.0
2019-10-07 00:00:00-04:00,129.77028730301623,130.75439280203412,129.65674055588423,129.75135803222656,15303700,0.0,0.0
2019-10-08 00:00:00-04:00,129.7135198142711,130.3569706622819,128.33197176000724,128.37928771972656,25550500,0.0,0.0
2019-10-09 00:00:00-04:00,130.07310496994796,131.24645992440614,129.60943166254842,130.81118774414062,19749900,0.0,0.0
2019-10-10 00:00:00-04:00,131.0477798216071,132.1643616270322,130.8206718298633,131.625,17654600,0.0,0.0
2019-10-11 00:00:00-04:00,132.59010905145118,133.45121017192574,132.00343175296493,132.1737518310547,25446000,0.0,0.0
2019-10-14 00:00:00-04:00,132.18328781663408,132.7510361245282,132.02242507412376,132.05081176757812,13304300,0.0,0.0
2019-10-15 00:00:00-04:00,132.5333705297735,134.1703987231871,132.29680517771013,133.9622344970703,19695700,0.0,0.0
2019-10-16 00:00:00-04:00,133.2241324920144,133.41339631785604,132.03184835874671,132.86456298828125,20751600,0.0,0.0
2019-10-17 00:00:00-04:00,133.37557302255559,133.8203171409652,131.5492950187598,132.18328857421875,21460600,0.0,0.0
2019-10-18 00:00:00-04:00,132.2494775445312,132.4765854604321,129.22144419319602,130.02577209472656,32273500,0.0,0.0
2019-10-21 00:00:00-04:00,131.00988080791998,131.05719676310395,129.64726215591472,130.99095153808594,20078200,0.0,0.0
2019-10-22 00:00:00-04:00,131.50195734491172,132.48606291842205,128.93758241391188,129.0416717529297,27431000,0.0,0.0
2019-10-23 00:00:00-04:00,129.5242744928379,130.06363602197183,128.32251838438262,129.86492919921875,29844600,0.0,0.0
2019-10-24 00:00:00-04:00,131.89939883307514,132.87404708892518,131.21808935186658,132.4198455810547,37029300,0.0,0.0
2019-10-25 00:00:00-04:00,131.85208588941208,133.5553596314757,131.719609844963,133.16738891601562,25959700,0.0,0.0
2019-10-28 00:00:00-04:00,136.6401588615074,137.84191504487853,135.79798667917763,136.4414520263672,35280100,0.0,0.0
2019-10-29 00:00:00-04:00,136.3373217944861,136.73474978438668,134.98416070712858,135.1544952392578,20589500,0.0,0.0
2019-10-30 00:00:00-04:00,135.80744568493486,137.20790857093175,135.11666443894944,136.8388671875,18496600,0.0,0.0
2019-10-31 00:00:00-04:00,137.1132448181433,137.14163149960112,135.3058968638614,135.66546630859375,24605100,0.0,0.0
2019-11-01 00:00:00-04:00,136.5076789591139,136.65908426461232,135.28700797569383,135.9967041015625,33128400,0.0,0.0
2019-11-04 00:00:00-05:00,137.04707184887585,137.2079345912571,136.41307829755922,136.78211975097656,16912000,0.0,0.0
2019-11-05 00:00:00-05:00,137.1795027411372,137.22681869421658,136.17646806658175,136.69691467285156,18250200,0.0,0.0
2019-11-06 00:00:00-05:00,136.61177443727,136.75372233210163,135.50465016384854,136.3184356689453,16575800,0.0,0.0
2019-11-07 00:00:00-05:00,136.1102622984622,137.09438242809176,136.04403149599426,136.5076904296875,17786700,0.0,0.0
2019-11-08 00:00:00-05:00,136.24272486744755,138.14471969732065,136.03454618518478,138.1163330078125,16732700,0.0,0.0
2019-11-11 00:00:00-05:00,137.52962967730747,138.5515937313759,136.95240964043924,138.2582550048828,14362600,0.0,0.0
2019-11-12 00:00:00-05:00,138.41914751095763,139.63983307672214,138.2109688011188,139.1667022705078,18641600,0.0,0.0
2019-11-13 00:00:00-05:00,138.85440680607223,139.53571618768487,138.41912019717392,139.39376831054688,16919200,0.0,0.0
2019-11-14 00:00:00-05:00,139.11936428055844,140.4346671360793,139.10043500844046,140.1034698486328,19729800,0.0,0.0
2019-11-15 00:00:00-05:00,140.92669251203296,141.92974164733593,140.30217100964686,141.9108123779297,23485700,0.0,0.0
2019-11-18 00:00:00-05:00,142.00544512907695,142.45964652590888,140.9740093029432,142.26092529296875,21534000,0.0,0.0
2019-11-19 00:00:00-05:00,142.77190074538996,143.19771541632704,142.12843559296,142.3082275390625,23935700,0.0,0.0
2019-11-20 00:00:00-05:00,142.71656117550538,143.2197852087503,140.96002910276272,142.06141662597656,25696800,0.51,0.0
2019-11-21 00:00:00-05:00,141.8525065510423,142.2323077802058,140.99797913931158,141.928466796875,18576100,0.0,0.0
2019-11-22 00:00:00-05:00,142.48869000001076,142.70706667971493,141.30183817214876,142.03292846679688,15901800,0.0,0.0
2019-11-25 00:00:00-05:00,142.42221452931787,143.70402025525647,142.3462542763498,143.59007263183594,22420900,0.0,0.0
2019-11-26 00:00:00-05:00,143.71351954756852,144.71996761339204,143.6755466624916,144.34967041015625,24620100,0.0,0.0
2019-11-27 00:00:00-05:00,144.63444381806644,144.79585385102084,143.8653665189594,144.6249542236328,15184400,0.0,0.0
2019-11-29 00:00:00-05:00,144.41612593217906,144.6060193135359,143.63754423429873,143.7324981689453,11977300,0.0,0.0
2019-12-02 00:00:00-05:00,144.14072566746773,144.1597193463778,140.82704585029344,141.99490356445312,27418400,0.0,0.0
2019-12-03 00:00:00-05:00,140.03902586014226,141.88100772410974,139.2414504222886,141.76707458496094,24066000,0.0,0.0
2019-12-04 00:00:00-05:00,142.55514365956435,142.59311654269516,141.6626287826511,142.27980041503906,17574700,0.0,0.0
2019-12-05 00:00:00-05:00,142.46967576024716,142.72603977470254,141.92846445061193,142.35572814941406,17869100,0.0,0.0
2019-12-06 00:00:00-05:00,143.36217026236042,144.1977038587485,142.67854264572176,144.08377075195312,16403500,0.0,0.0
2019-12-09 00:00:00-05:00,143.4381577535063,144.52056593755012,143.28623725695448,143.7135009765625,16687400,0.0,0.0
2019-12-10 00:00:00-05:00,143.64703846350994,144.21673311388275,143.14381446711988,143.49513244628906,16476100,0.0,0.0
2019-12-11 00:00:00-05:00,143.88441066964705,144.19774128258666,142.73554624347213,144.0363311767578,18856600,0.0,0.0
2019-12-12 00:00:00-05:00,143.98883361683096,145.6884132602261,143.39067024851747,145.49851989746094,24612100,0.0,0.0
2019-12-13 00:00:00-05:00,145.27063767776494,147.06515674014935,145.10922759667514,146.7233428955078,23845400,0.0,0.0
2019-12-16 00:00:00-05:00,147.27404064931557,148.024124479351,146.99869745518305,147.67282104492188,24144200,0.0,0.0
2019-12-17 00:00:00-05:00,147.5968906136444,147.84376506645128,146.64740915007906,146.8752899169922,25425600,0.0,0.0
2019-12-18 00:00:00-05:00,146.50498548495298,147.62536660237717,146.3910378631594,146.57144165039062,24129200,0.0,0.0
2019-12-19 00:00:00-05:00,146.22011539685346,147.90070129927008,145.98274507965075,147.84373474121094,24958900,0.0,0.0
2019-12-20 00:00:00-05:00,149.40087341158596,150.48328140583862,148.3944111643568,149.4578399658203,53477500,0.0,0.0
2019-12-23 00:00:00-05:00,150.1319635081712,150.1319635081712,149.32491317662905,149.4578399658203,17718200,0.0,0.0
2019-12-24 00:00:00-05:00,149.52433703673594,149.7427282049792,149.1825231298524,149.4293975830078,8989200,0.0,0.0
2019-12-26 00:00:00-05:00,149.60026528341558,150.71115662111214,149.4483448044312,150.65419006347656,14520600,0.0,0.0
2019-12-27 00:00:00-05:00,151.39475611271575,151.48971001639282,150.22689843473222,150.9295196533203,18412800,0.0,0.0
2019-12-30 00:00:00-05:00,150.95803616662798,150.98651944641657,148.8121991696551,149.62875366210938,16348400,0.0,0.0
2019-12-31 00:00:00-05:00,148.85015906927845,149.7996401881957,148.5463181570175,149.73316955566406,18369400,0.0,0.0
2020-01-02 00:00:00-05:00,150.75858896567308,152.6100739805646,150.33132542191814,152.50563049316406,22622100,0.0,0.0
2020-01-03 00:00:00-05:00,150.32187193960533,151.8695164582388,150.07499755302646,150.60670471191406,21116200,0.0,0.0
2020-01-06 00:00:00-05:00,149.14456187034835,151.06251863556693,148.60335043895984,150.9960479736328,20813700,0.0,0.0
2020-01-07 00:00:00-05:00,151.27136534760285,151.60367510473966,149.37240277675932,149.6192626953125,21634100,0.0,0.0
2020-01-08 00:00:00-05:00,150.901085184897,152.6766254104449,149.97059738789642,152.0024871826172,27746500,0.0,0.0
2020-01-09 00:00:00-05:00,153.66404265039787,154.02485016301017,152.89496515282673,153.9014129638672,21385000,0.0,0.0
2020-01-10 00:00:00-05:00,154.59455860928736,154.97434534980923,153.0373953045155,153.18931579589844,20725900,0.0,0.0
2020-01-13 00:00:00-05:00,153.58811046779502,155.05980957773,153.1133697541345,155.0313262939453,21626500,0.0,0.0
2020-01-14 00:00:00-05:00,155.1357178126828,155.33511522025347,153.55008609927935,153.9393768310547,23477400,0.0,0.0
2020-01-15 00:00:00-05:00,154.40466357354921,155.65798599963676,154.35720109299407,154.93637084960938,21417900,0.0,0.0
2020-01-16 00:00:00-05:00,156.04728089791246,157.8418002450404,155.74343988204842,157.77532958984375,23865400,0.0,0.0
2020-01-17 00:00:00-05:00,158.9621822424408,159.00965921241536,157.07270894577653,158.65835571289062,34371700,0.0,0.0
2020-01-21 00:00:00-05:00,158.25955326274573,159.6932794532372,158.02218291204835,158.08865356445312,29517200,0.0,0.0
2020-01-22 00:00:00-05:00,158.94317117317047,159.0286355049522,157.3100621026329,157.3290557861328,24138800,0.0,0.0
2020-01-23 00:00:00-05:00,157.7942767531362,158.37346084192237,156.92075582197117,158.29750061035156,19680800,0.0,0.0
2020-01-24 00:00:00-05:00,159.0476126259956,159.06660630924776,156.14220206963714,156.702392578125,24918100,0.0,0.0
2020-01-27 00:00:00-05:00,153.0088688625437,155.12622208309853,152.1068647422905,154.081787109375,32078100,0.0,0.0
2020-01-28 00:00:00-05:00,155.50602982130422,157.38599854121892,154.83190628235468,157.10116577148438,24899900,0.0,0.0
2020-01-29 00:00:00-05:00,159.36093366901352,160.22496510609736,157.3195547235763,159.5508270263672,34754500,0.0,0.0
2020-01-30 00:00:00-05:00,165.2572370102274,165.2572370102274,162.16191844057855,164.0513916015625,51597500,0.0,0.0
2020-01-31 00:00:00-05:00,163.51017128130383,163.69056054766398,161.01303097531772,161.63018798828125,36142700,0.0,0.0
2020-02-03 00:00:00-05:00,161.82009384934952,165.68448976248862,161.7916105688836,165.570556640625,30107000,0.0,0.0
2020-02-04 00:00:00-05:00,168.1911186016925,171.51430318526613,167.40304737617856,171.02056884765625,36433300,0.0,0.0
2020-02-05 00:00:00-05:00,174.73306955574307,174.8944796632022,169.3969884590293,170.81170654296875,39186300,0.0,0.0
2020-02-06 00:00:00-05:00,171.82763248366683,174.5336599911423,170.9636010212311,174.35325622558594,27751400,0.0,0.0
2020-02-07 00:00:00-05:00,173.61264358086075,176.2522001633859,173.2613256843261,174.60009765625,33529100,0.0,0.0
2020-02-10 00:00:00-05:00,174.30577475067838,179.30004105721275,173.99244419039184,179.1671142578125,35844300,0.0,0.0
2020-02-11 00:00:00-05:00,181.01861612373997,181.06609308949365,174.22983017110295,175.12234497070312,53159900,0.0,0.0
2020-02-12 00:00:00-05:00,176.20475203047337,176.46111605357248,172.6631906242822,175.3787078857422,47062900,0.0,0.0
2020-02-13 00:00:00-05:00,173.83105183407446,176.82191236947082,173.6316543706779,174.42922973632812,35295800,0.0,0.0
2020-02-14 00:00:00-05:00,173.99245727251068,176.04334046425984,173.42276266771293,175.9863739013672,23149500,0.0,0.0
2020-02-18 00:00:00-05:00,176.23323763923193,178.2176502251347,176.12879410902988,177.77139282226562,27792200,0.0,0.0
2020-02-19 00:00:00-05:00,179.0471672810164,179.1614115971862,177.53337198173801,178.30455017089844,29997500,0.51,0.0
2020-02-20 00:00:00-05:00,177.99035168966387,178.2759769882036,172.4207237419166,175.58160400390625,36862400,0.0,0.0
2020-02-21 00:00:00-05:00,174.39150943819044,174.705695811561,168.7552293329656,170.031005859375,48572600,0.0,0.0
2020-02-24 00:00:00-05:00,159.72957434916313,166.18463956657936,155.40714713360293,162.70004272460938,68311100,0.0,0.0
2020-02-25 00:00:00-05:00,165.8514056385486,166.46073285003268,159.61531360581694,160.01519775390625,68073300,0.0,0.0
2020-02-26 00:00:00-05:00,161.5765954218968,164.95644881112133,160.14848344532092,162.01454162597656,56206100,0.0,0.0
2020-02-27 00:00:00-05:00,155.4928131937102,159.0250014278775,150.40872435941077,150.59913635253906,93174900,0.0,0.0
2020-02-28 00:00:00-05:00,145.10572645287465,155.86417479843206,144.7153722910139,154.24563598632812,97012700,0.0,0.0
2020-03-02 00:00:00-05:00,157.3874578629097,164.63274652111016,154.5312339166153,164.50897216796875,71030800,0.0,0.0
2020-03-03 00:00:00-05:00,165.47057497886473,166.6130616388873,154.48362552167413,156.62579345703125,71677000,0.0,0.0
2020-03-04 00:00:00-05:00,160.41507121846044,162.51914816724377,157.6826069544084,162.3763427734375,49814400,0.0,0.0
2020-03-05 00:00:00-05:00,158.0920102947307,162.6810028946942,157.74926281414156,158.3014678955078,47817300,0.0,0.0
2020-03-06 00:00:00-05:00,154.81688787610258,155.292925288608,148.523672701681,153.8267364501953,72821100,0.0,0.0
2020-03-09 00:00:00-04:00,143.7632670018697,150.18977065923806,142.8111923859633,143.40147399902344,70419300,0.0,0.0
2020-03-10 00:00:00-04:00,150.5801343469339,153.31258402014208,145.2675559078778,153.20785522460938,65354400,0.0,0.0
2020-03-11 00:00:00-04:00,149.59950391858936,150.142178949303,143.90608668965464,146.26724243164062,56371600,0.0,0.0
2020-03-12 00:00:00-04:00,138.33645927607344,146.1149079701268,131.93851601607352,132.3955078125,93226400,0.0,0.0
2020-03-13 00:00:00-04:00,140.43101010915177,154.15040922743378,133.9854606961012,151.218017578125,92727400,0.0,0.0
2020-03-16 00:00:00-04:00,133.29041897444304,142.19232062409446,128.53004686821293,128.92991638183594,87905900,0.0,0.0
2020-03-17 00:00:00-04:00,133.29044104633834,140.43100038810647,128.53006815182624,139.5455780029297,81059800,0.0,0.0
2020-03-18 00:00:00-04:00,131.38627647927117,139.00287221719995,128.5490986345937,133.67124938964844,81593200,0.0,0.0
2020-03-19 00:00:00-04:00,135.9277276341853,142.9540300053961,132.3384014550753,135.87060546875,85922700,0.0,0.0
2020-03-20 00:00:00-04:00,139.00291200117317,140.05020002588367,129.34887472137007,130.76747131347656,84866200,0.0,0.0
2020-03-23 00:00:00-04:00,130.4437399557186,133.8331378449838,126.1689341603844,129.46310424804688,78975200,0.0,0.0
2020-03-24 00:00:00-04:00,136.86075403148243,142.43039748481058,134.49961256876347,141.23077392578125,82516700,0.0,0.0
2020-03-25 00:00:00-04:00,141.77344860070977,146.9336917873563,137.5176734833681,139.87881469726562,75638200,0.0,0.0
2020-03-26 00:00:00-04:00,141.28788485275086,149.1520314608854,141.25932377290354,148.62838745117188,64568100,0.0,0.0
2020-03-27 00:00:00-04:00,144.47732968943524,147.4668435414475,142.0495364003553,142.52557373046875,57042300,0.0,0.0
2020-03-30 00:00:00-04:00,145.1342633758814,152.90319608171725,142.82071439967373,152.55091857910156,63420300,0.0,0.0
2020-03-31 00:00:00-04:00,151.76072771768509,156.88289514179772,149.05683858683773,150.1517333984375,77927200,0.0,0.0
2020-04-01 00:00:00-04:00,145.6674295225216,150.1897843606391,143.59191364370474,144.82008361816406,57969900,0.0,0.0
2020-04-02 00:00:00-04:00,144.58205901009748,148.02856464387787,143.15394701455227,147.81910705566406,49630700,0.0,0.0
2020-04-03 00:00:00-04:00,147.66681121497362,149.83754065445603,144.89626998674962,146.45767211914062,41243300,0.0,0.0
2020-04-06 00:00:00-04:00,152.63661391051838,158.52042823766854,150.02792415586416,157.34938049316406,67111700,0.0,0.0
2020-04-07 00:00:00-04:00,161.4623245673661,161.85267863184416,155.43569073147975,155.65467834472656,62769000,0.0,0.0
2020-04-08 00:00:00-04:00,157.7302395179861,158.68231437318792,155.66423882549927,157.21612548828125,48318200,0.0,0.0
2020-04-09 00:00:00-04:00,158.3871948737922,159.34878537745158,155.5024088353027,157.2256622314453,51385100,0.0,0.0
2020-04-13 00:00:00-04:00,156.4734397752727,157.63497175241918,154.52168427088708,157.5778350830078,41905300,0.0,0.0
2020-04-14 00:00:00-04:00,160.90063304210452,165.42298811281455,159.94855829037607,165.37538146972656,52874300,0.0,0.0
2020-04-15 00:00:00-04:00,162.99522067108416,165.25164807243422,161.1291619945149,163.64263916015625,40940800,0.0,0.0
2020-04-16 00:00:00-04:00,165.94660745850538,168.78378572911677,164.613694287761,168.55528259277344,50479600,0.0,0.0
2020-04-17 00:00:00-04:00,170.89738866253217,171.37342595685678,167.44135325693384,170.04052734375,52765600,0.0,0.0
2020-04-20 00:00:00-04:00,168.16497619786358,170.18337012056065,166.6035741104452,166.6702117919922,36669600,0.0,0.0
2020-04-21 00:00:00-04:00,165.18498453208747,165.34683551138266,158.1491520544436,159.77720642089844,56203700,0.0,0.0
2020-04-22 00:00:00-04:00,163.17605605791945,165.66097120712655,162.63338112033648,165.2039794921875,34620200,0.0,0.0
2020-04-23 00:00:00-04:00,165.76574976299443,166.6702179488877,162.71911320274435,163.2046661376953,32790800,0.0,0.0
2020-04-24 00:00:00-04:00,163.81394522260578,166.194131604493,162.52865329288954,166.1846160888672,34277600,0.0,0.0
2020-04-27 00:00:00-04:00,168.12686622876606,168.42200705863056,164.9945468868889,165.70860290527344,33194400,0.0,0.0
2020-04-28 00:00:00-04:00,167.17478918130797,167.2509568988296,161.2719290846962,161.6717987060547,34392700,0.0,0.0
2020-04-29 00:00:00-04:00,164.91834912280456,169.1645933364629,163.6425727556519,168.92657470703125,51286600,0.0,0.0
2020-04-30 00:00:00-04:00,171.37347061957357,171.7542947432801,167.78414441722774,170.621337890625,53875900,0.0,0.0
2020-05-01 00:00:00-04:00,167.3747220378559,170.078610487181,165.6705003231186,166.20367431640625,39370500,0.0,0.0
2020-05-04 00:00:00-04:00,166.12751167973556,170.42136314126972,165.47057784378438,170.26902770996094,30372900,0.0,0.0
2020-05-05 00:00:00-04:00,171.96374075260462,174.84852615095244,171.27824575423404,172.09703063964844,36839200,0.0,0.0
2020-05-06 00:00:00-04:00,173.35380172275444,175.3721958874202,172.92537091785033,173.791748046875,32139300,0.0,0.0
2020-05-07 00:00:00-04:00,175.34360890327773,175.70540196520787,173.8298135033723,174.80093383789062,28316000,0.0,0.0
2020-05-08 00:00:00-04:00,176.11477265228294,176.1338182138458,174.57241629834766,175.8291473388672,30877800,0.0,0.0
2020-05-11 00:00:00-04:00,174.37246159084364,178.52350753297063,174.08685082562172,177.79042053222656,30892700,0.0,0.0
2020-05-12 00:00:00-04:00,177.8475930225284,178.07608169937646,173.56325600150797,173.76318359375,32038200,0.0,0.0
2020-05-13 00:00:00-04:00,173.80124922811217,175.2293613589471,168.07927065962855,171.13543701171875,44711500,0.0,0.0
2020-05-14 00:00:00-04:00,169.03134305352413,172.03038720290988,167.26048345491301,171.8780517578125,41873900,0.0,0.0
2020-05-15 00:00:00-04:00,170.47850665967295,178.09510484951207,168.51723495019067,174.38201904296875,46610400,0.0,0.0
2020-05-18 00:00:00-04:00,176.8478807645849,177.27631148677688,175.14367339319634,176.0481414794922,35264500,0.0,0.0
2020-05-19 00:00:00-04:00,176.16239718566547,177.6571615787806,174.69620840155065,174.82949829101562,26799100,0.0,0.0
2020-05-20 00:00:00-04:00,176.44294772326188,177.43587113513095,175.6123405861521,177.2544708251953,31261300,0.51,0.0
2020-05-21 00:00:00-04:00,177.00622368204714,178.21872998047715,174.9917509080422,175.1254119873047,29119500,0.0,0.0
2020-05-22 00:00:00-04:00,174.89629268058604,176.10879901816836,174.2757119177132,175.20179748535156,20826900,0.0,0.0
2020-05-26 00:00:00-04:00,177.90370461198114,178.0564643243358,172.90094786009448,173.34967041015625,36073600,0.0,0.0
2020-05-27 00:00:00-04:00,172.04168637143127,173.75065470607606,168.60468023193414,173.57879638671875,39517100,0.0,0.0
2020-05-28 00:00:00-04:00,172.55725432023527,175.81286026389589,172.21355223443322,173.18736267089844,33810200,0.0,0.0
2020-05-29 00:00:00-04:00,174.45712104187402,175.92740760351523,172.2421637494854,174.95358276367188,42130400,0.0,0.0
2020-06-01 00:00:00-04:00,174.27573351783732,174.7149140285798,173.2446419269881,174.5526123046875,22622400,0.0,0.0
2020-06-02 00:00:00-04:00,175.90829885506685,176.62434349084052,173.13959875726144,176.53842163085938,30794600,0.0,0.0
2020-06-03 00:00:00-04:00,176.45253278895922,177.5218216500527,175.26866685848563,176.96807861328125,27311000,0.0,0.0
2020-06-04 00:00:00-04:00,175.95609226076186,177.42636462239412,174.0466393107112,174.63856506347656,28761800,0.0,0.0
2020-06-05 00:00:00-04:00,174.35211372363253,179.2307657407467,173.7697300929723,178.72476196289062,39893600,0.0,0.0
2020-06-08 00:00:00-04:00,177.52183912096902,180.01367574769202,176.0897494405068,179.832275390625,33211600,0.0,0.0
2020-06-09 00:00:00-04:00,179.48856656059746,182.06632497526755,178.78206376690073,181.2070770263672,29783900,0.0,0.0
2020-06-10 00:00:00-04:00,182.4768650348354,189.53229268503193,182.3622879583932,187.9283447265625,43872300,0.0,0.0
2020-06-11 00:00:00-04:00,184.38627533006792,186.8971953252528,177.6459107012866,177.83685302734375,52854700,0.0,0.0
2020-06-12 00:00:00-04:00,181.91357896246276,183.04016379580764,176.79624439425064,179.2403564453125,43373600,0.0,0.0
2020-06-15 00:00:00-04:00,176.2233791495134,182.1808764027824,175.67917817531608,180.385986328125,32770200,0.0,0.0
2020-06-16 00:00:00-04:00,184.15712934061932,186.72534505473695,182.79187791761518,184.8063507080078,42556700,0.0,0.0
2020-06-17 00:00:00-04:00,186.20025698099536,187.43186198574108,184.92092731873566,185.44602966308594,25687800,0.0,0.0
2020-06-18 00:00:00-04:00,185.2168824753063,187.59415595360647,185.2168824753063,187.43185424804688,23061600,0.0,0.0
2020-06-19 00:00:00-04:00,189.5990643945507,190.26736979216975,185.57011883866363,186.31480407714844,44441100,0.0,0.0
2020-06-22 00:00:00-04:00,186.92585117478592,191.6708419321121,186.39120679108157,191.4894561767578,32818900,0.0,0.0
2020-06-23 00:00:00-04:00,192.94064257672042,194.7164341520456,192.3105196959349,192.768798828125,30917400,0.0,0.0
2020-06-24 00:00:00-04:00,192.47285257091232,194.04814534058553,187.6610232442565,188.88307189941406,36740600,0.0,0.0
2020-06-25 00:00:00-04:00,188.8449137029155,191.5276929661655,186.62039910269064,191.26991271972656,27803900,0.0,0.0
2020-06-26 00:00:00-04:00,190.68745414699424,190.84021383073977,186.05704095618466,187.44139099121094,54675800,0.0,0.0
2020-06-29 00:00:00-04:00,186.91631141951098,189.5418087103916,184.78727587720945,189.4558868408203,26701600,0.0,0.0
2020-06-30 00:00:00-04:00,188.92122702942044,195.1460314274732,188.78756594278659,194.29632568359375,34310300,0.0,0.0
2020-07-01 00:00:00-04:00,193.94312423395402,197.0078024498145,192.63515370126262,195.4324951171875,32061200,0.0,0.0
2020-07-02 00:00:00-04:00,196.36808625569842,198.6021567312865,195.7188794044441,196.9218292236328,29315800,0.0,0.0
2020-07-06 00:00:00-04:00,199.37547900173317,201.5713522293772,198.66897635187513,201.1608123779297,31897600,0.0,0.0
2020-07-07 00:00:00-04:00,200.92217255815737,204.95111922366993,198.573553718546,198.82177734375,33600700,0.0,0.0
2020-07-08 00:00:00-04:00,200.5593426097686,203.60490699294047,199.2418157737364,203.1943817138672,33600000,0.0,0.0
2020-07-09 00:00:00-04:00,206.53598414373496,206.58372338201713,201.89601280133184,204.6169891357422,33121700,0.0,0.0
2020-07-10 00:00:00-04:00,203.94859866879057,204.3877791145161,201.52360062003234,203.996337890625,26177600,0.0,0.0
2020-07-13 00:00:00-04:00,204.76970154506353,206.02994730784758,197.15098942267588,197.6951904296875,38135600,0.0,0.0
2020-07-14 00:00:00-04:00,196.7977427138655,199.39459949227412,192.88335894065565,198.917236328125,37591800,0.0,0.0
2020-07-15 00:00:00-04:00,200.07246508448742,201.76233491712242,195.74755559239682,198.62127685546875,32179400,0.0,0.0
2020-07-16 00:00:00-04:00,196.10079616465617,196.3872169974201,193.1506950935159,194.68780517578125,29940700,0.0,0.0
2020-07-17 00:00:00-04:00,195.21289664393825,195.7570830844542,192.2723377574548,193.69488525390625,31635300,0.0,0.0
2020-07-20 00:00:00-04:00,195.71888148175816,202.68838602860433,193.8189709975405,202.02008056640625,36884800,0.0,0.0
2020-07-21 00:00:00-04:00,203.98682773991482,204.25414994239006,198.6117139304938,199.2991180419922,37990400,0.0,0.0
2020-07-22 00:00:00-04:00,199.7287294402567,202.68838665509594,198.9554035053253,202.1632843017578,49605700,0.0,0.0
2020-07-23 00:00:00-04:00,197.80974046340648,201.37086541200424,192.99791184978267,193.37025451660156,67457000,0.0,0.0
2020-07-24 00:00:00-04:00,191.34623758651531,193.6757720198578,188.56798064012895,192.1864013671875,39827000,0.0,0.0
2020-07-27 00:00:00-04:00,192.34871831188454,194.73553417958752,191.7663346574463,194.6209716796875,30160900,0.0,0.0
2020-07-28 00:00:00-04:00,194.39183650307967,195.43248474859328,192.60650285545827,192.8738250732422,23251400,0.0,0.0
2020-07-29 00:00:00-04:00,193.33210127421285,195.384757263023,192.86428008098164,194.82147216796875,19632600,0.0,0.0
2020-07-30 00:00:00-04:00,191.89997044030474,195.2033295752021,190.5347189367611,194.66867065429688,25079600,0.0,0.0
2020-07-31 00:00:00-04:00,195.146040474654,195.81436050677323,190.00006654872823,195.72842407226562,51044000,0.0,0.0
2020-08-03 00:00:00-04:00,201.94368939591592,207.78660906349435,200.91258335434932,206.7364044189453,78983000,0.0,0.0
2020-08-04 00:00:00-04:00,204.4737392836654,205.04658091707702,200.788495014236,203.63357543945312,49280100,0.0,0.0
2020-08-05 00:00:00-04:00,205.1706632320827,205.26614168330795,201.99143767140274,203.29940795898438,28806400,0.0,0.0
2020-08-06 00:00:00-04:00,202.72656173379298,206.5741072287933,201.97233443110602,206.55502319335938,32656800,0.0,0.0
2020-08-07 00:00:00-04:00,205.12295603956986,205.93446467221509,201.38041603878312,202.86024475097656,27820400,0.0,0.0
2020-08-10 00:00:00-04:00,202.08693995821375,202.2874389167021,197.00780296948204,198.82177734375,36716500,0.0,0.0
2020-08-11 00:00:00-04:00,197.781089947876,198.24889647860272,193.94308641173365,194.17222595214844,36446500,0.0,0.0
2020-08-12 00:00:00-04:00,195.99576625273997,200.7598559902992,195.48022043293267,199.71920776367188,28013100,0.0,0.0
2020-08-13 00:00:00-04:00,199.9579066140326,201.78143759879455,198.72630135644118,199.25140380859375,22588900,0.0,0.0
2020-08-14 00:00:00-04:00,199.30864542713067,200.10106995770388,198.1152376222854,199.4423065185547,17958900,0.0,0.0
2020-08-17 00:00:00-04:00,200.110665457067,201.62867698371005,199.46144390964133,200.75987243652344,20184800,0.0,0.0
2020-08-18 00:00:00-04:00,200.99852592603722,202.7456767958263,199.73829479069403,201.91506958007812,21336200,0.0,0.0
2020-08-19 00:00:00-04:00,202.4031936048161,202.98698512417485,200.25943147075444,200.69009399414062,27627600,0.51,0.0
2020-08-20 00:00:00-04:00,200.5369666654989,205.76238052182669,199.9340449690193,205.3604278564453,26981500,0.0,0.0
2020-08-21 00:00:00-04:00,204.67130623488606,206.95861707180677,203.7047070839733,203.86740112304688,36249300,0.0,0.0
2020-08-24 00:00:00-04:00,205.56136531180084,206.2600107782231,203.3027640605112,204.50863647460938,25460100,0.0,0.0
2020-08-25 00:00:00-04:00,203.94400397105503,207.30318892242852,203.94400397105503,207.16920471191406,23043700,0.0,0.0
2020-08-26 00:00:00-04:00,208.5186256041175,212.54773159064493,208.02096370870794,211.6481170654297,39600800,0.0,0.0
2020-08-27 00:00:00-04:00,213.313329440823,221.21842583025713,209.97327518288324,216.84478759765625,57602200,0.0,0.0
2020-08-28 00:00:00-04:00,218.37604632550872,220.73035677056092,216.84480044049,219.07469177246094,26292900,0.0,0.0
2020-08-31 00:00:00-04:00,217.24674611548022,218.8737012054003,214.6723219857965,215.83990478515625,28774200,0.0,0.0
2020-09-01 00:00:00-04:00,215.82078314493916,217.67743188072146,214.78718442801343,217.5051727294922,25725500,0.0,0.0
2020-09-02 00:00:00-04:00,218.17506668389095,222.85496288605776,217.58171021018055,221.6969451904297,34080800,0.0,0.0
2020-09-03 00:00:00-04:00,219.4192157670536,219.4574907062767,205.7240599096668,207.96351623535156,58400300,0.0,0.0
2020-09-04 00:00:00-04:00,205.85804048929984,208.97796639418414,196.3738290656058,205.0445556640625,59664100,0.0,0.0
2020-09-08 00:00:00-04:00,197.62758390865628,201.0059138357892,193.51233347805703,193.95257568359375,52924300,0.0,0.0
2020-09-09 00:00:00-04:00,198.68027236059635,205.6091894577203,197.81893296348866,202.2117156982422,45679000,0.0,0.0
2020-09-10 00:00:00-04:00,204.23112734952392,205.5135644951598,195.3402845371443,196.546142578125,35461500,0.0,0.0
2020-09-11 00:00:00-04:00,198.2975147945307,199.66608151141432,192.59359823494768,195.2637176513672,33620100,0.0,0.0
2020-09-14 00:00:00-04:00,195.46469845676776,200.211580595622,195.26371482037965,196.5844268798828,30375800,0.0,0.0
2020-09-15 00:00:00-04:00,199.46506793098098,200.76663503832762,198.03908170354327,199.80960083007812,21823900,0.0,0.0
2020-09-16 00:00:00-04:00,201.57055680650535,201.5992666668537,195.84749586051157,196.23988342285156,26328100,0.0,0.0
2020-09-17 00:00:00-04:00,191.4546997677352,195.55080508538697,191.36857019218812,194.1918182373047,34011300,0.0,0.0
2020-09-18 00:00:00-04:00,194.08657723453422,194.90004770421444,187.8179990586898,191.78012084960938,55225300,0.0,0.0
2020-09-21 00:00:00-04:00,188.71758312450748,194.00041619027272,187.94238773071473,193.83770751953125,39839700,0.0,0.0
2020-09-22 00:00:00-04:00,196.24947014944806,199.1588628798378,193.39751174927275,198.50807189941406,33517100,0.0,0.0
2020-09-23 00:00:00-04:00,198.96735134919416,199.15876982076148,191.4354988741164,191.971435546875,30803800,0.0,0.0
2020-09-24 00:00:00-04:00,191.2632721600438,196.73750842133498,190.64119122847163,194.4597625732422,31202500,0.0,0.0
2020-09-25 00:00:00-04:00,194.80431377069104,200.05842216755153,193.8376998854324,198.89085388183594,29437300,0.0,0.0
2020-09-28 00:00:00-04:00,201.8193699412056,203.43676002099645,199.12052657898317,200.4412384033203,32004900,0.0,0.0
2020-09-29 00:00:00-04:00,200.355116762719,201.04418255893373,197.92424170296624,198.3549041748047,24221900,0.0,0.0
2020-09-30 00:00:00-04:00,198.80473471797444,202.87213056801622,197.66586154345316,201.29302978515625,33829100,0.0,0.0
2020-10-01 00:00:00-04:00,204.31721060707213,204.79572764616043,202.2404484098106,203.3314666748047,27158400,0.0,0.0
2020-10-02 00:00:00-04:00,199.0631010382104,201.9246383727802,196.7087906293776,197.33087158203125,33154800,0.0,0.0
2020-10-05 00:00:00-04:00,198.31661938607914,201.36956068656312,198.0869259310169,201.34085083007812,21331600,0.0,0.0
2020-10-06 00:00:00-04:00,199.84788496263428,201.1494374315409,196.01974823333427,197.0629119873047,28554300,0.0,0.0
2020-10-07 00:00:00-04:00,198.16347981904158,201.0824367654406,197.83809172749062,200.81446838378906,25681100,0.0,0.0
2020-10-08 00:00:00-04:00,201.46528818614652,202.11607911333277,199.3693953051289,201.53228759765625,19925800,0.0,0.0
2020-10-09 00:00:00-04:00,202.15434835187833,206.58542177365823,202.15434835187833,206.53756713867188,26458000,0.0,0.0
2020-10-12 00:00:00-04:00,209.38949984869137,214.2416701052122,207.4945762789934,211.88735961914062,40461400,0.0,0.0
2020-10-13 00:00:00-04:00,213.150638001202,215.53365819061227,210.95902171302407,213.2846221923828,28950800,0.0,0.0
2020-10-14 00:00:00-04:00,213.41862756429836,214.58621046182856,209.71490986658227,211.37057495117188,23421700,0.0,0.0
2020-10-15 00:00:00-04:00,207.77211713637485,210.8920431681378,206.72893882786133,210.2221221923828,22733100,0.0,0.0
2020-10-16 00:00:00-04:00,210.69105957382027,212.73911204437525,209.8967340903278,210.2221221923828,26057900,0.0,0.0
2020-10-19 00:00:00-04:00,210.94950970851966,212.7487389598281,204.5373824831262,205.01589965820312,27625800,0.0,0.0
2020-10-20 00:00:00-04:00,206.5279815053005,208.03051759272938,203.93441242019458,205.42738342285156,22753500,0.0,0.0
2020-10-21 00:00:00-04:00,203.96311314649793,207.59984583306044,203.96311314649793,205.57093811035156,22724900,0.0,0.0
2020-10-22 00:00:00-04:00,204.73828435687028,206.77677152701523,202.60410254501258,205.65704345703125,22351500,0.0,0.0
2020-10-23 00:00:00-04:00,205.7910607935234,206.98735353152378,204.00141153049333,206.9394989013672,18879600,0.0,0.0
2020-10-26 00:00:00-04:00,204.6617488550272,207.04475442647643,199.15880276043248,201.05372619628906,37111600,0.0,0.0
2020-10-27 00:00:00-04:00,202.49890484318468,205.44657254250063,201.29304675840427,204.08758544921875,36700300,0.0,0.0
2020-10-28 00:00:00-04:00,198.74730111501765,199.8670294360928,193.41662793161626,193.97169494628906,51195600,0.0,0.0
2020-10-29 00:00:00-04:00,195.30194494131683,198.45058052991052,194.6320094260078,195.92401123046875,31432600,0.0,0.0
2020-10-30 00:00:00-04:00,194.7564655227637,195.51251613796734,191.04316804272622,193.77072143554688,36953700,0.0,0.0
2020-11-02 00:00:00-05:00,195.51248207470135,196.45995105310107,191.5216517890713,193.63670349121094,30842200,0.0,0.0
2020-11-03 00:00:00-05:00,195.12970170057392,199.1779522620544,194.39278128052757,197.56056213378906,27512000,0.0,0.0
2020-11-04 00:00:00-05:00,204.82446966001,208.93971976294654,203.29320905322973,207.09263610839844,42311800,0.0,0.0
2020-11-05 00:00:00-05:00,212.49985903019407,214.49049184070802,211.6480992096399,213.69615173339844,36080100,0.0,0.0
2020-11-06 00:00:00-05:00,212.71040498956907,214.72018254648174,208.66215462267135,214.10768127441406,25231900,0.0,0.0
2020-11-09 00:00:00-05:00,214.7967584460861,218.31863729684716,208.51861642294992,209.00669860839844,44395000,0.0,0.0
2020-11-10 00:00:00-05:00,205.28382581333628,207.19789411928815,200.70920373036594,201.9437713623047,44045100,0.0,0.0
2020-11-11 00:00:00-05:00,203.26447733100426,208.67171429881148,203.08263851065,207.24574279785156,29440800,0.0,0.0
2020-11-12 00:00:00-05:00,207.8774264775349,209.6957858040667,205.245582155711,206.1834716796875,21593900,0.0,0.0
2020-11-13 00:00:00-05:00,207.06392446312853,208.0783784000142,204.95845209936047,207.2074737548828,18621100,0.0,0.0
2020-11-16 00:00:00-05:00,205.63795909587304,208.38465751683182,205.30300584671159,207.8965606689453,24953300,0.0,0.0
2020-11-17 00:00:00-05:00,206.81507981110704,208.32718087457053,204.88186679385396,205.24554443359375,24154100,0.0,0.0
2020-11-18 00:00:00-05:00,205.00566720255588,206.4641717610796,202.3957178415829,202.53965759277344,28372800,0.56,0.0
2020-11-19 00:00:00-05:00,202.8275548867203,204.41078991307708,201.4362102764716,203.82546997070312,24792700,0.0,0.0
2020-11-20 00:00:00-05:00,203.6143280475377,204.6602228406842,201.50334356702317,201.8775634765625,22843100,0.0,0.0
2020-11-23 00:00:00-05:00,202.41495783104352,203.7007379028699,199.73784770290246,201.60894775390625,25683500,0.0,0.0
2020-11-24 00:00:00-05:00,201.10992980573758,205.58138849058068,200.40946989787446,205.20716857910156,33979700,0.0,0.0
2020-11-25 00:00:00-05:00,206.40658559838184,206.57929571662513,203.86381124815216,205.2167510986328,21012900,0.0,0.0
2020-11-27 00:00:00-05:00,206.15711338051779,207.51965801723676,205.37987391349907,206.521728515625,14512200,0.0,0.0
2020-11-30 00:00:00-05:00,205.43747642885162,206.07076156750256,202.30936731959918,205.40869140625,33064800,0.0,0.0
2020-12-01 00:00:00-05:00,205.83085273018764,208.52717154607495,204.7177978221333,207.4620819091797,30904500,0.0,0.0
2020-12-02 00:00:00-05:00,206.18588657342275,206.7520114581899,204.19004232609856,206.6560516357422,23724500,0.0,0.0
2020-12-03 00:00:00-05:00,205.9268176097469,207.62520699489636,205.00565304654657,205.57179260253906,25120900,0.0,0.0
2020-12-04 00:00:00-05:00,205.55261569818433,206.6656853723853,204.55468611392993,205.68695068359375,24666000,0.0,0.0
2020-12-07 00:00:00-05:00,205.69653117219067,206.81919092081037,204.3723762756061,205.61976623535156,24620000,0.0,0.0
2020-12-08 00:00:00-05:00,205.3127023945239,208.17212648413775,204.27639780388105,207.27015686035156,23284100,0.0,0.0
2020-12-09 00:00:00-05:00,206.45458405466127,206.52174422620556,202.6644048248487,203.23052978515625,32440600,0.0,0.0
2020-12-10 00:00:00-05:00,203.20177476417683,204.458769727923,201.84881995101082,202.00234985351562,26733300,0.0,0.0
2020-12-11 00:00:00-05:00,201.55130982077503,204.6890086289566,200.64934019188877,204.6314239501953,30979400,0.0,0.0
2020-12-14 00:00:00-05:00,204.47793178105667,207.46210106509508,204.2668318593756,205.53341674804688,28798400,0.0,0.0
2020-12-15 00:00:00-05:00,206.46417777084216,206.70406272172727,203.65273317434787,205.4662628173828,27000600,0.0,0.0
2020-12-16 00:00:00-05:00,206.06116863968117,211.20430246821877,206.0323836174708,210.4078826904297,35023300,0.0,0.0
2020-12-17 00:00:00-05:00,210.9740110508689,211.95274574604827,209.1029113699491,210.54222106933594,32515800,0.0,0.0
2020-12-18 00:00:00-05:00,209.74583435058594,210.8013341531294,207.27982429034196,209.74583435058594,63354900,0.0,0.0
2020-12-21 00:00:00-05:00,208.74787985959026,214.9369084468528,208.48880002213403,213.58395385742188,37181900,0.0,0.0
2020-12-22 00:00:00-05:00,213.67990881116995,216.50095801273704,212.87389893684067,214.87933349609375,22612200,0.0,0.0
2020-12-23 00:00:00-05:00,214.0829187368426,214.5147087051937,211.8663842100806,212.07748413085938,18699600,0.0,0.0
2020-12-24 00:00:00-05:00,212.46126778250064,214.56266196096558,212.25016788795264,213.73745727539062,10550600,0.0,0.0
2020-12-28 00:00:00-05:00,215.36867289022052,216.8847473038764,213.99653820983218,215.85804748535156,17933500,0.0,0.0
2020-12-29 00:00:00-05:00,217.15340433614244,217.98819910213228,214.53386533011712,215.08079528808594,17403200,0.0,0.0
2020-12-30 00:00:00-05:00,216.1171387725915,216.50096346628422,212.50927450036974,212.7107696533203,20272300,0.0,0.0
2020-12-31 00:00:00-05:00,212.7299675852491,213.97737223508196,210.79169311832163,213.42083740234375,20942100,0.0,0.0
2021-01-04 00:00:00-05:00,213.52638643641092,213.9773713050936,206.1187381508586,208.88221740722656,37130100,0.0,0.0
2021-01-05 00:00:00-05:00,208.46960485056292,209.678634329478,206.97272515420607,209.08370971679688,23823000,0.0,0.0
2021-01-06 00:00:00-05:00,203.58554280387045,207.73076146630103,203.36485276551582,203.6623077392578,35930700,0.0,0.0
2021-01-07 00:00:00-05:00,205.37988746553668,210.46545121287744,205.06325222351228,209.4579315185547,27694500,0.0,0.0
2021-01-08 00:00:00-05:00,209.83214589128676,211.65528020451683,208.24891115741627,210.73411560058594,22956200,0.0,0.0
2021-01-11 00:00:00-05:00,209.6306831372268,210.05288303587952,207.96107844021387,208.69033813476562,23031300,0.0,0.0
2021-01-12 00:00:00-05:00,207.74034052523803,208.3160701892637,204.68901137357724,206.23385620117188,23249300,0.0,0.0
2021-01-13 00:00:00-05:00,205.3606828455848,207.98981215260577,205.27431314841093,207.58680725097656,20087100,0.0,0.0
2021-01-14 00:00:00-05:00,207.17420728087288,208.66149665183414,204.1324683776545,204.40113830566406,29480800,0.0,0.0
2021-01-15 00:00:00-05:00,204.88093687983877,205.83087188668628,203.45121734402414,204.04612731933594,31746500,0.0,0.0
2021-01-19 00:00:00-05:00,205.10162077397675,208.2009300549652,204.0269409433611,207.6827850341797,30480900,0.0,0.0
2021-01-20 00:00:00-05:00,208.89180945322397,216.65448284404494,208.49839462519878,215.26315307617188,37777300,0.0,0.0
2021-01-21 00:00:00-05:00,215.60858068821213,217.1438501575346,213.42083121134726,215.86766052246094,30709400,0.0,0.0
2021-01-22 00:00:00-05:00,217.89231390553917,220.76134336758975,216.66410405188256,216.8080291748047,30172700,0.0,0.0
2021-01-25 00:00:00-05:00,219.84973400806652,220.48303373157987,215.14799527840105,220.24314880371094,33152100,0.0,0.0
2021-01-26 00:00:00-05:00,222.47890098214344,224.7050257283065,220.7709212912737,222.9298858642578,49169600,0.0,0.0
2021-01-27 00:00:00-05:00,228.37044973267308,230.7117289549116,220.82846706760978,223.47679138183594,69870600,0.0,0.0
2021-01-28 00:00:00-05:00,226.0771982785926,232.82276265959592,225.57823342690412,229.2628631591797,49111200,0.0,0.0
2021-01-29 00:00:00-05:00,226.4418038621358,228.38966849505235,221.98953975241002,222.57485961914062,42503100,0.0,0.0
2021-02-01 00:00:00-05:00,225.54940574495873,232.68838365200105,223.02581157927415,229.9536895751953,33314200,0.0,0.0
2021-02-02 00:00:00-05:00,231.53693548030532,232.50606531871057,229.03253624582663,229.81935119628906,25916300,0.0,0.0
2021-02-03 00:00:00-05:00,229.87696773203956,235.17361713548425,229.5794980812515,233.16818237304688,27158100,0.0,0.0
2021-02-04 00:00:00-05:00,232.84192558169505,233.39846040880124,230.64457129523996,232.2182159423828,25296100,0.0,0.0
2021-02-05 00:00:00-05:00,232.42934349707153,233.4368633100368,230.69257863848463,232.4005584716797,18054800,0.0,0.0
2021-02-08 00:00:00-05:00,233.312102244531,233.82065717970994,231.06678257131648,232.6596221923828,22211900,0.0,0.0
2021-02-09 00:00:00-05:00,232.08384831884888,234.8569172961057,231.6136832651914,233.906982421875,23565000,0.0,0.0
2021-02-10 00:00:00-05:00,235.0872579374984,235.97003282257953,231.1435486574617,232.99546813964844,22186700,0.0,0.0
2021-02-11 00:00:00-05:00,234.87614522468496,235.23117025659255,232.3525509282651,234.59788513183594,15751100,0.0,0.0
2021-02-12 00:00:00-05:00,234.06055791477417,235.37513751785033,232.9091129771485,235.0776824951172,16561100,0.0,0.0
2021-02-16 00:00:00-05:00,235.11601808481555,236.17151764085375,233.0913886756254,233.83982849121094,26728500,0.0,0.0
2021-02-17 00:00:00-05:00,232.08943909780746,234.96506123995204,231.72396952450393,234.85926818847656,21653500,0.56,0.0
2021-02-18 00:00:00-05:00,232.55109320398296,234.5996101987233,231.64704608816618,234.4649658203125,16925600,0.0,0.0
2021-02-19 00:00:00-05:00,234.42651669715636,234.53230976349187,230.99306282392587,231.7528533935547,25262600,0.0,0.0
2021-02-22 00:00:00-05:00,228.33862759094472,228.82911468835837,223.51063965852657,225.53993225097656,36446900,0.0,0.0
2021-02-23 00:00:00-05:00,221.5198046781942,225.84767822105573,219.98099932623367,224.34735107421875,30228700,0.0,0.0
2021-02-24 00:00:00-05:00,221.21201778644493,226.20350050371414,220.24065598414828,225.578369140625,26339700,0.0,0.0
2021-02-25 00:00:00-05:00,223.20288228767947,225.61686886141217,219.16353629900811,220.2310791015625,39542200,0.0,0.0
2021-02-26 00:00:00-05:00,222.67388574666353,226.36700072234382,220.7599987421443,223.4913787841797,37819200,0.0,0.0
2021-03-01 00:00:00-05:00,226.87678608775025,228.38674041190882,224.23197397293902,227.87701416015625,25324000,0.0,0.0
2021-03-02 00:00:00-05:00,227.9443015684846,228.22321721235295,224.5204748274745,224.92440795898438,22812500,0.0,0.0
2021-03-03 00:00:00-05:00,223.2798287097905,224.6455116135166,218.56724606158295,218.85577392578125,34029500,0.0,0.0
2021-03-04 00:00:00-05:00,218.0671372652844,223.59719816718902,215.68198738845186,218.05751037597656,44727800,0.0,0.0
2021-03-05 00:00:00-05:00,220.74083051607226,224.34739246721543,217.79787831196157,222.74127197265625,41872800,0.0,0.0
2021-03-08 00:00:00-05:00,222.52002038744914,224.44351976146905,218.44221110661374,218.6922607421875,35267400,0.0,0.0
2021-03-09 00:00:00-05:00,223.97227598423436,226.37665024660328,222.808552384188,224.8378448486328,33080500,0.0,0.0
2021-03-10 00:00:00-05:00,227.9346923560373,227.9346923560373,223.16440710536557,223.52987670898438,29746800,0.0,0.0
2021-03-11 00:00:00-05:00,225.9727277040274,230.02168593321738,225.3475815614815,228.05972290039062,29907600,0.0,0.0
2021-03-12 00:00:00-05:00,225.05904836070448,226.7998276939092,224.30888474756043,226.7324981689453,22653700,0.0,0.0
2021-03-15 00:00:00-04:00,225.97271669511534,226.19391501778802,222.94319632529994,225.8284454345703,26034900,0.0,0.0
2021-03-16 00:00:00-04:00,227.24221351806312,230.87762613927848,226.91522214846157,228.61752319335938,28092200,0.0,0.0
2021-03-17 00:00:00-04:00,227.11723348186302,229.42544205169168,224.30892552910623,227.9731903076172,29562100,0.0,0.0
2021-03-18 00:00:00-04:00,223.66454419174724,225.23220115327058,221.51984612163352,221.89492797851562,34833000,0.0,0.0
2021-03-19 00:00:00-04:00,222.18344837964992,223.57798268898384,220.57732793509152,221.53907775878906,46430700,0.0,0.0
2021-03-22 00:00:00-04:00,221.4621381695142,227.83852958365864,221.3371059951713,226.96334838867188,30127000,0.0,0.0
2021-03-23 00:00:00-04:00,228.4059692318967,231.82979623103833,228.0020360699332,228.49252319335938,31638400,0.0,0.0
2021-03-24 00:00:00-04:00,228.75217929157247,228.8964358811069,226.31895364718338,226.45359802246094,25620100,0.0,0.0
2021-03-25 00:00:00-04:00,226.29971226671537,227.87698122201323,222.71238991673437,223.4529266357422,34061900,0.0,0.0
2021-03-26 00:00:00-04:00,222.69315122370767,227.65578331481655,222.69315122370767,227.4345703125,25479900,0.0,0.0
2021-03-29 00:00:00-04:00,227.54037302898925,227.74234693638846,223.0105398608901,226.2420196533203,25227500,0.0,0.0
2021-03-30 00:00:00-04:00,224.59742201837378,224.90518898802316,222.2603771275382,222.981689453125,24792000,0.0,0.0
2021-03-31 00:00:00-04:00,224.00111959464277,229.95435241146978,223.50100565623833,226.75172424316406,43623500,0.0,0.0
2021-04-01 00:00:00-04:00,229.34843902978423,233.55128028262237,228.9445059398782,233.0800323486328,30338000,0.0,0.0
2021-04-05 00:00:00-04:00,233.4743464742084,240.39895589372134,233.41664384156837,239.54299926757812,36910600,0.0,0.0
2021-04-06 00:00:00-04:00,238.13886553157835,239.86039119458903,237.43679229555985,238.37930297851562,22931900,0.0,0.0
2021-04-07 00:00:00-04:00,238.33117904802756,241.33183326791055,237.73489895949572,240.3412322998047,22719800,0.0,0.0
2021-04-08 00:00:00-04:00,243.10145937695617,244.41905168102002,242.36090804888016,243.56309509277344,23625200,0.0,0.0
2021-04-09 00:00:00-04:00,243.1976350767871,246.19830403516193,242.78408976152787,246.06365966796875,24326800,0.0,0.0
2021-04-12 00:00:00-04:00,244.967241332696,247.81402653904584,244.88067271762253,246.121337890625,27148700,0.0,0.0
2021-04-13 00:00:00-04:00,247.41978857557922,249.27595883783357,247.00621381251946,248.60272216796875,23837500,0.0,0.0
2021-04-14 00:00:00-04:00,247.63131962681794,248.92965822222618,245.40005331204884,245.8135986328125,23070900,0.0,0.0
2021-04-15 00:00:00-04:00,248.0640664746041,249.9875656683285,247.87173416539272,249.5740203857422,25627500,0.0,0.0
2021-04-16 00:00:00-04:00,249.54522040689776,251.01669641879005,247.74675298683772,250.76663208007812,24878600,0.0,0.0
2021-04-19 00:00:00-04:00,250.23768863098698,251.47835411992395,247.95834624800946,248.8431396484375,23209300,0.0,0.0
2021-04-20 00:00:00-04:00,247.9582975398235,250.24726636347467,247.01577233294665,248.3814697265625,19722900,0.0,0.0
2021-04-21 00:00:00-04:00,249.0354776372496,250.7089127767267,247.41011824420272,250.61273193359375,24030400,0.0,0.0
2021-04-22 00:00:00-04:00,250.25690440342183,251.76685861637338,245.86171549830988,247.3332061767578,25606200,0.0,0.0
2021-04-23 00:00:00-04:00,248.01603848589244,251.5071948907045,247.4293558567117,251.16094970703125,21462600,0.0,0.0
2021-04-26 00:00:00-04:00,251.6514315090625,252.40159510547846,250.2184338396931,251.54562377929688,19763300,0.0,0.0
2021-04-27 00:00:00-04:00,251.5745037037294,253.12293616808492,250.17035719184975,251.94960021972656,31014200,0.0,0.0
2021-04-28 00:00:00-04:00,246.2848623553483,246.72728837126857,243.2745956256258,244.82301330566406,46903100,0.0,0.0
2021-04-29 00:00:00-04:00,245.68858324908823,246.30410246614957,239.47567376972953,242.85140991210938,40589000,0.0,0.0
2021-04-30 00:00:00-04:00,240.18738532021044,243.39962592937061,240.05274094363295,242.53404235839844,30945100,0.0,0.0
2021-05-03 00:00:00-04:00,243.70740667468556,244.6210807743758,241.51461818570527,242.226318359375,19626600,0.0,0.0
2021-05-04 00:00:00-04:00,241.37033780215654,241.6011630269946,236.35961510876282,238.3119659423828,32756100,0.0,0.0
2021-05-05 00:00:00-04:00,239.53339357356575,239.95656581721718,236.41733373419922,237.04246520996094,21901300,0.0,0.0
2021-05-06 00:00:00-04:00,237.0232569516724,240.30282759163487,235.33058243192016,240.17779541015625,26491100,0.0,0.0
2021-05-07 00:00:00-04:00,242.5051899813875,244.57296071817902,241.56267934946032,242.8033447265625,27032900,0.0,0.0
2021-05-10 00:00:00-04:00,241.2741239707765,242.10122923611513,237.66756287339308,237.7252655029297,29299900,0.0,0.0
2021-05-11 00:00:00-04:00,235.19591291269418,237.16750290744034,233.29165244697984,236.8116455078125,33641600,0.0,0.0
2021-05-12 00:00:00-04:00,232.90692968884187,235.03240304314005,228.96376461216937,229.85818481445312,36684400,0.0,0.0
2021-05-13 00:00:00-04:00,232.55112159269123,236.20577403515946,232.1856519459029,233.73406982421875,29624300,0.0,0.0
2021-05-14 00:00:00-04:00,236.18652891096247,239.64881955102913,236.09997494686687,238.65821838378906,23901100,0.0,0.0
2021-05-17 00:00:00-04:00,237.11939542012004,237.15785895170106,234.2052949545859,235.80178833007812,24970200,0.0,0.0
2021-05-18 00:00:00-04:00,236.85011911302658,236.9847634933357,233.6090124207186,233.78213500976562,20168000,0.0,0.0
2021-05-19 00:00:00-04:00,230.68774884544365,234.4665109627716,230.00333811399742,234.3604736328125,25739800,0.56,0.0
2021-05-20 00:00:00-04:00,235.17024649146305,239.01647932099823,235.07384355914962,237.5994415283203,21800700,0.0,0.0
2021-05-21 00:00:00-04:00,238.6501927760456,239.38280508852012,235.92215439273173,236.33665466308594,21863100,0.0,0.0
2021-05-24 00:00:00-04:00,238.8622600660612,242.11085087546613,238.59234948431563,241.74453735351562,21411500,0.0,0.0
2021-05-25 00:00:00-04:00,242.69882096650312,243.64350779809467,241.7830520689078,242.65061950683594,17704300,0.0,0.0
2021-05-26 00:00:00-04:00,242.37108923531312,243.82669406493432,241.71559637327553,242.42893981933594,17771600,0.0,0.0
2021-05-27 00:00:00-04:00,242.12046985764556,242.41929836060615,240.2696482540312,240.32748413085938,24426200,0.0,0.0
2021-05-28 00:00:00-04:00,241.95663718231125,242.99772726674445,240.56851706973367,240.68418884277344,18270200,0.0,0.0
2021-06-01 00:00:00-04:00,242.17835290026315,242.2361887883552,238.062208634772,238.48634338378906,23213300,0.0,0.0
2021-06-02 00:00:00-04:00,239.19002042782085,240.28894628092957,236.98251960220148,238.38992309570312,19406700,0.0,0.0
2021-06-03 00:00:00-04:00,236.38484216295458,237.4644843931223,234.24482652171346,236.85719299316406,25307700,0.0,0.0
2021-06-04 00:00:00-04:00,238.83332101073105,242.5831655924148,238.59232839054823,241.754150390625,25281100,0.0,0.0
2021-06-07 00:00:00-04:00,240.97336560600587,244.9352853461703,240.80949236967595,244.66537475585938,23079200,0.0,0.0
2021-06-08 00:00:00-04:00,245.96672717215935,246.78610801695257,243.4121964089367,243.4700469970703,22455000,0.0,0.0
2021-06-09 00:00:00-04:00,244.6653522763675,246.3233827268109,244.0869787969945,244.45327758789062,17937600,0.0,0.0
2021-06-10 00:00:00-04:00,245.12803093353816,248.18381539117556,244.53037398172262,247.97174072265625,24563600,0.0,0.0
2021-06-11 00:00:00-04:00,248.69474693138196,249.1767321950456,247.364462896783,248.59837341308594,18999700,0.0,0.0
2021-06-14 00:00:00-04:00,248.6079545784637,250.5841115039967,247.54758127915835,250.52627563476562,19150500,0.0,0.0
2021-06-15 00:00:00-04:00,250.41060880971204,250.62268349864868,248.39591397383663,249.05140686035156,18038900,0.0,0.0
2021-06-16 00:00:00-04:00,250.0539296958221,251.19140777035565,245.2533609570407,248.10671997070312,27220000,0.0,0.0
2021-06-17 00:00:00-04:00,246.84394367477012,252.31928929132428,246.7861077957115,251.49990844726562,27565500,0.0,0.0
2021-06-18 00:00:00-04:00,250.27572217054725,252.8495075129771,249.4274232319908,250.08291625976562,37202200,0.0,0.0
2021-06-21 00:00:00-04:00,250.45886261108456,254.0255363833083,248.62732425042375,253.16761779785156,26696100,0.0,0.0
2021-06-22 00:00:00-04:00,253.25434630223117,256.2137429771152,252.94586866318434,255.94383239746094,24694100,0.0,0.0
2021-06-23 00:00:00-04:00,256.40649276796773,257.21622442270666,254.9027012065892,255.71243286132812,19518700,0.0,0.0
2021-06-24 00:00:00-04:00,256.570395632236,258.1995081549481,255.9052536238839,257.081298828125,21446900,0.0,0.0
2021-06-25 00:00:00-04:00,256.6378916177677,257.62113099402075,255.22085372425926,255.47146606445312,25611100,0.0,0.0
2021-06-28 00:00:00-04:00,256.59924238943444,259.2115935216223,256.3293318970096,259.0380859375,19590000,0.0,0.0
2021-06-29 00:00:00-04:00,259.1827076638087,261.8625441052316,258.32478933523726,261.6215515136719,19937800,0.0,0.0
2021-06-30 00:00:00-04:00,260.937192340073,261.58303613893975,259.88646796346177,261.1396179199219,21656500,0.0,0.0
2021-07-01 00:00:00-04:00,259.8960708022507,262.0457355946611,259.8864511015799,261.81439208984375,16725300,0.0,0.0
2021-07-02 00:00:00-04:00,262.9905183960225,267.98388003563406,262.68204068241107,267.646484375,26458000,0.0,0.0
2021-07-06 00:00:00-04:00,268.0127618499895,269.30447900628104,264.41714069196416,267.6560974121094,31565600,0.0,0.0
2021-07-07 00:00:00-04:00,269.3333351246347,270.57686522962035,267.1644016340529,269.84423828125,23260000,0.0,0.0
2021-07-08 00:00:00-04:00,266.92342963956736,268.687512155592,264.96657067142803,267.4247131347656,24618600,0.0,0.0
2021-07-09 00:00:00-04:00,265.78594865890636,268.0319869902947,265.4003663407423,267.92596435546875,23916700,0.0,0.0
2021-07-12 00:00:00-04:00,269.1019488683549,269.6899566228085,266.6148890536152,267.3282470703125,18931700,0.0,0.0
2021-07-13 00:00:00-04:00,267.5211162985636,272.6590961854653,267.3958248289247,270.8564758300781,26120100,0.0,0.0
2021-07-14 00:00:00-04:00,272.1770600273276,273.43985895218515,270.4418955818897,272.331298828125,23113700,0.0,0.0
2021-07-15 00:00:00-04:00,271.83971576724895,272.3313501989015,269.74788657077227,270.9046630859375,22604200,0.0,0.0
2021-07-16 00:00:00-04:00,271.9071833087747,273.86404237165414,269.3912048461886,270.6347351074219,26186800,0.0,0.0
2021-07-19 00:00:00-04:00,268.8803790700278,270.268499431674,264.5618085387333,267.0295715332031,32935600,0.0,0.0
2021-07-20 00:00:00-04:00,268.0127562566112,270.8468322958229,266.30653881179984,269.25628662109375,26259700,0.0,0.0
2021-07-21 00:00:00-04:00,268.85139551202195,271.3769937870509,267.29941696059126,271.2613220214844,24364300,0.0,0.0
2021-07-22 00:00:00-04:00,273.6133860645504,276.1004464547859,273.20853492440204,275.8305358886719,23384100,0.0,0.0
2021-07-23 00:00:00-04:00,277.01615740784973,279.5417550419891,276.1775079022582,279.2333068847656,22768100,0.0,0.0
2021-07-26 00:00:00-04:00,278.58749439112125,279.2526364370559,276.3125379693512,278.63568115234375,23176100,0.0,0.0
2021-07-27 00:00:00-04:00,279.00198503858365,279.14657473530417,272.7554747958883,276.21612548828125,33604100,0.0,0.0
2021-07-28 00:00:00-04:00,278.57784165912227,279.69605103462703,273.60375005831014,275.90765380859375,33566900,0.0,0.0
2021-07-29 00:00:00-04:00,275.92687903313424,278.22113330159044,275.7726402383259,276.1775207519531,18168300,0.0,0.0
2021-07-30 00:00:00-04:00,274.8955392583509,276.3318461969554,273.6809267546416,274.6448974609375,20944800,0.0,0.0
2021-08-02 00:00:00-04:00,276.042660334294,276.43789188697247,273.51706158025235,274.55816650390625,16267400,0.0,0.0
2021-08-03 00:00:00-04:00,275.1365663176077,276.8813511605978,273.76771479966516,276.7752990722656,17879000,0.0,0.0
2021-08-04 00:00:00-04:00,275.90760465805386,277.2282393780746,274.39416409389577,276.1871643066406,16191300,0.0,0.0
2021-08-05 00:00:00-04:00,276.5438479043771,279.19476664668434,275.7919521287353,279.0887145996094,13900200,0.0,0.0
2021-08-06 00:00:00-04:00,278.11515991153345,279.06948136668063,277.2572119794153,279.0309143066406,16589300,0.0,0.0
2021-08-09 00:00:00-04:00,279.3105016862304,281.0456371253441,277.44039623262665,277.941650390625,16117600,0.0,0.0
2021-08-10 00:00:00-04:00,278.3947075539528,278.82850610681834,274.9244368032252,276.1197509765625,18616600,0.0,0.0
2021-08-11 00:00:00-04:00,276.86197097908934,278.2597400314421,275.56060486449303,276.6113586425781,13955900,0.0,0.0
2021-08-12 00:00:00-04:00,276.3028066609547,279.52246387295446,276.02324704209923,279.36822509765625,14561300,0.0,0.0
2021-08-13 00:00:00-04:00,279.05025154128384,282.34701489324834,278.8767144558767,282.298828125,18249000,0.0,0.0
2021-08-16 00:00:00-04:00,282.62651582587677,284.19779246209333,279.5707163690693,283.9857177734375,22507600,0.0,0.0
2021-08-17 00:00:00-04:00,281.8553342308899,282.85784231873345,280.5925058757382,282.52044677734375,20075300,0.0,0.0
2021-08-18 00:00:00-04:00,282.0569342270461,284.7419017311571,280.3474209141482,280.7917175292969,21813000,0.56,0.0
2021-08-19 00:00:00-04:00,278.82137366846274,287.3012354570532,278.77309466681965,286.6251525878906,29850500,0.0,0.0
2021-08-20 00:00:00-04:00,289.47437850845176,295.3851678311773,287.8711203793521,293.95574951171875,40817600,0.0,0.0
2021-08-23 00:00:00-04:00,292.88373370980867,294.96023243975304,291.53159705828915,294.2358703613281,22830200,0.0,0.0
2021-08-24 00:00:00-04:00,294.5932520997744,295.2017210327995,291.67649773321614,292.2752990722656,18175800,0.0,0.0
2021-08-25 00:00:00-04:00,293.89779358408,294.177888473637,290.1504523062321,291.68609619140625,20006100,0.0,0.0
2021-08-26 00:00:00-04:00,290.7009502786529,292.0917276855508,288.7307068475188,288.86590576171875,17666100,0.0,0.0
2021-08-27 00:00:00-04:00,288.76924807528826,290.5849864415194,286.68308247202424,289.47430419921875,22605700,0.0,0.0
2021-08-30 00:00:00-04:00,290.8265605652713,293.8205965889034,290.76861395298687,293.2121276855469,16348100,0.0,0.0
2021-08-31 00:00:00-04:00,294.01372783579956,294.09098014921955,291.19353206893163,291.560546875,26285300,0.0,0.0
2021-09-01 00:00:00-04:00,292.51672508932046,294.7574255733718,291.1838941208008,291.51226806640625,18983800,0.0,0.0
2021-09-02 00:00:00-04:00,291.86965443462645,292.9899752392988,289.9186869338931,290.85552978515625,16285600,0.0,0.0
2021-09-03 00:00:00-04:00,290.70086822063246,292.25584687837363,289.9958415987023,290.84576416015625,14747900,0.0,0.0
2021-09-07 00:00:00-04:00,290.72028392327735,290.7975362346447,288.0063433181321,289.91864013671875,17180400,0.0,0.0
2021-09-08 00:00:00-04:00,289.532246581357,290.33386069130086,287.301214539658,289.9475402832031,15046800,0.0,0.0
2021-09-09 00:00:00-04:00,290.53671457982546,291.8115985033089,286.84729116839253,287.0887451171875,19927000,0.0,0.0
2021-09-10 00:00:00-04:00,288.21882300502165,289.66754700158504,285.2827341191642,285.6014404296875,19633400,0.0,0.0
2021-09-13 00:00:00-04:00,287.3785621651602,288.3347401247705,284.02717919615515,286.83770751953125,23652900,0.0,0.0
2021-09-14 00:00:00-04:00,289.3197829043386,291.0872423497249,287.9097000686196,289.54193115234375,21853400,0.0,0.0
2021-09-15 00:00:00-04:00,292.89338425416526,294.88296295581523,291.5026067865931,294.4000549316406,28356300,0.0,0.0
2021-09-16 00:00:00-04:00,293.3762633965969,294.8732663344174,290.4788155367918,294.7863464355469,19550800,0.0,0.0
2021-09-17 00:00:00-04:00,293.77228951678643,294.0909958539162,289.2908887656017,289.6192626953125,41372500,0.0,0.0
2021-09-20 00:00:00-04:00,286.20022923488347,288.5085435171126,279.623024933343,284.2396240234375,38278700,0.0,0.0
2021-09-21 00:00:00-04:00,285.58209392497275,287.3688591603671,284.0174769480889,284.7225036621094,22364100,0.0,0.0
2021-09-22 00:00:00-04:00,286.58649456921006,289.957181828061,284.4423826013445,288.37322998046875,26626300,0.0,0.0
2021-09-23 00:00:00-04:00,288.6341031456623,290.6140140574866,287.3592190151945,289.31982421875,18604600,0.0,0.0
2021-09-24 00:00:00-04:00,288.0352344625771,289.5515427512901,286.7796563346563,289.116943359375,14999000,0.0,0.0
2021-09-27 00:00:00-04:00,286.01673319852733,286.3354394750528,282.9261105458033,284.11407470703125,23571700,0.0,0.0
2021-09-28 00:00:00-04:00,279.89347912445993,280.83998946296117,273.0844877708486,273.8281555175781,43186200,0.0,0.0
2021-09-29 00:00:00-04:00,275.354120921642,276.9670169803439,273.3355692133675,274.2917175292969,26353700,0.0,0.0
2021-09-30 00:00:00-04:00,275.9432580263495,277.99078305918914,271.9930744536801,272.2828369140625,32343600,0.0,0.0
2021-10-01 00:00:00-04:00,272.4760010388448,280.06733000946844,271.6743867398195,279.2174072265625,30086300,0.0,0.0
2021-10-04 00:00:00-04:00,277.5755184047133,277.91355990677107,270.66993975281525,273.4321594238281,31350700,0.0,0.0
2021-10-05 00:00:00-04:00,274.3400234963345,280.472961002074,274.3400234963345,278.8890380859375,24993000,0.0,0.0
2021-10-06 00:00:00-04:00,276.01088350495075,283.5925446758009,275.7501238068665,283.0903015136719,28002600,0.0,0.0
2021-10-07 00:00:00-04:00,285.0895803576917,286.4996930408869,283.8726721525356,284.7708740234375,20430500,0.0,0.0
2021-10-08 00:00:00-04:00,286.09403732292327,286.4996930408869,283.7181380444717,284.7708740234375,17685700,0.0,0.0
2021-10-11 00:00:00-04:00,282.90678071411924,287.7841387766023,282.74257905730633,284.1719970703125,19298600,0.0,0.0
2021-10-12 00:00:00-04:00,285.244124459348,285.3407119645678,282.3563437417965,282.86822509765625,17974100,0.0,0.0
2021-10-13 00:00:00-04:00,284.8287718321762,287.1177508091328,283.4573002795523,286.180908203125,23416300,0.0,0.0
2021-10-14 00:00:00-04:00,288.981730216928,292.90293991134115,287.6488997295382,292.4007263183594,27262900,0.0,0.0
2021-10-15 00:00:00-04:00,292.0047810007027,294.0426679135802,290.2469889567608,293.81085205078125,25384800,0.0,0.0
2021-10-18 00:00:00-04:00,293.19277722849347,297.67414824934616,292.3428544122026,296.7856140136719,22729300,0.0,0.0
2021-10-19 00:00:00-04:00,297.80937465142074,298.7268821826882,296.7179978366252,297.6934814453125,17682100,0.0,0.0
2021-10-20 00:00:00-04:00,298.6399462045998,299.1132160698903,295.6459108190313,296.9014892578125,16537100,0.0,0.0
2021-10-21 00:00:00-04:00,296.6697476260682,300.3881160719364,295.88740946015713,300.13702392578125,16918100,0.0,0.0
2021-10-22 00:00:00-04:00,299.78924655970684,300.45566188219726,297.2781193491711,298.5916442871094,17449300,0.0,0.0
2021-10-25 00:00:00-04:00,298.7847975055776,298.8234383950236,295.9839372451796,297.59686279296875,17554500,0.0,0.0
2021-10-26 00:00:00-04:00,300.36877617922386,301.7209126851576,298.0508236727138,299.5091857910156,28107300,0.0,0.0
2021-10-27 00:00:00-04:00,305.1978286314873,314.95257525160673,305.1978286314873,312.12274169921875,52588700,0.0,0.0
2021-10-28 00:00:00-04:00,313.24302443961284,313.764573222759,310.3745503438478,313.2623596191406,26297900,0.0,0.0
2021-10-29 00:00:00-04:00,313.0499226160472,320.65088928161384,312.82777434101513,320.28387451171875,34766000,0.0,0.0
2021-11-01 00:00:00-04:00,320.03274302106945,320.1583038041811,315.2133311036617,318.11077880859375,27073200,0.0,0.0
2021-11-02 00:00:00-04:00,319.0186709413644,322.05134723722267,318.71927034838023,321.7422790527344,26487100,0.0,0.0
2021-11-03 00:00:00-04:00,322.48590153526277,323.45171737063305,319.3470000703094,322.5824890136719,21500100,0.0,0.0
2021-11-04 00:00:00-04:00,321.5105732187682,325.03579650052694,318.24610970368514,324.939208984375,23992200,0.0,0.0
2021-11-05 00:00:00-04:00,326.93840469718674,327.20883201566943,322.98822053910783,324.5721435546875,22570100,0.0,0.0
2021-11-08 00:00:00-05:00,325.76973752761745,326.1077790354794,323.00751780917733,325.4703369140625,20897000,0.0,0.0
2021-11-09 00:00:00-05:00,325.5862325391553,327.1412116971149,323.09444011363706,324.4659118652344,21307400,0.0,0.0
2021-11-10 00:00:00-05:00,323.1329962015434,323.19094279104263,318.64195866919874,319.4918518066406,25500900,0.0,0.0
2021-11-11 00:00:00-05:00,319.92656727683465,322.36041311749693,319.2118728300362,321.06622314453125,16849800,0.0,0.0
2021-11-12 00:00:00-05:00,322.5052609389951,325.7021092362378,322.3797001550684,325.20953369140625,23831000,0.0,0.0
2021-11-15 00:00:00-05:00,326.001507143793,326.3298810128746,322.6114839029454,324.5817565917969,16723000,0.0,0.0
2021-11-16 00:00:00-05:00,324.2050832986667,329.0245248169212,324.0409110967214,327.9041748046875,20886800,0.0,0.0
2021-11-17 00:00:00-05:00,327.95258165019357,331.0972263739965,327.04305127550737,328.1267395019531,19053400,0.62,0.0
2021-11-18 00:00:00-05:00,327.2172638831465,331.34886284820635,326.19162810232604,330.20709228515625,22463500,0.0,0.0
2021-11-19 00:00:00-05:00,331.5326605674157,333.9129065317172,331.10692167581175,331.9873962402344,21963400,0.0,0.0
2021-11-22 00:00:00-05:00,333.44845158059155,338.33476348925745,328.542798641945,328.813720703125,31031100,0.0,0.0
2021-11-23 00:00:00-05:00,326.12378600321955,328.4460084531874,322.7469313241808,326.7333679199219,30427600,0.0,0.0
2021-11-24 00:00:00-05:00,325.3787981778286,327.1978588759329,323.0856312760888,326.9559631347656,21661300,0.0,0.0
2021-11-26 00:00:00-05:00,323.5113311922407,326.9752647962539,317.48327941794133,318.9927062988281,24217200,0.0,0.0
2021-11-29 00:00:00-05:00,324.08222027388626,328.03963080841186,323.88869188174414,325.7174377441406,28563500,0.0,0.0
2021-11-30 00:00:00-05:00,324.44993871925334,326.8301846318638,318.32512179204315,319.8732604980469,42885600,0.0,0.0
2021-12-01 00:00:00-05:00,324.26607225872357,328.28153551508353,318.71215568609364,319.3797607421875,33337600,0.0,0.0
2021-12-02 00:00:00-05:00,319.59263875837576,322.6792307522383,317.17368136684007,318.80889892578125,30766000,0.0,0.0
2021-12-03 00:00:00-05:00,321.2278153745193,321.91482044651934,307.7203672897264,312.5389404296875,41779300,0.0,0.0
2021-12-06 00:00:00-05:00,313.4484686429607,316.83500853773074,308.8814765180251,315.6158447265625,30032600,0.0,0.0
2021-12-07 00:00:00-05:00,320.88919559415706,324.91431432856854,319.3991097138028,324.0628662109375,31021900,0.0,0.0
2021-12-08 00:00:00-05:00,324.4402417546736,324.6240848803563,320.07643313181967,324.11126708984375,24761000,0.0,0.0
2021-12-09 00:00:00-05:00,323.5694111588265,325.5819706607434,321.35363798124615,322.3018798828125,22214200,0.0,0.0
2021-12-10 00:00:00-05:00,324.12095759451194,331.88096247168323,323.9371144658651,331.4358825683594,38095700,0.0,0.0
2021-12-13 00:00:00-05:00,329.63617965813285,332.6453782369156,328.08804090407773,328.3976745605469,28899400,0.0,0.0
2021-12-14 00:00:00-05:00,322.4179762857992,323.79195700121716,313.6032806801942,317.6961669921875,44438700,0.0,0.0
2021-12-15 00:00:00-05:00,317.9574263221584,324.3241388150982,313.9806744799815,323.8016357421875,35381100,0.0,0.0
2021-12-16 00:00:00-05:00,324.82721295108735,325.8431926062779,312.5485848783329,314.3676452636719,35034800,0.0,0.0
2021-12-17 00:00:00-05:00,310.4780493148756,314.3870930482203,306.9657181696841,313.3033752441406,47750300,0.0,0.0
2021-12-20 00:00:00-05:00,309.6749054842462,312.3357585464639,307.2753187116958,309.5394592285156,28326500,0.0,0.0
2021-12-21 00:00:00-05:00,312.8099049572173,317.10597568318013,309.4330203308387,316.68023681640625,24740600,0.0,0.0
2021-12-22 00:00:00-05:00,317.6575011087376,322.7953647032379,315.1901761611563,322.398681640625,24831500,0.0,0.0
2021-12-23 00:00:00-05:00,321.9632794729556,325.48529616278444,321.94393844096396,323.84039306640625,19617800,0.0,0.0
2021-12-27 00:00:00-05:00,324.5853307619091,331.3777811868385,324.55630445788313,331.3487548828125,19947000,0.0,0.0
2021-12-28 00:00:00-05:00,332.02608481270596,332.664693105843,329.2878380448936,330.18768310546875,15661500,0.0,0.0
2021-12-29 00:00:00-05:00,330.2360072562147,333.1387557390819,328.6685277999919,330.8649597167969,15042000,0.0,0.0
2021-12-30 00:00:00-05:00,330.8262877450351,332.00674011719934,327.83645999310903,328.32025146484375,15994500,0.0,0.0
2021-12-31 00:00:00-05:00,327.53655076547227,328.358972743025,324.9627762850247,325.41754150390625,18000800,0.0,0.0
2022-01-03 00:00:00-05:00,324.4789626840154,327.04305171040653,319.0895183249568,323.8984069824219,28865100,0.0,0.0
2022-01-04 00:00:00-05:00,323.9757928660076,324.333823368685,315.54815346488107,318.344482421875,32674300,0.0,0.0
2022-01-05 00:00:00-05:00,315.2965689226274,315.4997826044344,305.73687408915134,306.1239013671875,40054300,0.0,0.0
2022-01-06 00:00:00-05:00,302.9985793895527,308.3686822043641,301.392388231309,303.7049255371094,39646100,0.0,0.0
2022-01-07 00:00:00-05:00,303.9661611560191,306.23998686939547,300.037776956861,303.8597412109375,32720000,0.0,0.0
2022-01-10 00:00:00-05:00,299.4572001340922,304.51766895717213,294.81281436875065,304.0822448730469,44289500,0.0,0.0
2022-01-11 00:00:00-05:00,303.221148489365,306.3464225083594,299.84429345523614,304.769287109375,29386800,0.0,0.0
2022-01-12 00:00:00-05:00,309.3072459156857,312.9259965978094,306.8011801608075,307.9526062011719,34372200,0.0,0.0
2022-01-13 00:00:00-05:00,310.08131932128936,310.4780318871743,294.1452264318281,294.9192810058594,45366000,0.0,0.0
2022-01-14 00:00:00-05:00,294.3870661009536,300.74409216648695,293.9032747022667,300.1441955566406,39846400,0.0,0.0
2022-01-18 00:00:00-05:00,294.21300077202613,299.7572330457423,291.95851560959414,292.8390197753906,42333200,0.0,0.0
2022-01-19 00:00:00-05:00,296.3609536478612,303.7339300973706,292.8873348271103,293.49688720703125,45933900,0.0,0.0
2022-01-20 00:00:00-05:00,299.05084323097356,301.5471940307173,291.3779181968077,291.822998046875,35380700,0.0,0.0
2022-01-21 00:00:00-05:00,292.8777000608215,294.25165138229846,286.0271958983454,286.43359375,57984400,0.0,0.0
2022-01-24 00:00:00-05:00,282.7277385199471,287.4785446299873,267.1012508783427,286.7625427246094,85731500,0.0,0.0
2022-01-25 00:00:00-05:00,282.06974485682485,285.42725856382043,275.9256173154079,279.1379699707031,72848600,0.0,0.0
2022-01-26 00:00:00-05:00,298.00591981590645,298.4993966630095,283.53088440772297,287.0915832519531,90428900,0.0,0.0
2022-01-27 00:00:00-05:00,292.84867784956623,297.33824766891416,288.27199957427445,290.1200866699219,53481300,0.0,0.0
2022-01-28 00:00:00-05:00,290.4974009724275,298.47995924549656,284.90477344830566,298.26708984375,49743700,0.0,0.0
2022-01-31 00:00:00-05:00,298.9347640922584,302.2535665226197,296.4383835464321,300.8989562988281,46444500,0.0,0.0
2022-02-01 00:00:00-05:00,300.34739077879186,300.5602601832143,295.23855460093705,298.7508850097656,40950400,0.0,0.0
2022-02-02 00:00:00-05:00,299.59272363577713,304.90474476135483,298.8670363988058,303.2985534667969,36636000,0.0,0.0
2022-02-03 00:00:00-05:00,299.4572493683748,301.1408638459518,290.2361846781371,291.484375,43730000,0.0,0.0
2022-02-04 00:00:00-05:00,290.4781077150337,298.7896428155665,290.245897225258,296.0223693847656,35096500,0.0,0.0
2022-02-07 00:00:00-05:00,296.24484477716817,297.860691549558,290.17808160206255,291.1940612792969,28533300,0.0,0.0
2022-02-08 00:00:00-05:00,291.48437542272796,295.65465574286134,290.2265293484021,294.68707275390625,32421200,0.0,0.0
2022-02-09 00:00:00-05:00,299.82487205833485,301.81809022782,297.4252856560795,301.1214294433594,31284700,0.0,0.0
2022-02-10 00:00:00-05:00,294.183888778049,299.0991965098226,290.95216570355126,292.57769775390625,45386200,0.0,0.0
2022-02-11 00:00:00-05:00,293.3614725070343,294.4258196414898,284.6822523965232,285.4756774902344,39175600,0.0,0.0
2022-02-14 00:00:00-05:00,284.2467523258243,287.13984460860996,281.90521878386704,285.4368896484375,36359500,0.0,0.0
2022-02-15 00:00:00-05:00,290.28459536542493,291.04896470161543,287.39150201566304,290.72967529296875,27058300,0.0,0.0
2022-02-16 00:00:00-05:00,289.29465510017036,291.7186141094078,284.74730563169356,290.3902893066406,29982100,0.62,0.0
2022-02-17 00:00:00-05:00,287.3457231120857,287.77234217655547,281.17918687184704,281.8869934082031,32461600,0.0,0.0
2022-02-18 00:00:00-05:00,284.13647420172526,284.92183458390497,277.601489929,279.1722106933594,34264000,0.0,0.0
2022-02-22 00:00:00-05:00,276.33132880972005,282.6724139032119,275.8465370047907,278.9685974121094,41736100,0.0,0.0
2022-02-23 00:00:00-05:00,281.35378660921566,282.8275727475832,271.5803960838196,271.7452087402344,37811200,0.0,0.0
2022-02-24 00:00:00-05:00,264.2212168610139,286.1822778670693,263.2613090468984,285.6296081542969,56989700,0.0,0.0
2022-02-25 00:00:00-05:00,286.16292683070213,288.57718060139933,282.7790598404249,288.26690673828125,32546700,0.0,0.0
2022-02-28 00:00:00-05:00,285.35812887426613,290.04123393567045,284.087976805865,289.7018737792969,34627500,0.0,0.0
2022-03-01 00:00:00-05:00,287.38448521408435,290.845904708713,283.26375617457427,285.9786071777344,31217800,0.0,0.0
2022-03-02 00:00:00-05:00,286.37622044505133,292.3003920940344,284.7667375809277,291.059326171875,31873000,0.0,0.0
2022-03-03 00:00:00-05:00,293.6771257975704,293.90981634147147,285.1059826322842,286.91912841796875,27314500,0.0,0.0
2022-03-04 00:00:00-05:00,285.33873439242245,286.6670590433166,278.43530465770755,281.04345703125,32356500,0.0,0.0
2022-03-07 00:00:00-05:00,279.75390138448324,280.87862169595286,270.0580672400942,270.426513671875,43157200,0.0,0.0
2022-03-08 00:00:00-05:00,269.35032612555074,275.32296496007893,261.78758549153326,267.45965576171875,48159500,0.0,0.0
2022-03-09 00:00:00-05:00,274.8187631313371,280.79140133597923,272.2396673436956,279.724853515625,35204500,0.0,0.0
2022-03-10 00:00:00-05:00,274.41157459600157,277.8827008939295,272.0457879450381,276.9034118652344,30628000,0.0,0.0
2022-03-11 00:00:00-05:00,279.2013310407606,280.70420362127237,270.93078275757216,271.55133056640625,27209300,0.0,0.0
2022-03-14 00:00:00-04:00,271.81307809759875,276.7191690212427,267.43057063229696,268.0317077636719,30660700,0.0,0.0
2022-03-15 00:00:00-04:00,271.822797240653,279.06558869061246,270.2520763750094,278.41595458984375,34245100,0.0,0.0
2022-03-16 00:00:00-04:00,280.3162702005297,285.6102173906511,274.58605778034723,285.4356994628906,37826300,0.0,0.0
2022-03-17 00:00:00-04:00,284.3691589056267,286.61857018444255,280.5683784873846,286.2404479980469,30816600,0.0,0.0
2022-03-18 00:00:00-04:00,286.38593157017544,291.8446925132739,283.826245999044,291.2920227050781,43390600,0.0,0.0
2022-03-21 00:00:00-04:00,289.79889199333064,291.0108716421582,285.9302328335173,290.0606689453125,28351200,0.0,0.0
2022-03-22 00:00:00-04:00,290.68114890416,295.7229954158394,289.68247898846056,294.81158447265625,27599700,0.0,0.0
2022-03-23 00:00:00-04:00,291.36957893217993,294.0068475242957,288.66443238619604,290.3805847167969,25715400,0.0,0.0
2022-03-24 00:00:00-04:00,290.04124604725905,294.9473365902291,289.2461804109756,294.8503723144531,24484500,0.0,0.0
2022-03-25 00:00:00-04:00,295.9460794588149,296.20785643754294,290.1867492119975,294.4432067871094,22566500,0.0,0.0
2022-03-28 00:00:00-04:00,295.07345113034086,301.34666005895576,295.07345113034086,301.2497253417969,29578200,0.0,0.0
2022-03-29 00:00:00-04:00,304.36196991762364,306.2138780134715,299.6497785681732,305.81634521484375,30393400,0.0,0.0
2022-03-30 00:00:00-04:00,304.21654187968613,306.33993220572023,302.10282726832855,304.3134765625,28163600,0.0,0.0
2022-03-31 00:00:00-04:00,304.3522806882295,305.55458445151703,298.5251034770213,298.93231201171875,33422100,0.0,0.0
2022-04-01 00:00:00-04:00,299.96007850505373,300.69697152169914,296.246586275612,300.0085754394531,27110500,0.0,0.0
2022-04-04 00:00:00-04:00,300.6581674070127,305.52546630436024,300.28972091399,305.3897399902344,24289600,0.0,0.0
2022-04-05 00:00:00-04:00,303.7414533090585,305.29279303590346,300.444874882853,301.4241638183594,23156700,0.0,0.0
2022-04-06 00:00:00-04:00,295.90722237881243,297.66216633435283,287.68514276731554,290.3902893066406,40110400,0.0,0.0
2022-04-07 00:00:00-04:00,287.63660918628034,294.4139875468323,287.3360407054969,292.2033386230469,31411200,0.0,0.0
2022-04-08 00:00:00-04:00,291.3016814124939,291.9609911189032,287.26821033138873,287.9372253417969,24361900,0.0,0.0
2022-04-11 00:00:00-04:00,282.91478374664115,283.7098197455941,276.33130335708324,276.5834045410156,34569300,0.0,0.0
2022-04-12 00:00:00-04:00,280.44225255846186,281.8966274479674,271.9583990363464,273.48065185546875,30966700,0.0,0.0
2022-04-13 00:00:00-04:00,274.13042443050927,279.8024656994452,272.74389717939255,278.8716735839844,21907200,0.0,0.0
2022-04-14 00:00:00-04:00,279.3273117976379,279.5406213549025,270.824075007664,271.31854248046875,28221600,0.0,0.0
2022-04-18 00:00:00-04:00,270.42659430347726,273.8686046152855,269.8739244910196,271.98760986328125,20778000,0.0,0.0
2022-04-19 00:00:00-04:00,270.8823038600572,277.4657855900737,269.94180647005487,276.6222229003906,22297700,0.0,0.0
2022-04-20 00:00:00-04:00,280.59747515624474,280.8883679766164,276.690054609588,277.6499328613281,22906700,0.0,0.0
2022-04-21 00:00:00-04:00,279.80239086732644,284.37882612930093,271.5415501745788,272.26873779296875,29454600,0.0,0.0
2022-04-22 00:00:00-04:00,273.112284984401,274.5860709052862,265.06475342226594,265.6949768066406,29405800,0.0,0.0
2022-04-25 00:00:00-04:00,264.9774895553303,272.5596102250069,262.5341201377057,272.1814880371094,35678900,0.0,0.0
2022-04-26 00:00:00-04:00,269.0594211869601,269.8932487938814,261.78754493866387,262.0008544921875,46518400,0.0,0.0
2022-04-27 00:00:00-04:00,273.5195094539181,282.1197103075881,270.66893161567555,274.6054382324219,63477700,0.0,0.0
2022-04-28 00:00:00-04:00,276.5155121149017,282.12940868996714,272.8989551204445,280.8204650878906,33646600,0.0,0.0
2022-04-29 00:00:00-04:00,279.8314736159821,281.062863571246,268.0898318904965,269.07879638671875,37073900,0.0,0.0
2022-05-02 00:00:00-04:00,269.2631089235298,276.27321045257355,267.81843852952846,275.8175048828125,35151100,0.0,0.0
2022-05-03 00:00:00-04:00,275.32291337509014,275.4877555840114,271.6288027279923,273.209228515625,25978600,0.0,0.0
2022-05-04 00:00:00-04:00,273.99461437075183,282.0324703593983,268.31286891823476,281.15985107421875,33599300,0.0,0.0
2022-05-05 00:00:00-04:00,276.85492446483426,277.64028485633924,265.99557571933246,268.9140319824219,43260400,0.0,0.0
2022-05-06 00:00:00-04:00,266.4512414054531,270.7561945471367,263.018907502902,266.3736877441406,37780300,0.0,0.0
2022-05-09 00:00:00-04:00,261.84573831970226,264.0757687100623,255.31075448225116,256.53240966796875,47726000,0.0,0.0
2022-05-10 00:00:00-04:00,263.42609368819666,265.42343295350366,257.0074568657699,261.3027038574219,39336400,0.0,0.0
2022-05-11 00:00:00-04:00,257.59899981634317,263.1062283340395,251.4130508478731,252.62503051757812,48975900,0.0,0.0
2022-05-12 00:00:00-04:00,249.8520131079963,251.9754036684089,242.41530828868,247.58319091796875,51033800,0.0,0.0
2022-05-13 00:00:00-04:00,249.52235369812172,255.0392869332298,247.58318643346072,253.17767333984375,34925100,0.0,0.0
2022-05-16 00:00:00-04:00,252.0529298587127,257.7347048140357,248.00007774550323,253.5460968017578,32550900,0.0,0.0
2022-05-17 00:00:00-04:00,258.0158894934678,260.16836636831925,254.4769151081099,258.7043151855469,28828800,0.0,0.0
2022-05-18 00:00:00-04:00,255.59444213265837,256.1775532554883,245.65250277524459,246.9256134033203,31356000,0.62,0.0
2022-05-19 00:00:00-04:00,246.75063363367587,250.41449629814898,244.78752382257517,246.0120391845703,32692300,0.0,0.0
2022-05-20 00:00:00-04:00,249.99659233543315,251.260004557282,239.5007120368587,245.44837951660156,39199300,0.0,0.0
2022-05-23 00:00:00-04:00,248.29594444219038,254.1367101476306,246.29393725185915,253.31063842773438,33175400,0.0,0.0
2022-05-24 00:00:00-04:00,250.6282877764163,253.97139617261885,246.36188817908726,252.30955505371094,29043900,0.0,0.0
2022-05-25 00:00:00-04:00,250.87130200295312,257.1299370448451,249.88973211622664,255.12794494628906,28547900,0.0,0.0
2022-05-26 00:00:00-04:00,254.88489926862619,259.58860930301927,254.06855584033516,258.4126892089844,25002100,0.0,0.0
2022-05-27 00:00:00-04:00,260.92010410159867,265.643241139635,260.0259965721128,265.5460510253906,26910800,0.0,0.0
2022-05-31 00:00:00-04:00,264.85604928536924,267.03296546550257,261.35741281139883,264.2146301269531,37827700,0.0,0.0
2022-06-01 00:00:00-04:00,267.4508952453175,269.8707720178327,262.4361876229135,264.7491760253906,25292200,0.0,0.0
2022-06-02 00:00:00-04:00,257.00359440575477,266.9163636856067,254.23383914437693,266.84832763671875,44008200,0.0,0.0
2022-06-03 00:00:00-04:00,262.69859051173177,265.75018841702905,260.85209677085874,262.416748046875,28059000,0.0,0.0
2022-06-06 00:00:00-04:00,264.39932013596905,266.4596203370496,259.6956086286452,261.1825256347656,22400300,0.0,0.0
2022-06-07 00:00:00-04:00,259.1319252881435,265.4391694080939,258.45162412939817,264.826904296875,22860700,0.0,0.0
2022-06-08 00:00:00-04:00,264.0590976675569,265.3127817537817,262.01822418395375,262.79571533203125,17372300,0.0,0.0
2022-06-09 00:00:00-04:00,260.23984343092275,265.03101725984766,257.17854713483496,257.33404541015625,26439700,0.0,0.0
2022-06-10 00:00:00-04:00,253.24253313611206,253.24253313611206,245.41921820228913,245.86627197265625,31422800,0.0,0.0
2022-06-13 00:00:00-04:00,238.20818633784313,242.00809200715943,234.72899029876612,235.4384307861328,46135800,0.0,0.0
2022-06-14 00:00:00-04:00,236.99335622167607,238.82042366109098,234.70952192240742,237.60562133789062,28651500,0.0,0.0
2022-06-15 00:00:00-04:00,241.31806207572347,248.11124235881286,239.4812814606915,244.67091369628906,33111700,0.0,0.0
2022-06-16 00:00:00-04:00,239.05365270255112,240.45310733096755,236.17700914781045,238.0720977783203,33169200,0.0,0.0
2022-06-17 00:00:00-04:00,237.80970516091955,243.44639103289649,237.1585728805667,240.6766357421875,43084800,0.0,0.0
2022-06-21 00:00:00-04:00,243.21311847906128,247.57669340893574,242.4842371441969,246.5951385498047,29928300,0.0,0.0
2022-06-22 00:00:00-04:00,244.7972301666433,249.9285685083653,243.32002647994867,246.0023193359375,25939900,0.0,0.0
2022-06-23 00:00:00-04:00,248.37364534024357,252.06663275402386,246.4882696524393,251.57098388671875,25861400,0.0,0.0
2022-06-24 00:00:00-04:00,254.43791604246806,260.43419339301283,254.35045383369882,260.1620788574219,33923200,0.0,0.0
2022-06-27 00:00:00-04:00,260.65770592471864,260.74516813613343,255.86653250823528,257.43121337890625,24615100,0.0,0.0
2022-06-28 00:00:00-04:00,256.54680910735476,259.39429846410957,249.10249735843755,249.25799560546875,27295500,0.0,0.0
2022-06-29 00:00:00-04:00,250.33674869588077,254.5934209161679,248.55827625903655,252.93157958984375,20069800,0.0,0.0
2022-06-30 00:00:00-04:00,249.8119662094994,252.22214496902834,245.77882797074884,249.59815979003906,31730900,0.0,0.0
2022-07-01 00:00:00-04:00,249.17058795835342,252.455389049474,247.44069553234706,252.27073669433594,22837700,0.0,0.0
2022-07-05 00:00:00-04:00,248.94698475698186,255.5749525705064,247.56697125969262,255.4486083984375,22941000,0.0,0.0
2022-07-06 00:00:00-04:00,256.3233272793408,260.443927865149,255.0113346488174,258.71405029296875,23824400,0.0,0.0
2022-07-07 00:00:00-04:00,257.65467597019574,261.4837347777504,257.55748586507,260.8423156738281,20859900,0.0,0.0
2022-07-08 00:00:00-04:00,257.3340180308074,260.55081225996196,255.87625522031703,260.1231994628906,19658800,0.0,0.0
2022-07-11 00:00:00-04:00,258.1698045515523,259.0250302011665,254.79751184488788,257.0619201660156,19455200,0.0,0.0
2022-07-12 00:00:00-04:00,258.39329412629985,258.45160225974297,244.9429927815693,246.527099609375,35868500,0.0,0.0
2022-07-13 00:00:00-04:00,243.14512305849968,246.41051237825036,241.12369016254638,245.6038818359375,29497400,0.0,0.0
2022-07-14 00:00:00-04:00,243.51445337342133,247.9557635350722,239.014820236182,246.9256134033203,25102800,0.0,0.0
2022-07-15 00:00:00-04:00,248.5194452010421,253.03850471076404,247.59619823798553,249.4912872314453,29774100,0.0,0.0
2022-07-18 00:00:00-04:00,252.43588877990183,253.49519270414535,246.1675126018184,247.09075927734375,20975000,0.0,0.0
2022-07-19 00:00:00-04:00,250.32703380524785,252.40678979239573,246.53685617166215,252.22213745117188,25012600,0.0,0.0
2022-07-20 00:00:00-04:00,252.58167319380988,257.4117280363677,251.61955932033453,254.8849334716797,22788300,0.0,0.0
2022-07-21 00:00:00-04:00,252.47480926653154,257.4312087657086,249.7925161981688,257.3825988769531,22404700,0.0,0.0
2022-07-22 00:00:00-04:00,257.7713097746288,257.8587719777169,251.77506247182694,253.02871704101562,21881300,0.0,0.0
2022-07-25 00:00:00-04:00,253.65078046030692,254.1367014956715,249.5787598112905,251.5418701171875,21056000,0.0,0.0
2022-07-26 00:00:00-04:00,252.54282977946914,252.56228559936346,242.54259767032684,244.80697631835938,39348000,0.0,0.0
2022-07-27 00:00:00-04:00,253.80618244101655,262.4458397490854,251.56123048216568,261.1727294921875,45994000,0.0,0.0
2022-07-28 00:00:00-04:00,262.1543006864109,270.016496543743,260.32723353037477,268.62677001953125,33459300,0.0,0.0
2022-07-29 00:00:00-04:00,269.88049153738285,274.05939959701226,268.84061364788005,272.8348693847656,32152800,0.0,0.0
2022-08-01 00:00:00-04:00,269.9971103708195,273.3596748735574,268.0728528273835,270.1817626953125,21539600,0.0,0.0
2022-08-02 00:00:00-04:00,268.2284010019875,270.06519667959884,264.7103375892404,267.0816345214844,22754200,0.0,0.0
2022-08-03 00:00:00-04:00,268.96696554077175,275.5171702565812,268.8211655336045,274.51617431640625,23518900,0.0,0.0
2022-08-04 00:00:00-04:00,273.8650200050531,275.8087036946795,272.2809427109455,275.6629333496094,18098700,0.0,0.0
2022-08-05 00:00:00-04:00,271.2896517042955,275.6629401132576,270.83288483969574,274.94378662109375,16774600,0.0,0.0
2022-08-08 00:00:00-04:00,276.0517095079037,277.86907896921457,271.4549158080247,272.4267578125,18739200,0.0,0.0
2022-08-09 00:00:00-04:00,271.7658486047469,275.1089570301665,269.7929813266096,274.3509216308594,23405200,0.0,0.0
2022-08-10 00:00:00-04:00,280.05570822424676,281.6495136024719,278.8603319468809,281.017822265625,24687800,0.0,0.0
2022-08-11 00:00:00-04:00,282.6602203734145,283.0100692187593,278.44243011883435,278.93804931640625,20065900,0.0,0.0
2022-08-12 00:00:00-04:00,280.35695809957093,283.69036865234375,278.8603132900209,283.69036865234375,22619700,0.0,0.0
2022-08-15 00:00:00-04:00,282.8060006707274,285.89645087966176,281.9410471199956,285.2064514160156,18085700,0.0,0.0
2022-08-16 00:00:00-04:00,283.7680766752534,285.7603701530743,282.2423075949929,284.4678039550781,18102900,0.0,0.0
2022-08-17 00:00:00-04:00,282.1791095942932,285.69492065907355,281.91616605164813,283.7178955078125,18253400,0.62,0.0
2022-08-18 00:00:00-04:00,282.6174288216291,284.2925462222134,281.5363790671633,282.59796142578125,17186200,0.0,0.0
2022-08-19 00:00:00-04:00,281.3610379905131,281.7019105508063,278.10820013531355,278.68280029296875,20570000,0.0,0.0
2022-08-22 00:00:00-04:00,274.7190391735939,275.0891277344879,269.985876348386,270.5020446777344,25061100,0.0,0.0
2022-08-23 00:00:00-04:00,269.2262268066406,271.58305961695726,268.2133575622362,269.2262268066406,17527400,0.0,0.0
2022-08-24 00:00:00-04:00,268.22305117026946,269.995564554544,267.9308619774594,268.5931396484375,18137000,0.0,0.0
2022-08-25 00:00:00-04:00,270.0930099138864,271.7389114328781,267.35633975487536,271.5733642578125,16583400,0.0,0.0
2022-08-26 00:00:00-04:00,271.79735148063304,273.0244810979979,260.9870314615862,261.0941467285156,27549300,0.0,0.0
2022-08-29 00:00:00-04:00,258.9125930668451,260.4221335952859,256.96478349661675,258.30877685546875,20338500,0.0,0.0
2022-08-30 00:00:00-04:00,259.71118642639124,260.0812452565468,253.8580095108411,256.10772705078125,22767100,0.0,0.0
2022-08-31 00:00:00-04:00,258.464616362346,260.13970413279804,254.51053542030976,254.6468963623047,24791800,0.0,0.0
2022-09-01 00:00:00-04:00,252.11467873957707,254.08198505075546,248.74497714961947,253.60475158691406,23263400,0.0,0.0
2022-09-02 00:00:00-04:00,254.87088889880724,257.8315379852467,247.8295467479486,249.3780517578125,22855400,0.0,0.0
2022-09-06 00:00:00-04:00,249.5144035204149,251.10184326326072,245.36555986305348,246.64137268066406,21328200,0.0,0.0
2022-09-07 00:00:00-04:00,248.05353553100252,252.0757520218553,246.6121606696536,251.35507202148438,24126700,0.0,0.0
2022-09-08 00:00:00-04:00,250.7901802862265,253.63396504293286,248.141143754038,251.7738037109375,20319900,0.0,0.0
2022-09-09 00:00:00-04:00,253.70218346204774,258.30876355813575,253.49767178964203,257.558837890625,22084700,0.0,0.0
2022-09-12 00:00:00-04:00,258.844449415191,260.4708837150001,258.2406331179316,259.6917419433594,18747700,0.0,0.0
2022-09-13 00:00:00-04:00,252.08546807196308,253.60475690024708,245.0246595826292,245.4142303466797,33353300,0.0,0.0
2022-09-14 00:00:00-04:00,246.91402673215828,247.59575696535708,243.3397987103975,245.63821411132812,23913000,0.0,0.0
2022-09-15 00:00:00-04:00,243.2522022753674,244.83965696947544,237.65224976242436,238.9767608642578,31530900,0.0,0.0
2022-09-16 00:00:00-04:00,237.8859696087846,238.89883887380557,235.7433821243887,238.35345458984375,39791800,0.0,0.0
2022-09-19 00:00:00-04:00,236.14268298899873,238.74300685593585,234.5649620689847,238.13919067382812,26826900,0.0,0.0
2022-09-20 00:00:00-04:00,235.75312576969003,237.1555361018201,233.38652954179466,236.12319946289062,26660300,0.0,0.0
2022-09-21 00:00:00-04:00,237.89570341294743,241.1972397263064,232.66582510868037,232.7145233154297,28625600,0.0,0.0
2022-09-22 00:00:00-04:00,231.6626994562865,237.49639378843938,231.37053994331876,234.69154357910156,31061200,0.0,0.0
2022-09-23 00:00:00-04:00,233.28913142247737,234.83765123018225,229.0623884800835,231.71141052246094,34176000,0.0,0.0
2022-09-26 00:00:00-04:00,230.8641214166978,235.14929632525457,230.71802678944272,231.25367736816406,27694200,0.0,0.0
2022-09-27 00:00:00-04:00,233.71766175746237,235.49017556599165,228.38066779678476,230.24082946777344,27018700,0.0,0.0
2022-09-28 00:00:00-04:00,230.6303619280171,236.00631985347113,228.60463843638797,234.77920532226562,29029700,0.0,0.0
2022-09-29 00:00:00-04:00,232.65611046193365,233.68844714288159,228.29302124296953,231.30238342285156,27484200,0.0,0.0
2022-09-30 00:00:00-04:00,232.07173317953664,234.26301864836014,226.6568256876074,226.8223876953125,35694800,0.0,0.0
2022-10-03 00:00:00-04:00,229.2669108311526,235.30511704742838,228.53648230029808,234.45782470703125,28880400,0.0,0.0
2022-10-04 00:00:00-04:00,238.69429935915923,243.82678128918718,238.58716924773375,242.38540649414062,34888400,0.0,0.0
2022-10-05 00:00:00-04:00,239.57082618879338,244.04104526402548,237.73014687189743,242.69705200195312,20347100,0.0,0.0
2022-10-06 00:00:00-04:00,241.46019588133413,243.80730987931113,239.65848102253324,240.34994506835938,20239900,0.0,0.0
2022-10-07 00:00:00-04:00,234.61363538940842,235.02268843917923,227.08535624814024,228.12744140625,37769600,0.0,0.0
2022-10-10 00:00:00-04:00,226.96849528328906,228.43908604327487,220.81341039260693,223.2676544189453,29743600,0.0,0.0
2022-10-11 00:00:00-04:00,221.6801990277238,223.08262427444694,218.2617986342917,219.5278778076172,30474000,0.0,0.0
2022-10-12 00:00:00-04:00,219.5181209293946,221.91393311184666,218.1157105964302,219.85899353027344,21903900,0.0,0.0
2022-10-13 00:00:00-04:00,214.11295342121704,229.93890473575348,213.41174085104754,228.12744140625,42551800,0.0,0.0
2022-10-14 00:00:00-04:00,229.39350803929838,231.04915792889818,222.38139712434594,222.5956573486328,30198600,0.0,0.0
2022-10-17 00:00:00-04:00,229.66621998295358,232.72428023302328,229.00395704070687,231.3315887451172,28142300,0.0,0.0
2022-10-18 00:00:00-04:00,236.8925737936442,237.5645555231439,229.22793404835292,232.27626037597656,26329600,0.0,0.0
2022-10-19 00:00:00-04:00,230.854359464379,233.35730163218065,228.17612158677025,230.30897521972656,19985700,0.0,0.0
2022-10-20 00:00:00-04:00,229.61750568038707,235.01293095415457,228.7409825706679,229.98757934570312,21811000,0.0,0.0
2022-10-21 00:00:00-04:00,228.61438214183715,236.6588291746641,228.3806396767849,235.80178833007812,26299700,0.0,0.0
2022-10-24 00:00:00-04:00,237.3989952337496,241.37252804090215,235.00319808540834,240.7979278564453,24911200,0.0,0.0
2022-10-25 00:00:00-04:00,240.80768764987562,244.48904648504563,239.41501096435695,244.1189727783203,34775500,0.0,0.0
2022-10-26 00:00:00-04:00,225.1375205085959,232.08146493583703,224.05648582781117,225.2836151123047,82543200,0.0,0.0
2022-10-27 00:00:00-04:00,225.01096136720344,227.59181803699002,219.88822740268336,220.83291625976562,40424600,0.0,0.0
2022-10-28 00:00:00-04:00,220.33619766891604,230.4258506343881,220.1511534041053,229.7148895263672,40647700,0.0,0.0
2022-10-31 00:00:00-04:00,227.65996437056043,228.78969742408265,225.1180724304389,226.072509765625,28357300,0.0,0.0
2022-11-01 00:00:00-04:00,228.47801919732643,229.58826981819857,221.3977287774061,222.21580505371094,30592300,0.0,0.0
2022-11-02 00:00:00-04:00,223.47219453248943,225.26417573849062,214.29799854352845,214.3564453125,38407000,0.0,0.0
2022-11-03 00:00:00-04:00,214.34668818412212,214.6583448304135,208.3961296970331,208.65908813476562,36633900,0.0,0.0
2022-11-04 00:00:00-04:00,211.87300193173408,215.8075709655638,207.8605038664485,215.61279296875,36789100,0.0,0.0
2022-11-07 00:00:00-05:00,216.1971255856238,222.44959243568516,215.5056466591579,221.92367553710938,33498000,0.0,0.0
2022-11-08 00:00:00-05:00,222.73199048300697,225.60500622838748,219.94662258958112,222.89755249023438,28192500,0.0,0.0
2022-11-09 00:00:00-05:00,221.43668922544174,222.6638185603741,218.47602571220258,218.6513214111328,27852900,0.0,0.0
2022-11-10 00:00:00-05:00,229.2863751045428,236.98023110784243,228.86760321897782,236.6393585205078,46268000,0.0,0.0
2022-11-11 00:00:00-05:00,236.64910797482275,241.5186314660159,235.61675651178047,240.66159057617188,34620200,0.0,0.0
2022-11-14 00:00:00-05:00,235.675194012061,237.5450891758998,232.96774024623764,235.24667358398438,31123300,0.0,0.0
2022-11-15 00:00:00-05:00,239.24941108763932,240.55443970410423,233.7663233543748,235.65570068359375,31390100,0.0,0.0
2022-11-16 00:00:00-05:00,237.12067984603283,238.10710518850516,234.80602574594815,236.08543395996094,24093300,0.68,0.0
2022-11-17 00:00:00-05:00,232.22766434937833,237.5699370972691,232.0811729185345,236.03659057617188,23123500,0.0,0.0
2022-11-18 00:00:00-05:00,237.82387701389203,238.0485170933891,233.44849211403692,235.5873565673828,27613500,0.0,0.0
2022-11-21 00:00:00-05:00,235.79243178186513,238.95678085777178,235.55804548901057,236.39796447753906,26394700,0.0,0.0
2022-11-22 00:00:00-05:00,237.9019875618103,239.58182546634563,235.0892478515877,239.30836486816406,19665700,0.0,0.0
2022-11-23 00:00:00-05:00,239.38653344831891,242.48251023756336,238.56615153433665,241.79885864257812,19508500,0.0,0.0
2022-11-25 00:00:00-05:00,241.53513287897812,242.8926747923449,240.9686745039961,241.7109375,9200800,0.0,0.0
2022-11-28 00:00:00-05:00,240.33386298973988,240.89054534482318,235.17715584666723,236.11473083496094,24778200,0.0,0.0
2022-11-29 00:00:00-05:00,235.76314670175077,237.12068869969116,232.64764779898533,234.7181396484375,17956300,0.0,0.0
2022-11-30 00:00:00-05:00,234.95253887719915,249.36787777071672,234.2591112887046,249.18231201171875,47594200,0.0,0.0
2022-12-01 00:00:00-05:00,247.94196873918125,250.13942980347773,245.0608561020454,248.74282836914062,26041500,0.0,0.0
2022-12-02 00:00:00-05:00,243.98652091365602,250.08080264924362,243.85955174333637,249.06509399414062,21528500,0.0,0.0
2022-12-05 00:00:00-05:00,246.12539896649085,247.89314681984325,242.26763698881598,244.357666015625,23435300,0.0,0.0
2022-12-06 00:00:00-05:00,244.96319927673994,245.97890805258777,238.08757944681767,239.3962860107422,22463700,0.0,0.0
2022-12-07 00:00:00-05:00,239.11305308285705,240.41199845740607,236.5542366516699,238.66378784179688,20481500,0.0,0.0
2022-12-08 00:00:00-05:00,239.12284198656764,242.93178369107417,237.38440719975003,241.62306213378906,22611800,0.0,0.0
2022-12-09 00:00:00-05:00,238.98606611554322,242.51177046904638,238.45868208288636,239.6892547607422,20609700,0.0,0.0
2022-12-12 00:00:00-05:00,241.67188039318714,246.64302204339194,241.39841976544412,246.6137237548828,30665100,0.0,0.0
2022-12-13 00:00:00-05:00,255.57933663809652,257.7572751273937,247.16062513471115,250.9207305908203,42196900,0.0,0.0
2022-12-14 00:00:00-05:00,251.125865506393,256.45836289594854,248.37170703954448,251.21376037597656,35410900,0.0,0.0
2022-12-15 00:00:00-05:00,247.7954903825162,248.26427792829423,241.5644623556632,243.19546508789062,35560400,0.0,0.0
2022-12-16 00:00:00-05:00,242.74620073337888,244.0060718471809,237.82387962727623,238.97633361816406,86102000,0.0,0.0
2022-12-19 00:00:00-05:00,239.14235424704955,239.48418747169598,233.13596686101567,234.8353271484375,29696400,0.0,0.0
2022-12-20 00:00:00-05:00,233.80987149856165,237.23792059289175,232.85275921382146,236.15383911132812,25150800,0.0,0.0
2022-12-21 00:00:00-05:00,236.04640221899405,239.88462731103135,234.50329433719287,238.722412109375,23690600,0.0,0.0
2022-12-22 00:00:00-05:00,235.6264185705002,236.3393833310989,228.408980416361,232.62811279296875,28651700,0.0,0.0
2022-12-23 00:00:00-05:00,230.59667062115278,233.29221736870184,228.47734339350782,233.15548706054688,21207000,0.0,0.0
2022-12-27 00:00:00-05:00,233.1261790492013,233.35080420983945,230.32320039769817,231.42681884765625,16688600,0.0,0.0
2022-12-28 00:00:00-05:00,231.35846669812094,234.12238618004355,228.7019792420853,229.05357360839844,17457100,0.0,0.0
2022-12-29 00:00:00-05:00,230.14739203902258,236.27098706875256,230.14739203902258,235.38223266601562,19770700,0.0,0.0
2022-12-30 00:00:00-05:00,232.6476561526492,234.3567925734217,231.133846628039,234.22006225585938,21938500,0.0,0.0
2023-01-03 00:00:00-05:00,237.40389855359157,240.01155023066832,231.85652313264055,233.98562622070312,25740000,0.0,0.0
2023-01-04 00:00:00-05:00,226.85610390975128,227.43232343462765,220.6836879280111,223.7503662109375,50623400,0.0,0.0
2023-01-05 00:00:00-05:00,221.89471081098847,222.23654401593947,216.58173640623133,217.118896484375,39585600,0.0,0.0
2023-01-06 00:00:00-05:00,217.79282338281794,220.48837045082183,214.2280589162467,219.67774963378906,43613600,0.0,0.0
2023-01-09 00:00:00-05:00,221.1622513114738,225.8404102334112,221.12319189298108,221.8166046142578,27369800,0.0,0.0
2023-01-10 00:00:00-05:00,222.4416360207006,225.90874396659487,222.02168398090183,223.50619506835938,27033900,0.0,0.0
2023-01-11 00:00:00-05:00,225.88921816868051,230.44040764705468,225.71342844154773,230.26461791992188,28669300,0.0,0.0
2023-01-12 00:00:00-05:00,229.76653275671188,234.2981853820876,228.1062317552033,232.94064331054688,27269500,0.0,0.0
2023-01-13 00:00:00-05:00,231.46587514607086,233.78052912873633,229.43444289235566,233.643798828125,21333300,0.0,0.0
2023-01-17 00:00:00-05:00,232.41324073937315,235.28459213527947,231.55378456577233,234.7376708984375,29831300,0.0,0.0
2023-01-18 00:00:00-05:00,235.92915894025876,236.72024242309445,230.02042818598304,230.30364990234375,30028700,0.0,0.0
2023-01-19 00:00:00-05:00,228.321104910501,230.02048030114173,225.2934856852473,226.51429748535156,28623000,0.0,0.0
2023-01-20 00:00:00-05:00,229.37586152604075,235.11856433736398,229.03402830061015,234.61070251464844,35389800,0.0,0.0
2023-01-23 00:00:00-05:00,235.4701667569778,239.4451219045726,234.05401326238723,236.9156036376953,31934000,0.0,0.0
2023-01-24 00:00:00-05:00,236.83743352885102,238.25357190347512,234.82553853976628,236.38816833496094,40234400,0.0,0.0
2023-01-25 00:00:00-05:00,229.00472733419514,237.61878145041626,225.5083209962778,234.99159240722656,66526600,0.0,0.0
2023-01-26 00:00:00-05:00,237.96061466071725,242.51180433252105,236.34914915023313,242.20904541015625,33454500,0.0,0.0
2023-01-27 00:00:00-05:00,243.17591612262385,243.99629796325885,241.06635004457462,242.36529541015625,26498900,0.0,0.0
2023-01-30 00:00:00-05:00,238.80048282644057,239.86504174599938,236.54442563158975,237.0425262451172,25867400,0.0,0.0
2023-01-31 00:00:00-05:00,237.765261353504,242.1601830602323,237.27693671942308,242.02345275878906,26541100,0.0,0.0
2023-02-01 00:00:00-05:00,242.20899982999507,249.22133388155822,239.73807856425069,246.84808349609375,31259900,0.0,0.0
2023-02-02 00:00:00-05:00,252.77638533264104,258.50931209894077,251.24303873990777,258.4214172363281,39940400,0.0,0.0
2023-02-03 00:00:00-05:00,253.47961333206132,258.0308034665605,251.09658622635828,252.31739807128906,29077300,0.0,0.0
2023-02-06 00:00:00-05:00,251.42859910463446,252.26850319934903,248.83070838044688,250.77423095703125,22518000,0.0,0.0
2023-02-07 00:00:00-05:00,254.44650236769075,262.4940850050237,254.00699815459296,261.3123474121094,50841400,0.0,0.0
2023-02-08 00:00:00-05:00,266.82063188656974,270.29750141679074,259.99383221379736,260.501708984375,54686000,0.0,0.0
2023-02-09 00:00:00-05:00,267.4065458729489,267.58236538521874,256.66340439835324,257.4642639160156,42375100,0.0,0.0
2023-02-10 00:00:00-05:00,255.4230744390807,257.9232941080463,254.57339436942814,256.9564208984375,25818500,0.0,0.0
2023-02-13 00:00:00-05:00,261.3904949818525,268.18796737738376,260.9119164439136,264.98455810546875,44630900,0.0,0.0
2023-02-14 00:00:00-05:00,266.3029608494868,268.54924217498206,262.9921056261591,265.81463623046875,37047900,0.0,0.0
2023-02-15 00:00:00-05:00,262.71093736345534,265.07056133423544,260.6156584468026,263.6900329589844,28922400,0.68,0.0
2023-02-16 00:00:00-05:00,258.5007952473413,261.16393632712175,256.42511747097006,256.6698913574219,29603600,0.0,0.0
2023-02-17 00:00:00-05:00,253.96761913922532,254.65296812365867,250.64847075073527,252.6654052734375,30000100,0.0,0.0
2023-02-21 00:00:00-05:00,249.16022201193073,250.14911804172624,246.33063657642128,247.3880615234375,28397400,0.0,0.0
2023-02-22 00:00:00-05:00,248.77838767780975,249.0231615682259,245.10677932156742,246.2523193359375,22491100,0.0,0.0
2023-02-23 00:00:00-05:00,250.2176469727612,251.470888034521,245.24383997273418,249.4441680908203,29219100,0.0,0.0
2023-02-24 00:00:00-05:00,244.73474425667752,245.75299711343044,242.91362583186992,244.0102081298828,24990900,0.0,0.0
2023-02-27 00:00:00-05:00,247.18248010394746,247.53495511519347,244.17664946084787,244.93055725097656,21190000,0.0,0.0
2023-02-28 00:00:00-05:00,243.86331919707501,246.23272847388787,243.53041537849572,244.20599365234375,22491000,0.0,0.0
2023-03-01 00:00:00-05:00,245.51798599082042,245.6844304356118,240.6518800855354,241.12185668945312,27565300,0.0,0.0
2023-03-02 00:00:00-05:00,241.3959989002767,246.1446031190087,240.47564673843016,245.8606719970703,24808200,0.0,0.0
2023-03-03 00:00:00-05:00,246.91807550154235,250.27636560935528,246.134796180304,249.95326232910156,30760100,0.0,0.0
2023-03-06 00:00:00-05:00,251.06947021639408,254.68233526542298,250.62888019720313,251.50027465820312,24109800,0.0,0.0
2023-03-07 00:00:00-05:00,250.94219252685468,252.30314976499983,248.09303566014898,248.83714294433594,21473200,0.0,0.0
2023-03-08 00:00:00-05:00,248.7294190422308,249.21896680166975,245.56694469940246,248.3965301513672,17340200,0.0,0.0
2023-03-09 00:00:00-05:00,250.47222930235247,254.1340370763852,246.32085881638,247.04539489746094,26653400,0.0,0.0
2023-03-10 00:00:00-05:00,245.83129418074137,247.5055390802723,242.42404610361248,243.39334106445312,28333900,0.0,0.0
2023-03-13 00:00:00-04:00,242.22824622027488,252.51855056988012,240.59315835594796,248.61195373535156,33339700,0.0,0.0
2023-03-14 00:00:00-04:00,251.38277879923007,255.61247868470284,250.51138437002095,255.3383331298828,33620300,0.0,0.0
2023-03-15 00:00:00-04:00,254.5452601893461,260.9093809729157,253.79133752741032,259.89111328125,46028000,0.0,0.0
2023-03-16 00:00:00-04:00,259.665957162543,270.7786991165704,257.7763096695362,270.4262390136719,54768800,0.0,0.0
2023-03-17 00:00:00-04:00,272.4430677607929,277.40705822367215,270.54362048827494,273.5885925292969,69527400,0.0,0.0
2023-03-20 00:00:00-04:00,271.18988829736253,271.6794360581046,264.20893244844024,266.5391845703125,43466600,0.0,0.0
2023-03-21 00:00:00-04:00,269.1338043529948,269.2512910447104,263.8858363792266,268.0567932128906,34558700,0.0,0.0
2023-03-22 00:00:00-04:00,267.68471260704814,275.16501681749725,266.49021486222443,266.5979309082031,34873300,0.0,0.0
2023-03-23 00:00:00-04:00,272.12982794030694,275.184601369669,269.44711561214615,271.8556823730469,36610900,0.0,0.0
2023-03-24 00:00:00-04:00,271.4444895193037,274.7636383727218,269.52547026260805,274.70489501953125,28172000,0.0,0.0
2023-03-27 00:00:00-04:00,274.6362546679593,275.5761778684438,269.7603489086351,270.6023864746094,26840200,0.0,0.0
2023-03-28 00:00:00-04:00,270.024823207887,270.36751269371035,266.3629848125505,269.4765319824219,21878600,0.0,0.0
2023-03-29 00:00:00-04:00,273.1285323950296,275.26298376306835,272.59004170342473,274.6461486816406,25087000,0.0,0.0
2023-03-30 00:00:00-04:00,278.28835097959796,278.51352384288515,275.59583810054556,278.1120910644531,25053400,0.0,0.0
2023-03-31 00:00:00-04:00,277.7988101339081,283.22297833808955,277.0840595769203,282.27325439453125,32766000,0.0,0.0
2023-04-03 00:00:00-04:00,280.5304371238125,282.243854280698,278.01418435050056,281.2256164550781,24883300,0.0,0.0
2023-04-04 00:00:00-04:00,281.2256694902647,284.3783588486716,279.6982825841674,281.17669677734375,25824300,0.0,0.0
2023-04-05 00:00:00-04:00,279.8744397816824,281.1472519122107,277.0056972902033,278.39599609375,22064800,0.0,0.0
2023-04-06 00:00:00-04:00,277.28958705707475,285.97415807311296,276.1342617095591,285.50421142578125,29770300,0.0,0.0
2023-04-10 00:00:00-04:00,283.1641637088005,283.5460252454762,278.75823454197393,283.3404235839844,23103000,0.0,0.0
2023-04-11 00:00:00-04:00,279.77657491179383,280.0017776622644,275.7525062342862,276.9176025390625,27276600,0.0,0.0
2023-04-12 00:00:00-04:00,278.83662385276324,281.01021712063323,276.0657667752644,277.56378173828125,27403400,0.0,0.0
2023-04-13 00:00:00-04:00,277.66171935623237,283.8398102405288,277.2505159342496,283.78106689453125,24222700,0.0,0.0
2023-04-14 00:00:00-04:00,281.0004245840228,282.4494967636299,277.7596206838942,280.1584167480469,20987900,0.0,0.0
2023-04-17 00:00:00-04:00,283.8691083590636,285.50421074465487,280.17792963706347,282.7627258300781,23836200,0.0,0.0
2023-04-18 00:00:00-04:00,285.47491478550927,285.6609453421748,281.01024118479097,282.341796875,20161800,0.0,0.0
2023-04-19 00:00:00-04:00,280.01153882810775,283.0075689496162,278.5918681473136,282.4201354980469,17150300,0.0,0.0
2023-04-20 00:00:00-04:00,279.2870204448904,282.988000624926,279.12056104553,280.1290283203125,23244400,0.0,0.0
2023-04-21 00:00:00-04:00,279.05199435523303,280.2856342624869,277.14274634027174,279.78631591796875,21676400,0.0,0.0
2023-04-24 00:00:00-04:00,276.19304795792937,278.9932766450886,272.8935008803915,275.8797302246094,26611000,0.0,0.0
2023-04-25 00:00:00-04:00,273.6669722958412,275.71327815222014,269.61350288682667,269.6624755859375,45772200,0.0,0.0
2023-04-26 00:00:00-04:00,290.49764832472823,293.30764764371935,286.61063797416637,289.1954345703125,64599200,0.0,0.0
2023-04-27 00:00:00-04:00,289.78287058448984,298.81993200325854,289.0779206919361,298.4576416015625,46462600,0.0,0.0
2023-04-28 00:00:00-04:00,297.65485346356644,302.4719869299771,296.9694746134844,300.8369140625,36469600,0.0,0.0
2023-05-01 00:00:00-04:00,300.55292192498604,302.1488522384796,298.77096109153786,299.1723937988281,21294100,0.0,0.0
2023-05-02 00:00:00-04:00,301.32645423519284,302.7167531753242,297.556930414214,299.02557373046875,26404400,0.0,0.0
2023-05-03 00:00:00-04:00,300.21027546467184,302.1586660652437,297.733164896042,298.03668212890625,22360800,0.0,0.0
2023-05-04 00:00:00-04:00,299.83820988509484,301.32645423519284,297.05758212520743,299.02557373046875,22519900,0.0,0.0
2023-05-05 00:00:00-04:00,299.32904226537187,305.44838842096743,297.90934200542574,304.1559753417969,28197100,0.0,0.0
2023-05-08 00:00:00-04:00,303.6469176772524,303.7154615391141,299.6913631590147,302.1978454589844,21318600,0.0,0.0
2023-05-09 00:00:00-04:00,301.5614013671875,303.55876446980983,299.90672765113413,300.5823059082031,21340800,0.0,0.0
2023-05-10 00:00:00-04:00,302.1684462755373,306.4568893157109,301.23832348494085,305.78131103515625,30078000,0.0,0.0
2023-05-11 00:00:00-04:00,303.61754869817486,304.6162154441753,299.8578252148701,303.6273193359375,31680200,0.0,0.0
2023-05-12 00:00:00-04:00,304.0581273381705,304.1560428743244,300.1907176369154,302.51116943359375,19774700,0.0,0.0
2023-05-15 00:00:00-04:00,302.63841521778266,303.4216796405487,301.15997149921776,302.9908752441406,16336500,0.0,0.0
2023-05-16 00:00:00-04:00,303.35316000473966,307.15205550564514,303.35316000473966,305.2232360839844,26730300,0.0,0.0
2023-05-17 00:00:00-04:00,306.4301881447826,308.5300175402266,304.9092544308229,308.10809326171875,24315000,0.68,0.0
2023-05-18 00:00:00-04:00,308.62815194349986,313.0535358007283,307.8333531943893,312.54327392578125,27276000,0.0,0.0
2023-05-19 00:00:00-04:00,310.7966243634161,312.7689179460215,310.43357190083395,312.3666076660156,27546700,0.0,0.0
2023-05-22 00:00:00-04:00,312.6217450177961,316.5368664420845,312.04281946483945,315.1533203125,24115700,0.0,0.0
2023-05-23 00:00:00-04:00,314.0249365560636,316.664463629214,309.33462996251853,309.3444519042969,30797200,0.0,0.0
2023-05-24 00:00:00-04:00,308.8243994042462,310.5611762447715,306.7441540494219,307.9609069824219,23384900,0.0,0.0
2023-05-25 00:00:00-04:00,317.1746779116198,320.76600484441417,313.99548322633484,319.8044128417969,43301700,0.0,0.0
2023-05-26 00:00:00-04:00,317.9399988951654,327.14399507810526,317.8026414606866,326.6435852050781,36630600,0.0,0.0
2023-05-30 00:00:00-04:00,328.93976624150633,329.44017625595285,324.31812296404604,324.99517822265625,29503100,0.0,0.0
2023-05-31 00:00:00-04:00,326.0549334794957,329.63643905148126,321.1879811403836,322.2281188964844,45950600,0.0,0.0
2023-06-01 00:00:00-04:00,319.81423378408647,327.2716331746607,318.62694664026094,326.3394470214844,26773900,0.0,0.0
2023-06-02 00:00:00-04:00,327.9780910808691,331.16710767327845,326.30997811609336,329.10650634765625,25873800,0.0,0.0
2023-06-05 00:00:00-04:00,328.92992247927083,332.20724701987933,328.3804327326386,329.63641357421875,21307100,0.0,0.0
2023-06-06 00:00:00-04:00,329.0377953258703,329.0770531433708,325.93711647697336,327.41876220703125,20396200,0.0,0.0
2023-06-07 00:00:00-04:00,325.42688293374783,328.2135893193703,316.4485803635837,317.31207275390625,40717100,0.0,0.0
2023-06-08 00:00:00-04:00,317.8615607379673,320.51090965341575,317.28263514872793,319.15679931640625,23277700,0.0,0.0
2023-06-09 00:00:00-04:00,318.8918385067795,323.79801789828633,318.32273487313944,320.6580810546875,22529000,0.0,0.0
2023-06-12 00:00:00-04:00,322.4144476627299,325.8684168614303,319.0586379784676,325.62310791015625,24260300,0.0,0.0
2023-06-13 00:00:00-04:00,328.19397978099306,330.65689152573293,324.1905503980353,328.0173645019531,22951300,0.0,0.0
2023-06-14 00:00:00-04:00,328.06639373925447,332.678214257829,326.5651040717086,331.0101013183594,26003800,0.0,0.0
2023-06-15 00:00:00-04:00,331.1474868081879,343.2755475907916,330.87274196684893,341.5682067871094,38899100,0.0,0.0
2023-06-16 00:00:00-04:00,344.7277944942439,344.87497388637837,335.5336191446204,335.9064636230469,46552000,0.0,0.0
2023-06-20 00:00:00-04:00,332.94318456860884,335.6611975068298,329.55790839262113,331.7068176269531,26375400,0.0,0.0
2023-06-21 00:00:00-04:00,330.05835726315127,331.39285382983815,325.83905432947427,327.30108642578125,25117800,0.0,0.0
2023-06-22 00:00:00-04:00,327.85052734982696,333.7379426283081,327.0851645614221,333.33563232421875,23556800,0.0,0.0
2023-06-23 00:00:00-04:00,328.08602328651534,331.6184785385029,327.19312496325193,328.733642578125,23146900,0.0,0.0
2023-06-26 00:00:00-04:00,327.4580354070177,329.8031735626045,322.326161031866,322.4341125488281,21520600,0.0,0.0
2023-06-27 00:00:00-04:00,325.63294331118817,329.8424538607447,323.120981710903,328.2921142578125,24354100,0.0,0.0
2023-06-28 00:00:00-04:00,328.3804225415333,331.6381330418555,327.54636600540425,329.548095703125,20259500,0.0,0.0
2023-06-29 00:00:00-04:00,328.4294449258427,329.8031691350396,326.37866558051627,328.7630615234375,16997000,0.0,0.0
2023-06-30 00:00:00-04:00,331.41239860594516,336.2989637756356,330.87273088226857,334.1500549316406,26832800,0.0,0.0
2023-07-03 00:00:00-04:00,332.8253831560942,334.5032880387074,330.25455007590733,331.64788818359375,12508700,0.0,0.0
2023-07-05 00:00:00-04:00,328.8023217775131,335.23922664394627,328.4490912403642,331.8049011230469,18172400,0.0,0.0
2023-07-06 00:00:00-04:00,330.9708256570031,336.55405979331294,329.20461318273215,334.8663330078125,28161200,0.0,0.0
2023-07-07 00:00:00-04:00,332.95302725325797,335.3766815206191,330.67655240599004,330.8924255371094,21214800,0.0,0.0
2023-07-10 00:00:00-04:00,328.32152762825416,328.9397110166737,321.4430546068671,325.6034851074219,32791400,0.0,0.0
2023-07-11 00:00:00-04:00,324.8479601120357,326.61417278371005,320.86414468674985,326.23150634765625,26698200,0.0,0.0
2023-07-12 00:00:00-04:00,330.2839941982709,335.23922327928665,329.37145204151966,330.87274169921875,29995300,0.0,0.0
2023-07-13 00:00:00-04:00,333.188508952043,337.2900684322161,332.65863310330485,336.2303466796875,20567200,0.0,0.0
2023-07-14 00:00:00-04:00,341.06778168374007,344.8357239330472,337.84932914089796,338.7618713378906,28352700,0.0,0.0
2023-07-17 00:00:00-04:00,339.193565509406,340.4789819411426,335.7788842778963,339.2426452636719,20363900,0.0,0.0
2023-07-18 00:00:00-04:00,339.3408199849451,359.8977253924033,335.74952271110794,352.7445068359375,64738600,0.0,0.0
2023-07-19 00:00:00-04:00,354.96209307208494,355.6587621887617,345.82678907790546,348.417236328125,39732900,0.0,0.0
2023-07-20 00:00:00-04:00,346.9355280126769,351.2529592826024,338.8893829612725,340.3612365722656,33778400,0.0,0.0
2023-07-21 00:00:00-04:00,342.5985119949176,343.72692730245325,333.45338612673345,337.3194580078125,69405400,0.0,0.0
2023-07-24 00:00:00-04:00,339.3604427915747,340.4103723937978,335.8868593129291,338.6343078613281,26678100,0.0,0.0
2023-07-25 00:00:00-04:00,340.59675719404197,345.2870932446145,338.5950576458234,344.3941650390625,41637700,0.0,0.0
2023-07-26 00:00:00-04:00,335.03321711179626,338.20262012350594,326.8595045876303,331.43206787109375,58383700,0.0,0.0
2023-07-27 00:00:00-04:00,334.0912153820297,334.92524195448044,322.87566610660525,324.51434326171875,39635300,0.0,0.0
2023-07-28 00:00:00-04:00,327.40896167261354,333.629993034326,326.91834377394594,332.020751953125,28484900,0.0,0.0
2023-07-31 00:00:00-04:00,330.59799610493667,331.3633588709427,327.10476892592203,329.61676025390625,25446000,0.0,0.0
2023-08-01 00:00:00-04:00,328.9004847782133,332.1876312426991,327.4384527759718,330.0289001464844,18311900,0.0,0.0
2023-08-02 00:00:00-04:00,327.3697789722954,327.3697789722954,320.23617392407573,321.35479736328125,27761300,0.0,0.0
2023-08-03 00:00:00-04:00,319.88289830105487,323.6900983235589,319.83384848481404,320.530517578125,18253700,0.0,0.0
2023-08-04 00:00:00-04:00,325.65258996189004,328.85142872245865,321.0996408070944,321.6295166015625,23741500,0.0,0.0
2023-08-07 00:00:00-04:00,322.2084912988675,324.89706861323674,321.37443463022805,323.91583251953125,17741500,0.0,0.0
2023-08-08 00:00:00-04:00,320.82490464522823,322.58132541763825,316.9392185852385,319.9319763183594,22327600,0.0,0.0
2023-08-09 00:00:00-04:00,320.34411633722664,320.97209180236405,315.02580407101107,316.1836853027344,22373300,0.0,0.0
2023-08-10 00:00:00-04:00,319.90246774846145,322.10045618630386,315.1532903220436,316.8704528808594,20113700,0.0,0.0
2023-08-11 00:00:00-04:00,314.25061483261044,316.3602660012063,313.22029918403376,314.9865417480469,24355500,0.0,0.0
2023-08-14 00:00:00-04:00,315.3594171589749,317.97930021692355,314.07397059332675,317.9596862792969,18836100,0.0,0.0
2023-08-15 00:00:00-04:00,316.9391798843772,318.9899592196478,314.87857860821487,315.820556640625,16966300,0.0,0.0
2023-08-16 00:00:00-04:00,315.4469082024341,319.0065277085212,314.46359486014677,315.0535888671875,20698900,0.68,0.0
2023-08-17 00:00:00-04:00,315.19133847486404,316.49913231242255,310.93357393444904,311.5924072265625,21257200,0.0,0.0
2023-08-18 00:00:00-04:00,309.24225189848187,313.06735580371077,306.3513078182269,311.1990661621094,24755000,0.0,0.0
2023-08-21 00:00:00-04:00,312.62487161890374,317.3841056283608,311.74973815851166,316.50897216796875,24040000,0.0,0.0
2023-08-22 00:00:00-04:00,320.0685355111108,320.63884412186707,316.0959406772382,317.0792541503906,16084600,0.0,0.0
2023-08-23 00:00:00-04:00,318.41655808292467,323.7067890708429,318.0625496482568,321.5434875488281,21166400,0.0,0.0
2023-08-24 00:00:00-04:00,327.2959118230331,327.42374738223793,314.6209861195301,314.6308288574219,23281400,0.0,0.0
2023-08-25 00:00:00-04:00,316.10570256933477,319.9307753972801,313.4802430638175,317.59051513671875,21684100,0.0,0.0
2023-08-28 00:00:00-04:00,320.2258699937862,320.7076839940525,316.35161250011487,318.298583984375,14808500,0.0,0.0
2023-08-29 00:00:00-04:00,316.5088968490621,323.4904274361002,316.5088968490621,322.929931640625,19284600,0.0,0.0
2023-08-30 00:00:00-04:00,323.1856265787588,324.30658824416685,321.0026696426028,323.3036193847656,15222100,0.0,0.0
2023-08-31 00:00:00-04:00,323.7068063169535,325.38826394826276,321.3271745159577,322.29083251953125,26411000,0.0,0.0
2023-09-01 00:00:00-04:00,325.78155572289427,326.45020162379865,321.32714728180537,323.17578125,14942000,0.0,0.0
2023-09-05 00:00:00-04:00,323.5100674616456,329.26245612182606,323.17574454916013,327.984130859375,18553900,0.0,0.0
2023-09-06 00:00:00-04:00,327.817065694941,328.87903109155945,324.67045043147994,327.3254089355469,17535800,0.0,0.0
2023-09-07 00:00:00-04:00,325.7619150807658,327.5220245169093,323.5396171232003,324.4049377441406,18381000,0.0,0.0
2023-09-08 00:00:00-04:00,324.58192625722756,330.5506459747243,323.9624339954705,328.6921691894531,19530100,0.0,0.0
2023-09-11 00:00:00-04:00,331.6126024523964,332.7729350743732,329.83280759348713,332.3009338378906,16583300,0.0,0.0
2023-09-12 00:00:00-04:00,330.21629323552526,331.1701083762214,325.94871693840975,326.2338562011719,17565500,0.0,0.0
2023-09-13 00:00:00-04:00,325.78153225775213,331.2290964296317,325.64388399787714,330.4522705078125,16544400,0.0,0.0
2023-09-14 00:00:00-04:00,333.4906907415561,335.17214803708595,330.95375569932395,333.0482177734375,20267000,0.0,0.0
2023-09-15 00:00:00-04:00,331.29795899971333,331.7699302193474,324.1492514827947,324.7097473144531,37679800,0.0,0.0
2023-09-18 00:00:00-04:00,322.3300769600515,324.88669745624287,320.91410345472514,323.5690612792969,16834200,0.0,0.0
2023-09-19 00:00:00-04:00,320.7272959004481,323.8935657652316,319.094992304731,323.1658935546875,16505900,0.0,0.0
2023-09-20 00:00:00-04:00,324.011630056917,324.0902819305911,315.16180885547175,315.4174499511719,21436500,0.0,0.0
2023-09-21 00:00:00-04:00,313.93263631012064,319.92101113625847,309.74371174856566,314.1981201171875,35560400,0.0,0.0
2023-09-22 00:00:00-04:00,315.9582625950678,316.0860981358559,310.8745192146817,311.7201843261719,21447900,0.0,0.0
2023-09-25 00:00:00-04:00,311.3072341642166,312.3692296062031,309.7437692158432,312.24139404296875,17836000,0.0,0.0
2023-09-26 00:00:00-04:00,309.87155496791354,310.60904001416407,304.8468079151213,306.93145751953125,26297600,0.0,0.0
2023-09-27 00:00:00-04:00,307.08871274751345,309.05533922686567,304.5222795959613,307.570556640625,19410100,0.0,0.0
2023-09-28 00:00:00-04:00,305.8006285556267,310.2157261834966,304.2863475063599,308.40643310546875,19683600,0.0,0.0
2023-09-29 00:00:00-04:00,312.44788936273693,314.1391899169777,309.72412155509016,310.48126220703125,24147300,0.0,0.0
2023-10-02 00:00:00-04:00,311.0023577080208,316.51876142882526,309.9207069776333,316.43023681640625,20570000,0.0,0.0
2023-10-03 00:00:00-04:00,315.4764071729055,316.0270902536059,306.01693759833194,308.16058349609375,21033500,0.0,0.0
2023-10-04 00:00:00-04:00,308.7899364537143,314.69966017701324,308.76043824911994,313.6376647949219,20720100,0.0,0.0
2023-10-05 00:00:00-04:00,313.7654305243728,314.6405937464886,309.6453454856245,314.0309143066406,16965600,0.0,0.0
2023-10-06 00:00:00-04:00,311.26785534059786,323.6969515428258,311.022026982247,321.7991638183594,25673600,0.0,0.0
2023-10-09 00:00:00-04:00,319.33100051797163,324.78837743803706,317.78719140430474,324.31640625,19891200,0.0,0.0
2023-10-10 00:00:00-04:00,325.43746303720997,325.57514134622613,322.2023828755275,322.9103698730469,20557100,0.0,0.0
2023-10-11 00:00:00-04:00,325.6832160795872,327.2663662252011,323.64778019000204,326.873046875,20063200,0.0,0.0
2023-10-12 00:00:00-04:00,325.05394288857616,328.0628797237766,323.23480695672527,325.63409423828125,19313100,0.0,0.0
2023-10-13 00:00:00-04:00,326.8336925301548,328.25947886718836,320.9141270220076,322.26129150390625,21072400,0.0,0.0
2023-10-16 00:00:00-04:00,325.52589126243953,330.5309829095428,325.083418234461,327.0893859863281,22158000,0.0,0.0
2023-10-17 00:00:00-04:00,324.09025768703805,327.8956757176601,321.9466416917106,326.51904296875,18338500,0.0,0.0
2023-10-18 00:00:00-04:00,326.9418838619396,329.9901616003234,322.8217980493897,324.6015930175781,23153600,0.0,0.0
2023-10-19 00:00:00-04:00,326.60751870152404,331.25860158595435,325.3882197669904,325.7913818359375,25052100,0.0,0.0
2023-10-20 00:00:00-04:00,326.18477667095453,326.3814513871063,320.01941142729174,321.21905517578125,25027700,0.0,0.0
2023-10-23 00:00:00-04:00,320.0390055685396,327.1778702783257,318.9770403265237,323.82476806640625,24374700,0.0,0.0
2023-10-24 00:00:00-04:00,325.77172794180206,326.3027255972939,322.13348624926266,325.01458740234375,31153600,0.0,0.0
2023-10-25 00:00:00-04:00,339.2628021799774,340.4231348794275,331.98628851300685,334.98541259765625,55053800,0.0,0.0
2023-10-26 00:00:00-04:00,334.8575801473551,335.9293882372037,321.4845108470067,322.4186706542969,37828500,0.0,0.0
2023-10-27 00:00:00-04:00,324.91622907683893,331.1012785656195,322.92010413957604,324.30657958984375,29856500,0.0,0.0
2023-10-30 00:00:00-04:00,327.84651090030354,333.78573199598327,326.2928589871081,331.6814270019531,22828100,0.0,0.0
2023-10-31 00:00:00-04:00,333.1957509335175,333.34324194155744,329.10516359659624,332.46807861328125,20265300,0.0,0.0
2023-11-01 00:00:00-04:00,334.1200209790302,341.62270595329534,333.9823427186433,340.29522705078125,28158800,0.0,0.0
2023-11-02 00:00:00-04:00,341.4457561237559,343.00922092358684,339.016970678104,342.50775146484375,24348100,0.0,0.0
2023-11-03 00:00:00-04:00,343.7958771188286,348.4764586181646,341.5342382393827,346.9129638671875,23637700,0.0,0.0
2023-11-06 00:00:00-05:00,347.5521572342444,351.57390571697306,347.45381988578487,350.58074951171875,23828300,0.0,0.0
2023-11-07 00:00:00-05:00,353.402888957102,356.41182606276084,351.6624347515459,354.5140380859375,25833900,0.0,0.0
2023-11-08 00:00:00-05:00,355.64474886828214,357.7982074064022,354.5336000325542,357.139404296875,26767800,0.0,0.0
2023-11-09 00:00:00-05:00,356.2544152579837,358.7028859089797,354.3467849553374,354.6712951660156,24847300,0.0,0.0
2023-11-10 00:00:00-05:00,355.45793871169803,363.92428238869843,355.0449639030692,363.50146484375,28042100,0.0,0.0
2023-11-13 00:00:00-05:00,362.0756513284613,362.3214796716584,359.79435710159004,360.56134033203125,19986500,0.0,0.0
2023-11-14 00:00:00-05:00,364.81910296344984,365.7434199318085,361.22017242867213,364.0914306640625,27683900,0.0,0.0
2023-11-15 00:00:00-05:00,365.8255911591098,367.64841915601704,361.71683864791095,364.2392578125,26860100,0.75,0.0
2023-11-16 00:00:00-05:00,365.51028582126,370.8211167467286,364.74174586188934,370.6437683105469,27182300,0.0,0.0
2023-11-17 00:00:00-05:00,368.12136824695096,368.87021288647435,361.6084886476014,364.4166259765625,40157000,0.0,0.0
2023-11-20 00:00:00-05:00,365.76645657283353,373.30406540619305,365.5496873613857,371.89508056640625,52465100,0.0,0.0
2023-11-21 00:00:00-05:00,370.151104255748,370.6930122644204,365.66792954966576,367.58929443359375,28423100,0.0,0.0
2023-11-22 00:00:00-05:00,372.4468931555256,374.2106051165785,369.4614073576045,372.2991027832031,23345300,0.0,0.0
2023-11-24 00:00:00-05:00,371.78668646032,372.4172987463729,369.62888709643283,371.8852233886719,10176600,0.0,0.0
2023-11-27 00:00:00-05:00,371.24474919968725,375.0480578357312,370.6732831710829,373.0478515625,22179200,0.0,0.0
2023-11-28 00:00:00-05:00,372.79177939368793,377.3734616214554,372.60456822128583,377.077880859375,20453100,0.0,0.0
2023-11-29 00:00:00-05:00,378.122265050378,378.654310364066,371.89510374186113,373.2843933105469,28963400,0.0,0.0
2023-11-30 00:00:00-05:00,372.9296322886047,374.50613286520945,369.95400962633335,373.3434753417969,30554400,0.0,0.0
2023-12-01 00:00:00-05:00,371.22506313283355,372.60448984781664,365.855116553608,369.00811767578125,33040500,0.0,0.0
2023-12-04 00:00:00-05:00,363.6776202294819,364.0914332416113,357.568691355028,363.717041015625,32063300,0.0,0.0
2023-12-05 00:00:00-05:00,361.06658945811125,367.5991645775178,360.2487659355607,367.0473937988281,23065000,0.0,0.0
2023-12-06 00:00:00-05:00,368.0523741639695,368.68295635972305,362.62331133398067,363.3819885253906,21182100,0.0,0.0
2023-12-07 00:00:00-05:00,362.82038525778927,365.9930818022582,360.9384412449314,365.50042724609375,23118900,0.0,0.0
2023-12-08 00:00:00-05:00,363.7761351529084,368.95884062033406,362.820384114192,368.73223876953125,20154400,0.0,0.0
2023-12-11 00:00:00-05:00,363.0667572104508,366.140917208106,360.72171642347627,365.8453063964844,27708800,0.0,0.0
2023-12-12 00:00:00-05:00,365.4019256182351,368.91948670565927,365.0176405940666,368.88006591796875,24838300,0.0,0.0
2023-12-13 00:00:00-05:00,370.4959629431741,372.0921891414662,365.32308952611504,368.8702087402344,30955500,0.0,0.0
2023-12-14 00:00:00-05:00,367.8257550121924,368.269156155742,358.78062426547126,360.5541687011719,43277500,0.0,0.0
2023-12-15 00:00:00-05:00,361.4606868901136,366.9291409353676,360.89905342816303,365.28369140625,78502300,0.0,0.0
2023-12-18 00:00:00-05:00,364.02250460099197,367.52034031624777,363.2637972546779,367.17547607421875,21802900,0.0,0.0
2023-12-19 00:00:00-05:00,366.03253362865195,367.77655029296875,364.40677933572755,367.77655029296875,20603700,0.0,0.0
2023-12-20 00:00:00-05:00,369.490921222126,370.50578841631284,365.08658823838834,365.1752624511719,26316700,0.0,0.0
2023-12-21 00:00:00-05:00,367.08681530001417,368.90964344387123,364.6038467910981,368.05242919921875,17708000,0.0,0.0
2023-12-22 00:00:00-05:00,368.190345627308,369.66830947141494,367.23459447201543,369.0771179199219,17107500,0.0,0.0
2023-12-26 00:00:00-05:00,369.49097688586306,371.4024792784928,368.01301297831964,369.1559753417969,12673100,0.0,0.0
2023-12-27 00:00:00-05:00,368.20019317568403,369.55006195328735,367.3331162784424,368.5746154785156,14905400,0.0,0.0
2023-12-28 00:00:00-05:00,369.855458875499,370.9294421479161,368.66324332637487,369.76678466796875,14327000,0.0,0.0
2023-12-29 00:00:00-05:00,370.47623473279145,371.61919693761735,367.9932665377033,370.5156555175781,18730800,0.0,0.0
2024-01-02 00:00:00-05:00,368.36769584733304,370.3777351043963,361.3818569854959,365.421630859375,25258600,0.0,0.0
2024-01-03 00:00:00-05:00,363.58894066618615,367.7765045721429,363.09628608901477,365.15557861328125,23083500,0.0,0.0
2024-01-04 00:00:00-05:00,365.22457289866344,367.61886702823733,361.7759907127874,362.53466796875,20901500,0.0,0.0
2024-01-05 00:00:00-05:00,363.5494903829088,366.5940918144849,361.11577576637916,362.347412109375,21004600,0.0,0.0
2024-01-08 00:00:00-05:00,363.8746851951502,369.6880336849266,363.5889671694232,369.1855163574219,23134000,0.0,0.0
2024-01-09 00:00:00-05:00,366.54488061699703,370.4663919405634,365.73691986628984,370.26934814453125,20830000,0.0,0.0
2024-01-10 00:00:00-05:00,370.8407867125645,378.5262158492707,370.7915332845255,377.1467590332031,25514200,0.0,0.0
2024-01-11 00:00:00-05:00,380.3293610152563,384.9406009736396,374.79192797943045,378.9794921875,27850800,0.0,0.0
2024-01-12 00:00:00-05:00,379.82682931782017,382.969968033559,378.99917320808413,382.7630615234375,21661200,0.0,0.0
2024-01-16 00:00:00-05:00,387.8768645882933,388.24142422003797,381.925587967106,384.5366516113281,27202300,0.0,0.0
2024-01-17 00:00:00-05:00,382.28028145481545,384.37896483224864,379.1568380014038,383.7483825683594,22234100,0.0,0.0
2024-01-18 00:00:00-05:00,385.9653010602353,388.2019420036005,384.3888004079398,388.0837097167969,23392100,0.0,0.0
2024-01-19 00:00:00-05:00,389.94597903844516,392.813232421875,387.71917062186213,392.813232421875,29331100,0.0,0.0
2024-01-22 00:00:00-05:00,394.14341273142753,394.73460432133396,387.80788119131773,390.68499755859375,27016900,0.0,0.0
2024-01-23 00:00:00-05:00,389.9361075398463,393.51278467024315,388.1428376176736,393.0398254394531,20525900,0.0,0.0
2024-01-24 00:00:00-05:00,395.64108304053997,399.6709942481896,394.5670995707582,396.6460876464844,24867000,0.0,0.0
2024-01-25 00:00:00-05:00,398.38018064830356,401.03066452033335,396.61646894823883,398.9220886230469,21021200,0.0,0.0
2024-01-26 00:00:00-05:00,398.42947961915996,400.2030542350716,396.51797735014173,397.9959411621094,17803300,0.0,0.0
2024-01-29 00:00:00-05:00,400.0946013519538,403.95702616378816,398.3900058240243,403.7008361816406,24510200,0.0,0.0
2024-01-30 00:00:00-05:00,406.2035919940408,406.98196463436994,400.47894778438507,402.5874938964844,33477600,0.0,0.0
2024-01-31 00:00:00-05:00,400.98146384693956,409.2186652214675,391.3746981830003,391.7392578125,47871100,0.0,0.0
2024-02-01 00:00:00-05:00,395.92680994843744,402.00618136275216,395.89725187316617,397.8481750488281,30657700,0.0,0.0
2024-02-02 00:00:00-05:00,397.8776585737196,406.58778726291786,397.63133130286246,405.1788024902344,28256700,0.0,0.0
2024-02-05 00:00:00-05:00,403.87826879542115,405.1197681132632,398.0550873287971,399.6907043457031,25352300,0.0,0.0
2024-02-06 00:00:00-05:00,399.91727449589274,401.97656696928505,396.9909051770198,399.5329895019531,18382600,0.0,0.0
2024-02-07 00:00:00-05:00,401.4543453507497,408.21355139808253,401.41492456704214,407.96722412109375,22340500,0.0,0.0
2024-02-08 00:00:00-05:00,407.9672815558181,409.4551081404497,406.4696223258111,408.0263977050781,21225300,0.0,0.0
2024-02-09 00:00:00-05:00,409.14960835834074,414.63778732343934,408.991955292265,414.3717346191406,22032800,0.0,0.0
2024-02-12 00:00:00-05:00,414.3816422071808,414.55899064975375,408.65699805765166,409.1595153808594,21202900,0.0,0.0
2024-02-13 00:00:00-05:00,398.9910986093642,404.04573947399683,397.4638814201037,400.350830078125,27824900,0.0,0.0
2024-02-14 00:00:00-05:00,402.81865792132635,404.5658693954015,399.3636985334278,404.2203674316406,20401200,0.75,0.0
2024-02-15 00:00:00-05:00,402.88774815292464,403.8649984148582,399.0872869539498,401.32806396484375,21825500,0.0,0.0
2024-02-16 00:00:00-05:00,402.71006595192074,403.0358361421353,398.24824344009687,398.8602600097656,22296500,0.0,0.0
2024-02-20 00:00:00-05:00,398.05078888046796,399.284702922107,392.8881118101571,397.6065979003906,24307900,0.0,0.0
2024-02-21 00:00:00-05:00,395.0202814253688,397.112994621539,392.10823251333755,397.00439453125,18518900,0.0,0.0
2024-02-22 00:00:00-05:00,404.91139681164196,407.51740782025877,403.3122489001272,406.35260009765625,27009900,0.0,0.0
2024-02-23 00:00:00-05:00,410.32087486596646,410.50840209542025,403.7070832004783,405.0594482421875,16295900,0.0,0.0
2024-02-26 00:00:00-05:00,406.16503956653713,406.8560435321,402.11779517864807,402.2955017089844,16193500,0.0,0.0
2024-02-27 00:00:00-05:00,402.73968356058333,403.0654537547415,398.65297570324026,402.23626708984375,14835800,0.0,0.0
2024-02-28 00:00:00-05:00,402.92727756411097,404.0328598845357,400.10409629051617,402.47320556640625,13183100,0.0,0.0
2024-02-29 00:00:00-05:00,403.38135996606263,408.8698077347499,400.69636155135646,408.3170166015625,31947300,0.0,0.0
2024-03-01 00:00:00-05:00,405.9774393001269,410.5182488621106,405.5924737956083,410.15301513671875,17823400,0.0,0.0
2024-03-04 00:00:00-05:00,408.11954029802524,411.97922704270553,407.0139581345592,409.58050537109375,17596000,0.0,0.0
2024-03-05 00:00:00-05:00,408.6328983414729,408.919174877132,395.48433123186754,397.46844482421875,26919200,0.0,0.0
2024-03-06 00:00:00-05:00,397.784299256291,399.94611920290095,393.26325117893276,396.9156188964844,22344100,0.0,0.0
2024-03-07 00:00:00-05:00,400.8937526863445,404.5066568048068,397.0636784801651,403.8749084472656,18718500,0.0,0.0
2024-03-08 00:00:00-05:00,402.71006091285966,405.1384255054804,399.12676961447175,400.9924621582031,18002200,0.0,0.0
2024-03-11 00:00:00-04:00,398.5641317733387,400.45940694447387,396.09630359488256,399.3143310546875,16120800,0.0,0.0
2024-03-12 00:00:00-04:00,402.37445324131755,410.22215907857986,401.5551475222323,409.9358825683594,22457000,0.0,0.0
2024-03-13 00:00:00-04:00,412.7195723945268,412.7985296378199,406.1551557542081,409.7581787109375,17115900,0.0,0.0
2024-03-14 00:00:00-04:00,414.83206096573,422.3145333258251,412.6110154706253,419.74798583984375,34157300,0.0,0.0
2024-03-15 00:00:00-04:00,413.8942801973478,417.16168230340674,407.4779269181007,411.06121826171875,45079900,0.0,0.0
2024-03-18 00:00:00-04:00,408.9191153478435,415.3157366151304,408.45516246098214,411.9496154785156,20106000,0.0,0.0
2024-03-19 00:00:00-04:00,412.4530526322829,416.2436632864421,410.20239450160744,415.98699951171875,19837900,0.0,0.0
2024-03-20 00:00:00-04:00,416.569367867818,420.4783989986328,415.2466156701396,419.7578125,17860100,0.0,0.0
2024-03-21 00:00:00-04:00,424.29861540078343,425.27589583117316,421.6629918116586,423.84454345703125,21296200,0.0,0.0
2024-03-22 00:00:00-04:00,424.1703545566299,424.32826906328035,420.58706292422704,423.2226867675781,17648500,0.0,0.0
2024-03-25 00:00:00-04:00,419.7676816300529,421.90976968993664,416.18439038520984,417.4183044433594,18060500,0.0,0.0
2024-03-26 00:00:00-04:00,420.13296979592127,420.5080845381684,415.9278106259066,416.22393798828125,16725600,0.0,0.0
2024-03-27 00:00:00-04:00,418.9780192938283,418.987900246969,413.61790346357526,416.0067443847656,16705000,0.0,0.0
2024-03-28 00:00:00-04:00,415.54274902029323,416.4410420434957,413.7264311944793,415.30584716796875,21871200,0.0,0.0
2024-04-01 00:00:00-04:00,418.49430668541237,422.38360623153415,416.78655877307597,419.1063232421875,16316000,0.0,0.0
2024-04-02 00:00:00-04:00,414.7037001138204,416.94450735898084,412.4629229935154,416.0166015625,17912000,0.0,0.0
2024-04-03 00:00:00-04:00,414.3286014685427,417.8131735008708,413.6968230222425,415.0393371582031,16502300,0.0,0.0
2024-04-04 00:00:00-04:00,419.5209306414664,423.15359679910677,412.19643310660484,412.50244140625,19370900,0.0,0.0
2024-04-05 00:00:00-04:00,414.60502494858775,421.0213783675685,412.9367706496642,420.0440979003906,16554800,0.0,0.0
2024-04-08 00:00:00-04:00,419.698621129678,421.7814536782747,417.85266032435015,419.1260681152344,14272400,0.0,0.0
2024-04-09 00:00:00-04:00,420.9522561397257,422.23551472539157,416.1942762454294,420.7943115234375,12496900,0.0,0.0
2024-04-10 00:00:00-04:00,416.75696418781513,418.5732821571219,414.29901690120346,417.8132019042969,16216600,0.0,0.0
2024-04-11 00:00:00-04:00,420.3402327247268,423.8445365841043,416.92473693729744,422.4230651855469,17966400,0.0,0.0
2024-04-12 00:00:00-04:00,418.59302946474156,419.70849269035864,414.3681085669582,416.470703125,19253800,0.0,0.0
2024-04-15 00:00:00-04:00,421.110230165818,421.3274002627743,408.1096973329742,408.3170166015625,20273500,0.0,0.0
2024-04-16 00:00:00-04:00,409.23502221897127,413.0157217686464,408.4058355582689,409.244873046875,16765600,0.0,0.0
2024-04-17 00:00:00-04:00,411.8805452142036,413.4895740933759,405.0495831926222,406.5401611328125,15855500,0.0,0.0
2024-04-18 00:00:00-04:00,405.34573674704745,406.5895318440509,398.7517067920222,399.06756591796875,21029900,0.0,0.0
2024-04-19 00:00:00-04:00,398.8306438099327,400.2619961941858,392.6511924508159,393.98382568359375,30565800,0.0,0.0
2024-04-22 00:00:00-04:00,394.93142960410273,397.66580225513326,390.6571648456916,395.80010986328125,20286900,0.0,0.0
2024-04-23 00:00:00-04:00,399.0379699896353,402.9470318520377,397.87316221870356,402.32513427734375,15734500,0.0,0.0
2024-04-24 00:00:00-04:00,404.28946405238224,407.16201954597966,401.54524043863097,403.7958984375,15065300,0.0,0.0
2024-04-25 00:00:00-04:00,388.9593393273181,394.74394432686086,383.0365516126927,393.9048767089844,40586500,0.0,0.0
2024-04-26 00:00:00-04:00,406.86594145886636,407.6852472237732,400.5384258954466,401.0912170410156,29694700,0.0,0.0
2024-04-29 00:00:00-04:00,400.03497187375575,401.09120962785465,394.0529584180936,397.0735778808594,19582100,0.0,0.0
2024-04-30 00:00:00-04:00,396.323344705487,396.9847359459567,384.16190971715395,384.31982421875,28781400,0.0,0.0
2024-05-01 00:00:00-04:00,387.5576027140766,396.55038446355206,385.287212788776,389.8576354980469,23562500,0.0,0.0
2024-05-02 00:00:00-04:00,392.54259949156545,394.78337648708447,389.57132491777804,392.72027587890625,17709400,0.0,0.0
2024-05-03 00:00:00-04:00,397.10317892533544,401.9105035456356,396.68857052359846,401.42681884765625,17446700,0.0,0.0
2024-05-06 00:00:00-04:00,403.4998057579773,408.60325778406036,401.1405474563734,408.2182922363281,16996600,0.0,0.0
2024-05-07 00:00:00-04:00,409.32384154303776,409.33372249534176,403.8255133338143,404.0722961425781,20018200,0.0,0.0
2024-05-08 00:00:00-04:00,402.91740058487204,406.92515129872777,401.47616718048914,405.25689697265625,11792300,0.0,0.0
2024-05-09 00:00:00-04:00,405.28649730886616,407.40882353824776,403.83541312066325,407.01397705078125,14689700,0.0,0.0
2024-05-10 00:00:00-04:00,407.62600771381045,410.0346105329173,406.50066355453686,409.40283203125,13402300,0.0,0.0
2024-05-13 00:00:00-04:00,412.6307673185676,412.96638834799694,405.53329081056893,408.3959655761719,15440200,0.0,0.0
2024-05-14 00:00:00-04:00,406.71781742817865,412.117426712038,406.25386452353786,411.19940185546875,15109300,0.0,0.0
2024-05-15 00:00:00-04:00,413.26623802905556,419.1107104287916,412.64321876209584,418.3887939453125,22239500,0.75,0.0
2024-05-16 00:00:00-04:00,417.1230071526788,420.7028934078779,415.68910307462113,416.3219909667969,17530100,0.0,0.0
2024-05-17 00:00:00-04:00,417.8547487362892,418.2305400024772,413.39474741262023,415.5505676269531,15352200,0.0,0.0
2024-05-20 00:00:00-04:00,415.55062632751003,422.03788543513167,415.3330645205205,420.6237487792969,16272100,0.0,0.0
2024-05-21 00:00:00-04:00,422.09719809997813,428.1691308622737,420.1391721073256,424.28271484375,21453300,0.0,0.0
2024-05-22 00:00:00-04:00,425.32108253196407,427.61536520540614,422.393911984686,425.7463073730469,18073700,0.0,0.0
2024-05-23 00:00:00-04:00,428.16915515912984,428.79217443912484,420.7028829331948,422.2653503417969,17211700,0.0,0.0
2024-05-24 00:00:00-04:00,422.45322015153533,426.28030386108634,419.704046646492,425.3902893066406,11855300,0.0,0.0
2024-05-28 00:00:00-04:00,424.86617140902985,426.0429788375184,421.8697699331016,425.54852294921875,15718000,0.0,0.0
2024-05-29 00:00:00-04:00,420.96986151310944,426.1616484009117,420.96986151310944,424.4112854003906,15517100,0.0,0.0
2024-05-30 00:00:00-04:00,419.5952468817441,419.5952468817441,409.64679700979286,410.0720520019531,28394500,0.0,0.0
2024-05-31 00:00:00-04:00,412.1290405300897,412.1290405300897,400.0247683491884,410.5270080566406,47995300,0.0,0.0
2024-06-03 00:00:00-04:00,410.92250624898264,411.81252080542527,404.38581394057536,408.9347839355469,17484700,0.0,0.0
2024-06-04 00:00:00-04:00,407.85685925302585,411.82240496411936,405.1373519842431,411.4565124511719,14348900,0.0,0.0
2024-06-05 00:00:00-04:00,413.17720689100315,419.37767256450087,411.68394052355205,419.3084716796875,16988000,0.0,0.0
2024-06-06 00:00:00-04:00,419.3084807052153,420.5940539083252,415.9164904670929,419.81280517578125,14861300,0.0,0.0
2024-06-07 00:00:00-04:00,421.47421729884104,421.55331696325794,418.30968749669245,419.1502685546875,13621700,0.0,0.0
2024-06-10 00:00:00-04:00,419.99086828849937,423.33336493941925,419.18985211669025,423.1257019042969,13982900,0.0,0.0
2024-06-11 00:00:00-04:00,420.76220781136936,428.0208168757502,420.53474723054455,427.8823547363281,14551100,0.0,0.0
2024-06-12 00:00:00-04:00,430.493059431206,438.48345289149796,428.4460049171592,436.1694030761719,22366200,0.0,0.0
2024-06-13 00:00:00-04:00,435.9617380262819,438.4735822465715,434.4981378154063,436.6836242675781,15960600,0.0,0.0
2024-06-14 00:00:00-04:00,433.42024926631433,438.2263761607837,431.877549319742,437.6626892089844,13582000,0.0,0.0
2024-06-17 00:00:00-04:00,437.68243737571277,445.9398563271766,435.83317727597375,443.3983459472656,20790000,0.0,0.0
2024-06-18 00:00:00-04:00,444.7234969265718,445.14875191744164,439.95696520327493,441.390869140625,17112500,0.0,0.0
2024-06-20 00:00:00-04:00,441.3513490930651,441.5788096843686,436.37712366644695,440.7580261230469,19877400,0.0,0.0
2024-06-21 00:00:00-04:00,442.4193728058131,445.58387250760194,441.5590243550793,444.7927551269531,34187100,0.0,0.0
2024-06-24 00:00:00-04:00,444.8125336268041,447.72983562691786,441.4601381818841,442.7061767578125,15913700,0.0,0.0
2024-06-25 00:00:00-04:00,443.27969425576566,446.4145577985047,441.79632662300793,445.94976806640625,16413400,0.0,0.0
2024-06-26 00:00:00-04:00,444.02139740080895,448.57039770845984,443.22038125858614,447.1463623046875,16507000,0.0,0.0
2024-06-27 00:00:00-04:00,447.1661206636861,451.11189918090986,446.76066321308457,447.8287048339844,14806300,0.0,0.0
2024-06-28 00:00:00-04:00,448.04624507062687,450.33062875420535,441.46008932267114,441.9941101074219,28362300,0.0,0.0
2024-07-01 00:00:00-04:00,443.6851847474979,452.29859832649356,440.718449260987,451.66571044921875,17662800,0.0,0.0
2024-07-02 00:00:00-04:00,448.1748078930114,454.4939381515054,448.085779279666,454.1873779296875,13979800,0.0,0.0
2024-07-03 00:00:00-04:00,453.10947910710325,455.9080860928665,452.80291887761234,455.6608581542969,9932800,0.0,0.0
2024-07-05 00:00:00-04:00,454.5137192746822,463.15682857412344,453.88083144181417,462.3755798339844,16000300,0.0,0.0
2024-07-08 00:00:00-04:00,461.37678118625774,462.5140538822785,459.30995917726233,461.0702209472656,12962300,0.0,0.0
2024-07-09 00:00:00-04:00,461.8217923289273,462.14811993117183,452.9215864810465,454.44451904296875,17207200,0.0,0.0
2024-07-10 00:00:00-04:00,456.10588369109234,461.28777166224876,453.7720362415662,461.0801086425781,18196100,0.0,0.0
2024-07-11 00:00:00-04:00,457.84639154158754,459.6264206924659,446.54310684217364,449.658203125,23111200,0.0,0.0
2024-07-12 00:00:00-04:00,449.2922850558392,451.2997748037469,445.65309687289607,448.52093505859375,16324300,0.0,0.0
2024-07-15 00:00:00-04:00,448.2737061930426,452.18981864416236,446.4244459584992,448.9263916015625,14429400,0.0,0.0
2024-07-16 00:00:00-04:00,449.18351146737297,449.26261113120097,441.70734079913353,444.5356140136719,17175700,0.0,0.0
2024-07-17 00:00:00-04:00,437.6824311668857,439.9173812942367,434.3102386061198,438.60211181640625,21778000,0.0,0.0
2024-07-18 00:00:00-04:00,439.41307217646386,439.71963242472316,429.5832863227986,435.4870910644531,20794800,0.0,0.0
2024-07-19 00:00:00-04:00,428.2976983913284,436.2485575608238,427.20988939637874,432.2632141113281,20940400,0.0,0.0
2024-07-22 00:00:00-04:00,436.89132199854777,439.6701615477493,434.04325138518465,438.028564453125,15808800,0.0,0.0
2024-07-23 00:00:00-04:00,438.97794115369385,443.41817564914504,438.1868237868677,439.91741943359375,13107100,0.0,0.0
2024-07-24 00:00:00-04:00,435.5662057633114,436.58478368998954,422.8487845737653,424.1442565917969,26805800,0.0,0.0
2024-07-25 00:00:00-04:00,424.0453575896341,425.0342693658965,412.88056536465024,413.76068115234375,29943800,0.0,0.0
2024-07-26 00:00:00-04:00,413.5629210032518,424.1640565570156,412.64321010602674,420.55450439453125,23583800,0.0,0.0
2024-07-29 00:00:00-04:00,426.7945193727036,427.3582063126635,419.9908318898155,421.9983215332031,15125800,0.0,0.0
2024-07-30 00:00:00-04:00,422.97735537825565,424.2925947905347,412.732213459478,418.2305908203125,32687600,0.0,0.0
2024-07-31 00:00:00-04:00,415.83742760783406,417.1032335524809,407.63934002598563,413.7112731933594,42891400,0.0,0.0
2024-08-01 00:00:00-04:00,416.1242037023935,422.72022849108816,408.5095707902921,412.4849853515625,30296400,0.0,0.0
2024-08-02 00:00:00-04:00,407.91618767034436,410.39836575672,399.85656314975535,403.9605407714844,29437900,0.0,0.0
2024-08-05 00:00:00-04:00,384.85479031825656,396.5931676964823,381.3045706583986,390.7684631347656,40709200,0.0,0.0
2024-08-06 00:00:00-04:00,395.5647061878266,401.1718491768835,394.0813385396222,395.17901611328125,24946500,0.0,0.0
2024-08-07 00:00:00-04:00,404.10895783773424,405.53296315438047,393.0627990585979,394.01214599609375,20650900,0.0,0.0
2024-08-08 00:00:00-04:00,397.97762559147657,401.35968669348046,395.5053463499925,398.224853515625,20203000,0.0,0.0
2024-08-09 00:00:00-04:00,399.55004994709526,403.52546468375385,397.7996868528818,401.5179748535156,19276700,0.0,0.0
2024-08-12 00:00:00-04:00,402.54636120552493,404.227523029457,399.7576231970111,402.29913330078125,16762900,0.0,0.0
2024-08-13 00:00:00-04:00,405.0483994374045,410.3489826258754,405.02863206499177,409.4194030761719,19414300,0.0,0.0
2024-08-14 00:00:00-04:00,410.2005761710246,413.08821172004394,407.87665773392825,412.23773193359375,18267000,0.0,0.0
2024-08-15 00:00:00-04:00,415.89340426982346,417.191211225686,413.77333444813155,417.1119689941406,20752100,0.75,0.0
2024-08-16 00:00:00-04:00,416.6859584876603,417.4190624715108,413.41664970781534,414.5757751464844,22775600,0.0,0.0
2024-08-19 00:00:00-04:00,415.0612389392474,417.8252842584304,412.5845034071879,417.6073303222656,15234000,0.0,0.0
2024-08-20 00:00:00-04:00,417.7757351150828,421.896996173198,417.7162958847744,420.84686279296875,16387600,0.0,0.0
2024-08-21 00:00:00-04:00,420.1335847320776,422.4320025414326,417.79556092274566,420.19305419921875,16067300,0.0,0.0
2024-08-22 00:00:00-04:00,420.410997320223,422.8184073246916,410.75172838496667,411.6829833984375,19361900,0.0,0.0
2024-08-23 00:00:00-04:00,413.0996723021897,415.3584538355035,408.255163223579,412.91143798828125,18493800,0.0,0.0
2024-08-26 00:00:00-04:00,412.4953551222988,413.3968905070922,407.5121643134923,409.64215087890625,13152800,0.0,0.0
2024-08-27 00:00:00-04:00,409.01800038370646,410.5040417108967,406.43230298651787,409.9888916015625,13492900,0.0,0.0
2024-08-28 00:00:00-04:00,411.0192227861693,411.13810125518216,403.5196602855256,406.779052734375,14882700,0.0,0.0
2024-08-29 00:00:00-04:00,411.0786443893992,418.1224654785976,406.7790352875099,409.27557373046875,17045200,0.0,0.0
2024-08-30 00:00:00-04:00,411.7325012306554,413.60489748199507,408.29479126700903,413.2581787109375,24308300,0.0,0.0
2024-09-03 00:00:00-04:00,414.0210025733613,415.97267128987687,403.2422452090673,405.62982177734375,20313600,0.0,0.0
2024-09-04 00:00:00-04:00,402.13271297104455,407.41310010382534,400.60703533664076,405.0948791503906,15135800,0.0,0.0
2024-09-05 00:00:00-04:00,403.8267457621573,409.25576060406553,402.35062114910426,404.589599609375,14195500,0.0,0.0
2024-09-06 00:00:00-04:00,405.2533163986018,406.8285163517566,397.0701736543033,397.9618225097656,19609500,0.0,0.0
2024-09-09 00:00:00-04:00,403.45033296201285,404.84721553886465,398.4077026542291,401.9444885253906,15295100,0.0,0.0
2024-09-10 00:00:00-04:00,404.4013853254675,412.45570379102855,403.90603822449737,410.3455505371094,19594300,0.0,0.0
2024-09-11 00:00:00-04:00,411.6334589269,420.0444433948456,405.76853569187716,419.1033020019531,19266900,0.0,0.0
2024-09-12 00:00:00-04:00,419.37076416429335,423.39298024346107,415.84389519077274,423.02642822265625,17395700,0.0,0.0
2024-09-13 00:00:00-04:00,421.8672937914901,427.8114589338371,421.5007417784194,426.5830078125,15874600,0.0,0.0
2024-09-16 00:00:00-04:00,426.59288481147314,429.49561126368206,424.2350280199423,427.32598876953125,13834700,0.0,0.0
2024-09-17 00:00:00-04:00,436.13332953102315,437.73824933805764,428.24738173228826,431.1005859375,18874200,0.0,0.0
2024-09-18 00:00:00-04:00,430.9520062716843,431.9724201576507,426.4047232128483,426.8009948730469,18898000,0.0,0.0
2024-09-19 00:00:00-04:00,437.12403789377305,437.3915144590669,432.83431483021604,434.607666015625,21706600,0.0,0.0
2024-09-20 00:00:00-04:00,433.1512870260625,435.1524782767089,430.17920464774005,431.21942138671875,55167100,0.0,0.0
2024-09-23 00:00:00-04:00,430.23868426031646,432.3983904018878,426.38489946949306,429.4758605957031,15128900,0.0,0.0
2024-09-24 00:00:00-04:00,428.97061525019865,429.3173642884583,422.1348308922367,425.17626953125,17015800,0.0,0.0
2024-09-25 00:00:00-04:00,425.8300552065777,429.08944744090394,424.58180113051003,428.0888366699219,13396400,0.0,0.0
2024-09-26 00:00:00-04:00,431.0411178765214,431.2491551844422,425.1365891561316,427.2962951660156,14492000,0.0,0.0
2024-09-27 00:00:00-04:00,427.5043867830189,427.83133282772945,423.49208702404536,424.0369567871094,14896100,0.0,0.0
2024-09-30 00:00:00-04:00,424.2251680181162,426.4146240359172,421.4116000312542,426.29571533203125,16807300,0.0,0.0
2024-10-01 00:00:00-04:00,424.4629431708175,424.49266278755016,414.91263654622963,416.775146484375,19092900,0.0,0.0
2024-10-02 00:00:00-04:00,418.6475564553425,418.88534363054407,412.8321861342137,413.248291015625,16582300,0.0,0.0
2024-10-03 00:00:00-04:00,413.7436103396226,415.64572621192764,410.43469544557,412.66375732421875,13686400,0.0,0.0
2024-10-04 00:00:00-04:00,414.34793855319174,415.8438964916741,411.1083793562167,412.188232421875,19169700,0.0,0.0
2024-10-07 00:00:00-04:00,412.12878843935687,413.22844449254166,405.1939290185023,405.7289123535156,20919800,0.0,0.0
2024-10-08 00:00:00-04:00,407.0762569270798,411.79197118142247,404.37168100298584,410.8507995605469,19229300,0.0,0.0
2024-10-09 00:00:00-04:00,411.99007853410836,416.46803570058375,410.4445979894132,413.5751953125,14974300,0.0,0.0
2024-10-10 00:00:00-04:00,411.3659669240718,413.46623380792397,409.3053060403614,411.97027587890625,13848400,0.0,0.0
2024-10-11 00:00:00-04:00,412.2674830881502,413.2482606337857,409.4043624478393,412.44580078125,14144900,0.0,0.0
2024-10-14 00:00:00-04:00,413.8822865985765,420.0939583051494,413.63461305961806,415.23956298828125,16653100,0.0,0.0
2024-10-15 00:00:00-04:00,418.25128280655105,418.5485092157335,411.3956956650851,414.8432922363281,18900200,0.0,0.0
2024-10-16 00:00:00-04:00,411.3065088320687,412.48540707078536,406.660150790306,412.2476501464844,15508900,0.0,0.0
2024-10-17 00:00:00-04:00,418.429570873714,418.56828256822496,411.72258229511425,412.8420715332031,14820000,0.0,0.0
2024-10-18 00:00:00-04:00,413.2582100340754,415.7448320191293,412.38639426497724,414.2687072753906,17145300,0.0,0.0
2024-10-21 00:00:00-04:00,412.2476842514802,415.06125227829034,409.89974372900497,414.8829345703125,14206100,0.0,0.0
2024-10-22 00:00:00-04:00,414.59559642085827,426.57308539168537,414.14980218140033,423.53167724609375,25482200,0.0,0.0
2024-10-23 00:00:00-04:00,426.85046750389023,427.068421426513,418.59799852659256,420.64874267578125,19654400,0.0,0.0
2024-10-24 00:00:00-04:00,421.3719191439679,422.0158945124843,418.4691926119839,420.77752685546875,13581600,0.0,0.0
2024-10-25 00:00:00-04:00,422.7886916681798,428.49507004148387,422.6004573402726,424.1657409667969,16899100,0.0,0.0
2024-10-28 00:00:00-04:00,427.64306615669506,427.9204593260478,422.33292947161533,422.6202392578125,14882400,0.0,0.0
2024-10-29 00:00:00-04:00,424.017135059726,429.13903758740884,421.83759563654417,427.9303894042969,17644100,0.0,0.0
2024-10-30 00:00:00-04:00,433.3692866656604,434.4194201314416,428.0789831021246,428.5049743652344,29749100,0.0,0.0
2024-10-31 00:00:00-04:00,411.49476909921253,412.2873426777555,402.51908117814946,402.5686340332031,53971000,0.0,0.0
2024-11-01 00:00:00-04:00,405.20384836550784,411.63344411141696,403.7078904341815,406.5511779785156,24230400,0.0,0.0
2024-11-04 00:00:00-05:00,405.9864621175824,406.6007179042562,401.79584509345045,404.658935546875,19672300,0.0,0.0
2024-11-05 00:00:00-05:00,404.5698009147436,411.0390330760231,404.28249112047496,407.63104248046875,17626000,0.0,0.0
2024-11-06 00:00:00-05:00,408.5821307366994,416.53740425456203,406.69978749855915,416.2698974609375,26681800,0.0,0.0
2024-11-07 00:00:00-05:00,417.3596638124742,422.8778379270892,415.9726979378319,421.4710388183594,19901800,0.0,0.0
2024-11-08 00:00:00-05:00,421.3620693729889,422.5310812867246,417.8550033981939,418.6079406738281,16891400,0.0,0.0
2024-11-11 00:00:00-05:00,418.58809689323664,420.8567950462537,412.1287816798458,414.1200866699219,24503300,0.0,0.0
2024-11-12 00:00:00-05:00,414.35783635110096,420.49023567836724,413.3176195666668,419.0933532714844,19401200,0.0,0.0
2024-11-13 00:00:00-05:00,417.7163255743709,425.3347363138495,414.31822142109314,421.2431945800781,21502200,0.0,0.0
2024-11-14 00:00:00-05:00,421.04505383486753,424.1855678921326,416.0915826132808,422.91748046875,30246900,0.0,0.0
2024-11-15 00:00:00-05:00,415.91324532993855,418.86549468955633,409.79076244428035,411.1380920410156,28247600,0.0,0.0
2024-11-18 00:00:00-05:00,411.0093198489206,414.50646935219214,408.2651076525754,411.89105224609375,24727000,0.0,0.0
2024-11-19 00:00:00-05:00,409.2656885605185,414.0507587358417,407.7202079437107,413.90216064453125,18133500,0.0,0.0
2024-11-20 00:00:00-05:00,412.9906674094557,413.4067722571845,406.75919271133495,411.6235046386719,19191700,0.0,0.0
2024-11-21 00:00:00-05:00,416.4281041493026,416.70605256605285,407.28555520801666,409.8466491699219,20780200,0.83,0.0
2024-11-22 00:00:00-05:00,408.35760329128635,414.3434454251094,408.04987579157546,413.9463806152344,24814600,0.0,0.0
2024-11-25 00:00:00-05:00,415.3162958278843,417.99650611752486,411.812146489521,415.7232971191406,27691100,0.0,0.0
2024-11-26 00:00:00-05:00,416.5174436728799,425.89825580258685,415.78287220202776,424.8559265136719,23458900,0.0,0.0
2024-11-27 00:00:00-05:00,421.99701856707253,424.10151982082925,418.92964944636213,419.8925476074219,18332400,0.0,0.0
2024-11-29 00:00:00-05:00,417.0137828520631,421.76871536801127,414.7405434642979,420.3591003417969,16271900,0.0,0.0
2024-12-02 00:00:00-05:00,418.48293944626425,429.82923270647603,418.22483367708463,427.82403564453125,20207200,0.0,0.0
2024-12-03 00:00:00-05:00,426.69239311416067,429.3031391752765,424.60776479316314,428.0424499511719,18302000,0.0,0.0
2024-12-04 00:00:00-05:00,429.8589906240061,436.45038152660425,429.46192581768037,434.21685791015625,26009400,0.0,0.0
2024-12-05 00:00:00-05:00,434.71321944433936,441.4038541812057,432.9760343176013,439.3787841796875,21697800,0.0,0.0
2024-12-06 00:00:00-05:00,439.0611189309198,442.8333105145372,438.5350012201072,440.32183837890625,18821000,0.0,0.0
2024-12-09 00:00:00-05:00,439.35893665859504,445.0469576507044,437.2743084708553,442.7538757324219,19144400,0.0,0.0
2024-12-10 00:00:00-05:00,441.1358533918597,446.32753597079886,438.3662754088612,440.0835876464844,18469500,0.0,0.0
2024-12-11 00:00:00-05:00,440.79835058458633,447.05223585940473,440.79835058458633,445.7021789550781,19200200,0.0,0.0
2024-12-12 00:00:00-05:00,445.8212579806136,452.8196506561494,445.8212579806136,446.2679748535156,20834800,0.0,0.0
2024-12-13 00:00:00-05:00,445.15616611270633,448.124261247401,442.3170935669994,443.9947204589844,20177800,0.0,0.0
2024-12-16 00:00:00-05:00,443.99470839545216,448.8687569516414,442.0192905147007,448.2830810546875,23598800,0.0,0.0
2024-12-17 00:00:00-05:00,447.70736185197006,451.9560191338881,446.2779042343056,451.132080078125,22733500,0.0,0.0
2024-12-18 00:00:00-05:00,448.0150896587636,449.3353370303597,433.8197872534811,434.1871032714844,24444500,0.0,0.0
2024-12-19 00:00:00-05:00,438.38612742715867,439.9347015317489,433.12495005824394,433.8297424316406,22963700,0.0,0.0
2024-12-20 00:00:00-05:00,429.93842886665163,440.4905928728717,425.4912541783927,433.40289306640625,64263700,0.0,0.0
2024-12-23 00:00:00-05:00,433.54185407205193,434.44519400818086,429.6604823749245,432.0627746582031,19152500,0.0,0.0
2024-12-24 00:00:00-05:00,431.4671622449362,436.3809267682004,431.0105391906017,436.1128845214844,7164500,0.0,0.0
2024-12-26 00:00:00-05:00,435.8646925313124,437.7110878799943,433.43265156283826,434.90179443359375,8194200,0.0,0.0
2024-12-27 00:00:00-05:00,431.41755366983716,432.03300873883813,423.22796607712917,427.3773498535156,18117700,0.0,0.0
2024-12-30 00:00:00-05:00,422.9400284711836,424.4191077458383,418.810487849265,421.7190246582031,13158700,0.0,0.0
2024-12-31 00:00:00-05:00,422.97977346202197,423.6051649635355,417.5796069111211,418.4134521484375,13246500,0.0,0.0
2025-01-02 00:00:00-05:00,422.4139505741353,422.9500047735069,411.81216477472935,415.51483154296875,16896500,0.0,0.0
2025-01-03 00:00:00-05:00,417.99651176266025,420.9249216883709,416.46781065088146,420.2499084472656,16662900,0.0,0.0
2025-01-06 00:00:00-05:00,424.865875513533,431.13960318889787,422.3643396757335,424.71697998046875,20573600,0.0,0.0
2025-01-07 00:00:00-05:00,425.85852385294453,427.49643519355806,417.7185585987197,419.2770690917969,18139100,0.0,0.0
2025-01-08 00:00:00-05:00,420.3590683350305,423.8433749158129,418.4531451224049,421.4510192871094,15054600,0.0,0.0
2025-01-10 00:00:00-05:00,421.52050962504774,421.59991046888086,411.98086631184646,415.8821105957031,20201100,0.0,0.0
2025-01-13 00:00:00-05:00,412.19927707865725,415.4354144937977,409.2708974707551,414.135009765625,17604800,0.0,0.0
2025-01-14 00:00:00-05:00,414.7504731982745,416.6663329915462,407.7123952362894,412.62615966796875,16935900,0.0,0.0
2025-01-15 00:00:00-05:00,416.06078709453215,425.0147242617403,415.2070689754285,423.1882019042969,19637800,0.0,0.0
2025-01-16 00:00:00-05:00,425.56074187721237,426.34493507947604,421.28230542678756,421.47088623046875,15300000,0.0,0.0
2025-01-17 00:00:00-05:00,430.91124996405387,431.29840862027794,425.0346177976779,425.8883056640625,26197500,0.0,0.0
2025-01-21 00:00:00-05:00,427.04974598441896,427.74460185190514,422.4834247796493,425.3621826171875,26085700,0.0,0.0
2025-01-22 00:00:00-05:00,434.35587089419175,443.9947588601348,432.8072967513622,442.9326171875,27803800,0.0,0.0
2025-01-23 00:00:00-05:00,438.76331124507635,443.4785278251988,438.266972657695,443.4388122558594,18389300,0.0,0.0
2025-01-24 00:00:00-05:00,441.9002090925553,443.37928850377745,438.16773293128523,440.8082580566406,15549500,0.0,0.0
2025-01-27 00:00:00-05:00,420.90507512895306,432.01313557520695,420.39880005578783,431.3778076171875,35647800,0.0,0.0
2025-01-28 00:00:00-05:00,431.4175234893937,445.0966142937209,428.2211016468738,443.9252624511719,23491700,0.0,0.0
2025-01-29 00:00:00-05:00,443.41896958220315,443.607580668921,437.1750216711049,439.09088134765625,23581400,0.0,0.0
2025-01-30 00:00:00-05:00,415.7034295288443,419.7634757332681,410.1345248522129,411.95111083984375,54586300,0.0,0.0
2025-01-31 00:00:00-05:00,415.911907348454,417.60937689111034,411.87170384291437,412.0205993652344,34161900,0.0,0.0
2025-02-03 00:00:00-05:00,408.5859935358612,412.368091725276,405.6675197732108,407.9109802246094,25679100,0.0,0.0
2025-02-04 00:00:00-05:00,409.66794472749183,410.8889485554991,406.7395349510832,409.35028076171875,20532100,0.0,0.0
2025-02-05 00:00:00-05:00,409.3304308556131,410.79957365654525,407.39469828604103,410.2635498046875,16316700,0.0,0.0
2025-02-06 00:00:00-05:00,410.9683447102107,415.1376009046221,410.9683447102107,412.7750244140625,16309800,0.0,0.0
2025-02-07 00:00:00-05:00,413.4302096384315,415.58430218979566,405.1115698860282,406.7494812011719,22886800,0.0,0.0
2025-02-10 00:00:00-05:00,410.6804954197058,412.41768060214906,407.91094771202364,409.201416015625,20817900,0.0,0.0
2025-02-11 00:00:00-05:00,406.64031711794166,409.4694230026259,406.30278019920314,408.4271240234375,18140600,0.0,0.0
2025-02-12 00:00:00-05:00,404.22806155020925,407.7421472112012,401.40886202523427,406.044677734375,19121700,0.0,0.0
2025-02-13 00:00:00-05:00,404.01963601763975,407.99034497113007,403.38430804391083,407.5337219238281,23891700,0.0,0.0
2025-02-14 00:00:00-05:00,404.80385028408716,405.91564391864586,402.9078331667541,405.43914794921875,22758500,0.0,0.0
2025-02-18 00:00:00-05:00,405.01228421128855,407.59325090478893,403.52326846051176,406.6402893066406,21423100,0.0,0.0
2025-02-19 00:00:00-05:00,404.89319663470326,412.44745587382107,404.66486996411237,411.73272705078125,24114200,0.0,0.0
2025-02-20 00:00:00-05:00,413.0755545581438,417.07410775463984,410.3402184035009,413.91107177734375,23508700,0.83,0.0
2025-02-21 00:00:00-05:00,415.11458446579724,415.8207899827264,405.71499358869687,406.03326416015625,27524800,0.0,0.0
2025-02-24 00:00:00-05:00,406.3316944915949,407.1870941067446,397.1906962904959,401.8457336425781,26443700,0.0,0.0
2025-02-25 00:00:00-05:00,398.9611771958944,399.7768119064437,394.5846458623518,395.7782287597656,29387400,0.0,0.0
2025-02-26 00:00:00-05:00,395.8876811696496,401.4478696916858,392.1477210913464,397.5985107421875,19619000,0.0,0.0
2025-02-27 00:00:00-05:00,399.13030635306495,403.5764722898777,390.0788543559985,390.4369201660156,21127400,0.0,0.0
2025-02-28 00:00:00-05:00,390.5662102627109,395.50970978817173,384.50868780557136,394.87310791015625,32845700,0.0,0.0
2025-03-03 00:00:00-05:00,396.693360360252,396.693360360252,384.1008642400347,386.4184265136719,23007700,0.0,0.0
2025-03-04 00:00:00-05:00,381.3555708063787,390.48661254503907,378.9683745181786,386.53778076171875,29342900,0.0,0.0
2025-03-05 00:00:00-05:00,387.2639110911412,399.52818059067016,386.73673843465946,398.8816223144531,23433100,0.0,0.0
2025-03-06 00:00:00-05:00,392.17758313531544,400.00561314926756,390.586108729763,394.773681640625,23304600,0.0,0.0
2025-03-07 00:00:00-05:00,390.2280267594304,392.6947831487431,383.4841811851977,391.2127380371094,22034100,0.0,0.0
2025-03-10 00:00:00-04:00,383.7825787420743,384.3395902213564,375.20854809150063,378.13287353515625,32840100,0.0,0.0
2025-03-11 00:00:00-04:00,376.9790454259089,383.9417190881288,374.900193646485,378.42132568359375,30380200,0.0,0.0
2025-03-12 00:00:00-04:00,380.9080172396425,383.1659020465141,376.92934634163805,381.2262878417969,24253600,0.0,0.0
2025-03-13 00:00:00-04:00,381.1168495701804,383.2653352756173,375.43730594967485,376.750244140625,20473000,0.0,0.0
2025-03-14 00:00:00-04:00,377.7548866940246,388.1491759928466,377.48633735073093,386.4880676269531,19952800,0.0,0.0
2025-03-17 00:00:00-04:00,384.6379840789578,390.61591588488574,383.5140048019888,386.6273193359375,22474300,0.0,0.0
2025-03-18 00:00:00-04:00,385.0060028133576,385.30439095730634,379.06783591000334,381.47491455078125,19486900,0.0,0.0
2025-03-19 00:00:00-04:00,383.47424708645485,387.60211207726394,381.95240668028214,385.7520446777344,19185500,0.0,0.0
2025-03-20 00:00:00-04:00,383.68308121761453,389.7008385815923,381.2362073514129,384.7772216796875,18470500,0.0,0.0
2025-03-21 00:00:00-04:00,381.1765391094654,389.65109658333733,380.7587653391681,389.1736755371094,39675900,0.0,0.0
2025-03-24 00:00:00-04:00,393.29158399443577,393.29158399443577,387.73139545576913,390.98394775390625,21004500,0.0,0.0
2025-03-25 00:00:00-04:00,391.8195087441688,394.2464699747621,390.54633531859656,393.0528869628906,15775000,0.0,0.0
2025-03-26 00:00:00-04:00,392.89374127883343,393.2020858372719,386.49803525659746,387.89056396484375,16108400,0.0,0.0
2025-03-27 00:00:00-04:00,388.04970169840396,390.1484359049866,385.33424804034394,388.4972839355469,13766800,0.0,0.0
2025-03-28 00:00:00-04:00,386.01060482786494,387.05502406399853,374.920066699825,376.78009033203125,21632000,0.0,0.0
2025-03-31 00:00:00-04:00,370.5534967757106,375.0593400396717,365.28173999012597,373.3883056640625,35184700,0.0,0.0
2025-04-01 00:00:00-04:00,372.65223585591366,380.80852287787553,371.2398247656492,380.15203857421875,19689500,0.0,0.0
2025-04-02 00:00:00-04:00,375.95454781806535,383.0266205201498,374.6117403662579,380.1023254394531,16092600,0.0,0.0
2025-04-03 00:00:00-04:00,372.79148704012755,375.4671453752222,367.38049274092737,371.12042236328125,30198000,0.0,0.0
2025-04-04 00:00:00-04:00,362.1883672134991,372.5925832225619,357.5631683165765,357.9212341308594,49209900,0.0,0.0
2025-04-07 00:00:00-04:00,349.00902084094025,369.021730877009,342.9514979578054,355.9517822265625,50425000,0.0,0.0
2025-04-08 00:00:00-04:00,366.2963320079612,371.65757505461033,348.38235725741856,352.66937255859375,35868900,0.0,0.0
2025-04-09 00:00:00-04:00,351.6547953803853,391.1331552543464,351.21713920354574,388.4077453613281,50199700,0.0,0.0
2025-04-10 00:00:00-04:00,380.02273387837465,381.85291877896515,365.838762955237,379.3165283203125,38024400,0.0,0.0
2025-04-11 00:00:00-04:00,378.61034006862997,387.9701367142302,376.86967153767677,386.3786926269531,23839200,0.0,0.0
2025-04-14 00:00:00-04:00,391.1232211496066,392.54558862795363,382.1612557582716,385.7420654296875,19251200,0.0,0.0
2025-04-15 00:00:00-04:00,386.43836227942796,389.80034400082167,382.1115516637576,383.6731872558594,17199900,0.0,0.0
2025-04-16 00:00:00-04:00,378.6401657518634,379.5751254610235,366.0377126687907,369.6284484863281,21967800,0.0,0.0
2025-04-17 00:00:00-04:00,371.75704543823275,372.3240133010547,364.9336397230584,365.8188781738281,21120200,0.0,0.0
2025-04-21 00:00:00-04:00,360.88533011613976,362.5364820854384,353.7734623702264,357.2050476074219,20807300,0.0,0.0
2025-04-22 00:00:00-04:00,361.44235434917846,365.80892977570767,357.94110461161955,364.864013671875,19485000,0.0,0.0
2025-04-23 00:00:00-04:00,374.05469360875344,378.36162129682754,371.0308956184831,372.39361572265625,20545500,0.0,0.0
2025-04-24 00:00:00-04:00,373.69665118177875,386.3786638188774,373.1893609627435,385.2347717285156,22232300,0.0,0.0
2025-04-25 00:00:00-04:00,384.93638434344297,390.068873110604,382.54918803088736,389.7605285644531,18973200,0.0,0.0
2025-04-28 00:00:00-04:00,389.86991018310994,390.6457497092271,384.5783015368256,389.0741882324219,16579400,0.0,0.0
2025-04-29 00:00:00-04:00,389.21346312193106,392.9932186361511,388.29838582664536,391.9388732910156,14974000,0.0,0.0
2025-04-30 00:00:00-04:00,388.21877036685504,394.54487238441686,382.39003252749313,393.15234375,36461100,0.0,0.0
2025-05-01 00:00:00-04:00,428.81116623183453,434.65981700987567,422.6342884776108,423.1316223144531,58938100,0.0,0.0
2025-05-02 00:00:00-04:00,429.4378217113229,437.09677511877317,427.6971532418887,432.9589538574219,30757400,0.0,0.0
2025-05-05 00:00:00-04:00,430.5617862640975,437.15643772408293,429.80582912695047,433.8442077636719,20136100,0.0,0.0
2025-05-06 00:00:00-04:00,429.8953841273505,435.39589519237757,428.8708776295015,430.99945068359375,15104200,0.0,0.0
2025-05-07 00:00:00-04:00,431.5266230555768,435.7837995157977,428.8111693588705,431.03924560546875,23295300,0.0,0.0
2025-05-08 00:00:00-04:00,435.5948162408885,441.30422944958144,433.3369315017373,435.83355712890625,23491300,0.0,0.0
2025-05-09 00:00:00-04:00,437.6537809958818,438.38982536855053,433.55575499424157,436.39056396484375,15324200,0.0,0.0
2025-05-12 00:00:00-04:00,443.5620761346614,446.97377874951286,437.4349200185842,446.8643798828125,22821900,0.0,0.0
2025-05-13 00:00:00-04:00,445.392292323668,448.2668964878236,442.9851831830833,446.74505615234375,23618800,0.0,0.0
2025-05-14 00:00:00-04:00,445.75038756339603,451.4796527444761,445.75038756339603,450.5247802734375,19902800,0.0,0.0
2025-05-15 00:00:00-04:00,449.1894577663049,454.5904670438241,448.8506535548848,451.54119873046875,21992300,0.83,0.0
2025-05-16 00:00:00-04:00,450.4649981824022,452.7668963665248,447.1566619661563,452.6772155761719,23849800,0.0,0.0
2025-05-19 00:00:00-04:00,449.29907263869796,457.9785240250479,449.2193361148497,457.26104736328125,21336500,0.0,0.0
2025-05-20 00:00:00-04:00,453.9925667897047,456.73292449884485,452.72703072274504,456.56353759765625,15441800,0.0,0.0
2025-05-21 00:00:00-04:00,452.97614166677727,456.17487788050977,450.2258093649285,450.983154296875,19216900,0.0,0.0
2025-05-22 00:00:00-04:00,453.3548479183862,458.63625267798704,452.30851122486644,453.26513671875,18025600,0.0,0.0
2025-05-23 00:00:00-04:00,448.40228199038245,452.0992653985463,447.3360263474386,448.6015625,16883500,0.0,0.0
2025-05-27 00:00:00-04:00,454.87944662996904,459.3337746022176,454.52069309116933,459.0746765136719,20974300,0.0,0.0
2025-05-28 00:00:00-04:00,459.60285995745147,460.89828970025724,455.3278931492698,455.7563781738281,17086300,0.0,0.0
2025-05-29 00:00:00-04:00,459.93167902845283,460.10109634693043,453.71356774793736,457.0717468261719,13974800,0.0,0.0
2025-05-30 00:00:00-04:00,458.1080789456966,460.06119805700706,453.942742633105,458.7458190917969,34770500,0.0,0.0
2025-06-02 00:00:00-04:00,455.53716828611505,460.48971303831235,455.2880448481698,460.3502197265625,16626500,0.0,0.0
2025-06-03 00:00:00-04:00,459.85196958801225,462.5126212670428,459.24409259023946,461.3467102050781,15743800,0.0,0.0
2025-06-04 00:00:00-04:00,462.3730793208357,464.05715611586317,461.3965045417047,462.2435302734375,14162700,0.0,0.0
2025-06-05 00:00:00-04:00,463.3296970825432,468.00325491639626,462.4029652503908,466.0401611328125,20131700,0.0,0.0
2025-06-06 00:00:00-04:00,468.4417212017894,471.6803257365932,467.1363168836836,468.730712890625,15285600,0.0,0.0
2025-06-09 00:00:00-04:00,468.05311353771793,471.77001565920176,466.9768832876908,471.0924072265625,16469900,0.0,0.0
2025-06-10 00:00:00-04:00,469.53787169847936,471.14221196784314,465.3226923748716,469.2688293457031,15375900,0.0,0.0
2025-06-11 00:00:00-04:00,468.37197033665615,473.80287330978865,468.01324719222674,470.9628601074219,16399200,0.0,0.0
2025-06-12 00:00:00-04:00,473.3544415367432,478.73553201697933,471.8597009390277,477.1909484863281,18950600,0.0,0.0
2025-06-13 00:00:00-04:00,474.7395752703882,477.4998519181197,471.1023792861798,473.2946472167969,16814500,0.0,0.0
2025-06-16 00:00:00-04:00,473.5437784887318,479.00457509504827,473.3345233196989,477.46002197265625,15626100,0.0,0.0
2025-06-17 00:00:00-04:00,473.7331030955977,477.06138843382047,472.4177241014044,476.3638610839844,15414100,0.0,0.0
2025-06-18 00:00:00-04:00,476.3239856832242,479.313466764918,472.7963894918646,478.5561218261719,17526500,0.0,0.0
2025-06-20 00:00:00-04:00,480.53918652379775,481.76485435953526,475.1979642712812,475.7261047363281,37576200,0.0,0.0
2025-06-23 00:00:00-04:00,476.53323466530253,486.0397928967888,470.8532389300749,484.2959289550781,24864000,0.0,0.0
2025-06-24 00:00:00-04:00,487.23560408546166,490.1254297173699,485.0931183138473,488.3915100097656,22305600,0.0,0.0
2025-06-25 00:00:00-04:00,490.314771223071,492.82592441237585,487.6740689863978,490.5439453125,17495100,0.0,0.0
2025-06-26 00:00:00-04:00,491.2514824256969,496.29373818928514,491.08206511354325,495.705810546875,21578900,0.0,0.0
2025-06-27 00:00:00-04:00,495.80545117387857,497.54931522943417,491.30131038962224,494.20111083984375,34539200,0.0,0.0
2025-06-30 00:00:00-04:00,495.2972567719388,499.0042146991214,493.5932305818623,495.66595458984375,28369000,0.0,0.0
2025-07-01 00:00:00-04:00,494.7292533047111,496.30370004913976,489.2585123483102,490.3247375488281,19945400,0.0,0.0
2025-07-02 00:00:00-04:00,488.2719538404123,491.76965656989233,486.98649882219644,489.36810302734375,16319600,0.0,0.0
2025-07-03 00:00:00-04:00,492.07857999859937,498.3764278450543,491.7098821739863,497.0909423828125,13984800,0.0,0.0
2025-07-07 00:00:00-04:00,495.6360493014733,497.0012408266234,493.4935938943106,495.974853515625,13981600,0.0,0.0
2025-07-08 00:00:00-04:00,495.4965138505155,496.4531696907806,492.3774837277821,494.8786926269531,11846600,0.0,0.0
2025-07-09 00:00:00-04:00,498.54580110123976,505.003091421344,497.98776704512187,501.74456787109375,18659500,0.0,0.0
2025-07-10 00:00:00-04:00,501.2861517097084,502.67129257213526,496.0047471787155,499.7216796875,16492100,0.0,0.0
2025-07-11 00:00:00-04:00,496.72223609239006,503.25923259786794,496.054571905536,501.55523681640625,16459500,0.0,0.0
2025-07-14 00:00:00-04:00,499.7615155353931,502.2029372942231,499.273243347857,501.2562561035156,12058800,0.0,0.0
2025-07-15 00:00:00-04:00,501.2562471634966,506.51773265302506,501.027073076573,504.04644775390625,14927200,0.0,0.0
2025-07-16 00:00:00-04:00,503.40867779230757,504.94328659833275,500.13023542973804,503.8471374511719,15154400,0.0,0.0
2025-07-17 00:00:00-04:00,503.9069415603956,511.5699807689203,503.84715436950415,509.9058532714844,17503100,0.0,0.0
2025-07-18 00:00:00-04:00,512.6760872301095,512.8355602906365,505.6508184267905,508.2616271972656,21209700,0.0,0.0
2025-07-21 00:00:00-04:00,504.9333159392007,510.29448733980524,503.77737959397786,508.2715759277344,14066800,0.0,0.0
2025-07-22 00:00:00-04:00,509.1784090675831,509.40761357627605,503.4983825683594,503.4983825683594,13868600,0.0,0.0
2025-07-23 00:00:00-04:00,504.97320231513,505.01307057965715,498.9444273574923,504.0962829589844,16396600,0.0,0.0
2025-07-24 00:00:00-04:00,506.98609704492156,511.86891017220256,505.5212500656798,509.0887145996094,16107000,0.0,0.0
2025-07-25 00:00:00-04:00,510.67314061143924,516.4727417364818,508.57055332296227,511.9088439941406,19125700,0.0,0.0
2025-07-28 00:00:00-04:00,512.2775105607909,513.1942677567645,508.3313735189307,510.7030334472656,14308000,0.0,0.0
2025-07-29 00:00:00-04:00,513.7224399565682,515.8050777848653,509.7663282358281,510.7727966308594,16469200,0.0,0.0
2025-07-30 00:00:00-04:00,513.3636552782116,514.1409495778635,507.6537656967309,511.4404296875,26380400,0.0,0.0
2025-07-31 00:00:00-04:00,553.2831833968122,553.5024436401114,530.0350289229713,531.62939453125,51617300,0.0,0.0
2025-08-01 00:00:00-04:00,533.1241706958108,533.9213535531813,519.0337340919326,522.2723388671875,28977600,0.0,0.0
2025-08-04 00:00:00-04:00,526.4177481275262,536.3627358241171,526.2782244119826,533.7619018554688,25349000,0.0,0.0
2025-08-05 00:00:00-04:00,535.2964641743647,535.41603854948,525.3913146279989,525.8995361328125,19171600,0.0,0.0
2025-08-06 00:00:00-04:00,529.0385508551038,529.8357336828143,522.1926437275052,523.0994262695312,21355700,0.0,0.0
2025-08-07 00:00:00-04:00,524.9529190734887,526.2384349946553,515.7353514691818,519.0138549804688,16079100,0.0,0.0
2025-08-08 00:00:00-04:00,520.7676288144971,522.8204035830947,517.5888112007746,520.2095947265625,15531000,0.0,0.0
2025-08-11 00:00:00-04:00,520.4686618064882,525.7401525514866,517.8976909591346,519.9405517578125,20194400,0.0,0.0
2025-08-12 00:00:00-04:00,521.9135974657331,529.1182277589118,520.8672912006765,527.3843383789062,18667000,0.0,0.0
2025-08-13 00:00:00-04:00,530.2443026581628,530.8322607629538,517.5489813455309,518.7547607421875,19619200,0.0,0.0
2025-08-14 00:00:00-04:00,520.7277467800332,524.1058750288076,518.3162490497452,520.6480102539062,20269100,0.0,0.0
2025-08-15 00:00:00-04:00,520.9370505811125,524.255330935539,517.2599862571353,518.3461303710938,25213300,0.0,0.0
2025-08-18 00:00:00-04:00,519.7611730136332,520.9868407954262,512.2177084457264,515.286865234375,23760600,0.0,0.0
2025-08-19 00:00:00-04:00,513.1942782099028,513.3536904476517,506.7668813962475,507.98260498046875,21481000,0.0,0.0
2025-08-20 00:00:00-04:00,508.0822507382742,509.2082935133009,502.6712971096552,503.9468078613281,27723000,0.0,0.0
2025-08-21 00:00:00-04:00,502.74904380636957,506.68168580920974,501.7808546744913,503.2980041503906,18443300,0.83,0.0
2025-08-22 00:00:00-04:00,503.3079962424447,509.77590173606455,501.471437254012,506.2824401855469,24324200,0.0,0.0
2025-08-25 00:00:00-04:00,505.6835608535286,507.2406441544574,503.1782400793436,503.3179931640625,21638600,0.0,0.0
2025-08-26 00:00:00-04:00,503.4177851675948,504.0366525259624,497.5787379824689,501.1021423339844,30835700,0.0,0.0
2025-08-27 00:00:00-04:00,501.06219963605827,506.34232576675964,498.96611661319633,505.7933349609375,17277900,0.0,0.0
2025-08-28 00:00:00-04:00,506.1426727693108,510.1352001425548,504.5556467937143,508.68792724609375,18015600,0.0,0.0
2025-08-29 00:00:00-04:00,507.7097597194238,508.64800611235046,503.5475364264987,505.7434387207031,20961600,0.0,0.0
2025-09-02 00:00:00-04:00,499.53505401941584,505.0547219959289,495.88188775050133,504.1763610839844,18128000,0.0,0.0
2025-09-03 00:00:00-04:00,502.8488615493355,506.8413890153064,501.3816064871684,504.40594482421875,16345100,0.0,0.0
2025-09-04 00:00:00-04:00,503.3578996917829,507.20071355848035,502.2100541109688,507.02105712890625,15509500,0.0,0.0
2025-09-05 00:00:00-04:00,508.11900990545524,511.0135863020471,491.4501951138555,494.0752868652344,31994800,0.0,0.0
2025-09-08 00:00:00-04:00,497.1794589519428,500.26371328397477,494.10522614671714,497.2693176269531,16771000,0.0,0.0
2025-09-09 00:00:00-04:00,500.4932596555404,501.3117351050236,496.77024724997165,497.4789123535156,14410500,0.0,0.0
2025-09-10 00:00:00-04:00,502.04038173392,502.2899147028095,495.7920664455459,499.43524169921875,21611800,0.0,0.0
2025-09-11 00:00:00-04:00,501.31173995388707,502.2300346920423,496.9499084839274,500.0740661621094,18881600,0.0,0.0
2025-09-12 00:00:00-04:00,505.70352006176233,511.59249216822343,502.9087629314118,508.94744873046875,23624900,0.0,0.0
2025-09-15 00:00:00-04:00,507.8395136770829,514.5069966795595,506.05284913244947,514.397216796875,17143800,0.0,0.0
2025-09-16 00:00:00-04:00,515.9144004162443,516.2637221986186,507.64986983793983,508.08905029296875,19711900,0.0,0.0
2025-09-17 00:00:00-04:00,509.6660849144807,510.33484666258875,504.9848440594251,509.06719970703125,15816600,0.0,0.0
2025-09-18 00:00:00-04:00,510.5344514878828,512.1115168727503,506.71161989545686,507.5001525878906,18913700,0.0,0.0
2025-09-19 00:00:00-04:00,509.6061757592278,518.3298380532008,509.35664280609984,516.96240234375,52474100,0.0,0.0
2025-09-22 00:00:00-04:00,514.6268375894382,516.772784556969,511.5824866494396,513.4889526367188,20009300,0.0,0.0
2025-09-23 00:00:00-04:00,512.8401566617626,513.6287198501773,506.3622903955001,508.2787170410156,19799600,0.0,0.0
2025-09-24 00:00:00-04:00,509.4265417419943,511.5225942719762,505.9730140478167,509.19696044921875,13533700,0.0,0.0
2025-09-25 00:00:00-04:00,507.3504106819217,509.0572380888419,504.09652154158834,506.0827941894531,15786500,0.0,0.0
2025-09-26 00:00:00-04:00,509.1071380786861,512.9798945996346,505.67356201643696,510.5045166015625,16213100,0.0,0.0
2025-09-29 00:00:00-04:00,510.5444265624633,515.8844074376258,507.9293260645142,513.6386108398438,17617800,0.0,0.0
2025-09-30 00:00:00-04:00,512.2811987663596,517.1919905812645,508.70790002171145,516.982421875,19728200,0.0,0.0
2025-10-01 00:00:00-04:00,513.8382741479315,519.5376290534263,510.7340986553811,518.7391357421875,22632300,0.0,0.0
2025-10-02 00:00:00-04:00,516.6730253227585,520.625588764222,509.7260051791023,514.7765502929688,21222900,0.0,0.0
2025-10-03 00:00:00-04:00,516.1339509263171,519.5176324904353,514.0378984273964,516.3834838867188,15112300,0.0,0.0
2025-10-06 00:00:00-04:00,517.6411650074094,530.0380069481532,517.2319577376861,527.5825805664062,21388600,0.0,0.0
2025-10-07 00:00:00-04:00,527.3030443984364,528.8102332144322,520.4658657072805,523.0010986328125,14615200,0.0,0.0
2025-10-08 00:00:00-04:00,522.3024933531,525.9656203925812,522.1128458539913,523.8695068359375,13363400,0.0,0.0
2025-10-09 00:00:00-04:00,521.3642478231245,523.3505205733983,516.4334737589328,521.4241333007812,18343600,0.0,0.0
2025-10-10 00:00:00-04:00,518.6692706129455,522.6019127014883,508.6779606337136,510.0054626464844,24133800,0.0,0.0
2025-10-13 00:00:00-04:00,515.4452371680482,515.4452371680482,510.7240930552238,513.0896606445312,14284200,0.0,0.0
2025-10-14 00:00:00-04:00,509.2768388871209,514.3174231454748,505.05473007895694,512.610595703125,14684300,0.0,0.0
2025-10-15 00:00:00-04:00,513.9979961583023,516.2238106749688,509.04724028199115,512.4708251953125,14694700,0.0,0.0
2025-10-16 00:00:00-04:00,511.62245544117155,515.884437136842,507.1807563967364,510.65423583984375,15559600,0.0,0.0
2025-10-17 00:00:00-04:00,508.0890780500653,514.5170195527368,506.3622988729776,512.62060546875,19867800,0.0,0.0
2025-10-20 00:00:00-04:00,513.6486038577511,517.730989827423,512.4708156147512,515.8245239257812,14665600,0.0,0.0
2025-10-21 00:00:00-04:00,516.533257830336,517.7210372272165,512.0815676283437,516.6929321289062,15586200,0.0,0.0
2025-10-22 00:00:00-04:00,520.1764726871388,524.2488070435115,516.7428964573043,519.5675659179688,18962700,0.0,0.0
2025-10-23 00:00:00-04:00,521.4839993377199,522.9712060783663,517.6411550810741,519.5875244140625,14023500,0.0,0.0
2025-10-24 00:00:00-04:00,521.8133604589415,524.3685757173844,519.7372899447384,522.6318359375,15532400,0.0,0.0
2025-10-27 00:00:00-04:00,530.7866236569336,533.5813808592218,528.0217787333662,530.527099609375,18734700,0.0,0.0
2025-10-28 00:00:00-04:00,548.9725518014023,552.6855732732587,539.7598137450263,541.057373046875,29986700,0.0,0.0
2025-10-29 00:00:00-04:00,543.9220119141725,545.2495444281135,535.7273269044096,540.538330078125,36023000,0.0,0.0
2025-10-30 00:00:00-04:00,529.4889853080866,533.9705877450752,521.1446173319796,524.77783203125,41023100,0.0,0.0
2025-10-31 00:00:00-04:00,527.8919782690999,528.3311587204174,514.137692119172,516.8426513671875,34006400,0.0,0.0
2025-11-03 00:00:00-05:00,518.8389228578652,523.9793263365088,513.628703759196,516.0641479492188,22374700,0.0,0.0
2025-11-04 00:00:00-05:00,510.80399534425794,514.5868933466259,506.8913048594995,513.3692016601562,20958700,0.0,0.0
2025-11-05 00:00:00-05:00,512.3410686781482,513.8682396575209,505.6336213981725,506.2125549316406,23024300,0.0,0.0
2025-11-06 00:00:00-05:00,504.7153625290288,504.75529633258907,494.88375756631746,496.1713562011719,27406500,0.0,0.0
2025-11-07 00:00:00-05:00,496.02163823572937,498.4470913363115,492.32853818272196,495.8918762207031,24019800,0.0,0.0
2025-11-10 00:00:00-05:00,499.10586069795033,505.9031361854127,497.8681564860657,505.0547180175781,26101500,0.0,0.0
2025-11-11 00:00:00-05:00,503.85694933091565,508.64800052182136,501.411544557113,507.7297058105469,17980000,0.0,0.0
2025-11-12 00:00:00-05:00,508.4084461357136,510.7141588310794,498.18758530403636,510.1851501464844,26574900,0.0,0.0
2025-11-13 00:00:00-05:00,509.3566671737073,512.54071024479,500.3535287599438,502.34979248046875,25273100,0.0,0.0
2025-11-14 00:00:00-05:00,497.2992409027003,510.644258818196,496.51070821491913,509.2268981933594,28505700,0.0,0.0
2025-11-17 00:00:00-05:00,507.5001596757347,511.16328656765256,503.9667643395777,506.54193115234375,19092800,0.0,0.0
2025-11-18 00:00:00-05:00,494.44458869198826,502.0403882023454,485.87063942574486,492.8675537109375,33815100,0.0,0.0
2025-11-19 00:00:00-05:00,489.18443539234676,494.264922953439,481.9279972054541,486.2099914550781,23245300,0.0,0.0
2025-11-20 00:00:00-05:00,492.7099914550781,493.57000732421875,475.5,478.42999267578125,26802500,0.91,0.0
2025-11-21 00:00:00-05:00,478.5,478.9200134277344,468.2699890136719,472.1199951171875,31769200,0.0,0.0
2025-11-24 00:00:00-05:00,475.0,476.8999938964844,468.0199890136719,474.0,34421000,0.0,0.0
2025-11-25 00:00:00-05:00,474.07000732421875,479.1499938964844,464.8900146484375,476.989990234375,28019800,0.0,0.0
2025-11-26 00:00:00-05:00,486.30999755859375,488.30999755859375,481.20001220703125,485.5,25709100,0.0,0.0
2025-11-28 00:00:00-05:00,487.6000061035156,492.6300048828125,486.6499938964844,492.010009765625,14386700,0.0,0.0
2025-12-01 00:00:00-05:00,488.44000244140625,489.8599853515625,484.6499938964844,486.739990234375,23964000,0.0,0.0
2025-12-02 00:00:00-05:00,486.7200012207031,493.5,486.32000732421875,490.0,19562700,0.0,0.0
2025-12-03 00:00:00-05:00,476.32000732421875,484.239990234375,475.20001220703125,477.7300109863281,34615100,0.0,0.0
2025-12-04 00:00:00-05:00,479.760009765625,481.32000732421875,476.489990234375,480.8399963378906,22318200,0.0,0.0
2025-12-05 00:00:00-05:00,482.5199890136719,483.3999938964844,478.8800048828125,483.1600036621094,22608700,0.0,0.0
2025-12-08 00:00:00-05:00,484.8900146484375,492.29998779296875,484.3800048828125,491.0199890136719,21965900,0.0,0.0
2025-12-09 00:00:00-05:00,489.1000061035156,492.1199951171875,488.5,492.0199890136719,14696100,0.0,0.0
2025-12-10 00:00:00-05:00,484.0299987792969,484.25,475.0799865722656,478.55999755859375,35756200,0.0,0.0
2025-12-11 00:00:00-05:00,476.6300048828125,486.0299987792969,475.8599853515625,483.4700012207031,24669200,0.0,0.0
2025-12-12 00:00:00-05:00,479.82000732421875,482.45001220703125,476.3399963378906,478.5299987792969,21248100,0.0,0.0
2025-12-15 00:00:00-05:00,480.1000061035156,480.7200012207031,472.5199890136719,474.82000732421875,23727700,0.0,0.0
2025-12-16 00:00:00-05:00,471.9100036621094,477.8900146484375,470.8800048828125,476.3900146484375,20705600,0.0,0.0
2025-12-17 00:00:00-05:00,476.9100036621094,480.0,475.0,476.1199951171875,24527200,0.0,0.0
2025-12-18 00:00:00-05:00,478.19000244140625,489.6000061035156,477.8900146484375,483.9800109863281,28573500,0.0,0.0
2025-12-19 00:00:00-05:00,487.3599853515625,487.8500061035156,482.489990234375,485.9200134277344,70836100,0.0,0.0
2025-12-22 00:00:00-05:00,486.1199951171875,488.7300109863281,482.69000244140625,484.9200134277344,16963000,0.0,0.0
2025-12-23 00:00:00-05:00,484.9800109863281,487.8299865722656,484.739990234375,486.8500061035156,14683600,0.0,0.0
2025-12-24 00:00:00-05:00,485.67999267578125,489.1600036621094,484.8299865722656,488.0199890136719,5855900,0.0,0.0
2025-12-26 00:00:00-05:00,486.7099914550781,488.1199951171875,485.9599914550781,487.7099914550781,8842200,0.0,0.0
2025-12-29 00:00:00-05:00,484.8599853515625,488.3500061035156,484.17999267578125,487.1000061035156,10893400,0.0,0.0
2025-12-30 00:00:00-05:00,485.92999267578125,489.67999267578125,485.5,487.4800109863281,13944500,0.0,0.0
2025-12-31 00:00:00-05:00,487.8399963378906,488.1400146484375,483.29998779296875,483.6199951171875,15601600,0.0,0.0
2026-01-02 00:00:00-05:00,484.3900146484375,484.6600036621094,470.1600036621094,472.94000244140625,25571600,0.0,0.0
2026-01-05 00:00:00-05:00,474.05999755859375,476.07000732421875,469.5,472.8500061035156,25250300,0.0,0.0
2026-01-06 00:00:00-05:00,473.79998779296875,478.739990234375,469.75,478.510009765625,23037700,0.0,0.0
2026-01-07 00:00:00-05:00,479.760009765625,489.70001220703125,477.95001220703125,483.4700012207031,25564200,0.0,0.0
2026-01-08 00:00:00-05:00,481.239990234375,482.6600036621094,475.8599853515625,478.1099853515625,18162600,0.0,0.0
2026-01-09 00:00:00-05:00,474.05999755859375,479.82000732421875,472.20001220703125,479.2799987792969,18491000,0.0,0.0
2026-01-12 00:00:00-05:00,476.6700134277344,480.989990234375,475.67999267578125,477.17999267578125,23519900,0.0,0.0
2026-01-13 00:00:00-05:00,474.67999267578125,475.7799987792969,465.95001220703125,470.6700134277344,28545800,0.0,0.0
2026-01-14 00:00:00-05:00,466.4599914550781,468.20001220703125,457.1700134277344,459.3800048828125,28184300,0.0,0.0
2026-01-15 00:00:00-05:00,464.1199951171875,464.25,455.8999938964844,456.6600036621094,23225800,0.0,0.0
2026-01-16 00:00:00-05:00,457.8299865722656,463.19000244140625,456.4800109863281,459.8599853515625,34246700,0.0,0.0
2026-01-20 00:00:00-05:00,451.2200012207031,456.79998779296875,449.2799987792969,454.5199890136719,26130000,0.0,0.0
2026-01-21 00:00:00-05:00,452.6000061035156,452.69000244140625,438.67999267578125,444.1099853515625,37980500,0.0,0.0
2026-01-22 00:00:00-05:00,447.6199951171875,452.8399963378906,444.70001220703125,451.1400146484375,25349400,0.0,0.0
2026-01-23 00:00:00-05:00,451.8699951171875,471.1000061035156,450.5299987792969,465.95001220703125,38000200,0.0,0.0
2026-01-26 00:00:00-05:00,465.30999755859375,474.25,462.0,470.2799987792969,29291200,0.0,0.0
2026-01-27 00:00:00-05:00,473.70001220703125,482.8699951171875,473.1600036621094,480.5799865722656,29213900,0.0,0.0
2026-01-28 00:00:00-05:00,483.2099914550781,483.739990234375,478.0,481.6300048828125,36875400,0.0,0.0
2026-01-29 00:00:00-05:00,439.989990234375,442.5,421.0199890136719,433.5,128855300,0.0,0.0
2026-01-30 00:00:00-05:00,439.1700134277344,439.6000061035156,426.45001220703125,430.2900085449219,58566800,0.0,0.0
2026-02-02 00:00:00-05:00,430.239990234375,430.739990234375,422.25,423.3699951171875,42219900,0.0,0.0
2026-02-03 00:00:00-05:00,422.010009765625,422.04998779296875,408.55999755859375,411.2099914550781,61424100,0.0,0.0
2026-02-04 00:00:00-05:00,411.0,419.79998779296875,409.239990234375,414.19000244140625,45012400,0.0,0.0
2026-02-05 00:00:00-05:00,407.44000244140625,408.29998779296875,392.32000732421875,393.6700134277344,66289200,0.0,0.0
2026-02-06 00:00:00-05:00,399.1700134277344,401.7900085449219,392.9200134277344,401.1400146484375,53515300,0.0,0.0
2026-02-09 00:00:00-05:00,404.8500061035156,414.8900146484375,400.8699951171875,413.6000061035156,45480500,0.0,0.0
2026-02-10 00:00:00-05:00,419.6199951171875,423.67999267578125,412.70001220703125,413.2699890136719,44857900,0.0,0.0
2026-02-11 00:00:00-05:00,416.17999267578125,416.4599914550781,401.010009765625,404.3699951171875,42491000,0.0,0.0
2026-02-12 00:00:00-05:00,405.0,406.20001220703125,398.010009765625,401.8399963378906,40802400,0.0,0.0
2026-02-13 00:00:00-05:00,404.45001220703125,405.5400085449219,398.04998779296875,401.32000732421875,34091600,0.0,0.0
2026-02-17 00:00:00-05:00,399.2200012207031,400.5199890136719,394.5299987792969,396.8599853515625,32078800,0.0,0.0
2026-02-18 00:00:00-05:00,398.20001220703125,402.55999755859375,396.32000732421875,399.6000061035156,23013887,0.0,0.0
