Date,Open,High,Low,Close,Volume,Dividends,Stock Splits
2016-02-19 00:00:00-05:00,0.7288501205240802,0.749096002438084,0.7232398278088661,0.7425099611282349,525628000,0.0,0.0
2016-02-22 00:00:00-05:00,0.7532429159103882,0.7773915655240247,0.7517793508144505,0.7688541412353516,449668000,0.0,0.0
2016-02-23 00:00:00-05:00,0.7627561062433764,0.7781234249562345,0.7590971931420051,0.7708056569099426,369380000,0.0,0.0
2016-02-24 00:00:00-05:00,0.767634556396121,0.7773915796713414,0.7464129784317152,0.7761719226837158,336852000,0.0,0.0
2016-02-25 00:00:00-05:00,0.7790989545669498,0.7817821181819499,0.7639755471371228,0.7778792977333069,349616000,0.0,0.0
2016-02-26 00:00:00-05:00,0.7815383265496089,0.7834897079865233,0.764951351710047,0.7727569937705994,361964000,0.0,0.0
2016-02-29 00:00:00-05:00,0.7738586687730531,0.7838960365922945,0.7672486891488377,0.7677382826805115,323344000,0.002875,0.0
2016-03-01 00:00:00-05:00,0.7696965887140491,0.8017672896385193,0.7684724885349841,0.8017672896385193,348700000,0.0,0.0
2016-03-02 00:00:00-05:00,0.7973606563357059,0.8093565704583702,0.7958917593625937,0.806418776512146,233812000,0.0,0.0
2016-03-03 00:00:00-05:00,0.8054394137962018,0.8088668006544907,0.788547217806814,0.7993190884590149,302004000,0.0,0.0
2016-03-04 00:00:00-05:00,0.805439715260151,0.8061741639144353,0.7907508589111193,0.7968712449073792,175304000,0.0,0.0
2016-03-07 00:00:00-05:00,0.7924644948727072,0.7978504318197488,0.7814478242345885,0.7917300462722778,239968000,0.0,0.0
2016-03-08 00:00:00-05:00,0.7836512355273163,0.7883027242626635,0.7748379099539369,0.7772860527038574,274940000,0.0,0.0
2016-03-09 00:00:00-05:00,0.7841407079060912,0.7853647498166598,0.7667588575031689,0.776796281337738,222788000,0.0,0.0
2016-03-10 00:00:00-05:00,0.7814478904952319,0.7858545824714612,0.7599042576169797,0.7755723595619202,286084000,0.0,0.0
2016-03-11 00:00:00-05:00,0.7870783801687868,0.789036928783713,0.7777754639448922,0.788792073726654,277400000,0.0,0.0
2016-03-14 00:00:00-04:00,0.7851200086874455,0.793933332867034,0.7814477659591511,0.7907507419586182,190312000,0.0,0.0
2016-03-15 00:00:00-04:00,0.7865888472057174,0.7917299282741829,0.7728792393214959,0.786833643913269,226216000,0.0,0.0
2016-03-16 00:00:00-04:00,0.7809579941016659,0.8130286925852144,0.7772857522122767,0.8103356957435608,363644000,0.0,0.0
2016-03-17 00:00:00-04:00,0.807398021635813,0.8113150021228603,0.7924643146477858,0.8034809827804565,353680000,0.0,0.0
2016-03-18 00:00:00-04:00,0.8130287503877051,0.8384894152804856,0.8078876113770496,0.8277176022529602,545512000,0.0,0.0
2016-03-21 00:00:00-04:00,0.8203734115286125,0.830410779003846,0.8115600862089397,0.8301659822463989,337780000,0.0,0.0
2016-03-22 00:00:00-04:00,0.8274729837077753,0.8345725561132601,0.8184148039093047,0.8286970257759094,242012000,0.0,0.0
2016-03-23 00:00:00-04:00,0.832369264124397,0.8490166097164267,0.8286970212036134,0.8428962826728821,429008000,0.0,0.0
2016-03-24 00:00:00-04:00,0.8353069990276671,0.8455892208244301,0.8326140598014067,0.8441203236579895,244956000,0.0,0.0
2016-03-28 00:00:00-04:00,0.842651306138183,0.8563609137863244,0.8416720609565256,0.852688729763031,265388000,0.0,0.0
2016-03-29 00:00:00-04:00,0.8490163677040773,0.8683567053811534,0.8470578776168082,0.8663982152938843,261812000,0.0,0.0
2016-03-30 00:00:00-04:00,0.8695811005596151,0.8874525475518725,0.8690914486874792,0.8754566311836243,376700000,0.0,0.0
2016-03-31 00:00:00-04:00,0.879373672306124,0.8813321630608038,0.8654192651661389,0.8722740411758423,379884000,0.0,0.0
2016-04-01 00:00:00-04:00,0.8668880991706501,0.8854940530770474,0.86027811995039,0.8850044012069702,348292000,0.0,0.0
2016-04-04 00:00:00-04:00,0.8923487714340395,0.8970002596103173,0.873008428523714,0.8764358162879944,393940000,0.0,0.0
2016-04-05 00:00:00-04:00,0.8686019739648567,0.8832908317177407,0.8651745271278514,0.8752119541168213,339568000,0.0,0.0
2016-04-06 00:00:00-04:00,0.8641951040096213,0.8769254681264573,0.8477925553934335,0.8764358162879944,453376000,0.0,0.0
2016-04-07 00:00:00-04:00,0.8708050263589563,0.878639105056651,0.8637054545555066,0.8673776388168335,378104000,0.0,0.0
2016-04-08 00:00:00-04:00,0.8744772674487459,0.8801080005587395,0.8644398431909399,0.8730083703994751,255936000,0.0,0.0
2016-04-11 00:00:00-04:00,0.8781494506192371,0.89283836272549,0.8754565116111104,0.8783943057060242,387524000,0.0,0.0
2016-04-12 00:00:00-04:00,0.8813319222267192,0.8825560223901379,0.8602778897097091,0.8774149417877197,292764000,0.0,0.0
2016-04-13 00:00:00-04:00,0.8813320940555864,0.8996931915084778,0.8813320940555864,0.8994483947753906,350716000,0.0,0.0
2016-04-14 00:00:00-04:00,0.8970001329211457,0.9058134561904753,0.8933278905721282,0.9018964171409607,416564000,0.0,0.0
2016-04-15 00:00:00-04:00,0.9016517966384336,0.9170751007816562,0.8987140021851252,0.9089962244033813,436972000,0.0,0.0
2016-04-18 00:00:00-04:00,0.9072826513054992,0.9072826513054992,0.8962659790061667,0.9050793051719666,307320000,0.0,0.0
2016-04-19 00:00:00-04:00,0.9085066414442863,0.9102203355492506,0.883290765035296,0.8889214992523193,309152000,0.0,0.0
2016-04-20 00:00:00-04:00,0.887452540721174,0.8977347630102911,0.8864732953527638,0.8923488259315491,200172000,0.0,0.0
2016-04-21 00:00:00-04:00,0.8925935039688819,0.8967553983756706,0.8874524226922361,0.8913694620132446,178280000,0.0,0.0
2016-04-22 00:00:00-04:00,0.894307317370733,0.9004276443048942,0.8850043410498927,0.8879421353340149,223540000,0.0,0.0
2016-04-25 00:00:00-04:00,0.8881869893395626,0.8972451111419241,0.8857388467343751,0.8923488259315491,191972000,0.0,0.0
2016-04-26 00:00:00-04:00,0.8977347029087724,0.9080169245095157,0.8891661751800998,0.8930832147598267,214536000,0.0,0.0
2016-04-27 00:00:00-04:00,0.8908798621587141,0.9138924476234229,0.8891661682999037,0.913402795791626,352396000,0.0,0.0
2016-04-28 00:00:00-04:00,0.9077723153471072,0.9131582535244649,0.8840253330697465,0.886228621006012,381224000,0.0,0.0
2016-04-29 00:00:00-04:00,0.8825561436727992,0.8845146341614387,0.8602780079308636,0.8698257803916931,321904000,0.0,0.0
2016-05-02 00:00:00-04:00,0.8781493896360549,0.8867179162389671,0.8739875538694903,0.8813319802284241,256076000,0.0,0.0
2016-05-03 00:00:00-04:00,0.8712946172685647,0.8749668012732328,0.8632157424163202,0.8708049654960632,224024000,0.0,0.0
2016-05-04 00:00:00-04:00,0.8602780739174648,0.8610125224991186,0.8421618312188571,0.8509751558303833,525764000,0.0,0.0
2016-05-05 00:00:00-04:00,0.8580749037401753,0.8661537808734933,0.8497511714673154,0.8561163544654846,246884000,0.0,0.0
2016-05-06 00:00:00-04:00,0.8546474529269114,0.8671330220910494,0.8529337588001332,0.8649296760559082,183240000,0.0,0.0
2016-05-09 00:00:00-04:00,0.8671329634880808,0.870805148263479,0.8566059443005084,0.863705575466156,333336000,0.0,0.0
2016-05-10 00:00:00-04:00,0.8690915643003442,0.8818219309861198,0.8607678899450286,0.8803530335426331,269676000,0.0,0.0
2016-05-11 00:00:00-04:00,0.8830458514063834,0.8925935661035962,0.8781495081380443,0.8828009963035583,328176000,0.0,0.0
2016-05-12 00:00:00-04:00,0.8891660606243407,0.8930830996994156,0.8551368675640756,0.8708049654960632,670540000,0.0,0.0
2016-05-13 00:00:00-04:00,0.9594279378560695,1.003739357920977,0.9547765079683995,1.0032497644424438,2110256000,0.0,0.0
2016-05-16 00:00:00-04:00,0.9956605281784314,1.0478060883781726,0.992477936946569,1.0328723192214966,973032000,0.0,0.0
2016-05-17 00:00:00-04:00,1.02822089062866,1.0424201536236217,1.015000931430013,1.0350757837295532,628392000,0.0,0.0
2016-05-18 00:00:00-04:00,1.0282209932832247,1.073511784677184,1.0282209932832247,1.0615158081054688,541072000,0.0,0.0
2016-05-19 00:00:00-04:00,1.0573536146019806,1.073756278971172,1.0558848342796323,1.0661669969558716,398880000,0.0,0.0
2016-05-20 00:00:00-04:00,1.072777206102524,1.0896694675459477,1.0710635119545429,1.0852627754211426,391084000,0.0,0.0
2016-05-23 00:00:00-04:00,1.0899139644815332,1.0940757419517206,1.0803661925393955,1.086976170539856,413636000,0.0,0.0
2016-05-24 00:00:00-04:00,1.090289554873271,1.1167982396702605,1.0873441324469661,1.1133618354797363,415788000,0.002875,0.0
2016-05-25 00:00:00-04:00,1.1167984612506163,1.1214619111378135,1.0998623374589993,1.1086986064910889,458076000,0.0,0.0
2016-05-26 00:00:00-04:00,1.110662299290579,1.12858015460491,1.1074714435343371,1.1204802989959717,309964000,0.0,0.0
2016-05-27 00:00:00-04:00,1.1217074785498014,1.1283346219100971,1.1180256412075873,1.1266164779663086,277416000,0.0,0.0
2016-05-31 00:00:00-04:00,1.131525670321417,1.1491980946421576,1.1307892559114954,1.1467435359954834,412524000,0.0,0.0
2016-06-01 00:00:00-04:00,1.1413433755332811,1.1599975248545389,1.1379070879488327,1.1489523649215698,387132000,0.0,0.0
2016-06-02 00:00:00-04:00,1.1550884661856546,1.1668701567690032,1.14379775740312,1.1570521593093872,329208000,0.0,0.0
2016-06-03 00:00:00-04:00,1.145761567595624,1.1472341620292439,1.1207255895877062,1.140852451324463,461076000,0.0,0.0
2016-06-06 00:00:00-04:00,1.1437977559586119,1.1526340238849642,1.1290707597877867,1.1349616050720215,322512000,0.0,0.0
2016-06-07 00:00:00-04:00,1.1418341193033898,1.1482158290095104,1.1366796884730053,1.1371705532073975,193400000,0.0,0.0
2016-06-08 00:00:00-04:00,1.1374164045379818,1.1415891074365825,1.124162115509177,1.1334892511367798,234616000,0.0,0.0
2016-06-09 00:00:00-04:00,1.1295618576279485,1.1646611494396084,1.1271072994941065,1.1629430055618286,472168000,0.0,0.0
2016-06-10 00:00:00-04:00,1.1491981382829168,1.1595070040949116,1.1325074431551787,1.13398015499115,400024000,0.0,0.0
2016-06-13 00:00:00-04:00,1.135207645949982,1.1707979350333075,1.135207645949982,1.148461937904358,475588000,0.0,0.0
2016-06-14 00:00:00-04:00,1.1457618854465188,1.1560707515803288,1.132998460496198,1.1506708860397339,298344000,0.0,0.0
2016-06-15 00:00:00-04:00,1.160242855127502,1.1725152917481203,1.147479436773442,1.1624518632888794,301036000,0.0,0.0
2016-06-16 00:00:00-04:00,1.1538611666202085,1.1690790257550996,1.1425704591847257,1.1671154499053955,246456000,0.0,0.0
2016-06-17 00:00:00-04:00,1.1685886631996507,1.1688340956563585,1.1420799681986409,1.1467435359954834,471000000,0.0,0.0
2016-06-20 00:00:00-04:00,1.165152012578297,1.1823334496055589,1.1644155983972648,1.1673610210418701,293768000,0.0,0.0
2016-06-21 00:00:00-04:00,1.172269558714483,1.175460412484545,1.1585242974589407,1.1602425575256348,212508000,0.0,0.0
2016-06-22 00:00:00-04:00,1.1626977533607756,1.1703067443072608,1.1572978884850913,1.1592614650726318,202620000,0.0,0.0
2016-06-23 00:00:00-04:00,1.1703063855477316,1.1914150907324115,1.169569971403283,1.1901878118515015,297880000,0.0,0.0
2016-06-24 00:00:00-04:00,1.1413430110862985,1.1624517116788657,1.111889026590586,1.1224433183670044,1017684000,0.0,0.0
2016-06-27 00:00:00-04:00,1.1131166435889681,1.1217074803615654,1.0939715107217336,1.1104167699813843,449088000,0.0,0.0
2016-06-28 00:00:00-04:00,1.1315254773828158,1.132752639457109,1.1111530654324326,1.1266164779663086,381920000,0.0,0.0
2016-06-29 00:00:00-04:00,1.1364346514658772,1.1538616430368758,1.1334892279553144,1.145025372505188,318932000,0.0,0.0
2016-06-30 00:00:00-04:00,1.1469890665187215,1.1609797711054415,1.137662047167383,1.1538617610931396,430940000,0.0,0.0
2016-07-01 00:00:00-04:00,1.1474798311835241,1.1624522628452636,1.1413435522441893,1.1452707052230835,218488000,0.0,0.0
2016-07-05 00:00:00-04:00,1.1388890504779774,1.1641704647859286,1.1298074648728296,1.1622068881988525,371084000,0.0,0.0
2016-07-06 00:00:00-04:00,1.1541071471830584,1.1764431403125837,1.1482162997959913,1.1695704460144043,273104000,0.0,0.0
2016-07-07 00:00:00-04:00,1.1774250558276023,1.2041791887157316,1.1720251895646003,1.2000064849853516,395400000,0.0,0.0
2016-07-08 00:00:00-04:00,1.2127693877026788,1.2540050740195063,1.2081058209740037,1.2481142282485962,481932000,0.0,0.0
2016-07-11 00:00:00-04:00,1.2660323755253557,1.286159241526496,1.264559663739931,1.2768322229385376,448776000,0.0,0.0
2016-07-12 00:00:00-04:00,1.2910681162818853,1.3077586906612715,1.2748682896857118,1.2959771156311035,436760000,0.0,0.0
2016-07-13 00:00:00-04:00,1.2984318739322285,1.3057954332745183,1.2935228733839703,1.2954864501953125,324604000,0.0,0.0
2016-07-14 00:00:00-04:00,1.302358783817057,1.3205220691100628,1.2915589387867255,1.3087403774261475,316892000,0.0,0.0
2016-07-15 00:00:00-04:00,1.2920500038797618,1.2994135623236653,1.2724140040824072,1.2935227155685425,428616000,0.0,0.0
2016-07-18 00:00:00-04:00,1.3094768129050098,1.3114403892042377,1.2952406799160032,1.30014967918396,252992000,0.0,0.0
2016-07-19 00:00:00-04:00,1.2994131661360975,1.318803727579824,1.2969586083899207,1.313649296760559,382652000,0.0,0.0
2016-07-20 00:00:00-04:00,1.3180672742398205,1.3379488168653444,1.3126674112144847,1.330830693244934,296460000,0.0,0.0
2016-07-21 00:00:00-04:00,1.3278854298821827,1.3320581316104096,1.301867724037309,1.3062858581542969,361308000,0.0,0.0
2016-07-22 00:00:00-04:00,1.310949909829655,1.3418766260147095,1.3013773408866849,1.3418766260147095,315768000,0.0,0.0
2016-07-25 00:00:00-04:00,1.3499758648283087,1.3698572910484674,1.3440850198565186,1.3666664361953735,312528000,0.0,0.0
2016-07-26 00:00:00-04:00,1.3786936602750974,1.3971023766111568,1.37673008415281,1.389984369277954,514508000,0.0,0.0
2016-07-27 00:00:00-04:00,1.402011192300233,1.4044657499122906,1.367648205009668,1.3759934902191162,446676000,0.0,0.0
2016-07-28 00:00:00-04:00,1.3791849418512725,1.3892483749290734,1.3747668064610918,1.3789395093917847,221916000,0.0,0.0
2016-07-29 00:00:00-04:00,1.384093504100497,1.4052022104530304,1.3593030779412951,1.4015204906463623,409588000,0.0,0.0
2016-08-01 00:00:00-04:00,1.4074113148033565,1.412565745863129,1.3833571861513236,1.3924387693405151,301120000,0.0,0.0
2016-08-02 00:00:00-04:00,1.3990660939174182,1.3998025081874421,1.3622486575299408,1.3755029439926147,282748000,0.0,0.0
2016-08-03 00:00:00-04:00,1.373784977272062,1.3818848330483848,1.366175986379216,1.3791848421096802,299828000,0.0,0.0
2016-08-04 00:00:00-04:00,1.3858119027648284,1.4110933153785077,1.383112029028457,1.4047116041183472,272712000,0.0,0.0
2016-08-05 00:00:00-04:00,1.4209109755992468,1.429256261323312,1.4140384011252822,1.4285199642181396,371588000,0.0,0.0
2016-08-08 00:00:00-04:00,1.4481563180277257,1.4515926061186122,1.4265566256853168,1.441774606704712,305064000,0.0,0.0
2016-08-09 00:00:00-04:00,1.448892554349493,1.45944696764721,1.4417745460378508,1.4454562664031982,372344000,0.0,0.0
2016-08-10 00:00:00-04:00,1.4582197698837975,1.460428778818317,1.4314656450378818,1.4361292123794556,375740000,0.0,0.0
2016-08-11 00:00:00-04:00,1.443738295521826,1.4714741518763073,1.4407928720605054,1.465337872505188,681064000,0.0,0.0
2016-08-12 00:00:00-04:00,1.519336698298844,1.5556632685620773,1.4881645595816377,1.5473179817199707,1425744000,0.0,0.0
2016-08-15 00:00:00-04:00,1.549036483818767,1.5586090519208804,1.5249823473344661,1.545845627784729,573304000,0.0,0.0
2016-08-16 00:00:00-04:00,1.5436359842314142,1.5460904248428453,1.531854411809094,1.5365179777145386,287652000,0.0,0.0
2016-08-17 00:00:00-04:00,1.536518316664598,1.5399546045024837,1.488900917677263,1.5009279251098633,595212000,0.0,0.0
2016-08-18 00:00:00-04:00,1.4987186614931118,1.5266999413000393,1.4928278164643876,1.5242455005645752,331684000,0.0,0.0
2016-08-19 00:00:00-04:00,1.5235094027088074,1.539709112861232,1.516882259195523,1.5281729698181152,291560000,0.0,0.0
2016-08-22 00:00:00-04:00,1.5328362186703375,1.5367634877026677,1.5146729358851114,1.534554362297058,244748000,0.0,0.0
2016-08-23 00:00:00-04:00,1.5501694872442584,1.557054727900359,1.5425464752290265,1.5469727516174316,339764000,0.002875,0.0
2016-08-24 00:00:00-04:00,1.552382914941151,1.5531205691545276,1.5159892768719085,1.523120403289795,298448000,0.0,0.0
2016-08-25 00:00:00-04:00,1.5236119010212137,1.5243495550462567,1.494103629421422,1.5130380392074585,406032000,0.0,0.0
2016-08-26 00:00:00-04:00,1.5169728568083365,1.5339400754177033,1.5049235672185068,1.5253335237503052,300024000,0.0,0.0
2016-08-29 00:00:00-04:00,1.5314810517322046,1.5376285213968264,1.521890844278177,1.5243498086929321,274652000,0.0,0.0
2016-08-30 00:00:00-04:00,1.5223824479598433,1.5304972289793297,1.5113168161595518,1.5154972076416016,285544000,0.0,0.0
2016-08-31 00:00:00-04:00,1.5184483219433322,1.5226285968953976,1.5039400674660677,1.5083662271499634,388544000,0.0,0.0
2016-09-01 00:00:00-04:00,1.50959534103915,1.5585299064953146,1.5083658004723286,1.552874207496643,428492000,0.0,0.0
2016-09-02 00:00:00-04:00,1.5560714129760356,1.5577927233877151,1.5201696618118872,1.5376286506652832,323148000,0.0,0.0
2016-09-06 00:00:00-04:00,1.5430379839999113,1.5521363019943237,1.5351690892105332,1.5521363019943237,306812000,0.0,0.0
2016-09-07 00:00:00-04:00,1.5472189024388452,1.5548419157652282,1.5204155893079687,1.5292680263519287,397988000,0.0,0.0
2016-09-08 00:00:00-04:00,1.5277923324739997,1.5427924717503938,1.5103333461940334,1.5403333902359009,315808000,0.0,0.0
2016-09-09 00:00:00-04:00,1.5233661613704599,1.5319727120925462,1.4508248988401342,1.4636118412017822,697760000,0.0,0.0
2016-09-12 00:00:00-04:00,1.444185746044357,1.4968088310814176,1.4095134190709984,1.493857979774475,598260000,0.0,0.0
2016-09-13 00:00:00-04:00,1.4901691464402842,1.5073823637736596,1.463857609710134,1.4722182750701904,471768000,0.0,0.0
2016-09-14 00:00:00-04:00,1.475660981705228,1.4901692339113528,1.4633659262500698,1.4852511882781982,319048000,0.0,0.0
2016-09-15 00:00:00-04:00,1.4877101815590452,1.5432841056458624,1.4842674442899462,1.541562795639038,515212000,0.0,0.0
2016-09-16 00:00:00-04:00,1.5469726795601657,1.555333345289632,1.527546382002849,1.5452513694763184,902444000,0.0,0.0
2016-09-19 00:00:00-04:00,1.5614809196889061,1.6047597906568634,1.554349794717941,1.5656613111495972,417128000,0.0,0.0
2016-09-20 00:00:00-04:00,1.5836123544560499,1.5836123544560499,1.5427925604630488,1.5513991117477417,331112000,0.0,0.0
2016-09-21 00:00:00-04:00,1.5560713716022267,1.5978748243551957,1.5558254868721642,1.594923973083496,336212000,0.0,0.0
2016-09-22 00:00:00-04:00,1.6042684091487454,1.609186455862189,1.5897601537557646,1.5988584756851196,308732000,0.0,0.0
2016-09-23 00:00:00-04:00,1.600825477386002,1.605497521189569,1.5900057298148103,1.5971368551254272,276132000,0.0,0.0
2016-09-26 00:00:00-04:00,1.5789401337513473,1.5885303407889313,1.5622188012396199,1.582136869430542,230040000,0.0,0.0
2016-09-27 00:00:00-04:00,1.5759892657433094,1.6386944378677326,1.575251611635528,1.6362353563308716,402752000,0.0,0.0
2016-09-28 00:00:00-04:00,1.6386943113379537,1.6433664720928658,1.6212352089917992,1.6421369314193726,319788000,0.0,0.0
2016-09-29 00:00:00-04:00,1.6394318561520225,1.6625467737028072,1.6241859514850938,1.6573827266693115,336684000,0.0,0.0
2016-09-30 00:00:00-04:00,1.6664814842173918,1.7013996933159405,1.6566453920991604,1.6849242448806763,429932000,0.0,0.0
2016-10-03 00:00:00-04:00,1.68492429029935,1.7092686365365168,1.6802521288289276,1.683202862739563,242596000,0.0,0.0
2016-10-04 00:00:00-04:00,1.685661875704998,1.7139406108398363,1.6669732305856182,1.6795142889022827,281624000,0.0,0.0
2016-10-05 00:00:00-04:00,1.693776344171113,1.710989560583855,1.6726287385954008,1.6777926683425903,305440000,0.0,0.0
2016-10-06 00:00:00-04:00,1.6576287024006504,1.6679565617935677,1.629349855518634,1.655907392501831,360212000,0.0,0.0
2016-10-07 00:00:00-04:00,1.6669731164098112,1.6713993926752537,1.6391861526006508,1.6438583135604858,286260000,0.0,0.0
2016-10-10 00:00:00-04:00,1.6524647814897246,1.6613173335778288,1.6345139098868737,1.65000581741333,287876000,0.0,0.0
2016-10-11 00:00:00-04:00,1.64459610929493,1.6470550735307914,1.6136122922326797,1.6261533498764038,388540000,0.0,0.0
2016-10-12 00:00:00-04:00,1.6195138961016005,1.6421369285300789,1.6059893004833297,1.6335303783416748,419920000,0.0,0.0
2016-10-13 00:00:00-04:00,1.6143498205046785,1.6180383249308108,1.566398793943194,1.6069726943969727,390116000,0.0,0.0
2016-10-14 00:00:00-04:00,1.6266452139212464,1.6377108467651404,1.6131206166984124,1.6227108240127563,330636000,0.0,0.0
2016-10-17 00:00:00-04:00,1.6224648025555524,1.6377107087353258,1.61115328595267,1.6133663654327393,195328000,0.0,0.0
2016-10-18 00:00:00-04:00,1.635743539747719,1.6473009412245214,1.6291041839473313,1.6379566192626953,269372000,0.0,0.0
2016-10-19 00:00:00-04:00,1.626891079723139,1.6421369859118338,1.6185302966703046,1.6345139741897583,199060000,0.0,0.0
2016-10-20 00:00:00-04:00,1.6536941380040224,1.6709073536437657,1.630333454230135,1.6654974222183228,312084000,0.0,0.0
2016-10-21 00:00:00-04:00,1.6595959503398523,1.6637762242619587,1.6450876994372106,1.660825490951538,279508000,0.0,0.0
2016-10-24 00:00:00-04:00,1.6721371256808584,1.7407438785728757,1.6718911237366476,1.738776683807373,339836000,0.0,0.0
2016-10-25 00:00:00-04:00,1.7358262039178973,1.7778755433214943,1.7274655364365326,1.7673016786575317,397460000,0.0,0.0
2016-10-26 00:00:00-04:00,1.7525473965836253,1.7938590784090664,1.7508260862788545,1.7744327783584595,333792000,0.0,0.0
2016-10-27 00:00:00-04:00,1.7879573690871136,1.7913999896831998,1.7309080100203822,1.7380391359329224,388664000,0.0,0.0
2016-10-28 00:00:00-04:00,1.746399386018358,1.772956803785978,1.7318911366531569,1.7350878715515137,290856000,0.0,0.0
2016-10-31 00:00:00-04:00,1.7407437306570543,1.7613995670782845,1.7397600747301596,1.7498421669006348,252388000,0.0,0.0
2016-11-01 00:00:00-04:00,1.7562356896788085,1.7658258955442083,1.6792681580804107,1.6979568004608154,473224000,0.0,0.0
2016-11-02 00:00:00-04:00,1.7109897701422314,1.7341045731304803,1.6878748498985243,1.6908257007598877,295848000,0.0,0.0
2016-11-03 00:00:00-04:00,1.6986945039368566,1.700169929286442,1.6386943029903744,1.6711534261703491,309664000,0.0,0.0
2016-11-04 00:00:00-04:00,1.6600878518441737,1.690088011978248,1.6372189340212473,1.6615632772445679,328780000,0.0,0.0
2016-11-07 00:00:00-05:00,1.7102520465856892,1.7636128965106916,1.7090225058165232,1.752547264099121,487580000,0.0,0.0
2016-11-08 00:00:00-05:00,1.7591863705566326,1.7648421869392488,1.7336126062672634,1.7498421669006348,429884000,0.0,0.0
2016-11-09 00:00:00-05:00,1.7023827077536315,1.7434484910895822,1.6898417703821897,1.7203335762023926,456532000,0.0,0.0
2016-11-10 00:00:00-05:00,1.7579571671433827,1.758203051842006,1.641645262301416,1.666481375694275,869280000,0.0,0.0
2016-11-11 00:00:00-05:00,1.9551709709544856,2.1828766141908655,1.9303347406828184,2.1632044315338135,2175344000,0.0,0.0
2016-11-14 00:00:00-05:00,2.1661548884823256,2.168613969495018,2.0562365937367453,2.0567283630371094,1348796000,0.0,0.0
2016-11-15 00:00:00-05:00,2.0727118044359103,2.1504169777994933,2.063859253992869,2.1194334030151367,626092000,0.0,0.0
2016-11-16 00:00:00-05:00,2.147712438335083,2.276073382915659,2.1233680969997093,2.253204584121704,987984000,0.0,0.0
2016-11-17 00:00:00-05:00,2.269926189158643,2.3309100508435434,2.2291062800640535,2.2718935012817383,832988000,0.0,0.0
2016-11-18 00:00:00-05:00,2.2718937489665736,2.3195986694155457,2.257385494695935,2.295746326446533,576060000,0.0,0.0
2016-11-21 00:00:00-05:00,2.3136967025407067,2.3200901731205668,2.2721390265161694,2.2864015102386475,436436000,0.0,0.0
2016-11-22 00:00:00-05:00,2.2942703989841298,2.30509002874976,2.2716473661935153,2.3028769493103027,330368000,0.0,0.0
2016-11-23 00:00:00-05:00,2.3080485008412905,2.3457278807664426,2.284652957858194,2.3142054080963135,443236000,0.0035,0.0
2016-11-25 00:00:00-05:00,2.3252876538888483,2.3420340192136915,2.300414123848623,2.3188846111297607,195564000,0.0,0.0
2016-11-28 00:00:00-05:00,2.3117440690197935,2.333169602767073,2.3050946520613276,2.317654609680176,278736000,0.0,0.0
2016-11-29 00:00:00-05:00,2.3149444737983282,2.325780538610454,2.2787428389172955,2.2964742183685303,444568000,0.0,0.0
2016-11-30 00:00:00-05:00,2.305094288347253,2.3188856259994313,2.268153767341813,2.2706165313720703,440500000,0.0,0.0
2016-12-01 00:00:00-05:00,2.2681526280270385,2.2698765150098725,2.087636295829725,2.158315896987915,1035524000,0.0,0.0
2016-12-02 00:00:00-05:00,2.124084992918874,2.1868840556755753,2.096256421795451,2.178264617919922,478292000,0.0,0.0
2016-12-05 00:00:00-05:00,2.216189700555847,2.2807126379517837,2.191808909413605,2.262734889984131,602284000,0.0,0.0
2016-12-06 00:00:00-05:00,2.27086203952567,2.3082952908858023,2.2551006828930897,2.299921989440918,498796000,0.0,0.0
2016-12-07 00:00:00-05:00,2.286376522696849,2.346958931459181,2.2681524085971114,2.341294765472412,480804000,0.0,0.0
2016-12-08 00:00:00-05:00,2.3442500070056203,2.379466618666662,2.2915481571818206,2.302137613296509,381544000,0.0,0.0
2016-12-09 00:00:00-05:00,2.31986907708492,2.321592963774016,2.2339206430883483,2.261256694793701,382312000,0.0,0.0
2016-12-12 00:00:00-05:00,2.212741925619362,2.215204688731009,2.155853412967606,2.206338882446289,601332000,0.0,0.0
2016-12-13 00:00:00-05:00,2.2186523274459873,2.2728319382784252,2.2176673162063802,2.2452495098114014,387796000,0.0,0.0
2016-12-14 00:00:00-05:00,2.2789886068717045,2.3915344784029813,2.2551003228875866,2.3752806186676025,983980000,0.0,0.0
2016-12-15 00:00:00-05:00,2.3863628366807688,2.4612293354315002,2.378974781884799,2.4309380054473877,746548000,0.0,0.0
2016-12-16 00:00:00-05:00,2.458520467611613,2.479945993238574,2.4068036087272766,2.472804307937622,1089528000,0.0,0.0
2016-12-19 00:00:00-05:00,2.4553193650777363,2.5230437252263838,2.4380802534204533,2.502849578857422,744656000,0.0,0.0
2016-12-20 00:00:00-05:00,2.5754990261754505,2.6136709189212217,2.5641704556028615,2.590029001235962,848056000,0.0,0.0
2016-12-21 00:00:00-05:00,2.60160307886889,2.609237502546528,2.554072884696677,2.6062822341918945,576136000,0.0,0.0
2016-12-22 00:00:00-05:00,2.6306640179212946,2.6811494995615752,2.6235220971218856,2.637805938720703,718612000,0.0,0.0
2016-12-23 00:00:00-05:00,2.6198273314017486,2.7050371504690864,2.6171184328848396,2.703559398651123,647692000,0.0,0.0
2016-12-27 00:00:00-05:00,2.7597090469891152,2.8902324286741403,2.7390221672471493,2.889247417449951,1194272000,0.0,0.0
2016-12-28 00:00:00-05:00,2.9453972847928354,2.9535242151955567,2.676716075851655,2.690507173538208,2295764000,0.0,0.0
2016-12-29 00:00:00-05:00,2.5833797597826993,2.745672259662873,2.531662899921924,2.744194507598877,2175368000,0.0,0.0
2016-12-30 00:00:00-05:00,2.742223495276858,2.7562609605098585,2.617856800128936,2.628692626953125,1212932000,0.0,0.0
2017-01-03 00:00:00-05:00,2.571066050487868,2.619581503259775,2.4474381925833324,2.512207508087158,1501996000,0.0,0.0
2017-01-04 00:00:00-05:00,2.5464388250530794,2.5981556763595317,2.500386141043587,2.570819616317749,1199220000,0.0,0.0
2017-01-05 00:00:00-05:00,2.574267117854439,2.6060359602631302,2.4885648021273274,2.5055575370788574,984296000,0.0,0.0
2017-01-06 00:00:00-05:00,2.5328939095642866,2.567371889360109,2.492259256705149,2.539050817489624,822856000,0.0,0.0
2017-01-09 00:00:00-05:00,2.548902165021836,2.659723947226683,2.548902165021836,2.6419923305511475,916248000,0.0,0.0
2017-01-10 00:00:00-05:00,2.655044073942524,2.689029311109559,2.6013569674968213,2.6220438480377197,880920000,0.0,0.0
2017-01-11 00:00:00-05:00,2.610469358669698,2.6153946502484717,2.564909178540396,2.589782476425171,525664000,0.0,0.0
2017-01-12 00:00:00-05:00,2.5668788589921907,2.578453561691365,2.502602068618077,2.5474233627319336,625616000,0.0,0.0
2017-01-13 00:00:00-05:00,2.551364684842676,2.585842671682116,2.538066089813966,2.547178268432617,457820000,0.0,0.0
2017-01-17 00:00:00-05:00,2.536587630795002,2.541512921450892,2.4767438579523415,2.4900424480438232,580612000,0.0,0.0
2017-01-18 00:00:00-05:00,2.4686176580485046,2.542252548316213,2.4407890882645953,2.5353569984436035,654424000,0.0,0.0
2017-01-19 00:00:00-05:00,2.538311993373746,2.621797693704297,2.536095600420196,2.589782476425171,644872000,0.0,0.0
2017-01-20 00:00:00-05:00,2.6124394269386557,2.6301710406004912,2.5395434192943043,2.5614614486694336,492024000,0.0,0.0
2017-01-23 00:00:00-05:00,2.556289390617346,2.608006236824073,2.5538266277355985,2.5880582332611084,369904000,0.0,0.0
2017-01-24 00:00:00-05:00,2.5981553762019614,2.649379715938094,2.583379034023465,2.6432228088378906,428052000,0.0,0.0
2017-01-25 00:00:00-05:00,2.6855807502163245,2.691737655956912,2.6185953067646914,2.654550790786743,522760000,0.0,0.0
2017-01-26 00:00:00-05:00,2.6572607346836925,2.7077462073253162,2.6277082800785005,2.7003581523895264,458800000,0.0,0.0
2017-01-27 00:00:00-05:00,2.7072539531862696,2.755523037318232,2.680656765056549,2.752567768096924,471996000,0.0,0.0
2017-01-30 00:00:00-05:00,2.7316353942917857,2.733851788016548,2.657507980515889,2.7094709873199463,496004000,0.0,0.0
2017-01-31 00:00:00-05:00,2.6831194775891474,2.7102091709308787,2.6646489865912795,2.688783645629883,362756000,0.0,0.0
2017-02-01 00:00:00-05:00,2.7232616569668284,2.8104415185882714,2.7055302751285706,2.8062551021575928,590004000,0.0,0.0
2017-02-02 00:00:00-05:00,2.7902472299030907,2.8503373924883504,2.759709760302096,2.8417177200317383,483240000,0.0,0.0
2017-02-03 00:00:00-05:00,2.8431955171509267,2.8542777184800636,2.805023620829489,2.8168444633483887,372744000,0.0,0.0
2017-02-06 00:00:00-05:00,2.8074863876749254,2.8894945905210223,2.8074863876749254,2.8890020847320557,506768000,0.0,0.0
2017-02-07 00:00:00-05:00,2.92323293812711,2.9779050590505225,2.903531302551721,2.9338226318359375,746224000,0.0,0.0
2017-02-08 00:00:00-05:00,2.915844793133049,2.9382553265753426,2.8660979652142426,2.9210164546966553,449580000,0.0,0.0
2017-02-09 00:00:00-05:00,2.9271730886168252,2.9320986147235177,2.8468890328910375,2.866097927093506,842568000,0.0,0.0
2017-02-10 00:00:00-05:00,2.9535248504283436,2.9724876138257925,2.7730084555328807,2.798128128051758,1651092000,0.0,0.0
2017-02-13 00:00:00-05:00,2.7924629131847976,2.8069928856819946,2.664648429257081,2.669081449508667,1180724000,0.0,0.0
2017-02-14 00:00:00-05:00,2.6594766921335626,2.712671289600811,2.6176106629171327,2.6789321899414062,850632000,0.0,0.0
2017-02-15 00:00:00-05:00,2.6818882003068087,2.704052367615708,2.6538132595753208,2.6843507289886475,373020000,0.0,0.0
2017-02-16 00:00:00-05:00,2.693955098388103,2.6951864800163072,2.602096095709946,2.6412532329559326,647176000,0.0,0.0
2017-02-17 00:00:00-05:00,2.6277084368350474,2.6451936812870613,2.5806707360148833,2.640760660171509,563740000,0.0,0.0
2017-02-21 00:00:00-05:00,2.6653872351383034,2.739268477151218,2.6651408649066832,2.735328197479248,551952000,0.0,0.0
2017-02-22 00:00:00-05:00,2.747411174407058,2.7567812979238364,2.712149870613193,2.7311367988586426,433772000,0.0035,0.0
2017-02-23 00:00:00-05:00,2.6014340841612937,2.623379768932994,2.4579237491815964,2.4778966903686523,1592888000,0.0,0.0
2017-02-24 00:00:00-05:00,2.393566488901127,2.515131172013375,2.3597848037945206,2.5018157958984375,1029904000,0.0,0.0
2017-02-27 00:00:00-05:00,2.520062165195632,2.589598023687165,2.5042809224158082,2.574556589126587,715400000,0.0,0.0
2017-02-28 00:00:00-05:00,2.5841735975702798,2.5940370817591676,2.485047980087699,2.5023086071014404,625360000,0.0,0.0
2017-03-01 00:00:00-05:00,2.5592692332258475,2.573571098971428,2.493185479927621,2.534611225128174,504804000,0.0,0.0
2017-03-02 00:00:00-05:00,2.5217894169174278,2.5358446039199056,2.4384447847129223,2.441157102584839,754332000,0.0,0.0
2017-03-03 00:00:00-05:00,2.430554215280372,2.4354857235726697,2.3726074055261983,2.4271020889282227,864692000,0.0,0.0
2017-03-06 00:00:00-05:00,2.3908538881994903,2.4189642539770206,2.346715830806749,2.4083611965179443,883568000,0.0,0.0
2017-03-07 00:00:00-05:00,2.4083612433200563,2.454225364318928,2.395538995715347,2.4347453117370605,603400000,0.0,0.0
2017-03-08 00:00:00-05:00,2.4830755266134945,2.497870519468692,2.4280879597484137,2.430307149887085,638712000,0.0,0.0
2017-03-09 00:00:00-05:00,2.414279533640161,2.4522529187243305,2.4017037305219344,2.429814100265503,478060000,0.0,0.0
2017-03-10 00:00:00-05:00,2.456198793337353,2.4680345547025504,2.4258692286142933,2.4441161155700684,499740000,0.0,0.0
2017-03-13 00:00:00-04:00,2.4544716360949597,2.521295180103309,2.4537318278523594,2.511431932449341,774136000,0.0,0.0
2017-03-14 00:00:00-04:00,2.5242550485552964,2.533624937173714,2.477404429670937,2.509706735610962,522016000,0.0,0.0
2017-03-15 00:00:00-04:00,2.5212951071650926,2.5395419854599663,2.4737046975741004,2.5286924839019775,615036000,0.0,0.0
2017-03-16 00:00:00-04:00,2.539295930089379,2.560255363366531,2.525240747516456,2.5597620010375977,523100000,0.0,0.0
2017-03-17 00:00:00-04:00,2.5772703641285477,2.6167236109828402,2.559763049035802,2.615490674972534,1119688000,0.0,0.0
2017-03-20 00:00:00-04:00,2.632996880352132,2.702779430046828,2.6169689541318464,2.69883394241333,748568000,0.0,0.0
2017-03-21 00:00:00-04:00,2.681573853978959,2.71141028742864,2.6036541025362205,2.611544609069824,913484000,0.0,0.0
2017-03-22 00:00:00-04:00,2.600448669630607,2.6694916665718034,2.5965034159890026,2.664806604385376,616764000,0.0,0.0
2017-03-23 00:00:00-04:00,2.6569158277075324,2.676889012051088,2.631024880557058,2.640641450881958,533940000,0.0,0.0
2017-03-24 00:00:00-04:00,2.6869986669194272,2.6948891732848392,2.6241203565681026,2.6500113010406494,439500000,0.0,0.0
2017-03-27 00:00:00-04:00,2.60340698987769,2.6731895420111713,2.5540907443194434,2.6692442893981934,506644000,0.0,0.0
2017-03-28 00:00:00-04:00,2.6704765185764754,2.685024824804933,2.645078711742477,2.655435085296631,432444000,0.0,0.0
2017-03-29 00:00:00-04:00,2.662832976892955,2.6751620961978455,2.6445860966674366,2.6468052864074707,349992000,0.0,0.0
2017-03-30 00:00:00-04:00,2.6539566191773836,2.7123965505232523,2.648285302891039,2.697601556777954,525532000,0.0,0.0
2017-03-31 00:00:00-04:00,2.687984773709991,2.7096840177600763,2.672943335106083,2.686012029647827,440808000,0.0,0.0
2017-04-03 00:00:00-04:00,2.6865052490166086,2.7037658767975663,2.6487780787607176,2.672450065612793,445232000,0.0,0.0
2017-04-04 00:00:00-04:00,2.549652910301884,2.5748042832259213,2.474199026688231,2.485048532485962,1271280000,0.0,0.0
2017-04-05 00:00:00-04:00,2.4663079605331286,2.5242547596173197,2.4534857121123093,2.466554641723633,747048000,0.0,0.0
2017-04-06 00:00:00-04:00,2.471733232357855,2.4966379248374797,2.426608674354388,2.48455548286438,635120000,0.0,0.0
2017-04-07 00:00:00-04:00,2.490965997707498,2.5084733060381126,2.4589103792964018,2.473951816558838,429068000,0.0,0.0
2017-04-10 00:00:00-04:00,2.474691473199803,2.481349042485652,2.4066349879357776,2.4108269214630127,756332000,0.0,0.0
2017-04-11 00:00:00-04:00,2.3807444807074165,2.4386912877018054,2.375812972649988,2.4194579124450684,618148000,0.0,0.0
2017-04-12 00:00:00-04:00,2.419457336579162,2.4337589652160156,2.3943059695131326,2.399484157562256,414092000,0.0,0.0
2017-04-13 00:00:00-04:00,2.3753196187265924,2.3970186283624724,2.3546066284179688,2.3546066284179688,506892000,0.0,0.0
2017-04-17 00:00:00-04:00,2.367429457642381,2.4470752882656965,2.3622512675856164,2.446828842163086,497292000,0.0,0.0
2017-04-18 00:00:00-04:00,2.432526267336188,2.4544721923454715,2.406635324561316,2.448307514190674,370116000,0.0,0.0
2017-04-19 00:00:00-04:00,2.465814393631354,2.4899792693379843,2.4512660849463948,2.4579238891601562,380828000,0.0,0.0
2017-04-20 00:00:00-04:00,2.4724730194616322,2.501569646500521,2.4512668995160003,2.49688458442688,404016000,0.0,0.0
2017-04-21 00:00:00-04:00,2.4865275447285375,2.5099528510853704,2.4746917861154194,2.5072405338287354,341896000,0.0,0.0
2017-04-24 00:00:00-04:00,2.538803021825287,2.551625271185942,2.5178438199579856,2.5385565757751465,371820000,0.0,0.0
2017-04-25 00:00:00-04:00,2.5531043084189147,2.5972423626920174,2.5316517490054085,2.5826940536499023,388440000,0.0,0.0
2017-04-26 00:00:00-04:00,2.5962565035848,2.598722139693893,2.5629679469485613,2.5649406909942627,327004000,0.0,0.0
2017-04-27 00:00:00-04:00,2.5723387289374973,2.6132711207406745,2.554338287356196,2.6048874855041504,319700000,0.0,0.0
2017-04-28 00:00:00-04:00,2.5979826797906536,2.6048869315142014,2.566173503432033,2.571845054626465,348248000,0.0,0.0
2017-05-01 00:00:00-04:00,2.5826945924402276,2.6347233973906476,2.575543659424466,2.629544973373413,307732000,0.0,0.0
2017-05-02 00:00:00-04:00,2.6026673163983265,2.603900251884576,2.5289392793343435,2.5516247749328613,629972000,0.0,0.0
2017-05-03 00:00:00-04:00,2.5447203042430804,2.580228043637444,2.529925550004483,2.5706114768981934,336904000,0.0,0.0
2017-05-04 00:00:00-04:00,2.5767779482907374,2.5878741402890215,2.5528595004348165,2.5607502460479736,209788000,0.0,0.0
2017-05-05 00:00:00-04:00,2.549159106279724,2.5681457951749005,2.53362430747982,2.560994863510132,228428000,0.0,0.0
2017-05-08 00:00:00-04:00,2.572831127275649,2.574310508901094,2.522775070659255,2.5341179370880127,365240000,0.0,0.0
2017-05-09 00:00:00-04:00,2.539789190875031,2.587379375131696,2.5314053230597446,2.5383095741271973,847672000,0.0,0.0
2017-05-10 00:00:00-04:00,2.8181797966035838,3.003855720682018,2.81152222624754,2.9907867908477783,2129096000,0.0,0.0
2017-05-11 00:00:00-04:00,2.9602110673048863,3.2161627020200703,2.9567589412015742,3.119256019592285,1939792000,0.0,0.0
2017-05-12 00:00:00-04:00,3.1224614650907334,3.1956961514136606,3.101502028827095,3.1535305976867676,962620000,0.0,0.0
2017-05-15 00:00:00-04:00,3.194709935046448,3.314301875649034,3.1902713195094625,3.311836004257202,1087540000,0.0,0.0
2017-05-16 00:00:00-04:00,3.362878215121293,3.3890160748119182,3.288410829692858,3.373481273651123,1120700000,0.0,0.0
2017-05-17 00:00:00-04:00,3.3066578411676644,3.3253980876379554,3.1451470262805272,3.149338960647583,1271368000,0.0,0.0
2017-05-18 00:00:00-04:00,3.193230564809823,3.2901372486001392,3.1328181219939983,3.2812602519989014,1156032000,0.0,0.0
2017-05-19 00:00:00-04:00,3.382464731368668,3.4118387039438107,3.3377865377240012,3.3570401668548584,1018372000,0.0035,0.0
2017-05-22 00:00:00-04:00,3.40073088339787,3.4429406064438894,3.38986971755904,3.428623914718628,836608000,0.0,0.0
2017-05-23 00:00:00-04:00,3.448371290164133,3.4505928174305334,3.3498816196363177,3.382464647293091,681248000,0.0,0.0
2017-05-24 00:00:00-04:00,3.479472502531543,3.4821879112740697,3.4083822306498215,3.4204776287078857,815996000,0.0,0.0
2017-05-25 00:00:00-04:00,3.4557766134174375,3.4565172010079146,3.367901164144707,3.4128262996673584,608228000,0.0,0.0
2017-05-26 00:00:00-04:00,3.4046798811045123,3.586108033324212,3.384438962342932,3.501194715499878,779140000,0.0,0.0
2017-05-30 00:00:00-04:00,3.547107967974751,3.611039794598919,3.5310633937695473,3.575988531112671,989652000,0.0,0.0
2017-05-31 00:00:00-04:00,3.620913203452091,3.628565313962293,3.5063789576044573,3.563152551651001,887316000,0.0,0.0
2017-06-01 00:00:00-04:00,3.578950241739443,3.579937770322153,3.5179805330708707,3.563399314880371,503340000,0.0,0.0
2017-06-02 00:00:00-04:00,3.5604379363308487,3.5866030941714375,3.539703362896998,3.5456275939941406,487456000,0.0,0.0
2017-06-05 00:00:00-04:00,3.5293353215904877,3.6663320182421213,3.517733802924942,3.653496265411377,817376000,0.0,0.0
2017-06-06 00:00:00-04:00,3.6488065859536984,3.694965959026698,3.62362896010126,3.636958360671997,758728000,0.0,0.0
2017-06-07 00:00:00-04:00,3.6613952325544936,3.6996555491689525,3.6458443061625814,3.6808955669403076,612612000,0.0,0.0
2017-06-08 00:00:00-04:00,3.7880249835890645,3.949459197986992,3.746802548408049,3.9479782581329346,1161744000,0.0,0.0
2017-06-09 00:00:00-04:00,4.066461516348402,4.15927365729685,3.5236574793535245,3.6927437782287598,3692928000,0.0,0.0
2017-06-12 00:00:00-04:00,3.600919675718029,3.7445812065522524,3.507860574534015,3.7018775939941406,1697532000,0.0,0.0
2017-06-13 00:00:00-04:00,3.811227142329023,3.8203604265745685,3.5952411423180624,3.7371749877929688,1672504000,0.0,0.0
2017-06-14 00:00:00-04:00,3.7401375710906484,3.802835157675937,3.6655915252993485,3.7450742721557617,1184640000,0.0,0.0
2017-06-15 00:00:00-04:00,3.627577960175783,3.791480392407653,3.6162231473938036,3.7611191272735596,963824000,0.0,0.0
2017-06-16 00:00:00-04:00,3.770745658213769,3.8186329046912255,3.7085417201511537,3.742605686187744,924960000,0.0,0.0
2017-06-19 00:00:00-04:00,3.786789998219292,3.888488714354603,3.7830875316154873,3.883305072784424,778176000,0.0,0.0
2017-06-20 00:00:00-04:00,3.92551461410239,3.9924085403550413,3.873431259808838,3.877627372741699,1095444000,0.0,0.0
2017-06-21 00:00:00-04:00,3.905274952059621,3.940079513106746,3.8433177062502075,3.9363768100738525,682652000,0.0,0.0
2017-06-22 00:00:00-04:00,3.9445215163893126,3.9578511495901676,3.8852796961000218,3.9092233180999756,469132000,0.0,0.0
2017-06-23 00:00:00-04:00,3.9168763834962874,3.9326742531761063,3.7821009622756008,3.7971584796905518,1088588000,0.0,0.0
2017-06-26 00:00:00-04:00,3.829987775466849,3.8655329192882406,3.661395342163939,3.7556886672973633,1063960000,0.0,0.0
2017-06-27 00:00:00-04:00,3.738162496957167,3.746801899792202,3.612520391286069,3.6181976795196533,999492000,0.0,0.0
2017-06-28 00:00:00-04:00,3.685832857646056,3.750505273107416,3.597710462145663,3.7458152770996094,994948000,0.0,0.0
2017-06-29 00:00:00-04:00,3.7174285407836116,3.7203904204655136,3.5564879744280744,3.620666742324829,1064424000,0.0,0.0
2017-06-30 00:00:00-04:00,3.63794560388452,3.6515219452853827,3.5421713326624933,3.5683364868164062,731060000,0.0,0.0
2017-07-03 00:00:00-04:00,3.5804313509648598,3.595241689965642,3.4207250299876257,3.4392380714416504,709072000,0.0,0.0
2017-07-05 00:00:00-04:00,3.5026761658314762,3.5599434049981373,3.483669478240256,3.5310630798339844,820188000,0.0,0.0
2017-07-06 00:00:00-04:00,3.501935507323971,3.5885767106429074,3.449851914784059,3.5416767597198486,746284000,0.0,0.0
2017-07-07 00:00:00-04:00,3.5984507562840364,3.640907422498852,3.5754944247382716,3.622641086578369,654972000,0.0,0.0
2017-07-10 00:00:00-04:00,3.696199572326098,3.8013538193428444,3.670034422208088,3.7939486503601074,958492000,0.0,0.0
2017-07-11 00:00:00-04:00,3.797652367698503,3.8554132661784064,3.7556893399024647,3.8477611541748047,757956000,0.0,0.0
2017-07-12 00:00:00-04:00,3.9074954718858117,4.023510645453302,3.864545163569078,4.011415481567383,1145208000,0.0,0.0
2017-07-13 00:00:00-04:00,4.023511894478929,4.1049694822308105,3.9186045591724556,3.965010643005371,1369132000,0.0,0.0
2017-07-14 00:00:00-04:00,3.981301113947039,4.073125964109027,3.9743895913978657,4.071645259857178,941948000,0.0,0.0
2017-07-17 00:00:00-04:00,4.10571056998922,4.134591140786141,3.9926572267327245,4.054367542266846,930792000,0.0,0.0
2017-07-18 00:00:00-04:00,3.993395850161199,4.111139368068078,3.981547392544041,4.096575736999512,776640000,0.0,0.0
2017-07-19 00:00:00-04:00,4.105707244065508,4.132119324347863,4.0632508337262525,4.075345993041992,687044000,0.0,0.0
2017-07-20 00:00:00-04:00,4.095836654130347,4.13483733140039,4.0459748082527645,4.1345906257629395,699596000,0.0,0.0
2017-07-21 00:00:00-04:00,4.1141015582230525,4.179020903668448,4.099784631618497,4.149399757385254,648332000,0.0,0.0
2017-07-24 00:00:00-04:00,4.156558558102485,4.166185254326222,4.090651917965548,4.101265907287598,652524000,0.0,0.0
2017-07-25 00:00:00-04:00,4.07830911790055,4.095835098561295,4.037827280555946,4.081518173217773,496556000,0.0,0.0
2017-07-26 00:00:00-04:00,4.139031297272571,4.19457063650761,4.0938592385864725,4.128664016723633,640404000,0.0,0.0
2017-07-27 00:00:00-04:00,4.1535957470348,4.165197498979774,3.889228863705452,3.992408514022827,782856000,0.0,0.0
2017-07-28 00:00:00-04:00,3.9566178394824796,4.082260215406383,3.9316871525340806,4.0578227043151855,513348000,0.0,0.0
2017-07-31 00:00:00-04:00,4.07139788987388,4.107436675970088,3.9647627065788362,4.011415481567383,559672000,0.0,0.0
2017-08-01 00:00:00-04:00,4.002034864309742,4.062017263219,3.974142074235959,4.06028938293457,431384000,0.0,0.0
2017-08-02 00:00:00-04:00,4.091393502713157,4.095342676068961,3.9808086449420075,4.0578227043151855,478444000,0.0,0.0
2017-08-03 00:00:00-04:00,4.057328594435505,4.11311466038496,4.040296492537545,4.10941219329834,442420000,0.0,0.0
2017-08-04 00:00:00-04:00,4.132122584839775,4.1980292494098155,4.109413422723324,4.127432823181152,589096000,0.0,0.0
2017-08-07 00:00:00-04:00,4.156559597209771,4.254802111827948,4.146932427767157,4.254308700561523,717412000,0.0,0.0
2017-08-08 00:00:00-04:00,4.292322567302511,4.308860792023877,4.1644588838666,4.203706741333008,755336000,0.0,0.0
2017-08-09 00:00:00-04:00,4.157545496530759,4.250851513137813,4.1387855168267285,4.248383045196533,530784000,0.0,0.0
2017-08-10 00:00:00-04:00,4.249616880691621,4.26195921992441,4.056340509345936,4.066461086273193,1328088000,0.0,0.0
2017-08-11 00:00:00-04:00,3.878861808282357,3.9247742306326594,3.774448153316789,3.8497345447540283,1497196000,0.0,0.0
2017-08-14 00:00:00-04:00,3.9413144853870627,4.16050941412076,3.9297129628658567,4.156806945800781,1279020000,0.0,0.0
2017-08-15 00:00:00-04:00,4.161990754179014,4.188155680748495,4.087444677805551,4.121755599975586,764532000,0.0,0.0
2017-08-16 00:00:00-04:00,4.136812029774231,4.160261775227814,4.044246576040054,4.076582431793213,596632000,0.0,0.0
2017-08-17 00:00:00-04:00,4.068188839543737,4.085220466772134,3.9835222312200327,3.985743522644043,525444000,0.0,0.0
2017-08-18 00:00:00-04:00,4.040049536711073,4.05708163755408,3.940572340808606,3.9864847660064697,601204000,0.0,0.0
2017-08-21 00:00:00-04:00,4.010922628103092,4.022277206070906,3.884539918227118,3.9284775257110596,623672000,0.0,0.0
2017-08-22 00:00:00-04:00,3.965042940599619,4.02186629865458,3.9457723551587,4.015936851501465,450456000,0.0035,0.0
2017-08-23 00:00:00-04:00,3.9825838065572787,4.1073481598629655,3.973936324271053,4.096230506896973,579520000,0.0,0.0
2017-08-24 00:00:00-04:00,4.12834728428752,4.132794721782083,4.054724240015659,4.0811591148376465,469700000,0.0,0.0
2017-08-25 00:00:00-04:00,4.105371560526674,4.115501050298603,4.040641972090164,4.047065734863281,357200000,0.0,0.0
2017-08-28 00:00:00-04:00,4.066089903882161,4.078936960558569,4.0105016325682,4.075725078582764,389496000,0.0,0.0
2017-08-29 00:00:00-04:00,4.016924193418326,4.090794629376174,4.008771029495037,4.0690531730651855,324096000,0.0,0.0
2017-08-30 00:00:00-04:00,4.0888180958074,4.104383185093519,4.058430099295217,4.093265533447266,384400000,0.0,0.0
2017-08-31 00:00:00-04:00,4.113522845831701,4.1901108286884945,4.106111394371521,4.186158180236816,612684000,0.0,0.0
2017-09-01 00:00:00-04:00,4.198758414080583,4.246934734701657,4.190110935113122,4.211358070373535,445432000,0.0,0.0
2017-09-05 00:00:00-04:00,4.159969943302894,4.164911225307366,4.040888157090619,4.098946571350098,695364000,0.0,0.0
2017-09-06 00:00:00-04:00,4.131806302484795,4.145641517225272,4.06164159524952,4.0964765548706055,397672000,0.0,0.0
2017-09-07 00:00:00-04:00,4.113275778364218,4.147863807232091,4.075228946609559,4.115499496459961,352868000,0.0,0.0
2017-09-08 00:00:00-04:00,4.103890517807623,4.118713902218539,4.019890554100945,4.044102191925049,498856000,0.0,0.0
2017-09-11 00:00:00-04:00,4.089806739083767,4.18591248330027,4.08437113903112,4.175288677215576,567444000,0.0,0.0
2017-09-12 00:00:00-04:00,4.199993331420849,4.199993331420849,4.125134751152866,4.1903581619262695,411488000,0.0,0.0
2017-09-13 00:00:00-04:00,4.165160191195914,4.238042487220114,4.132795862011949,4.209136962890625,580960000,0.0,0.0
2017-09-14 00:00:00-04:00,4.170099880109976,4.263241123917691,4.145641332633308,4.185170650482178,513712000,0.0,0.0
2017-09-15 00:00:00-04:00,4.270653406068114,4.449770927429199,4.265465199763645,4.449770927429199,1364792000,0.0,0.0
2017-09-18 00:00:00-04:00,4.574041206941933,4.723758885369627,4.567123598869018,4.63358211517334,1684460000,0.0,0.0
2017-09-19 00:00:00-04:00,4.58318141665612,4.690404786876307,4.561193041368965,4.628640174865723,874280000,0.0,0.0
2017-09-20 00:00:00-04:00,4.632346619002792,4.679781708898288,4.5510642601304765,4.591334819793701,724920000,0.0,0.0
2017-09-21 00:00:00-04:00,4.487570836847353,4.513759262321546,4.388006283692316,4.465829849243164,1075600000,0.0,0.0
2017-09-22 00:00:00-04:00,4.454464457467965,4.504123263537257,4.412464498023753,4.422346591949463,491232000,0.0,0.0
2017-09-25 00:00:00-04:00,4.39146524582877,4.392700802357119,4.203948101834877,4.224700927734375,874580000,0.0,0.0
2017-09-26 00:00:00-04:00,4.359347447608947,4.414441388843439,4.208641608289688,4.248417854309082,1125620000,0.0,0.0
2017-09-27 00:00:00-04:00,4.3388413689716705,4.354900303134278,4.26793541860981,4.341558933258057,713720000,0.0,0.0
2017-09-28 00:00:00-04:00,4.34872401856864,4.352677139724702,4.292888832889708,4.340324401855469,435244000,0.0,0.0
2017-09-29 00:00:00-04:00,4.424322969436162,4.440381429450588,4.379111133469142,4.416664123535156,619092000,0.0,0.0
2017-10-02 00:00:00-04:00,4.466817192681763,4.495970100163902,4.372935179867629,4.422346591949463,503480000,0.0,0.0
2017-10-03 00:00:00-04:00,4.42852355551117,4.461382664960675,4.387264830023784,4.431488513946533,390332000,0.0,0.0
2017-10-04 00:00:00-04:00,4.437665503306811,4.490783127514503,4.401100661923622,4.468547821044922,427848000,0.0,0.0
2017-10-05 00:00:00-04:00,4.493006996198112,4.496465800820647,4.436183171536309,4.4660773277282715,437364000,0.0,0.0
2017-10-06 00:00:00-04:00,4.438404498148305,4.492510257531356,4.422345569103331,4.479168891906738,318800000,0.0,0.0
2017-10-09 00:00:00-04:00,4.515982095754633,4.613323392271761,4.497205597226185,4.580217361450195,563492000,0.0,0.0
2017-10-10 00:00:00-04:00,4.729441560872815,4.7669945646375025,4.62641819457424,4.66767692565918,974876000,0.0,0.0
2017-10-11 00:00:00-04:00,4.684228244091434,4.71881674943267,4.638275637514394,4.717334270477295,529508000,0.0,0.0
2017-10-12 00:00:00-04:00,4.720794754912827,4.770453576561277,4.692383078026357,4.719559669494629,528292000,0.0,0.0
2017-10-13 00:00:00-04:00,4.781817222665219,4.817640818771001,4.734876446278366,4.807511329650879,628728000,0.0,0.0
2017-10-16 00:00:00-04:00,4.837404237411181,4.8929924806686795,4.774157148583689,4.8900275230407715,576640000,0.0,0.0
2017-10-17 00:00:00-04:00,4.869277062718551,4.913994601707833,4.850994876323264,4.88558292388916,478596000,0.0,0.0
2017-10-18 00:00:00-04:00,4.894476436622892,4.895217205026853,4.776135385503057,4.881381988525391,567316000,0.0,0.0
2017-10-19 00:00:00-04:00,4.803806624797513,4.891759221955359,4.754642119159731,4.8868184089660645,570772000,0.0,0.0
2017-10-20 00:00:00-04:00,4.903864942493903,4.931041060085757,4.855688133799093,4.864582538604736,451620000,0.0,0.0
2017-10-23 00:00:00-04:00,4.886323659659775,4.912759009527121,4.837406081193506,4.857665061950684,428696000,0.0,0.0
2017-10-24 00:00:00-04:00,4.866806272475474,4.910288724682846,4.840865237590448,4.908559322357178,407244000,0.0,0.0
2017-10-25 00:00:00-04:00,4.869029664690874,4.921900364719075,4.72301816817099,4.7845354080200195,828160000,0.0,0.0
2017-10-26 00:00:00-04:00,4.812204061101296,4.846297772454646,4.7882393642127115,4.834686279296875,322744000,0.0,0.0
2017-10-27 00:00:00-04:00,4.886817229063083,4.987369935325871,4.8608757288054605,4.987123012542725,572192000,0.0,0.0
2017-10-30 00:00:00-04:00,4.987121793391315,5.091627123543822,4.971309785828322,5.036039352416992,504056000,0.0,0.0
2017-10-31 00:00:00-04:00,5.067911786094077,5.136099710947832,5.062229262678451,5.10941743850708,411908000,0.0,0.0
2017-11-01 00:00:00-04:00,5.172170030094623,5.187487726327024,5.054817137809243,5.119052410125732,502576000,0.0,0.0
2017-11-02 00:00:00-04:00,5.089404575245795,5.134122097990003,5.031345684014674,5.087922096252441,342308000,0.0,0.0
2017-11-03 00:00:00-04:00,5.119052476984032,5.155864238739014,5.07309985891339,5.155864238739014,353640000,0.0,0.0
2017-11-06 00:00:00-05:00,5.119051939110113,5.187734171800686,5.106699202627933,5.179087162017822,389944000,0.0,0.0
2017-11-07 00:00:00-05:00,5.201817020250571,5.259875921080676,5.189711205998855,5.238381385803223,427700000,0.0,0.0
2017-11-08 00:00:00-05:00,5.233934214766832,5.237640412718127,5.1200406076421014,5.167475700378418,522988000,0.0,0.0
2017-11-09 00:00:00-05:00,5.071368617705739,5.097556563095411,4.950310040699365,5.072603702545166,978564000,0.0,0.0
2017-11-10 00:00:00-05:00,5.264323998698677,5.4024297391543135,5.228500393977329,5.339923858642578,1253256000,0.0,0.0
2017-11-13 00:00:00-05:00,5.3399247350844865,5.36537145834971,5.2378895054527765,5.253207206726074,582376000,0.0,0.0
2017-11-14 00:00:00-05:00,5.2623452769031385,5.3068158773590675,5.218615915951695,5.291498184204102,529292000,0.0,0.0
2017-11-15 00:00:00-05:00,5.236405256732466,5.237640813219607,5.133876215956097,5.187734603881836,501948000,0.0,0.0
2017-11-16 00:00:00-05:00,5.261851724539295,5.291992795783281,5.219110523470367,5.228004455566406,441768000,0.0,0.0
2017-11-17 00:00:00-05:00,5.285076531108008,5.32040581692193,5.206759110530093,5.221829414367676,515664000,0.0,0.0
2017-11-20 00:00:00-05:00,5.237393036892428,5.301134458382418,5.200581278626358,5.289028644561768,396100000,0.0,0.0
2017-11-21 00:00:00-05:00,5.328805479654759,5.349311382827759,5.296935000996345,5.3376994132995605,399176000,0.0,0.0
2017-11-22 00:00:00-05:00,5.364893703494278,5.364893703494278,5.281082520674756,5.313716888427734,356640000,0.00375,0.0
2017-11-24 00:00:00-05:00,5.330035112382122,5.364894750374522,5.305559096014242,5.363905429840088,180752000,0.0,0.0
2017-11-27 00:00:00-05:00,5.372558885614221,5.373794828943314,5.290972479270649,5.294186592102051,422896000,0.0,0.0
2017-11-28 00:00:00-05:00,5.299377718668641,5.30877249004076,5.148320093745461,5.209385871887207,512752000,0.0,0.0
2017-11-29 00:00:00-05:00,5.192080438771233,5.194799891301983,4.727782135553212,4.856094837188721,1396788000,0.0,0.0
2017-11-30 00:00:00-05:00,4.92482619174241,5.010862206001926,4.861782690687899,4.962157726287842,823768000,0.0,0.0
2017-12-01 00:00:00-05:00,4.927545158581398,4.947818216480902,4.758439694483081,4.887246608734131,811548000,0.0,0.0
2017-12-04 00:00:00-05:00,4.945838941724896,4.95202007271624,4.561396454700136,4.614798069000244,1240844000,0.0,0.0
2017-12-05 00:00:00-05:00,4.509476186540233,4.764123315204274,4.464480512298269,4.6414971351623535,981488000,0.0,0.0
2017-12-06 00:00:00-05:00,4.591064411446251,4.700834672784253,4.569802506360553,4.679078578948975,467032000,0.0,0.0
2017-12-07 00:00:00-05:00,4.745830739770493,4.786376854996019,4.700340378892989,4.746572494506836,542600000,0.0,0.0
2017-12-08 00:00:00-05:00,4.7965112551851705,4.8155483626966875,4.725803615470476,4.7342095375061035,466876000,0.0,0.0
2017-12-11 00:00:00-05:00,4.748301649747178,4.81554855719424,4.73247912537966,4.812581539154053,372748000,0.0,0.0
2017-12-12 00:00:00-05:00,4.769068407464463,4.792308000730056,4.6946520072283455,4.718138694763184,455016000,0.0,0.0
2017-12-13 00:00:00-05:00,4.759179979672569,4.760415922832858,4.595513472183002,4.602930545806885,554280000,0.0,0.0
2017-12-14 00:00:00-05:00,4.596502536147798,4.681055481822733,4.563868165161839,4.610100269317627,438164000,0.0,0.0
2017-12-15 00:00:00-05:00,4.654107905726673,4.756213987228756,4.589086253556041,4.735940933227539,670036000,0.0,0.0
2017-12-18 00:00:00-05:00,4.776488325289197,4.895653391825145,4.746820959541344,4.89268684387207,477704000,0.0,0.0
2017-12-19 00:00:00-05:00,4.883289790334076,4.888481600496074,4.819998747979577,4.848430156707764,373100000,0.0,0.0
2017-12-20 00:00:00-05:00,4.887740234357461,4.896887440672191,4.809862604185081,4.865489482879639,288820000,0.0,0.0
2017-12-21 00:00:00-05:00,4.868950403426557,4.893920605894958,4.834585429296911,4.842991352081299,300904000,0.0,0.0
2017-12-22 00:00:00-05:00,4.806153949486824,4.837057716317147,4.7282763250392765,4.827662944793701,466276000,0.0,0.0
2017-12-26 00:00:00-05:00,4.772285267169196,4.88897797231439,4.742370336020803,4.881313800811768,355080000,0.0,0.0
2017-12-27 00:00:00-05:00,4.867961325754705,4.943860778469477,4.8533747445099795,4.874636173248291,329488000,0.0,0.0
2017-12-28 00:00:00-05:00,4.898371200797089,4.929274971482377,4.8741427502079455,4.88032341003418,240248000,0.0,0.0
2017-12-29 00:00:00-05:00,4.906529338415578,4.906529338415578,4.783903121948242,4.783903121948242,279964000,0.0,0.0
2018-01-02 00:00:00-05:00,4.840272760492806,4.93224280466593,4.808627701506926,4.928534030914307,355616000,0.0,0.0
2018-01-03 00:00:00-05:00,5.045969383653385,5.28331066974954,5.037316362595355,5.252901077270508,914704000,0.0,0.0
2018-01-04 00:00:00-05:00,5.33423588073277,5.390851587673689,5.258335976166051,5.2805867195129395,583268000,0.0,0.0
2018-01-05 00:00:00-05:00,5.295422965695073,5.362669410950492,5.218534182020632,5.325337886810303,580124000,0.0,0.0
2018-01-08 00:00:00-05:00,5.448952867740209,5.562678513220074,5.4039567039345675,5.488509654998779,881216000,0.0,0.0
2018-01-09 00:00:00-05:00,5.493946719124015,5.533503493128218,5.405438401923066,5.487024307250977,497000000,0.0,0.0
2018-01-10 00:00:00-05:00,5.39456233692441,5.533505763020399,5.340171868245673,5.5300445556640625,582664000,0.0,0.0
2018-01-11 00:00:00-05:00,5.562678143613948,5.594076571296828,5.51842373734853,5.539933204650879,406032000,0.0,0.0
2018-01-12 00:00:00-05:00,5.528066087608366,5.562431062017867,5.4721921174013355,5.51273775100708,359916000,0.0,0.0
2018-01-16 00:00:00-05:00,5.539192368368986,5.624733705324499,5.357230940283199,5.441783428192139,702348000,0.0,0.0
2018-01-17 00:00:00-05:00,5.456368058877188,5.565643620039032,5.362420831334033,5.555754661560059,538408000,0.0,0.0
2018-01-18 00:00:00-05:00,5.536471104395202,5.603223350205553,5.505320244971986,5.548832893371582,408632000,0.0,0.0
2018-01-19 00:00:00-05:00,5.639072596102207,5.713241453808726,5.612124694118849,5.6890130043029785,609380000,0.0,0.0
2018-01-22 00:00:00-05:00,5.696924523479651,5.77925221387393,5.639319943950275,5.77752161026001,550944000,0.0,0.0
2018-01-23 00:00:00-05:00,5.830921901464233,5.929319662269429,5.8123799261992355,5.906574726104736,475228000,0.0,0.0
2018-01-24 00:00:00-05:00,5.909789542758876,5.94563802891413,5.77406023855731,5.829687118530273,579972000,0.0,0.0
2018-01-25 00:00:00-05:00,5.884078296494035,5.9273438624053245,5.828451881336061,5.84328556060791,409884000,0.0,0.0
2018-01-26 00:00:00-05:00,5.887044140958851,6.01609811514455,5.874188162406594,6.015851020812988,516356000,0.0,0.0
2018-01-29 00:00:00-05:00,6.001265236057532,6.134028000623604,5.94860537164113,6.102876663208008,455116000,0.0,0.0
2018-01-30 00:00:00-05:00,5.960966211063051,6.0922454557512,5.894213956837735,6.000770092010498,570832000,0.0,0.0
2018-01-31 00:00:00-05:00,6.076174940105346,6.162705581597857,6.0435405698559705,6.076916694641113,478576000,0.0,0.0
2018-02-01 00:00:00-05:00,5.896934093794209,6.104113294596944,5.885561622425427,5.94588565826416,519224000,0.0,0.0
2018-02-02 00:00:00-05:00,5.859355232857324,5.883336589589145,5.715219998103343,5.773318767547607,718464000,0.0,0.0
2018-02-05 00:00:00-05:00,5.612124586215895,5.766148769523712,5.068218068311997,5.283308506011963,1165204000,0.0,0.0
2018-02-06 00:00:00-05:00,5.053386054571537,5.579986239211077,5.043496618983746,5.577019691467285,1114800000,0.0,0.0
2018-02-07 00:00:00-05:00,5.675910909479062,5.80916787629633,5.604708586317413,5.6566267013549805,802932000,0.0,0.0
2018-02-08 00:00:00-05:00,5.78221730284882,5.8153458548161865,5.377501400387581,5.377748966217041,1144000000,0.0,0.0
2018-02-09 00:00:00-05:00,5.890259270861358,5.906081798787461,5.377751115232891,5.737718105316162,1674604000,0.0,0.0
2018-02-12 00:00:00-05:00,5.818809120625277,5.82177613919737,5.563420592106352,5.637589454650879,1093172000,0.0,0.0
2018-02-13 00:00:00-05:00,5.601245864235173,5.797546742300246,5.568858588913541,5.751314640045166,625524000,0.0,0.0
2018-02-14 00:00:00-05:00,5.711015631040773,5.997555426399767,5.699890257236931,5.968629360198975,744988000,0.0,0.0
2018-02-15 00:00:00-05:00,6.051947731374953,6.140456088711402,5.971103543738226,6.094223976135254,698900000,0.0,0.0
2018-02-16 00:00:00-05:00,6.067029401880041,6.180755068799949,6.019313776582363,6.028461456298828,637656000,0.0,0.0
2018-02-20 00:00:00-05:00,6.0509573164407975,6.226985136495736,6.0472485439625245,6.158008098602295,686240000,0.0,0.0
2018-02-21 00:00:00-05:00,6.222535918326724,6.229458332478876,5.967146934630271,5.970855236053467,892292000,0.0,0.0
2018-02-22 00:00:00-05:00,6.004746328236906,6.076487375000942,5.9248413831604765,5.990397930145264,534364000,0.00375,0.0
2018-02-23 00:00:00-05:00,6.050265396158643,6.083909511566162,5.999551739231379,6.083909511566162,415300000,0.0,0.0
2018-02-26 00:00:00-05:00,6.130169691675691,6.134622512498791,6.0376480303133055,6.09998893737793,469312000,0.0,0.0
2018-02-27 00:00:00-05:00,6.0732713987129685,6.157629638457461,6.064118508703495,6.087125301361084,455436000,0.0,0.0
2018-02-28 00:00:00-05:00,6.098010078024938,6.137591445047274,5.975060403629006,5.986687660217285,523116000,0.0,0.0
2018-03-01 00:00:00-05:00,5.984461315186211,6.038391083821471,5.643319137357673,5.744499206542969,1040120000,0.0,0.0
2018-03-02 00:00:00-05:00,5.636886772044606,5.858048125781038,5.488209158236849,5.851615905761719,913428000,0.0,0.0
2018-03-05 00:00:00-05:00,5.80139802254655,5.869181230829485,5.677953360328171,5.829599857330322,620776000,0.0,0.0
2018-03-06 00:00:00-05:00,5.914946033733068,6.0099415960270575,5.871901309648214,5.990645408630371,636808000,0.0,0.0
2018-03-07 00:00:00-05:00,5.88773340014851,6.034927041852828,5.886496688940032,5.982728958129883,581208000,0.0,0.0
2018-03-08 00:00:00-05:00,6.01018947484931,6.01018947484931,5.92212061882495,5.966402530670166,411912000,0.0,0.0
2018-03-09 00:00:00-05:00,6.0139009927776055,6.08193145411964,5.997821382975804,6.06906795501709,505524000,0.0,0.0
2018-03-12 00:00:00-04:00,6.110379364013688,6.258809249903008,6.102215465492341,6.178657054901123,605060000,0.0,0.0
2018-03-13 00:00:00-04:00,6.221454647629757,6.295917311703118,6.086630470326972,6.127943515777588,619772000,0.0,0.0
2018-03-14 00:00:00-04:00,6.170988299945566,6.1982006666631815,6.091083350545604,6.153424263000488,505496000,0.0,0.0
2018-03-15 00:00:00-04:00,6.167029585275466,6.249407945741046,6.126211040898413,6.168266296386719,401952000,0.0,0.0
2018-03-16 00:00:00-04:00,6.184595277804472,6.215518254193494,6.146992832821653,6.196469783782959,399456000,0.0,0.0
2018-03-19 00:00:00-04:00,6.1395700269720095,6.168513596954324,5.862994990382876,5.961948394775391,713772000,0.0,0.0
2018-03-20 00:00:00-04:00,5.964918890179831,6.213044940084531,5.964918890179831,6.174205780029297,554696000,0.0,0.0
2018-03-21 00:00:00-04:00,6.167773262790552,6.234072512210338,6.118544029357242,6.148972511291504,438688000,0.0,0.0
2018-03-22 00:00:00-04:00,6.085641414237361,6.1321494994676,5.9456221908964775,5.982976913452148,551196000,0.0,0.0
2018-03-23 00:00:00-04:00,5.996582066781193,5.999055960912495,5.752167177512115,5.763299465179443,735620000,0.0,0.0
2018-03-26 00:00:00-04:00,5.8877350126331445,6.049276624724668,5.8357846344018185,6.04803991317749,611424000,0.0,0.0
2018-03-27 00:00:00-04:00,6.128932034504673,6.184593470105025,5.438731648601411,5.57899808883667,1409000000,0.0,0.0
2018-03-28 00:00:00-04:00,5.544613718812532,5.67473738103299,5.368229213181982,5.475841045379639,945904000,0.0,0.0
2018-03-29 00:00:00-04:00,5.544117455284402,5.825887552154622,5.459759688475533,5.729160785675049,916628000,0.0,0.0
2018-04-02 00:00:00-04:00,5.658656489559017,5.804860199450898,5.38059699625157,5.468418121337891,922092000,0.0,0.0
2018-04-03 00:00:00-04:00,5.635402571338361,5.698485226428694,5.475839923022608,5.574793338775635,667432000,0.0,0.0
2018-04-04 00:00:00-04:00,5.318999465191075,5.607201846705951,5.294013740483714,5.596811771392822,789168000,0.0,0.0
2018-04-05 00:00:00-04:00,5.655193655804861,5.668304872258876,5.405088720492209,5.4765825271606445,701240000,0.0,0.0
2018-04-06 00:00:00-04:00,5.373918538495116,5.482025334218606,5.271006780267874,5.300198078155518,662988000,0.0,0.0
2018-04-09 00:00:00-04:00,5.3632814287612,5.491178916008509,5.308856685002309,5.328895092010498,499524000,0.0,0.0
2018-04-10 00:00:00-04:00,5.559208970692893,5.665089116084822,5.502063088259853,5.638124465942383,761676000,0.0,0.0
2018-04-11 00:00:00-04:00,5.623281927386973,5.664594980707421,5.5641571141666475,5.596811771392822,460244000,0.0,0.0
2018-04-12 00:00:00-04:00,5.689825953210931,5.8214339994271125,5.645544052883254,5.803622245788574,593920000,0.0,0.0
2018-04-13 00:00:00-04:00,5.86720040855909,5.875611554552852,5.678694198386889,5.72693395614624,503036000,0.0,0.0
2018-04-16 00:00:00-04:00,5.733616056955358,5.760086218283718,5.632435954381597,5.726689338684082,350792000,0.0,0.0
2018-04-17 00:00:00-04:00,5.7788866380513895,5.897630767692855,5.7232251798296945,5.8763556480407715,447224000,0.0,0.0
2018-04-18 00:00:00-04:00,5.82588831463755,5.918657239850551,5.75835283151511,5.847410678863525,391364000,0.0,0.0
2018-04-19 00:00:00-04:00,5.733119556766988,5.7665164274401395,5.610664836145937,5.666078567504883,471996000,0.0,0.0
2018-04-20 00:00:00-04:00,5.657421578066124,5.741779379344047,5.626746314231516,5.65791654586792,386200000,0.0,0.0
2018-04-23 00:00:00-04:00,5.675726382928785,5.72693453583259,5.5124531223641,5.53842830657959,427508000,0.0,0.0
2018-04-24 00:00:00-04:00,5.56415750021516,5.6601420795551,5.406821456468065,5.47213077545166,414596000,0.0,0.0
2018-04-25 00:00:00-04:00,5.442443603541932,5.481530478003558,5.202481487250741,5.3598175048828125,588492000,0.0,0.0
2018-04-26 00:00:00-04:00,5.521606579103608,5.579741925606837,5.455555052577292,5.571578025817871,375824000,0.0,0.0
2018-04-27 00:00:00-04:00,5.677459614494893,5.697250303858932,5.556736079081176,5.599038600921631,400848000,0.0,0.0
2018-04-30 00:00:00-04:00,5.615364217374966,5.665088409491538,5.544365382775312,5.563661098480225,327844000,0.0,0.0
2018-05-01 00:00:00-04:00,5.555496732128835,5.621795486456588,5.496866435731425,5.61907434463501,253788000,0.0,0.0
2018-05-02 00:00:00-04:00,5.615612232215377,5.660140918146858,5.5723197857763305,5.5985426902771,268248000,0.0,0.0
2018-05-03 00:00:00-04:00,5.630454213371176,5.790016845555746,5.585182847400178,5.7637939453125,443144000,0.0,0.0
2018-05-04 00:00:00-04:00,5.735097351176653,5.917171797870949,5.717780564971549,5.9139556884765625,400660000,0.0,0.0
2018-05-07 00:00:00-04:00,6.018601053538705,6.209086707540831,6.008705474285364,6.151940822601318,687616000,0.0,0.0
2018-05-08 00:00:00-04:00,6.152187922686302,6.197212052251537,6.103205938992592,6.194490909576416,506616000,0.0,0.0
2018-05-09 00:00:00-04:00,6.214529662936835,6.329810436951627,6.18731728890389,6.3275837898254395,596760000,0.0,0.0
2018-05-10 00:00:00-04:00,6.380522509999874,6.444347382814036,6.362710752988787,6.435194492340088,994080000,0.0,0.0
2018-05-11 00:00:00-04:00,6.253368441649258,6.426784559800564,6.197954705163433,6.296660423278809,1214456000,0.0,0.0
2018-05-14 00:00:00-04:00,6.334758021090902,6.3946250532774735,6.293444965477421,6.317193508148193,523140000,0.0,0.0
2018-05-15 00:00:00-04:00,6.2536150066679275,6.25633662108504,5.974318764054904,6.074756622314453,963528000,0.0,0.0
2018-05-16 00:00:00-04:00,6.036164192692246,6.147981579227148,5.999303967613462,6.085888385772705,553828000,0.0,0.0
2018-05-17 00:00:00-04:00,6.087619933713946,6.221701895514723,6.071539856096061,6.127943515777588,519784000,0.0,0.0
2018-05-18 00:00:00-04:00,6.179894774925811,6.243224682626679,6.079209200932519,6.0841569900512695,483716000,0.0,0.0
2018-05-21 00:00:00-04:00,6.181627078681152,6.185337684971658,5.949333404843383,6.042102336883545,640624000,0.0,0.0
2018-05-22 00:00:00-04:00,6.055460831126614,6.080693801379532,5.943395716516996,6.004004955291748,518264000,0.0,0.0
2018-05-23 00:00:00-04:00,5.947814133199135,6.128763754810888,5.947071458596598,6.127525806427002,442956000,0.00375,0.0
2018-05-24 00:00:00-04:00,6.123811230313286,6.17356616582147,6.070590795700604,6.131237030029297,437372000,0.0,0.0
2018-05-25 00:00:00-04:00,6.143863151765477,6.18693450104351,6.108218076277748,6.170597076416016,292112000,0.0,0.0
2018-05-29 00:00:00-04:00,6.152527170792134,6.221590245286395,6.106732994097086,6.153517246246338,352684000,0.0,0.0
2018-05-30 00:00:00-04:00,6.1871826013766285,6.271097279237739,6.162428826638228,6.2624335289001465,390996000,0.0,0.0
2018-05-31 00:00:00-04:00,6.230500279662674,6.317138240251438,6.2198563802642335,6.242629528045654,493868000,0.0,0.0
2018-06-01 00:00:00-04:00,6.287434100302282,6.383231090742736,6.278770350797195,6.377042293548584,421968000,0.0,0.0
2018-06-04 00:00:00-04:00,6.411201950716572,6.578041673065869,6.379022379852716,6.556011199951172,642024000,0.0,0.0
2018-06-05 00:00:00-04:00,6.55922913357155,6.599082851947313,6.514425038619631,6.56145715713501,391712000,0.0,0.0
2018-06-06 00:00:00-04:00,6.471354315577073,6.566656037878223,6.455016890957989,6.5634379386901855,371356000,0.0,0.0
2018-06-07 00:00:00-04:00,6.559725865257178,6.571607715958641,6.417392001966743,6.5077433586120605,369448000,0.0,0.0
2018-06-08 00:00:00-04:00,6.434967248687056,6.534971957839424,6.416154397475202,6.492395877838135,360456000,0.0,0.0
2018-06-11 00:00:00-04:00,6.479771112335918,6.521357115279061,6.438432510227722,6.4513044357299805,265372000,0.0,0.0
2018-06-12 00:00:00-04:00,6.477790709138214,6.511950436451786,6.427540485399622,6.499821186065674,319160000,0.0,0.0
2018-06-13 00:00:00-04:00,6.501305589901602,6.576309105156337,6.486205643251573,6.495364665985107,338208000,0.0,0.0
2018-06-14 00:00:00-04:00,6.540416050873598,6.663689148856311,6.5255635063348665,6.607003211975098,430016000,0.0,0.0
2018-06-15 00:00:00-04:00,6.549822778805801,6.621113395780901,6.518880682219291,6.566160202026367,432260000,0.0,0.0
2018-06-18 00:00:00-04:00,6.522099345535489,6.579527968643321,6.494870619237534,6.561953067779541,356268000,0.0,0.0
2018-06-19 00:00:00-04:00,6.4587300197903375,6.526060343603368,6.31268374061217,6.440165042877197,594932000,0.0,0.0
2018-06-20 00:00:00-04:00,6.481255987302386,6.546110411737297,6.442887614438491,6.493137836456299,369780000,0.0,0.0
2018-06-21 00:00:00-04:00,6.525070413486416,6.543387989980937,6.356745308413323,6.364418983459473,359516000,0.0,0.0
2018-06-22 00:00:00-04:00,6.3852104802199605,6.398577676227888,6.1965876921605,6.211934566497803,434160000,0.0,0.0
2018-06-25 00:00:00-04:00,6.105495564243447,6.109208465259689,5.830482156875028,5.919100284576416,665816000,0.0,0.0
2018-06-26 00:00:00-04:00,6.032471009321758,6.080740601662514,5.938654177524129,5.990141868591309,478884000,0.0,0.0
2018-06-27 00:00:00-04:00,6.033709498174416,6.1000492736807725,5.8294914493806145,5.834937572479248,453892000,0.0,0.0
2018-06-28 00:00:00-04:00,5.825035488132369,5.974052926434342,5.817361813848821,5.9621710777282715,338012000,0.0,0.0
2018-06-29 00:00:00-04:00,6.027274533076319,6.03989858663541,5.862909714562639,5.864147663116455,392300000,0.0,0.0
2018-07-02 00:00:00-04:00,5.794588606138498,6.000044115536288,5.774043007984825,5.996331214904785,357572000,0.0,0.0
2018-07-03 00:00:00-04:00,6.030987436168551,6.036928361667056,5.85424596490085,5.862662315368652,222732000,0.0,0.0
2018-07-05 00:00:00-04:00,5.917861309809548,6.013410421310956,5.878998139877416,6.00846004486084,306216000,0.0,0.0
2018-07-06 00:00:00-04:00,5.983953793416658,6.130743199231445,5.962665521773146,6.122326850891113,296352000,0.0,0.0
2018-07-09 00:00:00-04:00,6.196588559883071,6.206242384941266,6.0911377423904,6.169854164123535,303880000,0.0,0.0
2018-07-10 00:00:00-04:00,6.182230958788451,6.29089939744523,6.1418824386193105,6.268868923187256,360016000,0.0,0.0
2018-07-11 00:00:00-04:00,6.176043681651436,6.210698684434346,6.116634430967871,6.127278804779053,367508000,0.0,0.0
2018-07-12 00:00:00-04:00,6.172577374375072,6.26688854420968,6.162675676509351,6.218866348266602,345508000,0.0,0.0
2018-07-13 00:00:00-04:00,6.237431960918624,6.237431960918624,6.129505717590321,6.171586990356445,246988000,0.0,0.0
2018-07-16 00:00:00-04:00,6.143863677978516,6.196836730180683,6.131487026073601,6.143863677978516,197036000,0.0,0.0
2018-07-17 00:00:00-04:00,6.0946035146802195,6.294860786046719,6.069107066101221,6.279760837554932,362136000,0.0,0.0
2018-07-18 00:00:00-04:00,6.272334088239546,6.28619608626157,6.179507803937298,6.230500221252441,277640000,0.0,0.0
2018-07-19 00:00:00-04:00,6.211688070864388,6.272334791145986,6.196588595100667,6.238669395446777,235752000,0.0,0.0
2018-07-20 00:00:00-04:00,6.236194019068109,6.275057189826838,6.199558399724584,6.210450172424316,222352000,0.0,0.0
2018-07-23 00:00:00-04:00,6.183962916861651,6.185695666484993,6.022073583183212,6.173813819885254,301584000,0.0,0.0
2018-07-24 00:00:00-04:00,6.221837161178626,6.308475130545054,6.138912092510818,6.156487464904785,354620000,0.0,0.0
2018-07-25 00:00:00-04:00,6.165893121577728,6.247332830971745,6.107969233912311,6.234708309173584,319112000,0.0,0.0
2018-07-26 00:00:00-04:00,6.21465809835322,6.345109604051441,6.197825402320469,6.308226585388184,325124000,0.0,0.0
2018-07-27 00:00:00-04:00,6.3448642640258255,6.351795265316582,6.184460214467215,6.2384233474731445,295420000,0.0,0.0
2018-07-30 00:00:00-04:00,6.252532397491154,6.258473322404388,6.00821321783401,6.043116092681885,340340000,0.0,0.0
2018-07-31 00:00:00-04:00,6.032719637282077,6.135942441196427,5.99385646029376,6.06118631362915,283988000,0.0,0.0
2018-08-01 00:00:00-04:00,6.092623532290582,6.147824133462338,6.037175058153491,6.101039409637451,283556000,0.0,0.0
2018-08-02 00:00:00-04:00,6.029748214124685,6.207727124218167,5.97083471757074,6.203766822814941,269668000,0.0,0.0
2018-08-03 00:00:00-04:00,6.228272495992537,6.26416544095455,6.211440271362289,6.240401744842529,214288000,0.0,0.0
2018-08-06 00:00:00-04:00,6.22777769311657,6.291642036230769,6.1812408483559205,6.288176536560059,207508000,0.0,0.0
2018-08-07 00:00:00-04:00,6.336941596463925,6.379022867511441,6.310207673604659,6.360457420349121,258132000,0.0,0.0
2018-08-08 00:00:00-04:00,6.361694591987965,6.441896350774601,6.326791725553819,6.396844387054443,262100000,0.0,0.0
2018-08-09 00:00:00-04:00,6.414668846070261,6.417391671686915,6.340655392052926,6.348329067230225,204280000,0.0,0.0
2018-08-10 00:00:00-04:00,6.266394220993968,6.339417595842179,6.255255046114106,6.306990146636963,256396000,0.0,0.0
2018-08-13 00:00:00-04:00,6.315652963831781,6.460709616664197,6.3139202140428745,6.339911460876465,375208000,0.0,0.0
2018-08-14 00:00:00-04:00,6.445363233835185,6.48546435790696,6.362190759382864,6.4713544845581055,466220000,0.0,0.0
2018-08-15 00:00:00-04:00,6.492147034403031,6.526059830539484,6.334466318825714,6.413183212280273,591136000,0.0,0.0
2018-08-16 00:00:00-04:00,6.48298790639323,6.485463330661275,6.312434809794511,6.372586250305176,801260000,0.0,0.0
2018-08-17 00:00:00-04:00,6.261195869069054,6.261938543667501,6.033214125043516,6.0601959228515625,1143188000,0.0,0.0
2018-08-20 00:00:00-04:00,6.019600019258192,6.267631617628296,5.909198347296482,6.134952068328857,854388000,0.0,0.0
2018-08-21 00:00:00-04:00,6.151289405068708,6.27505780166108,6.131486480499486,6.270602226257324,673988000,0.0,0.0
2018-08-22 00:00:00-04:00,6.237926200825502,6.510711517951717,6.234460701482852,6.505760669708252,749856000,0.0,0.0
2018-08-23 00:00:00-04:00,6.467146145419659,6.670621514774874,6.453284145386549,6.605271816253662,720684000,0.0,0.0
2018-08-24 00:00:00-04:00,6.613687770666964,6.753050909411109,6.609232195513568,6.738446235656738,531512000,0.0,0.0
2018-08-27 00:00:00-04:00,6.76815085520618,6.903801102774299,6.736713954005123,6.829540252685547,505776000,0.0,0.0
2018-08-28 00:00:00-04:00,6.823598278656748,6.846371898388819,6.671858030453773,6.7919135093688965,475384000,0.0,0.0
2018-08-29 00:00:00-04:00,6.7842364225521194,6.922437639205942,6.763432050074536,6.897422790527344,420108000,0.00375,0.0
2018-08-30 00:00:00-04:00,6.866215775755909,6.977420910159049,6.8436777055182185,6.880580902099609,346608000,0.0,0.0
2018-08-31 00:00:00-04:00,6.86051964652384,6.964541982104828,6.8506125324698415,6.951663017272949,306592000,0.0,0.0
2018-09-04 00:00:00-04:00,6.938537126858207,7.064106935468291,6.910054878103335,7.026461124420166,391720000,0.0,0.0
2018-09-05 00:00:00-04:00,7.008873931008055,7.044290960582269,6.814698872383697,6.895687580108643,393156000,0.0,0.0
2018-09-06 00:00:00-04:00,6.879341871254845,6.881818649609334,6.721574916490937,6.754515171051025,322796000,0.0,0.0
2018-09-07 00:00:00-04:00,6.66238174160701,6.858786077065272,6.617553136187918,6.733216285705566,295420000,0.0,0.0
2018-09-10 00:00:00-04:00,6.755754386763955,6.834018794495546,6.711916398092858,6.804297924041748,220140000,0.0,0.0
2018-09-11 00:00:00-04:00,6.757982595381877,6.845658565440409,6.737178223991141,6.756496906280518,243112000,0.0,0.0
2018-09-12 00:00:00-04:00,6.716622043892023,6.736188264207356,6.487029910654714,6.642568111419678,419092000,0.0,0.0
2018-09-13 00:00:00-04:00,6.70844951864075,6.810985702899143,6.691112539707839,6.720337867736816,305536000,0.0,0.0
2018-09-14 00:00:00-04:00,6.810737122016542,6.912530209792336,6.773833927206966,6.846401691436768,386936000,0.0,0.0
2018-09-17 00:00:00-04:00,6.820891554180493,6.869930630817947,6.765165223365851,6.784483432769775,205528000,0.0,0.0
2018-09-18 00:00:00-04:00,6.788447522834709,6.891231241623151,6.705725097580059,6.712411880493164,299520000,0.0,0.0
2018-09-19 00:00:00-04:00,6.693836109284113,6.754020456533981,6.643806412106326,6.736187934875488,224860000,0.0,0.0
2018-09-20 00:00:00-04:00,6.614085724206859,6.65643755096063,6.541022410264526,6.595015048980713,430584000,0.0,0.0
2018-09-21 00:00:00-04:00,6.606903132517118,6.652474816805509,6.491735532568908,6.524923324584961,435128000,0.0,0.0
2018-09-24 00:00:00-04:00,6.493964964436302,6.5841177253000955,6.406784526979716,6.580650329589844,293912000,0.0,0.0
2018-09-25 00:00:00-04:00,6.64677788060918,6.672783344617386,6.561083145042525,6.647768497467041,280388000,0.0,0.0
2018-09-26 00:00:00-04:00,6.6527223457164295,6.69309293692581,6.595014777741767,6.610865592956543,268548000,0.0,0.0
2018-09-27 00:00:00-04:00,6.646036683645038,6.667336605516448,6.591301425655845,6.622755527496338,214428000,0.0,0.0
2018-09-28 00:00:00-04:00,6.754764063675634,6.982374497197594,6.7267768897641975,6.960083961486816,709396000,0.0,0.0
2018-10-01 00:00:00-04:00,7.037852545923775,7.233513316592928,6.999215652993143,7.166642189025879,622060000,0.0,0.0
2018-10-02 00:00:00-04:00,7.1391515409273625,7.250851286563945,7.073023012666199,7.095313549041748,383964000,0.0,0.0
2018-10-03 00:00:00-04:00,7.165650658107738,7.17308099288932,6.9974815240731525,7.101503849029541,320552000,0.0,0.0
2018-10-04 00:00:00-04:00,7.065344668739879,7.089616437538756,6.840210549809722,6.917236804962158,391220000,0.0,0.0
2018-10-05 00:00:00-04:00,6.892469238547144,6.954634819894774,6.626221455154507,6.683681488037109,426636000,0.0,0.0
2018-10-08 00:00:00-04:00,6.600463212831702,6.715878345387611,6.441457631121017,6.582383155822754,408612000,0.0,0.0
2018-10-09 00:00:00-04:00,6.561826664914113,6.656437430930196,6.508825116492886,6.576687335968018,273500000,0.0,0.0
2018-10-10 00:00:00-04:00,6.47068362292545,6.516503319072675,6.082828969789823,6.085058212280273,684940000,0.0,0.0
2018-10-11 00:00:00-04:00,5.997878218942609,6.131373915034504,5.801969864771346,5.823517322540283,725436000,0.0,0.0
2018-10-12 00:00:00-04:00,6.080599698858484,6.18041155487176,5.935463695117018,6.106109619140625,608236000,0.0,0.0
2018-10-15 00:00:00-04:00,6.09273553773784,6.09273553773784,5.828717005642487,5.829707622528076,449760000,0.0,0.0
2018-10-16 00:00:00-04:00,5.942399135483466,6.099671040053119,5.8931125147950025,6.088525772094727,408712000,0.0,0.0
2018-10-17 00:00:00-04:00,6.150690751475859,6.1888325728382965,5.970880792586964,6.0199198722839355,329668000,0.0,0.0
2018-10-18 00:00:00-04:00,6.089268115778525,6.127657000012227,5.872059421159257,5.932491302490234,524020000,0.0,0.0
2018-10-19 00:00:00-04:00,5.9877222855493,6.007288030940109,5.639495194692938,5.675902843475342,613608000,0.0,0.0
2018-10-22 00:00:00-04:00,5.728161671830268,5.82822105628428,5.6238918116069945,5.726675510406494,368844000,0.0,0.0
2018-10-23 00:00:00-04:00,5.459437637880404,5.5525627131488395,5.367303651916718,5.475041389465332,626436000,0.0,0.0
2018-10-24 00:00:00-04:00,5.436650932616957,5.4832132246384795,4.924960320138209,4.9388298988342285,884288000,0.0,0.0
2018-10-25 00:00:00-04:00,4.841248848377289,5.194924635184144,4.796915311699883,5.147619247436523,951720000,0.0,0.0
2018-10-26 00:00:00-04:00,4.911587353651875,5.073317273653669,4.783045701934126,4.911092281341553,664784000,0.0,0.0
2018-10-29 00:00:00-04:00,5.0522668490915255,5.05573424587271,4.359279730926177,4.597292900085449,758016000,0.0,0.0
2018-10-30 00:00:00-04:00,4.620324855073283,5.037652361196186,4.597291239462398,5.027745246887207,807192000,0.0,0.0
2018-10-31 00:00:00-04:00,5.192448158936238,5.26526394696704,5.052760757758614,5.221673488616943,745772000,0.0,0.0
2018-11-01 00:00:00-04:00,5.258080628831698,5.411390062676877,5.1315202155299104,5.401978492736816,566528000,0.0,0.0
2018-11-02 00:00:00-04:00,5.392567269841299,5.498323316101808,5.20631756541822,5.322971343994141,452960000,0.0,0.0
2018-11-05 00:00:00-05:00,5.309842560960305,5.333124179433124,5.084213425648667,5.24495267868042,379332000,0.0,0.0
2018-11-06 00:00:00-05:00,5.237029847150854,5.321238450063646,5.190219523511907,5.227370738983154,299012000,0.0,0.0
2018-11-07 00:00:00-05:00,5.293991816596369,5.384639624086388,5.230340086289681,5.294982433319092,483812000,0.0,0.0
2018-11-08 00:00:00-05:00,5.235788777600091,5.23653185825037,5.048300979147246,5.1017985343933105,511352000,0.0,0.0
2018-11-09 00:00:00-05:00,5.012885720975398,5.184274758919661,4.979202378116688,5.093874454498291,413240000,0.0,0.0
2018-11-12 00:00:00-05:00,5.0024819154930995,5.024524909985202,4.672582440769583,4.694377899169922,617116000,0.0,0.0
2018-11-13 00:00:00-05:00,4.7922087795974075,5.057712983290463,4.7860165977763,4.93635368347168,644712000,0.0,0.0
2018-11-14 00:00:00-05:00,5.109477395863765,5.123842523624307,4.775863376941356,4.883848190307617,526580000,0.0,0.0
2018-11-15 00:00:00-05:00,4.8779037866819195,5.0847103143793335,4.841991205166018,5.012637615203857,840708000,0.0,0.0
2018-11-16 00:00:00-05:00,4.044983321961359,4.226774566194518,4.0026310124548035,4.072474956512451,1963520000,0.0,0.0
2018-11-19 00:00:00-05:00,4.0070878983608065,4.007830506654468,3.5820823540036764,3.5838160514831543,1697820000,0.0,0.0
2018-11-20 00:00:00-05:00,3.3202936052318517,3.82059133515084,3.301718237146986,3.6922972202301025,1692032000,0.0,0.0
2018-11-21 00:00:00-05:00,3.8295066684107675,3.8463483345404823,3.55681967912889,3.5840635299682617,1025496000,0.0,0.0
2018-11-23 00:00:00-05:00,3.5493896165314163,3.7049275527468377,3.5365106535621416,3.5912461280822754,411968000,0.0,0.0
2018-11-26 00:00:00-05:00,3.7123578407261775,3.801024419028201,3.6298829715363023,3.7906222343444824,814832000,0.0,0.0
2018-11-27 00:00:00-05:00,3.7646167562745307,3.8887006076438215,3.7287044161695295,3.807464122772217,738060000,0.0,0.0
2018-11-28 00:00:00-05:00,3.9251090042482466,3.969690076791153,3.7926044121886315,3.964488983154297,804524000,0.0,0.0
2018-11-29 00:00:00-05:00,3.9667203057963714,4.003908214089231,3.8710232578611787,3.9012694358825684,549172000,0.004,0.0
2018-11-30 00:00:00-05:00,3.910938095276004,4.062417237761142,3.8606103158096103,4.051756858825684,729564000,0.0,0.0
2018-12-03 00:00:00-05:00,4.279098647735979,4.33066604579233,4.148692504186223,4.215631008148193,890804000,0.0,0.0
2018-12-04 00:00:00-05:00,4.171005207633181,4.175963720260267,3.879947231174252,3.8950705528259277,812112000,0.0,0.0
2018-12-06 00:00:00-05:00,3.7545001764536754,3.9292837427914833,3.738881285864784,3.924325466156006,692308000,0.0,0.0
2018-12-07 00:00:00-05:00,3.9285400477175796,3.9387048579851647,3.610210922187739,3.6595468521118164,681676000,0.0,0.0
2018-12-10 00:00:00-05:00,3.6146740334003873,3.7897056566362464,3.610955147818455,3.764913558959961,629472000,0.0,0.0
2018-12-11 00:00:00-05:00,3.856643263096135,3.864824620788069,3.5948398169542557,3.67392635345459,671912000,0.0,0.0
2018-12-12 00:00:00-05:00,3.6796287918581343,3.787721884108416,3.5903776733372,3.6915290355682373,654136000,0.0,0.0
2018-12-13 00:00:00-05:00,3.73838553247586,3.802596764423647,3.6553323289012547,3.6912806034088135,471384000,0.0,0.0
2018-12-14 00:00:00-05:00,3.6496300618183235,3.7334270912649434,3.607235861276153,3.6307883262634277,471820000,0.0,0.0
2018-12-17 00:00:00-05:00,3.6007899714280147,3.672934542775032,3.501621833703234,3.5596351623535156,662868000,0.0,0.0
2018-12-18 00:00:00-05:00,3.603517326389618,3.7269815279542295,3.576246210263398,3.6429367065429688,564372000,0.0,0.0
2018-12-19 00:00:00-05:00,3.6092193217512043,3.662770180692982,3.382372527549566,3.4339399337768555,745364000,0.0,0.0
2018-12-20 00:00:00-05:00,3.4255105657409715,3.515505500449428,3.2896503292870305,3.3493990898132324,749588000,0.0,0.0
2018-12-21 00:00:00-05:00,3.375927008273382,3.4089004654581396,3.184780684871632,3.2122998237609863,863740000,0.0,0.0
2018-12-24 00:00:00-05:00,3.1359402472168654,3.22246432500799,3.08660407634126,3.1505675315856934,463840000,0.0,0.0
2018-12-26 00:00:00-05:00,3.1966803710681195,3.300806786003362,3.085612226661851,3.2998151779174805,695100000,0.0,0.0
2018-12-27 00:00:00-05:00,3.2475040035457465,3.2819648676628312,3.103462405351536,3.2519664764404297,637044000,0.0,0.0
2018-12-28 00:00:00-05:00,3.27254378641105,3.4061727863495057,3.2306453898738328,3.313450574874878,628728000,0.0,0.0
2018-12-31 00:00:00-05:00,3.356837137977789,3.389314553524895,3.2789902177654224,3.309732437133789,465140000,0.0,0.0
2019-01-02 00:00:00-05:00,3.2388272324145833,3.4331963935560545,3.224199947185259,3.377166509628296,508752000,0.0,0.0
2019-01-03 00:00:00-05:00,3.3169217137144797,3.350886775601996,3.1656905940167737,3.173128128051758,705552000,0.0,0.0
2019-01-04 00:00:00-05:00,3.2462642704199265,3.414601916728265,3.2155222923306335,3.37642240524292,585620000,0.0,0.0
2019-01-07 00:00:00-05:00,3.433692174155903,3.592113042695753,3.3823725513844485,3.555172920227051,709160000,0.0,0.0
2019-01-08 00:00:00-05:00,3.6367381035703574,3.6389695763201972,3.394024420567132,3.466665029525757,786016000,0.0,0.0
2019-01-09 00:00:00-05:00,3.517985162710805,3.582196644160853,3.467409595163993,3.534843921661377,617260000,0.0,0.0
2019-01-10 00:00:00-05:00,3.5155049451900404,3.6092185135931345,3.455012369945158,3.600541353225708,523156000,0.0,0.0
2019-01-11 00:00:00-05:00,3.5782284686908086,3.7126012698815622,3.5504615559134525,3.6897926330566406,874764000,0.0,0.0
2019-01-14 00:00:00-05:00,3.637482489131921,3.7549965720560086,3.6139300212068006,3.729708671569824,730168000,0.0,0.0
2019-01-15 00:00:00-05:00,3.7624342837438287,3.80185366684315,3.6972314312797843,3.7155776023864746,617012000,0.0,0.0
2019-01-16 00:00:00-05:00,3.742847854702118,3.775821067288721,3.6845867462873194,3.6900408267974854,470104000,0.0,0.0
2019-01-17 00:00:00-05:00,3.6570679827890755,3.8013573664582143,3.6297966317500565,3.761442184448242,493436000,0.0,0.0
2019-01-18 00:00:00-05:00,3.8112744577460855,3.916640512270986,3.7597070488082562,3.890608787536621,651336000,0.0,0.0
2019-01-22 00:00:00-05:00,3.8603631463133268,3.8720153717099572,3.658060388081846,3.6883065700531006,661552000,0.0,0.0
2019-01-23 00:00:00-05:00,3.74359206301233,3.832347373085581,3.669959840656427,3.701197624206543,591020000,0.0,0.0
2019-01-24 00:00:00-05:00,3.7857380576415314,3.9307710132003244,3.7810275649683733,3.9131689071655273,708972000,0.0,0.0
2019-01-25 00:00:00-05:00,3.8536680039050473,3.9885363887558065,3.751029244124948,3.970438241958618,1154572000,0.0,0.0
2019-01-28 00:00:00-05:00,3.38534753923327,3.511538775931837,3.2477520997881224,3.421543836593628,2511528000,0.0,0.0
2019-01-29 00:00:00-05:00,3.375431197902596,3.423775765190028,3.248000315870383,3.262627601623535,1153932000,0.0,0.0
2019-01-30 00:00:00-05:00,3.3387389063259434,3.4205524938909404,3.259156555433637,3.4061732292175293,974228000,0.0,0.0
2019-01-31 00:00:00-05:00,3.402949580069,3.5995501776869787,3.3811325482138828,3.563849687576294,842852000,0.0,0.0
2019-02-01 00:00:00-05:00,3.5824438700656303,3.6392175714536084,3.5348433711332614,3.5881459712982178,625048000,0.0,0.0
2019-02-04 00:00:00-05:00,3.6040129444490905,3.7356584977000353,3.5819481270012767,3.6984705924987793,528592000,0.0,0.0
2019-02-05 00:00:00-05:00,3.710370779418393,3.754252632633249,3.676653737426789,3.7175605297088623,542424000,0.0,0.0
2019-02-06 00:00:00-05:00,3.7507817335825715,3.857635433064282,3.7453276522844168,3.7931761741638184,702464000,0.0,0.0
2019-02-07 00:00:00-05:00,3.746814560403445,3.7490457966738466,3.6119461753718007,3.6548361778259277,637120000,0.0,0.0
2019-02-08 00:00:00-05:00,3.5876501960683105,3.6840910594863083,3.5732709327499834,3.6734306812286377,461604000,0.0,0.0
2019-02-11 00:00:00-05:00,3.6293006777195345,3.6835951208731545,3.582443767980608,3.6307883262634277,495180000,0.0,0.0
2019-02-12 00:00:00-05:00,3.669215815585946,3.7634254380090555,3.6548363165244897,3.7478063106536865,591060000,0.0,0.0
2019-02-13 00:00:00-05:00,3.777309097494787,3.8633373669012747,3.763673421971473,3.79020094871521,605372000,0.0,0.0
2019-02-14 00:00:00-05:00,3.789209691136838,3.8593710550368208,3.7460714241024835,3.8311080932617188,827264000,0.0,0.0
2019-02-15 00:00:00-05:00,4.039856373086544,4.062664778284348,3.8779646451867205,3.900773286819458,1516748000,0.0,0.0
2019-02-19 00:00:00-05:00,3.890112505588487,3.963992744813369,3.8710227498471914,3.883418560028076,551892000,0.0,0.0
2019-02-20 00:00:00-05:00,3.9126739147965788,3.9979583733254183,3.9015177306717046,3.930772066116333,540988000,0.0,0.0
2019-02-21 00:00:00-05:00,3.9434155827157973,3.9679594207848594,3.847222500961773,3.861849784851074,448548000,0.0,0.0
2019-02-22 00:00:00-05:00,3.913665366339842,3.965480557983859,3.9000296900398594,3.946638584136963,401740000,0.0,0.0
2019-02-25 00:00:00-05:00,4.030187056834436,4.097621128048248,3.9255646127854056,3.934242010116577,656020000,0.0,0.0
2019-02-26 00:00:00-05:00,3.9295321987965566,3.9855620786700827,3.861354055127313,3.8948233127593994,488464000,0.0,0.0
2019-02-27 00:00:00-05:00,3.8804434787425386,3.906970766121945,3.7959026308427073,3.852924346923828,500256000,0.0,0.0
2019-02-28 00:00:00-05:00,3.846721107689097,3.8690569455378117,3.806020426433088,3.8283560276031494,324944000,0.004,0.0
2019-03-01 00:00:00-05:00,3.878238856325306,3.924895786418245,3.8199176937091317,3.8827061653137207,357188000,0.0,0.0
2019-03-04 00:00:00-05:00,3.9211731920185997,3.9440053413367644,3.8343116669269635,3.8908958435058594,409992000,0.0,0.0
2019-03-05 00:00:00-05:00,3.8752606261527087,3.9226621459293805,3.8209102222217957,3.8844432830810547,362924000,0.0,0.0
2019-03-06 00:00:00-05:00,3.875508499293919,3.883946327742124,3.770778459449249,3.773508310317993,403524000,0.0,0.0
2019-03-07 00:00:00-05:00,3.7499317985772644,3.7596107701403376,3.6581068900495652,3.7042675018310547,450104000,0.0,0.0
2019-03-08 00:00:00-05:00,3.614924877014932,3.7491879337455924,3.5935816709617354,3.738516330718994,422416000,0.0,0.0
2019-03-11 00:00:00-04:00,3.7620919446347734,4.02193140085313,3.7149384740926967,3.9990994930267334,859728000,0.0,0.0
2019-03-12 00:00:00-04:00,4.0268957547605755,4.079756975177056,3.9507058339743053,4.033348560333252,579576000,0.0,0.0
2019-03-13 00:00:00-04:00,4.070821439204084,4.214018575176355,4.063376006094517,4.184733867645264,768900000,0.0,0.0
2019-03-14 00:00:00-04:00,4.193918038767685,4.205830546710866,4.101100260514064,4.10879373550415,519384000,0.0,0.0
2019-03-15 00:00:00-04:00,4.151978171645087,4.256956546328451,4.148503727976417,4.21427059173584,661484000,0.0,0.0
2019-03-18 00:00:00-04:00,4.245786192369545,4.299640511747437,4.165873560400984,4.192924976348877,486992000,0.0,0.0
2019-03-19 00:00:00-04:00,4.287480692800604,4.405116137846245,4.270605031361073,4.360692501068115,854972000,0.0,0.0
2019-03-20 00:00:00-04:00,4.389727145118287,4.443084902958336,4.293434952548478,4.328179836273193,719148000,0.0,0.0
2019-03-21 00:00:00-04:00,4.351261780523668,4.591247282048804,4.346298156342739,4.564940452575684,824312000,0.0,0.0
2019-03-22 00:00:00-04:00,4.537641434281475,4.586283625511089,4.391217835477888,4.405115604400635,747644000,0.0,0.0
2019-03-25 00:00:00-04:00,4.364414279076793,4.428691450790533,4.246530826598151,4.312793731689453,525212000,0.0,0.0
2019-03-26 00:00:00-04:00,4.454500910995126,4.51058851986409,4.333143038964824,4.389479160308838,703508000,0.0,0.0
2019-03-27 00:00:00-04:00,4.4150420735227955,4.461450483689387,4.310808351640181,4.3802971839904785,474372000,0.0,0.0
2019-03-28 00:00:00-04:00,4.406356439276526,4.464677841788595,4.345801737164983,4.398911476135254,480264000,0.0,0.0
2019-03-29 00:00:00-04:00,4.465670874893994,4.480561749234591,4.415291456111182,4.456240177154541,456896000,0.0,0.0
2019-04-01 00:00:00-04:00,4.548064724877347,4.554020979133716,4.4763421079600105,4.523743629455566,483824000,0.0,0.0
2019-04-02 00:00:00-04:00,4.5478159604328825,4.586034818572296,4.504881518137105,4.541611194610596,440920000,0.0,0.0
2019-04-03 00:00:00-04:00,4.591246187729545,4.740151564165175,4.5862825647316905,4.681085586547852,783504000,0.0,0.0
2019-04-04 00:00:00-04:00,4.665698760815017,4.714589454567535,4.609363105728911,4.672151565551758,457376000,0.0,0.0
2019-04-05 00:00:00-04:00,4.715334649049337,4.756283835055177,4.67885300844419,4.738911151885986,481744000,0.0,0.0
2019-04-08 00:00:00-04:00,4.708386430130973,4.78482463745691,4.684313372175127,4.759758949279785,424192000,0.0,0.0
2019-04-09 00:00:00-04:00,4.726254704563654,4.737422621771342,4.654780129105895,4.696969985961914,439972000,0.0,0.0
2019-04-10 00:00:00-04:00,4.69622710482254,4.793263479570044,4.691760030984552,4.767453193664551,444772000,0.0,0.0
2019-04-11 00:00:00-04:00,4.769932969819874,4.8014514592230695,4.704166613377398,4.75355339050293,374600000,0.0,0.0
2019-04-12 00:00:00-04:00,4.792268601306097,4.796239594720298,4.706896266436853,4.715582370758057,471708000,0.0,0.0
2019-04-15 00:00:00-04:00,4.7078890183114295,4.712852641868364,4.544093227790168,4.58380126953125,440092000,0.0,0.0
2019-04-16 00:00:00-04:00,4.623015128387962,4.689774141178598,4.590255956852302,4.670912742614746,394964000,0.0,0.0
2019-04-17 00:00:00-04:00,4.705903277414137,4.726749926194656,4.625742611252989,4.648078441619873,351004000,0.0,0.0
2019-04-18 00:00:00-04:00,4.654779857414121,4.688779685433278,4.595713871920384,4.623509407043457,380988000,0.0,0.0
2019-04-22 00:00:00-04:00,4.599933514100925,4.692999339943308,4.568415493736092,4.677364349365234,279936000,0.0,0.0
2019-04-23 00:00:00-04:00,4.69051741283285,4.763233134563713,4.680838677001328,4.73196268081665,346856000,0.0,0.0
2019-04-24 00:00:00-04:00,4.742386157266434,4.78507256932482,4.681583415700867,4.7443718910217285,318204000,0.0,0.0
2019-04-25 00:00:00-04:00,4.704166830267816,4.726502664307757,4.5589843823654235,4.638648509979248,499296000,0.0,0.0
2019-04-26 00:00:00-04:00,4.484780097311116,4.489247643416205,4.300882210132827,4.419758319854736,868988000,0.0,0.0
2019-04-29 00:00:00-04:00,4.427698148824204,4.478326058517963,4.3554790012746984,4.450530529022217,391920000,0.0,0.0
2019-04-30 00:00:00-04:00,4.4182679242945175,4.517538021147229,4.39915849573698,4.491976261138916,362920000,0.0,0.0
2019-05-01 00:00:00-04:00,4.544340530052149,4.58653037233554,4.478573718831026,4.478822231292725,354280000,0.0,0.0
2019-05-02 00:00:00-04:00,4.488502741728818,4.588020898179105,4.4453202525601405,4.546327590942383,394684000,0.0,0.0
2019-05-03 00:00:00-04:00,4.554765719530355,4.564692494711842,4.48031277556151,4.541860580444336,336824000,0.0,0.0
2019-05-06 00:00:00-04:00,4.355479452879481,4.475596672124259,4.3182532258225175,4.463436126708984,422176000,0.0,0.0
2019-05-07 00:00:00-04:00,4.41504300097071,4.41504300097071,4.248020782373717,4.296166896820068,555220000,0.0,0.0
2019-05-08 00:00:00-04:00,4.268619358657053,4.396429606729053,4.256706849757391,4.3162689208984375,419168000,0.0,0.0
2019-05-09 00:00:00-04:00,4.247275112005189,4.25695384560498,4.104822538607881,4.223698139190674,660248000,0.0,0.0
2019-05-10 00:00:00-04:00,4.192924144339976,4.258442444913997,4.070077094085146,4.189697742462158,569500000,0.0,0.0
2019-05-13 00:00:00-04:00,4.057670500228908,4.08075092955157,3.9164585460145727,3.9323418140411377,656912000,0.0,0.0
2019-05-14 00:00:00-04:00,3.972049431634826,4.056677668277631,3.933334248800551,4.02143669128418,524880000,0.0,0.0
2019-05-15 00:00:00-04:00,3.965844309174504,3.996866246148692,3.906530522834444,3.9603846073150635,502320000,0.0,0.0
2019-05-16 00:00:00-04:00,3.9549250946993952,4.018209881343574,3.9124871977409756,3.9755234718322754,781088000,0.0,0.0
2019-05-17 00:00:00-04:00,3.9335821803930817,4.062881606672626,3.8452317064220436,3.8846914768218994,1022068000,0.0,0.0
2019-05-20 00:00:00-04:00,3.785917473844507,3.8410124679471944,3.741245805830737,3.7660634517669678,572064000,0.0,0.0
2019-05-21 00:00:00-04:00,3.82686617683523,3.864092406656991,3.788150765280584,3.8482091426849365,361848000,0.0,0.0
2019-05-22 00:00:00-04:00,3.8094938197201165,3.835552132246649,3.7663111013240815,3.777230978012085,325868000,0.0,0.0
2019-05-23 00:00:00-04:00,3.7149389637297254,3.7149389637297254,3.5963111543301847,3.6561214923858643,591844000,0.0,0.0
2019-05-24 00:00:00-04:00,3.674982987427909,3.7102239603420277,3.5955668971144394,3.6022677421569824,357584000,0.0,0.0
2019-05-28 00:00:00-04:00,3.6198885335515585,3.6526476972333413,3.555114560505387,3.5571000576019287,428356000,0.0,0.0
2019-05-29 00:00:00-04:00,3.5094495250992,3.5444422177887507,3.448150243932549,3.4828948974609375,559800000,0.0,0.0
2019-05-30 00:00:00-04:00,3.486125298427434,3.5219033772699504,3.4180475486195356,3.456310272216797,394300000,0.004,0.0
2019-05-31 00:00:00-04:00,3.4073636505096556,3.4746959572244664,3.3638833165670223,3.3656225204467773,389720000,0.0,0.0
2019-06-03 00:00:00-04:00,3.376802941079021,3.4155625421325624,3.294563246166129,3.3238813877105713,478644000,0.0,0.0
2019-06-04 00:00:00-04:00,3.3879838757820697,3.558178245912716,3.365871106712142,3.5529606342315674,641836000,0.0,0.0
2019-06-05 00:00:00-04:00,3.626752908700462,3.6322190796802003,3.4739508130575,3.510225772857666,511616000,0.0,0.0
2019-06-06 00:00:00-04:00,3.514449640599399,3.596937902553327,3.5119649958724777,3.572340488433838,408140000,0.0,0.0
2019-06-07 00:00:00-04:00,3.578303980574537,3.649363027683111,3.559172498165559,3.6150758266448975,348856000,0.0,0.0
2019-06-10 00:00:00-04:00,3.671226530412332,3.756447984830279,3.671226530412332,3.687873363494873,402780000,0.0,0.0
2019-06-11 00:00:00-04:00,3.7477528628874146,3.7855187108191255,3.70601196184559,3.745516777038574,383872000,0.0,0.0
2019-06-12 00:00:00-04:00,3.702036146671256,3.708247759044303,3.617311791662439,3.632467746734619,358892000,0.0,0.0
2019-06-13 00:00:00-04:00,3.6545799582012313,3.702035579496407,3.6369393608824816,3.683649778366089,308080000,0.0,0.0
2019-06-14 00:00:00-04:00,3.5904774749322863,3.614826326452902,3.5489849088805347,3.593707323074341,394428000,0.0,0.0
2019-06-17 00:00:00-04:00,3.5919686226170606,3.640418247125348,3.569110412356097,3.603397846221924,276040000,0.0,0.0
2019-06-18 00:00:00-04:00,3.664766754332175,3.853843793364638,3.653834650270297,3.7984375953674316,581920000,0.0,0.0
2019-06-19 00:00:00-04:00,3.8337185840806733,3.845147569041455,3.7783121520962957,3.8044004440307617,331644000,0.0,0.0
2019-06-20 00:00:00-04:00,3.895088198399658,3.909001829038441,3.8143391445083283,3.828749656677246,350168000,0.0,0.0
2019-06-21 00:00:00-04:00,3.813842343809536,3.8630371705668067,3.764150398562844,3.7706103324890137,434428000,0.0,0.0
2019-06-24 00:00:00-04:00,3.7919776095984568,3.822538073043303,3.744770312586503,3.79297137260437,282948000,0.0,0.0
2019-06-25 00:00:00-04:00,3.797940708918767,3.8729752666224133,3.7609203115760996,3.76365327835083,311868000,0.0,0.0
2019-06-26 00:00:00-04:00,3.8911137568862295,4.018076374970092,3.878193886493132,3.9569551944732666,584072000,0.0,0.0
2019-06-27 00:00:00-04:00,4.042672194049393,4.074723299938851,4.00664556249485,4.055592060089111,445440000,0.0,0.0
2019-06-28 00:00:00-04:00,4.0995698564825584,4.108762994332991,4.0337284316468605,4.080438613891602,397668000,0.0,0.0
2019-07-01 00:00:00-04:00,4.287653165839552,4.321940598852988,4.091122179552119,4.1286396980285645,709756000,0.0,0.0
2019-07-02 00:00:00-04:00,4.111992393143728,4.13311163470817,4.017578270454573,4.0307464599609375,400228000,0.0,0.0
2019-07-03 00:00:00-04:00,4.054100629410419,4.05981535792388,3.9837870533487365,4.043665409088135,246636000,0.0,0.0
2019-07-05 00:00:00-04:00,3.9852798243171486,3.9897519960191934,3.9176987085056103,3.981055974960327,396552000,0.0,0.0
2019-07-08 00:00:00-04:00,3.921425154839491,3.9403080763131437,3.875957292084664,3.9060206413269043,329788000,0.0,0.0
2019-07-09 00:00:00-04:00,3.863782072059623,3.936580543417663,3.8511107644435345,3.9085047245025635,342860000,0.0,0.0
2019-07-10 00:00:00-04:00,3.951985225982774,4.034224923336196,3.9380715955348835,3.9768311977386475,452076000,0.0,0.0
2019-07-11 00:00:00-04:00,4.049877254575544,4.1721190981811125,4.012608538519438,4.131371974945068,682560000,0.0,0.0
2019-07-12 00:00:00-04:00,4.15920013178468,4.235477257878733,4.15920013178468,4.164417743682861,506392000,0.0,0.0
2019-07-15 00:00:00-04:00,4.185536558037907,4.201686036695759,4.127645714579826,4.155969619750977,289840000,0.0,0.0
2019-07-16 00:00:00-04:00,4.141062983256248,4.178331710359048,4.095594880286139,4.151249885559082,341444000,0.0,0.0
2019-07-17 00:00:00-04:00,4.152988641164196,4.223551034878386,4.123670496867281,4.216594219207764,348204000,0.0,0.0
2019-07-18 00:00:00-04:00,4.227028922277097,4.291131137034786,4.170380166878811,4.228271007537842,442192000,0.0,0.0
2019-07-19 00:00:00-04:00,4.2665337653431346,4.27299346141532,4.179075991876641,4.185039043426514,344896000,0.0,0.0
2019-07-22 00:00:00-04:00,4.206407966203841,4.269516435468309,4.198954030880598,4.256596565246582,315940000,0.0,0.0
2019-07-23 00:00:00-04:00,4.295852225751289,4.3664141388866975,4.280198918077019,4.364426612854004,428176000,0.0,0.0
2019-07-24 00:00:00-04:00,4.407658223663736,4.444678619583127,4.331629905864741,4.438963890075684,366236000,0.0,0.0
2019-07-25 00:00:00-04:00,4.397471997240203,4.410143543446418,4.284423266209168,4.307778358459473,392700000,0.0,0.0
2019-07-26 00:00:00-04:00,4.33486124181273,4.396478829436491,4.33486124181273,4.34976863861084,274160000,0.0,0.0
2019-07-29 00:00:00-04:00,4.342563117771423,4.359706835836158,4.255354119627276,4.343556880950928,248160000,0.0,0.0
2019-07-30 00:00:00-04:00,4.2970948393221455,4.371383965273635,4.282684089069796,4.3592095375061035,197772000,0.0,0.0
2019-07-31 00:00:00-04:00,4.327655446346733,4.328649683469275,4.1497590338438535,4.191997051239014,359416000,0.0,0.0
2019-08-01 00:00:00-04:00,4.202430713222663,4.292869767629477,4.045404808528714,4.097581386566162,421212000,0.0,0.0
2019-08-02 00:00:00-04:00,4.004907131195068,4.074227441107557,3.957451742759622,4.004907131195068,428348000,0.0,0.0
2019-08-05 00:00:00-04:00,3.8212953023481497,3.822537624434113,3.6995505813082974,3.746509313583374,589156000,0.0,0.0
2019-08-06 00:00:00-04:00,3.8212961363345754,3.8667639972502372,3.7375655524461435,3.7852694988250732,361272000,0.0,0.0
2019-08-07 00:00:00-04:00,3.7243970107557343,3.835458209195409,3.7070049721874985,3.8235321044921875,372560000,0.0,0.0
2019-08-08 00:00:00-04:00,3.8811748458948316,3.933351201478096,3.8237808784481175,3.9321088790893555,309300000,0.0,0.0
2019-08-09 00:00:00-04:00,3.891113082948864,3.8945914907638715,3.780300440523427,3.830737590789795,341816000,0.0,0.0
2019-08-12 00:00:00-04:00,3.7785615335257896,3.8307378917995485,3.7410442484667956,3.762908697128296,279200000,0.0,0.0
2019-08-13 00:00:00-04:00,3.7614174793234634,3.923164151825202,3.7224095529757264,3.877199172973633,351956000,0.0,0.0
2019-08-14 00:00:00-04:00,3.7889967410672867,3.800177406144371,3.684892584249326,3.728621244430542,419880000,0.0,0.0
2019-08-15 00:00:00-04:00,3.7475038394057614,3.7673805229303308,3.6620340528603617,3.6963212490081787,477200000,0.0,0.0
2019-08-16 00:00:00-04:00,3.9591905479072564,4.013602746694141,3.89782106009125,3.9644081592559814,1007960000,0.0,0.0
2019-08-19 00:00:00-04:00,4.077704762637184,4.2590795183704895,4.061554812801438,4.243177890777588,815112000,0.0,0.0
2019-08-20 00:00:00-04:00,4.237714094294339,4.2382112129280385,4.149759638453124,4.170878887176514,463188000,0.0,0.0
2019-08-21 00:00:00-04:00,4.23696815729583,4.309518087668793,4.215352266366833,4.254360198974609,427244000,0.0,0.0
2019-08-22 00:00:00-04:00,4.2640498876687145,4.306536222939866,4.22131475619423,4.260571479797363,303488000,0.0,0.0
2019-08-23 00:00:00-04:00,4.184046095850396,4.238458537186339,4.016087804575927,4.035964488983154,568056000,0.0,0.0
2019-08-26 00:00:00-04:00,4.114726201585745,4.138826734402694,4.072488188579572,4.110750675201416,318208000,0.0,0.0
2019-08-27 00:00:00-04:00,4.149013291878587,4.151746259023311,3.9907452547205264,4.020063400268555,290968000,0.0,0.0
2019-08-28 00:00:00-04:00,3.993700431897789,4.062342701369023,3.9544048518582726,4.009617328643799,255612000,0.004,0.0
2019-08-29 00:00:00-04:00,4.101140712822491,4.185700354271746,4.097658861975754,4.153368949890137,357976000,0.0,0.0
2019-08-30 00:00:00-04:00,4.199627052594965,4.249368177225957,4.14789643477602,4.166051864624023,290616000,0.0,0.0
2019-09-03 00:00:00-04:00,4.093182385897935,4.126259969924031,4.060104801871839,4.0829854011535645,296140000,0.0,0.0
2019-09-04 00:00:00-04:00,4.143670553513325,4.2046034390476,4.143670553513325,4.197142124176025,227728000,0.0,0.0
2019-09-05 00:00:00-04:00,4.299358914148982,4.47643665878179,4.2976179885950545,4.470219135284424,695676000,0.0,0.0
2019-09-06 00:00:00-04:00,4.446840885593928,4.503794298218014,4.4050586682068325,4.443110466003418,376976000,0.0,0.0
2019-09-09 00:00:00-04:00,4.4741973809307884,4.575669131205191,4.472705023741487,4.489119529724121,417524000,0.0,0.0
2019-09-10 00:00:00-04:00,4.456290990717848,4.582384276165567,4.446591616691087,4.5557732582092285,352812000,0.0,0.0
2019-09-11 00:00:00-04:00,4.570447023636486,4.632623206126897,4.541348426023521,4.58437442779541,361512000,0.0,0.0
2019-09-12 00:00:00-04:00,4.630882136212665,4.68559700432619,4.574923478842804,4.582881927490234,327840000,0.0,0.0
2019-09-13 00:00:00-04:00,4.51622918760056,4.553286233268547,4.481161635519684,4.524933815002441,324592000,0.0,0.0
2019-09-16 00:00:00-04:00,4.449825006992703,4.516477786278243,4.439379454039742,4.481907844543457,231832000,0.0,0.0
2019-09-17 00:00:00-04:00,4.488623743817637,4.507525359346143,4.442115883815484,4.503297328948975,223048000,0.0,0.0
2019-09-18 00:00:00-04:00,4.49633310869276,4.512001438992079,4.389638562797423,4.476187705993652,258152000,0.0,0.0
2019-09-19 00:00:00-04:00,4.482156773287084,4.500561250856421,4.389887240411952,4.4005818367004395,245476000,0.0,0.0
2019-09-20 00:00:00-04:00,4.399588335634983,4.423215122424677,4.284686737004539,4.2948832511901855,350244000,0.0,0.0
2019-09-23 00:00:00-04:00,4.295131814618561,4.393867456343433,4.291400920218746,4.348354339599609,249712000,0.0,0.0
2019-09-24 00:00:00-04:00,4.379689800542464,4.409285530015651,4.255337453900069,4.290902137756348,317268000,0.0,0.0
2019-09-25 00:00:00-04:00,4.290406086558118,4.452313143606244,4.245639149597959,4.4326653480529785,308432000,0.0,0.0
2019-09-26 00:00:00-04:00,4.422965134946498,4.4316697627793165,4.359545161459809,4.410529613494873,234564000,0.0,0.0
2019-09-27 00:00:00-04:00,4.368746557430835,4.419482431562982,4.2110675912707505,4.271751880645752,362056000,0.0,0.0
2019-09-30 00:00:00-04:00,4.297617901367833,4.339400113814063,4.266280767666534,4.329203128814697,186184000,0.0,0.0
2019-10-01 00:00:00-04:00,4.352332764161488,4.501555696663208,4.322737030392912,4.327462196350098,366008000,0.0,0.0
2019-10-02 00:00:00-04:00,4.305576453517365,4.317514364321629,4.231213790658827,4.303586959838867,293372000,0.0,0.0
2019-10-03 00:00:00-04:00,4.3080632998556965,4.515482945969058,4.277721388425438,4.509265422821045,450588000,0.0,0.0
2019-10-04 00:00:00-04:00,4.511503143271314,4.555026750748866,4.446342727647082,4.525679588317871,265524000,0.0,0.0
2019-10-07 00:00:00-04:00,4.590591951171126,4.684104793019114,4.581887323571799,4.58437442779541,480984000,0.0,0.0
2019-10-08 00:00:00-04:00,4.492602216350679,4.492602216350679,4.389638564091479,4.407793998718262,444436000,0.0,0.0
2019-10-09 00:00:00-04:00,4.484644857306298,4.543836816098971,4.455795294008248,4.494344234466553,292412000,0.0,0.0
2019-10-10 00:00:00-04:00,4.492105309291985,4.603027416423513,4.486882532257541,4.5520429611206055,309124000,0.0,0.0
2019-10-11 00:00:00-04:00,4.636105018822595,4.708975321941879,4.617203406372779,4.625659465789795,446404000,0.0,0.0
2019-10-14 00:00:00-04:00,4.616953738324988,4.6599797339112445,4.585865651549163,4.6390886306762695,200040000,0.0,0.0
2019-10-15 00:00:00-04:00,4.729368645375923,4.956436057481802,4.7154407688692315,4.883813858032227,664124000,0.0,0.0
2019-10-16 00:00:00-04:00,4.849742607121037,4.954696231340249,4.8186545134856456,4.830094814300537,428944000,0.0,0.0
2019-10-17 00:00:00-04:00,4.874613049096965,4.9196285467818335,4.777617876928295,4.832084655761719,263436000,0.0,0.0
2019-10-18 00:00:00-04:00,4.832582173077812,4.865162625950303,4.663214290756473,4.737576961517334,307440000,0.0,0.0
2019-10-21 00:00:00-04:00,4.799005754453119,4.888291029812565,4.780104144199307,4.874860763549805,261868000,0.0,0.0
2019-10-22 00:00:00-04:00,4.931814329150137,5.0370165038770205,4.857203106670978,4.864912986755371,328720000,0.0,0.0
2019-10-23 00:00:00-04:00,4.782840332775047,4.866156179982779,4.751006066506949,4.851980209350586,279916000,0.0,0.0
2019-10-24 00:00:00-04:00,4.8932651923567185,4.929576058826617,4.859192861915762,4.89600133895874,232020000,0.0,0.0
2019-10-25 00:00:00-04:00,4.976582543129671,5.107898632346243,4.968872661045614,5.087007522583008,423092000,0.0,0.0
2019-10-28 00:00:00-04:00,5.130778839489692,5.1954421321158195,5.101431671081168,5.142965793609619,330792000,0.0,0.0
2019-10-29 00:00:00-04:00,5.129038290498065,5.135504857418931,5.027318414871446,5.046717166900635,211236000,0.0,0.0
2019-10-30 00:00:00-04:00,5.073576623671343,5.07929701107862,4.980560913880429,5.0487060546875,205960000,0.0,0.0
2019-10-31 00:00:00-04:00,5.027814545598688,5.048705651103125,4.919628124688844,4.999462127685547,209732000,0.0,0.0
2019-11-01 00:00:00-04:00,4.964146702446307,5.070841255294795,4.93902756383264,5.038509845733643,283640000,0.0,0.0
2019-11-04 00:00:00-05:00,5.119586992030212,5.24767025937287,5.096457822450334,5.23523473739624,376716000,0.0,0.0
2019-11-05 00:00:00-05:00,5.234986288413269,5.261100173608546,5.165100218724003,5.213100433349609,300868000,0.0,0.0
2019-11-06 00:00:00-05:00,5.188975642702698,5.214591915289873,5.07631214409579,5.163856506347656,269012000,0.0,0.0
2019-11-07 00:00:00-05:00,5.250404613392347,5.265078193583213,5.136746390338283,5.18151330947876,280340000,0.0,0.0
2019-11-08 00:00:00-05:00,5.164602563014109,5.1991725049956825,5.127047906243742,5.167586803436279,189100000,0.0,0.0
2019-11-11 00:00:00-05:00,5.16683951019615,5.200663266184377,5.08053895791327,5.177534103393555,243436000,0.0,0.0
2019-11-12 00:00:00-05:00,5.2158361059367335,5.269059097601395,5.180768549841169,5.213100433349609,283504000,0.0,0.0
2019-11-13 00:00:00-05:00,5.181763535584075,5.209369779596259,5.120831133986629,5.187235355377197,300188000,0.0,0.0
2019-11-14 00:00:00-05:00,5.196187787124285,5.219815039843929,5.136250141306643,5.217576503753662,518080000,0.0,0.0
2019-11-15 00:00:00-05:00,5.215337393215381,5.267068016404041,4.990010900645512,5.078301429748535,1053628000,0.0,0.0
2019-11-18 00:00:00-05:00,5.070840850936042,5.306115318852646,5.067856610412986,5.279504299163818,574588000,0.0,0.0
2019-11-19 00:00:00-05:00,5.248417018509723,5.272043801328032,5.114613823191554,5.1728105545043945,414564000,0.0,0.0
2019-11-20 00:00:00-05:00,5.1499287794842115,5.335959707478232,5.1372446908596405,5.252146244049072,472588000,0.0,0.0
2019-11-21 00:00:00-05:00,5.247668860700385,5.3033784663339745,5.205637614045377,5.2272748947143555,288388000,0.0,0.0
2019-11-22 00:00:00-05:00,5.249907338687189,5.296415186005282,5.221306355043956,5.244933605194092,224100000,0.0,0.0
2019-11-25 00:00:00-05:00,5.373016544041995,5.506571135659727,5.360083887817993,5.501596927642822,506476000,0.0,0.0
2019-11-26 00:00:00-05:00,5.483939303575425,5.48866494408061,5.390426458356778,5.39689302444458,385244000,0.0,0.0
2019-11-27 00:00:00-05:00,5.442439433136044,5.476785657980302,5.405355042614716,5.431736946105957,215784000,0.004,0.0
2019-11-29 00:00:00-05:00,5.400874794693056,5.429247658021355,5.37051002040027,5.394403457641602,141556000,0.0,0.0
2019-12-02 00:00:00-05:00,5.387434453929182,5.400874630648359,5.192803966022088,5.207985877990723,372036000,0.0,0.0
2019-12-03 00:00:00-05:00,5.024306296013905,5.172394608073015,4.986973159959638,5.168412685394287,465232000,0.0,0.0
2019-12-04 00:00:00-05:00,5.252040371928979,5.274440355387221,5.1835961890140085,5.212218284606934,273424000,0.0,0.0
2019-12-05 00:00:00-05:00,5.2341209881905915,5.249800882336821,5.16468084662147,5.195294380187988,184884000,0.0,0.0
2019-12-06 00:00:00-05:00,5.264484189049856,5.313515297936631,5.254528431528692,5.280661582946777,232236000,0.0,0.0
2019-12-09 00:00:00-05:00,5.257764100194735,5.335417299879885,5.24905304972204,5.280661582946777,211880000,0.0,0.0
2019-12-10 00:00:00-05:00,5.310777612672693,5.3774800547777275,5.258013327301314,5.325711250305176,256388000,0.0,0.0
2019-12-11 00:00:00-05:00,5.336163276439111,5.414811945838758,5.333674337409913,5.409336090087891,233796000,0.0,0.0
2019-12-12 00:00:00-05:00,5.380466709179545,5.595008279610874,5.371506906020866,5.576839447021484,404348000,0.0,0.0
2019-12-13 00:00:00-05:00,5.579825099652761,5.699042578532204,5.52083823896037,5.574847221374512,454704000,0.0,0.0
2019-12-16 00:00:00-05:00,5.622385566135441,5.6761453290181985,5.594260977611441,5.6037187576293945,320976000,0.0,0.0
2019-12-17 00:00:00-05:00,5.622386083945699,5.7045191944466085,5.612928303056703,5.681870460510254,321196000,0.0,0.0
2019-12-18 00:00:00-05:00,5.716713921182411,5.772713869839721,5.708251622324569,5.712234020233154,343548000,0.0,0.0
2019-12-19 00:00:00-05:00,5.746829124275014,5.873762175351524,5.741851245868105,5.860321998596191,445360000,0.0,0.0
2019-12-20 00:00:00-05:00,5.926775034446558,5.983023729631733,5.9076107253155365,5.957637310028076,603044000,0.0,0.0
2019-12-23 00:00:00-05:00,5.986259764132707,6.018366273885949,5.9332467340486685,5.943948745727539,355060000,0.0,0.0
2019-12-24 00:00:00-05:00,5.92851635416519,5.956142957254662,5.894169663899029,5.938969612121582,138864000,0.0,0.0
2019-12-26 00:00:00-05:00,5.942454939158113,5.981281535234037,5.923539381476258,5.953157424926758,182852000,0.0,0.0
2019-12-27 00:00:00-05:00,5.968340337367276,5.981780516027428,5.869033880243233,5.895416259765625,254644000,0.0,0.0
2019-12-30 00:00:00-05:00,5.8735128866265764,5.8787395160607945,5.75081099594718,5.78217077255249,258056000,0.0,0.0
2019-12-31 00:00:00-05:00,5.746829450735264,5.865798187948946,5.727665139968271,5.856340408325195,231004000,0.0,0.0
2020-01-02 00:00:00-05:00,5.94220660064208,5.9710774421691895,5.8916825092904785,5.9710774421691895,237536000,0.0,0.0
2020-01-03 00:00:00-05:00,5.851361355427058,5.919308009228002,5.826472441689784,5.8755035400390625,205384000,0.0,0.0
2020-01-06 00:00:00-05:00,5.78217132471316,5.905370730122537,5.756038175046519,5.900144100189209,262636000,0.0,0.0
2020-01-07 00:00:00-05:00,5.928517986580422,6.017371178391975,5.883469274492818,5.971575736999512,314856000,0.0,0.0
2020-01-08 00:00:00-05:00,5.967344072941984,6.024090748052185,5.927273243197032,5.9827752113342285,277108000,0.0,0.0
2020-01-09 00:00:00-05:00,6.069139710447324,6.120908509266958,5.99472218082326,6.0484819412231445,255112000,0.0,0.0
2020-01-10 00:00:00-05:00,6.155752274996009,6.18611657317149,6.06665034190896,6.080836772918701,316296000,0.0,0.0
2020-01-13 00:00:00-05:00,6.163965346925587,6.296622518260619,6.141316144751401,6.271484851837158,319840000,0.0,0.0
2020-01-14 00:00:00-05:00,6.228676412859519,6.254063307729737,6.141316688702072,6.154508113861084,359088000,0.0,0.0
2020-01-15 00:00:00-05:00,6.167200749117624,6.189600725851947,6.086063140007359,6.111947536468506,263104000,0.0,0.0
2020-01-16 00:00:00-05:00,6.165458262738691,6.2015471652717205,6.142062806376911,6.195573806762695,284192000,0.0,0.0
2020-01-17 00:00:00-05:00,6.214738881645233,6.222205699382475,6.156747973897517,6.204285621643066,253792000,0.0,0.0
2020-01-21 00:00:00-05:00,6.167699485326466,6.2045351231948365,6.1368372069696315,6.170935153961182,217916000,0.0,0.0
2020-01-22 00:00:00-05:00,6.216233063669337,6.31155712176519,6.197317502973292,6.224944114685059,239240000,0.0,0.0
2020-01-23 00:00:00-05:00,6.265015025340445,6.301850188800662,6.176161835918426,6.2933878898620605,244516000,0.0,0.0
2020-01-24 00:00:00-05:00,6.408872256910902,6.458650095394929,6.179895054374351,6.234152793884277,373512000,0.0,0.0
2020-01-27 00:00:00-05:00,5.929513917591707,6.0293183555907035,5.779932111084049,5.978296279907227,470536000,0.0,0.0
2020-01-28 00:00:00-05:00,6.044251311365819,6.204037622473159,5.99098904942448,6.171682357788086,310976000,0.0,0.0
2020-01-29 00:00:00-05:00,6.157245952413688,6.1933348594066695,6.071379209932689,6.111201763153076,258848000,0.0,0.0
2020-01-30 00:00:00-05:00,6.013388746744023,6.131362007202673,5.958384751904467,6.117921829223633,290504000,0.0,0.0
2020-01-31 00:00:00-05:00,6.072126899014725,6.0840736193976275,5.84265217096687,5.884465217590332,370420000,0.0,0.0
2020-02-03 00:00:00-05:00,5.866295112166753,6.000943726722339,5.860073001776893,5.981530666351318,255564000,0.0,0.0
2020-02-04 00:00:00-05:00,6.123397097246553,6.169939263210009,6.07337051135927,6.1507744789123535,271544000,0.0,0.0
2020-02-05 00:00:00-05:00,6.2717338638672375,6.281938371636145,6.15774301796561,6.2411208152771,208220000,0.0,0.0
2020-02-06 00:00:00-05:00,6.275467378988387,6.327982425689697,6.1943297709458776,6.327982425689697,218284000,0.0,0.0
2020-02-07 00:00:00-05:00,6.287911980673991,6.3100632069700815,6.236391936795416,6.261778831481934,189752000,0.0,0.0
2020-02-10 00:00:00-05:00,6.2844286271790315,6.5457611128780195,6.2794507479977755,6.54501485824585,529608000,0.0,0.0
2020-02-11 00:00:00-05:00,6.653280684758316,6.782204708941897,6.591307374736193,6.66746711730957,638556000,0.0,0.0
2020-02-12 00:00:00-05:00,6.720231472438191,6.789671601503967,6.681404871426681,6.783200263977051,374644000,0.0,0.0
2020-02-13 00:00:00-05:00,6.725208710247476,6.806595076336598,6.697830853566547,6.7393951416015625,528016000,0.0,0.0
2020-02-14 00:00:00-05:00,7.149563729349154,7.3414565446723685,7.118203946999055,7.2125325202941895,1041924000,0.0,0.0
2020-02-18 00:00:00-05:00,7.10924264439084,7.399695615382053,7.089829584227376,7.381277561187744,620164000,0.0,0.0
2020-02-19 00:00:00-05:00,7.503732155214372,7.850184660782708,7.503732155214372,7.832513332366943,694332000,0.0,0.0
2020-02-20 00:00:00-05:00,7.784476295990353,7.87283149258455,7.375801824411447,7.683178901672363,810052000,0.0,0.0
2020-02-21 00:00:00-05:00,7.570930686367929,7.596068354037517,7.234184775589799,7.319055557250977,768180000,0.0,0.0
2020-02-24 00:00:00-05:00,6.724711152192472,7.015412909789479,6.670204661652405,6.801617622375488,856916000,0.0,0.0
2020-02-25 00:00:00-05:00,6.876782232264527,6.9387555440768045,6.420321266694582,6.522116661071777,1055496000,0.0,0.0
2020-02-26 00:00:00-05:00,6.522365244375088,6.8556267817629495,6.520872260486998,6.66149377822876,747732000,0.0,0.0
2020-02-27 00:00:00-05:00,6.347955488412159,6.649290620071094,6.198284236261924,6.290677070617676,906416000,0.004,0.0
2020-02-28 00:00:00-05:00,6.038153394265087,6.7852646689576135,6.021468049730451,6.725744724273682,1133252000,0.0,0.0
2020-03-02 00:00:00-05:00,6.895837826861566,6.913021448545588,6.499868777188003,6.8841328620910645,890744000,0.0,0.0
2020-03-03 00:00:00-05:00,6.939917228179043,6.999686077057141,6.5362280041934895,6.621647834777832,652792000,0.0,0.0
2020-03-04 00:00:00-05:00,6.7289823117891885,7.094817764212099,6.654270899500302,7.085354328155518,597408000,0.0,0.0
2020-03-05 00:00:00-05:00,6.885875600923197,7.052730474037817,6.761357053076483,6.805934906005859,540328000,0.0,0.0
2020-03-06 00:00:00-05:00,6.626379453327108,6.683907250630591,6.425157325422228,6.625383377075195,515412000,0.0,0.0
2020-03-09 00:00:00-04:00,5.974399445452702,6.460021937653119,5.931565322628148,6.112366199493408,614160000,0.0,0.0
2020-03-10 00:00:00-04:00,6.388798124872372,6.501861095428467,6.126064361631653,6.501861095428467,580648000,0.0,0.0
2020-03-11 00:00:00-04:00,6.3619030525450215,6.390293368054027,6.040894269510428,6.138018608093262,499964000,0.0,0.0
2020-03-12 00:00:00-04:00,5.61479059242201,5.880264149213543,5.374220841755505,5.3869218826293945,816540000,0.0,0.0
2020-03-13 00:00:00-04:00,5.740304950543586,6.002291990483821,5.469103849526931,5.997809410095215,634836000,0.0,0.0
2020-03-16 00:00:00-04:00,5.289795809090351,5.630727877877242,4.831318696774143,4.891087532043457,726972000,0.0,0.0
2020-03-17 00:00:00-04:00,5.003404438318646,5.500233677807778,4.756608858076544,5.410829067230225,833632000,0.0,0.0
2020-03-18 00:00:00-04:00,4.983231679255495,5.2282839626354765,4.499601844322408,5.05096960067749,874268000,0.0,0.0
2020-03-19 00:00:00-04:00,5.029553080920315,5.397381175638423,4.816128672882115,5.303743362426758,765512000,0.0,0.0
2020-03-20 00:00:00-04:00,5.453912435431713,5.7358224271216045,5.108498191771292,5.12393856048584,804636000,0.0,0.0
2020-03-23 00:00:00-04:00,5.122942664733292,5.39115604913871,4.943884999796366,5.2967705726623535,643876000,0.0,0.0
2020-03-24 00:00:00-04:00,5.702948663929641,6.292170637864776,5.679290313877494,6.20550537109375,1101644000,0.0,0.0
2020-03-25 00:00:00-04:00,6.3205614963132195,6.520289265304306,6.068037887825773,6.116849422454834,793432000,0.0,0.0
2020-03-26 00:00:00-04:00,6.324046811064288,6.530249749180304,6.225926434654367,6.406229496002197,696108000,0.0,0.0
2020-03-27 00:00:00-04:00,6.225928431523711,6.552665224010168,6.193055537005276,6.293915748596191,638828000,0.0,0.0
2020-03-30 00:00:00-04:00,6.359411602587438,6.623391286850987,6.31533202177179,6.6141767501831055,602252000,0.0,0.0
2020-03-31 00:00:00-04:00,6.65427114369263,6.85848196477575,6.418931160097484,6.564618110656738,949960000,0.0,0.0
2020-04-01 00:00:00-04:00,6.366632732890536,6.513066364473172,6.008766400221248,6.053343772888184,656912000,0.0,0.0
2020-04-02 00:00:00-04:00,6.082482659115742,6.375350464934809,6.034418771617767,6.362151622772217,675764000,0.0,0.0
2020-04-03 00:00:00-04:00,6.324547117236702,6.3661362735734075,5.936796491989387,6.074265003204346,663212000,0.0,0.0
2020-04-06 00:00:00-04:00,6.356422660936497,6.721013131709734,6.298894869543771,6.684155464172363,727884000,0.0,0.0
2020-04-07 00:00:00-04:00,6.905797220394928,6.929456043932466,6.40772312487419,6.450806617736816,784520000,0.0,0.0
2020-04-08 00:00:00-04:00,6.559886380587937,6.672949345722739,6.489906918852568,6.648045539855957,542444000,0.0,0.0
2020-04-09 00:00:00-04:00,6.773810664902149,6.796721847084574,6.485425409818862,6.548431873321533,525564000,0.0,0.0
2020-04-13 00:00:00-04:00,6.488661301151191,6.728982125267941,6.400253250310459,6.720265865325928,398408000,0.0,0.0
2020-04-14 00:00:00-04:00,6.848520424449045,7.105526615595516,6.820877290444887,7.071408748626709,530948000,0.0,0.0
2020-04-15 00:00:00-04:00,6.903307939292964,7.076886915806902,6.857983386674097,6.99395751953125,366148000,0.0,0.0
2020-04-16 00:00:00-04:00,7.149357193306703,7.4462092792659,7.136158352257488,7.339123249053955,745620000,0.0,0.0
2020-04-17 00:00:00-04:00,7.421307126128861,7.442724431939325,7.145872279894362,7.2798542976379395,539120000,0.0,0.0
2020-04-20 00:00:00-04:00,7.153341593716966,7.309238675011775,7.104281161663931,7.148609638214111,449388000,0.0,0.0
2020-04-21 00:00:00-04:00,7.030565814724606,7.091828531731079,6.65202935069802,6.711798191070557,735160000,0.0,0.0
2020-04-22 00:00:00-04:00,6.904055247287236,7.169030984977875,6.858481793507247,7.126196384429932,483356000,0.0,0.0
2020-04-23 00:00:00-04:00,7.168284222501299,7.300273585870351,7.047749973310746,7.072902679443359,424160000,0.0,0.0
2020-04-24 00:00:00-04:00,7.062692909541992,7.213858054516523,6.987981488178347,7.2118659019470215,352328000,0.0,0.0
2020-04-27 00:00:00-04:00,7.346345445854458,7.558275973158622,7.321690541502693,7.3983941078186035,479388000,0.0,0.0
2020-04-28 00:00:00-04:00,7.545823797580013,7.575708458016222,7.250466072354914,7.255944728851318,442904000,0.0,0.0
2020-04-29 00:00:00-04:00,7.390675190513507,7.485558469737009,7.315465963084503,7.432762622833252,379160000,0.0,0.0
2020-04-30 00:00:00-04:00,7.378719919459996,7.432761207771486,7.264910261127515,7.27885627746582,375916000,0.0,0.0
2020-05-01 00:00:00-04:00,7.0813698596363315,7.194681722002568,6.993957878668124,7.042271137237549,342096000,0.0,0.0
2020-05-04 00:00:00-04:00,6.9949537071019074,7.267898528320557,6.9949537071019074,7.254201412200928,317556000,0.0,0.0
2020-05-05 00:00:00-04:00,7.358299567249931,7.477837263737754,7.254201764682971,7.315216064453125,368896000,0.0,0.0
2020-05-06 00:00:00-04:00,7.394657454091874,7.5209192330759524,7.3568037154219805,7.416074275970459,323464000,0.0,0.0
2020-05-07 00:00:00-04:00,7.5552877802756075,7.6556497065405225,7.503986290733421,7.5923943519592285,373732000,0.0,0.0
2020-05-08 00:00:00-04:00,7.664116946015508,7.788635500703007,7.630247978940607,7.78240966796875,339216000,0.0,0.0
2020-05-11 00:00:00-04:00,7.777427686453684,8.0812532199306,7.748788480019479,8.03443431854248,469060000,0.0,0.0
2020-05-12 00:00:00-04:00,8.09221231100344,8.141023375309084,7.762736201938465,7.772448539733887,493060000,0.0,0.0
2020-05-13 00:00:00-04:00,7.887005024962632,8.047384694158001,7.565498035666604,7.750034809112549,625852000,0.0,0.0
2020-05-14 00:00:00-04:00,7.811546622111351,8.005048549316195,7.657890591692506,7.999569892883301,602312000,0.0,0.0
2020-05-15 00:00:00-04:00,7.8593596747418015,8.467756864818677,7.8436704101696755,8.45804500579834,987660000,0.0,0.0
2020-05-18 00:00:00-04:00,8.726756669383285,8.882155932664498,8.647064885649483,8.716546058654785,774460000,0.0,0.0
2020-05-19 00:00:00-04:00,8.756393042945989,9.052497941010735,8.728998810744676,8.771584510803223,717320000,0.0,0.0
2020-05-20 00:00:00-04:00,8.956369577080315,9.008169334494243,8.854513314184649,8.935450553894043,587536000,0.0,0.0
2020-05-21 00:00:00-04:00,9.016637131804204,9.017632732956065,8.703846419920787,8.741451263427734,761068000,0.0,0.0
2020-05-22 00:00:00-04:00,8.79126139233951,9.057980956236753,8.679693219207257,8.991487503051758,1038764000,0.0,0.0
2020-05-26 00:00:00-04:00,9.121482924873183,9.146387208523647,8.638600122405887,8.684173583984375,770780000,0.0,0.0
2020-05-27 00:00:00-04:00,8.591779842948718,8.599499552152,7.96594949684625,8.492414474487305,1175892000,0.0,0.0
2020-05-28 00:00:00-04:00,8.379849331386758,8.72675841529531,8.346976440269852,8.454312324523926,734896000,0.0,0.0
2020-05-29 00:00:00-04:00,8.521552438303598,8.841316223144531,8.452320144155864,8.841316223144531,745256000,0.0,0.0
2020-06-01 00:00:00-04:00,8.799227669489188,8.806698478293196,8.656031150738611,8.772331237792969,389876000,0.0,0.0
2020-06-02 00:00:00-04:00,8.762369274520486,8.803210767049968,8.624651431110726,8.79125690460205,391320000,0.0,0.0
2020-06-03 00:00:00-04:00,8.788271870132402,8.832102079332936,8.666492155647125,8.735724449157715,365440000,0.0,0.0
2020-06-04 00:00:00-04:00,8.698351988030383,8.912870831436944,8.648023612555617,8.736721992492676,424280000,0.004,0.0
2020-06-05 00:00:00-04:00,8.764625577406946,8.96643707994783,8.678419249212652,8.88969898223877,481748000,0.0,0.0
2020-06-08 00:00:00-04:00,8.847092279963228,8.859549625376184,8.656243125037443,8.7750883102417,387736000,0.0,0.0
2020-06-09 00:00:00-04:00,8.770105629826103,9.078802979895228,8.721521314930497,9.01526927947998,468488000,0.0,0.0
2020-06-10 00:00:00-04:00,9.136607959914695,9.467728965584438,9.12240561372201,9.334931373596191,632180000,0.0,0.0
2020-06-11 00:00:00-04:00,9.118917422183276,9.229789434182623,8.756154547254663,8.766369819641113,583652000,0.0,0.0
2020-06-12 00:00:00-04:00,9.131377987164072,9.156043675178562,8.673687479512639,8.902158737182617,570908000,0.0,0.0
2020-06-15 00:00:00-04:00,8.785305003482147,9.151057932425964,8.714047113327261,9.142586708068848,400004000,0.0,0.0
2020-06-16 00:00:00-04:00,9.193661221979534,9.235269343312108,8.80872289575929,9.037692070007324,535716000,0.0,0.0
2020-06-17 00:00:00-04:00,9.082790811495686,9.2674108433434,9.039437684911618,9.204625129699707,408304000,0.0,0.0
2020-06-18 00:00:00-04:00,9.195653858376762,9.250965341706902,9.083535858324524,9.186684608459473,254408000,0.0,0.0
2020-06-19 00:00:00-04:00,9.211103234912088,9.412914727632721,9.195904834357798,9.229788780212402,524160000,0.0,0.0
2020-06-22 00:00:00-04:00,9.268410327069526,9.498874636356438,9.241750627727725,9.494389533996582,398468000,0.0,0.0
2020-06-23 00:00:00-04:00,9.518555877885476,9.609745343124262,9.375543956112791,9.417899131774902,375108000,0.0,0.0
2020-06-24 00:00:00-04:00,9.44405786596491,9.524035985710388,9.113434939664412,9.204126358032227,449372000,0.0,0.0
2020-06-25 00:00:00-04:00,9.323969070455242,9.47271210611004,9.151058380419418,9.457762718200684,376072000,0.0,0.0
2020-06-26 00:00:00-04:00,9.467726743497437,9.467726743497437,9.094000687833063,9.12389850616455,592084000,0.0,0.0
2020-06-29 00:00:00-04:00,9.138601062533104,9.17323300343453,8.869766795785965,9.168747901916504,342248000,0.0,0.0
2020-06-30 00:00:00-04:00,9.282360571198074,9.49388931691423,9.23502227034489,9.465486526489258,367892000,0.0,0.0
2020-07-01 00:00:00-04:00,9.488408038637727,9.543221507665718,9.381024126433216,9.497626304626465,326648000,0.0,0.0
2020-07-02 00:00:00-04:00,9.606257171832585,9.70442282760441,9.54571352620814,9.579598426818848,364056000,0.0,0.0
2020-07-06 00:00:00-04:00,9.70865754167774,9.875090068802235,9.679506757953977,9.805826187133789,315892000,0.0,0.0
2020-07-07 00:00:00-04:00,9.912459954611553,10.035789277439298,9.817284400641967,9.838212966918945,357800000,0.0,0.0
2020-07-08 00:00:00-04:00,9.959800403312192,10.190265597048889,9.931646628346138,10.181295394897461,365480000,0.0,0.0
2020-07-09 00:00:00-04:00,10.344987505440661,10.534092629423608,10.198735577365294,10.473299980163574,494548000,0.0,0.0
2020-07-10 00:00:00-04:00,10.552781078926897,10.619054896884872,10.343494387572179,10.443653106689453,497676000,0.0,0.0
2020-07-13 00:00:00-04:00,10.559007283593624,10.755586606969405,9.99094302238932,10.01810073852539,457076000,0.0,0.0
2020-07-14 00:00:00-04:00,10.040775965444766,10.36741283425982,9.752259134498587,10.341750144958496,542676000,0.0,0.0
2020-07-15 00:00:00-04:00,10.37887374260071,10.397559289542265,10.021591068209313,10.192508697509766,403984000,0.0,0.0
2020-07-16 00:00:00-04:00,9.980979490097369,10.17207769152356,9.861885270696039,10.100322723388672,344964000,0.0,0.0
2020-07-17 00:00:00-04:00,10.190765872480604,10.213687509797916,10.053484112073008,10.166847229003906,266284000,0.0,0.0
2020-07-20 00:00:00-04:00,10.2393469340289,10.495473837866063,10.122245794191398,10.475043296813965,284852000,0.0,0.0
2020-07-21 00:00:00-04:00,10.477289056517796,10.52413028927334,10.251807884962611,10.293416023254395,277036000,0.0,0.0
2020-07-22 00:00:00-04:00,10.332281869444877,10.56648323144531,10.256539828820165,10.403289794921875,367292000,0.0,0.0
2020-07-23 00:00:00-04:00,10.414496534718978,10.51116710444214,9.99716940389555,10.095335006713867,411660000,0.0,0.0
2020-07-24 00:00:00-04:00,9.841455491581248,10.329541762567553,9.743788814776028,10.159870147705078,473292000,0.0,0.0
2020-07-27 00:00:00-04:00,10.197491742615112,10.406279442311487,10.183040382548999,10.386098861694336,292132000,0.0,0.0
2020-07-28 00:00:00-04:00,10.339006894555549,10.346730125168838,10.174567472384993,10.180795669555664,271636000,0.0,0.0
2020-07-29 00:00:00-04:00,10.355451837217872,10.48052523133756,10.311850649072026,10.429947853088379,284508000,0.0,0.0
2020-07-30 00:00:00-04:00,10.339757247035065,10.586914962321845,10.260278088332438,10.577945709228516,308880000,0.0,0.0
2020-07-31 00:00:00-04:00,10.527365160235048,10.729925581420863,10.39755765547587,10.578690528869629,386080000,0.0,0.0
2020-08-03 00:00:00-04:00,10.696041448492522,11.061047324167738,10.678849986437134,10.972847938537598,412720000,0.0,0.0
2020-08-04 00:00:00-04:00,11.012463703459618,11.18960952758789,10.86895281349992,11.18960952758789,310336000,0.0,0.0
2020-08-05 00:00:00-04:00,11.205803183965019,11.33311864646592,11.128317104973485,11.248407363891602,249924000,0.0,0.0
2020-08-06 00:00:00-04:00,11.311191786287633,11.319413994797635,11.140773185074542,11.296990394592285,244316000,0.0,0.0
2020-08-07 00:00:00-04:00,11.27407313407633,11.46567034057355,11.000007648007522,11.161457061767578,342516000,0.0,0.0
2020-08-10 00:00:00-04:00,11.29574884493329,11.369496879369624,10.819620950570867,11.127073287963867,427796000,0.0,0.0
2020-08-11 00:00:00-04:00,11.03613477821053,11.098921459640222,10.759079196498455,10.813145637512207,354512000,0.0,0.0
2020-08-12 00:00:00-04:00,10.953415024322775,11.428046911514224,10.92102515984254,11.401388168334961,464412000,0.0,0.0
2020-08-13 00:00:00-04:00,11.506777872851407,11.681931581652819,11.317174705404247,11.404128074645996,374460000,0.0,0.0
2020-08-14 00:00:00-04:00,11.490831482358997,11.664988170804342,11.401636045031081,11.5247163772583,366436000,0.0,0.0
2020-08-17 00:00:00-04:00,11.81099241956231,12.367595550910881,11.777108468542542,12.295092582702637,621300000,0.0,0.0
2020-08-18 00:00:00-04:00,12.407707107828923,12.453551324655562,12.045193262326693,12.219099998474121,503448000,0.0,0.0
2020-08-19 00:00:00-04:00,12.254727537527799,12.273164067350274,12.056901234463606,12.097264289855957,622624000,0.0,0.0
2020-08-20 00:00:00-04:00,11.934322617469864,12.332963481130468,11.8383990359287,12.09975814819336,921388000,0.0,0.0
2020-08-21 00:00:00-04:00,12.160301181206735,12.765239587965969,12.153823018009948,12.64041519165039,999868000,0.0,0.0
2020-08-24 00:00:00-04:00,12.83998356587323,12.868636319650925,12.465011429685445,12.67703914642334,490564000,0.0,0.0
2020-08-25 00:00:00-04:00,12.587842725979177,12.717899254502674,12.531036196749055,12.706687927246094,289076000,0.0,0.0
2020-08-26 00:00:00-04:00,12.755771158963569,12.82478602619739,12.634683873931435,12.729610443115234,321244000,0.0,0.0
2020-08-27 00:00:00-04:00,12.738084956040984,12.80635279920239,12.52381509423667,12.585355758666992,317604000,0.0,0.0
2020-08-28 00:00:00-04:00,12.631943630422956,13.103336439127528,12.599553765736271,13.103087425231934,537160000,0.0,0.0
2020-08-31 00:00:00-04:00,13.137967138426383,13.528884701935283,12.993460206549758,13.329066276550293,500840000,0.0,0.0
2020-09-01 00:00:00-04:00,13.438228606135906,13.95038670747902,13.3948634543155,13.778172492980957,511316000,0.004,0.0
2020-09-02 00:00:00-04:00,14.658185164607415,14.681114606346256,13.856925815100713,14.302042961120605,874012000,0.0,0.0
2020-09-03 00:00:00-04:00,13.785897755272424,13.841474893223765,12.838841762272093,12.975168228149414,945128000,0.0,0.0
2020-09-04 00:00:00-04:00,12.744133013239109,13.134171146298486,11.668477290375558,12.583383560180664,1463684000,0.0,0.0
2020-09-08 00:00:00-04:00,11.69813540641528,12.511108478488532,11.667979552490435,11.876082420349121,795728000,0.0,0.0
2020-09-09 00:00:00-04:00,12.361573753095092,12.76955580314928,12.193845052662331,12.67559814453125,736200000,0.0,0.0
2020-09-10 00:00:00-04:00,12.94899698858996,13.024761680428526,12.129294745131679,12.27359676361084,698684000,0.0,0.0
2020-09-11 00:00:00-04:00,12.446809721859445,12.613292032426472,11.858886975902417,12.12680435180664,636928000,0.0,0.0
2020-09-14 00:00:00-04:00,13.040466040853438,13.273740196264075,12.592109741002641,12.832362174987793,1201744000,0.0,0.0
2020-09-15 00:00:00-04:00,13.23884768114521,13.257539768805044,12.787999584615463,12.950743675231934,727556000,0.0,0.0
2020-09-16 00:00:00-04:00,12.917099400279763,13.05217948485614,12.474974093966145,12.47572135925293,556384000,0.0,0.0
2020-09-17 00:00:00-04:00,12.094654408006981,12.55073716303664,11.99745669318927,12.424878120422363,792512000,0.0,0.0
2020-09-18 00:00:00-04:00,12.55472336706476,12.593352980887191,11.951598651235248,12.151476860046387,698460000,0.0,0.0
2020-09-21 00:00:00-04:00,11.888048492398234,12.483696882052305,11.867611832694848,12.478463172912598,721044000,0.0,0.0
2020-09-22 00:00:00-04:00,12.536031626594971,12.608805364071547,12.117832199845257,12.598587036132812,646452000,0.0,0.0
2020-09-23 00:00:00-04:00,12.536530607405997,12.68756183930577,12.0418191842963,12.086180686950684,647012000,0.0,0.0
2020-09-24 00:00:00-04:00,12.034842454564467,12.530551245753601,11.976772526129258,12.309737205505371,731240000,0.0,0.0
2020-09-25 00:00:00-04:00,12.408929783872786,12.843578643230147,12.207805134234352,12.833858489990234,588016000,0.0,0.0
2020-09-28 00:00:00-04:00,12.999840680216156,13.01130540147052,12.710490282252483,12.994606971740723,573808000,0.0,0.0
2020-09-29 00:00:00-04:00,12.897410012500536,13.401094349784989,12.893173608080435,13.18476676940918,621460000,0.0,0.0
2020-09-30 00:00:00-04:00,13.116727827913346,13.580287038831065,13.109500461527388,13.488572120666504,689184000,0.0,0.0
2020-10-01 00:00:00-04:00,13.715366086554479,13.720100667181514,13.41903648100408,13.572310447692871,525004000,0.0,0.0
2020-10-02 00:00:00-04:00,13.184016361582993,13.477603110935945,13.010554846453074,13.021770477294922,552496000,0.0,0.0
2020-10-05 00:00:00-04:00,13.194982445011544,13.601967156828618,13.18177315614802,13.60022258758545,479820000,0.0,0.0
2020-10-06 00:00:00-04:00,13.787141008036896,14.098174399576221,13.622652378034157,13.693930625915527,784420000,0.0,0.0
2020-10-07 00:00:00-04:00,13.956367334628082,14.07549718453107,13.820539055423023,13.920727729797363,418084000,0.0,0.0
2020-10-08 00:00:00-04:00,14.031383838958014,14.040854902094079,13.71536672951191,13.795866012573242,378900000,0.0,0.0
2020-10-09 00:00:00-04:00,13.724340619246242,13.781413242421655,13.618420044533245,13.72010326385498,346892000,0.0,0.0
2020-10-12 00:00:00-04:00,13.946149317152287,14.3025415705262,13.869388259768023,14.181916236877441,434744000,0.0,0.0
2020-10-13 00:00:00-04:00,14.252197472284319,14.304036377631371,13.975308163127476,14.204096794128418,344604000,0.0,0.0
2020-10-14 00:00:00-04:00,14.246216365246953,14.298304361964878,13.916740866696482,14.0515718460083,276100000,0.0,0.0
2020-10-15 00:00:00-04:00,13.76795429576776,13.962349740225548,13.725087320362046,13.926711082458496,267224000,0.0,0.0
2020-10-16 00:00:00-04:00,13.99325283964249,14.07774039175941,13.749759423521498,13.76870059967041,242392000,0.0,0.0
2020-10-19 00:00:00-04:00,13.859918842046525,13.940169047931054,13.365206413030409,13.455924987792969,298068000,0.0,0.0
2020-10-20 00:00:00-04:00,13.541408020040002,13.756988333381303,13.465145135362771,13.603216171264648,229212000,0.0,0.0
2020-10-21 00:00:00-04:00,13.582779175429115,13.748763320474952,13.435736206877356,13.482839584350586,219596000,0.0,0.0
2020-10-22 00:00:00-04:00,13.480598698673463,13.569571757292316,13.190749125842727,13.319599151611328,290480000,0.0,0.0
2020-10-23 00:00:00-04:00,13.408319223122215,13.551125765582382,13.25006159631915,13.548134803771973,233484000,0.0,0.0
2020-10-26 00:00:00-04:00,13.385392673750909,13.650319103468638,12.998096338348244,13.1005277633667,336896000,0.0,0.0
2020-10-27 00:00:00-04:00,13.264768475572582,13.400347683866352,13.150623230906007,13.35523796081543,250520000,0.0,0.0
2020-10-28 00:00:00-04:00,13.157102246605223,13.218910396008537,12.569927679431007,12.587871551513672,376520000,0.0,0.0
2020-10-29 00:00:00-04:00,12.798716304089377,13.151868514765228,12.710490523520622,12.983641624450684,320080000,0.0,0.0
2020-10-30 00:00:00-04:00,12.810182823946036,12.89641400797569,12.261886887186465,12.495162010192871,416820000,0.0,0.0
2020-11-02 00:00:00-05:00,12.618526270619803,12.796971486220077,12.35659080784414,12.541765213012695,299652000,0.0,0.0
2020-11-03 00:00:00-05:00,12.669116589846153,13.064387481335554,12.563694222748344,12.97915267944336,272900000,0.0,0.0
2020-11-04 00:00:00-05:00,13.347759223710232,13.784651715579656,13.295671227164691,13.751503944396973,410228000,0.0,0.0
2020-11-05 00:00:00-05:00,14.118615031439523,14.29456747948615,13.947646253256467,14.116122245788574,319028000,0.0,0.0
2020-11-06 00:00:00-05:00,14.066025304842766,14.543541030292754,13.851941452053909,14.516874313354492,383348000,0.0,0.0
2020-11-09 00:00:00-05:00,14.507402211518222,14.645971395758417,13.568571079455158,13.588508605957031,582976000,0.0,0.0
2020-11-10 00:00:00-05:00,13.56433576054012,13.56433576054012,12.589117616865419,12.730428695678711,644068000,0.0,0.0
2020-11-11 00:00:00-05:00,13.013298590022384,13.393367538571804,12.908125296795578,13.376420021057129,404744000,0.0,0.0
2020-11-12 00:00:00-05:00,13.437230778580004,13.723341113846628,13.27473578360391,13.41504955291748,365812000,0.0,0.0
2020-11-13 00:00:00-05:00,13.585020917023794,13.626392406024213,13.018781223457097,13.255794525146484,346312000,0.0,0.0
2020-11-16 00:00:00-05:00,13.131680223580256,13.607202313972754,13.115231833557882,13.473368644714355,413776000,0.0,0.0
2020-11-17 00:00:00-05:00,13.51050259421604,13.554116829342814,13.262523699593226,13.380656242370605,312028000,0.0,0.0
2020-11-18 00:00:00-05:00,13.423523328788992,13.563588009896126,13.1441421824514,13.387136459350586,510924000,0.0,0.0
2020-11-19 00:00:00-05:00,13.17180655068119,13.445704907564874,13.059405888959795,13.398601531982422,565936000,0.0,0.0
2020-11-20 00:00:00-05:00,13.412308613334746,13.452682798283654,13.024513174097109,13.04719352722168,341088000,0.0,0.0
2020-11-23 00:00:00-05:00,13.13043638351917,13.34103113334532,12.975168734677316,13.099283218383789,361356000,0.0,0.0
2020-11-24 00:00:00-05:00,13.101774885108085,13.121214239336203,12.845073111917616,12.917597770690918,346500000,0.0,0.0
2020-11-25 00:00:00-05:00,12.99211612616632,13.228381241455414,12.979655050378856,13.19373893737793,259916000,0.0,0.0
2020-11-27 00:00:00-05:00,13.333554646789729,13.365954204656186,13.129688136870538,13.2201566696167,167276000,0.0,0.0
2020-11-30 00:00:00-05:00,13.223895571225766,13.370938545272066,12.932052369557857,13.35997200012207,286952000,0.0,0.0
2020-12-01 00:00:00-05:00,13.450439209421589,13.486826076488711,13.187256431069839,13.348505973815918,296948000,0.0,0.0
2020-12-02 00:00:00-05:00,13.309130061070027,13.631129114745079,13.193240254326906,13.50252914428711,283360000,0.0,0.0
2020-12-03 00:00:00-05:00,13.549397381312977,13.621694304141695,13.291623122358182,13.358434677124023,199520000,0.004,0.0
2020-12-04 00:00:00-05:00,13.410784471489588,13.521972516912324,13.35120243105214,13.520227432250977,202244000,0.0,0.0
2020-12-07 00:00:00-05:00,13.563108608262407,13.692744171965034,13.462142841272858,13.56859302520752,223244000,0.0,0.0
2020-12-08 00:00:00-05:00,13.54690261860404,13.560614134542899,13.244253571098817,13.312561988830566,271920000,0.0,0.0
2020-12-09 00:00:00-05:00,13.263202452599305,13.376383816602837,12.83216455177747,12.894489288330078,401300000,0.0,0.0
2020-12-10 00:00:00-05:00,12.83291301548905,13.032102820669692,12.813466967276163,12.935873031616211,207764000,0.0,0.0
2020-12-11 00:00:00-05:00,12.930887469523446,12.983490135259263,12.78704205504218,12.97675895690918,209264000,0.0,0.0
2020-12-14 00:00:00-05:00,13.051297307239059,13.351203686233916,13.040826798286616,13.271428108215332,270156000,0.0,0.0
2020-12-15 00:00:00-05:00,13.402062393563765,13.42624442290722,13.149772540547573,13.32303524017334,193016000,0.0,0.0
2020-12-16 00:00:00-05:00,13.384857838152648,13.399566952819773,13.175446720365391,13.205363273620605,223116000,0.0,0.0
2020-12-17 00:00:00-05:00,13.329264657179316,13.341979525513967,13.141542987766448,13.303836822509766,231384000,0.0,0.0
2020-12-18 00:00:00-05:00,13.341482523812642,13.367409637834479,13.033848276688204,13.234783172607422,342064000,0.0,0.0
2020-12-21 00:00:00-05:00,13.038084209341594,13.332506174025465,12.931134759264241,13.294861793518066,302332000,0.0,0.0
2020-12-22 00:00:00-05:00,13.28189604588792,13.299845214617307,13.017389738557874,13.241010665893555,185580000,0.0,0.0
2020-12-23 00:00:00-05:00,13.218826718555903,13.237773491477867,12.96853112758679,12.972768783569336,179144000,0.0,0.0
2020-12-24 00:00:00-05:00,13.000688634360822,13.095671649944181,12.902465562166906,12.957310676574707,97884000,0.0,0.0
2020-12-28 00:00:00-05:00,13.025868569074484,13.025868569074484,12.727458111823653,12.863823890686035,212564000,0.0,0.0
2020-12-29 00:00:00-05:00,12.888753571154453,13.035839963058338,12.806235314111813,12.906951904296875,170372000,0.0,0.0
2020-12-30 00:00:00-05:00,12.953818591619038,13.17669203887592,12.860581625612,13.108882904052734,225396000,0.0,0.0
2020-12-31 00:00:00-05:00,13.09966312099612,13.114122125495019,12.878783853374811,13.018391609191895,192424000,0.0,0.0
2021-01-04 00:00:00-05:00,13.067500305121046,13.614212986841412,12.926147495048388,13.0767240524292,560640000,0.0,0.0
2021-01-05 00:00:00-05:00,13.063013897871317,13.405799918708546,13.050299979878782,13.367158889770508,322760000,0.0,0.0
2021-01-06 00:00:00-05:00,13.185421201480683,13.207858144830338,12.550706673589335,12.579126358032227,580424000,0.0,0.0
2021-01-07 00:00:00-05:00,12.931137124357244,13.340237390225461,12.85036488307803,13.306581497192383,461480000,0.0,0.0
2021-01-08 00:00:00-05:00,13.325028278582424,13.38336356753175,13.005426670817448,13.239518165588379,292528000,0.0,0.0
2021-01-11 00:00:00-05:00,13.381118966632627,13.92184894045649,13.32502709160105,13.583300590515137,518344000,0.0,0.0
2021-01-12 00:00:00-05:00,13.713934612043133,13.715929810060743,13.307578014456512,13.446935653686523,291476000,0.0,0.0
2021-01-13 00:00:00-05:00,13.452172049741872,13.58679372034865,13.347466939936659,13.493804931640625,210028000,0.0,0.0
2021-01-14 00:00:00-05:00,13.536929103411671,13.561609449275576,13.143535688218217,13.163229942321777,283120000,0.0,0.0
2021-01-15 00:00:00-05:00,13.190906014849554,13.287883293274248,12.81247076358303,12.823439598083496,277780000,0.0,0.0
2021-01-19 00:00:00-05:00,12.979747264530975,13.057279430107188,12.807980522839523,12.988722801208496,226188000,0.0,0.0
2021-01-20 00:00:00-05:00,13.074980630078048,13.392837146187576,13.020135512164993,13.328269004821777,258572000,0.0,0.0
2021-01-21 00:00:00-05:00,13.380869233947863,13.959991048301735,13.215833672489648,13.82861042022705,337780000,0.0,0.0
2021-01-22 00:00:00-05:00,13.701467640880516,13.802932668380102,13.589033781056596,13.674044609069824,246820000,0.0,0.0
2021-01-25 00:00:00-05:00,13.743098365528784,13.789717322124023,13.199377597532719,13.614958763122559,251112000,0.0,0.0
2021-01-26 00:00:00-05:00,13.542416475351589,13.606486294408791,13.349957856187535,13.397574424743652,163980000,0.0,0.0
2021-01-27 00:00:00-05:00,13.192897604485092,13.195640288057769,12.757871281264219,12.881524085998535,371272000,0.0,0.0
2021-01-28 00:00:00-05:00,12.959805478023089,13.302342356675961,12.924155341787754,13.01440143585205,228316000,0.0,0.0
2021-01-29 00:00:00-05:00,13.03833420279187,13.297356163278318,12.875292865521274,12.953323364257812,271552000,0.0,0.0
2021-02-01 00:00:00-05:00,13.016643847976683,13.233533625868915,12.866565612653634,13.199878692626953,217204000,0.0,0.0
2021-02-02 00:00:00-05:00,13.361175169955763,13.533938558603332,13.248242035181995,13.518732070922852,220440000,0.0,0.0
2021-02-03 00:00:00-05:00,13.597759985933012,13.89268122482267,13.478595893291107,13.49255657196045,245408000,0.0,0.0
2021-02-04 00:00:00-05:00,13.493055176707028,13.635155488119919,13.300347404064619,13.625931739807129,201340000,0.0,0.0
2021-02-05 00:00:00-05:00,13.68651004246619,13.698725635356672,13.507762015334324,13.552885055541992,169152000,0.0,0.0
2021-02-08 00:00:00-05:00,13.688754280440907,14.433160858990226,13.688754280440907,14.398259162902832,434624000,0.0,0.0
2021-02-09 00:00:00-05:00,14.300533397758027,14.542353649548263,14.182615117513894,14.223251342773438,287560000,0.0,0.0
2021-02-10 00:00:00-05:00,14.422690490908412,14.863201253824297,14.301282039333971,14.722846031188965,485352000,0.0,0.0
2021-02-11 00:00:00-05:00,14.938242328908395,15.229423311893008,14.883147095100519,15.207983016967773,450828000,0.0,0.0
2021-02-12 00:00:00-05:00,15.007793442217679,15.248366910294168,14.733564091265317,14.919292449951172,374756000,0.0,0.0
2021-02-16 00:00:00-05:00,15.022002440831596,15.329388382569379,14.90807267132133,15.287256240844727,321960000,0.0,0.0
2021-02-17 00:00:00-05:00,15.128453956031041,15.180807447722142,14.73855068235919,14.864197731018066,274756000,0.0,0.0
2021-02-18 00:00:00-05:00,14.687694606829579,14.831539993564954,14.534126197463962,14.78741455078125,233868000,0.0,0.0
2021-02-19 00:00:00-05:00,14.982367357934063,15.134439861142546,14.80511617951891,14.884642601013184,271724000,0.0,0.0
2021-02-22 00:00:00-05:00,14.7333173121364,15.090812459281109,14.284828587536415,14.315492630004883,325884000,0.0,0.0
2021-02-23 00:00:00-05:00,14.035778314628121,14.198820593637908,13.35195136230545,14.102341651916504,391780000,0.0,0.0
2021-02-24 00:00:00-05:00,14.083147360949729,14.466070375748892,13.717425083680581,14.458341598510742,448320000,0.0,0.0
2021-02-25 00:00:00-05:00,14.006108978678244,14.334435926676957,13.179185239466937,13.27017879486084,824436000,0.0,0.0
2021-02-26 00:00:00-05:00,13.713932284643422,13.815646473279205,13.323530680452917,13.676039695739746,500932000,0.0,0.0
2021-03-01 00:00:00-05:00,13.836091261293221,13.885951239822205,13.515243835324203,13.802934646606445,353184000,0.0,0.0
2021-03-02 00:00:00-05:00,13.861019225401146,13.881461918922543,13.358432904337935,13.368654251098633,264116000,0.0,0.0
2021-03-03 00:00:00-05:00,13.388600869785426,13.413779546962282,12.762859958538192,12.768843650817871,377592000,0.0,0.0
2021-03-04 00:00:00-05:00,12.764852623838904,12.938614575428367,12.049863300020087,12.335559844970703,573344000,0.0,0.0
2021-03-05 00:00:00-05:00,12.514806524253467,12.514806524253467,11.646497921681421,12.426554679870605,542840000,0.0,0.0
2021-03-08 00:00:00-05:00,12.415084435154712,12.436274612399806,11.53406206584906,11.560737609863281,543112000,0.0,0.0
2021-03-09 00:00:00-05:00,12.100408589821392,12.5857115477266,12.029583156574535,12.489449501037598,521824000,0.004,0.0
2021-03-10 00:00:00-05:00,12.808911083089319,12.948067565563633,12.42685387625009,12.437577247619629,384376000,0.0,0.0
2021-03-11 00:00:00-05:00,12.918141567568973,13.014155316080448,12.703171840009764,12.96153450012207,299916000,0.0,0.0
2021-03-12 00:00:00-05:00,12.617134005807182,12.857042807221505,12.559027830206189,12.824373245239258,243964000,0.0,0.0
2021-03-15 00:00:00-04:00,12.833100567176805,13.174259200116992,12.735840584975177,13.158797264099121,221988000,0.0,0.0
2021-03-16 00:00:00-04:00,13.323640516436615,13.479256868126042,13.084480431649451,13.258551597595215,272128000,0.0,0.0
2021-03-17 00:00:00-04:00,13.00767018394586,13.4201527389685,12.957543753879627,13.308428764343262,243864000,0.0,0.0
2021-03-18 00:00:00-04:00,13.104184222736647,13.151567029011133,12.685715853663865,12.691202163696289,293896000,0.0,0.0
2021-03-19 00:00:00-04:00,12.718634595532432,12.889712905578849,12.581473040159986,12.814148902893066,299208000,0.0,0.0
2021-03-22 00:00:00-04:00,12.880985710732899,13.361550172532192,12.874999952823599,13.153812408447266,297804000,0.0,0.0
2021-03-23 00:00:00-04:00,13.221642146480182,13.311670133271603,12.989215559028459,13.038594245910645,222048000,0.0,0.0
2021-03-24 00:00:00-04:00,13.118896401350066,13.126877093413306,12.605662461359328,12.611896514892578,245840000,0.0,0.0
2021-03-25 00:00:00-04:00,12.468753062140545,12.683473589194353,12.241812721834071,12.504414558410645,295144000,0.0,0.0
2021-03-26 00:00:00-04:00,12.523615375554263,12.824623248846297,12.34306088171137,12.80766487121582,363968000,0.0,0.0
2021-03-29 00:00:00-04:00,12.788711716238293,13.030366222137898,12.668757782645448,12.916397094726562,273520000,0.0,0.0
2021-03-30 00:00:00-04:00,12.81040644183664,12.943328859463614,12.673743402077953,12.840083122253418,200204000,0.0,0.0
2021-03-31 00:00:00-04:00,12.98347986602582,13.437360417469511,12.950561058891067,13.315411567687988,314776000,0.0,0.0
2021-04-01 00:00:00-04:00,13.5388611010894,13.835878123071739,13.47801034601489,13.777771949768066,308276000,0.0,0.0
2021-04-05 00:00:00-04:00,13.83338314774415,13.97952235961436,13.699213545574432,13.95308780670166,255672000,0.0,0.0
2021-04-06 00:00:00-04:00,13.965309496536149,14.019675048728104,13.739616396250584,13.827399253845215,191744000,0.0,0.0
2021-04-07 00:00:00-04:00,13.84660129493534,14.208458937130143,13.677768135683046,14.108705520629883,251284000,0.0,0.0
2021-04-08 00:00:00-04:00,14.217687357595498,14.435899213055192,14.213945783814793,14.281779289245605,244416000,0.0,0.0
2021-04-09 00:00:00-04:00,14.17903119573097,14.372554170430043,14.140127582945142,14.36457347869873,195172000,0.0,0.0
2021-04-12 00:00:00-04:00,14.254596031105418,15.314731433707978,14.104465977801848,15.171584129333496,869324000,0.0,0.0
2021-04-13 00:00:00-04:00,15.194026682355068,15.661374201679184,15.088536767940864,15.640924453735352,676212000,0.0,0.0
2021-04-14 00:00:00-04:00,15.586562476746503,15.681827538993751,15.19004028928494,15.239418983459473,385500000,0.0,0.0
2021-04-15 00:00:00-04:00,15.623970620941911,16.17436349825913,15.59304674396962,16.097553253173828,598480000,0.0,0.0
2021-04-16 00:00:00-04:00,16.01350839262557,16.125982027135557,15.826220403097025,15.8733549118042,335208000,0.0,0.0
2021-04-19 00:00:00-04:00,15.498276894788122,15.768610086032313,15.195523394059228,15.323956489562988,404420000,0.0,0.0
2021-04-20 00:00:00-04:00,15.28555384611717,15.458876336209281,14.926190558835732,15.133928298950195,334132000,0.0,0.0
2021-04-21 00:00:00-04:00,15.0815550200728,15.32470592597656,15.06509609224263,15.322710990905762,216776000,0.0,0.0
2021-04-22 00:00:00-04:00,15.337175698398932,15.400519884321316,14.747130576116172,14.813716888427734,277788000,0.0,0.0
2021-04-23 00:00:00-04:00,14.897510379080412,15.29727466051768,14.863594577488568,15.227696418762207,227500000,0.0,0.0
2021-04-26 00:00:00-04:00,15.147642000066975,15.440918368559602,15.087789194594976,15.439920425415039,197796000,0.0,0.0
2021-04-27 00:00:00-04:00,15.540173958472135,15.63194762998392,15.316725060501184,15.343908309936523,164572000,0.0,0.0
2021-04-28 00:00:00-04:00,15.32670273224523,15.494040417919788,15.178069111051128,15.239168167114258,209416000,0.0,0.0
2021-04-29 00:00:00-04:00,15.362114800935823,15.398524986163917,15.034423133882983,15.287050247192383,173196000,0.0,0.0
2021-04-30 00:00:00-04:00,15.137170190038917,15.327200854865179,14.960106128775966,14.972575187683105,201912000,0.0,0.0
2021-05-03 00:00:00-04:00,15.08779089742156,15.209241257751458,14.751121563712845,14.800250053405762,203912000,0.0,0.0
2021-05-04 00:00:00-04:00,14.6012413438704,14.601490591862607,13.975783949931254,14.31594467163086,405324000,0.0,0.0
2021-05-05 00:00:00-04:00,14.672814191288305,14.777057880701475,14.35210528482162,14.422930717468262,292024000,0.0,0.0
2021-05-06 00:00:00-04:00,14.459587658556542,14.535400891859794,14.183020427890709,14.487269401550293,193380000,0.0,0.0
2021-05-07 00:00:00-04:00,14.771820371378341,14.933920031269896,14.63565581990065,14.775810241699219,229328000,0.0,0.0
2021-05-10 00:00:00-04:00,14.750873384517554,14.769577450358023,14.214945436853133,14.230656623840332,268904000,0.0,0.0
2021-05-11 00:00:00-04:00,13.790989321233113,14.319435968974824,13.716174016861329,14.271055221557617,285584000,0.0,0.0
2021-05-12 00:00:00-04:00,13.975036189887499,14.225169885401517,13.67552570275034,13.724654197692871,303408000,0.0,0.0
2021-05-13 00:00:00-04:00,13.999225058319066,14.046110316134385,13.42588905794775,13.631631851196289,285404000,0.0,0.0
2021-05-14 00:00:00-04:00,13.855829803441582,14.292752013541277,13.714677433186372,14.207961082458496,258616000,0.0,0.0
2021-05-17 00:00:00-04:00,14.122169426405149,14.134389234719245,13.819416897211342,14.130648612976074,216980000,0.0,0.0
2021-05-18 00:00:00-04:00,14.231902003595811,14.368814302100715,13.96954852184947,13.981269836425781,186256000,0.0,0.0
2021-05-19 00:00:00-04:00,13.533125715779056,14.04486420754391,13.50993328439384,14.031147956848145,344000000,0.0,0.0
2021-05-20 00:00:00-04:00,14.267313661284234,14.647626114558799,14.23539279664413,14.57655143737793,321592000,0.0,0.0
2021-05-21 00:00:00-04:00,15.126444143548222,15.184551264267617,14.83291851571383,14.954867362976074,672992000,0.0,0.0
2021-05-24 00:00:00-04:00,15.17507511104745,15.706265365867367,15.13866492809838,15.573593139648438,554816000,0.0,0.0
2021-05-25 00:00:00-04:00,15.727214784284769,15.779585403800763,15.444412487570158,15.60925579071045,435408000,0.0,0.0
2021-05-26 00:00:00-04:00,15.69554008775316,15.754893444902814,15.547904438727713,15.66137409210205,370440000,0.0,0.0
2021-05-27 00:00:00-04:00,15.66112686872143,15.71125330157703,15.421966770902706,15.449897766113281,581476000,0.0,0.0
2021-05-28 00:00:00-04:00,15.462868522430515,16.237458110287374,15.462868522430515,16.204538345336914,644536000,0.0,0.0
2021-06-01 00:00:00-04:00,16.229976473614617,16.347935473642835,15.864127958324758,16.224489212036133,472804000,0.0,0.0
2021-06-02 00:00:00-04:00,16.212271468853235,16.877132024892546,16.195562337610674,16.736976623535156,594168000,0.0,0.0
2021-06-03 00:00:00-04:00,16.659664080908772,17.216541131071583,16.5422035955669,16.928001403808594,580008000,0.0,0.0
2021-06-04 00:00:00-04:00,17.070399745238127,17.61755040818045,17.053443272743788,17.535005569458008,617120000,0.0,0.0
2021-06-07 00:00:00-04:00,17.528027688444322,17.768683328317508,17.15045876950315,17.575658798217773,575756000,0.0,0.0
2021-06-08 00:00:00-04:00,17.484135437637658,17.57815332039615,17.208564141055195,17.414058685302734,323848000,0.0,0.0
2021-06-09 00:00:00-04:00,17.47666498952007,17.535782653047317,17.21724494368834,17.319515228271484,381656000,0.004,0.0
2021-06-10 00:00:00-04:00,17.311286428414668,17.452969774393196,17.13767489675894,17.386117935180664,287772000,0.0,0.0
2021-06-11 00:00:00-04:00,17.440497358543247,17.89922263315235,17.404827691754896,17.785476684570312,416308000,0.0,0.0
2021-06-14 00:00:00-04:00,17.866041024862966,17.999242253062135,17.623333969257686,17.978538513183594,321376000,0.0,0.0
2021-06-15 00:00:00-04:00,17.87502480453141,17.9760485675202,17.688441808318867,17.74880599975586,243032000,0.0,0.0
2021-06-16 00:00:00-04:00,17.751050591544338,17.91468418538893,17.545259694850984,17.770505905151367,307124000,0.0,0.0
2021-06-17 00:00:00-04:00,17.73483614068346,18.7929688306479,17.716627352704926,18.615615844726562,809656000,0.0,0.0
2021-06-18 00:00:00-04:00,18.74208655422543,19.331767425396844,18.542532064726206,18.59716033935547,968856000,0.0,0.0
2021-06-21 00:00:00-04:00,18.394109040503217,18.4951346885807,17.782976662910134,18.386127471923828,672384000,0.0,0.0
2021-06-22 00:00:00-04:00,18.430282227083815,18.921434238935472,18.344972300218704,18.8446044921875,580144000,0.0,0.0
2021-06-23 00:00:00-04:00,18.965328063338884,19.110004909090883,18.865550862713647,19.01471710205078,332356000,0.0,0.0
2021-06-24 00:00:00-04:00,19.184842999806214,19.37666328306946,19.045652733544433,19.162641525268555,320924000,0.0,0.0
2021-06-25 00:00:00-04:00,19.237472677441232,19.302328151688936,18.85233442218494,18.988529205322266,278364000,0.0,0.0
2021-06-28 00:00:00-04:00,19.3180497753207,20.03394952523682,19.275894366137276,19.94040870666504,495436000,0.0,0.0
2021-06-29 00:00:00-04:00,19.838132408460762,20.053899319285392,19.61313549933401,19.9820613861084,367632000,0.0,0.0
2021-06-30 00:00:00-04:00,19.954621891960947,20.117507567563237,19.819424307190975,19.95786476135254,326568000,0.0,0.0
2021-07-01 00:00:00-04:00,20.080091067121554,20.410351816483264,19.97432670783761,20.16689682006836,480136000,0.0,0.0
2021-07-02 00:00:00-04:00,20.39463367314707,20.459489144823493,20.242473856766992,20.4412784576416,342764000,0.0,0.0
2021-07-06 00:00:00-04:00,20.691221944768234,20.795488562446426,20.30483712715848,20.65230941772461,446708000,0.0,0.0
2021-07-07 00:00:00-04:00,20.806965588248794,20.828417245407213,20.286629685691395,20.326290130615234,418428000,0.0,0.0
2021-07-08 00:00:00-04:00,19.812187411507026,20.088069151199225,19.65678472051413,19.858333587646484,503300000,0.0,0.0
2021-07-09 00:00:00-04:00,19.917954748254353,20.035442165140385,19.710169397353443,20.005508422851562,296624000,0.0,0.0
2021-07-12 00:00:00-04:00,20.194827762030734,20.486923803354543,20.14269446590392,20.466720581054688,321984000,0.0,0.0
2021-07-13 00:00:00-04:00,20.354974593131452,20.41558998557854,20.06911490682044,20.204811096191406,290708000,0.0,0.0
2021-07-14 00:00:00-04:00,20.312322668503903,20.372188248728314,19.70867315158552,19.797224044799805,380100000,0.0,0.0
2021-07-15 00:00:00-04:00,19.76753757883624,19.80270862400988,18.816414013293638,18.92392349243164,550564000,0.0,0.0
2021-07-16 00:00:00-04:00,18.988040719760114,19.11425765853663,18.03267657863888,18.120479583740234,688224000,0.0,0.0
2021-07-19 00:00:00-04:00,17.87527352298777,18.99950826063208,17.82563325949376,18.737844467163086,749060000,0.0,0.0
2021-07-20 00:00:00-04:00,18.688203709705867,18.795962510715192,18.123466749051826,18.570466995239258,434687000,0.0,4.0
2021-07-21 00:00:00-04:00,18.83986423648893,19.48342535694125,18.700177259556888,19.36668586730957,371017000,0.0,0.0
2021-07-22 00:00:00-04:00,19.598170937456786,19.842623177456858,19.232986505120362,19.550277709960938,323826000,0.0,0.0
2021-07-23 00:00:00-04:00,19.612137498497777,19.656039936097546,19.207043356145515,19.51435661315918,195672000,0.0,0.0
2021-07-26 00:00:00-04:00,19.26790448926892,19.398610751293184,18.871789209984744,19.25094223022461,203943000,0.0,0.0
2021-07-27 00:00:00-04:00,19.222012172569684,19.578215925957867,18.69918123958821,19.16514015197754,248863000,0.0,0.0
2021-07-28 00:00:00-04:00,19.275888967902034,19.60215891676379,18.952612583216847,19.4594783782959,202191000,0.0,0.0
2021-07-29 00:00:00-04:00,19.475441566253632,19.808697767774508,19.28486780665784,19.61812400817871,190781000,0.0,0.0
2021-07-30 00:00:00-04:00,19.374669578351813,19.586196410986457,19.220016666249848,19.455490112304688,183497000,0.0,0.0
2021-08-02 00:00:00-04:00,19.656039233859172,19.916456479690652,19.317795028840045,19.7059268951416,217444000,0.0,0.0
2021-08-03 00:00:00-04:00,19.69594907533359,20.17687382086152,19.17710902193863,19.770782470703125,301811000,0.0,0.0
2021-08-04 00:00:00-04:00,19.945391220735015,20.272660294584725,19.78375207608851,20.228757858276367,231309000,0.0,0.0
2021-08-05 00:00:00-04:00,20.454256579946396,20.686736469006593,20.29660819505483,20.59095001220703,211435000,0.0,0.0
2021-08-06 00:00:00-04:00,20.478199273286513,20.524096148760073,20.164898907628032,20.3205509185791,178497000,0.0,0.0
2021-08-09 00:00:00-04:00,20.400372185145788,20.46223410099579,20.098048857451968,20.249710083007812,146443000,0.0,0.0
2021-08-10 00:00:00-04:00,20.276652149351023,20.38441095043881,19.79073746939865,19.89151382446289,179238000,0.0,0.0
2021-08-11 00:00:00-04:00,19.9982710212323,20.0042581491868,19.3866400361588,19.655038833618164,185925000,0.0,0.0
2021-08-12 00:00:00-04:00,19.825660607005055,19.984304288652414,19.576218486098607,19.86058235168457,151652000,0.0,0.0
2021-08-13 00:00:00-04:00,19.860582533688213,20.168893013178696,19.806702182493282,20.1429500579834,183063000,0.0,0.0
2021-08-16 00:00:00-04:00,20.09006796888295,20.24172919957382,19.409588774585117,19.905481338500977,210876000,0.0,0.0
2021-08-17 00:00:00-04:00,19.641072122334368,19.72588343328819,19.224005625797794,19.414579391479492,204585000,0.0,0.0
2021-08-18 00:00:00-04:00,19.456483452348944,19.590185192021558,18.957599261263073,18.99751091003418,285913000,0.0,0.0
2021-08-19 00:00:00-04:00,19.450499831207676,20.449267516834226,18.720132893608813,19.753822326660156,766555000,0.0,0.0
2021-08-20 00:00:00-04:00,19.946390500496992,20.818440769765257,19.888521263811523,20.769550323486328,675741000,0.0,0.0
2021-08-23 00:00:00-04:00,20.924201575683597,21.947911015070833,20.903248530842916,21.908998489379883,575807000,0.0,0.0
2021-08-24 00:00:00-04:00,21.704461657874393,21.91000137513957,21.4869476815513,21.74437141418457,297299000,0.0,0.0
2021-08-25 00:00:00-04:00,21.68849539272734,22.419859572593847,21.673529472839984,22.163433074951172,347701000,0.0,0.0
2021-08-26 00:00:00-04:00,22.150458445376195,22.290145407367774,21.74137356832189,22.018753051757812,237940000,0.0,0.0
2021-08-27 00:00:00-04:00,22.134496340275508,22.671295897934026,22.1175340779144,22.585487365722656,304722000,0.0,0.0
2021-08-30 00:00:00-04:00,22.779050547135782,22.99157454349071,22.500673857239274,22.637367248535156,262580000,0.0,0.0
2021-08-31 00:00:00-04:00,22.648349605435055,22.648349605435055,22.07453267310366,22.338987350463867,259850000,0.004,0.0
2021-09-01 00:00:00-04:00,22.43877711477056,22.650341189597466,22.311039991651516,22.394866943359375,201767000,0.0,0.0
2021-09-02 00:00:00-04:00,22.471715025421343,22.546561628038457,22.249173817151615,22.349966049194336,187834000,0.0,0.0
2021-09-03 00:00:00-04:00,22.2791141607311,22.93875484692019,22.15437108458687,22.796049118041992,280532000,0.0,0.0
2021-09-07 00:00:00-04:00,22.786067428844145,22.85193175199729,22.475705860557778,22.615419387817383,198107000,0.0,0.0
2021-09-08 00:00:00-04:00,22.46672147869918,22.56352220177863,21.931822107945237,22.293079376220703,254434000,0.0,0.0
2021-09-09 00:00:00-04:00,22.26613906339988,22.49167436409393,22.08551134357219,22.13141632080078,196856000,0.0,0.0
2021-09-10 00:00:00-04:00,22.302065073465506,22.57949354520945,22.22422627932548,22.431798934936523,248376000,0.0,0.0
2021-09-13 00:00:00-04:00,22.63737624576519,22.91680143040649,21.81307375933028,22.106470108032227,297500000,0.0,0.0
2021-09-14 00:00:00-04:00,22.22921646157449,22.363939216302622,22.04060574701212,22.196285247802734,199755000,0.0,0.0
2021-09-15 00:00:00-04:00,22.2631425592537,22.321023900271747,21.920847204700245,22.295076370239258,166538000,0.0,0.0
2021-09-16 00:00:00-04:00,22.1374064988517,22.231213157906875,21.8819321534371,22.196285247802734,156033000,0.0,0.0
2021-09-17 00:00:00-04:00,22.254155878288213,22.275112616046236,21.78512276887462,21.854978561401367,294503000,0.0,0.0
2021-09-20 00:00:00-04:00,21.102534175277412,21.38894489978741,20.619529786404915,21.069602966308594,349440000,0.0,0.0
2021-09-21 00:00:00-04:00,21.37297767708859,21.380960654634446,20.90693852871404,21.202329635620117,204688000,0.0,0.0
2021-09-22 00:00:00-04:00,21.322076293117334,21.91485504680401,21.15242569269624,21.89589500427246,268726000,0.0,0.0
2021-09-23 00:00:00-04:00,22.094489243871266,22.488677753626337,21.845003134420406,22.435787200927734,248555000,0.0,0.0
2021-09-24 00:00:00-04:00,22.02463313008802,22.10347121162325,21.816063110959004,22.03561019897461,217655000,0.0,0.0
2021-09-27 00:00:00-04:00,21.665374981095614,21.754192745335704,21.281168009429962,21.615478515625,245215000,0.0,0.0
2021-09-28 00:00:00-04:00,21.17039292521659,21.374971448404203,20.608548606029547,20.656450271606445,343069000,0.0,0.0
2021-09-29 00:00:00-04:00,20.89695571031384,20.9737970920563,20.424926544672726,20.474824905395508,218394000,0.0,0.0
2021-09-30 00:00:00-04:00,20.725309293039082,21.022697064179454,20.645473815850814,20.673416137695312,221009000,0.0,0.0
2021-10-01 00:00:00-04:00,20.707350501370968,20.816125716896938,20.161473920626037,20.69936752319336,240978000,0.0,0.0
2021-10-04 00:00:00-04:00,20.461853071607546,20.499775067963235,19.51480436585159,19.69144058227539,345635000,0.0,0.0
2021-10-05 00:00:00-04:00,19.9089926262976,20.605557809774158,19.813189288670248,20.40896224975586,279282000,0.0,0.0
2021-10-06 00:00:00-04:00,20.07864390366975,20.677409072761147,20.038725210568696,20.657451629638672,297202000,0.0,0.0
2021-10-07 00:00:00-04:00,21.048646320675772,21.27817502268132,20.92889403595207,21.03168296813965,256919000,0.0,0.0
2021-10-08 00:00:00-04:00,21.057628709469974,21.162412435012104,20.732298558657803,20.788183212280273,151258000,0.0,0.0
2021-10-11 00:00:00-04:00,20.532705933838944,21.019701745235178,20.468836413759362,20.65245819091797,163388000,0.0,0.0
2021-10-12 00:00:00-04:00,20.78519215653204,21.013721593301668,20.48580949597543,20.628515243530273,162134000,0.0,0.0
2021-10-13 00:00:00-04:00,20.875005015633054,20.946857531416242,20.670426442853337,20.89596176147461,180652000,0.0,0.0
2021-10-14 00:00:00-04:00,21.24424093983298,21.710280040317638,21.07858180049667,21.7012996673584,243589000,0.0,0.0
2021-10-15 00:00:00-04:00,21.76516541213315,21.885916965982197,21.617470838300605,21.817058563232422,226994000,0.0,0.0
2021-10-18 00:00:00-04:00,21.70429747873108,22.245183264844428,21.599511849969776,22.17632484436035,189494000,0.0,0.0
2021-10-19 00:00:00-04:00,22.230213334226427,22.33300226921285,21.991706154686064,22.244186401367188,161473000,0.0,0.0
2021-10-20 00:00:00-04:00,22.259152047447255,22.38688920042201,21.936816024402503,22.057567596435547,146276000,0.0,0.0
2021-10-21 00:00:00-04:00,22.05157523880334,22.66431335655304,22.037604079563785,22.64535140991211,187590000,0.0,0.0
2021-10-22 00:00:00-04:00,22.776087696887597,23.082455872198555,22.51462710104004,22.67928695678711,249384000,0.0,0.0
2021-10-25 00:00:00-04:00,22.925773646601172,23.306988333243538,22.72319183981587,23.118377685546875,230235000,0.0,0.0
2021-10-26 00:00:00-04:00,23.939692534950368,25.207082591726095,23.874825605142483,24.666194915771484,485898000,0.0,0.0
2021-10-27 00:00:00-04:00,24.42369501670846,25.038428062047632,24.232088329597563,24.400741577148438,245990000,0.0,0.0
2021-10-28 00:00:00-04:00,24.826864037496623,24.89871654547079,24.47259418957567,24.889734268188477,234204000,0.0,0.0
2021-10-29 00:00:00-04:00,24.94960969141113,25.656154574337645,24.94861229510661,25.514446258544922,292503000,0.0,0.0
2021-11-01 00:00:00-04:00,25.59627881018903,25.84077414831852,25.17514534532995,25.77391242980957,265740000,0.0,0.0
2021-11-02 00:00:00-04:00,25.768920900082524,26.62316030481337,25.74696485932054,26.346729278564453,294112000,0.0,0.0
2021-11-03 00:00:00-04:00,26.615177925392462,26.72894390976585,26.18107263291449,26.543325424194336,239910000,0.0,0.0
2021-11-04 00:00:00-04:00,27.17302872617055,31.30052653095148,27.062256834548624,29.739742279052734,1153631000,0.0,0.0
2021-11-05 00:00:00-04:00,30.12495468332111,31.335460859243494,29.349551282958743,29.69084930419922,851260000,0.0,0.0
2021-11-08 00:00:00-05:00,30.08703201614871,31.036077547189436,29.845528843477773,30.740686416625977,503101000,0.0,0.0
2021-11-09 00:00:00-05:00,32.215644336725056,32.243586659600666,29.9024083019337,30.593982696533203,646746000,0.0,0.0
2021-11-10 00:00:00-05:00,29.29565811512244,30.786586602763936,28.718845203917095,29.39844512939453,636206000,0.0,0.0
2021-11-11 00:00:00-05:00,30.405370591178073,30.527119549916076,29.715791021450595,30.327529907226562,332172000,0.0,0.0
2021-11-12 00:00:00-05:00,29.948311870229972,30.616934698783563,29.56909192980548,30.327529907226562,413054000,0.0,0.0
2021-11-15 00:00:00-05:00,30.48919878124828,30.581008726244367,29.186880973756832,29.963281631469727,384909000,0.0,0.0
2021-11-16 00:00:00-05:00,29.697829247202147,30.3275308006158,29.644936791171745,30.140914916992188,264484000,0.0,0.0
2021-11-17 00:00:00-05:00,30.355474709419386,30.446289165355424,28.740800497149056,29.20085334777832,428508000,0.0,0.0
2021-11-18 00:00:00-05:00,32.30046694089971,32.69265683604596,31.256615668173605,31.609888076782227,781711000,0.0,0.0
2021-11-19 00:00:00-05:00,32.17672655199687,33.01999092531616,31.839421944726077,32.91720199584961,533867000,0.0,0.0
2021-11-22 00:00:00-05:00,33.44810439942293,34.57578276040281,31.834429453313092,31.89031410217285,754335000,0.0,0.0
2021-11-23 00:00:00-05:00,31.470177454770493,32.29348237107467,30.81652316774115,31.680744171142578,532163000,0.0,0.0
2021-11-24 00:00:00-05:00,31.396335881375414,32.78746977215828,30.86443045905106,32.606842041015625,435162000,0.0,0.0
2021-11-26 00:00:00-05:00,32.53298515826952,32.64275964880542,31.28555659079967,31.438241958618164,283069000,0.0,0.0
2021-11-29 00:00:00-05:00,32.2994625415359,33.34330978107984,31.970139133980645,33.3073844909668,454964000,0.0,0.0
2021-11-30 00:00:00-05:00,33.10082385631525,33.28444758524314,31.79850772473219,32.60883712768555,622066000,0.0,0.0
2021-12-01 00:00:00-05:00,33.15477484562234,33.22463920028377,31.31932783633501,31.374221801757812,484368000,0.004,0.0
2021-12-02 00:00:00-05:00,31.153653016640646,32.41520919739524,30.96501733909854,32.06388854980469,472890000,0.0,0.0
2021-12-03 00:00:00-05:00,31.938133623399295,32.06688583887325,30.07174810217101,30.6336612701416,544325000,0.0,0.0
2021-12-06 00:00:00-05:00,29.822225866298243,30.182527929896484,27.98378833699991,29.978923797607422,658938000,0.0,0.0
2021-12-07 00:00:00-05:00,30.8971555680558,32.38627185620061,30.59174545827344,32.36431121826172,593053000,0.0,0.0
2021-12-08 00:00:00-05:00,31.937136928475184,32.227574704104825,31.36025335466527,31.76447105407715,475551000,0.0,0.0
2021-12-09 00:00:00-05:00,31.672651577011102,32.142743620864294,30.36917655962979,30.43105697631836,488507000,0.0,0.0
2021-12-10 00:00:00-05:00,31.089775108201945,31.24447612099294,29.80326766525303,30.139616012573242,488825000,0.0,0.0
2021-12-13 00:00:00-05:00,30.190518430638814,30.235431505717692,28.06164095629319,28.10655403137207,598344000,0.0,0.0
2021-12-14 00:00:00-05:00,27.645446231268327,28.62255352658214,27.1973149206465,28.28221321105957,667035000,0.0,0.0
2021-12-15 00:00:00-05:00,28.345091097360005,30.441031340908875,27.784177393279027,30.400110244750977,698297000,0.0,0.0
2021-12-16 00:00:00-05:00,31.091772658065082,31.099756612539498,28.038686765312615,28.332117080688477,707366000,0.0,0.0
2021-12-17 00:00:00-05:00,27.930895789317223,28.866084513821278,27.706330412496648,27.747251510620117,713758000,0.0,0.0
2021-12-20 00:00:00-05:00,27.25220994036055,28.08958664914624,27.092519430074276,27.665409088134766,461847000,0.0,0.0
2021-12-21 00:00:00-05:00,28.319146201461134,29.06370427813322,27.348025787144877,29.01879119873047,524385000,0.0,0.0
2021-12-22 00:00:00-05:00,28.8351458054204,29.497861653248666,28.393998983391853,29.34316062927246,395184000,0.0,0.0
2021-12-23 00:00:00-05:00,29.697474358812528,30.000887493948582,29.37410133609741,29.58269691467285,343022000,0.0,0.0
2021-12-27 00:00:00-05:00,29.60265275302843,31.026893719009394,29.582690965802353,30.885168075561523,403686000,0.0,0.0
2021-12-28 00:00:00-05:00,31.251465890177478,31.269430741139406,29.953977992076766,30.26338005065918,420591000,0.0,0.0
2021-12-29 00:00:00-05:00,30.214470446589925,30.488938376760974,29.309222561431618,29.942995071411133,343139000,0.0,0.0
2021-12-30 00:00:00-05:00,29.769330409557224,30.398113396990578,29.482886560839695,29.528797149658203,308864000,0.0,0.0
2021-12-31 00:00:00-05:00,29.616627511446417,29.971940112811122,29.274290262971935,29.354135513305664,266530000,0.0,0.0
2022-01-03 00:00:00-05:00,29.757358865642377,30.651626527613114,29.727416179654284,30.062767028808594,391547000,0.0,0.0
2022-01-04 00:00:00-05:00,30.218462985082912,30.40909369115047,28.294191075815277,29.23337173461914,527154000,0.0,0.0
2022-01-05 00:00:00-05:00,28.893029463658266,29.359127526177748,27.479768693565187,27.550630569458008,498064000,0.0,0.0
2022-01-06 00:00:00-05:00,27.586559964920273,28.38301743954945,27.01267281731573,28.123519897460938,454186000,0.0,0.0
2022-01-07 00:00:00-05:00,28.086597173535353,28.367054067504238,27.004691277778065,27.194324493408203,409939000,0.0,0.0
2022-01-10 00:00:00-05:00,26.529606264497083,27.415889845673522,25.594417635721964,27.347023010253906,594681000,0.0,0.0
2022-01-11 00:00:00-05:00,27.27017541907624,28.010741462593767,26.787111899859354,27.763219833374023,404089000,0.0,0.0
2022-01-12 00:00:00-05:00,28.012733594807443,28.53971261700627,27.554621408963357,27.944866180419922,383413000,0.0,0.0
2022-01-13 00:00:00-05:00,28.324133734411912,28.424938300544927,26.44676981062193,26.523622512817383,540171000,0.0,0.0
2022-01-14 00:00:00-05:00,26.24915265168228,27.1444197184354,26.159326499116265,26.889911651611328,395832000,0.0,0.0
2022-01-18 00:00:00-05:00,26.209224878661743,26.586494250955788,25.720172552698546,25.852914810180664,424270000,0.0,0.0
2022-01-19 00:00:00-05:00,26.028586030738563,26.491687849182274,25.003570942379152,25.01854133605957,488315000,0.0,0.0
2022-01-20 00:00:00-05:00,25.255077800339837,25.529545731359246,24.031446427083026,24.103307723999023,435181000,0.0,0.0
2022-01-21 00:00:00-05:00,23.461552019986037,24.775007677466373,23.218024282355426,23.32880973815918,718958000,0.0,0.0
2022-01-24 00:00:00-05:00,22.286823865991998,23.33479288237122,20.847612601237156,23.32680892944336,913982000,0.0,0.0
2022-01-25 00:00:00-05:00,22.502410844337714,22.898644579433583,21.957466910396736,22.280839920043945,664616000,0.0,0.0
2022-01-26 00:00:00-05:00,23.195069558309832,24.010489477432596,22.256886340278513,22.72797393798828,755959000,0.0,0.0
2022-01-27 00:00:00-05:00,23.52243384836739,23.948608321885434,21.63309226715212,21.901573181152344,573353000,0.0,0.0
2022-01-28 00:00:00-05:00,21.969444731157765,22.813809883208478,21.254829324418658,22.79584503173828,543774000,0.0,0.0
2022-01-31 00:00:00-05:00,23.137181729796545,24.46161782547409,23.00743389482427,24.438661575317383,564680000,0.0,0.0
2022-02-01 00:00:00-05:00,25.0554650218014,25.0963861195441,23.843811420300632,24.59036636352539,518925000,0.0,0.0
2022-02-02 00:00:00-05:00,25.74413004951072,25.767084393020323,24.505528293848347,25.19319725036621,543419000,0.0,0.0
2022-02-03 00:00:00-05:00,24.4107113163615,25.02851397918987,23.734022713171655,23.901697158813477,410178000,0.0,0.0
2022-02-04 00:00:00-05:00,23.925651076488982,24.587369295180423,23.586308302613325,24.27198028564453,354829000,0.0,0.0
2022-02-07 00:00:00-05:00,24.324880318773864,25.133313778359717,24.155208910844877,24.680192947387695,376868000,0.0,0.0
2022-02-08 00:00:00-05:00,24.31190344360398,25.18121973728533,23.933636493420686,25.05945587158203,410359000,0.0,0.0
2022-02-09 00:00:00-05:00,25.57246170515625,26.673329784734484,25.303982693125686,26.65336799621582,524282000,0.0,0.0
2022-02-10 00:00:00-05:00,25.944743476270883,26.87294386426825,25.55050669154954,25.774072647094727,513200000,0.0,0.0
2022-02-11 00:00:00-05:00,25.865892523567283,26.101436285260135,23.727036302814017,23.902694702148438,605472000,0.0,0.0
2022-02-14 00:00:00-05:00,23.887724983214174,24.82690559783672,23.709070216725344,24.220081329345703,440424000,0.0,0.0
2022-02-15 00:00:00-05:00,24.90076638723711,26.493681567004096,24.73608636580203,26.44377899169922,699869000,0.0,0.0
2022-02-16 00:00:00-05:00,26.208231811287334,26.530607279677454,25.502597989095346,26.45974349975586,732676000,0.0,0.0
2022-02-17 00:00:00-05:00,25.580445575519956,25.73514658054274,24.118279789032503,24.459617614746094,810595000,0.0,0.0
2022-02-18 00:00:00-05:00,24.620305983753607,24.93769195223297,23.05533867775434,23.596290588378906,761255000,0.0,0.0
2022-02-22 00:00:00-05:00,22.990462982791453,24.01747279961412,22.955530805597544,23.344776153564453,633422000,0.0,0.0
2022-02-23 00:00:00-05:00,23.755980792771823,24.108298935289074,22.257883403820344,22.34371566772461,566511000,0.0,0.0
2022-02-24 00:00:00-05:00,20.974371284148294,23.753986916908737,20.849612945501377,23.70208740234375,735801000,0.0,0.0
2022-02-25 00:00:00-05:00,23.67514026050262,24.17017971684617,23.335797438813806,24.11029624938965,528866000,0.0,0.0
2022-02-28 00:00:00-05:00,23.94561268337216,24.617311790775407,23.661163875602178,24.337852478027344,477319000,0.0,0.0
2022-03-01 00:00:00-05:00,24.244037444614957,24.329871618461585,23.087277797297364,23.431610107421875,412056000,0.0,0.0
2022-03-02 00:00:00-05:00,23.714109379928413,24.36595776316323,23.37371109259494,24.177289962768555,389642000,0.004,0.0
2022-03-03 00:00:00-05:00,24.21922194555036,24.283110186361423,23.427620842894797,23.672189712524414,365095000,0.0,0.0
2022-03-04 00:00:00-05:00,23.342771281446925,23.638248916911902,22.44236121609132,22.89556121826172,431415000,0.0,0.0
2022-03-07 00:00:00-05:00,22.776767102643568,22.99238774615269,21.29238955966222,21.314350128173828,450821000,0.0,0.0
2022-03-08 00:00:00-05:00,21.271426231053603,22.333549276082426,20.613587838111286,21.476064682006836,557467000,0.0,0.0
2022-03-09 00:00:00-05:00,22.347522120331348,23.17905339926174,22.20776960420363,22.973417282104492,492742000,0.0,0.0
2022-03-10 00:00:00-05:00,22.49127084816649,22.7478176453068,21.843415073164238,22.6180477142334,428066000,0.0,0.0
2022-03-11 00:00:00-05:00,22.981400580014764,23.10418476897103,22.00712190165807,22.06102752685547,367209000,0.0,0.0
2022-03-14 00:00:00-04:00,21.830434149076265,22.222740754896257,21.121687126936163,21.29238510131836,385354000,0.0,0.0
2022-03-15 00:00:00-04:00,21.480062338529237,22.997382959398443,21.284408749326182,22.932497024536133,491996000,0.0,0.0
2022-03-16 00:00:00-04:00,23.45856243097872,24.553628211845854,23.131141677093435,24.45280647277832,671422000,0.0,0.0
2022-03-17 00:00:00-04:00,24.077471154131192,24.798196302698308,23.863847789795177,24.722332000732422,471941000,0.0,0.0
2022-03-18 00:00:00-04:00,24.755270261820684,26.5221495744112,24.5805796111346,26.406352996826172,730719000,0.0,0.0
2022-03-21 00:00:00-04:00,26.460262007525532,27.10412518053831,25.921213238309566,26.686861038208008,591727000,0.0,0.0
2022-03-22 00:00:00-04:00,26.679873158121083,27.189973726396275,26.02602929912915,26.477231979370117,547007000,0.0,0.0
2022-03-23 00:00:00-04:00,26.079931563168326,26.56507466192013,25.529904449568786,25.58880043029785,502120000,0.0,0.0
2022-03-24 00:00:00-04:00,26.11986190750109,28.270063093192512,25.86131782488274,28.10036277770996,877379000,0.0,0.0
2022-03-25 00:00:00-04:00,27.83682564076314,28.307993440069914,27.222910357307455,27.64316749572754,579016000,0.0,0.0
2022-03-28 00:00:00-04:00,27.707059896183978,28.20018833538596,27.158028538413475,28.16924285888672,425494000,0.0,0.0
2022-03-29 00:00:00-04:00,28.644401446440966,28.894958306684245,27.930662062478252,28.605470657348633,488984000,0.0,0.0
2022-03-30 00:00:00-04:00,28.25409196032564,28.44575284009706,27.454503782301863,27.64117431640625,463487000,0.0,0.0
2022-03-31 00:00:00-04:00,27.733010189112925,28.198188071817484,27.22191389271316,27.237884521484375,523440000,0.0,0.0
2022-04-01 00:00:00-04:00,27.32672893992416,27.44751586683608,26.220682903584812,26.664897918701172,517235000,0.0,0.0
2022-04-04 00:00:00-04:00,26.680870583661918,27.509406950687776,26.566073594108467,27.311756134033203,397120000,0.0,0.0
2022-04-05 00:00:00-04:00,27.205943962554,27.27082988410383,25.774472454795866,25.885276794433594,436615000,0.0,0.0
2022-04-06 00:00:00-04:00,24.89003527746439,25.255389153160042,23.960677101781798,24.363964080810547,703833000,0.0,0.0
2022-04-07 00:00:00-04:00,24.397904594724462,24.6784092608977,23.436603251438946,24.165315628051758,557992000,0.0,0.0
2022-04-08 00:00:00-04:00,23.874826939519217,23.88081687759532,23.021335019105305,23.07823371887207,524781000,0.0,0.0
2022-04-11 00:00:00-04:00,22.174828362922163,22.280640436406088,21.62180443778006,21.87835121154785,575207000,0.0,0.0
2022-04-12 00:00:00-04:00,22.497259071532707,22.684927279513232,21.244471063259667,21.466079711914062,662258000,0.0,0.0
2022-04-13 00:00:00-04:00,21.689686094459127,22.460324131590653,21.417166779097364,22.163846969604492,516943000,0.0,0.0
2022-04-14 00:00:00-04:00,22.465315151100608,22.736836786329683,21.125682500407688,21.22051429748535,569097000,0.0,0.0
2022-04-18 00:00:00-04:00,21.162616730014566,22.049049416277743,21.041829811732452,21.74458885192871,525701000,0.0,0.0
2022-04-19 00:00:00-04:00,21.681699582090733,22.33354799958623,21.276415360813395,22.158857345581055,512781000,0.0,0.0
2022-04-20 00:00:00-04:00,22.477299202476562,22.630029317672715,21.16262184320352,21.444124221801758,468974000,0.0,0.0
2022-04-21 00:00:00-04:00,21.670721632732782,22.35251790891269,19.964735361645406,20.14741325378418,656209000,0.0,0.0
2022-04-22 00:00:00-04:00,20.26719955217862,20.44987743487539,19.465615971491907,19.480588912963867,624713000,0.0,0.0
2022-04-25 00:00:00-04:00,19.168140672030763,19.909830566482615,19.062328587721677,19.866907119750977,641566000,0.0,0.0
2022-04-26 00:00:00-04:00,19.683231811083985,19.753108075976066,18.63707940645143,18.754871368408203,653143000,0.0,0.0
2022-04-27 00:00:00-04:00,18.565204266444386,19.133201147980134,18.257748727324,18.38252830505371,499460000,0.0,0.0
2022-04-28 00:00:00-04:00,18.933556381034744,20.001671352987184,18.457398144847,19.747119903564453,570327000,0.0,0.0
2022-04-29 00:00:00-04:00,19.36779142646502,20.09251119840402,18.484351602327767,18.514299392700195,500435000,0.0,0.0
2022-05-02 00:00:00-04:00,18.508306677557925,19.53948420995558,18.35857155612756,19.498558044433594,572049000,0.0,0.0
2022-05-03 00:00:00-04:00,19.36579084051425,19.79004256378469,19.099261454041525,19.567434310913086,475751000,0.0,0.0
2022-05-04 00:00:00-04:00,19.887868830192616,20.364026989571897,18.717934609583033,20.29814338684082,648855000,0.0,0.0
2022-05-05 00:00:00-04:00,19.831970796985615,19.889867190140663,18.46738053235109,18.810773849487305,626331000,0.0,0.0
2022-05-06 00:00:00-04:00,18.7029678624301,19.477598819171288,17.958282796128376,18.642074584960938,633297000,0.0,0.0
2022-05-09 00:00:00-04:00,18.00220081323754,18.222809887329202,16.79732840064044,16.92011260986328,644455000,0.0,0.0
2022-05-10 00:00:00-04:00,17.657806577427667,18.16590978890649,16.99497790989981,17.56397247314453,761474000,0.0,0.0
2022-05-11 00:00:00-04:00,17.316410271106523,17.721694464260565,16.538784636687943,16.60067367553711,670167000,0.0,0.0
2022-05-12 00:00:00-04:00,16.190399781878746,16.75839666865511,15.539550023935458,16.14647674560547,708728000,0.0,0.0
2022-05-13 00:00:00-04:00,16.758397445943917,17.896386648845493,16.563741598498687,17.67477798461914,670437000,0.0,0.0
2022-05-16 00:00:00-04:00,17.478125554261457,17.75663289781755,17.07583632290922,17.233556747436523,521446000,0.0,0.0
2022-05-17 00:00:00-04:00,18.042129937144267,18.33860712731935,17.60290714990144,18.144948959350586,585830000,0.0,0.0
2022-05-18 00:00:00-04:00,17.673780282023053,18.08605213605823,16.834263633079882,16.908132553100586,545161000,0.0,0.0
2022-05-19 00:00:00-04:00,16.907136667863853,17.65581425511469,16.704493580378365,17.093807220458984,621310000,0.0,0.0
2022-05-20 00:00:00-04:00,17.301439650730654,17.379301231839957,15.727219718341468,16.66456413269043,739105000,0.0,0.0
2022-05-23 00:00:00-04:00,16.24530571772281,16.885176247645457,16.150473907934177,16.868206024169922,639889000,0.0,0.0
2022-05-24 00:00:00-04:00,16.48088814806781,16.56773463435827,15.752174861917103,16.12551498413086,588550000,0.0,0.0
2022-05-25 00:00:00-04:00,15.991754187297795,17.080830153303886,15.971788994098624,16.945070266723633,781132000,0.0,0.0
2022-05-26 00:00:00-04:00,16.00772445863074,18.060099054501247,15.993749204502766,17.81952476501465,996575000,0.0,0.0
2022-05-27 00:00:00-04:00,18.15393407231878,18.84770829801262,18.068085271445213,18.77783203125,738379000,0.0,0.0
2022-05-31 00:00:00-04:00,18.94653566856395,19.166149002373768,18.317647267167107,18.639080047607422,664100000,0.0,0.0
2022-06-01 00:00:00-04:00,18.690983767171357,19.01940218977042,18.09004412210462,18.287694931030273,544514000,0.0,0.0
2022-06-02 00:00:00-04:00,18.25974616242298,19.584405973838475,18.165912046478592,19.557453155517578,648656000,0.0,0.0
2022-06-03 00:00:00-04:00,19.04835384760268,19.297913027935877,18.489339912786797,18.68699073791504,598779000,0.0,0.0
2022-06-06 00:00:00-04:00,19.10525646366503,19.30290732929542,18.53126946968443,18.752878189086914,422406000,0.0,0.0
2022-06-07 00:00:00-04:00,18.439427797960548,18.96649663523193,18.15592818906813,18.892627716064453,388914000,0.0,0.0
2022-06-08 00:00:00-04:00,18.76981947875276,19.15022859840962,18.506229327517012,18.619054794311523,363252000,0.004,0.0
2022-06-09 00:00:00-04:00,18.452313635347775,18.903611679964875,18.01299609524454,18.01998519897461,395574000,0.0,0.0
2022-06-10 00:00:00-04:00,17.572682529347194,17.669532092614485,16.842816252604898,16.947654724121094,465248000,0.0,0.0
2022-06-13 00:00:00-04:00,15.975163876009786,16.28667984582384,15.581775412240182,15.622712135314941,604153000,0.0,0.0
2022-06-14 00:00:00-04:00,15.706581974951327,16.04106201936239,15.388076889347474,15.811419486999512,469680000,0.0,0.0
2022-06-15 00:00:00-04:00,16.070014185322673,16.841814932140252,15.901276860613777,16.501344680786133,563936000,0.0,0.0
2022-06-16 00:00:00-04:00,15.835380972284335,15.917254419069693,15.377093820674675,15.576783180236816,545749000,0.0,0.0
2022-06-17 00:00:00-04:00,15.623712143851597,15.970173679066958,15.304209127899398,15.855352401733398,630334000,0.0,0.0
2022-06-21 00:00:00-04:00,16.44942865985989,16.981600402488183,16.381533414039843,16.540287017822266,483089000,0.0,0.0
2022-06-22 00:00:00-04:00,16.200807716945178,16.63613161603984,16.15487960777826,16.3346004486084,437135000,0.0,0.0
2022-06-23 00:00:00-04:00,16.493356178297404,16.559253709347978,15.828390615966093,16.199813842773438,463680000,0.0,0.0
2022-06-24 00:00:00-04:00,16.47438711137464,17.113393032351116,16.2846815144393,17.099414825439453,472153000,0.0,0.0
2022-06-27 00:00:00-04:00,17.285128566242904,17.30310027621306,16.600192553602746,16.842815399169922,427968000,0.0,0.0
2022-06-28 00:00:00-04:00,16.873765723191674,17.175296973833603,15.920248247332506,15.957191467285156,461149000,0.0,0.0
2022-06-29 00:00:00-04:00,15.789453787872143,15.795444040528261,15.146453345274413,15.517875671386719,482352000,0.0,0.0
2022-06-30 00:00:00-04:00,15.337155541620188,15.542836100215856,14.838930531324044,15.135469436645508,686070000,0.0,0.0
2022-07-01 00:00:00-04:00,14.875872599017027,15.039617581640591,14.369659640512438,14.500455856323242,577610000,0.0,0.0
2022-07-05 00:00:00-04:00,14.152998117707567,14.947762114562595,14.033184492904027,14.940773010253906,651397000,0.0,0.0
2022-07-06 00:00:00-04:00,14.986700366030874,15.295220723870164,14.766042751623154,15.106513977050781,529066000,0.0,0.0
2022-07-07 00:00:00-04:00,15.432009966052165,15.920250321969826,15.365113573042285,15.833385467529297,492903000,0.0,0.0
2022-07-08 00:00:00-04:00,15.406048858995538,16.012106984675512,15.365112136209438,15.81341552734375,467972000,0.0,0.0
2022-07-11 00:00:00-04:00,15.50189899317143,15.502897844600374,15.014656599989385,15.128479957580566,437321000,0.0,0.0
2022-07-12 00:00:00-04:00,15.244298205682169,15.407045277525851,14.853905384408769,15.058587074279785,458483000,0.0,0.0
2022-07-13 00:00:00-04:00,14.567350728800742,15.351131947423891,14.442544778008678,15.140459060668945,521918000,0.0,0.0
2022-07-14 00:00:00-04:00,15.084547722465837,15.448980906104412,14.705137480469018,15.348137855529785,456235000,0.0,0.0
2022-07-15 00:00:00-04:00,15.634694710520902,15.757502984142945,15.421026177578668,15.737534523010254,385935000,0.0,0.0
2022-07-18 00:00:00-04:00,16.276692201575525,16.87076781539133,15.977158694727871,16.076004028320312,670517000,0.0,0.0
2022-07-19 00:00:00-04:00,16.460412503740734,17.083444555559367,16.14690067891498,16.965627670288086,702366000,0.0,0.0
2022-07-20 00:00:00-04:00,16.920694158582595,17.90516367987839,16.774920881624166,17.77935791015625,760538000,0.0,0.0
2022-07-21 00:00:00-04:00,17.857239294768945,18.11583614993519,17.517766887314608,18.021982192993164,557049000,0.0,0.0
2022-07-22 00:00:00-04:00,17.865224557589684,17.93910909409701,17.110397569443286,17.292116165161133,536671000,0.0,0.0
2022-07-25 00:00:00-04:00,16.992582454358388,17.09742092220505,16.623157829488665,16.997575759887695,480748000,0.0,0.0
2022-07-26 00:00:00-04:00,16.862783963132348,16.8927380811664,16.452422639321977,16.50733757019043,397865000,0.0,0.0
2022-07-27 00:00:00-04:00,17.005559778739524,17.908157678578863,16.886745027673552,17.76238441467285,569776000,0.0,0.0
2022-07-28 00:00:00-04:00,17.947098395523145,18.11184128131467,17.412929010303365,17.956083297729492,474646000,0.0,0.0
2022-07-29 00:00:00-04:00,17.785350474084527,18.21568123422587,17.66453800022714,18.134807586669922,435460000,0.0,0.0
2022-08-01 00:00:00-04:00,18.153771997363968,18.816742612517846,17.962070637423846,18.412370681762695,476469000,0.0,0.0
2022-08-02 00:00:00-04:00,18.093867889937076,18.90860114970087,18.06391377512959,18.49724006652832,489527000,0.0,0.0
2022-08-03 00:00:00-04:00,18.155775030673695,18.93855851148196,18.108847099868385,18.86367416381836,418146000,0.0,0.0
2022-08-04 00:00:00-04:00,18.81974007621488,19.244079552001388,18.730877537420913,19.185171127319336,409652000,0.0,0.0
2022-08-05 00:00:00-04:00,18.780801158866524,19.199151379943174,18.63702558545363,18.959524154663086,386068000,0.0,0.0
2022-08-08 00:00:00-04:00,17.474830337887887,18.210685716204278,17.215233738780228,17.765377044677734,981859000,0.0,0.0
2022-08-09 00:00:00-04:00,17.225219526625484,17.41991651210645,16.69803929354924,17.059476852416992,668263000,0.0,0.0
2022-08-10 00:00:00-04:00,17.67052974485206,18.089877911887235,17.290120601578668,18.068910598754883,597422000,0.0,0.0
2022-08-11 00:00:00-04:00,18.10285217554872,18.67795814995378,17.848246996098702,17.91414451599121,509327000,0.0,0.0
2022-08-12 00:00:00-04:00,18.13181260063338,18.688947058394234,17.925133166712452,18.679960250854492,478094000,0.0,0.0
2022-08-15 00:00:00-04:00,18.671972967328774,19.134253654667226,18.584110213938448,19.002458572387695,457666000,0.0,0.0
2022-08-16 00:00:00-04:00,18.89062810701759,19.11228358951399,18.47227795040579,18.84969139099121,451240000,0.0,0.0
2022-08-17 00:00:00-04:00,18.494249352454208,18.658992249502052,18.116835824302285,18.30653953552246,446799000,0.0,0.0
2022-08-18 00:00:00-04:00,18.272590927539937,18.83571457607667,18.154774075074336,18.743858337402344,415447000,0.0,0.0
2022-08-19 00:00:00-04:00,18.37743332173189,18.491256709312633,17.74242073797383,17.821298599243164,441588000,0.0,0.0
2022-08-22 00:00:00-04:00,17.462848398941674,17.530743628369223,16.93966168585565,17.007556915283203,409593000,0.0,0.0
2022-08-23 00:00:00-04:00,16.962627909583983,17.437888836392574,16.94365639819852,17.154329299926758,369986000,0.0,0.0
2022-08-24 00:00:00-04:00,16.985593596633255,17.37898304673185,16.868776526107535,17.195268630981445,522661000,0.0,0.0
2022-08-25 00:00:00-04:00,16.817853882408595,17.919142398294323,16.80687127701837,17.885194778442383,770691000,0.0,0.0
2022-08-26 00:00:00-04:00,17.829283522466564,17.89617896439729,16.211797175282506,16.23476219177246,769127000,0.0,0.0
2022-08-29 00:00:00-04:00,15.995133924685081,16.312639207198323,15.742526376842438,15.776473045349121,496132000,0.0,0.0
2022-08-30 00:00:00-04:00,15.93522467499421,16.01410156014586,15.158432518208786,15.443988800048828,530181000,0.0,0.0
2022-08-31 00:00:00-04:00,15.360117853461658,15.515875817701323,14.935777428871644,15.070568084716797,573710000,0.0,0.0
2022-09-01 00:00:00-04:00,14.186942340955959,14.35767736958631,13.249400817146027,13.915365219116211,1178865000,0.0,0.0
2022-09-02 00:00:00-04:00,14.078112245537563,14.149001175520134,13.56990161470963,13.625815391540527,743157000,0.0,0.0
2022-09-06 00:00:00-04:00,13.709686328420531,13.757612156734154,13.330276060121674,13.444099426269531,535751000,0.0,0.0
2022-09-07 00:00:00-04:00,13.545970723388965,13.820626019078334,13.329243169761526,13.696781158447266,512657000,0.004,0.0
2022-09-08 00:00:00-04:00,13.442100625906576,13.990412045199538,13.352214429237836,13.972434043884277,624873000,0.0,0.0
2022-09-09 00:00:00-04:00,14.139224819065335,14.455827199487729,14.108264556321975,14.368936538696289,486612000,0.0,0.0
2022-09-12 00:00:00-04:00,14.350958876155167,14.528734878407432,14.18017310182383,14.486787796020508,484159000,0.0,0.0
2022-09-13 00:00:00-04:00,13.784671426649664,13.904520650543393,13.082553985169255,13.114513397216797,714956000,0.0,0.0
2022-09-14 00:00:00-04:00,13.23735723747835,13.273312285293565,12.896785812619402,13.111515998840332,588507000,0.0,0.0
2022-09-15 00:00:00-04:00,12.998657958319333,13.21638368394048,12.773940100304305,12.912765502929688,523625000,0.0,0.0
2022-09-16 00:00:00-04:00,12.726001122679447,13.195411270329165,12.601158069233653,13.181428909301758,670751000,0.0,0.0
2022-09-19 00:00:00-04:00,12.995663732250092,13.446097722537223,12.993666387993636,13.365199089050293,569685000,0.0,0.0
2022-09-20 00:00:00-04:00,13.198407796353832,13.4660709531129,13.040606184015623,13.159456253051758,524818000,0.0,0.0
2022-09-21 00:00:00-04:00,13.196410364553508,14.013383142940281,13.09353904887106,13.244349479675293,807679000,0.0,0.0
2022-09-22 00:00:00-04:00,13.053589709999544,13.132490994300221,12.412396524843558,12.545228958129883,759162000,0.0,0.0
2022-09-23 00:00:00-04:00,12.404404072029587,12.595164214857899,12.241608647210441,12.500283241271973,663309000,0.0,0.0
2022-09-26 00:00:00-04:00,12.475315780941502,12.643105051772439,12.198663170837841,12.212645530700684,547343000,0.0,0.0
2022-09-27 00:00:00-04:00,12.49129892555737,12.720011534859758,12.242611919153148,12.397417068481445,553854000,0.0,0.0
2022-09-28 00:00:00-04:00,12.39441703024492,12.80689854678782,12.338487591385359,12.72000789642334,542414000,0.0,0.0
2022-09-29 00:00:00-04:00,12.43237195031438,12.484306711955009,11.931002337538773,12.204658508300781,532763000,0.0,0.0
2022-09-30 00:00:00-04:00,12.07182166189156,12.617136503289938,12.059836647054924,12.123756408691406,565638000,0.0,0.0
2022-10-03 00:00:00-04:00,12.331496475400929,12.66208117925796,12.089799766259942,12.496289253234863,547478000,0.0,0.0
2022-10-04 00:00:00-04:00,12.862828434100942,13.203400820052057,12.862828434100942,13.150466918945312,584182000,0.0,0.0
2022-10-05 00:00:00-04:00,12.89478814053337,13.30427315849744,12.605152326426335,13.192413330078125,507131000,0.0,0.0
2022-10-06 00:00:00-04:00,13.203402054182803,13.638854510072967,13.086548373024156,13.11351490020752,644157000,0.0,0.0
2022-10-07 00:00:00-04:00,12.489299987372316,12.654092790461354,12.006906595827768,12.06083869934082,672478000,0.0,0.0
2022-10-10 00:00:00-04:00,12.02188568072584,12.10877633421103,11.393675761746923,11.655346870422363,698699000,0.0,0.0
2022-10-11 00:00:00-04:00,11.546483912922639,11.831125915365966,11.268833090820673,11.571453094482422,667482000,0.0,0.0
2022-10-12 00:00:00-04:00,11.564461695947893,11.720265004547636,11.330755304332975,11.485560417175293,492590000,0.0,0.0
2022-10-13 00:00:00-04:00,10.95722491597618,12.062835356186497,10.799423302844042,11.94498348236084,850103000,0.0,0.0
2022-10-14 00:00:00-04:00,12.0418607547837,12.095792850477494,11.189932138993667,11.212903022766113,713432000,0.0,0.0
2022-10-17 00:00:00-04:00,11.503540093006372,11.933000581052443,11.502541897020954,11.873075485229492,580774000,0.0,0.0
2022-10-18 00:00:00-04:00,12.328500398811965,12.476314329749629,11.603412151905342,11.951973915100098,659362000,0.0,0.0
2022-10-19 00:00:00-04:00,11.864084673089435,12.334493965352559,11.819141098000895,12.035868644714355,523131000,0.0,0.0
2022-10-20 00:00:00-04:00,12.097790381957378,12.752966821066378,12.089800053684597,12.178689002990723,652398000,0.0,0.0
2022-10-21 00:00:00-04:00,12.08280991281554,12.48230826375368,11.872075344682253,12.450347900390625,609494000,0.0,0.0
2022-10-24 00:00:00-04:00,12.492296031938748,12.69404207682602,12.048853249537009,12.583181381225586,517457000,0.0,0.0
2022-10-25 00:00:00-04:00,12.678061955431058,13.283301022718456,12.648098936943423,13.244349479675293,505482000,0.0,0.0
2022-10-26 00:00:00-04:00,12.852840947976517,13.371188345254836,12.692042862759553,12.879806518554688,532953000,0.0,0.0
2022-10-27 00:00:00-04:00,13.612886696752097,13.820625721091393,13.105524152883197,13.159456253051758,583113000,0.0,0.0
2022-10-28 00:00:00-04:00,13.087547371735592,13.832611021415424,13.04460113938634,13.816630363464355,521040000,0.0,0.0
2022-10-31 00:00:00-04:00,13.760698315334567,13.820623390124373,13.28030237881131,13.480051040649414,486341000,0.0,0.0
2022-11-01 00:00:00-04:00,13.793659368317671,13.907516554815446,13.502026173930659,13.525996208190918,432817000,0.0,0.0
2022-11-02 00:00:00-04:00,13.832609351575078,14.192156967485618,13.194411785659703,13.202401161193848,672628000,0.0,0.0
2022-11-03 00:00:00-04:00,13.026624339335722,13.763697674159971,12.939733677148814,13.404149055480957,500065000,0.0,0.0
2022-11-04 00:00:00-04:00,13.968440819365393,14.211135766496513,13.679803144589222,14.138227462768555,612576000,0.0,0.0
2022-11-07 00:00:00-05:00,14.210135563074418,14.39390455505636,13.93648037167957,14.28304386138916,410061000,0.0,0.0
2022-11-08 00:00:00-05:00,14.782417320777444,14.872304480207193,14.198151736961071,14.583667755126953,595292000,0.0,0.0
2022-11-09 00:00:00-05:00,14.144217279717736,14.193156492308741,13.741723425961359,13.758702278137207,454414000,0.0,0.0
2022-11-10 00:00:00-05:00,14.78141670505855,15.753194539745545,14.528734123134546,15.730223655700684,700819000,0.0,0.0
2022-11-11 00:00:00-05:00,15.787152888563263,16.368421908305677,15.462561149104959,16.306499481201172,655487000,0.0,0.0
2022-11-14 00:00:00-05:00,16.197640761251744,16.51923703383715,15.902011871810304,16.27454376220703,527852000,0.0,0.0
2022-11-15 00:00:00-05:00,16.701008115476995,16.976660708537388,16.36143478297,16.645078659057617,545876000,0.0,0.0
2022-11-16 00:00:00-05:00,16.14170859646812,16.34145634523152,15.853070937382359,15.890024185180664,649547000,0.0,0.0
2022-11-17 00:00:00-05:00,15.69526955824207,16.24557835765425,15.515495248164541,15.657317161560059,710894000,0.0,0.0
2022-11-18 00:00:00-05:00,15.945953056863983,15.98190906001259,15.101015557178844,15.389653205871582,492072000,0.0,0.0
2022-11-21 00:00:00-05:00,15.127981966089996,15.45756754683471,15.06106570167587,15.297768592834473,404739000,0.0,0.0
2022-11-22 00:00:00-05:00,15.308755601738653,16.037839574271395,15.103013909275052,16.017864227294922,472866000,0.0,0.0
2022-11-23 00:00:00-05:00,16.07778765170836,16.506249872107517,16.02785119143118,16.498258590698242,427241000,0.0,0.0
2022-11-25 00:00:00-05:00,16.29751282305904,16.466299355969085,16.151696223942388,16.24957275390625,167934000,0.0,0.0
2022-11-28 00:00:00-05:00,16.00587846790758,16.336464178373642,15.70525768325476,15.80712890625,303741000,0.0,0.0
2022-11-29 00:00:00-05:00,15.807128424908809,15.91199708976901,15.500514664430007,15.619364738464355,298384000,0.0,0.0
2022-11-30 00:00:00-05:00,15.681299942560486,16.91306749227581,15.581400530805857,16.90607452392578,565298000,0.004,0.0
2022-12-01 00:00:00-05:00,16.98199904158871,17.247731843848307,16.618362775160893,17.117862701416016,470977000,0.0,0.0
2022-12-02 00:00:00-05:00,16.642337412278103,16.916063514428913,16.42855076225467,16.859119415283203,371389000,0.0,0.0
2022-12-05 00:00:00-05:00,16.662322665713035,16.978006665855066,16.455528923945028,16.59339141845703,352255000,0.0,0.0
2022-12-06 00:00:00-05:00,16.513469290675516,16.556425555356533,15.803179908628083,15.971012115478516,352694000,0.0,0.0
2022-12-07 00:00:00-05:00,15.75622742232806,16.169813909620327,15.651331932839504,16.103879928588867,372388000,0.0,0.0
2022-12-08 00:00:00-05:00,16.2567250065392,17.161818992856777,15.943037976538454,17.15182876586914,515456000,0.0,0.0
2022-12-09 00:00:00-05:00,17.14283680576932,17.565414066145607,16.958022372086035,16.98399543762207,465338000,0.0,0.0
2022-12-12 00:00:00-05:00,17.01996623139112,17.52046475837294,16.780206423757168,17.517467498779297,457328000,0.0,0.0
2022-12-13 00:00:00-05:00,18.512467050361487,18.77120879861469,17.69328744757466,18.053926467895508,656589000,0.0,0.0
2022-12-14 00:00:00-05:00,17.969011087419783,18.233747362128558,17.402578696343596,17.65632438659668,496888000,0.0,0.0
2022-12-15 00:00:00-05:00,17.128853387661163,17.302679168965806,16.683300254847847,16.935047149658203,478542000,0.0,0.0
2022-12-16 00:00:00-05:00,16.84713821460191,17.02396128021654,16.393591691050435,16.55443000793457,478232000,0.0,0.0
2022-12-19 00:00:00-05:00,16.55542806937623,16.592389818438555,16.128855034819484,16.23774528503418,354039000,0.0,0.0
2022-12-20 00:00:00-05:00,16.0479374093435,16.293691733158465,15.836150439306303,16.06891632080078,403260000,0.0,0.0
2022-12-21 00:00:00-05:00,16.09788869681145,16.61037626026824,16.085899658481324,16.484500885009766,325025000,0.0,0.0
2022-12-22 00:00:00-05:00,16.0779039686439,16.121860588450037,14.867116217993509,15.32365894317627,565045000,0.0,0.0
2022-12-23 00:00:00-05:00,15.180802809610176,15.323659446874593,14.868116110553647,15.19079303741455,349326000,0.0,0.0
2022-12-27 00:00:00-05:00,15.0589232450688,15.084897262564448,14.041940853191676,14.106876373291016,464902000,0.0,0.0
2022-12-28 00:00:00-05:00,13.913070976241796,14.247735964571142,13.870113761600244,14.02196216583252,351066000,0.0,0.0
2022-12-29 00:00:00-05:00,14.387595939070156,14.668314075002518,14.212770778754917,14.588394165039062,354923000,0.0,0.0
2022-12-30 00:00:00-05:00,14.319664595858889,14.614369650707939,14.218765770853738,14.599385261535645,310490000,0.0,0.0
2023-01-03 00:00:00-05:00,14.836148204062967,14.981003655234762,14.081903121676092,14.300683975219727,401277000,0.0,0.0
2023-01-04 00:00:00-05:00,14.552432867835895,14.838146156406989,14.226758666083303,14.73425006866455,431324000,0.0,0.0
2023-01-05 00:00:00-05:00,14.476509114267246,14.549436068229195,14.133851704136582,14.25073528289795,389168000,0.0,0.0
2023-01-06 00:00:00-05:00,14.45952485401676,14.994989063943777,14.01996530735585,14.84414005279541,405044000,0.0,0.0
2023-01-09 00:00:00-05:00,15.268715599821135,16.039942919360875,15.125858005154026,15.612371444702148,504231000,0.0,0.0
2023-01-10 00:00:00-05:00,15.49149092072707,15.946035784394798,15.456526077786554,15.893089294433594,384101000,0.0,0.0
2023-01-11 00:00:00-05:00,15.824159457593446,16.011971174963055,15.547436042925577,15.984997749328613,353285000,0.0,0.0
2023-01-12 00:00:00-05:00,16.083897626620722,16.620359284778843,15.476504976085742,16.49448585510254,551409000,0.0,0.0
2023-01-13 00:00:00-05:00,16.261719936070204,16.905076865313244,16.148833986111153,16.882099151611328,447287000,0.0,0.0
2023-01-17 00:00:00-05:00,16.882102890181493,17.71027444723034,16.882102890181493,17.68429946899414,511102000,0.0,0.0
2023-01-18 00:00:00-05:00,17.64933001108455,17.855123353381586,17.264714843579952,17.359621047973633,439624000,0.0,0.0
2023-01-19 00:00:00-05:00,17.018960755905177,17.17980093611209,16.714267402001692,16.748231887817383,452932000,0.0,0.0
2023-01-20 00:00:00-05:00,16.993990087651493,17.838146377063,16.80817715454958,17.821163177490234,564967000,0.0,0.0
2023-01-23 00:00:00-05:00,18.045932771346358,19.22575327562238,17.800180419919084,19.173805236816406,655163000,0.0,0.0
2023-01-24 00:00:00-05:00,18.808171561163764,19.475504695763046,18.801178592061103,19.2457332611084,496204000,0.0,0.0
2023-01-25 00:00:00-05:00,18.89408303130988,19.350626664524295,18.561415920142778,19.303672790527344,449537000,0.0,0.0
2023-01-26 00:00:00-05:00,19.68129532518558,20.14583038584764,19.258718073312,19.782194137573242,489535000,0.0,0.0
2023-01-27 00:00:00-05:00,19.442536298366885,20.607370568656833,19.385594095701595,20.344633102416992,542142000,0.0,0.0
2023-01-30 00:00:00-05:00,19.93004958460622,20.11985820147362,19.13084848856238,19.142837524414062,488611000,0.0,0.0
2023-01-31 00:00:00-05:00,19.150830104290442,19.667313303213437,18.931050789927134,19.51746368408203,498017000,0.0,0.0
2023-02-01 00:00:00-05:00,19.67130927886173,21.170807752513607,19.5913893538845,20.92205810546875,660477000,0.0,0.0
2023-02-02 00:00:00-05:00,20.978997726890935,21.927048029670438,20.679298521540353,21.687288284301758,564276000,0.0,0.0
2023-02-03 00:00:00-05:00,20.979000905493407,21.723256776011066,20.768211454332956,21.078901290893555,429366000,0.0,0.0
2023-02-06 00:00:00-05:00,20.78519321039508,21.54842912938245,20.76521275361375,21.06791114807129,452197000,0.0,0.0
2023-02-07 00:00:00-05:00,21.360616200100747,22.236739935433913,21.12884786869814,22.15082550048828,664150000,0.0,0.0
2023-02-08 00:00:00-05:00,22.364606006421532,22.855116000113323,21.985985399736396,22.182788848876953,559651000,0.0,0.0
2023-02-09 00:00:00-05:00,22.583394939904977,22.996980498584975,22.097880878059367,22.31466293334961,523876000,0.0,0.0
2023-02-10 00:00:00-05:00,21.668308556927258,22.05591910392087,20.790187926657033,21.243732452392578,550737000,0.0,0.0
2023-02-13 00:00:00-05:00,21.51645868835971,22.025948836069368,20.94103456636859,21.76620864868164,474919000,0.0,0.0
2023-02-14 00:00:00-05:00,21.556416493331337,23.025945848921754,21.3446286454517,22.94802474975586,675474000,0.0,0.0
2023-02-15 00:00:00-05:00,22.526448693208266,22.832142420903672,22.08389284711268,22.741233825683594,420575000,0.0,0.0
2023-02-16 00:00:00-05:00,22.11085948462773,22.52744217102448,21.90506617416929,21.979991912841797,412026000,0.0,0.0
2023-02-17 00:00:00-05:00,21.609368499758,21.71825874769265,20.95402439345479,21.36661148071289,465888000,0.0,0.0
2023-02-21 00:00:00-05:00,20.97899644931204,21.47250184750639,20.597378544387798,20.634342193603516,410015000,0.0,0.0
2023-02-22 00:00:00-05:00,20.686291967581294,21.082894293531137,20.400576787707934,20.733243942260742,513184000,0.0,0.0
2023-02-23 00:00:00-05:00,23.416556284501297,23.864108157560736,23.001970445117642,23.640331268310547,1117995000,0.0,0.0
2023-02-24 00:00:00-05:00,23.201776465429027,23.450528025821583,22.92405457439787,23.262714385986328,589716000,0.0,0.0
2023-02-27 00:00:00-05:00,23.646326795039013,23.856115851316737,23.43054322131306,23.477495193481445,452994000,0.0,0.0
2023-02-28 00:00:00-05:00,23.348629411403607,23.801177465098963,23.18279503369379,23.192785263061523,455963000,0.0,0.0
2023-03-01 00:00:00-05:00,23.168804101489602,23.2327411745783,22.485488184590242,22.6752986907959,460026000,0.0,0.0
2023-03-02 00:00:00-05:00,22.465515168597022,23.356621552541057,22.40956950132526,23.290687561035156,389415000,0.0,0.0
2023-03-03 00:00:00-05:00,23.29667828013058,23.87609816871999,23.106867758135774,23.866107940673828,412393000,0.0,0.0
2023-03-06 00:00:00-05:00,23.86710603242782,24.223747422082624,23.463508860514835,23.53044319152832,437429000,0.0,0.0
2023-03-07 00:00:00-05:00,23.580408483977546,24.10497226612886,23.2217053545556,23.268667221069336,515154000,0.004,0.0
2023-03-08 00:00:00-05:00,23.467497114785473,24.179906326422394,23.4045497011768,24.160921096801758,513573000,0.0,0.0
2023-03-09 00:00:00-05:00,24.154922945379216,24.43369248287704,23.363580850091193,23.41653823852539,501257000,0.0,0.0
2023-03-10 00:00:00-05:00,23.389563980500274,23.60738338746073,22.70713050905303,22.945932388305664,474866000,0.0,0.0
2023-03-13 00:00:00-04:00,22.733108829622278,23.278654989366956,22.27848671220757,22.946929931640625,421890000,0.0,0.0
2023-03-14 00:00:00-04:00,23.476489729466003,24.198888939320003,23.440518418628685,24.043018341064453,474910000,0.0,0.0
2023-03-15 00:00:00-04:00,23.741268759575973,24.265832423154546,23.340602676375205,24.207881927490234,524486000,0.0,0.0
2023-03-16 00:00:00-04:00,24.00704975815061,25.566752509117528,23.874158867454014,25.519792556762695,583253000,0.0,0.0
2023-03-17 00:00:00-04:00,25.960424630848856,26.377078166810012,25.646684297201393,25.703638076782227,848547000,0.0,0.0
2023-03-20 00:00:00-04:00,25.59373105710644,26.002391851549323,25.109133153737865,25.878494262695312,432747000,0.0,0.0
2023-03-21 00:00:00-04:00,26.15826276917553,26.370086636571166,25.35992640091997,26.17724609375,547408000,0.0,0.0
2023-03-22 00:00:00-04:00,26.403054661635647,27.566089484334555,26.21521106020196,26.446020126342773,797295000,0.0,0.0
2023-03-23 00:00:00-04:00,27.092485590001715,27.476167523901886,26.667839239162014,27.16842269897461,564889000,0.0,0.0
2023-03-24 00:00:00-04:00,27.008555018771276,27.14444177136707,26.333115738961876,26.756763458251953,454920000,0.0,0.0
2023-03-27 00:00:00-04:00,26.814715931188335,26.977580691716717,26.343107731941966,26.508970260620117,361026000,0.0,0.0
2023-03-28 00:00:00-04:00,26.42504099387314,26.49098617741666,25.828536573761543,26.388071060180664,356104000,0.0,0.0
2023-03-29 00:00:00-04:00,26.80272526365729,27.055513525700643,26.57491395467883,26.961591720581055,393694000,0.0,0.0
2023-03-30 00:00:00-04:00,27.206390462009303,27.476166724602162,27.07949510855174,27.360261917114258,364516000,0.0,0.0
2023-03-31 00:00:00-04:00,27.117460914270833,27.810884824300686,27.082490132563102,27.75393295288086,433933000,0.0,0.0
2023-04-03 00:00:00-04:00,27.486157467758918,27.97674896673063,27.31330079051416,27.9417781829834,398716000,0.0,0.0
2023-04-04 00:00:00-04:00,27.942776983152683,27.976749146372356,27.284323812201485,27.43020248413086,368592000,0.0,0.0
2023-04-05 00:00:00-04:00,26.80672385592453,26.97558225141349,26.373084198934407,26.858680725097656,515015000,0.0,0.0
2023-04-06 00:00:00-04:00,26.561924402993725,27.057512816555565,26.40505518671545,27.014549255371094,397654000,0.0,0.0
2023-04-10 00:00:00-04:00,26.80072620018478,27.598063878336834,26.64685475224009,27.55609893798828,395279000,0.0,0.0
2023-04-11 00:00:00-04:00,27.700978013397847,27.76692318959248,27.103473133288535,27.146438598632812,314378000,0.0,0.0
2023-04-12 00:00:00-04:00,27.347274949110663,27.445193150748228,26.426039620920893,26.47300148010254,446259000,0.0,0.0
2023-04-13 00:00:00-04:00,26.71179772670093,26.86467054430278,26.307135282820585,26.441022872924805,353615000,0.0,0.0
2023-04-14 00:00:00-04:00,26.481988137925153,26.860673088743237,26.198223603530394,26.735776901245117,395660000,0.0,0.0
2023-04-17 00:00:00-04:00,26.542940633883788,26.98357440686349,26.41105027878462,26.979578018188477,321471000,0.0,0.0
2023-04-18 00:00:00-04:00,27.51013630310621,28.086656800927294,27.334281866827425,27.644023895263672,604812000,0.0,0.0
2023-04-19 00:00:00-04:00,27.338280018329133,27.97674934416324,27.209387427098346,27.907806396484375,358660000,0.0,0.0
2023-04-20 00:00:00-04:00,27.648021986147068,28.00672503718342,26.97757964609056,27.081493377685547,427713000,0.0,0.0
2023-04-21 00:00:00-04:00,26.929618278406625,27.160427351710336,26.69980973159089,27.096479415893555,345103000,0.0,0.0
2023-04-24 00:00:00-04:00,26.990567448071825,27.343273032566316,26.648850502655943,27.019542694091797,339282000,0.0,0.0
2023-04-25 00:00:00-04:00,27.055514550596037,27.22437484436602,26.20322411553106,26.219209671020508,378527000,0.0,0.0
2023-04-26 00:00:00-04:00,26.97957796491873,27.307304704799684,26.682823713649157,26.93361473083496,406337000,0.0,0.0
2023-04-27 00:00:00-04:00,27.34027738715415,27.472167737847915,26.60288938694917,27.20339012145996,377161000,0.0,0.0
2023-04-28 00:00:00-04:00,27.202394701984563,27.734951176667415,27.048521337557332,27.72595977783203,292216000,0.0,0.0
2023-05-01 00:00:00-04:00,27.81688459114848,29.03387369698628,27.756934942782742,28.885995864868164,570329000,0.0,0.0
2023-05-02 00:00:00-04:00,28.656185891505462,28.812056494254247,28.05968148797479,28.186574935913086,402730000,0.0,0.0
2023-05-03 00:00:00-04:00,27.81688204976608,28.34344486027376,27.449187603389927,27.778913497924805,383387000,0.0,0.0
2023-05-04 00:00:00-04:00,27.628038892272958,27.835866361148614,27.217380869969254,27.539113998413086,321850000,0.0,0.0
2023-05-05 00:00:00-04:00,27.802890497805507,28.731117903890393,27.70797008214086,28.65618133544922,361494000,0.0,0.0
2023-05-08 00:00:00-04:00,28.498317367315533,29.195737767876224,28.32646120146538,29.126794815063477,344979000,0.0,0.0
2023-05-09 00:00:00-04:00,28.87500228440972,28.94894023981755,28.426375730996305,28.547273635864258,314869000,0.0,0.0
2023-05-10 00:00:00-04:00,28.980912694288506,29.088824715990746,28.437365725975784,28.861013412475586,369350000,0.0,0.0
2023-05-11 00:00:00-04:00,28.87200267964506,28.92595868810787,28.222542865572727,28.55426597595215,322149000,0.0,0.0
2023-05-12 00:00:00-04:00,28.505307600656668,28.756100516190692,28.022708903166627,28.316465377807617,274222000,0.0,0.0
2023-05-15 00:00:00-04:00,28.484324933585533,28.94494253797439,28.12862158025983,28.928955078125,293926000,0.0,0.0
2023-05-16 00:00:00-04:00,28.817052724629356,29.845199573848124,28.80806132560358,29.188743591308594,449405000,0.0,0.0
2023-05-17 00:00:00-04:00,29.55943225417957,30.173921312310178,29.40556081091014,30.152938842773438,432535000,0.0,0.0
2023-05-18 00:00:00-04:00,30.384746671659997,31.801568399451863,30.294821257305664,31.65169334411621,748725000,0.0,0.0
2023-05-19 00:00:00-04:00,31.509810589762786,31.553774675559076,30.89032652886848,31.238037109375,473908000,0.0,0.0
2023-05-22 00:00:00-04:00,30.875340877060037,31.493828286869693,30.654525616110014,31.150114059448242,372000000,0.0,0.0
2023-05-23 00:00:00-04:00,30.974256822059314,31.262017766354816,30.60556376728732,30.66251564025879,356253000,0.0,0.0
2023-05-24 00:00:00-04:00,30.18491702420949,30.581588677647204,29.78125311882738,30.512645721435547,721419000,0.0,0.0
2023-05-25 00:00:00-04:00,38.49100796728165,39.44721397289926,36.60457534049064,37.94845962524414,1543911000,0.0,0.0
2023-05-26 00:00:00-04:00,37.858535295090505,39.137471155324974,37.51881748077454,38.913658142089844,714397000,0.0,0.0
2023-05-30 00:00:00-04:00,40.56129320908205,41.903176556488546,39.91582970590061,40.077693939208984,923401000,0.0,0.0
2023-05-31 00:00:00-04:00,39.45520761311079,40.26153667698876,37.79059071532984,37.802581787109375,1002580000,0.0,0.0
2023-06-01 00:00:00-04:00,38.45703459331072,40.0167390585578,38.30816007086099,39.73697280883789,635873000,0.0,0.0
2023-06-02 00:00:00-04:00,40.0637069703337,40.46637223130838,39.02556820427834,39.29434585571289,482731000,0.0,0.0
2023-06-05 00:00:00-04:00,38.87669004097322,39.5321435245976,38.674858118858616,39.13847351074219,396094000,0.0,0.0
2023-06-06 00:00:00-04:00,38.797754990174724,39.12747895572034,38.11631834652575,38.62189865112305,388729000,0.0,0.0
2023-06-07 00:00:00-04:00,38.886701533947004,39.47027647730588,37.32883333327853,37.44774627685547,511998000,0.004,0.0
2023-06-08 00:00:00-04:00,37.69657810413266,38.83574884803621,37.47773933461828,38.48200607299805,417772000,0.0,0.0
2023-06-09 00:00:00-04:00,39.00862551792191,39.68213542156838,38.53896971975811,38.7418212890625,427717000,0.0,0.0
2023-06-12 00:00:00-04:00,39.17150398137998,39.501262102808724,38.58992633945342,39.45329666137695,388701000,0.0,0.0
2023-06-13 00:00:00-04:00,40.15678903495475,41.07112482299617,39.71111409271858,40.99217987060547,613208000,0.0,0.0
2023-06-14 00:00:00-04:00,40.794327015832565,42.96874400584985,40.52252155664653,42.96574783325195,740465000,0.0,0.0
2023-06-15 00:00:00-04:00,42.571032403423146,43.25753327513272,42.116361328067455,42.62199401855469,568622000,0.0,0.0
2023-06-16 00:00:00-04:00,43.41840556812391,43.68920841570231,42.62997783526068,42.66095733642578,655709000,0.0,0.0
2023-06-20 00:00:00-04:00,42.966744812657,43.95802428329941,42.64297902478398,43.776153564453125,451153000,0.0,0.0
2023-06-21 00:00:00-04:00,43.469375994641815,43.583295347445485,42.04941138244555,43.01370620727539,551603000,0.0,0.0
2023-06-22 00:00:00-04:00,42.22227535860052,43.394422782476106,42.20329197945321,42.993717193603516,417737000,0.0,0.0
2023-06-23 00:00:00-04:00,42.43312605670876,42.77787262265415,41.984451203476524,42.17831039428711,358140000,0.0,0.0
2023-06-26 00:00:00-04:00,42.43013175413964,42.732912892803704,40.070848008649996,40.60246276855469,594322000,0.0,0.0
2023-06-27 00:00:00-04:00,40.76933398174648,41.90950317799757,40.418591274861775,41.845550537109375,462175000,0.0,0.0
2023-06-28 00:00:00-04:00,40.63044011815251,41.81457999808646,40.488545059577945,41.08710861206055,582639000,0.0,0.0
2023-06-29 00:00:00-04:00,41.527785226902004,41.56975450915622,40.57048152757147,40.792320251464844,380514000,0.0,0.0
2023-06-30 00:00:00-04:00,41.649698416136715,42.51906484775984,41.470827697536826,42.271244049072266,501148000,0.0,0.0
2023-07-03 00:00:00-04:00,42.48608848507777,42.8668120169638,42.171318861986485,42.382164001464844,198209000,0.0,0.0
2023-07-05 00:00:00-04:00,42.10436890718979,43.14561125771648,42.05440601633571,42.28623962402344,323618000,0.0,0.0
2023-07-06 00:00:00-04:00,41.81358472410437,42.14834029261051,41.31594563009927,42.07239532470703,303582000,0.0,0.0
2023-07-07 00:00:00-04:00,42.29123113247118,43.18258476591584,42.14933607210184,42.47209930419922,355881000,0.0,0.0
2023-07-10 00:00:00-04:00,42.62599220515189,42.77987958473674,41.618721733111734,42.14933776855469,353908000,0.0,0.0
2023-07-11 00:00:00-04:00,42.45011717550455,42.72691623562603,42.03642048343686,42.37417221069336,298244000,0.0,0.0
2023-07-12 00:00:00-04:00,43.001715152832105,43.903059808967086,42.74590075117866,43.87008285522461,481277000,0.0,0.0
2023-07-13 00:00:00-04:00,44.485645230341056,46.12145266003321,44.45966315166359,45.94358444213867,478204000,0.0,0.0
2023-07-14 00:00:00-04:00,46.54913208580055,48.05303894524698,45.027240569884796,45.435943603515625,772075000,0.0,0.0
2023-07-17 00:00:00-04:00,46.255343569249206,46.46218997431585,45.22908989980868,46.427215576171875,510488000,0.0,0.0
2023-07-18 00:00:00-04:00,46.66704612621804,47.86117699331049,45.700750131517545,47.459468841552734,569164000,0.0,0.0
2023-07-19 00:00:00-04:00,47.42949003823852,47.78323273939186,46.708014876201304,47.04277038574219,427502000,0.0,0.0
2023-07-20 00:00:00-04:00,46.47318603639003,47.052766164408155,45.029236960247545,45.48690414428711,537865000,0.0,0.0
2023-07-21 00:00:00-04:00,45.75471564937282,45.832661880001254,44.06794290353701,44.276790618896484,963769000,0.0,0.0
2023-07-24 00:00:00-04:00,44.69847992512501,45.076207287411634,44.00798419764258,44.579566955566406,382516000,0.0,0.0
2023-07-25 00:00:00-04:00,44.90833145027088,46.149425329816566,44.89034298033834,45.64579391479492,348081000,0.0,0.0
2023-07-26 00:00:00-04:00,45.98753948381612,46.019517711894565,44.59755199508339,45.41895294189453,364237000,0.0,0.0
2023-07-27 00:00:00-04:00,46.48518000024853,47.360542567448725,45.716738084889066,45.86663055419922,455976000,0.0,0.0
2023-07-28 00:00:00-04:00,46.63407374046653,46.992813922510294,46.34728362681164,46.71601486206055,331194000,0.0,0.0
2023-07-31 00:00:00-04:00,46.72000592982109,47.09573198444392,46.47218515731192,46.69502258300781,251055000,0.0,0.0
2023-08-01 00:00:00-04:00,46.42621978047181,46.86590231278374,45.99353594015361,46.47318649291992,237858000,0.0,0.0
2023-08-02 00:00:00-04:00,45.79768107011527,45.80667339857495,43.35545767140817,44.23681640625,530142000,0.0,0.0
2023-08-03 00:00:00-04:00,43.76815517445485,45.08519773730657,43.76815517445485,44.482635498046875,324176000,0.0,0.0
2023-08-04 00:00:00-04:00,44.95229288862931,45.608812879018394,44.360724265707994,44.64751434326172,362666000,0.0,0.0
2023-08-07 00:00:00-04:00,45.078210093853784,45.50689911921515,44.53060808479913,45.38398742675781,322154000,0.0,0.0
2023-08-08 00:00:00-04:00,44.82039253545294,45.209109671688076,44.02397106962369,44.63153076171875,353843000,0.0,0.0
2023-08-09 00:00:00-04:00,44.24180664104453,44.27978102394421,42.10336324472602,42.5230598449707,586449000,0.0,0.0
2023-08-10 00:00:00-04:00,42.12935426842484,43.542327913208446,41.80458974449363,42.3571891784668,492705000,0.0,0.0
2023-08-11 00:00:00-04:00,41.72064683355446,41.98745483103536,40.609455735906536,40.82529830932617,533085000,0.0,0.0
2023-08-14 00:00:00-04:00,40.456564582325726,43.76815430441539,40.28169257903262,43.721187591552734,690286000,0.0,0.0
2023-08-15 00:00:00-04:00,44.52761409490768,45.23509968648894,43.678229608151845,43.90806198120117,676512000,0.0,0.0
2023-08-16 00:00:00-04:00,44.487636389026356,44.6425224910749,43.37444399152848,43.45438766479492,527451000,0.0,0.0
2023-08-17 00:00:00-04:00,43.93802900451183,44.029961162547856,42.9697318315635,43.31248474121094,452395000,0.0,0.0
2023-08-18 00:00:00-04:00,42.60399466417195,43.546309718807755,41.62970519720013,43.267513275146484,583768000,0.0,0.0
2023-08-21 00:00:00-04:00,44.46165562877054,47.030785847728,44.18985399309083,46.932857513427734,692573000,0.0,0.0
2023-08-22 00:00:00-04:00,48.10000155373569,48.15196569860594,45.30004062070193,45.634796142578125,755293000,0.0,0.0
2023-08-23 00:00:00-04:00,45.832657681466124,47.165687530536545,45.175135085824124,47.081748962402344,779046000,0.0,0.0
2023-08-24 00:00:00-04:00,50.179489575369686,50.22945246000163,47.124712989648934,47.12870788574219,1156044000,0.0,0.0
2023-08-25 00:00:00-04:00,46.97783130329617,47.77025419518987,44.99127346632216,45.984554290771484,925341000,0.0,0.0
2023-08-28 00:00:00-04:00,46.44820509438741,46.945844136189635,44.85536600768865,46.80094909667969,685192000,0.0,0.0
2023-08-29 00:00:00-04:00,46.632074880156104,49.04532012604733,46.357273276283756,48.74853515625,701397000,0.0,0.0
2023-08-30 00:00:00-04:00,49.00834626983168,49.890703795125454,48.3897967692124,49.228187561035156,735206000,0.0,0.0
2023-08-31 00:00:00-04:00,49.34410566617648,49.70783948086103,48.922411542832535,49.319122314453125,528570000,0.0,0.0
2023-09-01 00:00:00-04:00,49.72582320725818,49.76379378137674,48.10699823052651,48.473731994628906,463830000,0.0,0.0
2023-09-05 00:00:00-04:00,48.187938474576626,48.81548404497399,47.825203434833014,48.51270294189453,382653000,0.0,0.0
2023-09-06 00:00:00-04:00,48.409777901490216,48.51770618274076,46.549977399633065,47.03066635131836,468670000,0.004,0.0
2023-09-07 00:00:00-04:00,45.495655031746296,46.314127328933516,45.122894378455285,46.2111930847168,433330000,0.0,0.0
2023-09-08 00:00:00-04:00,45.9123819993529,46.575951562479766,45.24181316746759,45.54261779785156,473069000,0.0,0.0
2023-09-11 00:00:00-04:00,46.1182482612765,46.133237981165,44.28343335195331,45.14887619018555,473966000,0.0,0.0
2023-09-12 00:00:00-04:00,44.70916101442447,45.643559689302776,44.50229371390593,44.8410758972168,349256000,0.0,0.0
2023-09-13 00:00:00-04:00,44.571245445404095,45.90038984188142,44.474307858028645,45.4556770324707,398355000,0.0,0.0
2023-09-14 00:00:00-04:00,45.92037826774396,45.9573531646138,45.10190600685458,45.55161666870117,370097000,0.0,0.0
2023-09-15 00:00:00-04:00,45.31176544872774,45.56959852066616,43.779752923471165,43.87169647216797,506831000,0.0,0.0
2023-09-18 00:00:00-04:00,42.720443095064276,44.213479451862526,41.972924204170205,43.93765640258789,500271000,0.0,0.0
2023-09-19 00:00:00-04:00,43.80473745342954,43.937651117962965,42.97427198636258,43.491939544677734,373064000,0.0,0.0
2023-09-20 00:00:00-04:00,43.571891798323115,43.874697872716084,42.1957805773011,42.211769104003906,367108000,0.0,0.0
2023-09-21 00:00:00-04:00,41.55619180268766,42.0728567871405,40.953579913724376,40.99055480957031,450736000,0.0,0.0
2023-09-22 00:00:00-04:00,41.54519814398996,42.087851165439716,41.204418374834624,41.58317565917969,479236000,0.0,0.0
2023-09-25 00:00:00-04:00,41.564184746897794,42.50857517454085,41.15045020013546,42.19477844238281,419091000,0.0,0.0
2023-09-26 00:00:00-04:00,41.97392192797056,42.79239417282539,41.62814431891952,41.88397979736328,402282000,0.0,0.0
2023-09-27 00:00:00-04:00,42.302708909565496,42.84435926371942,41.60216067664093,42.440616607666016,444935000,0.0,0.0
2023-09-28 00:00:00-04:00,42.43262596387141,43.417990370192356,42.08785097086144,43.061222076416016,424663000,0.0,0.0
2023-09-29 00:00:00-04:00,43.79875022196394,44.11554723609924,43.27908493939051,43.47096252441406,397830000,0.0,0.0
2023-10-02 00:00:00-04:00,44.00161019361143,45.14587240598545,43.83272043820974,44.75312805175781,433298000,0.0,0.0
2023-10-03 00:00:00-04:00,44.77910527291115,45.100900048116756,43.21811221740107,43.48893737792969,470850000,0.0,0.0
2023-10-04 00:00:00-04:00,43.71380433905175,44.11454682903524,43.26409364811851,44.012611389160156,361821000,0.0,0.0
2023-10-05 00:00:00-04:00,44.021601937102886,44.87105626291606,43.859707622537925,44.6591911315918,393483000,0.0,0.0
2023-10-06 00:00:00-04:00,44.164516830728815,45.75948882284909,43.99762465116315,45.732505798339844,434436000,0.0,0.0
2023-10-09 00:00:00-04:00,44.81309443716581,45.57560310444914,44.33940094783517,45.24381637573242,409675000,0.0,0.0
2023-10-10 00:00:00-04:00,45.280790227106074,46.22917591041197,45.05893322747722,45.76847457885742,368582000,0.0,0.0
2023-10-11 00:00:00-04:00,46.16621813703432,46.82879273607268,46.02031234982247,46.77582550048828,378137000,0.0,0.0
2023-10-12 00:00:00-04:00,46.74683912853525,47.578303395976704,46.300128752154,46.914730072021484,481325000,0.0,0.0
2023-10-13 00:00:00-04:00,46.92972437247631,47.0856258439627,45.25080714920821,45.43169021606445,474115000,0.0,0.0
2023-10-16 00:00:00-04:00,45.03395227290401,46.195202001343034,44.88304863104429,46.06528854370117,375099000,0.0,0.0
2023-10-17 00:00:00-04:00,43.971639725117456,44.72515534952336,42.452618986235684,43.9096794128418,812333000,0.0,0.0
2023-10-18 00:00:00-04:00,42.56354235108208,43.19113966201485,41.79803732924531,42.16879653930664,627294000,0.0,0.0
2023-10-19 00:00:00-04:00,42.78340541148184,43.26909220321944,41.855003378817976,42.0738639831543,501233000,0.0,0.0
2023-10-20 00:00:00-04:00,41.862987418638,42.442615246520695,41.051510746944686,41.360313415527344,477266000,0.0,0.0
2023-10-23 00:00:00-04:00,41.202419597162184,43.22011894655413,40.91860229657802,42.94729232788086,478530000,0.0,0.0
2023-10-24 00:00:00-04:00,43.049228794577566,43.66882802570082,42.66347986731124,43.634849548339844,401463000,0.0,0.0
2023-10-25 00:00:00-04:00,43.37002736306011,43.621867655032496,41.52821673196295,41.752071380615234,398379000,0.0,0.0
2023-10-26 00:00:00-04:00,41.82601906009142,42.22875913409801,39.85429143072344,40.30000305175781,541001000,0.0,0.0
2023-10-27 00:00:00-04:00,41.10348715819275,41.17943837928563,39.98920425077625,40.47389221191406,416784000,0.0,0.0
2023-10-30 00:00:00-04:00,41.06051827775502,41.73907765520457,40.454906082459445,41.13446807861328,388028000,0.0,0.0
2023-10-31 00:00:00-04:00,40.42392261933526,40.8526468966784,39.204707934267006,40.75370788574219,517969000,0.0,0.0
2023-11-01 00:00:00-04:00,40.857648711306,42.353685526231295,40.84265898891911,42.29772186279297,437593000,0.0,0.0
2023-11-02 00:00:00-04:00,43.300064408208144,43.855705696322225,42.86634611035468,43.47795104980469,409172000,0.0,0.0
2023-11-03 00:00:00-04:00,43.99162089726106,45.27978753454021,43.694811487819166,44.97598648071289,424610000,0.0,0.0
2023-11-06 00:00:00-05:00,45.25580880956027,45.905391339762694,44.870056042056,45.72150802612305,400733000,0.0,0.0
2023-11-07 00:00:00-05:00,45.68952896873558,46.18820402459903,45.128889794516326,45.925376892089844,343165000,0.0,0.0
2023-11-08 00:00:00-05:00,46.0702861254177,46.83679388330466,45.93837123249172,46.543983459472656,346719000,0.0,0.0
2023-11-09 00:00:00-05:00,47.43639611181253,48.198904678121394,46.719859321767146,46.91973114013672,540496000,0.0,0.0
2023-11-10 00:00:00-05:00,47.46937982263058,48.440753359097926,47.25252065392858,48.30384063720703,421245000,0.0,0.0
2023-11-13 00:00:00-05:00,48.28885152839415,49.084339842163374,48.067993319046685,48.58865737915039,384136000,0.0,0.0
2023-11-14 00:00:00-05:00,49.64797570826254,49.80187576621573,49.00838887341186,49.62398910522461,416954000,0.0,0.0
2023-11-15 00:00:00-05:00,49.902809365822506,49.927790961524366,48.168927272564574,48.856483459472656,475497000,0.0,0.0
2023-11-16 00:00:00-05:00,48.647622492403215,49.49307783387502,48.29884843286255,49.44810485839844,339756000,0.0,0.0
2023-11-17 00:00:00-05:00,49.49207615888525,49.68495254819164,48.975411113822275,49.2662239074707,325205000,0.0,0.0
2023-11-20 00:00:00-05:00,49.28021007685078,50.515413319946866,49.14929401076898,50.376502990722656,414120000,0.0,0.0
2023-11-21 00:00:00-05:00,50.09368225266799,50.48442900851123,49.1902657498463,49.911800384521484,565747000,0.0,0.0
2023-11-22 00:00:00-05:00,49.81985852243295,50.302544998111564,47.65924993569592,48.68458938598633,899420000,0.0,0.0
2023-11-24 00:00:00-05:00,48.43875395222816,48.88946341849403,47.71421905232239,47.745201110839844,294645000,0.0,0.0
2023-11-27 00:00:00-05:00,47.76917918519112,48.49870804491457,47.621275800712816,48.21089553833008,395662000,0.0,0.0
2023-11-28 00:00:00-05:00,48.204898277235316,48.29184398043461,47.442389759187826,47.790164947509766,401491000,0.0,0.0
2023-11-29 00:00:00-05:00,48.34781498680007,48.730567513457544,47.82914854414182,48.10896682739258,382005000,0.0,0.0
2023-11-30 00:00:00-05:00,47.993034557521675,48.07898145694806,46.392070077516905,46.739845275878906,526247000,0.0,0.0
2023-12-01 00:00:00-05:00,46.495004895434896,47.16956893202257,46.15722156787437,46.73484802246094,369317000,0.0,0.0
2023-12-04 00:00:00-05:00,46.04729530005155,46.04729530005155,44.98098181883111,45.48065948486328,437543000,0.0,0.0
2023-12-05 00:00:00-05:00,45.44068732474864,46.574054864592355,45.245796192072625,46.540077209472656,371718000,0.004,0.0
2023-12-06 00:00:00-05:00,47.188713605709914,47.36061873070036,45.38671600748787,45.477664947509766,380590000,0.0,0.0
2023-12-07 00:00:00-05:00,45.67455214099108,46.603035669637734,45.57860492878931,46.57005310058594,350823000,0.0,0.0
2023-12-08 00:00:00-05:00,46.56905734985708,47.71441917110969,46.52408042310089,47.479549407958984,359224000,0.0,0.0
2023-12-11 00:00:00-05:00,47.46456109151934,47.50453592444969,45.8044865345936,46.60103988647461,509728000,0.0,0.0
2023-12-12 00:00:00-05:00,46.02035970624614,47.63945650611494,46.02035970624614,47.630462646484375,372387000,0.0,0.0
2023-12-13 00:00:00-05:00,47.60248560623417,48.56694852407048,47.58149738885303,48.06122970581055,447792000,0.0,0.0
2023-12-14 00:00:00-05:00,48.36305679932983,48.64289968086901,47.395597257027774,48.32307815551758,391232000,0.0,0.0
2023-12-15 00:00:00-05:00,48.16716609290554,49.37649145661912,48.09320598416868,48.86277770996094,479948000,0.0,0.0
2023-12-18 00:00:00-05:00,49.372500602339976,50.40492266538302,49.12263977704994,50.04912185668945,412587000,0.0,0.0
2023-12-19 00:00:00-05:00,49.396473996646186,49.67232125952952,48.86776928450163,49.57637405395508,464444000,0.0,0.0
2023-12-20 00:00:00-05:00,49.62734838444094,49.97115859701397,48.07121619318162,48.08420944213867,397894000,0.0,0.0
2023-12-21 00:00:00-05:00,48.78382539689311,49.067667676968775,48.392041537568524,48.96272659301758,300425000,0.0,0.0
2023-12-22 00:00:00-05:00,49.16760528234189,49.355500319360594,48.44001003124747,48.80281066894531,252507000,0.0,0.0
2023-12-26 00:00:00-05:00,48.9407287654443,49.572376781102484,48.93273380006729,49.251556396484375,244200000,0.0,0.0
2023-12-27 00:00:00-05:00,49.483437657255976,49.65234228998856,49.05767232034617,49.389488220214844,233648000,0.0,0.0
2023-12-28 00:00:00-05:00,49.615361553511725,49.85622468658464,49.38448736257904,49.49442672729492,246587000,0.0,0.0
2023-12-29 00:00:00-05:00,49.78526507165566,49.96916454651592,48.72385609264306,49.49442672729492,389293000,0.0,0.0
2024-01-02 00:00:00-05:00,49.21657920112469,49.267549491534815,47.56849914375037,48.141178131103516,411254000,0.0,0.0
2024-01-03 00:00:00-05:00,47.45855432058639,48.157162518574,47.29364530064644,47.54250717163086,320896000,0.0,0.0
2024-01-04 00:00:00-05:00,47.740404942993884,48.47299856752152,47.481550264732384,47.97127914428711,306535000,0.0,0.0
2024-01-05 00:00:00-05:00,48.43501546755193,49.5194103643003,48.27910029347317,49.06966018676758,415039000,0.0,0.0
2024-01-08 00:00:00-05:00,49.48442892614956,52.2458907620678,49.4514463575837,52.223899841308594,642510000,0.0,0.0
2024-01-09 00:00:00-05:00,52.37182563719699,54.29475419696261,51.66121915258384,53.11041259765625,773100000,0.0,0.0
2024-01-10 00:00:00-05:00,53.58614406112618,54.56959344886312,53.459212068887695,54.319732666015625,533796000,0.0,0.0
2024-01-11 00:00:00-05:00,54.96837295906674,55.31517984530642,53.530175126278365,54.79146957397461,596759000,0.0,0.0
2024-01-12 00:00:00-05:00,54.58958487431233,54.93939227133335,54.29974925258684,54.679534912109375,352994000,0.0,0.0
2024-01-16 00:00:00-05:00,54.98736982997111,56.803355729677996,54.86943549694436,56.350608825683594,449580000,0.0,0.0
2024-01-17 00:00:00-05:00,56.31562456246964,56.439556064869315,54.709520939803106,56.02178955078125,474394000,0.0,0.0
2024-01-18 00:00:00-05:00,57.22811763397988,57.567928484455464,56.0757597125632,57.07520294189453,491650000,0.0,0.0
2024-01-19 00:00:00-05:00,57.95670795373914,59.46686815803494,57.1931334387279,59.4578742980957,543501000,0.0,0.0
2024-01-22 00:00:00-05:00,60.01556528618006,60.29740976678535,59.037110289114665,59.620784759521484,452955000,0.0,0.0
2024-01-23 00:00:00-05:00,59.536835558716284,59.876646424559254,58.552383323292965,59.83966827392578,294654000,0.0,0.0
2024-01-24 00:00:00-05:00,60.27042173718701,62.81400277309229,59.90462440869122,61.32783126831055,560271000,0.0,0.0
2024-01-25 00:00:00-05:00,62.31528094129938,62.68407876992676,60.81611616664833,61.58269119262695,482777000,0.0,0.0
2024-01-26 00:00:00-05:00,60.926057292697806,61.748600916766215,60.53927554518053,60.99701690673828,390309000,0.0,0.0
2024-01-29 00:00:00-05:00,61.197898867345,62.45419882429467,60.87308290712382,62.430213928222656,348733000,0.0,0.0
2024-01-30 00:00:00-05:00,62.86497347083293,63.45764174361534,62.22532667454649,62.73904037475586,410735000,0.0,0.0
2024-01-31 00:00:00-05:00,61.40578727537811,62.23432804617364,60.66620146120928,61.492740631103516,453795000,0.0,0.0
2024-02-01 00:00:00-05:00,62.06542319875055,63.15581918121957,61.6156767942891,62.99190902709961,369146000,0.0,0.0
2024-02-02 00:00:00-05:00,63.93837399186544,66.56291110918288,63.654531745686434,66.12316131591797,476578000,0.0,0.0
2024-02-05 00:00:00-05:00,68.18701012748092,69.45830503749701,67.16758142852466,69.29339599609375,680078000,0.0,0.0
2024-02-06 00:00:00-05:00,69.59122707783612,69.71515858330277,66.26308702618283,68.18501281738281,683111000,0.0,0.0
2024-02-07 00:00:00-05:00,68.28095938687078,70.18090186277372,67.56235796585537,70.05996704101562,495575000,0.0,0.0
2024-02-08 00:00:00-05:00,70.03496848915448,70.75456869186667,69.41631758373076,69.60221099853516,414422000,0.0,0.0
2024-02-09 00:00:00-05:00,70.49373428612587,72.14481511205457,70.17291382776136,72.09284973144531,436637000,0.0,0.0
2024-02-12 00:00:00-05:00,72.55957267433736,74.56945447682682,71.21032591879988,72.20777130126953,613710000,0.0,0.0
2024-02-13 00:00:00-05:00,70.36080999462226,73.40910749101484,69.58124543898839,72.08784484863281,602580000,0.0,0.0
2024-02-14 00:00:00-05:00,73.16125433620005,74.19467532641171,71.89795802434332,73.8588638305664,504917000,0.0,0.0
2024-02-15 00:00:00-05:00,73.82786252680346,73.93379867183279,72.35967890593884,72.6175308227539,420122000,0.0,0.0
2024-02-16 00:00:00-05:00,74.05873462198204,74.36056840015162,72.46062602851259,72.57256317138672,495327000,0.0,0.0
2024-02-20 00:00:00-05:00,71.90693589131082,71.91593356383504,67.6962844049487,69.413330078125,704833000,0.0,0.0
2024-02-21 00:00:00-05:00,67.96813224619191,68.84964494727922,66.21111545956025,67.43443298339844,673755000,0.0,0.0
2024-02-22 00:00:00-05:00,74.9832259524774,78.53124465919488,74.17867388920303,78.49427032470703,865100000,0.0,0.0
2024-02-23 00:00:00-05:00,80.7450180977802,82.34812129044985,77.52680973171769,78.77311706542969,829388000,0.0,0.0
2024-02-26 00:00:00-05:00,79.65562156391138,80.60110162092384,78.46128722131758,79.04796600341797,503973000,0.0,0.0
2024-02-27 00:00:00-05:00,79.33678712059191,79.4357386337423,77.11902880227755,78.65716552734375,391705000,0.0,0.0
2024-02-28 00:00:00-05:00,77.57678328073024,78.88904810428491,77.08205615581203,77.61975860595703,393110000,0.0,0.0
2024-02-29 00:00:00-05:00,79.04995966772168,79.94545684182245,78.30637065695909,79.06794738769531,507289000,0.0,0.0
2024-03-01 00:00:00-05:00,79.95544705800646,82.2541692109824,79.39075927311268,82.2331771850586,479135000,0.0,0.0
2024-03-04 00:00:00-05:00,84.08315120139147,87.64616854479111,83.67238457234258,85.18953704833984,615616000,0.0,0.0
2024-03-05 00:00:00-05:00,85.22651962468665,86.05310143549691,83.37446759481172,85.920166015625,520639000,0.004,0.0
2024-03-06 00:00:00-05:00,87.97712182383515,89.67824984643924,86.9856232402923,88.65476989746094,582520000,0.0,0.0
2024-03-07 00:00:00-05:00,90.11202114454544,92.71969184649807,89.55630492024456,92.62174224853516,608119000,0.0,0.0
2024-03-08 00:00:00-05:00,95.08949635927887,97.35034416273697,86.46189342253078,87.4833755493164,1142269000,0.0,0.0
2024-03-11 00:00:00-04:00,86.38491984001777,88.75170831683343,84.12307354021831,85.73025512695312,678364000,0.0,0.0
2024-03-12 00:00:00-04:00,88.00411383105026,91.91311538288066,86.10607991861596,91.86614227294922,668075000,0.0,0.0
2024-03-13 00:00:00-04:00,91.00855892799535,91.45732742042443,88.38989247854538,90.84164428710938,635713000,0.0,0.0
2024-03-14 00:00:00-04:00,89.53133294615684,90.59978816413151,86.55584575722656,87.89916229248047,602318000,0.0,0.0
2024-03-15 00:00:00-04:00,86.8856706502334,89.50033394584524,86.2130173215006,87.79220581054688,642086000,0.0,0.0
2024-03-18 00:00:00-04:00,90.34190203688856,92.35787164603076,87.04058518466691,88.4098892211914,668976000,0.0,0.0
2024-03-19 00:00:00-04:00,86.65578707702176,90.49782872213696,84.96665402343716,89.3524169921875,672171000,0.0,0.0
2024-03-20 00:00:00-04:00,89.75120872764549,90.36390274155225,88.17801382637771,90.32592010498047,479063000,0.0,0.0
2024-03-21 00:00:00-04:00,92.25293104894116,92.60075314567852,90.35889320815413,91.38836669921875,480372000,0.0,0.0
2024-03-22 00:00:00-04:00,91.09451627074266,94.72966241146648,90.78767363601877,94.24091339111328,586719000,0.0,0.0
2024-03-25 00:00:00-04:00,93.89310384073973,96.71666039718104,93.46232384034413,94.95355987548828,552136000,0.0,0.0
2024-03-26 00:00:00-04:00,95.8021170685874,96.32585191995982,92.45482592449682,92.5137939453125,513648000,0.0,0.0
2024-03-27 00:00:00-04:00,93.06451960589087,93.19245268869888,89.07755527294492,90.2039794921875,586067000,0.0,0.0
2024-03-28 00:00:00-04:00,89.95410761772509,91.25344777796057,89.14751991247192,90.30992889404297,435212000,0.0,0.0
2024-04-01 00:00:00-04:00,90.25295469319977,92.17796738530402,89.15851187965868,90.3169174194336,452441000,0.0,0.0
2024-04-02 00:00:00-04:00,88.40289389067334,90.04805823236576,87.57532082751612,89.40638732910156,433064000,0.0,0.0
2024-04-03 00:00:00-04:00,88.43889671490548,90.32793268323532,88.35493989966884,88.91864776611328,370067000,0.0,0.0
2024-04-04 00:00:00-04:00,90.35988689456467,90.58777505707383,85.83619439258581,85.8611831665039,434965000,0.0,0.0
2024-04-05 00:00:00-04:00,86.82169600485652,88.43587785170828,85.88218058642197,87.96311950683594,399678000,0.0,0.0
2024-04-08 00:00:00-04:00,88.65475649731144,88.7846950725735,86.68776556126254,87.08856201171875,283220000,0.0,0.0
2024-04-09 00:00:00-04:00,87.39739525078261,87.59029759028141,82.97965182031417,85.31045532226562,501700000,0.0,0.0
2024-04-10 00:00:00-04:00,83.88320224037439,87.35542960706438,83.66631003801581,86.99461364746094,431929000,0.0,0.0
2024-04-11 00:00:00-04:00,87.37542414329695,90.69273208355851,86.8816803570947,90.56979370117188,431637000,0.0,0.0
2024-04-12 00:00:00-04:00,89.65325833959419,90.1290211698629,87.48536563341473,88.14102935791016,426805000,0.0,0.0
2024-04-15 00:00:00-04:00,89.05256658600005,90.56679344486741,85.88518380835967,85.95714569091797,443077000,0.0,0.0
2024-04-16 00:00:00-04:00,86.38892089132743,88.0730591608871,86.02011339953525,87.37042236328125,370453000,0.0,0.0
2024-04-17 00:00:00-04:00,88.29494666403578,88.72973001771733,83.90718598900048,83.99214935302734,495400000,0.0,0.0
2024-04-18 00:00:00-04:00,84.92666635523963,86.14604537295341,82.35997524716916,84.62781524658203,447260000,0.0,0.0
2024-04-19 00:00:00-04:00,83.10760934336838,84.28100677926233,75.56745676539116,76.16114807128906,875198000,0.0,0.0
2024-04-22 00:00:00-04:00,78.06417460921173,80.0321724749778,76.36104864748893,79.47745513916016,596341000,0.0,0.0
2024-04-23 00:00:00-04:00,80.72781776562408,82.72679808163171,80.22307798101387,82.38097381591797,438559000,0.0,0.0
2024-04-24 00:00:00-04:00,83.90719166390734,84.03912814064545,79.14262401880819,79.6363754272461,512208000,0.0,0.0
2024-04-25 00:00:00-04:00,78.82777847791279,83.28050853708768,78.18311074273281,82.5898666381836,424641000,0.0,0.0
2024-04-26 00:00:00-04:00,83.77525942235107,88.28595859317252,83.34447944649524,87.69026184082031,551011000,0.0,0.0
2024-04-29 00:00:00-04:00,87.5503450405384,87.94713819551701,85.22252999218915,87.71226501464844,388971000,0.0,0.0
2024-04-30 00:00:00-04:00,87.19551848613133,88.77371581096726,86.25600293117195,86.35794830322266,363709000,0.0,0.0
2024-05-01 00:00:00-04:00,85.0336065353816,85.95613224492045,81.21354987762143,82.99864196777344,559863000,0.0,0.0
2024-05-02 00:00:00-04:00,84.40593290133356,86.19302312746696,83.15756927733226,85.77323913574219,377898000,0.0,0.0
2024-05-03 00:00:00-04:00,87.7442309865165,89.23546686580507,86.99561241116382,88.74372100830078,398341000,0.0,0.0
2024-05-06 00:00:00-04:00,89.34441239026923,92.17297098055205,89.00958414820802,92.09300994873047,376203000,0.0,0.0
2024-05-07 00:00:00-04:00,91.05154141921548,91.73419176081896,88.96560776051032,90.50782012939453,437342000,0.0,0.0
2024-05-08 00:00:00-04:00,89.43737100980039,91.14749704338682,89.37439959760155,90.36589813232422,325721000,0.0,0.0
2024-05-09 00:00:00-04:00,90.48284079234612,91.02556319779642,88.18601596391863,88.70175170898438,378013000,0.0,0.0
2024-05-10 00:00:00-04:00,90.25894513362616,91.35438684926548,89.18149198091324,89.83216094970703,335325000,0.0,0.0
2024-05-13 00:00:00-04:00,90.43186737899792,90.95160653164567,88.48386356145281,90.35291290283203,289680000,0.0,0.0
2024-05-14 00:00:00-04:00,89.55331737042562,91.60427311943869,88.8886555026712,91.3094253540039,296507000,0.0,0.0
2024-05-15 00:00:00-04:00,92.42485211295921,94.81363293144179,91.55229612488634,94.58174896240234,417735000,0.0,0.0
2024-05-16 00:00:00-04:00,94.8616117597436,95.77014487035822,94.05501639356171,94.3108901977539,323952000,0.0,0.0
2024-05-17 00:00:00-04:00,94.3208822477914,94.69168763651655,91.75918564554273,92.43183898925781,359691000,0.0,0.0
2024-05-20 00:00:00-04:00,93.70220057081201,95.15145822277206,93.39236106775267,94.73167419433594,318764000,0.0,0.0
2024-05-21 00:00:00-04:00,93.55126534071833,95.35134936664903,93.1324803037148,95.33735656738281,328946000,0.0,0.0
2024-05-22 00:00:00-04:00,95.41032394954395,95.97103489974472,93.20145177000462,94.90158081054688,548648000,0.0,0.0
2024-05-23 00:00:00-04:00,101.97597776870575,106.26578917767765,101.46823355489357,103.74607849121094,835065000,0.0,0.0
2024-05-24 00:00:00-04:00,104.39572928386976,106.42069701496759,102.94747076428304,106.41470336914062,429494000,0.0,0.0
2024-05-28 00:00:00-04:00,110.18778556165118,114.88039109228285,109.8269695886833,113.8429183959961,652728000,0.0,0.0
2024-05-29 00:00:00-04:00,112.99236012753595,115.43310869580411,110.8444538043126,114.76644897460938,557442000,0.0,0.0
2024-05-30 00:00:00-04:00,114.59154239421389,115.75994504924772,109.60708571421941,110.44365692138672,484553000,0.0,0.0
2024-05-31 00:00:00-04:00,112.46262402548862,112.65952979992652,106.88547499697964,109.57710266113281,613263000,0.0,0.0
2024-06-03 00:00:00-04:00,113.56306583418551,114.94136047363281,111.94588702357191,114.94136047363281,438392000,0.0,0.0
2024-06-04 00:00:00-04:00,115.65701427286487,116.54055869028879,113.98686086082328,116.37763977050781,403324000,0.0,0.0
2024-06-05 00:00:00-04:00,118.31063086603073,122.38654631568058,117.4080915342122,122.37755584716797,528402000,0.0,0.0
2024-06-06 00:00:00-04:00,123.98473454180629,125.52295114690725,118.25965887862115,120.93629455566406,664696000,0.0,0.0
2024-06-07 00:00:00-04:00,119.70892124903274,121.62994584355768,117.9618191498612,120.82635498046875,412386000,0.0,0.0
2024-06-10 00:00:00-04:00,120.30862356189567,123.0372272074531,116.95033628620642,121.72789764404297,313434100,0.0,10.0
2024-06-11 00:00:00-04:00,121.71790142895497,122.81743693170633,118.6891989331394,120.8582763671875,222551200,0.01,0.0
2024-06-12 00:00:00-04:00,123.00734716397616,126.8257124975509,122.51755894250634,125.14643096923828,299595000,0.0,0.0
2024-06-13 00:00:00-04:00,129.3346278393984,129.74445604329242,127.10558642301991,129.55453491210938,260704500,0.0,0.0
2024-06-14 00:00:00-04:00,129.90441625095465,132.78317395786428,128.26511837192902,131.82359313964844,309320400,0.0,0.0
2024-06-17 00:00:00-04:00,132.9331153831068,133.67278906643185,129.52457044327446,130.92396545410156,288504400,0.0,0.0
2024-06-18 00:00:00-04:00,131.08390008465824,136.27168233747813,130.63409563692056,135.52200317382812,294335100,0.0,0.0
2024-06-20 00:00:00-04:00,139.74020619139688,140.69978702792184,129.46460449105635,130.72406005859375,517768400,0.0,0.0
2024-06-21 00:00:00-04:00,127.0656139833598,130.57411435219748,124.24682083583242,126.5158462524414,649445800,0.0,0.0
2024-06-24 00:00:00-04:00,123.18726572238242,124.40674492687346,117.98949375774167,118.05946350097656,476060900,0.0,0.0
2024-06-25 00:00:00-04:00,121.14813434618002,126.44586947750777,119.26894156101194,126.03604125976562,414192600,0.0,0.0
2024-06-26 00:00:00-04:00,126.07603561970313,128.0651821115694,122.54754706402704,126.3459243774414,362975900,0.0,0.0
2024-06-27 00:00:00-04:00,124.04690423190566,126.35592112032522,122.86740877139376,123.93695068359375,252571700,0.0,0.0
2024-06-28 00:00:00-04:00,124.52670042256338,127.65535851030685,122.69748155565787,123.48714447021484,315516700,0.0,0.0
2024-07-01 00:00:00-04:00,123.41717942454187,124.78658844306486,118.77916507660012,124.246826171875,284885500,0.0,0.0
2024-07-02 00:00:00-04:00,121.07817351581278,123.35720445635805,120.97821782460922,122.61751556396484,218374000,0.0,0.0
2024-07-03 00:00:00-04:00,121.60795022813568,128.22511291503906,121.30807553564613,128.22511291503906,215749000,0.0,0.0
2024-07-05 00:00:00-04:00,127.32549339805952,128.79487325497558,125.62622385121296,125.77616119384766,214176700,0.0,0.0
2024-07-08 00:00:00-04:00,127.43543114348468,130.71403368367476,126.98562679747023,128.14512634277344,237677300,0.0,0.0
2024-07-09 00:00:00-04:00,130.29424856790877,133.76276548705792,128.59496354527897,131.3238067626953,285366600,0.0,0.0
2024-07-10 00:00:00-04:00,133.9726664675838,135.04221608834806,132.36335454676214,134.852294921875,248978600,0.0,0.0
2024-07-11 00:00:00-04:00,135.69193143030844,136.09175422496259,126.99565600235432,127.34550476074219,374782700,0.0,0.0
2024-07-12 00:00:00-04:00,128.20514625821357,131.86358478076724,127.16559770787343,129.1847381591797,252680500,0.0,0.0
2024-07-15 00:00:00-04:00,130.50414372087192,131.33379047542198,127.1255924372887,128.3850555419922,208326200,0.0,0.0
2024-07-16 00:00:00-04:00,128.3850428883488,128.98477699663783,124.52669397454281,126.3059310913086,214769500,0.0,0.0
2024-07-17 00:00:00-04:00,121.29807714631912,121.79786321418705,116.670060903269,117.93951416015625,390086200,0.0,0.0
2024-07-18 00:00:00-04:00,121.79786207097416,122.34762979092075,116.51012460742739,121.0381851196289,320979500,0.0,0.0
2024-07-19 00:00:00-04:00,120.29851774276338,121.54798304467437,117.31979673364096,117.87955474853516,217223800,0.0,0.0
2024-07-22 00:00:00-04:00,120.2985068676328,124.01691649015211,119.80871864887781,123.48714447021484,258068900,0.0,0.0
2024-07-23 00:00:00-04:00,122.72747303753543,124.63665959294896,122.04776363902835,122.53755187988281,173911000,0.0,0.0
2024-07-24 00:00:00-04:00,119.1190116312528,119.89867669033677,113.39146746574805,114.20111846923828,327776900,0.0,0.0
2024-07-25 00:00:00-04:00,112.99163342891377,116.580093681362,106.25451947131738,112.2319564819336,460067000,0.0,0.0
2024-07-26 00:00:00-04:00,116.14028513217615,116.1502753623964,111.53225712550028,113.0116195678711,293399100,0.0,0.0
2024-07-29 00:00:00-04:00,113.64135918454429,116.23024736996389,111.2523823769322,111.54225158691406,248152100,0.0,0.0
2024-07-30 00:00:00-04:00,111.47228355856528,111.94208369239041,102.49612986212257,103.68562316894531,486833300,0.0,0.0
2024-07-31 00:00:00-04:00,112.85168535455355,118.28935209111981,110.83254555393661,116.96991729736328,473174200,0.0,0.0
2024-08-01 00:00:00-04:00,117.47971689042026,120.10859659996095,106.76430191931924,109.16327667236328,523462300,0.0,0.0
2024-08-02 00:00:00-04:00,103.71560554704351,108.67348235860572,101.32662878479363,107.2240982055664,482027500,0.0,0.0
2024-08-05 00:00:00-04:00,92.020610744235,103.36576087778293,90.65120176374947,100.40702056884766,552842400,0.0,0.0
2024-08-06 00:00:00-04:00,103.79557030996848,107.66391734722711,100.50698458680512,104.20539855957031,409012100,0.0,0.0
2024-08-07 00:00:00-04:00,107.76387761608842,108.75345959568735,98.64778393346153,98.86769104003906,411440400,0.0,0.0
2024-08-08 00:00:00-04:00,101.95635654950479,105.45485898012505,97.47827008281362,104.92508697509766,391910000,0.0,0.0
2024-08-09 00:00:00-04:00,105.59480355882924,106.55439192807604,103.38574997554278,104.70518493652344,290844200,0.0,0.0
2024-08-12 00:00:00-04:00,106.27451625816647,111.02248421974713,106.214544366382,108.97335815429688,325559900,0.0,0.0
2024-08-13 00:00:00-04:00,112.3918952304853,116.18027460234957,111.53226256952769,116.0903091430664,312646700,0.0,0.0
2024-08-14 00:00:00-04:00,118.47929970941885,118.54926946313572,114.02120830914065,118.02949523925781,339246400,0.0,0.0
2024-08-15 00:00:00-04:00,118.7091971963176,123.18727640390337,117.41974813678404,122.80744171142578,318086700,0.0,0.0
2024-08-16 00:00:00-04:00,121.88782549205811,124.94651370725,121.12814855340164,124.52669525146484,302589900,0.0,0.0
2024-08-19 00:00:00-04:00,124.22684228567836,129.94439697265625,123.36720951099952,129.94439697265625,318333600,0.0,0.0
2024-08-20 00:00:00-04:00,128.3450585172195,129.82443628728038,125.83613790062299,127.195556640625,300087400,0.0,0.0
2024-08-21 00:00:00-04:00,127.26552712895132,129.29466502006431,126.60581346882094,128.4450225830078,257883600,0.0,0.0
2024-08-22 00:00:00-04:00,129.96437709388331,130.69406050330699,123.04733191995243,123.68705749511719,376189100,0.0,0.0
2024-08-23 00:00:00-04:00,125.80614369005178,129.54454879248973,125.16641816339359,129.31463623046875,323230300,0.0,0.0
2024-08-26 00:00:00-04:00,129.5145768150302,131.20384101513017,124.3167968178151,126.40589904785156,331964700,0.0,0.0
2024-08-27 00:00:00-04:00,124.99650751528328,129.14472607274774,123.8270022374259,128.2451171875,303134600,0.0,0.0
2024-08-28 00:00:00-04:00,128.06518755846798,128.27510443502842,122.58753608006307,125.55626678466797,448101100,0.0,0.0
2024-08-29 00:00:00-04:00,121.30807947152184,124.37676573622443,116.66006734390899,117.53968811035156,453023300,0.0,0.0
2024-08-30 00:00:00-04:00,119.47885915972935,121.69791057687668,117.169849908653,119.31893157958984,333751600,0.0,0.0
2024-09-03 00:00:00-04:00,115.96036355880885,116.1602749319815,107.24409346859224,107.95378875732422,477155100,0.0,0.0
2024-09-04 00:00:00-04:00,105.36490525672457,113.22153543398687,104.07545625261184,106.16455841064453,372470300,0.0,0.0
2024-09-05 00:00:00-04:00,104.94508720389065,109.60309749669094,104.71518985962717,107.16413879394531,306850700,0.0,0.0
2024-09-06 00:00:00-04:00,107.9937729521253,108.10372649561138,100.90680264312543,102.78600311279297,413638100,0.0,0.0
2024-09-09 00:00:00-04:00,104.83512245061276,106.50441370678206,103.64563679939363,106.42444610595703,273912000,0.0,0.0
2024-09-10 00:00:00-04:00,107.76387224263199,109.35319594429214,104.90509525193343,108.05374908447266,268283700,0.0,0.0
2024-09-11 00:00:00-04:00,109.34319126914343,117.13985668962943,107.37403301447969,116.85997772216797,441422400,0.0,0.0
2024-09-12 00:00:00-04:00,116.80000446674823,120.74865704096976,115.34050510922769,119.0992202758789,366052700,0.01,0.0
2024-09-13 00:00:00-04:00,119.0392295640139,119.91892551173434,117.55973295121166,119.05921936035156,238358300,0.0,0.0
2024-09-16 00:00:00-04:00,116.75001183404176,118.13953528569532,114.32084356482326,116.7400131225586,248772300,0.0,0.0
2024-09-17 00:00:00-04:00,118.12954900355818,118.75933823796504,114.79069593440207,115.55043029785156,231925900,0.0,0.0
2024-09-18 00:00:00-04:00,115.850318172966,117.659695980885,113.18123422247302,113.33118438720703,310318900,0.0,0.0
2024-09-19 00:00:00-04:00,117.30982462581498,119.6190390017094,117.20986038538442,117.82965087890625,293506400,0.0,0.0
2024-09-20 00:00:00-04:00,117.01992368452845,118.57939482627764,115.35049721640073,115.96028900146484,382462400,0.0,0.0
2024-09-23 00:00:00-04:00,116.51010886475667,116.94995306986277,114.82068489843978,116.22020721435547,206228500,0.0,0.0
2024-09-24 00:00:00-04:00,116.4801041033547,121.75830281490052,115.34049501127092,120.82862091064453,354966800,0.0,0.0
2024-09-25 00:00:00-04:00,121.9782246233193,124.8972307941946,121.56836894761845,123.46772003173828,284692900,0.0,0.0
2024-09-26 00:00:00-04:00,126.75659295249227,127.62629022604027,121.75830470715397,123.9975357055664,302582900,0.0,0.0
2024-09-27 00:00:00-04:00,123.9275641535197,123.9875411739155,119.21917738287792,121.35844421386719,271009200,0.0,0.0
2024-09-30 00:00:00-04:00,118.26949648274505,121.45840689022769,118.10955522149155,121.39842987060547,226553700,0.0,0.0
2024-10-01 00:00:00-04:00,121.72830933905863,122.39808576451375,115.7503608309228,116.95994567871094,302094500,0.0,0.0
2024-10-02 00:00:00-04:00,116.40014740227824,119.33913591399957,115.1005893150636,118.80931854248047,221845900,0.0,0.0
2024-10-03 00:00:00-04:00,120.87860561160097,124.31743049345978,120.2988023230489,122.80794525146484,277118000,0.0,0.0
2024-10-04 00:00:00-04:00,124.89723283717322,124.99719707970252,121.78829684578011,124.87723541259766,243678100,0.0,0.0
2024-10-07 00:00:00-04:00,124.94720840149982,130.59527568838965,124.90722118000957,127.67627716064453,346250200,0.0,0.0
2024-10-08 00:00:00-04:00,130.2153933149511,133.43429200303964,129.3756845929013,132.84449768066406,285722500,0.0,0.0
2024-10-09 00:00:00-04:00,134.06407522234613,134.4739384804798,131.33501437000257,132.6045684814453,246191600,0.0,0.0
2024-10-10 00:00:00-04:00,131.86483875930813,134.95377710780917,130.9551466749852,134.7638397216797,242311300,0.0,0.0
2024-10-11 00:00:00-04:00,133.9641223517835,135.73352074472976,133.61425131031754,134.7538604736328,170209500,0.0,0.0
2024-10-14 00:00:00-04:00,136.42329237635488,139.5522259694365,136.25335239175735,138.0227508544922,232347700,0.0,0.0
2024-10-15 00:00:00-04:00,137.82280508502743,138.52257769243778,128.6959404665834,131.55496215820312,377831000,0.0,0.0
2024-10-16 00:00:00-04:00,133.93414345953184,136.57323935639468,131.53497091822635,135.67355346679688,264879700,0.0,0.0
2024-10-17 00:00:00-04:00,139.2923118529861,140.8417844676902,136.8231559081479,136.8831329345703,306435900,0.0,0.0
2024-10-18 00:00:00-04:00,138.62252759913224,138.85244459278235,137.23300404466042,137.9527587890625,176090200,0.0,0.0
2024-10-21 00:00:00-04:00,138.0827206747143,143.6608123779297,137.95276029474488,143.6608123779297,264554500,0.0,0.0
2024-10-22 00:00:00-04:00,142.86108785315807,144.37056551302095,141.73146975294682,143.5408477783203,226311600,0.0,0.0
2024-10-23 00:00:00-04:00,141.9813779606296,142.38123492807873,137.41295033058282,139.51222229003906,285930000,0.0,0.0
2024-10-24 00:00:00-04:00,140.7718017861216,141.30161913611144,138.41260905173522,140.3619384765625,172354900,0.0,0.0
2024-10-25 00:00:00-04:00,140.8817548130095,144.08067171203157,140.75180968215267,141.49154663085938,205122100,0.0,0.0
2024-10-28 00:00:00-04:00,142.95105547012693,143.09100694226274,140.00206821568727,140.47190856933594,173586700,0.0,0.0
2024-10-29 00:00:00-04:00,140.2419668294209,142.21129364579818,138.8524432880062,141.20164489746094,157593600,0.0,0.0
2024-10-30 00:00:00-04:00,139.49222584841445,140.28196395700422,136.76316465511044,139.29229736328125,179418100,0.0,0.0
2024-10-31 00:00:00-04:00,137.55290880572403,137.56289989167158,132.06478241439225,132.7145538330078,270039600,0.0,0.0
2024-11-01 00:00:00-04:00,134.65389558133728,137.26300291330367,134.52395044654537,135.35365295410156,207127800,0.0,0.0
2024-11-04 00:00:00-05:00,137.16303982117785,138.91244079735898,135.52360180221356,136.00343322753906,187528200,0.0,0.0
2024-11-05 00:00:00-05:00,137.40294177771256,140.3219403030432,137.28298774012364,139.8621063232422,160537400,0.0,0.0
2024-11-06 00:00:00-05:00,142.9110784725191,146.43986910531262,141.91142072377156,145.56016540527344,242043900,0.0,0.0
2024-11-07 00:00:00-05:00,146.33990241230273,148.87902647248674,146.11997647950326,148.8290557861328,207323300,0.0,0.0
2024-11-08 00:00:00-05:00,148.71907691535895,149.71873459260812,146.2099263831815,147.5794677734375,175665800,0.0,0.0
2024-11-11 00:00:00-05:00,148.6290778599626,148.79903306733925,143.52084240062385,145.2102508544922,182325600,0.0,0.0
2024-11-12 00:00:00-05:00,146.7297346202135,149.59874692031187,145.95999403229789,148.2392120361328,198634700,0.0,0.0
2024-11-13 00:00:00-05:00,149.01898487542564,149.27889039349282,145.85005645366056,146.21994018554688,191903300,0.0,0.0
2024-11-14 00:00:00-05:00,147.58945090415918,148.94898588208457,145.5001701321721,146.70974731445312,194463300,0.0,0.0
2024-11-15 00:00:00-05:00,144.8203910682193,145.1902747512061,140.03203789439084,141.93138122558594,250132900,0.0,0.0
2024-11-18 00:00:00-05:00,139.45223367342163,141.50153478170088,137.10303223771245,140.1020050048828,221205300,0.0,0.0
2024-11-19 00:00:00-05:00,141.27163159656618,147.0796403153284,140.94174272954967,146.9596710205078,227834900,0.0,0.0
2024-11-20 00:00:00-05:00,147.35954130772643,147.50948385732136,142.68113546401185,145.84005737304688,309871700,0.0,0.0
2024-11-21 00:00:00-05:00,149.29888738883682,152.83766902515802,140.65183891204953,146.6197967529297,400946600,0.0,0.0
2024-11-22 00:00:00-05:00,145.88003080645086,147.10962067545384,141.05169787065546,141.90139770507812,236406200,0.0,0.0
2024-11-25 00:00:00-05:00,141.9413916908634,142.00136870780395,135.7735059739188,135.9734344482422,344941900,0.0,0.0
2024-11-26 00:00:00-05:00,137.6528702588759,139.25232877348597,135.6235662299349,136.87313842773438,190287700,0.0,0.0
2024-11-27 00:00:00-05:00,134.96376655836661,137.17301655731904,131.7548742168772,135.2936553955078,226370900,0.0,0.0
2024-11-29 00:00:00-05:00,136.7331843976686,139.30231211006736,136.0034385187834,138.2026824951172,141863200,0.0,0.0
2024-12-02 00:00:00-05:00,138.78246325473978,140.401903648449,137.77281459318448,138.58253479003906,171682800,0.0,0.0
2024-12-03 00:00:00-05:00,138.21267485883047,140.49189330582607,137.90278339727084,140.2119903564453,164414000,0.0,0.0
2024-12-04 00:00:00-05:00,141.95140715914127,145.740103497805,140.24198561488052,145.09033203125,231224300,0.0,0.0
2024-12-05 00:00:00-05:00,145.07032934736787,146.49993108099994,143.9106428157812,145.0203399658203,172621200,0.01,0.0
2024-12-06 00:00:00-05:00,144.56045967909182,145.66014968908138,141.2713509133455,142.4010467529297,188505600,0.0,0.0
2024-12-09 00:00:00-05:00,138.93199359328304,139.91172129670065,137.0925004855475,138.77203369140625,189308600,0.0,0.0
2024-12-10 00:00:00-05:00,138.97197539548316,141.7812196768295,133.7534018405272,135.03306579589844,210020900,0.0,0.0
2024-12-11 00:00:00-05:00,137.32243273699547,140.13166176303284,135.173026862483,139.2718963623047,184905200,0.0,0.0
2024-12-12 00:00:00-05:00,137.04252103958567,138.40214979482639,135.76287224107875,137.3024444580078,159211400,0.0,0.0
2024-12-13 00:00:00-05:00,138.9020072444441,139.56183041879834,132.50374826625531,134.21328735351562,231514900,0.0,0.0
2024-12-16 00:00:00-05:00,134.1432941479919,134.3632351978696,130.38432800805435,131.96389770507812,237951100,0.0,0.0
2024-12-17 00:00:00-05:00,129.0546920799943,131.5540083659402,126.82530622422306,130.35433959960938,259410300,0.0,0.0
2024-12-18 00:00:00-05:00,133.82339933223892,136.6626191312432,128.2449232385065,128.874755859375,277444500,0.0,0.0
2024-12-19 00:00:00-05:00,131.72394769790225,133.99333094415113,129.51456085077075,130.6442413330078,209719200,0.0,0.0
2024-12-20 00:00:00-05:00,129.7745000485284,135.24300545668208,128.1849385069714,134.6631622314453,306528600,0.0,0.0
2024-12-23 00:00:00-05:00,136.24273302531586,139.75176772445488,135.08304656610844,139.63180541992188,176053500,0.0,0.0
2024-12-24 00:00:00-05:00,139.96173006068474,141.8612045810897,138.61209299039524,140.18167114257812,105157000,0.0,0.0
2024-12-26 00:00:00-05:00,139.66180603983884,140.8115008078877,137.69234337416663,139.89173889160156,116205600,0.0,0.0
2024-12-27 00:00:00-05:00,138.5121216661011,138.9819943823141,134.67317523350815,136.9725341796875,170582600,0.0,0.0
2024-12-30 00:00:00-05:00,134.79311660884966,140.2316308377207,133.98334063995796,137.452392578125,167734700,0.0,0.0
2024-12-31 00:00:00-05:00,137.99226367763055,138.0322612848829,133.79341493856927,134.25328063964844,155659200,0.0,0.0
2025-01-02 00:00:00-05:00,135.96280522543205,138.84202245285945,134.5931847895647,138.2721710205078,198247200,0.0,0.0
2025-01-03 00:00:00-05:00,139.9717090810043,144.86037131104774,139.69178686675932,144.4304962158203,229322500,0.0,0.0
2025-01-06 00:00:00-05:00,148.54936300568127,152.11839407781596,147.77958455274808,149.38912963867188,265377400,0.0,0.0
2025-01-07 00:00:00-05:00,152.98814312185272,153.08812187242287,139.97169998670535,140.10166931152344,351782200,0.0,0.0
2025-01-08 00:00:00-05:00,142.54101155921632,143.91063203422854,137.5223800692543,140.07168579101562,227349900,0.0,0.0
2025-01-10 00:00:00-05:00,137.41242079266553,139.88174676307978,134.18330808313058,135.8728485107422,207602500,0.0,0.0
2025-01-13 00:00:00-05:00,129.95446851982027,133.4535116815908,129.4745887600242,133.19357299804688,204808900,0.0,0.0
2025-01-14 00:00:00-05:00,136.01278831507346,136.3426998783518,130.01442953826418,131.7239532470703,195590500,0.0,0.0
2025-01-15 00:00:00-05:00,133.61345527658474,136.4126928345012,131.25409986764885,136.2027587890625,185217300,0.0,0.0
2025-01-16 00:00:00-05:00,138.60208327625168,138.7120538029648,133.4534978315376,133.53347778320312,209235600,0.0,0.0
2025-01-17 00:00:00-05:00,136.65262268416788,138.46212527408701,135.4229633158422,137.67234802246094,201188800,0.0,0.0
2025-01-21 00:00:00-05:00,139.12194717769367,141.7912151745994,137.05250594430132,140.79148864746094,197749000,0.0,0.0
2025-01-22 00:00:00-05:00,144.62047062339892,147.74960487622204,143.63073568135124,147.02981567382812,237651400,0.0,0.0
2025-01-23 00:00:00-05:00,145.01034368405638,147.1897403093082,143.6807055002306,147.17974853515625,155915500,0.0,0.0
2025-01-24 00:00:00-05:00,148.32942123311412,148.92926325643236,141.84120577881646,142.58099365234375,234657600,0.0,0.0
2025-01-27 00:00:00-05:00,124.76587139934672,128.36487767970476,116.66808057296325,118.38761138916016,818830900,0.0,0.0
2025-01-28 00:00:00-05:00,121.77668294561497,128.96471894622445,116.21820602712087,128.95472717285156,579666400,0.0,0.0
2025-01-29 00:00:00-05:00,126.46541333864903,126.8553060976507,120.01717989918284,123.66617584228516,467120600,0.0,0.0
2025-01-30 00:00:00-05:00,123.06634175444341,124.96582380169083,118.06770880237578,124.61592102050781,392925500,0.0,0.0
2025-01-31 00:00:00-05:00,123.74615511454752,127.81504199868698,119.15741376372098,120.03717041015625,388161100,0.0,0.0
2025-02-03 00:00:00-05:00,114.71862375628316,118.53757894355685,112.97910166242248,116.62810516357422,371235700,0.0,0.0
2025-02-04 00:00:00-05:00,116.92801344303115,121.16685177317855,116.66808241089754,118.6175537109375,256550000,0.0,0.0
2025-02-05 00:00:00-05:00,121.72670769553925,124.96581960402936,120.72698113870702,124.79586791992188,262230800,0.0,0.0
2025-02-06 00:00:00-05:00,127.38515593926263,128.7347928917548,125.17576116570511,128.64480590820312,251483600,0.0,0.0
2025-02-07 00:00:00-05:00,129.18464838201572,130.3343276557766,124.96580169637689,129.80447387695312,228186300,0.0,0.0
2025-02-10 00:00:00-05:00,130.05441853152416,134.96307937585763,129.92446445785666,133.53347778320312,216989100,0.0,0.0
2025-02-11 00:00:00-05:00,132.54376130884148,134.4432358451655,130.9841901729766,132.76370239257812,178902400,0.0,0.0
2025-02-12 00:00:00-05:00,129.98445236307722,132.203846559633,129.04470695043977,131.10414123535156,160278600,0.0,0.0
2025-02-13 00:00:00-05:00,131.52403000773361,136.46268188823717,131.13413724109478,135.2530059814453,197430000,0.0,0.0
2025-02-14 00:00:00-05:00,136.44267986002885,139.21192676792597,135.46295207938218,138.81204223632812,195479600,0.0,0.0
2025-02-18 00:00:00-05:00,141.23139195970475,143.40079701868018,137.892293264338,139.3618927001953,219176600,0.0,0.0
2025-02-19 00:00:00-05:00,139.47184726600554,141.32134750878612,137.18248014952957,139.19192504882812,167536000,0.0,0.0
2025-02-20 00:00:00-05:00,139.991705837455,140.62153843760984,136.7525863640224,140.07168579101562,143903600,0.0,0.0
2025-02-21 00:00:00-05:00,140.0017008694862,141.42132600995674,133.99334973043614,134.3932342529297,228217600,0.0,0.0
2025-02-24 00:00:00-05:00,136.52266681200447,138.55211066034528,130.04444248958205,130.244384765625,251381100,0.0,0.0
2025-02-25 00:00:00-05:00,129.94445760453814,130.16439867421266,124.40597902043103,126.59537506103516,271428700,0.0,0.0
2025-02-26 00:00:00-05:00,129.95446947322534,133.69343728770713,128.4548795357506,131.24411010742188,322553800,0.0,0.0
2025-02-27 00:00:00-05:00,134.96308744670299,134.9730792207777,119.97718824289691,120.11714935302734,443175800,0.0,0.0
2025-02-28 00:00:00-05:00,117.98772650698133,125.05579305607802,116.36817434407594,124.8858413696289,389091100,0.0,0.0
2025-03-03 00:00:00-05:00,123.47622912906817,123.66617198823369,112.2492965435478,114.02880859375,411381400,0.0,0.0
2025-03-04 00:00:00-05:00,110.6197462594264,119.27737437091366,110.07989299750376,115.95828247070312,398163300,0.0,0.0
2025-03-05 00:00:00-05:00,117.54785129486386,118.24765683915241,114.47869104666965,117.26792907714844,284337900,0.0,0.0
2025-03-06 00:00:00-05:00,113.49895407905146,115.31845609620828,110.18986163701831,110.53976440429688,321181900,0.0,0.0
2025-03-07 00:00:00-05:00,111.21957864470976,113.44897220636766,107.5305852358904,112.65918731689453,341755500,0.0,0.0
2025-03-10 00:00:00-04:00,109.8699441866197,111.81940781621753,105.43115607331026,106.95074462890625,366487400,0.0,0.0
2025-03-11 00:00:00-04:00,106.96074247458567,112.20930691241836,104.74134829193281,108.73026275634766,354865700,0.0,0.0
2025-03-12 00:00:00-04:00,114.09930053195751,116.73882100614277,112.85951998498375,115.71900177001953,323857500,0.01,0.0
2025-03-13 00:00:00-04:00,117.00876245655117,117.73863334670654,113.76935252443205,115.55902862548828,299033100,0.0,0.0
2025-03-14 00:00:00-04:00,118.58847644066721,121.85787967708788,118.12856083227834,121.64791870117188,277593500,0.0,0.0
2025-03-17 00:00:00-04:00,122.71772499646224,122.86769930249316,118.00858060635532,119.50830841064453,255501500,0.0,0.0
2025-03-18 00:00:00-04:00,117.97858323274161,118.99839474842913,114.51921213127834,115.40904998779297,299686900,0.0,0.0
2025-03-19 00:00:00-04:00,117.24871023501531,120.42813331851431,115.65900250727064,117.49866485595703,273426200,0.0,0.0
2025-03-20 00:00:00-04:00,116.5288475567653,120.17817892707569,116.44886024718888,118.50848388671875,248829700,0.0,0.0
2025-03-21 00:00:00-04:00,116.91877807414131,117.96858292451893,115.39904967929496,117.67863464355469,266498500,0.0,0.0
2025-03-24 00:00:00-04:00,119.85824123014483,122.19782052957932,119.31833831489072,121.38796997070312,228452500,0.0,0.0
2025-03-25 00:00:00-04:00,120.52812446850508,121.26798803028822,118.89841541478116,120.66809844970703,167447200,0.0,0.0
2025-03-26 00:00:00-04:00,118.70845626054094,118.81842927999459,112.68954449720724,113.7393569946289,293463300,0.0,0.0
2025-03-27 00:00:00-04:00,111.32978747025457,114.42922326739314,110.63991789836862,111.40977478027344,236902100,0.0,0.0
2025-03-28 00:00:00-04:00,111.46976244373079,112.84951685583745,109.0502035041368,109.65009307861328,229872500,0.0,0.0
2025-03-31 00:00:00-04:00,105.11091847763528,110.93986229194257,103.63119133667838,108.3603286743164,299212700,0.0,0.0
2025-04-01 00:00:00-04:00,108.50030342775528,110.17999886185885,106.45068001979016,110.13001251220703,222614000,0.0,0.0
2025-04-02 00:00:00-04:00,107.2705266243207,111.95967777974947,106.77061737970816,110.39995574951172,220601200,0.0,0.0
2025-04-03 00:00:00-04:00,103.49122110695384,105.61083156865355,101.58156399912866,101.78153228759766,338769400,0.0,0.0
2025-04-04 00:00:00-04:00,98.89205625014841,100.11182847125419,92.09328707213024,94.29288482666016,532273800,0.0,0.0
2025-04-07 00:00:00-04:00,87.444123819458,101.73153089146867,86.60427995314998,97.62227630615234,611041300,0.0,0.0
2025-04-08 00:00:00-04:00,103.79115551332612,105.83078615825814,94.44285411172834,96.28252410888672,476243400,0.0,0.0
2025-04-09 00:00:00-04:00,98.87204993981901,115.07910675948129,97.51229618216108,114.30924987792969,612918300,0.0,0.0
2025-04-10 00:00:00-04:00,109.35015243101728,110.83987986480561,99.13200610877084,107.55047607421875,437812400,0.0,0.0
2025-04-11 00:00:00-04:00,108.4803070767672,111.52975654810143,107.46049556472005,110.90986633300781,313417300,0.0,0.0
2025-04-14 00:00:00-04:00,114.08928762467488,114.26925525660798,109.05020155855789,110.68990325927734,264705000,0.0,0.0
2025-04-15 00:00:00-04:00,110.94986159507806,113.59938217981927,110.4799456735416,112.17963409423828,228966900,0.0,0.0
2025-04-16 00:00:00-04:00,104.53103311878802,106.77062454919468,100.4317709352981,104.47103881835938,397016900,0.0,0.0
2025-04-17 00:00:00-04:00,104.43104243972901,104.45104308202083,100.03184700877077,101.4715805053711,292517500,0.0,0.0
2025-04-21 00:00:00-04:00,98.75207336541831,99.42195758129023,95.02275450080649,96.89241790771484,288501100,0.0,0.0
2025-04-22 00:00:00-04:00,98.76207440379943,99.79188628205247,97.26234659010818,98.87205505371094,241004800,0.0,0.0
2025-04-23 00:00:00-04:00,104.5010295750129,104.78098517141211,102.00148324580945,102.69136047363281,247526000,0.0,0.0
2025-04-24 00:00:00-04:00,103.46121375263034,106.52065568558213,103.09127819009328,106.41067504882812,220815000,0.0,0.0
2025-04-25 00:00:00-04:00,106.83061166162848,111.89969145813895,105.71081975581805,110.98986053466797,251064700,0.0,0.0
2025-04-28 00:00:00-04:00,109.67009093365705,110.3499678015911,106.00075133412535,108.71026611328125,207708500,0.0,0.0
2025-04-29 00:00:00-04:00,107.65046012276234,110.1799998026459,107.42050613077843,109.00021362304688,170444300,0.0,0.0
2025-04-30 00:00:00-04:00,104.45104108413872,108.90023040771484,104.06111247501677,108.90023040771484,235044600,0.0,0.0
2025-05-01 00:00:00-04:00,113.05947899879722,114.9191420385801,111.27980327057723,111.5897445678711,236121500,0.0,0.0
2025-05-02 00:00:00-04:00,114.15928352450368,115.37906338859757,113.34943293159324,114.4792251586914,190194800,0.0,0.0
2025-05-05 00:00:00-04:00,112.88951601094917,114.64919116473993,112.63956137373921,113.79934692382812,133163200,0.0,0.0
2025-05-06 00:00:00-04:00,111.45977773347964,114.71918078517231,110.79989381468877,113.51940155029297,158525600,0.0,0.0
2025-05-07 00:00:00-04:00,113.02949042053457,117.65864757290291,112.25962586336117,117.03875732421875,206758800,0.0,0.0
2025-05-08 00:00:00-04:00,118.22854670795566,118.658469001105,115.82898059800607,117.34870910644531,198428100,0.0,0.0
2025-05-09 00:00:00-04:00,117.32869985728382,118.20854502226882,115.18908887008638,116.62882995605469,132972200,0.0,0.0
2025-05-12 00:00:00-04:00,121.94787211512306,122.9776840209961,120.25817629208265,122.9776840209961,225023300,0.0,0.0
2025-05-13 00:00:00-04:00,124.95732666651305,131.19619232916256,124.44741706637032,129.9064178466797,330430100,0.0,0.0
2025-05-14 00:00:00-04:00,133.17581874633882,135.4154176381041,131.65609038206884,135.3154296875,281180800,0.0,0.0
2025-05-15 00:00:00-04:00,134.2656162138544,136.2752611112406,132.6359224746836,134.80552673339844,226632600,0.0,0.0
2025-05-16 00:00:00-04:00,136.19528579014883,136.32526708518697,133.43579205010155,135.37542724609375,226542500,0.0,0.0
2025-05-19 00:00:00-04:00,132.36596428610483,135.84532822832756,132.36596428610483,135.54539489746094,193154600,0.0,0.0
2025-05-20 00:00:00-04:00,134.26562607401144,134.55558199625042,132.59593092987555,134.35562133789062,161514200,0.0,0.0
2025-05-21 00:00:00-04:00,133.0358430493297,137.3750515435132,130.56629021032253,131.7760772705078,270608700,0.0,0.0
2025-05-22 00:00:00-04:00,132.20599574301846,134.22563338103308,131.52612648714359,132.80589294433594,187344000,0.0,0.0
2025-05-23 00:00:00-04:00,129.97641506418768,132.65592152877483,129.13657112060253,131.26617431640625,198821300,0.0,0.0
2025-05-27 00:00:00-04:00,134.1256417936587,135.63537744884945,133.2857979393918,135.47540283203125,192953600,0.0,0.0
2025-05-28 00:00:00-04:00,136.00531758419635,137.22509744866613,134.76553707682788,134.78553771972656,304021100,0.0,0.0
2025-05-29 00:00:00-04:00,142.22419152756274,143.46397204605128,137.88498259688382,139.1647491455078,369241900,0.0,0.0
2025-05-30 00:00:00-04:00,138.6948289010735,139.59465948344436,132.8958783257386,135.10548400878906,333170900,0.0,0.0
2025-06-02 00:00:00-04:00,135.46541564458173,138.09492795630163,135.37542038395227,137.35507202148438,197663100,0.0,0.0
2025-06-03 00:00:00-04:00,138.75480693174418,141.97422364617418,137.9249557656252,141.19436645507812,225578800,0.0,0.0
2025-06-04 00:00:00-04:00,142.1641966028205,142.36415725393297,139.5146683935161,141.8942413330078,167120800,0.0,0.0
2025-06-05 00:00:00-04:00,142.14419665233672,143.97386636815438,138.80480646885346,139.964599609375,231397900,0.0,0.0
2025-06-06 00:00:00-04:00,142.4841247816278,143.24399658328852,141.4843063108272,141.69427490234375,153986200,0.0,0.0
2025-06-09 00:00:00-04:00,143.16402192873528,144.97369107987248,141.91424872977086,142.6041259765625,185114500,0.0,0.0
2025-06-10 00:00:00-04:00,142.66410985007164,144.26381035974757,141.50431668274294,143.9338836669922,155881900,0.0,0.0
2025-06-11 00:00:00-04:00,144.59379466225064,144.97375695921582,141.85409623212945,142.81399536132812,167694000,0.01,0.0
2025-06-12 00:00:00-04:00,141.9540901919345,144.98374938964844,141.83410852298076,144.98374938964844,162365000,0.0,0.0
2025-06-13 00:00:00-04:00,142.4640236398758,143.5639064320885,140.83421673860605,141.95408630371094,180820600,0.0,0.0
2025-06-16 00:00:00-04:00,143.33393622751285,146.16360555156524,143.18394388862185,144.6737823486328,183133700,0.0,0.0
2025-06-17 00:00:00-04:00,144.4738049491523,145.20371882793046,143.7638778428329,144.1038360595703,139108000,0.0,0.0
2025-06-18 00:00:00-04:00,143.9938476821936,145.63366319028128,143.10394808189747,145.46368408203125,161494100,0.0,0.0
2025-06-20 00:00:00-04:00,145.43368901636921,146.1836049259659,142.63399990245927,143.83387756347656,242956200,0.0,0.0
2025-06-23 00:00:00-04:00,142.48402812138661,144.76377135076248,142.01407957999888,144.15383911132812,154308900,0.0,0.0
2025-06-24 00:00:00-04:00,145.54367367470394,147.94341367999496,145.4836828445603,147.88340759277344,187566100,0.0,0.0
2025-06-25 00:00:00-04:00,149.25328072295656,154.43269305532343,149.24327207878133,154.29270935058594,269146500,0.0,0.0
2025-06-26 00:00:00-04:00,155.9625083392563,156.70243086817015,153.98273459501658,155.00262451171875,198145700,0.0,0.0
2025-06-27 00:00:00-04:00,156.02250005395288,158.69221415352254,155.24258871826237,157.73231506347656,263234500,0.0,0.0
2025-06-30 00:00:00-04:00,158.38224776867892,158.6422284044636,155.94253394670602,157.97230529785156,194580300,0.0,0.0
2025-07-01 00:00:00-04:00,156.27249233706732,157.18239409932116,151.47304203431221,153.2828369140625,213143600,0.0,0.0
2025-07-02 00:00:00-04:00,152.962850389823,157.58234297497486,152.95285700312823,157.2323760986328,171224100,0.0,0.0
2025-07-03 00:00:00-04:00,158.35225101493015,160.96195919540767,157.7523273944205,159.3221435546875,143716100,0.0,0.0
2025-07-07 00:00:00-04:00,158.18227071828886,159.29214695363126,157.3223664705724,158.22227478027344,140139000,0.0,0.0
2025-07-08 00:00:00-04:00,159.31214783171163,160.20204749093682,158.3722507239072,159.98207092285156,138133000,0.0,0.0
2025-07-09 00:00:00-04:00,161.20193770023792,164.40157611225678,161.14194686393122,162.86175537109375,183656400,0.0,0.0
2025-07-10 00:00:00-04:00,164.30159583301895,164.48156834124046,161.5918927660757,164.0816192626953,167704100,0.0,0.0
2025-07-11 00:00:00-04:00,163.70165728031435,167.87118822352508,163.4516852914618,164.90151977539062,193633300,0.0,0.0
2025-07-14 00:00:00-04:00,165.35146259057728,165.4714595173457,162.00184716942397,164.05162048339844,136975800,0.0,0.0
2025-07-15 00:00:00-04:00,171.17081299302788,172.38066881478494,169.18103056842588,170.6808624267578,230627400,0.0,0.0
2025-07-16 00:00:00-04:00,171.04083672550954,171.73076187811773,168.88107501049606,171.35079956054688,158831500,0.0,0.0
2025-07-17 00:00:00-04:00,172.00073538495315,174.1404950617398,170.81086624213197,172.98062133789062,160841100,0.0,0.0
2025-07-18 00:00:00-04:00,173.62054394819432,174.23047621121117,171.24080573231237,172.39068603515625,146456400,0.0,0.0
2025-07-21 00:00:00-04:00,172.73065099594356,173.36058531454748,170.9808470061149,171.36080932617188,123126100,0.0,0.0
2025-07-22 00:00:00-04:00,171.32080634495316,171.37080379639445,164.5615689540832,167.01129150390625,193114300,0.0,0.0
2025-07-23 00:00:00-04:00,169.511004310231,171.24080620570157,167.95118153678195,170.7608642578125,154082200,0.0,0.0
2025-07-24 00:00:00-04:00,172.42067791171223,173.81052153075,171.28080627636527,173.7205352783203,128984600,0.0,0.0
2025-07-25 00:00:00-04:00,173.59054858813744,174.70042482917586,172.9406275198062,173.48056030273438,122316800,0.0,0.0
2025-07-28 00:00:00-04:00,174.00050427681666,176.98016607778243,173.9505068282037,176.73019409179688,140023500,0.0,0.0
2025-07-29 00:00:00-04:00,177.94006357342778,179.35990260986108,175.00039060425894,175.49032592773438,154077500,0.0,0.0
2025-07-30 00:00:00-04:00,176.49022309733303,179.869849375745,176.0202745228646,179.2499237060547,174312200,0.0,0.0
2025-07-31 00:00:00-04:00,182.87950237318685,183.2794667127293,175.9102820488597,177.85006713867188,221685400,0.0,0.0
2025-08-01 00:00:00-04:00,174.07048465468185,176.52020701181988,170.8708463561498,173.70053100585938,204529000,0.0,0.0
2025-08-04 00:00:00-04:00,175.14037394842856,180.17980241597786,174.500446281802,179.97982788085938,148174600,0.0,0.0
2025-08-05 00:00:00-04:00,179.59986897635343,180.23979665506658,175.8802845759961,178.24002075195312,156407600,0.0,0.0
2025-08-06 00:00:00-04:00,176.31023710297544,179.87982901005608,176.23024423927978,179.39988708496094,137192300,0.0,0.0
2025-08-07 00:00:00-04:00,181.54966930117607,183.85940811228025,178.7799753024853,180.749755859375,151878400,0.0,0.0
2025-08-08 00:00:00-04:00,181.52965464990967,183.27945850723472,180.3797743894202,182.6795196533203,123396700,0.0,0.0
2025-08-11 00:00:00-04:00,182.02960317073044,183.8193958765311,180.22980182096376,182.0395965576172,138323200,0.0,0.0
2025-08-12 00:00:00-04:00,182.9395060522284,184.4593247511904,179.43989822709233,183.1394805908203,145485700,0.0,0.0
2025-08-13 00:00:00-04:00,182.59953978080497,183.9493946696141,179.329917039869,181.5696563720703,179871700,0.0,0.0
2025-08-14 00:00:00-04:00,179.7298534235828,182.99949119039164,179.43989264021437,181.99960327148438,129554000,0.0,0.0
2025-08-15 00:00:00-04:00,181.85962676701382,181.87961354108583,178.02004541114613,180.42977905273438,156602200,0.0,0.0
2025-08-18 00:00:00-04:00,180.57976314427117,182.91949719839158,180.56975450061333,181.98959350585938,132008000,0.0,0.0
2025-08-19 00:00:00-04:00,182.4095478886331,182.47954736718557,175.47033846497254,175.6203155517578,185229200,0.0,0.0
2025-08-20 00:00:00-04:00,175.1503706193276,175.9802794498554,168.7810892510499,175.38034057617188,215142700,0.0,0.0
2025-08-21 00:00:00-04:00,174.83041312567687,176.88017120538285,173.79052111986658,174.96038818359375,140040900,0.0,0.0
2025-08-22 00:00:00-04:00,172.59066018618677,178.56998587344157,171.18081451068767,177.97006225585938,172789400,0.0,0.0
2025-08-25 00:00:00-04:00,178.33002804439553,181.88962682620624,176.5502286534902,179.78985595703125,163012800,0.0,0.0
2025-08-26 00:00:00-04:00,180.0398187111229,182.36955942503778,178.78995879531527,181.7496337890625,168688200,0.0,0.0
2025-08-27 00:00:00-04:00,181.95959791056248,182.46955051009175,179.07993109949993,181.57965087890625,235518900,0.0,0.0
2025-08-28 00:00:00-04:00,180.79974711518173,184.44933204343067,176.39023757757423,180.14981079101562,281787800,0.0,0.0
2025-08-29 00:00:00-04:00,178.09004428153852,178.130033086625,173.13059331145078,174.1604766845703,243257900,0.0,0.0
2025-09-02 00:00:00-04:00,169.980952871088,172.36069109354864,167.20126556823303,170.7608642578125,231164900,0.0,0.0
2025-09-03 00:00:00-04:00,171.0408442884315,172.3906992342715,168.86109570238054,170.60089111328125,164424900,0.0,0.0
2025-09-04 00:00:00-04:00,170.55090333056648,171.8407521362954,169.39102958990665,171.64077758789062,141670100,0.0,0.0
2025-09-05 00:00:00-04:00,168.01117837826322,169.0110663720669,164.05163046676552,167.0012969970703,224441400,0.0,0.0
2025-09-08 00:00:00-04:00,167.53122834914853,170.940849905597,167.33125381142952,168.2911376953125,163769100,0.0,0.0
2025-09-09 00:00:00-04:00,169.0710489481518,170.96083655380463,166.7213214317911,170.74085998535156,157548400,0.0,0.0
2025-09-10 00:00:00-04:00,176.62020974984335,179.26990675759993,175.45034266016896,177.3101348876953,226852000,0.0,0.0
2025-09-11 00:00:00-04:00,179.66999584989978,180.26996857097555,176.4701769393558,177.16014099121094,151159300,0.01,0.0
2025-09-12 00:00:00-04:00,177.76010410307373,178.59005971058946,176.44017029123495,177.8101043701172,124911000,0.0,0.0
2025-09-15 00:00:00-04:00,175.66021109761542,178.84004186496986,174.50027206258352,177.74009704589844,147061600,0.0,0.0
2025-09-16 00:00:00-04:00,176.99014687805604,177.49011904437822,174.37029760906842,174.87026977539062,140737800,0.0,0.0
2025-09-17 00:00:00-04:00,172.63039291663662,173.1903593144249,168.40063256525568,170.280517578125,211843800,0.0,0.0
2025-09-18 00:00:00-04:00,173.9703101424577,177.09014682532762,172.95037791227023,176.23019409179688,191763300,0.0,0.0
2025-09-19 00:00:00-04:00,175.7602124903078,178.07008136373162,175.17023376194967,176.66015625,237182100,0.0,0.0
2025-09-22 00:00:00-04:00,175.29024236301854,184.53972732383275,174.70027887607205,183.5997772216797,269637000,0.0,0.0
2025-09-23 00:00:00-04:00,181.9598706713119,182.409842567533,176.20019683221489,178.42005920410156,192559600,0.0,0.0
2025-09-24 00:00:00-04:00,179.75999113536878,179.76998508551358,175.39022416770254,176.96014404296875,143564100,0.0,0.0
2025-09-25 00:00:00-04:00,174.47028665549124,180.24996380236055,173.12037093203185,177.68011474609375,191586700,0.0,0.0
2025-09-26 00:00:00-04:00,178.16008106951017,179.75999811527313,174.920255917913,178.18008422851562,148573700,0.0,0.0
2025-09-29 00:00:00-04:00,180.4199550960203,183.98976381560166,180.30997586310093,181.8398895263672,193063500,0.0,0.0
2025-09-30 00:00:00-04:00,182.06986121505474,187.3395719841704,181.4698885277926,186.56961059570312,236981000,0.0,0.0
2025-10-01 00:00:00-04:00,185.22969505995906,188.12952754318238,183.88975804814035,187.22958374023438,173844900,0.0,0.0
2025-10-02 00:00:00-04:00,189.5894532800495,191.0393695238543,188.04953044946197,188.87948608398438,136805800,0.0,0.0
2025-10-03 00:00:00-04:00,189.1794627061203,190.34939569471342,185.36967740169,187.6095428466797,137596900,0.0,0.0
2025-10-06 00:00:00-04:00,185.48967202648717,187.21957143407985,183.31979467524326,185.5296630859375,157678100,0.0,0.0
2025-10-07 00:00:00-04:00,186.21962980709273,189.0494741147918,183.9897582054133,185.02969360351562,140088000,0.0,0.0
2025-10-08 00:00:00-04:00,186.55962017208088,189.58945025835604,186.52960780500513,189.09947204589844,130168900,0.0,0.0
2025-10-09 00:00:00-04:00,192.21928773885006,195.28912405123697,191.04935474353755,192.5592803955078,182997200,0.0,0.0
2025-10-10 00:00:00-04:00,193.49922565779727,195.6091088464203,182.0398719523004,183.14981079101562,268774400,0.0,0.0
2025-10-13 00:00:00-04:00,187.9595379156231,190.09941818271824,185.94965529464977,188.3095245361328,153482800,0.0,0.0
2025-10-14 00:00:00-04:00,184.75971529942103,184.78971240822688,179.68999030007896,180.0199737548828,205641400,0.0,0.0
2025-10-15 00:00:00-04:00,184.7897166440438,184.85970481354866,177.2801249034248,179.8199920654297,214450500,0.0,0.0
2025-10-16 00:00:00-04:00,182.21985578014733,183.26980040587233,179.76000120804414,181.7998809814453,179723300,0.0,0.0
2025-10-17 00:00:00-04:00,180.16996892604442,184.08976427610557,179.74000017155936,183.20980834960938,173135200,0.0,0.0
2025-10-20 00:00:00-04:00,183.1198152646831,185.18969215276272,181.71988400794234,182.6298370361328,128544700,0.0,0.0
2025-10-21 00:00:00-04:00,182.77981647710283,182.77981647710283,179.78999271004406,181.14991760253906,124240200,0.0,0.0
2025-10-22 00:00:00-04:00,181.1299112106735,183.42978616900905,176.7501502622395,180.26995849609375,162249600,0.0,0.0
2025-10-23 00:00:00-04:00,180.40994799999942,183.01980322210497,179.7799782111653,182.1498565673828,111363700,0.0,0.0
2025-10-24 00:00:00-04:00,183.8297551720498,187.45955783835475,183.48977777431884,186.24961853027344,131296700,0.0,0.0
2025-10-27 00:00:00-04:00,189.979423148828,191.98930570001696,188.41949722334647,191.47933959960938,153452700,0.0,0.0
2025-10-28 00:00:00-04:00,193.03926234185508,203.1386912540773,191.89932637827522,201.01881408691406,297986200,0.0,0.0
2025-10-29 00:00:00-04:00,207.96842303697136,212.1781954922272,204.76860414707738,207.02847290039062,308829600,0.0,0.0
2025-10-30 00:00:00-04:00,205.1385766163601,206.1485301715792,201.39879452489242,202.8787078857422,178864400,0.0,0.0
2025-10-31 00:00:00-04:00,206.43850017947892,207.95841980607935,202.05875446792163,202.47872924804688,179802200,0.0,0.0
2025-11-03 00:00:00-05:00,208.06841462190084,211.32822759164594,205.5485506791992,206.8684844970703,180267300,0.0,0.0
2025-11-04 00:00:00-05:00,202.98869740675082,203.9586446199207,197.9189723693821,198.67893981933594,188919300,0.0,0.0
2025-11-05 00:00:00-05:00,198.75894188581304,202.90870481768462,194.63916080574026,195.1991424560547,171350300,0.0,0.0
2025-11-06 00:00:00-05:00,196.40906647995496,197.60899664277025,186.3696319662745,188.0695343017578,223029800,0.0,0.0
2025-11-07 00:00:00-05:00,184.8897071775586,188.3095303364016,178.90005019006267,188.1395263671875,264942300,0.0,0.0
2025-11-10 00:00:00-05:00,195.09914200543773,199.9288750287355,193.7792081445882,199.03892517089844,198897100,0.0,0.0
2025-11-11 00:00:00-05:00,195.14913483203398,195.40911485928362,191.28934919242405,193.1492462158203,176483300,0.0,0.0
2025-11-12 00:00:00-05:00,195.70910637927892,195.87909508520013,191.1193655455878,193.78921508789062,154935300,0.0,0.0
2025-11-13 00:00:00-05:00,191.03936321053533,191.42934088057365,183.8397672401686,186.84959411621094,207423100,0.0,0.0
2025-11-14 00:00:00-05:00,182.8498180673128,190.99935813210442,180.56994624954729,190.15940856933594,186591900,0.0,0.0
2025-11-17 00:00:00-05:00,185.95964506857126,188.98947511566342,184.30974305565786,186.58961486816406,173628900,0.0,0.0
2025-11-18 00:00:00-05:00,183.36979105504545,184.7897101334883,179.63998782140993,181.3498992919922,213598900,0.0,0.0
2025-11-19 00:00:00-05:00,184.7796984316032,187.8495347223247,182.8198161698128,186.50961303710938,247246400,0.0,0.0
2025-11-20 00:00:00-05:00,195.9390891568929,195.9890894251709,179.83999453744622,180.62994384765625,343504800,0.0,0.0
2025-11-21 00:00:00-05:00,181.22991004695137,184.54971718190046,172.92036011460985,178.8700408935547,346926200,0.0,0.0
2025-11-24 00:00:00-05:00,179.48001348627363,183.4897847612219,176.47017128450955,182.5398406982422,256618300,0.0,0.0
2025-11-25 00:00:00-05:00,174.90026276869568,178.15008177330986,169.54056066153746,177.8101043701172,320600300,0.0,0.0
2025-11-26 00:00:00-05:00,181.61988829154,182.8998157763143,178.2300777211247,180.2499542236328,183852000,0.0,0.0
2025-11-28 00:00:00-05:00,179.0000253919654,179.28000857805475,176.49017066740046,176.99014282226562,121332800,0.0,0.0
2025-12-01 00:00:00-05:00,174.75027181562072,180.28997214473748,173.67033006996684,179.9099884033203,188131000,0.0,0.0
2025-12-02 00:00:00-05:00,181.74987648908228,185.6496685428864,179.98997995570696,181.4499053955078,182632200,0.0,0.0
2025-12-03 00:00:00-05:00,181.06992440272873,182.43984327721986,179.1000328161426,179.5800018310547,165138000,0.0,0.0
2025-12-04 00:00:00-05:00,181.6199951171875,184.52000427246094,179.9600067138672,183.3800048828125,167364900,0.01,0.0
2025-12-05 00:00:00-05:00,183.88999938964844,184.66000366210938,180.91000366210938,182.41000366210938,143971100,0.0,0.0
2025-12-08 00:00:00-05:00,182.63999938964844,188.0,182.39999389648438,185.5500030517578,204378100,0.0,0.0
2025-12-09 00:00:00-05:00,185.55999755859375,185.72000122070312,183.32000732421875,184.97000122070312,144719700,0.0,0.0
2025-12-10 00:00:00-05:00,184.97000122070312,185.47999572753906,182.0399932861328,183.77999877929688,162785400,0.0,0.0
2025-12-11 00:00:00-05:00,180.27999877929688,181.32000732421875,176.6199951171875,180.92999267578125,182136600,0.0,0.0
2025-12-12 00:00:00-05:00,181.11000061035156,182.82000732421875,174.6199951171875,175.02000427246094,204274900,0.0,0.0
2025-12-15 00:00:00-05:00,177.94000244140625,178.4199981689453,175.02999877929688,176.2899932861328,164775600,0.0,0.0
2025-12-16 00:00:00-05:00,176.25999450683594,178.49000549316406,174.89999389648438,177.72000122070312,148588100,0.0,0.0
2025-12-17 00:00:00-05:00,176.10000610351562,176.1300048828125,170.30999755859375,170.94000244140625,222775500,0.0,0.0
2025-12-18 00:00:00-05:00,174.52999877929688,176.14999389648438,171.82000732421875,174.13999938964844,176096000,0.0,0.0
2025-12-19 00:00:00-05:00,176.6699981689453,181.4499969482422,176.33999633789062,180.99000549316406,324925900,0.0,0.0
2025-12-22 00:00:00-05:00,183.9199981689453,184.16000366210938,182.35000610351562,183.69000244140625,129064400,0.0,0.0
2025-12-23 00:00:00-05:00,182.97000122070312,189.3300018310547,182.89999389648438,189.2100067138672,174873600,0.0,0.0
2025-12-24 00:00:00-05:00,187.94000244140625,188.91000366210938,186.58999633789062,188.61000061035156,65528500,0.0,0.0
2025-12-26 00:00:00-05:00,189.9199981689453,192.69000244140625,188.0,190.52999877929688,139740300,0.0,0.0
2025-12-29 00:00:00-05:00,187.7100067138672,188.75999450683594,185.91000366210938,188.22000122070312,120006100,0.0,0.0
2025-12-30 00:00:00-05:00,188.24000549316406,188.99000549316406,186.92999267578125,187.5399932861328,97687300,0.0,0.0
2025-12-31 00:00:00-05:00,189.57000732421875,190.55999755859375,186.49000549316406,186.5,120100500,0.0,0.0
2026-01-02 00:00:00-05:00,189.83999633789062,192.92999267578125,188.25999450683594,188.85000610351562,148240500,0.0,0.0
2026-01-05 00:00:00-05:00,191.75999450683594,193.6300048828125,186.14999389648438,188.1199951171875,183529700,0.0,0.0
2026-01-06 00:00:00-05:00,190.52000427246094,192.1699981689453,186.82000732421875,187.24000549316406,176862600,0.0,0.0
2026-01-07 00:00:00-05:00,188.57000732421875,191.3699951171875,186.55999755859375,189.11000061035156,153543200,0.0,0.0
2026-01-08 00:00:00-05:00,189.11000061035156,189.5500030517578,183.7100067138672,185.0399932861328,172457000,0.0,0.0
2026-01-09 00:00:00-05:00,185.0800018310547,186.33999633789062,183.6699981689453,184.86000061035156,131327500,0.0,0.0
2026-01-12 00:00:00-05:00,183.22000122070312,187.1199951171875,183.02000427246094,184.94000244140625,137968500,0.0,0.0
2026-01-13 00:00:00-05:00,185.0,188.11000061035156,183.39999389648438,185.80999755859375,160128900,0.0,0.0
2026-01-14 00:00:00-05:00,184.32000732421875,184.4600067138672,180.8000030517578,183.13999938964844,159586100,0.0,0.0
2026-01-15 00:00:00-05:00,186.5,189.6999969482422,186.3300018310547,187.0500030517578,206188600,0.0,0.0
2026-01-16 00:00:00-05:00,189.0800018310547,190.44000244140625,186.0800018310547,186.22999572753906,187967200,0.0,0.0
2026-01-20 00:00:00-05:00,181.89999389648438,182.3800048828125,177.61000061035156,178.07000732421875,223345300,0.0,0.0
2026-01-21 00:00:00-05:00,179.0500030517578,185.3800048828125,178.39999389648438,183.32000732421875,200381000,0.0,0.0
2026-01-22 00:00:00-05:00,184.75,186.1699981689453,183.92999267578125,184.83999633789062,139636600,0.0,0.0
2026-01-23 00:00:00-05:00,187.5,189.60000610351562,186.82000732421875,187.6699981689453,142748100,0.0,0.0
2026-01-26 00:00:00-05:00,187.16000366210938,189.1199951171875,185.99000549316406,186.47000122070312,124799600,0.0,0.0
2026-01-27 00:00:00-05:00,187.24000549316406,190.0,185.6999969482422,188.52000427246094,143711600,0.0,0.0
2026-01-28 00:00:00-05:00,191.27000427246094,192.35000610351562,189.83999633789062,191.52000427246094,148552700,0.0,0.0
2026-01-29 00:00:00-05:00,191.33999633789062,193.47999572753906,186.05999755859375,192.50999450683594,171764400,0.0,0.0
2026-01-30 00:00:00-05:00,191.2100067138672,194.49000549316406,189.47000122070312,191.1300048828125,179489500,0.0,0.0
2026-02-02 00:00:00-05:00,187.1999969482422,190.3000030517578,184.8800048828125,185.61000061035156,165794100,0.0,0.0
2026-02-03 00:00:00-05:00,186.24000549316406,186.27000427246094,176.22999572753906,180.33999633789062,204019600,0.0,0.0
2026-02-04 00:00:00-05:00,179.4600067138672,179.5800018310547,171.91000366210938,174.19000244140625,207014100,0.0,0.0
2026-02-05 00:00:00-05:00,174.92999267578125,176.82000732421875,171.02999877929688,171.8800048828125,206312900,0.0,0.0
2026-02-06 00:00:00-05:00,176.69000244140625,187.0,174.60000610351562,185.41000366210938,231346200,0.0,0.0
2026-02-09 00:00:00-05:00,184.25999450683594,193.66000366210938,183.9499969482422,190.0399932861328,196387400,0.0,0.0
2026-02-10 00:00:00-05:00,191.3800048828125,192.47999572753906,188.1199951171875,188.5399932861328,136764800,0.0,0.0
2026-02-11 00:00:00-05:00,192.4499969482422,193.25999450683594,188.77000427246094,190.0500030517578,144192700,0.0,0.0
2026-02-12 00:00:00-05:00,193.02999877929688,193.61000061035156,186.50999450683594,186.94000244140625,189932500,0.0,0.0
2026-02-13 00:00:00-05:00,187.47999572753906,187.5,181.58999633789062,182.80999755859375,161888000,0.0,0.0
2026-02-17 00:00:00-05:00,181.75,187.14999389648438,179.17999267578125,184.97000122070312,162276900,0.0,0.0
2026-02-18 00:00:00-05:00,188.75,190.3699951171875,186.75999450683594,187.97999572753906,159887319,0.0,0.0
