Date,Open,High,Low,Close,Volume,Dividends,Stock Splits,Capital Gains
2016-02-19 00:00:00-05:00,93.79090364356512,94.81401520850872,93.58628842664773,94.52568054199219,28257900,0.0,0.0,0.0
2016-02-22 00:00:00-05:00,95.40927633585189,96.15334908840829,95.31626812879125,96.06034088134766,23979100,0.0,0.0,0.0
2016-02-23 00:00:00-05:00,95.50230698069068,95.76273286007472,94.4140958006618,94.47920227050781,29869700,0.0,0.0,0.0
2016-02-24 00:00:00-05:00,93.3723667645498,95.50228813795128,92.79570450535215,95.38137817382812,40739100,0.0,0.0,0.0
2016-02-25 00:00:00-05:00,95.57668991312491,96.32076263427734,94.7209959944966,96.32076263427734,29389300,0.0,0.0,0.0
2016-02-26 00:00:00-05:00,97.05553880616533,97.07414470430153,95.96732793554058,96.1998519897461,30925000,0.0,0.0,0.0
2016-02-29 00:00:00-05:00,96.10685869694187,96.82302977272775,95.33487701416016,95.33487701416016,27553900,0.0,0.0,0.0
2016-03-01 00:00:00-05:00,96.24639200705444,98.39491271972656,95.94876140141989,98.39491271972656,37699800,0.0,0.0,0.0
2016-03-02 00:00:00-05:00,98.27397609514601,98.4506895625575,97.66941209550517,98.43209075927734,29209800,0.0,0.0,0.0
2016-03-03 00:00:00-05:00,98.32978321983653,98.35768497381932,97.53920277401308,98.2460708618164,25474600,0.0,0.0,0.0
2016-03-04 00:00:00-05:00,98.35765828918171,98.91571450565105,97.63218449816458,98.28324890136719,31655400,0.0,0.0,0.0
2016-03-07 00:00:00-05:00,97.78101446146381,98.348373731516,96.9811311330647,97.67870330810547,25861200,0.0,0.0,0.0
2016-03-08 00:00:00-05:00,97.00905322678808,97.85543722478273,96.7021197248031,96.86953735351562,28898500,0.0,0.0,0.0
2016-03-09 00:00:00-05:00,97.23228043703175,97.51130510492536,96.69282281126924,97.49270629882812,31047400,0.0,0.0,0.0
2016-03-10 00:00:00-05:00,97.90192837323208,98.45998467615166,96.08823651865484,97.3438720703125,44236100,0.0,0.0,0.0
2016-03-11 00:00:00-05:00,98.39486454156334,99.04592895507812,98.08793113401926,99.04592895507812,31454000,0.0,0.0,0.0
2016-03-14 00:00:00-04:00,98.6739213041264,99.4459030006751,98.64601954816695,99.21337890625,25374900,0.0,0.0,0.0
2016-03-15 00:00:00-04:00,98.85994099909513,99.28778446469775,98.54370455299723,99.1761703491211,26524600,0.0,0.0,0.0
2016-03-16 00:00:00-04:00,98.93439064424985,100.32023276991444,98.9064817819517,100.05980682373047,31693100,0.0,0.0,0.0
2016-03-17 00:00:00-04:00,99.77143556076071,100.23648375076273,99.39940268561689,100.00395965576172,29623700,0.0,0.0,0.0
2016-03-18 00:00:00-04:00,100.24464388028831,100.41255814275266,99.62896299600042,100.16069030761719,37682300,0.318,0.0,0.0
2016-03-21 00:00:00-04:00,99.98342507944534,100.64575144692733,99.92745604242792,100.5524673461914,17288600,0.0,0.0,0.0
2016-03-22 00:00:00-04:00,99.98344988160491,101.09355017196276,99.96479590367865,100.86033630371094,18840300,0.0,0.0,0.0
2016-03-23 00:00:00-04:00,100.6644246277986,100.73904764707764,99.80619229343498,100.03008270263672,20912900,0.0,0.0,0.0
2016-03-24 00:00:00-04:00,99.54497884938077,100.0860365806177,99.3770646264838,100.05805206298828,19017300,0.0,0.0,0.0
2016-03-28 00:00:00-04:00,100.33789567084065,100.35655675905853,99.74086895602537,99.9181137084961,13892300,0.0,0.0,0.0
2016-03-29 00:00:00-04:00,99.73156357444518,101.58794362930698,99.56364933570103,101.52264404296875,29963900,0.0,0.0,0.0
2016-03-30 00:00:00-04:00,102.1289816144915,102.65137820393367,101.80247662897038,102.01703643798828,23807200,0.0,0.0,0.0
2016-03-31 00:00:00-04:00,101.94242798509168,102.32490208158781,101.70921415565392,101.8677978515625,21447200,0.0,0.0,0.0
2016-04-01 00:00:00-04:00,101.25211663806608,102.98722809151779,101.11218691753845,102.94991302490234,26389000,0.0,0.0,0.0
2016-04-04 00:00:00-04:00,102.94991061274496,103.02454074422724,102.31556872938764,102.55811309814453,17163000,0.0,0.0,0.0
2016-04-05 00:00:00-04:00,101.76518893485093,102.14766305291127,101.43869097865408,101.56929016113281,20107900,0.0,0.0,0.0
2016-04-06 00:00:00-04:00,101.6719153843154,103.27642792674916,101.6719153843154,103.2391128540039,25056000,0.0,0.0,0.0
2016-04-07 00:00:00-04:00,102.64205368490832,102.82862899003209,101.31740104557028,101.75584411621094,28567200,0.0,0.0,0.0
2016-04-08 00:00:00-04:00,102.39019298243684,102.63273022014812,101.32673857979307,101.68122100830078,22898000,0.0,0.0,0.0
2016-04-11 00:00:00-04:00,102.11966924110448,102.63273537785024,101.29875203491764,101.3080825805664,25772100,0.0,0.0,0.0
2016-04-12 00:00:00-04:00,101.38269569795642,102.3528658861091,100.76700789663808,102.15696716308594,28564100,0.0,0.0,0.0
2016-04-13 00:00:00-04:00,102.94057079215311,103.62155822561063,102.80997163238654,103.46297454833984,25356700,0.0,0.0,0.0
2016-04-14 00:00:00-04:00,103.48165110355168,103.85479469165243,102.61409528599431,103.47232055664062,17199700,0.0,0.0,0.0
2016-04-15 00:00:00-04:00,103.38837305096143,103.6029258226485,102.94992984300647,103.21112823486328,21353300,0.0,0.0,0.0
2016-04-18 00:00:00-04:00,102.91258062972996,103.79879018198179,102.84728105342846,103.76148223876953,17126100,0.0,0.0,0.0
2016-04-19 00:00:00-04:00,103.95739209846566,103.95739209846566,102.5021330581708,103.12715148925781,42481400,0.0,0.0,0.0
2016-04-20 00:00:00-04:00,103.12717465910463,103.68688651552957,102.77268502690832,103.21112823486328,18078300,0.0,0.0,0.0
2016-04-21 00:00:00-04:00,103.15511363887495,103.5935566532467,102.75398568073902,103.22041320800781,20216000,0.0,0.0,0.0
2016-04-22 00:00:00-04:00,101.87711985818288,102.35287802315175,100.8603110632815,101.66256713867188,39074000,0.0,0.0,0.0
2016-04-25 00:00:00-04:00,101.35472320150845,101.67189056674059,101.16814788332425,101.66256713867188,14351900,0.0,0.0,0.0
2016-04-26 00:00:00-04:00,101.87713922388407,102.04505348360813,100.86033023569871,101.16816711425781,19118300,0.0,0.0,0.0
2016-04-27 00:00:00-04:00,100.13269984033707,100.58980413175759,99.52634949605495,100.3565902709961,33059800,0.0,0.0,0.0
2016-04-28 00:00:00-04:00,100.4684972147442,101.05620051657941,98.94794587625378,99.14384460449219,29818200,0.0,0.0,0.0
2016-04-29 00:00:00-04:00,99.14386430275945,99.34909361610492,97.83786540456947,98.62146759033203,67502800,0.0,0.0,0.0
2016-05-02 00:00:00-04:00,98.87335650281366,99.69427393140322,98.46290490564184,99.5543441772461,24813800,0.0,0.0,0.0
2016-05-03 00:00:00-04:00,98.84534343670444,99.29311709730109,98.36958525678065,98.63079071044922,38569400,0.0,0.0,0.0
2016-05-04 00:00:00-04:00,98.03375264826093,98.39757273550322,97.75390034969378,97.99644470214844,27474500,0.0,0.0,0.0
2016-05-05 00:00:00-04:00,98.35092651151759,98.56548634448448,97.7725537107064,97.96845245361328,20788100,0.0,0.0,0.0
2016-05-06 00:00:00-04:00,97.48340480260188,98.50954448236257,97.39012067119147,98.49089050292969,30758500,0.0,0.0,0.0
2016-05-09 00:00:00-04:00,98.50020013975094,99.22783334394703,98.45356163913867,98.7707290649414,19289600,0.0,0.0,0.0
2016-05-10 00:00:00-04:00,99.12522746759318,100.17002107310687,98.94798264503382,100.12338256835938,21178900,0.0,0.0,0.0
2016-05-11 00:00:00-04:00,99.97409343107155,100.27260682040499,99.19049845299149,99.2184829711914,20966300,0.0,0.0,0.0
2016-05-12 00:00:00-04:00,99.4517014927793,99.57297011643365,98.08040309902249,98.78004455566406,29196300,0.0,0.0,0.0
2016-05-13 00:00:00-04:00,98.69609632204569,99.30244659015278,98.22033811306693,98.4162368774414,21059300,0.0,0.0,0.0
2016-05-16 00:00:00-04:00,98.56552005557715,100.01144187645427,98.47222880761097,99.64762878417969,18311900,0.0,0.0,0.0
2016-05-17 00:00:00-04:00,99.563659886184,99.85284278245129,98.1363851470538,98.39759063720703,29932700,0.0,0.0,0.0
2016-05-18 00:00:00-04:00,98.17367193469852,99.28377181740031,97.98710375545848,98.75204467773438,27524400,0.0,0.0,0.0
2016-05-19 00:00:00-04:00,98.36958995820703,98.6121343325023,97.52069532385543,98.2389907836914,27334600,0.0,0.0,0.0
2016-05-20 00:00:00-04:00,98.63078744431719,99.72222636465766,98.57481129039569,99.32109832763672,29549600,0.0,0.0,0.0
2016-05-23 00:00:00-04:00,99.43304323566664,99.78753280542591,99.09722187465856,99.19050598144531,15729800,0.0,0.0,0.0
2016-05-24 00:00:00-04:00,99.74090718590341,101.29877414458225,99.71292265997018,101.17750549316406,29931300,0.0,0.0,0.0
2016-05-25 00:00:00-04:00,101.55996130658208,102.21295718409375,101.38271651820551,101.90511322021484,37951700,0.0,0.0,0.0
2016-05-26 00:00:00-04:00,102.00774500268179,102.33424299625901,101.76520058582909,102.20364379882812,21885900,0.0,0.0,0.0
2016-05-27 00:00:00-04:00,102.26893910230488,102.74469736846295,102.25028512507929,102.73536682128906,19870000,0.0,0.0,0.0
2016-05-31 00:00:00-04:00,102.8752748594917,103.08983469649807,102.40884723889762,102.93124389648438,24366100,0.0,0.0,0.0
2016-06-01 00:00:00-04:00,102.61407673435636,103.17378845675599,102.53012317870073,102.9405746459961,19571500,0.0,0.0,0.0
2016-06-02 00:00:00-04:00,102.73535457049216,103.1644671667329,102.17564279787908,103.15514373779297,15696600,0.0,0.0,0.0
2016-06-03 00:00:00-04:00,102.95925685780573,103.00589535925285,101.99840978198259,102.6700668334961,20269900,0.0,0.0,0.0
2016-06-06 00:00:00-04:00,102.85662179939563,103.3137188788423,102.67937702451762,103.0431900024414,12502400,0.0,0.0,0.0
2016-06-07 00:00:00-04:00,103.09916506780979,103.20177972062073,102.73535206861503,102.78199768066406,12184300,0.0,0.0,0.0
2016-06-08 00:00:00-04:00,102.95924377441406,103.1737965114756,102.57676967869037,102.95924377441406,14568700,0.0,0.0,0.0
2016-06-09 00:00:00-04:00,102.5394611227056,102.90327414962424,102.34356234798955,102.79133605957031,17571600,0.0,0.0,0.0
2016-06-10 00:00:00-04:00,101.85846557920931,102.05436432487426,101.27076222509385,101.62525177001953,32965000,0.0,0.0,0.0
2016-06-13 00:00:00-04:00,101.04687315649068,101.61591538759512,100.64574514304196,100.7763442993164,25154700,0.0,0.0,0.0
2016-06-14 00:00:00-04:00,100.50581544214214,101.14015725138381,100.03938785055621,100.7763442993164,24588500,0.0,0.0,0.0
2016-06-15 00:00:00-04:00,101.01890222904537,101.15883194876889,100.319260747549,100.48717498779297,24605700,0.0,0.0,0.0
2016-06-16 00:00:00-04:00,99.99276470368558,100.87897441682303,99.34909225105905,100.78569030761719,32079900,0.0,0.0,0.0
2016-06-17 00:00:00-04:00,100.57710161332821,100.71740403015835,99.3705122463128,99.6043472290039,29208800,0.287,0.0,0.0
2016-06-20 00:00:00-04:00,100.76417681581539,101.2411950564224,100.15620441589626,100.23103332519531,20562800,0.0,0.0,0.0
2016-06-21 00:00:00-04:00,100.36199946343184,100.75484060795631,100.1749271545543,100.54906463623047,22804100,0.0,0.0,0.0
2016-06-22 00:00:00-04:00,100.60516329758363,101.19443203644819,100.22167762671266,100.30585479736328,22724200,0.0,0.0,0.0
2016-06-23 00:00:00-04:00,101.08219568752426,101.75564164377381,100.6612955329073,101.73693084716797,18714200,0.0,0.0,0.0
2016-06-24 00:00:00-04:00,98.11714291133252,99.61368511018583,97.33145379688699,97.54658508300781,68012700,0.0,0.0,0.0
2016-06-27 00:00:00-04:00,96.90120184069127,96.90120184069127,95.1708246381225,95.61043548583984,48222600,0.0,0.0,0.0
2016-06-28 00:00:00-04:00,96.6673993440937,97.75239730153262,96.62063662004607,97.70562744140625,28260600,0.0,0.0,0.0
2016-06-29 00:00:00-04:00,98.47258280238145,99.64175766873966,98.42582008937336,99.43598175048828,31356700,0.0,0.0,0.0
2016-06-30 00:00:00-04:00,99.60434652404548,100.65192980807514,99.26762358046729,100.58645629882812,36300800,0.0,0.0,0.0
2016-07-01 00:00:00-04:00,100.53971357824392,101.46570549099613,100.50229911485279,101.09156799316406,19902800,0.0,0.0,0.0
2016-07-05 00:00:00-04:00,100.55838931438556,100.6986917191606,99.93170619120062,100.47420501708984,21167900,0.0,0.0,0.0
2016-07-06 00:00:00-04:00,99.99718803862493,101.3440725869267,99.67916877489029,101.29730987548828,24579300,0.0,0.0,0.0
2016-07-07 00:00:00-04:00,101.39086558220409,101.8211211604807,101.11961610405781,101.59664154052734,19161700,0.0,0.0,0.0
2016-07-08 00:00:00-04:00,102.1391196144327,103.22411738099424,101.97075813810686,103.16799926757812,29457900,0.0,0.0,0.0
2016-07-11 00:00:00-04:00,103.51407279323095,104.14074886062966,103.50472453150452,103.75726318359375,20218500,0.0,0.0,0.0
2016-07-12 00:00:00-04:00,104.39327208871819,104.56163353241955,104.14072635512811,104.2810287475586,21906100,0.0,0.0,0.0
2016-07-13 00:00:00-04:00,104.5242400822674,104.58971359374384,104.01915564970164,104.02851104736328,21107800,0.0,0.0,0.0
2016-07-14 00:00:00-04:00,104.72067671400758,104.93580807682946,104.47748628996516,104.73938751220703,20871000,0.0,0.0,0.0
2016-07-15 00:00:00-04:00,104.98257446883322,105.03869972931426,104.33719462997178,104.57102966308594,17999300,0.0,0.0,0.0
2016-07-18 00:00:00-04:00,104.63648464055498,105.45022584446971,104.61777384501808,105.2631607055664,20713900,0.0,0.0,0.0
2016-07-19 00:00:00-04:00,104.89840287748805,105.20706685032177,104.69262689559892,104.87969207763672,18936700,0.0,0.0,0.0
2016-07-20 00:00:00-04:00,105.45022296949492,106.30138574127751,105.31927594861719,106.10496520996094,24997900,0.0,0.0,0.0
2016-07-21 00:00:00-04:00,106.17979042426846,106.38556635976984,105.57182515165866,105.86177825927734,18885400,0.0,0.0,0.0
2016-07-22 00:00:00-04:00,105.93660957528202,106.42298323163004,105.6092420050403,106.3013916015625,20003400,0.0,0.0,0.0
2016-07-25 00:00:00-04:00,106.2172055326709,106.33880429680279,105.95531148081406,106.31074523925781,12968100,0.0,0.0,0.0
2016-07-26 00:00:00-04:00,106.27331358337518,106.8158052589567,105.89917622581527,106.43231964111328,21223800,0.0,0.0,0.0
2016-07-27 00:00:00-04:00,107.3302554628608,107.45184708306839,106.72228308966837,107.17124938964844,27646100,0.0,0.0,0.0
2016-07-28 00:00:00-04:00,107.33961895844837,107.6669865268421,107.00289599207832,107.54539489746094,16939700,0.0,0.0,0.0
2016-07-29 00:00:00-04:00,107.78856884214544,108.06917366856584,107.44249764378107,107.77922058105469,22385300,0.0,0.0,0.0
2016-08-01 00:00:00-04:00,107.85401780816136,108.62099607163168,107.72307082191585,108.34974670410156,13990100,0.0,0.0,0.0
2016-08-02 00:00:00-04:00,108.1907705020632,108.28430307001906,106.83453042650936,107.52667999267578,21278400,0.0,0.0,0.0
2016-08-03 00:00:00-04:00,107.44248400152506,107.89144310349958,107.37701050181727,107.88208770751953,15011300,0.0,0.0,0.0
2016-08-04 00:00:00-04:00,107.84470939217677,108.29366861486386,107.59216358534687,108.19078063964844,12835300,0.0,0.0,0.0
2016-08-05 00:00:00-04:00,108.74263784222344,109.47220195039426,108.6210390668094,109.22901153564453,23196600,0.0,0.0,0.0
2016-08-08 00:00:00-04:00,109.28510871239227,109.31317490324035,108.76132066046004,109.1073989868164,12358200,0.0,0.0,0.0
2016-08-09 00:00:00-04:00,109.19157810747534,109.70601790775224,109.12610459981074,109.35993957519531,13276500,0.0,0.0,0.0
2016-08-10 00:00:00-04:00,109.42543221891395,109.45349127909466,108.78940068919721,109.07936096191406,14688400,0.0,0.0,0.0
2016-08-11 00:00:00-04:00,109.45348787542589,109.78086259689614,109.2290082648825,109.54702758789062,12969800,0.0,0.0,0.0
2016-08-12 00:00:00-04:00,109.35994738131168,109.63119682844884,109.23835575442027,109.62184143066406,19379000,0.0,0.0,0.0
2016-08-15 00:00:00-04:00,109.76214811164357,110.3420614834786,109.72473365513055,110.08951568603516,11777800,0.0,0.0,0.0
2016-08-16 00:00:00-04:00,109.88375627522646,109.89310453809563,109.46284895552259,109.48155975341797,14161400,0.0,0.0,0.0
2016-08-17 00:00:00-04:00,109.50959416467204,109.71537007873204,108.90162181933393,109.6779556274414,15980300,0.0,0.0,0.0
2016-08-18 00:00:00-04:00,109.57506952683009,109.8650226091487,109.38799726720758,109.70601654052734,10036300,0.0,0.0,0.0
2016-08-19 00:00:00-04:00,109.50959416467204,109.92113885671512,109.21028569042392,109.6779556274414,18743000,0.0,0.0,0.0
2016-08-22 00:00:00-04:00,109.51894037650378,109.949202990258,109.31317160237033,109.76213073730469,14500600,0.0,0.0,0.0
2016-08-23 00:00:00-04:00,110.19239210554042,110.37946436849406,109.91179441522573,109.95855712890625,11997900,0.0,0.0,0.0
2016-08-24 00:00:00-04:00,109.88374264570105,110.03339332990946,108.88292916479044,109.24771118164062,17728700,0.0,0.0,0.0
2016-08-25 00:00:00-04:00,108.96709647791663,109.40670736513634,108.8361494650525,109.06998443603516,24266300,0.0,0.0,0.0
2016-08-26 00:00:00-04:00,109.10741989630885,109.93987198240924,108.57427634525493,109.22901153564453,23896000,0.0,0.0,0.0
2016-08-29 00:00:00-04:00,109.2570633420341,109.66861522642874,109.23835968186975,109.378662109375,11184900,0.0,0.0,0.0
2016-08-30 00:00:00-04:00,109.20094075358732,109.51895291590364,108.64909360036395,109.02322387695312,19843300,0.0,0.0,0.0
2016-08-31 00:00:00-04:00,108.85487022901036,109.02323172001834,108.45267373027337,108.91099548339844,16169800,0.0,0.0,0.0
2016-09-01 00:00:00-04:00,108.94839086918782,109.32252110719897,108.41524743033737,109.19157409667969,20944700,0.0,0.0,0.0
2016-09-02 00:00:00-04:00,109.73409274066377,109.95857235120718,109.13547568849592,109.54702758789062,18088200,0.0,0.0,0.0
2016-09-06 00:00:00-04:00,109.73408358610729,110.22981262207031,109.49089319892781,110.22981262207031,18525200,0.0,0.0,0.0
2016-09-07 00:00:00-04:00,110.33268727728354,110.48234507782398,109.87437275126268,110.29527282714844,17546900,0.0,0.0,0.0
2016-09-08 00:00:00-04:00,109.96792214386329,109.99598120174109,109.35994972422577,109.64990997314453,20125300,0.0,0.0,0.0
2016-09-09 00:00:00-04:00,108.73326096268167,108.97645132938791,106.87193660107795,106.89064025878906,50813300,0.0,0.0,0.0
2016-09-12 00:00:00-04:00,106.29202364327573,108.95774088035425,106.28266824635209,108.80809020996094,39646000,0.0,0.0,0.0
2016-09-13 00:00:00-04:00,108.26561324244236,108.58362544133577,107.31156950968368,107.83535766601562,45863900,0.0,0.0,0.0
2016-09-14 00:00:00-04:00,107.94755748640146,108.93901527828187,107.91949130128411,108.34974670410156,28221800,0.0,0.0,0.0
2016-09-15 00:00:00-04:00,108.37784524742169,110.20175534045714,108.36848984958934,110.03339385986328,38521400,0.0,0.0,0.0
2016-09-16 00:00:00-04:00,109.91523556426652,110.09339767728027,109.43701508688821,109.98087310791016,27596500,0.294,0.0,0.0
2016-09-19 00:00:00-04:00,110.26221462736876,110.59978130651473,109.2870299475675,109.50269317626953,16222900,0.0,0.0,0.0
2016-09-20 00:00:00-04:00,109.89650295397195,110.15906034237764,109.52143527844993,109.70896911621094,18078600,0.0,0.0,0.0
2016-09-21 00:00:00-04:00,110.17779685431317,110.9466969376914,109.5307930345835,110.78729248046875,31546800,0.0,0.0,0.0
2016-09-22 00:00:00-04:00,111.43428795939539,111.79061221757615,111.32177053382786,111.66870880126953,22614400,0.0,0.0,0.0
2016-09-23 00:00:00-04:00,111.58430838666001,111.58430838666001,110.79665787900579,110.95606231689453,22213400,0.0,0.0,0.0
2016-09-26 00:00:00-04:00,110.32782891334678,110.45910401302689,109.86835891051,110.02776336669922,16403900,0.0,0.0,0.0
2016-09-27 00:00:00-04:00,109.95275314861146,111.17173722813904,109.84960740636484,111.115478515625,20238400,0.0,0.0,0.0
2016-09-28 00:00:00-04:00,111.25613678499514,111.36865421440648,110.73102921656799,111.30301666259766,14794300,0.0,0.0,0.0
2016-09-29 00:00:00-04:00,111.11547937771486,111.32177086380862,110.0183915514414,110.4966049194336,27207500,0.0,0.0,0.0
2016-09-30 00:00:00-04:00,110.78728289221092,111.64994980788536,110.6747583212272,111.32176208496094,25543200,0.0,0.0,0.0
2016-10-03 00:00:00-04:00,111.18109640243367,111.3029926426421,110.73100532005125,111.16234588623047,19216400,0.0,0.0,0.0
2016-10-04 00:00:00-04:00,111.49057005044861,111.73436976458368,110.57163706883634,110.99359893798828,21239700,0.0,0.0,0.0
2016-10-05 00:00:00-04:00,111.32177547242394,111.74373014493413,111.2748884403865,111.38741302490234,14481300,0.0,0.0,0.0
2016-10-06 00:00:00-04:00,111.24676626669742,111.56558236643538,110.787303369678,111.33116149902344,11987100,0.0,0.0,0.0
2016-10-07 00:00:00-04:00,111.43426424340927,111.59367581896376,110.54346809545365,111.08732604980469,19984200,0.0,0.0,0.0
2016-10-10 00:00:00-04:00,111.6593285486376,112.0344032976407,111.6124415222788,111.79060363769531,19687300,0.0,0.0,0.0
2016-10-11 00:00:00-04:00,111.69683987059598,111.71559038929173,109.70894865291389,110.19654083251953,27774400,0.0,0.0,0.0
2016-10-12 00:00:00-04:00,110.29968057273634,110.47784268346052,109.76520139451938,110.10276794433594,14267800,0.0,0.0,0.0
2016-10-13 00:00:00-04:00,109.35265196288208,110.00902754900297,108.71502689895435,109.70896911621094,22821000,0.0,0.0,0.0
2016-10-14 00:00:00-04:00,110.2528234922344,110.69353586525997,109.77460292214737,109.84024047851562,21313300,0.0,0.0,0.0
2016-10-17 00:00:00-04:00,109.74649081908126,109.99029056133651,109.39954530717797,109.54019927978516,14182700,0.0,0.0,0.0
2016-10-18 00:00:00-04:00,110.84354570627161,111.03108666485751,110.45909926059367,110.5153579711914,19276700,0.0,0.0,0.0
2016-10-19 00:00:00-04:00,110.43098030874036,110.6654011787762,110.30908403174632,110.50599670410156,13702900,0.0,0.0,0.0
2016-10-20 00:00:00-04:00,110.39345249548907,110.61849447304458,109.73706992618192,110.37469482421875,18132200,0.0,0.0,0.0
2016-10-21 00:00:00-04:00,110.4591047291408,110.85293003073434,110.09340878423875,110.78729248046875,15707800,0.0,0.0,0.0
2016-10-24 00:00:00-04:00,111.49994518902005,112.19382895581188,111.4811875133473,112.11881256103516,19143000,0.0,0.0,0.0
2016-10-25 00:00:00-04:00,112.18445165521821,112.203209331148,111.59371363466032,111.76249694824219,20341800,0.0,0.0,0.0
2016-10-26 00:00:00-04:00,111.04048366413609,111.61247119881095,110.67478765396137,111.00297546386719,20463700,0.0,0.0,0.0
2016-10-27 00:00:00-04:00,111.48117531980603,111.57494222604237,110.33720046343619,110.4966049194336,19099800,0.0,0.0,0.0
2016-10-28 00:00:00-04:00,110.17780154335291,110.74978900027749,109.46516014302844,109.80272674560547,35369300,0.0,0.0,0.0
2016-10-31 00:00:00-04:00,110.2059272184878,110.2059272184878,109.6433186176457,109.69957733154297,18749400,0.0,0.0,0.0
2016-11-01 00:00:00-04:00,109.88710455442913,109.90585507206373,107.92734280267847,108.87440490722656,23498700,0.0,0.0,0.0
2016-11-02 00:00:00-04:00,108.79940218942164,109.05258070998869,107.73044370114329,108.00237274169922,26960100,0.0,0.0,0.0
2016-11-03 00:00:00-04:00,107.82421233250066,108.1805366035934,106.8208913790807,106.94279479980469,36205200,0.0,0.0,0.0
2016-11-04 00:00:00-04:00,106.68024357136755,107.40226383822966,106.38018515180276,106.5677261352539,26997500,0.0,0.0,0.0
2016-11-07 00:00:00-05:00,108.2930409574988,109.21197372772954,108.1148859974202,109.09944915771484,26591200,0.0,0.0,0.0
2016-11-08 00:00:00-05:00,108.98692174077853,110.30905133584004,108.73374326996658,109.81208038330078,20777900,0.0,0.0,0.0
2016-11-09 00:00:00-05:00,108.52748725170208,110.49662118841623,108.39621213285164,110.31846618652344,70234400,0.0,0.0,0.0
2016-11-10 00:00:00-05:00,110.85295241854111,111.00297806918023,107.08346047355707,108.53687286376953,72825400,0.0,0.0,0.0
2016-11-11 00:00:00-05:00,108.06798872496745,108.81813814602864,107.68353517933595,108.5837173461914,41115200,0.0,0.0,0.0
2016-11-14 00:00:00-05:00,108.61188067253933,108.71502642904926,106.92404752415625,107.48665618896484,35906000,0.0,0.0,0.0
2016-11-15 00:00:00-05:00,108.30243636460077,109.35264438356076,108.14303189815662,108.97756958007812,31796600,0.0,0.0,0.0
2016-11-16 00:00:00-05:00,108.46183260648877,109.69957435635489,108.46183260648877,109.62456512451172,16538100,0.0,0.0,0.0
2016-11-17 00:00:00-05:00,109.56830500497472,110.44035086225205,109.34326298972928,110.42160034179688,20598600,0.0,0.0,0.0
2016-11-18 00:00:00-05:00,110.55286837478758,110.74040218316946,109.90586457414452,110.0090103149414,16428700,0.0,0.0,0.0
2016-11-21 00:00:00-05:00,110.28096153039968,111.25615326887124,110.24345333038643,111.15300750732422,20268500,0.0,0.0,0.0
2016-11-22 00:00:00-05:00,111.59370818967416,111.76249149502058,111.2186333829091,111.49056243896484,18850600,0.0,0.0,0.0
2016-11-23 00:00:00-05:00,111.12483862891777,111.2467348701453,110.55285130154488,111.04044342041016,22926000,0.0,0.0,0.0
2016-11-25 00:00:00-05:00,111.17173277243776,111.44366179528406,111.04045767919555,111.39678192138672,7162800,0.0,0.0,0.0
2016-11-28 00:00:00-05:00,111.25613267247024,111.65933680552207,111.03109066800953,111.14360809326172,13479000,0.0,0.0,0.0
2016-11-29 00:00:00-05:00,111.24676065419551,112.06254780705645,110.9279517244989,111.52806854248047,18553000,0.0,0.0,0.0
2016-11-30 00:00:00-05:00,111.668723992183,111.70623219046009,110.14030247066823,110.17781066894531,30405300,0.0,0.0,0.0
2016-12-01 00:00:00-05:00,110.1402952812247,110.14967411867109,108.10552394672578,108.27430725097656,39796600,0.0,0.0,0.0
2016-12-02 00:00:00-05:00,108.33994172110415,108.92130800896433,108.03988331697299,108.4899673461914,32876800,0.0,0.0,0.0
2016-12-05 00:00:00-05:00,109.0525844596268,109.76521870701107,108.5556062383774,109.3338851928711,21419700,0.0,0.0,0.0
2016-12-06 00:00:00-05:00,109.64330731413757,109.78396123833672,109.1369574793941,109.59642028808594,27293300,0.0,0.0,0.0
2016-12-07 00:00:00-05:00,109.37140560708039,111.12487637142377,109.04321780465183,110.98422241210938,26622400,0.0,0.0,0.0
2016-12-08 00:00:00-05:00,111.03108858127524,111.46242206253356,110.81541826366798,111.18111419677734,18578400,0.0,0.0,0.0
2016-12-09 00:00:00-05:00,111.59372916983082,112.0907003417958,111.58435033056028,112.05319213867188,21863100,0.0,0.0,0.0
2016-12-12 00:00:00-05:00,111.55619280174639,111.78123480971455,111.08735111200481,111.54681396484375,23259300,0.0,0.0,0.0
2016-12-13 00:00:00-05:00,111.88438770383446,113.56284191884706,111.88438770383446,112.9533462524414,54477900,0.0,0.0,0.0
2016-12-14 00:00:00-05:00,113.09399262812451,113.4596885726952,112.39073009564913,112.71891784667969,28746000,0.0,0.0,0.0
2016-12-15 00:00:00-05:00,112.86895011123445,113.5628338037028,112.59702107476363,112.89707946777344,22762300,0.0,0.0,0.0
2016-12-16 00:00:00-05:00,113.17450466508055,113.40021933711256,112.25286153384167,112.47856903076172,26283900,0.355,0.0,0.0
2016-12-19 00:00:00-05:00,112.591443067416,113.63535026129249,112.43156719901297,112.93940734863281,21138700,0.0,0.0,0.0
2016-12-20 00:00:00-05:00,113.29677105168695,113.57890363523178,113.1651077443436,113.37200927734375,11461800,0.0,0.0,0.0
2016-12-21 00:00:00-05:00,113.41902444848729,113.4942626719294,113.03344110979225,113.28736114501953,7079300,0.0,0.0,0.0
2016-12-22 00:00:00-05:00,113.29679444471999,113.32500699138848,112.52562041028936,112.96763610839844,16645000,0.0,0.0,0.0
2016-12-23 00:00:00-05:00,112.77952005837165,113.08987236568488,112.67606928926723,113.0428466796875,9007500,0.0,0.0,0.0
2016-12-27 00:00:00-05:00,113.28738876140584,114.28427035213491,113.24037024162661,113.6259536743164,16110600,0.0,0.0,0.0
2016-12-28 00:00:00-05:00,113.87046484881503,113.9739156288362,112.66668178141944,112.74191284179688,17975200,0.0,0.0,0.0
2016-12-29 00:00:00-05:00,112.71371748281022,112.9770441720635,112.22468322778475,112.5820541381836,13267500,0.0,0.0,0.0
2016-12-30 00:00:00-05:00,112.79835864322824,112.8077580424578,111.10553401709676,111.42529296875,41749000,0.0,0.0,0.0
2017-01-03 00:00:00-05:00,112.16822243305272,112.84535213330405,111.81085161352554,112.42214965820312,22307600,0.0,0.0,0.0
2017-01-04 00:00:00-05:00,112.5444059617298,113.24034880380279,112.53500656462157,113.033447265625,19749100,0.0,0.0,0.0
2017-01-05 00:00:00-05:00,112.94880298705958,113.74818942679791,112.94880298705958,113.67295837402344,20644300,0.0,0.0,0.0
2017-01-06 00:00:00-05:00,113.7952132979852,114.97078368329497,113.50367413846429,114.66983795166016,24074300,0.0,0.0,0.0
2017-01-09 00:00:00-05:00,114.76389597010025,115.25293732735412,114.6886577343515,115.04603576660156,18909200,0.0,0.0,0.0
2017-01-10 00:00:00-05:00,115.09303286495677,115.64790578145627,114.8297062639516,115.29993438720703,16176600,0.0,0.0,0.0
2017-01-11 00:00:00-05:00,115.34698675360498,115.61031341552734,114.75449458916627,115.61031341552734,20686000,0.0,0.0,0.0
2017-01-12 00:00:00-05:00,115.19650363435215,115.50685597163208,114.35949800358846,115.4316177368164,19622500,0.0,0.0,0.0
2017-01-13 00:00:00-05:00,115.48804949979308,116.024109364083,115.48804949979308,115.82661437988281,16930800,0.0,0.0,0.0
2017-01-17 00:00:00-05:00,115.52564857590275,115.70433756913656,115.140065223534,115.47863006591797,14538500,0.0,0.0,0.0
2017-01-18 00:00:00-05:00,115.6479363377259,115.82662536781157,115.35639712031337,115.7137680053711,12499700,0.0,0.0,0.0
2017-01-19 00:00:00-05:00,115.88304090517778,116.28743745168221,115.41281269645695,115.65733337402344,12710700,0.0,0.0,0.0
2017-01-20 00:00:00-05:00,116.16516731550367,116.45671366840227,115.60089493022559,115.91124725341797,22091000,0.0,0.0,0.0
2017-01-23 00:00:00-05:00,115.83600474356798,116.17456959725234,115.27173237913154,116.00528717041016,17434200,0.0,0.0,0.0
2017-01-24 00:00:00-05:00,116.23098523221198,116.9645471389684,116.03349027947012,116.78585815429688,17640900,0.0,0.0,0.0
2017-01-25 00:00:00-05:00,117.51940260220745,117.98963068904813,117.4159518490936,117.96141815185547,15036200,0.0,0.0,0.0
2017-01-26 00:00:00-05:00,118.12129830855811,118.32819982236883,117.87677768540803,118.08367919921875,16052200,0.0,0.0,0.0
2017-01-27 00:00:00-05:00,118.33763789974188,118.42227553695581,117.92383476194931,118.3094253540039,15053000,0.0,0.0,0.0
2017-01-30 00:00:00-05:00,117.91443257618221,117.91443257618221,116.7388619592654,117.38777923583984,25006700,0.0,0.0,0.0
2017-01-31 00:00:00-05:00,116.97395230290485,117.18085383743919,116.47551161067878,117.15264129638672,19091100,0.0,0.0,0.0
2017-02-01 00:00:00-05:00,117.98022411828018,118.19653219527581,117.42535841986155,117.96141815185547,22861900,0.0,0.0,0.0
2017-02-02 00:00:00-05:00,117.75454330305668,118.21536492345082,117.42538500277516,117.85799407958984,15101400,0.0,0.0,0.0
2017-02-03 00:00:00-05:00,117.98025558601371,118.31882047285004,117.86740540714368,118.19656372070312,16957200,0.0,0.0,0.0
2017-02-06 00:00:00-05:00,117.99905113046479,118.3564219354322,117.88619379331676,118.33761596679688,11630100,0.0,0.0,0.0
2017-02-07 00:00:00-05:00,118.58216804871174,119.01478439443007,118.46931784992815,118.770263671875,17541100,0.0,0.0,0.0
2017-02-08 00:00:00-05:00,118.61037204597005,119.13702537076504,118.38465732810357,118.96774291992188,12569100,0.0,0.0,0.0
2017-02-09 00:00:00-05:00,119.0899925115759,119.66367149518548,119.02416084993774,119.40034484863281,17542700,0.0,0.0,0.0
2017-02-10 00:00:00-05:00,119.66367816108854,119.96462394178629,119.45677659152508,119.79534149169922,13915700,0.0,0.0,0.0
2017-02-13 00:00:00-05:00,120.16211362878475,120.62293526556243,120.11509511285165,120.47247314453125,19120200,0.0,0.0,0.0
2017-02-14 00:00:00-05:00,120.51946072286565,120.88623808034757,120.13387739774102,120.87683868408203,16333500,0.0,0.0,0.0
2017-02-15 00:00:00-05:00,120.7922343599361,121.64805321335025,120.72639551726088,121.59161376953125,17891400,0.0,0.0,0.0
2017-02-16 00:00:00-05:00,121.66684340429808,121.91137125953398,121.24364088207027,121.55399322509766,15098300,0.0,0.0,0.0
2017-02-17 00:00:00-05:00,121.37531557248668,122.09007170828333,121.35650242411636,122.08065795898438,15563700,0.0,0.0,0.0
2017-02-21 00:00:00-05:00,122.31578627223503,122.75780203371706,122.24996177064688,122.68256378173828,18479600,0.0,0.0,0.0
2017-02-22 00:00:00-05:00,122.56968498522848,122.81419848444625,122.36278342811116,122.72956085205078,12110900,0.0,0.0,0.0
2017-02-23 00:00:00-05:00,122.91763202928723,122.91763202928723,121.77968797491383,122.26871490478516,17489000,0.0,0.0,0.0
2017-02-24 00:00:00-05:00,121.71385012433235,122.50382995605469,121.6762381872035,122.50382995605469,18624500,0.0,0.0,0.0
2017-02-27 00:00:00-05:00,122.27813534403438,122.6637115309543,122.07123380460192,122.65431213378906,12008700,0.0,0.0,0.0
2017-02-28 00:00:00-05:00,122.62611676257772,122.68254185391929,121.93958756754428,122.27815246582031,16598600,0.0,0.0,0.0
2017-03-01 00:00:00-05:00,123.05872821181455,123.83929441167464,122.82361410697747,123.61359405517578,25813800,0.0,0.0,0.0
2017-03-02 00:00:00-05:00,123.58537387455539,123.60417266961801,122.84240531304994,122.99288177490234,19951400,0.0,0.0,0.0
2017-03-03 00:00:00-05:00,122.90823747831625,123.25620172102478,122.57907202965046,123.21858978271484,13722700,0.0,0.0,0.0
2017-03-06 00:00:00-05:00,122.81420611493002,123.15277101577296,122.45684241698183,122.94586944580078,12026200,0.0,0.0,0.0
2017-03-07 00:00:00-05:00,122.70131781578152,123.27499665427526,122.5226288472015,122.73892974853516,15500900,0.0,0.0,0.0
2017-03-08 00:00:00-05:00,122.81419941730121,123.34085271206341,122.6919498418767,122.95527648925781,15776000,0.0,0.0,0.0
2017-03-09 00:00:00-05:00,122.92702871888471,123.21856782706836,122.39096182947205,123.04927825927734,20855300,0.0,0.0,0.0
2017-03-10 00:00:00-05:00,123.61358452527786,123.76406098482698,123.03050618230627,123.56655883789062,21922600,0.0,0.0,0.0
2017-03-13 00:00:00-04:00,123.51951031523295,123.80165003717163,123.45368584523993,123.7734375,10731600,0.0,0.0,0.0
2017-03-14 00:00:00-04:00,123.49130917597311,123.53833485900697,122.97405536304814,123.47249603271484,14019700,0.0,0.0,0.0
2017-03-15 00:00:00-04:00,123.72640621256986,124.52579966345449,123.33141635985024,124.23426055908203,22709100,0.0,0.0,0.0
2017-03-16 00:00:00-04:00,124.46941667232396,124.46941667232396,123.86752511942234,124.14965057373047,18457300,0.0,0.0,0.0
2017-03-17 00:00:00-04:00,124.3041836365493,124.43612079079604,124.04030932805583,124.10628509521484,21234500,0.274,0.0,0.0
2017-03-20 00:00:00-04:00,124.0686090361808,124.50212514543092,123.88956272721894,124.21939849853516,10105200,0.0,0.0,0.0
2017-03-21 00:00:00-04:00,124.6906110094225,124.80369592179756,122.25918473283164,122.33457946777344,35841900,0.0,0.0,0.0
2017-03-22 00:00:00-04:00,122.37228674772197,123.28642815662492,122.21206394485904,123.16390991210938,29177900,0.0,0.0,0.0
2017-03-23 00:00:00-04:00,123.00367946088217,123.34294852487153,122.64555812109532,122.85289001464844,20311700,0.0,0.0,0.0
2017-03-24 00:00:00-04:00,123.24867114693278,123.72929621075343,122.63610894519648,123.10731506347656,22967600,0.0,0.0,0.0
2017-03-27 00:00:00-04:00,122.23087211363574,123.52198673969984,121.94814554836262,123.30522155761719,18472400,0.0,0.0,0.0
2017-03-28 00:00:00-04:00,123.30523316955212,124.42670621003586,123.03193990476277,124.05916595458984,23721900,0.0,0.0,0.0
2017-03-29 00:00:00-04:00,124.14394435745318,124.68112616749069,124.01200723605115,124.63400268554688,13710000,0.0,0.0,0.0
2017-03-30 00:00:00-04:00,124.58692187271133,124.97331442488927,124.47383698137054,124.84137725830078,16092400,0.0,0.0,0.0
2017-03-31 00:00:00-04:00,124.6622914139838,125.09580737668182,124.5209353283593,124.75653839111328,19841400,0.0,0.0,0.0
2017-04-03 00:00:00-04:00,124.86022826539178,125.1617927659286,123.9837772261844,124.68116760253906,23700300,0.0,0.0,0.0
2017-04-04 00:00:00-04:00,124.3230465823768,124.8979187423877,124.27592308465672,124.87906646728516,13400000,0.0,0.0,0.0
2017-04-05 00:00:00-04:00,125.05814298977485,125.79322363119495,124.134582713645,124.37018585205078,32011200,0.0,0.0,0.0
2017-04-06 00:00:00-04:00,124.4927140635753,124.7660073987974,124.11574038386749,124.4361572265625,18832200,0.0,0.0,0.0
2017-04-07 00:00:00-04:00,124.39845707825353,124.7471451214703,123.92725080144197,124.37018585205078,16743100,0.0,0.0,0.0
2017-04-10 00:00:00-04:00,124.4926920859128,124.93562709382753,124.07802830147577,124.41729736328125,15619300,0.0,0.0,0.0
2017-04-11 00:00:00-04:00,124.30420206954831,124.4926960721993,122.98483033143205,123.88011932373047,33778400,0.0,0.0,0.0
2017-04-12 00:00:00-04:00,123.86130925729856,123.96497524205485,123.24874668015217,123.38068389892578,15955200,0.0,0.0,0.0
2017-04-13 00:00:00-04:00,123.21098744152458,123.9366345480531,122.87171844338089,122.89055633544922,23683000,0.0,0.0,0.0
2017-04-17 00:00:00-04:00,123.23924349564356,123.92720035331502,123.1921200111305,123.9083480834961,13325500,0.0,0.0,0.0
2017-04-18 00:00:00-04:00,123.4937178796842,124.07802336179863,123.40890421262759,123.71990203857422,12841100,0.0,0.0,0.0
2017-04-19 00:00:00-04:00,124.25710051422344,124.67174995711017,123.74818968419878,123.91783142089844,17764800,0.0,0.0,0.0
2017-04-20 00:00:00-04:00,124.4172925387234,125.22776780049334,124.22881292948973,124.95446014404297,21977900,0.0,0.0,0.0
2017-04-21 00:00:00-04:00,125.06755609613977,125.11466521214427,124.60576884270496,124.92618560791016,22454900,0.0,0.0,0.0
2017-04-24 00:00:00-04:00,126.3115332995852,126.55655534768648,126.09478247318513,126.43405151367188,22469900,0.0,0.0,0.0
2017-04-25 00:00:00-04:00,126.84871289349857,127.57436007698604,126.73561362874234,127.34819030761719,19384400,0.0,0.0,0.0
2017-04-26 00:00:00-04:00,127.39528289921348,127.7062806718299,127.09371845247844,127.16911315917969,25398500,0.0,0.0,0.0
2017-04-27 00:00:00-04:00,127.48014875224142,127.93250274658203,127.40475402317229,127.93250274658203,16136500,0.0,0.0,0.0
2017-04-28 00:00:00-04:00,128.44137309013402,128.48849658373481,127.95132902088544,128.15866088867188,22771900,0.0,0.0,0.0
2017-05-01 00:00:00-04:00,128.58267658159795,129.46854603151357,128.52613417076313,129.2989044189453,24815500,0.0,0.0,0.0
2017-05-02 00:00:00-04:00,129.45918936720776,129.57228863591143,129.12935364867553,129.51573181152344,18345100,0.0,0.0,0.0
2017-05-03 00:00:00-04:00,129.22360859349106,129.27073209858827,128.75240230266874,129.10110473632812,23827600,0.0,0.0,0.0
2017-05-04 00:00:00-04:00,129.08217096278693,129.51567242381228,128.69577859704188,129.14813232421875,14630100,0.0,0.0,0.0
2017-05-05 00:00:00-04:00,129.47804391114755,129.61940002441406,128.9974187459689,129.61940002441406,19330700,0.0,0.0,0.0
2017-05-08 00:00:00-04:00,129.6853792874204,129.90213012695312,129.42150494883984,129.90213012695312,13279900,0.0,0.0,0.0
2017-05-09 00:00:00-04:00,130.1000824959578,130.6466836143926,129.9869831879551,130.3545379638672,28426100,0.0,0.0,0.0
2017-05-10 00:00:00-04:00,130.4298858642578,130.47700936585647,129.9681129367826,130.4298858642578,20499400,0.0,0.0,0.0
2017-05-11 00:00:00-04:00,130.07179186028085,130.36393746722493,129.46864836785838,130.32623291015625,27232100,0.0,0.0,0.0
2017-05-12 00:00:00-04:00,130.38274409903667,130.64661838583498,130.2696448475016,130.61834716796875,19738600,0.0,0.0,0.0
2017-05-15 00:00:00-04:00,130.67495872015976,131.10846054344282,130.5524404578904,131.03306579589844,20481300,0.0,0.0,0.0
2017-05-16 00:00:00-04:00,131.3723189434714,131.59850315851196,130.98594068204827,131.57965087890625,21786000,0.0,0.0,0.0
2017-05-17 00:00:00-04:00,130.53354413820477,130.77858058007612,128.21521754867337,128.23406982421875,55642200,0.0,0.0,0.0
2017-05-18 00:00:00-04:00,128.18690216882868,129.78899991656232,128.04553172104553,129.35548400878906,41319900,0.0,0.0,0.0
2017-05-19 00:00:00-04:00,129.8173164567107,130.44873107974803,129.7325027864683,129.90213012695312,36730100,0.0,0.0,0.0
2017-05-22 00:00:00-04:00,130.19425930894522,131.0612913181389,130.14715019589718,130.9953155517578,19509700,0.0,0.0,0.0
2017-05-23 00:00:00-04:00,131.3817136704277,131.39113261742506,130.78798926794323,131.12725830078125,19687500,0.0,0.0,0.0
2017-05-24 00:00:00-04:00,131.52299965691708,131.79630715492164,131.15545959896176,131.73033142089844,15891900,0.0,0.0,0.0
2017-05-25 00:00:00-04:00,132.22987208505404,133.19113669071692,131.9471455092625,132.85186767578125,23928600,0.0,0.0,0.0
2017-05-26 00:00:00-04:00,132.8801772318815,133.1440516107303,132.70111653621802,133.08750915527344,13851600,0.0,0.0,0.0
2017-05-30 00:00:00-04:00,133.02151610979777,133.36078517859093,132.9367024376178,133.20057678222656,20306400,0.0,0.0,0.0
2017-05-31 00:00:00-04:00,133.6717261270445,133.6717261270445,132.4748731377403,133.1533966064453,33229400,0.0,0.0,0.0
2017-06-01 00:00:00-04:00,133.42679183958322,133.72835642605182,132.86133846734927,133.67181396484375,20120700,0.0,0.0,0.0
2017-06-02 00:00:00-04:00,134.14295954467917,135.22674228713237,133.92620874821657,135.19847106933594,37222900,0.0,0.0,0.0
2017-06-05 00:00:00-04:00,135.18903354571634,135.4057843354488,134.9817017016002,135.17018127441406,15727500,0.0,0.0,0.0
2017-06-06 00:00:00-04:00,135.0099853032538,135.452920249036,134.43511320639212,134.63302612304688,22393000,0.0,0.0,0.0
2017-06-07 00:00:00-04:00,135.00997718651675,135.27385147281177,134.3879960145756,135.1607666015625,18842400,0.0,0.0,0.0
2017-06-08 00:00:00-04:00,135.46234764580504,135.51889008235386,134.56704446688073,135.30213928222656,25417400,0.0,0.0,0.0
2017-06-09 00:00:00-04:00,135.46237978806698,135.6131548612827,130.15659273854243,131.9188995361328,109783700,0.0,0.0,0.0
2017-06-12 00:00:00-04:00,130.8068514565022,131.44768502261715,129.55344116740605,131.2120819091797,104454000,0.0,0.0,0.0
2017-06-13 00:00:00-04:00,131.94718839856597,132.4655182259879,131.2592311985745,132.27703857421875,51193000,0.0,0.0,0.0
2017-06-14 00:00:00-04:00,132.81417291062968,132.81417291062968,130.63720256283426,131.70213317871094,60093800,0.0,0.0,0.0
2017-06-15 00:00:00-04:00,130.3733449409339,131.25921501309617,129.57230292467196,131.11785888671875,55145200,0.0,0.0,0.0
2017-06-16 00:00:00-04:00,131.04980364003004,131.14430739630848,130.06703090327855,130.54896545410156,48087400,0.378,0.0,0.0
2017-06-19 00:00:00-04:00,131.8152258214275,132.85469485783986,131.61677373653043,132.7318572998047,39626500,0.0,0.0,0.0
2017-06-20 00:00:00-04:00,132.59958511032468,132.7696745693164,131.64514619293064,131.69239807128906,40935100,0.0,0.0,0.0
2017-06-21 00:00:00-04:00,131.99475413409266,133.0625857814165,131.90970942392852,132.99644470214844,35743400,0.0,0.0,0.0
2017-06-22 00:00:00-04:00,133.2043679333138,133.4500575069495,132.61847061272343,132.9586639404297,24099100,0.0,0.0,0.0
2017-06-23 00:00:00-04:00,132.8074813539149,133.63906835867255,132.4389397348519,133.46897888183594,21654300,0.0,0.0,0.0
2017-06-26 00:00:00-04:00,134.2343974834238,134.4611834307743,132.55233441741257,132.84527587890625,34411100,0.0,0.0,0.0
2017-06-27 00:00:00-04:00,132.34445635322106,132.50510122833612,130.42614804197842,130.4355926513672,65957800,0.0,0.0,0.0
2017-06-28 00:00:00-04:00,130.9175203194511,132.42949405786197,130.16154786949588,132.31610107421875,57427200,0.0,0.0,0.0
2017-06-29 00:00:00-04:00,131.76800936212143,131.76800936212143,128.75352094986658,130.01979064941406,88769400,0.0,0.0,0.0
2017-06-30 00:00:00-04:00,130.3883062667833,131.0403446233619,129.64177858356473,130.0670166015625,68898300,0.0,0.0,0.0
2017-07-03 00:00:00-04:00,130.66233669265307,130.81352247391888,128.6117326381796,128.69677734375,32797000,0.0,0.0,0.0
2017-07-05 00:00:00-04:00,129.10316894771566,130.3127422500327,128.66848620242266,129.96310424804688,42116600,0.0,0.0,0.0
2017-07-06 00:00:00-04:00,128.9708081917217,129.51889807482175,128.32822900279032,128.791259765625,48430500,0.0,0.0,0.0
2017-07-07 00:00:00-04:00,129.2259803102244,130.53005697431465,129.2165357036899,130.18040466308594,36970400,0.0,0.0,0.0
2017-07-10 00:00:00-04:00,130.2654829069176,131.34275939898126,129.93473417948852,131.03091430664062,24853500,0.0,0.0,0.0
2017-07-11 00:00:00-04:00,130.84190995654956,131.5600894163873,130.35051642126712,131.39944458007812,31517700,0.0,0.0,0.0
2017-07-12 00:00:00-04:00,132.52398127790127,133.10986417924323,132.25938806960178,132.9586639404297,36045800,0.0,0.0,0.0
2017-07-13 00:00:00-04:00,133.11933605917625,133.5729368685463,132.86420182556338,133.2516326904297,31073600,0.0,0.0,0.0
2017-07-14 00:00:00-04:00,133.84690517862407,134.47059515292912,133.42166725768658,134.3004913330078,34544800,0.0,0.0,0.0
2017-07-17 00:00:00-04:00,134.44231461120833,134.83920449853372,134.11156582881162,134.36671447753906,25343200,0.0,0.0,0.0
2017-07-18 00:00:00-04:00,134.2721575032965,135.29273727457317,133.8469195367426,135.26438903808594,25748500,0.0,0.0,0.0
2017-07-19 00:00:00-04:00,135.66130720821363,136.25664913774395,135.60461072335332,136.05819702148438,33752300,0.0,0.0,0.0
2017-07-20 00:00:00-04:00,136.40785106832152,136.49289579666655,135.62351603978158,136.2377471923828,36139400,0.0,0.0,0.0
2017-07-21 00:00:00-04:00,135.7368886441679,136.1810302734375,135.46285086531364,136.1810302734375,39697100,0.0,0.0,0.0
2017-07-24 00:00:00-04:00,136.16213949748175,136.89922260730035,136.00149465757232,136.8047332763672,26712700,0.0,0.0,0.0
2017-07-25 00:00:00-04:00,136.3511145224762,136.7763669227293,136.08652136010525,136.45506286621094,28120900,0.0,0.0,0.0
2017-07-26 00:00:00-04:00,136.79526734598832,136.97481581072202,136.5779260346383,136.8992156982422,18610600,0.0,0.0,0.0
2017-07-27 00:00:00-04:00,137.79693884060688,137.92923541421914,134.47060645075507,136.03927612304688,80665900,0.0,0.0,0.0
2017-07-28 00:00:00-04:00,135.22662743310133,136.15270368384648,135.0092716774963,135.9259033203125,38013200,0.0,0.0,0.0
2017-07-31 00:00:00-04:00,136.3133709843938,136.4834604706208,135.05654579890694,135.3494873046875,33848600,0.0,0.0,0.0
2017-08-01 00:00:00-04:00,135.81251616680262,135.85030901938643,135.24552244330025,135.66131591796875,20149400,0.0,0.0,0.0
2017-08-02 00:00:00-04:00,136.54011275187827,136.5684609874094,134.76354642262137,136.02981567382812,41769700,0.0,0.0,0.0
2017-08-03 00:00:00-04:00,136.16213911961742,136.23773923570283,135.2549665650879,135.5006561279297,27112800,0.0,0.0,0.0
2017-08-04 00:00:00-04:00,135.80303352370248,136.04872304480952,135.1887880920669,135.74632263183594,29472900,0.0,0.0,0.0
2017-08-07 00:00:00-04:00,135.99206155421686,136.60629272460938,135.80306845711524,136.60629272460938,17933900,0.0,0.0,0.0
2017-08-08 00:00:00-04:00,136.34169265137686,137.4662209885914,135.98259569146006,136.3700408935547,30810400,0.0,0.0,0.0
2017-08-09 00:00:00-04:00,135.24554118295993,136.25667676548423,134.9336960337492,136.19052124023438,36169500,0.0,0.0,0.0
2017-08-10 00:00:00-04:00,135.41561612098724,135.51010545494918,133.13821120955464,133.2705078125,63331700,0.0,0.0,0.0
2017-08-11 00:00:00-04:00,133.45013564134456,134.57466464464778,133.1477349866634,134.28172302246094,45862500,0.0,0.0,0.0
2017-08-14 00:00:00-04:00,135.34944236739716,136.21882198661214,135.31164952275577,136.01092529296875,34161000,0.0,0.0,0.0
2017-08-15 00:00:00-04:00,136.35117364631213,136.36063267572789,135.7369423428784,136.10548400878906,25509200,0.0,0.0,0.0
2017-08-16 00:00:00-04:00,136.44565369299414,136.98429918292825,135.88811898601824,136.34170532226562,31913000,0.0,0.0,0.0
2017-08-17 00:00:00-04:00,135.81250206719935,136.02039878295045,133.5540008544922,133.5540008544922,70191000,0.0,0.0,0.0
2017-08-18 00:00:00-04:00,133.62959177041796,134.37611943885324,132.91139792209114,133.45948791503906,60751900,0.0,0.0,0.0
2017-08-21 00:00:00-04:00,133.45004302244442,133.7429844413199,132.46725599607532,133.28939819335938,37111500,0.0,0.0,0.0
2017-08-22 00:00:00-04:00,134.0075694867501,135.4628463053576,133.96031761771164,135.3210906982422,36294200,0.0,0.0,0.0
2017-08-23 00:00:00-04:00,134.64068978462538,135.14152782062587,134.54620047588145,134.83914184570312,25702300,0.0,0.0,0.0
2017-08-24 00:00:00-04:00,135.14153646474944,135.29273667150431,133.68627412765846,134.4422607421875,38160800,0.0,0.0,0.0
2017-08-25 00:00:00-04:00,134.9619755038446,135.30215427227884,133.97918877533746,134.1587371826172,26380400,0.0,0.0,0.0
2017-08-28 00:00:00-04:00,134.56514119176057,134.88644533835554,134.13990309153922,134.57460021972656,15362100,0.0,0.0,0.0
2017-08-29 00:00:00-04:00,133.42172705504908,135.33059067166502,133.29887504222594,135.10379028320312,24498300,0.0,0.0,0.0
2017-08-30 00:00:00-04:00,135.21722406950562,136.9181914481097,135.1321793053891,136.69139099121094,33642700,0.0,0.0,0.0
2017-08-31 00:00:00-04:00,137.0786994809657,138.16543436342295,137.00309940415858,138.15597534179688,38480700,0.0,0.0,0.0
2017-09-01 00:00:00-04:00,138.33553663607245,138.52452963611353,137.59845384244315,137.9669952392578,22293600,0.0,0.0,0.0
2017-09-05 00:00:00-04:00,137.56071279287198,137.85365421609544,135.69910148224548,136.7291259765625,44794300,0.0,0.0,0.0
2017-09-06 00:00:00-04:00,137.07877246886963,137.45677305417257,136.15269626856133,137.14492797851562,30722700,0.0,0.0,0.0
2017-09-07 00:00:00-04:00,137.40004628022248,137.81583966640153,136.96536368139627,137.46620178222656,22721100,0.0,0.0,0.0
2017-09-08 00:00:00-04:00,137.2866794722217,137.35283498682443,136.133802834352,136.2755584716797,27890100,0.0,0.0,0.0
2017-09-11 00:00:00-04:00,137.34333918398977,138.0804221591332,137.30554634237131,137.84417724609375,27126300,0.0,0.0,0.0
2017-09-12 00:00:00-04:00,138.23166902536832,138.35452103577703,137.5229340470105,138.1749725341797,30256700,0.0,0.0,0.0
2017-09-13 00:00:00-04:00,137.93871457353146,138.3828562717545,137.71191421084885,138.36395263671875,28450900,0.0,0.0,0.0
2017-09-14 00:00:00-04:00,137.82530648304632,138.24108547348249,137.46620955300222,137.55125427246094,35296400,0.0,0.0,0.0
2017-09-15 00:00:00-04:00,137.52290455203143,138.52458079953107,137.2961042166695,138.02374267578125,46422400,0.0,0.0,0.0
2017-09-18 00:00:00-04:00,138.18377231877295,138.6194062910967,137.42613105509082,137.84283447265625,24858200,0.319,0.0,0.0
2017-09-19 00:00:00-04:00,138.08907038051035,138.27847709557875,137.61554636743637,138.07960510253906,20871200,0.0,0.0,0.0
2017-09-20 00:00:00-04:00,138.03227113024633,138.18380230602756,136.59275386194128,137.65345764160156,34236200,0.0,0.0,0.0
2017-09-21 00:00:00-04:00,137.55873904693942,137.56820432582236,136.32757360420635,136.81057739257812,28841800,0.0,0.0,0.0
2017-09-22 00:00:00-04:00,136.374977109703,136.87691163327787,136.2329256222054,136.67803955078125,21702400,0.0,0.0,0.0
2017-09-25 00:00:00-04:00,136.13814175201028,136.21390732151667,134.57551842700477,135.2384490966797,54947700,0.0,0.0,0.0
2017-09-26 00:00:00-04:00,135.9298203596915,136.1855274074453,135.11535836938612,135.58888244628906,29628800,0.0,0.0,0.0
2017-09-27 00:00:00-04:00,136.308628595633,137.32197701759873,135.96770514615758,136.81057739257812,33249400,0.0,0.0,0.0
2017-09-28 00:00:00-04:00,136.47909680254662,136.90526554031558,136.16656920796763,136.76321411132812,24149400,0.0,0.0,0.0
2017-09-29 00:00:00-04:00,137.03792827816727,137.85239064476076,136.67805964000829,137.7482147216797,43102400,0.0,0.0,0.0
2017-10-02 00:00:00-04:00,137.95656879702818,138.43009310035464,137.25574762581167,137.871337890625,27351300,0.0,0.0,0.0
2017-10-03 00:00:00-04:00,138.05119955546243,138.3258371341157,137.74813724030764,138.1648406982422,19715200,0.0,0.0,0.0
2017-10-04 00:00:00-04:00,137.899681088056,138.59102218826422,137.76709492567625,138.2974395751953,26381100,0.0,0.0,0.0
2017-10-05 00:00:00-04:00,138.7993661855404,139.72746927037142,138.65731475192592,139.65171813964844,31562400,0.0,0.0,0.0
2017-10-06 00:00:00-04:00,139.17817952400853,139.8411102294922,139.17817952400853,139.8411102294922,23561100,0.0,0.0,0.0
2017-10-09 00:00:00-04:00,140.0210984922844,140.1726152393534,139.50021903133046,139.68016052246094,13704800,0.0,0.0,0.0
2017-10-10 00:00:00-04:00,140.1536805275281,140.29573198957715,139.16874222128814,139.78433227539062,19223100,0.0,0.0,0.0
2017-10-11 00:00:00-04:00,139.71799946010032,140.22941350613928,139.5380580161535,140.20098876953125,12439100,0.0,0.0,0.0
2017-10-12 00:00:00-04:00,139.99269832669262,140.4946328115211,139.80327709023464,139.94534301757812,14513500,0.0,0.0,0.0
2017-10-13 00:00:00-04:00,140.51356349357266,140.64614968871874,139.95480841765797,140.4851531982422,18409900,0.0,0.0,0.0
2017-10-16 00:00:00-04:00,140.83553822528705,141.00599995769107,140.5324758777135,140.96812438964844,21809400,0.0,0.0,0.0
2017-10-17 00:00:00-04:00,140.92081941560397,141.16704682283145,140.70300230725607,141.14810180664062,13138200,0.0,0.0,0.0
2017-10-18 00:00:00-04:00,141.29014304027305,141.3090880531504,140.7692635672268,140.9776153564453,17218200,0.0,0.0,0.0
2017-10-19 00:00:00-04:00,140.15369336926608,140.4756863466202,139.47181738733306,140.4567413330078,27680300,0.0,0.0,0.0
2017-10-20 00:00:00-04:00,141.0249780753587,141.1480845385049,140.6650950658279,140.8355712890625,30173300,0.0,0.0,0.0
2017-10-23 00:00:00-04:00,141.12915190785367,141.1386171892458,139.71804463661903,139.91693115234375,29297100,0.0,0.0,0.0
2017-10-24 00:00:00-04:00,140.19153157217565,140.4472386099347,139.63277665146407,140.15365600585938,20289500,0.0,0.0,0.0
2017-10-25 00:00:00-04:00,139.87901332930159,140.33359240958399,138.58156194664988,139.62330627441406,36179100,0.0,0.0,0.0
2017-10-26 00:00:00-04:00,139.53809117886357,139.88850887170602,139.1403326323054,139.17822265625,28230200,0.0,0.0,0.0
2017-10-27 00:00:00-04:00,141.51736794058942,143.49670913462373,141.2995509587635,143.23153686523438,60165100,0.0,0.0,0.0
2017-10-30 00:00:00-04:00,143.1274047915842,144.13127361144282,142.99481861633512,143.55357360839844,31733400,0.0,0.0,0.0
2017-10-31 00:00:00-04:00,144.017602145117,144.30170499601024,143.60089869606526,144.09335327148438,26319300,0.0,0.0,0.0
2017-11-01 00:00:00-04:00,144.671061265634,144.73736156843114,143.47778587254888,144.0460205078125,29481600,0.0,0.0,0.0
2017-11-02 00:00:00-04:00,143.88504925909527,143.94188429892662,142.78648415281046,143.7714080810547,31017400,0.0,0.0,0.0
2017-11-03 00:00:00-04:00,144.29225074411485,145.17299855079938,143.79978168025713,145.15406799316406,26199200,0.0,0.0,0.0
2017-11-06 00:00:00-05:00,145.04038951649017,145.7033346501526,144.99304867906147,145.64649963378906,28693900,0.0,0.0,0.0
2017-11-07 00:00:00-05:00,145.53290976433408,145.92120303349392,145.22038209287444,145.73179626464844,21333100,0.0,0.0,0.0
2017-11-08 00:00:00-05:00,145.65600839399198,146.35681477663766,145.48553221253226,146.31893920898438,17373500,0.0,0.0,0.0
2017-11-09 00:00:00-05:00,145.11623123359337,145.6276454935816,144.05554158445136,145.5518798828125,40594500,0.0,0.0,0.0
2017-11-10 00:00:00-05:00,145.21093065164868,145.6560445488031,144.95522354139132,145.54238891601562,20150800,0.0,0.0,0.0
2017-11-13 00:00:00-05:00,144.9930885714792,145.91172650290267,144.9930885714792,145.72230529785156,12522400,0.0,0.0,0.0
2017-11-14 00:00:00-05:00,145.21090057641564,145.37189703447407,144.49114915495298,145.19195556640625,25173800,0.0,0.0,0.0
2017-11-15 00:00:00-05:00,144.5669066412849,144.89837930236564,143.74297930480492,144.5100860595703,24808000,0.0,0.0,0.0
2017-11-16 00:00:00-05:00,145.23933195196628,146.68831473566485,145.21092165823185,146.35684204101562,34790600,0.0,0.0,0.0
2017-11-17 00:00:00-05:00,146.39467952387068,146.49885538044396,145.65598325028043,145.79803466796875,28725800,0.0,0.0,0.0
2017-11-20 00:00:00-05:00,145.90223475150168,146.03482091362844,145.47606597686618,145.68441772460938,21143900,0.0,0.0,0.0
2017-11-21 00:00:00-05:00,146.37577878086682,147.3323067852335,146.30949291616972,147.26600646972656,20147800,0.0,0.0,0.0
2017-11-22 00:00:00-05:00,147.39858280969514,147.58798956151193,147.1144654565655,147.44593811035156,17299000,0.0,0.0,0.0
2017-11-24 00:00:00-05:00,147.5974542882553,148.0330883280691,147.51220897541575,147.98573303222656,8280600,0.0,0.0,0.0
2017-11-27 00:00:00-05:00,147.93842438273865,148.2698826241564,147.57854139698344,147.9194793701172,22653400,0.0,0.0,0.0
2017-11-28 00:00:00-05:00,148.25092350695073,148.3929894118798,147.45540646226095,148.29827880859375,25227300,0.0,0.0,0.0
2017-11-29 00:00:00-05:00,148.12782078500575,148.1656963567862,145.01202393881346,145.7128448486328,71986300,0.0,0.0,0.0
2017-11-30 00:00:00-05:00,146.32845984509646,147.21868775521085,145.98752180400612,146.9345703125,56595500,0.0,0.0,0.0
2017-12-01 00:00:00-05:00,146.03481146453726,147.01974956301305,144.19753587194046,146.30946350097656,59015800,0.0,0.0,0.0
2017-12-04 00:00:00-05:00,147.2281470753412,147.3891435653651,144.48169811102153,144.62376403808594,51319100,0.0,0.0,0.0
2017-12-05 00:00:00-05:00,144.59529343239592,146.36628316259683,144.0460182645507,144.71841430664062,40604200,0.0,0.0,0.0
2017-12-06 00:00:00-05:00,144.17861177166165,145.59918395935253,144.00813559471882,145.37188720703125,28647800,0.0,0.0,0.0
2017-12-07 00:00:00-05:00,145.3624302450522,146.28106813505053,145.2108990681681,145.86436462402344,32666200,0.0,0.0,0.0
2017-12-08 00:00:00-05:00,146.93451533682534,147.2943982596628,146.2810642491371,146.5083465576172,28081700,0.0,0.0,0.0
2017-12-11 00:00:00-05:00,146.57465128826132,147.6921612075016,146.56517155791656,147.64480590820312,20821500,0.0,0.0,0.0
2017-12-12 00:00:00-05:00,147.5785242817042,147.88157219444932,147.13341046698983,147.44593811035156,20310300,0.0,0.0,0.0
2017-12-13 00:00:00-05:00,148.04259969987507,148.20359617950473,147.51224050421146,147.73007202148438,24418500,0.0,0.0,0.0
2017-12-14 00:00:00-05:00,147.9857229242343,148.364550814292,147.4648580579654,147.6258544921875,24594700,0.0,0.0,0.0
2017-12-15 00:00:00-05:00,148.2036046728561,149.46318073947216,147.95736284805503,149.3021697998047,49816200,0.0,0.0,0.0
2017-12-18 00:00:00-05:00,150.28819766154604,150.67730293545083,150.0129856879487,150.55392456054688,26844500,0.329,0.0,0.0
2017-12-19 00:00:00-05:00,150.26921255272575,150.42106063196545,149.24425973940265,149.66183471679688,31415000,0.0,0.0,0.0
2017-12-20 00:00:00-05:00,150.18379009609365,150.2122597982931,148.91209512775686,149.50048828125,38972600,0.0,0.0,0.0
2017-12-21 00:00:00-05:00,149.70927305309525,150.18378738923818,149.34863752369756,149.51947021484375,18638700,0.0,0.0,0.0
2017-12-22 00:00:00-05:00,149.29170866389515,149.40558747868297,148.95005773850238,149.34864807128906,23330400,0.0,0.0,0.0
2017-12-26 00:00:00-05:00,148.51350722604948,148.73177977346353,148.00102361608575,148.54197692871094,21918700,0.0,0.0,0.0
2017-12-27 00:00:00-05:00,148.55145852985981,148.95954839351526,148.41859509353608,148.56094360351562,22388200,0.0,0.0,0.0
2017-12-28 00:00:00-05:00,149.03543799033125,149.06392216954185,148.5609237125613,148.74124145507812,25393800,0.0,0.0,0.0
2017-12-29 00:00:00-05:00,148.87414706171495,148.90261676796678,147.76378507480098,147.8207244873047,33186000,0.0,0.0,0.0
2018-01-02 00:00:00-05:00,148.57992718394723,150.4495148339778,148.20980657958236,150.41156005859375,32573300,0.0,0.0,0.0
2018-01-03 00:00:00-05:00,150.553897690031,152.00591030078726,150.52542799029283,151.873046875,29383600,0.0,0.0,0.0
2018-01-04 00:00:00-05:00,152.39505104252598,152.59433898716551,151.9205366282004,152.13880920410156,24776100,0.0,0.0,0.0
2018-01-05 00:00:00-05:00,152.86005186405396,153.77111126021396,152.57534037236846,153.66671752929688,26992300,0.0,0.0,0.0
2018-01-08 00:00:00-05:00,153.66674040526743,154.3405572198649,153.6098009946595,154.26463317871094,23159100,0.0,0.0,0.0
2018-01-09 00:00:00-05:00,154.56829018979715,154.72962332111067,153.8090788615048,154.2740936279297,24782400,0.0,0.0,0.0
2018-01-10 00:00:00-05:00,153.59080112510927,153.94195159073453,152.90749930354986,153.91346740722656,34004000,0.0,0.0,0.0
2018-01-11 00:00:00-05:00,154.1792832644432,154.97646428111543,153.94202597512154,154.9669647216797,20473500,0.0,0.0,0.0
2018-01-12 00:00:00-05:00,154.83401875040724,156.26706128249842,154.6347308429028,156.10572814941406,37762700,0.0,0.0,0.0
2018-01-16 00:00:00-05:00,157.14018100848887,157.9373616771863,155.19466918907327,155.65969848632812,41231800,0.0,0.0,0.0
2018-01-17 00:00:00-05:00,156.3999482999455,157.5767347377939,155.64072236779896,157.3394775390625,33849900,0.0,0.0,0.0
2018-01-18 00:00:00-05:00,157.09267830297904,157.7285256272942,156.72255778640675,157.36790466308594,26432200,0.0,0.0,0.0
2018-01-19 00:00:00-05:00,157.83293472112808,158.11764618032672,157.10217868809104,157.8614044189453,38937600,0.0,0.0,0.0
2018-01-22 00:00:00-05:00,157.80448048195927,159.55068969726562,157.62416272410186,159.55068969726562,26081400,0.0,0.0,0.0
2018-01-23 00:00:00-05:00,160.04419223115138,161.01220551654728,159.96826820082347,160.86984252929688,37989700,0.0,0.0,0.0
2018-01-24 00:00:00-05:00,161.21148614365967,161.56263657819406,158.9053535608533,159.82591247558594,54287400,0.0,0.0,0.0
2018-01-25 00:00:00-05:00,160.92682880492424,160.98376821887422,159.25652876356028,159.76901245117188,28925000,0.0,0.0,0.0
2018-01-26 00:00:00-05:00,160.66106177754983,162.23645289035082,160.34789505077867,162.21746826171875,32038200,0.0,0.0,0.0
2018-01-29 00:00:00-05:00,161.8758236764274,162.19848994177144,161.0881281597148,161.42977905273438,37277800,0.0,0.0,0.0
2018-01-30 00:00:00-05:00,159.95881723490956,160.7844677091058,159.26603022186023,160.10116577148438,44987700,0.0,0.0,0.0
2018-01-31 00:00:00-05:00,161.0026684861169,161.3253491601584,159.75944355106276,160.76541137695312,42449200,0.0,0.0,0.0
2018-02-01 00:00:00-05:00,159.53174345462858,161.078650516448,158.88639635512772,159.3988800048828,38037900,0.0,0.0,0.0
2018-02-02 00:00:00-05:00,158.77250935043907,159.15211504984862,156.08675630808028,156.21961975097656,68478100,0.0,0.0,0.0
2018-02-05 00:00:00-05:00,154.7581288112237,157.3015189694585,149.9465459859695,150.0604248046875,105372200,0.0,0.0,0.0
2018-02-06 00:00:00-05:00,147.86814861785382,154.22663754671265,147.1943463994986,154.03683471679688,118537900,0.0,0.0,0.0
2018-02-07 00:00:00-05:00,153.5433521894932,155.2136520257901,152.03439998095342,152.0438995361328,91028300,0.0,0.0,0.0
2018-02-08 00:00:00-05:00,152.4329824046019,152.60381509764878,145.62844848632812,145.62844848632812,94184800,0.0,0.0,0.0
2018-02-09 00:00:00-05:00,147.687842635471,149.2252789867245,142.47768430591904,148.1433868408203,113836600,0.0,0.0,0.0
2018-02-12 00:00:00-05:00,149.66182442812078,151.7971390221584,148.4850380974874,150.77218627929688,63050600,0.0,0.0,0.0
2018-02-13 00:00:00-05:00,149.9085690432407,151.8540661535107,149.6807969584502,151.55038452148438,31785600,0.0,0.0,0.0
2018-02-14 00:00:00-05:00,150.65830931052557,154.62524240950876,149.94653777047583,154.3879852294922,52107400,0.0,0.0,0.0
2018-02-15 00:00:00-05:00,155.77360655527872,157.25408935546875,154.1602602853545,157.25408935546875,51633900,0.0,0.0,0.0
2018-02-16 00:00:00-05:00,156.7415759058056,158.26001306296607,156.28603172573224,156.55177307128906,62256300,0.0,0.0,0.0
2018-02-20 00:00:00-05:00,156.0013393630692,158.1840937465943,155.93490040444323,156.8649444580078,36785600,0.0,0.0,0.0
2018-02-21 00:00:00-05:00,157.6336857303918,159.1711077159657,156.32402138355184,156.41893005371094,41161800,0.0,0.0,0.0
2018-02-22 00:00:00-05:00,157.10217417778165,157.93732390584734,156.00131210472574,156.39990234375,37074400,0.0,0.0,0.0
2018-02-23 00:00:00-05:00,157.6621475524475,159.59815979003906,157.0168004858975,159.59815979003906,50096900,0.0,0.0,0.0
2018-02-26 00:00:00-05:00,160.3478733056935,161.71446228027344,160.21500988534433,161.71446228027344,39266700,0.0,0.0,0.0
2018-02-27 00:00:00-05:00,161.76194163339252,162.02766851520525,159.63612657889087,159.7120361328125,42209900,0.0,0.0,0.0
2018-02-28 00:00:00-05:00,160.62308465520348,161.14505326225293,158.58267903249637,158.68707275390625,42936300,0.0,0.0,0.0
2018-03-01 00:00:00-05:00,158.77253611965065,159.50329241930095,154.69170899833486,156.0962677001953,76809900,0.0,0.0,0.0
2018-03-02 00:00:00-05:00,154.21719606362046,157.80452414280245,153.70472682989381,157.52931213378906,57445100,0.0,0.0,0.0
2018-03-05 00:00:00-05:00,156.78906175688417,159.6835881475146,156.20065402624795,159.2755126953125,38540200,0.0,0.0,0.0
2018-03-06 00:00:00-05:00,160.05367351425645,160.4902330580466,158.9433117489332,159.94927978515625,29480900,0.0,0.0,0.0
2018-03-07 00:00:00-05:00,158.7250962786004,160.4523359662798,158.44988424714106,160.3194580078125,34609400,0.0,0.0,0.0
2018-03-08 00:00:00-05:00,160.9837080918594,161.31585937618678,160.33836118572304,161.2019805908203,25828400,0.0,0.0,0.0
2018-03-09 00:00:00-05:00,162.35036505482176,164.33383178710938,162.1131078529396,164.33383178710938,38310500,0.0,0.0,0.0
2018-03-12 00:00:00-04:00,164.81781918047375,165.58653014124118,164.44769855191797,165.20692443847656,37635000,0.0,0.0,0.0
2018-03-13 00:00:00-04:00,165.58651686245318,166.27931821193374,162.54014296733547,162.9577178955078,55638900,0.0,0.0,0.0
2018-03-14 00:00:00-04:00,163.81187992477004,163.9352583163905,162.21750383371295,162.9292755126953,40536400,0.0,0.0,0.0
2018-03-15 00:00:00-04:00,163.04318341036014,163.73597051850746,162.1890486305718,162.7869415283203,28810400,0.0,0.0,0.0
2018-03-16 00:00:00-04:00,163.06214345433034,163.42276456911557,162.22699343497948,162.30291748046875,31176700,0.0,0.0,0.0
2018-03-19 00:00:00-04:00,160.74113326830454,160.85519684268178,157.45215999669804,158.83999633789062,71395100,0.277,0.0,0.0
2018-03-20 00:00:00-04:00,158.9065089642742,159.73349878542928,158.37419301021936,159.36277770996094,34075700,0.0,0.0,0.0
2018-03-21 00:00:00-04:00,158.94454196567452,160.41791132105877,157.974958176549,158.6688690185547,43863500,0.0,0.0,0.0
2018-03-22 00:00:00-04:00,156.47304395310047,157.57570663054403,154.55289198093436,154.7525177001953,66607300,0.0,0.0,0.0
2018-03-23 00:00:00-04:00,154.5719272856233,155.22782179887355,150.5985438523131,150.67459106445312,80110400,0.0,0.0,0.0
2018-03-26 00:00:00-04:00,153.72590616715667,156.46354750424757,151.2924536473075,156.27342224121094,57481500,0.0,0.0,0.0
2018-03-27 00:00:00-04:00,157.43311016866218,157.43311016866218,149.88559588324705,151.21640014648438,78889100,0.0,0.0,0.0
2018-03-28 00:00:00-04:00,150.35143483005353,151.88185086751886,148.3267190556763,149.47691345214844,89369700,0.0,0.0,0.0
2018-03-29 00:00:00-04:00,150.2848856792286,153.71643854503566,148.88754882361175,152.21453857421875,68692600,0.0,0.0,0.0
2018-04-02 00:00:00-04:00,151.1308798129423,151.84380613499707,146.27347455849497,147.82289123535156,85549400,0.0,0.0,0.0
2018-04-03 00:00:00-04:00,149.11565282405112,150.11375249513958,146.80577868951,149.4863739013672,64090000,0.0,0.0,0.0
2018-04-04 00:00:00-04:00,146.5966543427324,152.30956499210717,146.42554449476015,151.8437957763672,65768700,0.0,0.0,0.0
2018-04-05 00:00:00-04:00,153.3551952968408,153.5928373868989,151.59663802860194,152.70880126953125,43054900,0.0,0.0,0.0
2018-04-06 00:00:00-04:00,151.02630628440448,152.52820603977514,148.1746011929589,148.8875274658203,59870900,0.0,0.0,0.0
2018-04-09 00:00:00-04:00,150.17079334761254,152.92745043927266,149.67650821767862,149.9331512451172,41810400,0.0,0.0,0.0
2018-04-10 00:00:00-04:00,152.29059659355548,153.73545037301483,151.20694900669832,153.2411651611328,48296800,0.0,0.0,0.0
2018-04-11 00:00:00-04:00,152.28106947933492,153.99209566541097,152.1860213328732,152.35711669921875,41622100,0.0,0.0,0.0
2018-04-12 00:00:00-04:00,153.2791896878773,154.72405804883806,153.1936419933238,154.19174194335938,30467900,0.0,0.0,0.0
2018-04-13 00:00:00-04:00,154.96166556633884,155.18979270082383,152.72782401102143,153.39321899414062,44604900,0.0,0.0,0.0
2018-04-16 00:00:00-04:00,154.46736106666626,155.1232555666883,153.49777726208924,154.5624237060547,28180800,0.0,0.0,0.0
2018-04-17 00:00:00-04:00,156.12134663541283,158.23160947343288,155.80765734819133,157.889404296875,35536100,0.0,0.0,0.0
2018-04-18 00:00:00-04:00,157.88941094557188,158.74491667073102,157.13845381603423,158.2126007080078,29573900,0.0,0.0,0.0
2018-04-19 00:00:00-04:00,157.41414959139664,157.78487072666218,156.21642399705863,156.7582550048828,34705700,0.0,0.0,0.0
2018-04-20 00:00:00-04:00,156.35903021605165,156.47309380367113,153.73545166460042,154.27728271484375,49197100,0.0,0.0,0.0
2018-04-23 00:00:00-04:00,155.02823746112244,155.63660081621032,153.0605679003407,153.88755798339844,33040600,0.0,0.0,0.0
2018-04-24 00:00:00-04:00,154.61945957836576,154.85710167860134,149.6099600441333,150.6270751953125,70256800,0.0,0.0,0.0
2018-04-25 00:00:00-04:00,150.89324040627181,151.4350568783788,148.73544597163283,150.80767822265625,52089300,0.0,0.0,0.0
2018-04-26 00:00:00-04:00,152.756348288417,154.4958903069714,152.2620486290269,153.9825897216797,43005500,0.0,0.0,0.0
2018-04-27 00:00:00-04:00,156.2449470997711,156.28297796410496,153.20313065668446,154.07765197753906,51043400,0.0,0.0,0.0
2018-04-30 00:00:00-04:00,154.43880410297348,155.3988726855694,152.60420008324812,152.98443603515625,35615300,0.0,0.0,0.0
2018-05-01 00:00:00-04:00,152.58522613298538,154.75252067610938,152.2240055409577,154.73350524902344,36513500,0.0,0.0,0.0
2018-05-02 00:00:00-04:00,154.99971015927127,155.4845094174208,153.64040405357648,153.82101440429688,38646800,0.0,0.0,0.0
2018-05-03 00:00:00-04:00,153.04149862430418,154.37228846270696,151.34948818496864,153.8019561767578,60337100,0.0,0.0,0.0
2018-05-04 00:00:00-04:00,153.13655243056624,157.08140490628344,153.02247437633488,156.72018432617188,41543200,0.0,0.0,0.0
2018-05-07 00:00:00-04:00,157.4521598335246,158.53580730255655,157.32858129172817,158.0225067138672,32500200,0.0,0.0,0.0
2018-05-08 00:00:00-04:00,157.68974529809958,158.20304570238108,156.71066129205784,157.86085510253906,26040200,0.0,0.0,0.0
2018-05-09 00:00:00-04:00,158.14603827057883,159.69546919048074,157.58520647295916,159.58140563964844,29122700,0.0,0.0,0.0
2018-05-10 00:00:00-04:00,160.0947182307138,161.3494754028478,159.97113970495224,161.2353973388672,27067600,0.0,0.0,0.0
2018-05-11 00:00:00-04:00,161.04526687797537,161.4635192175402,160.37987202163134,161.0832977294922,24688800,0.0,0.0,0.0
2018-05-14 00:00:00-04:00,161.45404090879921,162.37609337356946,161.09282029242925,161.35897827148438,21821700,0.0,0.0,0.0
2018-05-15 00:00:00-04:00,160.08519912209033,160.17074678171977,158.7258790106131,159.57188415527344,49361600,0.0,0.0,0.0
2018-05-16 00:00:00-04:00,159.7809786655543,160.99770459870055,159.704931481668,160.62698364257812,22941200,0.0,0.0,0.0
2018-05-17 00:00:00-04:00,160.0662328404011,161.22592759761034,159.22972789958803,160.0092010498047,27480200,0.0,0.0,0.0
2018-05-18 00:00:00-04:00,159.39131692315374,159.9426483861053,158.9445630784674,159.1822052001953,26217900,0.0,0.0,0.0
2018-05-21 00:00:00-04:00,160.41794990121946,161.12137587889814,159.39133408427986,160.07574462890625,22954600,0.0,0.0,0.0
2018-05-22 00:00:00-04:00,160.80766037933478,161.07381838072482,159.5814334803967,159.86659240722656,19477700,0.0,0.0,0.0
2018-05-23 00:00:00-04:00,158.64986897895798,161.23541633107354,158.63086805315788,161.21641540527344,26557800,0.0,0.0,0.0
2018-05-24 00:00:00-04:00,161.16888427734375,161.45405771444976,159.54340583900594,161.16888427734375,27696500,0.0,0.0,0.0
2018-05-25 00:00:00-04:00,161.1498340479543,161.91029154784766,160.8456597507092,161.3304443359375,27460500,0.0,0.0,0.0
2018-05-29 00:00:00-04:00,160.59852302350436,161.52057550169198,159.65746962119488,160.61753845214844,41220500,0.0,0.0,0.0
2018-05-30 00:00:00-04:00,161.197352734668,162.0528582897108,160.855147611747,161.76768493652344,22665800,0.0,0.0,0.0
2018-05-31 00:00:00-04:00,161.7677260916646,162.73730993736464,161.2449250664217,161.66317749023438,35670900,0.0,0.0,0.0
2018-06-01 00:00:00-04:00,162.47119101459742,164.29628107191215,162.42365968145626,164.20123291015625,45543300,0.0,0.0,0.0
2018-06-04 00:00:00-04:00,164.6194051936483,165.72206786228813,164.51485660882346,165.68405151367188,20459600,0.0,0.0,0.0
2018-06-05 00:00:00-04:00,166.0737931624877,166.47303010575152,165.46543003401123,166.19735717773438,24779300,0.0,0.0,0.0
2018-06-06 00:00:00-04:00,166.36850287009037,167.19549282333853,165.53199794895022,167.16697692871094,25036600,0.0,0.0,0.0
2018-06-07 00:00:00-04:00,167.19549941002145,167.23351576951447,164.97117251429762,165.8076629638672,39600300,0.0,0.0,0.0
2018-06-08 00:00:00-04:00,165.02819560471713,166.23542164444802,164.61944361296338,165.81716918945312,31780300,0.0,0.0,0.0
2018-06-11 00:00:00-04:00,165.6935691954597,166.67265344994314,165.66505330490367,166.263916015625,22319700,0.0,0.0,0.0
2018-06-12 00:00:00-04:00,166.49207934037483,167.3000684272027,166.31148349576037,167.1384735107422,22511800,0.0,0.0,0.0
2018-06-13 00:00:00-04:00,167.39514059847855,168.38372558609828,166.75824685599602,167.1289825439453,37858600,0.0,0.0,0.0
2018-06-14 00:00:00-04:00,167.89893121316777,169.09664239011403,167.77535265758092,168.82098388671875,35916000,0.0,0.0,0.0
2018-06-15 00:00:00-04:00,168.18405132316332,168.5642873661474,167.40459281795935,168.23158264160156,49615700,0.0,0.0,0.0
2018-06-18 00:00:00-04:00,167.17229096050224,168.27729929602378,166.64835644959243,168.13441467285156,31633200,0.378,0.0,0.0
2018-06-19 00:00:00-04:00,166.01012772250397,167.69622455513903,165.47667237191425,167.6581268310547,38236000,0.0,0.0,0.0
2018-06-20 00:00:00-04:00,168.42974454025267,169.54428837504187,168.27732456227233,168.84889221191406,33038000,0.0,0.0,0.0
2018-06-21 00:00:00-04:00,169.2775369742847,169.4490130593899,167.05797041333878,167.38186645507812,43469400,0.0,0.0,0.0
2018-06-22 00:00:00-04:00,167.94392290831144,168.0105975642232,166.41023139551075,167.0103759765625,30073200,0.0,0.0,0.0
2018-06-25 00:00:00-04:00,165.4957020780058,165.74338814125036,161.76150035655107,163.24755859375,77799700,0.0,0.0,0.0
2018-06-26 00:00:00-04:00,163.84773951429398,164.8574965135164,163.24759488678353,163.9144287109375,39008100,0.0,0.0,0.0
2018-06-27 00:00:00-04:00,164.60978537968813,165.35281448494817,161.57097977802803,161.68528747558594,52843500,0.0,0.0,0.0
2018-06-28 00:00:00-04:00,161.48532600464566,163.62868356925773,161.1519090136987,163.076171875,46407700,0.0,0.0,0.0
2018-06-29 00:00:00-04:00,163.85721985252164,164.72409198141372,163.27613150118995,163.5142822265625,36408500,0.0,0.0,0.0
2018-07-02 00:00:00-04:00,161.98057861818955,164.65740477707013,161.62812022290436,164.60977172851562,31770000,0.0,0.0,0.0
2018-07-03 00:00:00-04:00,165.2289818947576,165.2289818947576,162.5426490834559,162.70458984375,25512700,0.0,0.0,0.0
2018-07-05 00:00:00-04:00,163.76196688667858,164.8574543998201,162.92367168913725,164.72409057617188,31626200,0.0,0.0,0.0
2018-07-06 00:00:00-04:00,165.10516651922077,167.4104641408191,164.80032656814882,167.28662109375,37005600,0.0,0.0,0.0
2018-07-09 00:00:00-04:00,168.15346010167102,168.82979998907396,167.48664101001808,168.7917022705078,27362100,0.0,0.0,0.0
2018-07-10 00:00:00-04:00,169.10612136746428,169.29663909723322,168.3345151137788,168.9156036376953,23902500,0.0,0.0,0.0
2018-07-11 00:00:00-04:00,167.5914468139732,168.67742823996494,167.46761830224784,168.0582275390625,30280600,0.0,0.0,0.0
2018-07-12 00:00:00-04:00,168.80127024007956,170.95416259765625,168.6869625168702,170.95416259765625,27930100,0.0,0.0,0.0
2018-07-13 00:00:00-04:00,170.9445801760627,171.3732485555888,170.46827874646343,171.0970001220703,28049800,0.0,0.0,0.0
2018-07-16 00:00:00-04:00,171.13510244841058,171.42088622097776,170.4016086926868,170.6873779296875,21405300,0.0,0.0,0.0
2018-07-17 00:00:00-04:00,168.87743545545433,172.08770247264076,168.87743545545433,171.72572326660156,31034100,0.0,0.0,0.0
2018-07-18 00:00:00-04:00,171.74479313948802,171.88769231471056,170.87793543297326,171.40185546875,23220800,0.0,0.0,0.0
2018-07-19 00:00:00-04:00,170.78261479176462,171.35418223903775,170.34442567967733,170.54446411132812,31094100,0.0,0.0,0.0
2018-07-20 00:00:00-04:00,171.05888953486667,171.6304424860491,170.31584598786898,170.50637817382812,35897300,0.0,0.0,0.0
2018-07-23 00:00:00-04:00,170.00155328473053,171.12561795020514,169.3156778993133,171.04940795898438,22184700,0.0,0.0,0.0
2018-07-24 00:00:00-04:00,172.81172346716582,173.42138884013542,171.0494020035227,171.75433349609375,36900300,0.0,0.0,0.0
2018-07-25 00:00:00-04:00,171.83053826161364,174.25966434635362,171.7447929423511,174.15489196777344,35026600,0.0,0.0,0.0
2018-07-26 00:00:00-04:00,171.79242279278446,172.34493428110926,171.28754436192304,171.51617431640625,40873500,0.0,0.0,0.0
2018-07-27 00:00:00-04:00,172.6021393989654,172.7164471072546,168.22969513008508,169.2013397216797,59456100,0.0,0.0,0.0
2018-07-30 00:00:00-04:00,169.2108662322674,169.3061178056862,166.01011974693333,166.810302734375,60193000,0.0,0.0,0.0
2018-07-31 00:00:00-04:00,167.4675602650705,168.73452362074934,166.53401367398857,168.0867462158203,47285100,0.0,0.0,0.0
2018-08-01 00:00:00-04:00,168.47739554974396,169.2299456508981,167.75342238055956,168.72506713867188,37101900,0.0,0.0,0.0
2018-08-02 00:00:00-04:00,167.53425267403625,171.22083545780208,167.45804270445407,171.02078247070312,47178200,0.0,0.0,0.0
2018-08-03 00:00:00-04:00,171.3446857569597,171.55425956610426,170.59213583180767,171.54473876953125,28934400,0.0,0.0,0.0
2018-08-06 00:00:00-04:00,171.43043984752515,172.60213745097022,171.22086602764807,172.55450439453125,24808800,0.0,0.0,0.0
2018-08-07 00:00:00-04:00,173.04026738356117,173.50704791978757,172.66875292756484,173.18316650390625,29895700,0.0,0.0,0.0
2018-08-08 00:00:00-04:00,172.94505198262024,173.70713717703947,172.47827134884153,173.3927764892578,22680700,0.0,0.0,0.0
2018-08-09 00:00:00-04:00,173.2880401611328,173.97391558270127,173.03083324415206,173.2880401611328,18852900,0.0,0.0,0.0
2018-08-10 00:00:00-04:00,172.11628786580044,172.63070158029814,171.31610490498954,171.96388244628906,33818500,0.0,0.0,0.0
2018-08-13 00:00:00-04:00,172.2782242745169,173.38323248883054,171.69713597807754,171.77334594726562,26089200,0.0,0.0,0.0
2018-08-14 00:00:00-04:00,172.43066010254793,173.04986076062133,171.50663404950143,172.8498077392578,20913000,0.0,0.0,0.0
2018-08-15 00:00:00-04:00,171.47807562813702,172.02106636217243,169.67765638384355,170.73504638671875,58528000,0.0,0.0,0.0
2018-08-16 00:00:00-04:00,172.049607990497,172.41160173891308,170.9636412808154,171.29705810546875,27711800,0.0,0.0,0.0
2018-08-17 00:00:00-04:00,170.84932183684546,171.763812405497,169.8205090454383,171.33514404296875,36092600,0.0,0.0,0.0
2018-08-20 00:00:00-04:00,171.71619455934695,171.78288373982215,170.51592013089441,171.1827392578125,24939000,0.0,0.0,0.0
2018-08-21 00:00:00-04:00,171.69716995251486,172.84029064539928,171.5923830410923,171.8114776611328,26258700,0.0,0.0,0.0
2018-08-22 00:00:00-04:00,171.44948898697984,172.67835503357375,171.23039436040003,172.47830200195312,18042400,0.0,0.0,0.0
2018-08-23 00:00:00-04:00,172.17348273862422,173.42139042473255,171.94485277083317,172.2306365966797,25776200,0.0,0.0,0.0
2018-08-24 00:00:00-04:00,172.8021654860874,173.9738775542282,172.76406776458143,173.8309783935547,23136100,0.0,0.0,0.0
2018-08-27 00:00:00-04:00,174.70736467603294,175.60281372070312,174.43111623284815,175.60281372070312,29343600,0.0,0.0,0.0
2018-08-28 00:00:00-04:00,176.0696354936581,176.25063241120336,175.4885470120723,175.8600616455078,20277000,0.0,0.0,0.0
2018-08-29 00:00:00-04:00,176.164845165724,177.98432017101084,176.098170522034,177.88906860351562,29175600,0.0,0.0,0.0
2018-08-30 00:00:00-04:00,177.54614536391904,178.63211216318254,176.9840985672342,177.57472229003906,29315500,0.0,0.0,0.0
2018-08-31 00:00:00-04:00,177.35558971149723,178.30819255116083,177.16507205067768,177.80331420898438,28653200,0.0,0.0,0.0
2018-09-04 00:00:00-04:00,177.26035436883717,177.56517974692792,176.08865683879478,177.041259765625,29063500,0.0,0.0,0.0
2018-09-05 00:00:00-04:00,176.7268844971946,176.7554614198,174.1548597137432,174.75498962402344,42623300,0.0,0.0,0.0
2018-09-06 00:00:00-04:00,174.83124274866168,175.04081658987334,172.0210665595028,173.19276428222656,46091400,0.0,0.0,0.0
2018-09-07 00:00:00-04:00,171.94480587401452,174.01195221144536,171.8876520315474,172.52589416503906,46629500,0.0,0.0,0.0
2018-09-10 00:00:00-04:00,173.516622180663,173.61188829024817,172.16392773084522,173.1070098876953,26132000,0.0,0.0,0.0
2018-09-11 00:00:00-04:00,172.4116240418791,174.72644237949797,171.96389946425788,174.44065856933594,30116500,0.0,0.0,0.0
2018-09-12 00:00:00-04:00,174.1834153036078,174.3072437745438,172.4306152302708,173.92620849609375,36204000,0.0,0.0,0.0
2018-09-13 00:00:00-04:00,175.01217706303763,176.11719973317673,174.93596709934897,175.78378295898438,31133200,0.0,0.0,0.0
2018-09-14 00:00:00-04:00,175.9076513652223,176.18389980486083,174.57399861145873,175.2694091796875,31224100,0.0,0.0,0.0
2018-09-17 00:00:00-04:00,174.97411318046616,175.09795622263897,172.58308486799953,172.74502563476562,33071200,0.0,0.0,0.0
2018-09-18 00:00:00-04:00,172.8878841258852,175.02170505465432,172.80213882848184,174.17388916015625,31877300,0.0,0.0,0.0
2018-09-19 00:00:00-04:00,174.20248334725107,174.61211014257728,172.90694285398865,174.04054260253906,31843400,0.0,0.0,0.0
2018-09-20 00:00:00-04:00,175.24080985117928,176.2029334044713,174.82166231174446,175.96478271484375,33295800,0.0,0.0,0.0
2018-09-21 00:00:00-04:00,176.44112608050273,176.6887976238487,174.78359165346043,175.00270080566406,38605400,0.0,0.0,0.0
2018-09-24 00:00:00-04:00,173.73345493022015,175.5562043374437,173.01771700649914,175.48939514160156,34945600,0.33,0.0,0.0
2018-09-25 00:00:00-04:00,175.4130246578956,175.86155486197308,174.81180022227613,175.7279510498047,25277500,0.0,0.0,0.0
2018-09-26 00:00:00-04:00,175.88066387368593,177.49346228074404,175.50848074603599,175.85203552246094,36210600,0.0,0.0,0.0
2018-09-27 00:00:00-04:00,176.56779509354115,177.97064272261235,176.47235753659652,177.34078979492188,33113300,0.0,0.0,0.0
2018-09-28 00:00:00-04:00,176.84449840037632,177.7701871467094,176.52003408315448,177.3025665283203,28076800,0.0,0.0,0.0
2018-10-01 00:00:00-04:00,178.33324126099947,178.9630940751673,177.2166919422787,177.66522216796875,27371300,0.0,0.0,0.0
2018-10-02 00:00:00-04:00,177.51255206510797,178.62910153564383,176.8540853735556,177.26443481445312,25618600,0.0,0.0,0.0
2018-10-03 00:00:00-04:00,178.0087975067636,178.42869943142634,177.17854614955138,177.45529174804688,29128700,0.0,0.0,0.0
2018-10-04 00:00:00-04:00,176.73950622284926,176.8540341652965,172.78863440888347,174.04833984375,80557300,0.0,0.0,0.0
2018-10-05 00:00:00-04:00,174.0293052305767,174.6114393721341,170.2788306302542,171.92025756835938,83325600,0.0,0.0,0.0
2018-10-08 00:00:00-04:00,171.31901361016938,172.3878441257567,168.84732120028826,170.8704833984375,66864500,0.0,0.0,0.0
2018-10-09 00:00:00-04:00,170.99455682121067,172.75051161739958,170.58420739584471,171.42401123046875,49097900,0.0,0.0,0.0
2018-10-10 00:00:00-04:00,170.3551412463343,170.46011671039946,163.66538357955935,163.88487243652344,114471100,0.0,0.0,0.0
2018-10-11 00:00:00-04:00,163.20733204928743,165.4785970892708,160.14396742209493,161.85220336914062,143084500,0.0,0.0,0.0
2018-10-12 00:00:00-04:00,166.2133958320901,166.87187691450544,163.12140340403113,166.35655212402344,102078400,0.0,0.0,0.0
2018-10-15 00:00:00-04:00,165.77443221339274,166.0893440465693,163.72264168208423,164.34295654296875,64885300,0.0,0.0,0.0
2018-10-16 00:00:00-04:00,166.07024257485693,169.53440326101537,165.76485415597415,169.12405395507812,71979700,0.0,0.0,0.0
2018-10-17 00:00:00-04:00,169.94479085568292,170.11656094399535,167.4540226430893,169.1908721923828,66987600,0.0,0.0,0.0
2018-10-18 00:00:00-04:00,168.55153087248624,168.6087875853679,164.562491216635,165.2686767578125,82486200,0.0,0.0,0.0
2018-10-19 00:00:00-04:00,166.6046685132587,168.026606127349,164.5147118918422,165.11593627929688,82923700,0.0,0.0,0.0
2018-10-22 00:00:00-04:00,166.10844326360598,167.24408301883085,164.7055958673546,165.96530151367188,52909300,0.0,0.0,0.0
2018-10-23 00:00:00-04:00,162.84469420697212,166.17526663634257,161.10784439207467,165.35455322265625,77567000,0.0,0.0,0.0
2018-10-24 00:00:00-04:00,165.16367075379551,165.44041631111168,157.50049089242165,157.7867889404297,102997400,0.0,0.0,0.0
2018-10-25 00:00:00-04:00,160.23937533240115,164.21887558346236,159.52363756289253,163.24546813964844,83481100,0.0,0.0,0.0
2018-10-26 00:00:00-04:00,157.6532295136334,162.19578959795547,156.7275404827557,159.04653930664062,130970900,0.0,0.0,0.0
2018-10-29 00:00:00-04:00,161.48000491427794,162.10030521233324,152.7766229516421,155.77317810058594,111871900,0.0,0.0,0.0
2018-10-30 00:00:00-04:00,155.31516276425032,158.45486072264669,154.60896261913686,158.34034729003906,92584000,0.0,0.0,0.0
2018-10-31 00:00:00-04:00,160.91694164174905,163.42680022614132,160.8405945278133,162.0621337890625,73828600,0.0,0.0,0.0
2018-11-01 00:00:00-04:00,162.3007017842209,164.37156796004746,161.06962467990041,164.1997833251953,52706800,0.0,0.0,0.0
2018-11-02 00:00:00-04:00,163.6940030130767,164.66741048487646,160.53521589603793,161.64222717285156,75966800,0.0,0.0,0.0
2018-11-05 00:00:00-05:00,161.8521716090412,161.90942830007995,159.44728865335946,161.2414093017578,39573500,0.0,0.0,0.0
2018-11-06 00:00:00-05:00,161.25096484115147,163.36955001130445,161.01238556128493,162.46295166015625,34410400,0.0,0.0,0.0
2018-11-07 00:00:00-05:00,164.40983111265783,167.55908203125,164.01855741100587,167.55908203125,51169600,0.0,0.0,0.0
2018-11-08 00:00:00-05:00,166.7764568302091,167.29179623631433,165.69808837247743,166.49017333984375,40296500,0.0,0.0,0.0
2018-11-09 00:00:00-05:00,164.9346318743514,165.3354433228788,162.38660687617624,163.68447875976562,50602700,0.0,0.0,0.0
2018-11-12 00:00:00-05:00,162.53931353624745,162.8446874701094,158.58842632364838,158.73158264160156,62578400,0.0,0.0,0.0
2018-11-13 00:00:00-05:00,159.47593571882095,161.7376626506746,158.41664312509383,158.86517333984375,64128100,0.0,0.0,0.0
2018-11-14 00:00:00-05:00,160.43978718523843,160.99329285407097,156.746584645132,157.65318298339844,75270700,0.0,0.0,0.0
2018-11-15 00:00:00-05:00,157.36690431630007,160.8406184270585,155.9926997464329,160.4111785888672,73254300,0.0,0.0,0.0
2018-11-16 00:00:00-05:00,158.84610847408203,160.62113919880852,158.20671764336416,159.84814453125,65390700,0.0,0.0,0.0
2018-11-19 00:00:00-05:00,159.08467805787518,159.2755385900055,154.1603976955966,154.65664672851562,67280500,0.0,0.0,0.0
2018-11-20 00:00:00-05:00,151.13522607621857,154.00773046748748,149.9518819442326,151.88914489746094,102652800,0.0,0.0,0.0
2018-11-21 00:00:00-05:00,153.9790644514761,154.57073637275118,151.9559023692208,153.0438232421875,42965800,0.0,0.0,0.0
2018-11-23 00:00:00-05:00,151.82230066178548,153.49235555067887,151.82230066178548,151.93682861328125,23503700,0.0,0.0,0.0
2018-11-26 00:00:00-05:00,154.06500366615631,155.52510812587437,153.41606026087723,155.44876098632812,42012600,0.0,0.0,0.0
2018-11-27 00:00:00-05:00,154.59939834961597,156.36489113076803,153.81685119550178,155.97361755371094,36608100,0.0,0.0,0.0
2018-11-28 00:00:00-05:00,157.09968564561672,160.99330139160156,156.00222674031505,160.99330139160156,70141000,0.0,0.0,0.0
2018-11-29 00:00:00-05:00,160.31574988204358,161.52772222808323,159.19920051790467,160.4684295654297,44885700,0.0,0.0,0.0
2018-11-30 00:00:00-05:00,160.68789543503462,161.72809743342177,159.88625811648586,161.63265991210938,36722800,0.0,0.0,0.0
2018-12-03 00:00:00-05:00,165.20190126725967,165.3927618529033,161.7663524787574,164.45753479003906,50771700,0.0,0.0,0.0
2018-12-04 00:00:00-05:00,163.59857175067754,164.0566544383227,157.95856881563182,158.14942932128906,70594700,0.0,0.0,0.0
2018-12-06 00:00:00-05:00,154.9619814962704,159.28503584968132,154.3798476100063,159.2659454345703,71715500,0.0,0.0,0.0
2018-12-07 00:00:00-05:00,158.56935619238033,159.48549258878703,153.51147190487214,154.00772094726562,80432200,0.0,0.0,0.0
2018-12-10 00:00:00-05:00,153.721432504678,156.29808630356086,152.12772436032552,155.6205291748047,73960800,0.0,0.0,0.0
2018-12-11 00:00:00-05:00,158.15896603699758,158.1971468748701,154.81885624758118,156.1358184814453,59058300,0.0,0.0,0.0
2018-12-12 00:00:00-05:00,158.41666930918134,159.9435827898639,157.42418573994598,157.51007080078125,53780000,0.0,0.0,0.0
2018-12-13 00:00:00-05:00,158.5407306444432,159.19921188197858,156.5366585790507,157.5577850341797,46378500,0.0,0.0,0.0
2018-12-14 00:00:00-05:00,155.75410517570373,156.3266867166005,153.35875986018894,153.72140502929688,56547400,0.0,0.0,0.0
2018-12-17 00:00:00-05:00,153.0629135837128,154.28443826285948,149.0356944015589,150.23812866210938,74834100,0.0,0.0,0.0
2018-12-18 00:00:00-05:00,151.40241123225184,152.643026449507,149.8659600260093,151.18292236328125,63642100,0.0,0.0,0.0
2018-12-19 00:00:00-05:00,150.95390981407684,153.3778840116419,146.33501738443857,147.4706573486328,81856500,0.0,0.0,0.0
2018-12-20 00:00:00-05:00,147.10797719055122,148.74940379036562,143.5197500867626,145.33294677734375,99002100,0.0,0.0,0.0
2018-12-21 00:00:00-05:00,146.058236443669,147.05071982986303,140.01740739633874,140.82858276367188,141129400,0.0,0.0,0.0
2018-12-24 00:00:00-05:00,139.80553438728805,141.62391923600808,137.2980740035313,137.3363494873047,56163300,0.421,0.0,0.0
2018-12-26 00:00:00-05:00,138.84845327162458,145.98801945500063,137.90097098790972,145.91146850585938,98982100,0.0,0.0,0.0
2018-12-27 00:00:00-05:00,143.91122515039618,146.60052623743616,140.7625453610874,146.4761199951172,85824300,0.0,0.0,0.0
2018-12-28 00:00:00-05:00,147.5288911398244,148.90704210856177,145.2032723326213,146.3995819091797,77856600,0.0,0.0,0.0
2018-12-31 00:00:00-05:00,147.8351264123091,148.32321537321974,146.15072809323803,147.63414001464844,53015300,0.0,0.0,0.0
2019-01-02 00:00:00-05:00,144.50465418094797,149.06019650222223,144.39937833764546,148.22756958007812,58576700,0.0,0.0,0.0
2019-01-03 00:00:00-05:00,146.0454479428993,146.67708816665296,143.06902976416492,143.38485717773438,74820200,0.0,0.0,0.0
2019-01-04 00:00:00-05:00,145.79657231265872,150.25641593371964,145.22235273353988,149.5194854736328,74709300,0.0,0.0,0.0
2019-01-07 00:00:00-05:00,149.8928060714043,152.03659817620226,149.40471700172043,151.29966735839844,52059300,0.0,0.0,0.0
2019-01-08 00:00:00-05:00,152.68734332513475,153.23286737975056,150.44785580314223,152.668212890625,49388700,0.0,0.0,0.0
2019-01-09 00:00:00-05:00,153.26156895331897,154.58229902893527,152.62034895232122,153.91236877441406,46491700,0.0,0.0,0.0
2019-01-10 00:00:00-05:00,152.74481281029264,154.43877665885435,151.8834611518182,154.35264587402344,38943400,0.0,0.0,0.0
2019-01-11 00:00:00-05:00,153.44339573663154,153.95062963860127,152.92658201547331,153.78793334960938,30176600,0.0,0.0,0.0
2019-01-14 00:00:00-05:00,152.48640611902414,153.0893508206716,151.77818559015867,152.42898559570312,30710200,0.0,0.0,0.0
2019-01-15 00:00:00-05:00,153.127632559199,155.6159624296416,153.0415017706978,155.40541076660156,40874200,0.0,0.0,0.0
2019-01-16 00:00:00-05:00,155.66379634139858,156.74526487225424,155.319258599035,155.37669372558594,33812200,0.0,0.0,0.0
2019-01-17 00:00:00-05:00,154.8789961774419,157.30032514508738,154.63016908867726,156.6016845703125,39329000,0.0,0.0,0.0
2019-01-18 00:00:00-05:00,157.70233176160835,158.8890762640834,156.78357407221299,158.1521453857422,57183200,0.0,0.0,0.0
2019-01-22 00:00:00-05:00,157.01325050858011,157.08981608048956,153.85499003341658,154.98431396484375,56711700,0.0,0.0,0.0
2019-01-23 00:00:00-05:00,155.7786516962595,156.48685761844143,153.43388785010106,155.18527221679688,38106100,0.0,0.0,0.0
2019-01-24 00:00:00-05:00,155.69248622139042,156.41985169526598,155.09912142187002,156.19015502929688,32417800,0.0,0.0,0.0
2019-01-25 00:00:00-05:00,157.44385623935355,158.5348896477177,156.90791205326363,158.05636596679688,36515900,0.0,0.0,0.0
2019-01-28 00:00:00-05:00,156.01788839437944,156.11358438287257,154.80243397376714,156.10401916503906,33491200,0.0,0.0,0.0
2019-01-29 00:00:00-05:00,156.19011941028674,156.22840948090948,154.0750530149495,154.63014221191406,30784200,0.0,0.0,0.0
2019-01-30 00:00:00-05:00,156.38156193113838,159.13786351477765,155.89347294377998,158.56362915039062,41346500,0.0,0.0,0.0
2019-01-31 00:00:00-05:00,159.53980756400546,161.73145441022703,159.3196907386673,160.93710327148438,37258400,0.0,0.0,0.0
2019-02-01 00:00:00-05:00,160.14275785152526,161.35821224971778,159.81736521055586,160.25759887695312,32143700,0.0,0.0,0.0
2019-02-04 00:00:00-05:00,160.2863403631182,162.248291015625,160.14278905336417,162.248291015625,26718800,0.0,0.0,0.0
2019-02-05 00:00:00-05:00,162.46835314758846,163.87521392268684,162.40136742673712,163.68380737304688,28156400,0.0,0.0,0.0
2019-02-06 00:00:00-05:00,163.72210347072547,164.00920600406025,162.4587939105156,163.1957244873047,27970000,0.0,0.0,0.0
2019-02-07 00:00:00-05:00,161.76971490922176,162.171673050045,159.77905463796588,161.0040740966797,42036200,0.0,0.0,0.0
2019-02-08 00:00:00-05:00,159.59727272902524,161.34867181121624,159.41544592884546,161.31996154785156,29020700,0.0,0.0,0.0
2019-02-11 00:00:00-05:00,161.903755147348,162.2961482030799,160.7648660654567,161.1668243408203,21434100,0.0,0.0,0.0
2019-02-12 00:00:00-05:00,162.34400613583526,163.78914290661,162.05688890495983,163.5498809814453,29722100,0.0,0.0,0.0
2019-02-13 00:00:00-05:00,164.27718261179072,164.7652861386216,163.4828461099226,163.6646728515625,26094100,0.0,0.0,0.0
2019-02-14 00:00:00-05:00,163.08089090703166,164.44947644885696,162.5353814165989,163.8656768798828,30326800,0.0,0.0,0.0
2019-02-15 00:00:00-05:00,165.1098531446145,165.14812862245262,163.7891228066986,164.5547637939453,32521700,0.0,0.0,0.0
2019-02-19 00:00:00-05:00,164.04751555959265,165.37781100110416,164.01880530284956,164.88014221191406,19487700,0.0,0.0,0.0
2019-02-20 00:00:00-05:00,164.99500699285878,165.64580698063023,163.9614083945308,164.85145568847656,32593000,0.0,0.0,0.0
2019-02-21 00:00:00-05:00,164.41123152627057,164.86104515066452,163.37763277595056,164.24853515625,25207400,0.0,0.0,0.0
2019-02-22 00:00:00-05:00,164.60263692219488,165.57881504836357,164.516491531801,165.46397399902344,27735400,0.0,0.0,0.0
2019-02-25 00:00:00-05:00,166.72722903663598,167.15789743319135,165.95200839877555,166.06686401367188,32608800,0.0,0.0,0.0
2019-02-26 00:00:00-05:00,165.66494645813515,166.7655453638009,165.38739447446767,166.23916625976562,21939700,0.0,0.0,0.0
2019-02-27 00:00:00-05:00,165.47353066766513,166.33488230337127,164.38249694514778,166.13389587402344,25162000,0.0,0.0,0.0
2019-02-28 00:00:00-05:00,165.61702105607148,166.3443716716245,165.2820486943642,165.75100708007812,25085500,0.0,0.0,0.0
2019-03-01 00:00:00-05:00,166.94736090881108,167.14833269709382,165.74147176557352,166.89950561523438,31431200,0.0,0.0,0.0
2019-03-04 00:00:00-05:00,168.00009582292077,168.23935767527408,165.0619678697819,166.92820739746094,38063500,0.0,0.0,0.0
2019-03-05 00:00:00-05:00,167.05267333984375,167.56947265497928,166.22961176137716,167.05267333984375,22319900,0.0,0.0,0.0
2019-03-06 00:00:00-05:00,167.21534219113374,167.24405244817586,165.8371914395684,166.10516357421875,27194600,0.0,0.0,0.0
2019-03-07 00:00:00-05:00,165.68404763707068,165.7414681467549,163.45412535622955,164.06663513183594,39407400,0.0,0.0,0.0
2019-03-08 00:00:00-05:00,162.22910778877423,163.90394082417325,162.06641147488455,163.81781005859375,39303200,0.0,0.0,0.0
2019-03-11 00:00:00-04:00,164.49735280149622,167.33978545651024,164.46864254060824,167.2249298095703,30518400,0.0,0.0,0.0
2019-03-12 00:00:00-04:00,167.66515301024216,168.57434520994866,167.26319481468937,168.1436767578125,33953500,0.0,0.0,0.0
2019-03-13 00:00:00-04:00,169.01458879952494,170.28744908180946,168.77532693237012,169.40696716308594,42426100,0.0,0.0,0.0
2019-03-14 00:00:00-04:00,169.52184654640834,169.72281836508674,169.07203300484957,169.11988830566406,23751500,0.0,0.0,0.0
2019-03-15 00:00:00-04:00,169.78021582559506,171.19665659971182,169.6653748019477,170.68942260742188,38192000,0.0,0.0,0.0
2019-03-18 00:00:00-04:00,170.61650696862108,171.61365576432294,170.27134232856426,171.0959014892578,32935100,0.324,0.0,0.0
2019-03-19 00:00:00-04:00,171.7958515267281,172.58206573746992,170.94252967578024,171.6712188720703,36893300,0.0,0.0,0.0
2019-03-20 00:00:00-04:00,171.68080964479145,173.40663331005624,170.89461002670419,172.35195922851562,50105000,0.0,0.0,0.0
2019-03-21 00:00:00-04:00,171.83420804436545,175.29543777148464,171.8150281632561,175.04615783691406,42428500,0.0,0.0,0.0
2019-03-22 00:00:00-04:00,174.28868768121856,174.7584996238616,171.01921322171668,171.20138549804688,70794500,0.0,0.0,0.0
2019-03-25 00:00:00-04:00,170.57818967680672,171.4698566083006,169.63856572947253,170.8754119873047,46336500,0.0,0.0,0.0
2019-03-26 00:00:00-04:00,172.19855588781627,173.24363266359094,170.79871713965088,171.6712188720703,33248100,0.0,0.0,0.0
2019-03-27 00:00:00-04:00,171.9300817587151,172.3135915764523,169.32217403420913,170.56858825683594,37096700,0.0,0.0,0.0
2019-03-28 00:00:00-04:00,171.00968861479782,171.604133398214,169.93584910153865,170.9617462158203,30368200,0.0,0.0,0.0
2019-03-29 00:00:00-04:00,172.28483550395293,172.41906540816865,171.23016152085623,172.25607299804688,35205500,0.0,0.0,0.0
2019-04-01 00:00:00-04:00,174.0298220215522,174.74891391988427,173.32032737837366,174.53797912597656,30969500,0.0,0.0,0.0
2019-04-02 00:00:00-04:00,174.72977229489211,175.37215938866447,174.28872276709703,175.19956970214844,22645200,0.0,0.0,0.0
2019-04-03 00:00:00-04:00,176.18711894546908,177.29931806009,175.65979652712446,176.206298828125,31633500,0.0,0.0,0.0
2019-04-04 00:00:00-04:00,176.25424070950274,176.8966277919592,175.12286171550144,176.13919067382812,28530800,0.0,0.0,0.0
2019-04-05 00:00:00-04:00,176.64735904774597,177.15551624417415,176.43642421564766,177.050048828125,25674700,0.0,0.0,0.0
2019-04-08 00:00:00-04:00,176.76241470969543,177.64449920379874,176.06250254273743,177.5006866455078,22697500,0.0,0.0,0.0
2019-04-09 00:00:00-04:00,176.89660602770155,177.4814680203629,176.50349894756022,176.87742614746094,25631900,0.0,0.0,0.0
2019-04-10 00:00:00-04:00,177.1075529537757,177.88416991216167,176.91579802811893,177.82664489746094,24563000,0.0,0.0,0.0
2019-04-11 00:00:00-04:00,178.12389246059425,178.12389246059425,177.07881553224567,177.40480041503906,20654100,0.0,0.0,0.0
2019-04-12 00:00:00-04:00,178.19102436772982,178.2868945343377,177.4335725127082,178.17184448242188,24989100,0.0,0.0,0.0
2019-04-15 00:00:00-04:00,178.18139690017048,178.40192896890673,177.01167280412844,178.20057678222656,21073000,0.0,0.0,0.0
2019-04-16 00:00:00-04:00,178.85256938222452,179.20733141086885,178.26770725928685,178.81422424316406,27195700,0.0,0.0,0.0
2019-04-17 00:00:00-04:00,180.01270317671447,180.1852782399336,178.91010125957533,179.4374237060547,29651600,0.0,0.0,0.0
2019-04-18 00:00:00-04:00,179.734633253974,180.05102082156557,178.61283699448148,179.66751098632812,28580900,0.0,0.0,0.0
2019-04-22 00:00:00-04:00,178.88136317407057,180.24284250190382,178.7471185999504,180.17572021484375,17936000,0.0,0.0,0.0
2019-04-23 00:00:00-04:00,180.63588738090903,182.68769577404592,180.37702481908477,182.46717834472656,33665600,0.0,0.0,0.0
2019-04-24 00:00:00-04:00,182.62059658809545,182.85071128366505,181.8343823507053,181.8919219970703,24977100,0.0,0.0,0.0
2019-04-25 00:00:00-04:00,183.25342514334676,183.33971267930391,181.6426513223197,182.6302032470703,29517500,0.0,0.0,0.0
2019-04-26 00:00:00-04:00,182.34250454796722,182.83149635356963,180.81803338570708,182.7931365966797,26359500,0.0,0.0,0.0
2019-04-29 00:00:00-04:00,182.79318720412294,183.43558895521676,182.49596484076102,183.14794921875,21716200,0.0,0.0,0.0
2019-04-30 00:00:00-04:00,181.6713873379341,182.02614931729232,180.45373549488957,181.72891235351562,31495300,0.0,0.0,0.0
2019-05-01 00:00:00-04:00,182.91777808734096,183.4355323792862,181.0193798201156,181.14401245117188,34797100,0.0,0.0,0.0
2019-05-02 00:00:00-04:00,181.08650837485283,182.02613230809348,179.16893000818325,180.3578338623047,44110100,0.0,0.0,0.0
2019-05-03 00:00:00-04:00,181.85356348908115,183.36845232796136,181.52757864057824,183.23422241210938,30386200,0.0,0.0,0.0
2019-05-06 00:00:00-04:00,179.34149644442095,182.36167612883392,179.063439424483,182.11239624023438,38371800,0.0,0.0,0.0
2019-05-07 00:00:00-04:00,180.1277273801796,180.8947616877094,176.9061949925244,178.56491088867188,58818100,0.0,0.0,0.0
2019-05-08 00:00:00-04:00,177.98004316902194,179.4565720939603,177.33765616317484,178.11427307128906,37165300,0.0,0.0,0.0
2019-05-09 00:00:00-04:00,176.12959075022746,177.76912688358095,174.58593939845997,177.15550231933594,55351700,0.0,0.0,0.0
2019-05-10 00:00:00-04:00,176.52268525283733,178.22932890731892,173.56961267666537,177.37600708007812,58526400,0.0,0.0,0.0
2019-05-13 00:00:00-04:00,172.86011783675673,173.7901446355621,170.72202177711526,171.22059631347656,67185800,0.0,0.0,0.0
2019-05-14 00:00:00-04:00,172.12186839356914,174.14491450944422,171.48906391069684,173.09982299804688,43360600,0.0,0.0,0.0
2019-05-15 00:00:00-04:00,171.95886101274638,175.98577301106482,171.92050124925925,175.5447235107422,40944500,0.0,0.0,0.0
2019-05-16 00:00:00-04:00,175.62145013148404,178.40194812970944,175.41051529610263,177.3089141845703,39281200,0.0,0.0,0.0
2019-05-17 00:00:00-04:00,175.55430477670856,177.932097847623,175.34336998663144,175.49676513671875,44702300,0.0,0.0,0.0
2019-05-20 00:00:00-04:00,173.051873028242,173.71342530639242,171.94925663806615,172.53411865234375,38608300,0.0,0.0,0.0
2019-05-21 00:00:00-04:00,174.0202524484931,174.81604929793028,173.46415291647807,174.33665466308594,31613800,0.0,0.0,0.0
2019-05-22 00:00:00-04:00,173.36830364271574,174.56679037413602,173.30118136337302,173.56005859375,24332600,0.0,0.0,0.0
2019-05-23 00:00:00-04:00,171.56575701096804,171.64246190936913,169.83993337185188,170.90419006347656,45351300,0.0,0.0,0.0
2019-05-24 00:00:00-04:00,171.82460258373905,172.43822702802444,170.60693631946808,170.81787109375,25903300,0.0,0.0,0.0
2019-05-28 00:00:00-04:00,171.297303600557,172.25609292155426,170.15634196777606,170.17552185058594,24763800,0.0,0.0,0.0
2019-05-29 00:00:00-04:00,169.1208299877182,169.7056919973142,167.87440107530475,168.77566528320312,42178800,0.0,0.0,0.0
2019-05-30 00:00:00-04:00,169.2262760450138,169.96454774794478,168.526364098837,169.4851531982422,30354800,0.0,0.0,0.0
2019-05-31 00:00:00-04:00,167.4908966418139,168.06616141458667,166.70468243340594,166.78138732910156,45446200,0.0,0.0,0.0
2019-06-03 00:00:00-04:00,166.3307704351727,166.78140259490482,162.29427551071797,163.10923767089844,75842300,0.0,0.0,0.0
2019-06-04 00:00:00-04:00,164.9405403495425,167.75938354407538,164.30773583036873,167.7018585205078,47797800,0.0,0.0,0.0
2019-06-05 00:00:00-04:00,169.3030047814615,169.33176728809914,167.19367139158075,168.94825744628906,34412700,0.0,0.0,0.0
2019-06-06 00:00:00-04:00,169.2358383502583,170.7027843258254,168.48798411290872,170.29051208496094,29913200,0.0,0.0,0.0
2019-06-07 00:00:00-04:00,171.20138490771623,174.2791044557174,170.98086750395325,173.5791778564453,45888300,0.0,0.0,0.0
2019-06-10 00:00:00-04:00,174.7393294697173,177.2321872098846,174.70098433939006,175.60223388671875,41385300,0.0,0.0,0.0
2019-06-11 00:00:00-04:00,177.43355858811816,177.75954346294105,175.2475199934774,175.8419647216797,41260300,0.0,0.0,0.0
2019-06-12 00:00:00-04:00,175.362542180063,175.72688676461533,174.49963773555348,174.82562255859375,27758100,0.0,0.0,0.0
2019-06-13 00:00:00-04:00,175.55434002778875,176.29259731133791,175.20917526835046,175.86114501953125,23715800,0.0,0.0,0.0
2019-06-14 00:00:00-04:00,174.95981046554581,175.5638522096821,174.44207084911395,175.11322021484375,22844100,0.0,0.0,0.0
2019-06-17 00:00:00-04:00,175.49678926869683,176.65693077364816,175.30503433224874,176.16795349121094,20379500,0.0,0.0,0.0
2019-06-18 00:00:00-04:00,178.2485410904099,179.98394756580817,177.78831164425344,178.72793579101562,48177300,0.0,0.0,0.0
2019-06-19 00:00:00-04:00,178.96765652579174,179.80179873224844,177.92257945310988,179.39910888671875,31672900,0.0,0.0,0.0
2019-06-20 00:00:00-04:00,181.90152490324715,181.93987004180207,179.44702639670814,181.0673828125,40922000,0.0,0.0,0.0
2019-06-21 00:00:00-04:00,180.85645996315128,181.9494793589789,180.41541037572756,180.79893493652344,39980400,0.0,0.0,0.0
2019-06-24 00:00:00-04:00,181.16020394078544,181.34277902834324,180.70857545966146,180.80467224121094,19375200,0.416,0.0,0.0
2019-06-25 00:00:00-04:00,180.67973654465084,180.7854371319353,177.43185910109986,177.70091247558594,33921100,0.0,0.0,0.0
2019-06-26 00:00:00-04:00,178.88287489480757,180.0071369917426,178.23906743736504,178.52732849121094,22595700,0.0,0.0,0.0
2019-06-27 00:00:00-04:00,179.1711342927423,179.63236659920048,178.71950579976698,179.20956420898438,19709200,0.0,0.0,0.0
2019-06-28 00:00:00-04:00,179.6419682637758,179.8341471673086,178.79637815576933,179.440185546875,21179200,0.0,0.0,0.0
2019-07-01 00:00:00-04:00,182.88023985256223,183.12046714451085,181.0160737210712,181.86166381835938,31025600,0.0,0.0,0.0
2019-07-02 00:00:00-04:00,181.80398719160584,182.60154345321274,181.28510276211773,182.5823211669922,18035800,0.0,0.0,0.0
2019-07-03 00:00:00-04:00,183.0435754659906,183.95643615722656,182.85138192062814,183.95643615722656,15792100,0.0,0.0,0.0
2019-07-05 00:00:00-04:00,182.69766090044524,183.91800496086918,181.98658285288573,183.58169555664062,21415600,0.0,0.0,0.0
2019-07-08 00:00:00-04:00,182.39016475992378,182.44781696337913,181.54456000975162,182.29408264160156,17598800,0.0,0.0,0.0
2019-07-09 00:00:00-04:00,181.42925192774777,183.4375485064157,181.27550294677448,183.20693969726562,19193500,0.0,0.0,0.0
2019-07-10 00:00:00-04:00,184.32160565916615,185.5419497590068,183.98528158176444,185.0326690673828,28374500,0.0,0.0,0.0
2019-07-11 00:00:00-04:00,185.31131558004267,185.78215162919824,184.31196196026363,184.8981170654297,23736100,0.0,0.0,0.0
2019-07-12 00:00:00-04:00,185.0999549891128,185.9743712701988,184.9269836983374,185.9647674560547,20211900,0.0,0.0,0.0
2019-07-15 00:00:00-04:00,186.3971787974149,186.59897619846416,185.878294235493,186.56053161621094,15606100,0.0,0.0,0.0
2019-07-16 00:00:00-04:00,186.3298791260469,186.50283571873686,185.03264603163774,185.59957885742188,20190900,0.0,0.0,0.0
2019-07-17 00:00:00-04:00,185.59962849574083,185.92634880649484,184.66754528636005,184.686767578125,16765100,0.0,0.0,0.0
2019-07-18 00:00:00-04:00,183.81228515037412,185.2536487208832,183.23574851955556,184.8981170654297,28877000,0.0,0.0,0.0
2019-07-19 00:00:00-04:00,186.16653582944215,186.2530141301926,183.35106451909897,183.54324340820312,29387900,0.0,0.0,0.0
2019-07-22 00:00:00-04:00,183.9564273716833,185.3977909192103,183.9564273716833,185.00381469726562,18954900,0.0,0.0,0.0
2019-07-23 00:00:00-04:00,186.01278639054772,186.23379137935228,184.77320543363692,186.21456909179688,23786700,0.0,0.0,0.0
2019-07-24 00:00:00-04:00,185.5034775461048,187.5309960369472,185.48425526147065,187.52137756347656,20422900,0.0,0.0,0.0
2019-07-25 00:00:00-04:00,186.88724349764857,186.91606960188395,185.38821276585128,185.74375915527344,23434700,0.0,0.0,0.0
2019-07-26 00:00:00-04:00,186.92561353730434,187.90574475427283,186.82951677909512,187.65589904785156,20431200,0.0,0.0,0.0
2019-07-29 00:00:00-04:00,187.48301208523145,187.5502681111029,185.83024693409143,187.0121612548828,20451700,0.0,0.0,0.0
2019-07-30 00:00:00-04:00,185.58040144723023,186.93527229747897,185.4458747435775,186.20498657226562,18705000,0.0,0.0,0.0
2019-07-31 00:00:00-04:00,186.70466736287668,186.82957559310177,181.91934347623192,183.6297607421875,41627500,0.0,0.0,0.0
2019-08-01 00:00:00-04:00,183.94683573597285,187.35806622862552,181.83283849028868,182.7168731689453,63251600,0.0,0.0,0.0
2019-08-02 00:00:00-04:00,181.3427775248353,181.60222710301952,178.93090081596753,180.02633666992188,55214000,0.0,0.0,0.0
2019-08-05 00:00:00-04:00,176.25956726018694,176.33644175555173,172.19492545558137,173.6651153564453,75040000,0.0,0.0,0.0
2019-08-06 00:00:00-04:00,175.26979382995114,176.615075212713,173.99179777667334,176.09617614746094,41897200,0.0,0.0,0.0
2019-08-07 00:00:00-04:00,174.1839956150174,177.2973316964179,172.8579363730525,177.04750061035156,49990600,0.0,0.0,0.0
2019-08-08 00:00:00-04:00,177.84507268334568,180.95842370304248,177.355014280282,180.9007568359375,38418100,0.0,0.0,0.0
2019-08-09 00:00:00-04:00,180.03592210351164,180.65090331554026,177.7970022337941,179.19993591308594,33608900,0.0,0.0,0.0
2019-08-12 00:00:00-04:00,178.09490644053577,178.63301324303544,176.32683704309096,177.14361572265625,24642900,0.0,0.0,0.0
2019-08-13 00:00:00-04:00,176.98987982127085,182.26526230089857,176.82652700573985,181.02569580078125,40241900,0.0,0.0,0.0
2019-08-14 00:00:00-04:00,178.11413833589114,178.68107127179258,175.28906280809548,175.6157684326172,51000500,0.0,0.0,0.0
2019-08-15 00:00:00-04:00,175.84639243531856,176.41332537284924,174.07832293743735,175.4139862060547,36685000,0.0,0.0,0.0
2019-08-16 00:00:00-04:00,177.00908704683192,178.68105964132582,176.90338645021248,178.22943115234375,32781400,0.0,0.0,0.0
2019-08-19 00:00:00-04:00,180.80465202504544,181.44845933497254,180.17044852727537,181.0640869140625,22494100,0.0,0.0,0.0
2019-08-20 00:00:00-04:00,180.61249923170894,181.26591044816558,179.61314545531425,179.66119384765625,19902900,0.0,0.0,0.0
2019-08-21 00:00:00-04:00,181.23706433381724,181.83282327860672,180.61247928926758,181.25628662109375,20418500,0.0,0.0,0.0
2019-08-22 00:00:00-04:00,181.5925846987644,182.05383159082592,179.24796431553042,180.6701202392578,24243700,0.0,0.0,0.0
2019-08-23 00:00:00-04:00,179.44020334516634,181.08334999500914,174.46268567478748,174.9527587890625,55372400,0.0,0.0,0.0
2019-08-26 00:00:00-04:00,176.94181948100226,177.64327909147394,175.92325807509002,177.59524536132812,27598900,0.0,0.0,0.0
2019-08-27 00:00:00-04:00,178.8348093010211,179.1326888028914,176.5286331181517,177.22047424316406,28012800,0.0,0.0,0.0
2019-08-28 00:00:00-04:00,176.6439047037168,178.15252422190744,175.7598701758157,177.85464477539062,21792400,0.0,0.0,0.0
2019-08-29 00:00:00-04:00,180.06475499639996,181.0929347675049,179.3825030865077,180.57403564453125,25358900,0.0,0.0,0.0
2019-08-30 00:00:00-04:00,181.54456654783874,181.58301112640027,179.12308594164688,180.1416473388672,26319800,0.0,0.0,0.0
2019-09-03 00:00:00-04:00,178.9405017385422,179.8629663047023,177.79701751268314,178.3927764892578,27964200,0.0,0.0,0.0
2019-09-04 00:00:00-04:00,180.11282422859463,181.1217818290933,179.5939250455675,180.96803283691406,21592100,0.0,0.0,0.0
2019-09-05 00:00:00-04:00,182.9667467922541,184.81169092366855,182.89947610207196,184.28318786621094,33932600,0.0,0.0,0.0
2019-09-06 00:00:00-04:00,184.59065900227432,184.65791502034875,183.69700584212205,184.1005859375,19487800,0.0,0.0,0.0
2019-09-09 00:00:00-04:00,184.67711082263796,184.7539853053479,182.78411884004282,183.71620178222656,24407600,0.0,0.0,0.0
2019-09-10 00:00:00-04:00,182.7264813519693,183.28381039974656,181.5253449547708,183.18771362304688,23744700,0.0,0.0,0.0
2019-09-11 00:00:00-04:00,183.53362198927738,185.00381161023824,183.1108196764218,184.90771484375,25063600,0.0,0.0,0.0
2019-09-12 00:00:00-04:00,186.04161805844194,187.09862397098294,185.42663679904803,185.6764678955078,28689900,0.0,0.0,0.0
2019-09-13 00:00:00-04:00,185.40741926724615,185.8398254562657,184.77321570345208,185.01344299316406,27669800,0.0,0.0,0.0
2019-09-16 00:00:00-04:00,183.82189153406284,184.57139936844496,183.639316481171,184.18702697753906,20319000,0.0,0.0,0.0
2019-09-17 00:00:00-04:00,184.2062485599447,185.07107543945312,183.81227235913443,185.07107543945312,20953400,0.0,0.0,0.0
2019-09-18 00:00:00-04:00,184.68668851401753,185.0710608732046,182.67839242254888,184.9941864013672,29781300,0.0,0.0,0.0
2019-09-19 00:00:00-04:00,185.32090380332423,186.45476934550524,184.94614989300763,185.3016815185547,26039400,0.0,0.0,0.0
2019-09-20 00:00:00-04:00,185.5611588805118,185.75333777011406,182.72647993752778,183.34146118164062,29086100,0.0,0.0,0.0
2019-09-23 00:00:00-04:00,183.2875347865863,183.97116254372744,182.67131336392674,183.42233276367188,22485900,0.384,0.0,0.0
2019-09-24 00:00:00-04:00,184.26000162064258,184.66439554479533,180.1967866360275,180.986328125,40820700,0.0,0.0,0.0
2019-09-25 00:00:00-04:00,180.80343870379292,183.4994136927689,179.29177630091374,183.0179901123047,34704900,0.0,0.0,0.0
2019-09-26 00:00:00-04:00,182.77725711560691,182.94093935094796,180.9959841978062,182.34397888183594,26826000,0.0,0.0,0.0
2019-09-27 00:00:00-04:00,182.6809367220183,182.7772272879781,178.84881020523613,180.0812530517578,40773500,0.0,0.0,0.0
2019-09-30 00:00:00-04:00,180.81298193805458,182.08394668061356,180.4374722990031,181.7950897216797,26307700,0.0,0.0,0.0
2019-10-01 00:00:00-04:00,182.45950737749845,183.50900708649476,180.01388245016363,180.31236267089844,32367600,0.0,0.0,0.0
2019-10-02 00:00:00-04:00,179.08949277564125,179.11837700235182,176.22021361801464,177.21194458007812,48544300,0.0,0.0,0.0
2019-10-03 00:00:00-04:00,177.1927357577898,179.2917498993019,175.06485207293326,179.15695190429688,39392500,0.0,0.0,0.0
2019-10-04 00:00:00-04:00,180.12936898351546,182.0550624539077,179.93680257485127,181.7950897216797,31887600,0.0,0.0,0.0
2019-10-07 00:00:00-04:00,181.2751916049561,182.69057773601943,180.92856613016755,181.24630737304688,21216000,0.0,0.0,0.0
2019-10-08 00:00:00-04:00,180.1101505852914,180.88043109422628,178.38666098559196,178.5310821533203,32379300,0.0,0.0,0.0
2019-10-09 00:00:00-04:00,180.04272987986602,181.09222937431926,179.50352332632107,180.2738037109375,20147400,0.0,0.0,0.0
2019-10-10 00:00:00-04:00,180.32197256219274,182.39208759282994,180.16791352675492,181.66995239257812,25177700,0.0,0.0,0.0
2019-10-11 00:00:00-04:00,183.74006287562895,185.47319011313274,183.63414913634045,184.00965881347656,40976700,0.0,0.0,0.0
2019-10-14 00:00:00-04:00,183.749736224113,184.57778531412077,183.56679292522233,183.99044799804688,14975000,0.0,0.0,0.0
2019-10-15 00:00:00-04:00,184.55853501132,186.76346321647216,184.4429980545021,186.33018493652344,23234200,0.0,0.0,0.0
2019-10-16 00:00:00-04:00,185.69466030220204,186.33976598503753,185.2806284807534,185.8679656982422,20457100,0.0,0.0,0.0
2019-10-17 00:00:00-04:00,186.9848839782711,187.27374101590027,185.6465272394059,186.35903930664062,19045200,0.0,0.0,0.0
2019-10-18 00:00:00-04:00,186.02202406941797,186.47456330218884,183.62454461482145,184.56813049316406,27700800,0.0,0.0,0.0
2019-10-21 00:00:00-04:00,185.55025764386858,186.33016138758612,185.0014277845831,186.20498657226562,15801200,0.0,0.0,0.0
2019-10-22 00:00:00-04:00,186.93670389735252,187.19667665202056,184.66438481847538,184.72216796875,22392300,0.0,0.0,0.0
2019-10-23 00:00:00-04:00,184.3466870276889,185.11695284887827,184.0481921263174,185.0784454345703,14828400,0.0,0.0,0.0
2019-10-24 00:00:00-04:00,186.39752857448298,186.9945036452963,185.5791175214065,186.8789520263672,18998500,0.0,0.0,0.0
2019-10-25 00:00:00-04:00,185.91612091544218,188.46767424229967,185.8776135004466,188.3713836669922,21507100,0.0,0.0,0.0
2019-10-28 00:00:00-04:00,189.24755212918154,190.47999492719302,189.24755212918154,190.2296600341797,18818700,0.0,0.0,0.0
2019-10-29 00:00:00-04:00,189.91188222371434,190.20072447082535,188.72757024306236,188.75645446777344,18569700,0.0,0.0,0.0
2019-10-30 00:00:00-04:00,189.12238907900584,189.98896011670584,188.03436736481856,189.6712188720703,21764300,0.0,0.0,0.0
2019-10-31 00:00:00-04:00,190.22003594492654,190.30668864203133,188.660228629528,189.75787353515625,26801800,0.0,0.0,0.0
2019-11-01 00:00:00-04:00,190.5763360911934,191.49105266956713,190.2874936894776,191.48141479492188,22131900,0.0,0.0,0.0
2019-11-04 00:00:00-05:00,192.7523631621055,193.07972764982043,191.48139793891,192.66571044921875,19015900,0.0,0.0,0.0
2019-11-05 00:00:00-05:00,192.90638916965443,193.09895561814469,192.13610868381522,192.77159118652344,15048900,0.0,0.0,0.0
2019-11-06 00:00:00-05:00,192.55013011794284,192.56939117078593,191.40433988977608,192.3383026123047,19725500,0.0,0.0,0.0
2019-11-07 00:00:00-05:00,193.30113967970294,194.22547917446406,192.4249601605252,192.9833984375,17832400,0.0,0.0,0.0
2019-11-08 00:00:00-05:00,192.63680130200342,193.77295368017536,192.12647888882643,193.75369262695312,15258800,0.0,0.0,0.0
2019-11-11 00:00:00-05:00,192.77159342854944,193.5707434644845,192.51162063953097,193.4937286376953,10147600,0.0,0.0,0.0
2019-11-12 00:00:00-05:00,193.6573984843942,194.6972748821614,193.35891830104833,194.05215454101562,14778300,0.0,0.0,0.0
2019-11-13 00:00:00-05:00,193.3781608716417,194.2832392755876,193.25300076964808,194.1002960205078,15774600,0.0,0.0,0.0
2019-11-14 00:00:00-05:00,193.3684983234151,194.0713722781516,192.78116126757382,193.94619750976562,16945400,0.0,0.0,0.0
2019-11-15 00:00:00-05:00,195.1209577257988,195.37130737304688,194.49511299144,195.37130737304688,18427900,0.0,0.0,0.0
2019-11-18 00:00:00-05:00,195.06315249365295,195.833432962093,194.2736256651134,195.52532958984375,18365900,0.0,0.0,0.0
2019-11-19 00:00:00-05:00,196.2667024121598,196.2667024121598,195.06314382492096,195.8141632080078,16923300,0.0,0.0,0.0
2019-11-20 00:00:00-05:00,195.30386256435233,195.89119976371717,193.16634126121323,194.63949584960938,36629000,0.0,0.0,0.0
2019-11-21 00:00:00-05:00,194.42765793781365,194.56247060141035,193.5996237485905,194.20620727539062,17883600,0.0,0.0,0.0
2019-11-22 00:00:00-05:00,194.68765431700336,194.80320594383429,193.28190596882317,194.33140563964844,17189600,0.0,0.0,0.0
2019-11-25 00:00:00-05:00,195.1690674470661,196.6711062892679,195.14018321486054,196.63259887695312,17752800,0.0,0.0,0.0
2019-11-26 00:00:00-05:00,196.75779799389196,197.25846787524867,196.46894094426008,197.0081329345703,14780600,0.0,0.0,0.0
2019-11-27 00:00:00-05:00,197.51840767707304,198.39460186082528,197.27769595792424,198.3849639892578,16963100,0.0,0.0,0.0
2019-11-29 00:00:00-05:00,197.88431339798845,198.18279360800273,197.38362885983744,197.47991943359375,9854600,0.0,0.0,0.0
2019-12-02 00:00:00-05:00,197.48952376028853,197.55691540198117,194.28324189310058,195.45791625976562,28007000,0.0,0.0,0.0
2019-12-03 00:00:00-05:00,192.77157341801524,194.0040162050076,191.82797293119535,193.92698669433594,31104100,0.0,0.0,0.0
2019-12-04 00:00:00-05:00,194.91877178506064,195.37131110323938,194.6299147129643,194.9091339111328,15300100,0.0,0.0,0.0
2019-12-05 00:00:00-05:00,195.60238444115748,195.60238444115748,194.34105707826524,195.29428100585938,14962300,0.0,0.0,0.0
2019-12-06 00:00:00-05:00,196.7191936517952,197.52798129916872,196.56513466414108,197.38356018066406,16555300,0.0,0.0,0.0
2019-12-09 00:00:00-05:00,197.02739695448022,197.95172189695828,196.40153755554482,196.4882049560547,13984100,0.0,0.0,0.0
2019-12-10 00:00:00-05:00,196.58443564862313,197.26806336280285,195.88156157598183,196.324462890625,21799800,0.0,0.0,0.0
2019-12-11 00:00:00-05:00,196.7673737883487,197.56653840005538,196.45925575844313,197.3643341064453,18780800,0.0,0.0,0.0
2019-12-12 00:00:00-05:00,197.1621498123702,199.6174121712248,196.89255387488336,198.83749389648438,32612000,0.0,0.0,0.0
2019-12-13 00:00:00-05:00,198.731576067637,200.18548415617445,198.3079358116449,199.4922332763672,32519400,0.0,0.0,0.0
2019-12-16 00:00:00-05:00,200.8017288979086,201.74531476951162,200.73432256114074,201.49497985839844,21296600,0.0,0.0,0.0
2019-12-17 00:00:00-05:00,201.75492530315745,201.91862219879607,201.2735018714318,201.61050415039062,15996100,0.0,0.0,0.0
2019-12-18 00:00:00-05:00,201.78381793515982,202.32300981118337,201.5527294060597,201.76455688476562,15443300,0.0,0.0,0.0
2019-12-19 00:00:00-05:00,201.85125013443258,203.09331633472368,201.831989080168,203.0259246826172,17865900,0.0,0.0,0.0
2019-12-20 00:00:00-05:00,203.98872045740558,204.62420286155466,203.42064438030687,203.84429931640625,27672600,0.0,0.0,0.0
2019-12-23 00:00:00-05:00,204.5661066278227,204.71084090811397,204.2090855872833,204.3827667236328,23774700,0.458,0.0,0.0
2019-12-24 00:00:00-05:00,204.56610338319297,204.65294394999034,204.02574244703436,204.48890686035156,7089000,0.0,0.0,0.0
2019-12-26 00:00:00-05:00,204.81701669105513,206.31266829351873,204.78806983041736,206.29336547851562,17067500,0.0,0.0,0.0
2019-12-27 00:00:00-05:00,207.01701079225646,207.03631360207063,205.5696092545197,206.11962890625,18134100,0.0,0.0,0.0
2019-12-30 00:00:00-05:00,206.0135274075411,206.13897361123387,203.75558408346814,204.76876831054688,21815500,0.0,0.0,0.0
2019-12-31 00:00:00-05:00,204.1125779155726,205.29944313668517,203.79414778820464,205.1547088623047,18170900,0.0,0.0,0.0
2020-01-02 00:00:00-05:00,206.88196695556636,208.58026123046875,206.4766962009828,208.58026123046875,30969400,0.0,0.0,0.0
2020-01-03 00:00:00-05:00,205.82049974238066,207.9144055144495,205.80119693274173,206.6696319580078,27518900,0.0,0.0,0.0
2020-01-06 00:00:00-05:00,205.04855439323734,208.03019807401319,204.7976767566402,208.00125122070312,21655300,0.0,0.0,0.0
2020-01-07 00:00:00-05:00,208.0784486683733,208.56091585733947,207.31615698824805,207.97230529785156,22139300,0.0,0.0,0.0
2020-01-08 00:00:00-05:00,207.94335612700655,210.49078226740906,207.61528197586097,209.53549194335938,26397300,0.0,0.0,0.0
2020-01-09 00:00:00-05:00,211.2627854810919,211.71630592485747,210.07592003561768,211.31103515625,23547000,0.0,0.0,0.0
2020-01-10 00:00:00-05:00,212.1408497914396,212.16013787981402,210.39430602726887,210.7706298828125,21898500,0.0,0.0,0.0
2020-01-13 00:00:00-05:00,211.639096508011,213.23123262518786,211.30136352619397,213.20228576660156,22756900,0.0,0.0,0.0
2020-01-14 00:00:00-05:00,213.0961225989704,213.45315836128472,212.03470352727763,212.36277770996094,24418100,0.0,0.0,0.0
2020-01-15 00:00:00-05:00,212.47853181229763,213.44346612091272,211.7548310808363,212.4495849609375,25742100,0.0,0.0,0.0
2020-01-16 00:00:00-05:00,213.51103254704745,214.52421658207058,213.05751221445357,214.48561096191406,18805000,0.0,0.0,0.0
2020-01-17 00:00:00-05:00,215.45052826887257,215.72070869364845,214.33120095267023,215.54702758789062,24325200,0.0,0.0,0.0
2020-01-21 00:00:00-05:00,214.94877626655557,215.99090715933454,214.8522916632074,215.45054626464844,21146300,0.0,0.0,0.0
2020-01-22 00:00:00-05:00,216.5409397828046,217.25498184049704,215.74968647984372,216.01986694335938,20736400,0.0,0.0,0.0
2020-01-23 00:00:00-05:00,215.89441425566307,216.81109893274322,214.89087429805969,216.714599609375,26496100,0.0,0.0,0.0
2020-01-24 00:00:00-05:00,217.7277938445321,217.95938339726447,213.89700316166594,214.89088439941406,37436500,0.0,0.0,0.0
2020-01-27 00:00:00-05:00,210.03724954533135,211.59079437378347,209.56442643276625,210.45217895507812,42264400,0.0,0.0,0.0
2020-01-28 00:00:00-05:00,211.93817883387928,214.1768335804762,211.37851514723005,213.68470764160156,26731900,0.0,0.0,0.0
2020-01-29 00:00:00-05:00,214.87156210106423,215.112795675216,213.08644248657856,214.03207397460938,28924500,0.0,0.0,0.0
2020-01-30 00:00:00-05:00,212.65224753279983,214.8908876818198,211.98644044178818,214.79440307617188,39568100,0.0,0.0,0.0
2020-01-31 00:00:00-05:00,215.6918138608157,215.72076071875642,210.63555163367218,211.38821411132812,52015800,0.0,0.0,0.0
2020-02-03 00:00:00-05:00,212.42069459372524,215.07426464801958,212.27596029843875,214.5821533203125,25408600,0.0,0.0,0.0
2020-02-04 00:00:00-05:00,217.5154883061186,219.86993035572252,216.77248477190417,219.4936065673828,30691200,0.0,0.0,0.0
2020-02-05 00:00:00-05:00,222.13755569776401,222.17614659549554,218.8953755102877,220.2173309326172,38534800,0.0,0.0,0.0
2020-02-06 00:00:00-05:00,220.7673537643358,222.17616458717418,219.9857591893376,222.11827087402344,22467100,0.0,0.0,0.0
2020-02-07 00:00:00-05:00,221.12434245696892,222.3594571536639,220.52607319307737,221.16293334960938,25884900,0.0,0.0,0.0
2020-02-10 00:00:00-05:00,220.4296285105335,223.84548999123973,220.3717347992263,223.83584594726562,21478900,0.0,0.0,0.0
2020-02-11 00:00:00-05:00,225.07095943790094,225.81396308366328,223.285824824035,223.8744354248047,30198000,0.0,0.0,0.0
2020-02-12 00:00:00-05:00,225.1963695922406,226.16130388344226,224.63670593649616,226.05516052246094,24471300,0.0,0.0,0.0
2020-02-13 00:00:00-05:00,224.4823367833513,226.69203006669883,224.2121563309873,225.7657012939453,22773200,0.0,0.0,0.0
2020-02-14 00:00:00-05:00,226.12271767078667,226.62448766791402,225.36042599376344,226.41220092773438,23438500,0.0,0.0,0.0
2020-02-18 00:00:00-05:00,225.31215837470134,226.9235968840241,225.07092480042436,226.4990234375,24394500,0.0,0.0,0.0
2020-02-19 00:00:00-05:00,227.84996534832146,229.14297391496584,227.5797848933131,228.67015075683594,22230500,0.0,0.0,0.0
2020-02-20 00:00:00-05:00,228.16835362622692,228.64116197392167,223.74895310298584,226.54725646972656,42604000,0.0,0.0,0.0
2020-02-21 00:00:00-05:00,225.41835817220684,225.80432609818962,221.27879547967115,222.1954803466797,66017200,0.0,0.0,0.0
2020-02-24 00:00:00-05:00,213.90662500101735,216.3865131781861,212.5364200846406,213.62680053710938,84522600,0.0,0.0,0.0
2020-02-25 00:00:00-05:00,215.42163628252047,216.13569314341837,207.21004863899142,207.8179473876953,97743000,0.0,0.0,0.0
2020-02-26 00:00:00-05:00,209.11093782002146,212.55574593078725,207.36439420882164,208.8889923095703,79537700,0.0,0.0,0.0
2020-02-27 00:00:00-05:00,203.50465726442775,208.83109922780073,198.29401744016377,198.42910766601562,121822600,0.0,0.0,0.0
2020-02-28 00:00:00-05:00,191.6745182939504,199.905405386648,191.2209980671449,198.5834503173828,148173700,0.0,0.0,0.0
2020-03-02 00:00:00-05:00,201.55547213345767,208.97581891894654,198.71856306461882,208.83106994628906,112933900,0.0,0.0,0.0
2020-03-03 00:00:00-05:00,209.496883238967,211.90921895185468,200.33965157230304,202.13442993164062,131953500,0.0,0.0,0.0
2020-03-04 00:00:00-05:00,205.83979049915035,210.67410600768878,203.95815684836936,210.56796264648438,73086200,0.0,0.0,0.0
2020-03-05 00:00:00-05:00,205.23190494704355,208.77321251542494,202.73272832317946,204.17047119140625,78705500,0.0,0.0,0.0
2020-03-06 00:00:00-05:00,197.49311102092258,201.81601277255984,195.79483187085464,200.72564697265625,89828400,0.0,0.0,0.0
2020-03-09 00:00:00-04:00,186.6954780998466,194.10618093640417,185.37352286392675,186.78233337402344,116424000,0.0,0.0,0.0
2020-03-10 00:00:00-04:00,194.0579255521291,197.13606813284002,186.8884564941873,196.95272827148438,100599200,0.0,0.0,0.0
2020-03-11 00:00:00-04:00,192.35964911661964,193.71055118056694,185.9717743532249,188.3744659423828,89168800,0.0,0.0,0.0
2020-03-12 00:00:00-04:00,175.7048679455198,184.09014864254513,170.73546262012835,171.10214233398438,137820700,0.0,0.0,0.0
2020-03-13 00:00:00-04:00,180.51029552625965,187.66044864626937,171.88377914457774,185.59548950195312,134882000,0.0,0.0,0.0
2020-03-16 00:00:00-04:00,168.04332651100887,178.20408496662907,163.2283130879234,163.3634033203125,92054400,0.0,0.0,0.0
2020-03-17 00:00:00-04:00,169.31703291197425,177.92424561522387,163.8265540612388,175.75314331054688,121257100,0.0,0.0,0.0
2020-03-18 00:00:00-04:00,165.5923968572682,172.93554840246654,160.95106464019284,170.4074249267578,114156300,0.0,0.0,0.0
2020-03-19 00:00:00-04:00,169.5292999164344,177.05578997469235,165.61166923622324,171.4302215576172,120896500,0.0,0.0,0.0
2020-03-20 00:00:00-04:00,175.3671781508033,176.45754397954283,164.13534264435782,164.71429443359375,118983900,0.0,0.0,0.0
2020-03-23 00:00:00-04:00,165.27804414127883,168.45945171990107,159.48576469527103,164.83323669433594,124639800,0.363,0.0,0.0
2020-03-24 00:00:00-04:00,173.97131867334846,177.76192084536183,172.07601020978743,177.5975341796875,94881800,0.0,0.0,0.0
2020-03-25 00:00:00-04:00,178.3324252548365,183.25440443543883,174.03898413470367,176.28240966796875,88754900,0.0,0.0,0.0
2020-03-26 00:00:00-04:00,177.80055736478263,186.3584300991781,177.54914511996395,185.56549072265625,79887600,0.0,0.0,0.0
2020-03-27 00:00:00-04:00,180.7595803315917,184.22140911200665,178.56452187363556,179.1833953857422,58845000,0.0,0.0,0.0
2020-03-30 00:00:00-04:00,180.88524282188635,186.13600897493228,180.18900847280727,185.7008514404297,49356900,0.0,0.0,0.0
2020-03-31 00:00:00-04:00,185.3914709047743,188.80494712957645,182.9546500421454,184.1150360107422,62659300,0.0,0.0,0.0
2020-04-01 00:00:00-04:00,178.67087204610723,181.4654745206506,174.88993494669364,176.2920684814453,53715400,0.0,0.0,0.0
2020-04-02 00:00:00-04:00,175.25741395249258,183.82495283753354,174.99632231094873,179.8699493408203,56465300,0.0,0.0,0.0
2020-04-03 00:00:00-04:00,179.42514044821738,180.89497055106096,175.30575032190822,177.3170928955078,47487600,0.0,0.0,0.0
2020-04-06 00:00:00-04:00,184.192364886487,191.1256857001796,182.94495350791703,189.9943084716797,64763500,0.0,0.0,0.0
2020-04-07 00:00:00-04:00,195.68989714974296,195.97033270687902,189.5301713039972,189.91696166992188,69904500,0.0,0.0,0.0
2020-04-08 00:00:00-04:00,191.60918008339542,194.52949580541807,189.69454284085995,193.94931030273438,45940400,0.0,0.0,0.0
2020-04-09 00:00:00-04:00,195.67055766231454,196.51183477923482,192.46014172469145,194.229736328125,68252600,0.0,0.0,0.0
2020-04-13 00:00:00-04:00,193.39815932541765,196.70526607926928,192.1894208296338,196.32814025878906,42853900,0.0,0.0,0.0
2020-04-14 00:00:00-04:00,200.38948171090428,205.48552690969478,199.60622159267746,204.8666534423828,63959600,0.0,0.0,0.0
2020-04-15 00:00:00-04:00,201.59822272188296,204.83764756079572,200.2831147423823,202.51686096191406,47036000,0.0,0.0,0.0
2020-04-16 00:00:00-04:00,204.70225135391578,207.2937791918744,202.76827007002805,206.21075439453125,64657400,0.0,0.0,0.0
2020-04-17 00:00:00-04:00,209.03439778088674,209.36317110901123,205.07940898198402,208.18344116210938,62863200,0.0,0.0,0.0
2020-04-20 00:00:00-04:00,206.3171197963169,208.75394029632267,205.55320369682732,205.71759033203125,38249100,0.0,0.0,0.0
2020-04-21 00:00:00-04:00,203.6482633250916,204.18977579882747,196.90833643604736,198.12673950195312,72932800,0.0,0.0,0.0
2020-04-22 00:00:00-04:00,202.19778959856612,205.34050981383967,201.4532025238246,204.0060577392578,40089100,0.0,0.0,0.0
2020-04-23 00:00:00-04:00,204.79894458489593,207.3614786768966,203.164742770203,203.5708770751953,43278500,0.0,0.0,0.0
2020-04-24 00:00:00-04:00,204.0060370812345,207.22611800788738,202.58455951662805,206.7812957763672,34231900,0.0,0.0,0.0
2020-04-27 00:00:00-04:00,209.05372792346557,209.47920620475813,207.4195112317317,208.44451904296875,36451700,0.0,0.0,0.0
2020-04-28 00:00:00-04:00,210.1464168820134,210.1464168820134,204.23810337134472,204.51852416992188,46862800,0.0,0.0,0.0
2020-04-29 00:00:00-04:00,209.05373910378628,212.70896307203586,208.0383958336929,211.77098083496094,48716400,0.0,0.0,0.0
2020-04-30 00:00:00-04:00,212.68962390255064,212.7766495334856,210.17545667096348,211.6839599609375,43359500,0.0,0.0,0.0
2020-05-01 00:00:00-04:00,207.4194885157066,209.51785639581223,204.69256787794438,205.71759033203125,48795000,0.0,0.0,0.0
2020-05-04 00:00:00-04:00,204.47987321712668,208.3381569178671,204.15108514385525,208.11575317382812,32841000,0.0,0.0,0.0
2020-05-05 00:00:00-04:00,210.26246532814477,212.87333733118777,209.6919443423713,210.47520446777344,37783100,0.0,0.0,0.0
2020-05-06 00:00:00-04:00,212.1577712449449,213.74363553405263,210.91035963090445,211.77098083496094,36455200,0.0,0.0,0.0
2020-05-07 00:00:00-04:00,214.4978790283203,215.3778293304014,213.14408322762208,214.4978790283203,38624800,0.0,0.0,0.0
2020-05-08 00:00:00-04:00,216.17079022473285,217.57292389436378,215.13610301531662,217.4375457763672,31852300,0.0,0.0,0.0
2020-05-11 00:00:00-04:00,216.11273114824314,220.40615695125044,215.88064809601084,219.3811492919922,35714100,0.0,0.0,0.0
2020-05-12 00:00:00-04:00,219.98068256659653,220.57054738435096,214.75892481390872,214.78793334960938,41054100,0.0,0.0,0.0
2020-05-13 00:00:00-04:00,215.31013208403812,217.19576081656356,209.55654092372475,212.09971618652344,65521200,0.0,0.0,0.0
2020-05-14 00:00:00-04:00,210.77493834615595,214.5461957140428,208.86030112516,214.5075225830078,51549300,0.0,0.0,0.0
2020-05-15 00:00:00-04:00,211.558260628477,215.95807202282296,211.12311768949985,215.90005493164062,55747200,0.0,0.0,0.0
2020-05-18 00:00:00-04:00,218.81066551524188,221.13143741092526,218.02740536932643,219.92269897460938,42398100,0.0,0.0,0.0
2020-05-19 00:00:00-04:00,220.18378968065005,222.26282863541914,219.22647828639006,219.37152099609375,36237300,0.0,0.0,0.0
2020-05-20 00:00:00-04:00,221.9243566253143,224.10975020660538,221.90501268067092,223.75196838378906,37417000,0.0,0.0,0.0
2020-05-21 00:00:00-04:00,223.8003281910067,224.47721872460826,220.80265114277663,221.31515502929688,43642900,0.0,0.0,0.0
2020-05-22 00:00:00-04:00,220.90900589344216,222.28213081383024,219.99036774837126,222.07907104492188,28762400,0.0,0.0,0.0
2020-05-26 00:00:00-04:00,225.65694476711136,225.8600193013413,221.2377902948398,221.4795379638672,33055300,0.0,0.0,0.0
2020-05-27 00:00:00-04:00,221.1411171091804,222.8043423805733,216.54791104396233,222.68829345703125,55665600,0.0,0.0,0.0
2020-05-28 00:00:00-04:00,221.5472368333935,225.76331681786388,221.48921975300513,222.398193359375,42784300,0.0,0.0,0.0
2020-05-29 00:00:00-04:00,222.77530866584394,225.8890197112596,221.20877379345504,225.6569366455078,50691800,0.0,0.0,0.0
2020-06-01 00:00:00-04:00,224.78662527337343,226.71092698632458,224.34180313697655,226.33380126953125,25776000,0.0,0.0,0.0
2020-06-02 00:00:00-04:00,226.7593160658992,227.91003734406564,224.35150394380872,227.85202026367188,33383400,0.0,0.0,0.0
2020-06-03 00:00:00-04:00,228.46118528628816,229.63125036070542,227.58123508713024,228.8769989013672,37228700,0.0,0.0,0.0
2020-06-04 00:00:00-04:00,228.52889556975194,229.940693615642,225.96636156724597,227.2718048095703,38716100,0.0,0.0,0.0
2020-06-05 00:00:00-04:00,228.4225410172492,232.36786478656794,227.85202005376001,231.7779998779297,47365600,0.0,0.0,0.0
2020-06-08 00:00:00-04:00,231.63295356434315,233.70231314163112,230.05676870388527,233.5766143798828,32937300,0.0,0.0,0.0
2020-06-09 00:00:00-04:00,232.71600479278536,236.11980171670766,232.53227418366006,235.26885986328125,35046300,0.0,0.0,0.0
2020-06-10 00:00:00-04:00,236.96106046033228,239.63962867787012,236.4388772492784,238.09243774414062,58084400,0.0,0.0,0.0
2020-06-11 00:00:00-04:00,234.16645387371145,235.54924338845026,226.23713368000858,226.29515075683594,72919400,0.0,0.0,0.0
2020-06-12 00:00:00-04:00,231.19784346360566,232.4645991419212,224.09046942535227,228.09381103515625,72034800,0.0,0.0,0.0
2020-06-15 00:00:00-04:00,224.76733960210495,231.5459396682621,223.8293573636854,230.86904907226562,45307400,0.0,0.0,0.0
2020-06-16 00:00:00-04:00,235.73298871530136,236.32285362512326,231.2074793783913,234.8336944580078,48890100,0.0,0.0,0.0
2020-06-17 00:00:00-04:00,236.33254448666048,237.39624026361216,234.71767162900375,235.5782928466797,34749300,0.0,0.0,0.0
2020-06-18 00:00:00-04:00,235.2591503784496,236.4582241046069,234.48556965716767,236.2164764404297,30578600,0.0,0.0,0.0
2020-06-19 00:00:00-04:00,238.5856234502923,238.84671508404108,234.44690422357667,236.17782592773438,49422100,0.0,0.0,0.0
2020-06-22 00:00:00-04:00,236.04607355170864,239.1361407445297,235.7554836683696,239.01022338867188,24068700,0.424,0.0,0.0
2020-06-23 00:00:00-04:00,240.608518743907,243.28204904570222,240.05638320344318,241.04441833496094,32767400,0.0,0.0,0.0
2020-06-24 00:00:00-04:00,240.28888100367362,241.51909913034856,234.57371956987632,236.07516479492188,46032400,0.0,0.0,0.0
2020-06-25 00:00:00-04:00,236.1622984838512,238.62271950550038,233.58562674080022,238.3224334716797,36940800,0.0,0.0,0.0
2020-06-26 00:00:00-04:00,238.0802735595869,238.2546422572769,232.1713666955086,232.6944580078125,52824600,0.0,0.0,0.0
2020-06-29 00:00:00-04:00,232.4522461120428,235.2420265029997,229.91432992795822,235.23233032226562,34377800,0.0,0.0,0.0
2020-06-30 00:00:00-04:00,235.16455788560202,240.38570053569558,234.9805077997424,239.84324645996094,38909200,0.0,0.0,0.0
2020-07-01 00:00:00-04:00,239.8820238197855,243.6404773249288,239.33956966043849,242.6427459716797,34689200,0.0,0.0,0.0
2020-07-02 00:00:00-04:00,245.09345897673776,246.3042992998255,243.82450068306434,244.28945922851562,31956500,0.0,0.0,0.0
2020-07-06 00:00:00-04:00,247.44732868695596,250.81830405164166,247.42795110292025,250.2952423095703,34589000,0.0,0.0,0.0
2020-07-07 00:00:00-04:00,250.04343074472416,252.70728005143363,248.27074356070716,248.57102966308594,36578200,0.0,0.0,0.0
2020-07-08 00:00:00-04:00,249.898142185492,251.87421280113145,248.46449624337626,251.84515380859375,30426300,0.0,0.0,0.0
2020-07-09 00:00:00-04:00,253.7630635507408,254.63486263950912,249.55902964849918,253.9664764404297,40312900,0.0,0.0,0.0
2020-07-10 00:00:00-04:00,253.8212127435984,255.9523037218865,251.13800099680589,255.700439453125,32885300,0.0,0.0,0.0
2020-07-13 00:00:00-04:00,258.54831865405663,261.3380995163329,249.61715915874262,250.44053649902344,64108100,0.0,0.0,0.0
2020-07-14 00:00:00-04:00,247.91231852710465,252.62008173062853,244.84162881397876,252.21322631835938,72230500,0.0,0.0,0.0
2020-07-15 00:00:00-04:00,253.62749708659226,254.46057077383657,249.4234621593691,252.7266387939453,54523900,0.0,0.0,0.0
2020-07-16 00:00:00-04:00,249.9368500433099,251.64172298182658,247.61204212085593,251.0023956298828,47594100,0.0,0.0,0.0
2020-07-17 00:00:00-04:00,251.45767228482893,252.1551176161374,249.1135015612203,251.2930145263672,35137900,0.0,0.0,0.0
2020-07-20 00:00:00-04:00,251.93224784352324,259.0519942866345,250.68268201425417,258.42236328125,40610100,0.0,0.0,0.0
2020-07-21 00:00:00-04:00,259.9915824259109,260.00127860647626,254.88669116589043,255.72943115234375,43243800,0.0,0.0,0.0
2020-07-22 00:00:00-04:00,256.2234843029889,257.5602566230333,254.3248655717379,256.63031005859375,29865500,0.0,0.0,0.0
2020-07-23 00:00:00-04:00,256.22350897272884,256.93062080320516,248.51285649821116,249.92713928222656,51363500,0.0,0.0,0.0
2020-07-24 00:00:00-04:00,246.08149281997981,248.88095504186902,243.44671788828902,247.5538787841797,54054500,0.0,0.0,0.0
2020-07-27 00:00:00-04:00,249.2006350853051,252.35848655129203,248.41601291957087,251.9710235595703,36445700,0.0,0.0,0.0
2020-07-28 00:00:00-04:00,251.18642082777143,251.70951216590885,248.4741501143434,248.76473999023438,31302400,0.0,0.0,0.0
2020-07-29 00:00:00-04:00,250.3049425830365,252.49415166966088,249.83030256609203,251.63201904296875,27556900,0.0,0.0,0.0
2020-07-30 00:00:00-04:00,249.66557351567874,253.51120348844108,248.5128511859053,252.9493865966797,41774500,0.0,0.0,0.0
2020-07-31 00:00:00-04:00,257.5797064284189,257.6184616054099,252.67822597367353,257.4634704589844,53686300,0.0,0.0,0.0
2020-08-03 00:00:00-04:00,259.60420634586166,261.6868461187918,259.4782742024899,260.94097900390625,32081600,0.0,0.0,0.0
2020-08-04 00:00:00-04:00,260.43720619843725,262.0064800706221,259.69133921022785,261.90960693359375,24911300,0.0,0.0,0.0
2020-08-05 00:00:00-04:00,262.3939665252811,263.01390144695273,261.502774971057,262.5586242675781,21612100,0.0,0.0,0.0
2020-08-06 00:00:00-04:00,262.3649473850985,266.36556946138217,261.7256200002687,266.0362243652344,28048200,0.0,0.0,0.0
2020-08-07 00:00:00-04:00,265.49364364673687,266.26859908550324,260.8149702788895,262.9654235839844,44969400,0.0,0.0,0.0
2020-08-10 00:00:00-04:00,263.2561114656421,263.4595539724637,258.3159054252464,261.84185791015625,35088400,0.0,0.0,0.0
2020-08-11 00:00:00-04:00,260.6793808998034,261.9677315758799,256.33974804109954,256.8822021484375,43104300,0.0,0.0,0.0
2020-08-12 00:00:00-04:00,259.0423534851985,264.2925406753799,258.9939021343989,263.3432312011719,38773400,0.0,0.0,0.0
2020-08-13 00:00:00-04:00,264.11820158123584,266.2202039871433,263.00423431178166,263.94384765625,31895700,0.0,0.0,0.0
2020-08-14 00:00:00-04:00,264.5637365798614,264.83496360319526,262.2389292996389,263.6338195800781,30799500,0.0,0.0,0.0
2020-08-17 00:00:00-04:00,265.3484164637549,267.19858424651596,263.67263217517814,266.69488525390625,24803000,0.0,0.0,0.0
2020-08-18 00:00:00-04:00,267.7604105776569,269.73648078833924,266.29770594275635,269.2618408203125,23529500,0.0,0.0,0.0
2020-08-19 00:00:00-04:00,269.22306611149605,270.2789152960766,266.93701383549336,267.4504089355469,31999400,0.0,0.0,0.0
2020-08-20 00:00:00-04:00,266.656140618478,271.644797632191,266.24928519801796,271.16046142578125,27723400,0.0,0.0,0.0
2020-08-21 00:00:00-04:00,271.35419240813627,273.49495004233717,270.7051689211252,273.0396728515625,34748900,0.0,0.0,0.0
2020-08-24 00:00:00-04:00,276.3138124882451,277.04031681555864,272.45848554914807,274.74456787109375,36418500,0.0,0.0,0.0
2020-08-25 00:00:00-04:00,273.96964744347974,277.09847045792617,273.5240663426138,276.90472412109375,34866600,0.0,0.0,0.0
2020-08-26 00:00:00-04:00,278.15425652465717,283.0654323833306,276.87560194106163,282.8135681152344,42216700,0.0,0.0,0.0
2020-08-27 00:00:00-04:00,283.7919624577974,284.64439892441595,279.6654084541834,281.9320983886719,49482700,0.0,0.0,0.0
2020-08-28 00:00:00-04:00,283.17194586403986,283.99532318892926,281.81581062620904,283.3656921386719,28021000,0.0,0.0,0.0
2020-08-31 00:00:00-04:00,283.8888256925662,287.45353300882533,283.4529112905165,285.6421203613281,36321000,0.0,0.0,0.0
2020-09-01 00:00:00-04:00,288.29632733053046,290.6405279714574,286.52366952358227,290.5242919921875,36216200,0.0,0.0,0.0
2020-09-02 00:00:00-04:00,293.7788758561768,293.99198490248807,287.5890764554297,293.2751770019531,50836800,0.0,0.0,0.0
2020-09-03 00:00:00-04:00,288.7612378748852,289.2649368624561,275.50011083512953,278.4061279296875,110083300,0.0,0.0,0.0
2020-09-04 00:00:00-04:00,276.6140879495929,279.878509205039,263.28514627695944,274.69610595703125,123959000,0.0,0.0,0.0
2020-09-08 00:00:00-04:00,263.691978538295,269.50401242314916,261.2121797790132,261.49310302734375,99568600,0.0,0.0,0.0
2020-09-09 00:00:00-04:00,267.0048054272503,271.2766235915933,264.4474967635202,269.17462158203125,64837900,0.0,0.0,0.0
2020-09-10 00:00:00-04:00,272.1387528026445,273.35928915615955,262.08393128080337,263.80816650390625,69667500,0.0,0.0,0.0
2020-09-11 00:00:00-04:00,265.5615483841543,266.5980350087326,258.5386730653531,261.97747802734375,71809000,0.0,0.0,0.0
2020-09-14 00:00:00-04:00,265.76490043145276,268.5353183979086,264.40876521360366,266.53985595703125,38525200,0.0,0.0,0.0
2020-09-15 00:00:00-04:00,270.28856797332867,271.6640953272488,266.5107527921758,270.317626953125,41849900,0.0,0.0,0.0
2020-09-16 00:00:00-04:00,271.11203300592075,271.5769768333315,265.6584027251451,266.0071105957031,42321000,0.0,0.0,0.0
2020-09-17 00:00:00-04:00,259.168199882841,265.8036094587456,258.3254599138046,261.8514404296875,81570800,0.0,0.0,0.0
2020-09-18 00:00:00-04:00,263.27546343707536,263.56605331431973,254.40242125963064,258.50958251953125,86251100,0.0,0.0,0.0
2020-09-21 00:00:00-04:00,254.2474901338005,259.2652069418308,251.96140750106414,259.1296081542969,57168600,0.0,0.0,0.0
2020-09-22 00:00:00-04:00,261.53183344781183,264.52502740620275,258.18993163944924,263.94384765625,41128900,0.0,0.0,0.0
2020-09-23 00:00:00-04:00,263.62415784645265,263.80820794649986,255.00298037660602,255.8844757080078,48837300,0.0,0.0,0.0
2020-09-24 00:00:00-04:00,253.20123895868878,260.282230331333,253.0365516786492,257.075927734375,70631700,0.0,0.0,0.0
2020-09-25 00:00:00-04:00,257.57968021793397,263.8663546046262,256.0201022892826,263.05267333984375,55242400,0.0,0.0,0.0
2020-09-28 00:00:00-04:00,267.9153895133772,268.5159912109375,263.1592342187727,268.5159912109375,58438300,0.0,0.0,0.0
2020-09-29 00:00:00-04:00,267.95416977163757,269.0100192002007,266.7433292028904,267.30517578125,27050000,0.0,0.0,0.0
2020-09-30 00:00:00-04:00,267.49886663759037,272.2841104669219,267.22763955891116,269.13592529296875,49380800,0.0,0.0,0.0
2020-10-01 00:00:00-04:00,272.9621339311528,274.01798302922447,271.073211410544,273.40771484375,50020200,0.0,0.0,0.0
2020-10-02 00:00:00-04:00,267.3728823188146,273.39802441214164,264.8737211217017,265.7164611816406,75497400,0.0,0.0,0.0
2020-10-05 00:00:00-04:00,267.6829044021858,271.7028886034737,267.57636463690346,271.38323974609375,28184600,0.0,0.0,0.0
2020-10-06 00:00:00-04:00,270.69546812594973,272.3809483565957,265.6583606750467,266.53985595703125,49704200,0.0,0.0,0.0
2020-10-07 00:00:00-04:00,269.1843835919814,271.94507624343674,268.59347806439814,271.1507873535156,27539700,0.0,0.0,0.0
2020-10-08 00:00:00-04:00,273.5530924715005,273.62090663739855,271.52857060945803,272.5941162109375,25443300,0.0,0.0,0.0
2020-10-09 00:00:00-04:00,274.24072415408506,276.8367876605839,273.8532612544884,276.75927734375,30201100,0.0,0.0,0.0
2020-10-12 00:00:00-04:00,281.44771331389154,288.1412421777684,280.4015602801821,285.30303955078125,79370700,0.0,0.0,0.0
2020-10-13 00:00:00-04:00,287.10480757675845,287.74410530374576,283.92753393870277,285.2933654785156,64240000,0.0,0.0,0.0
2020-10-14 00:00:00-04:00,286.09734020611853,287.06601240619915,281.1668022550917,282.910400390625,36949100,0.0,0.0,0.0
2020-10-15 00:00:00-04:00,278.20272726834946,281.6027473169491,277.5633999319928,281.0118713378906,42514200,0.0,0.0,0.0
2020-10-16 00:00:00-04:00,282.6586522859257,284.0826021875186,279.12300321535713,279.47174072265625,40570700,0.0,0.0,0.0
2020-10-19 00:00:00-04:00,281.38959956904,282.3486052226681,273.93084079206454,274.9091796875,36756800,0.0,0.0,0.0
2020-10-20 00:00:00-04:00,275.64541701865875,278.60955221106565,274.08586863718256,275.5001220703125,32195400,0.0,0.0,0.0
2020-10-21 00:00:00-04:00,275.75189951935243,278.3188746702345,274.80259021987325,275.28692626953125,29306100,0.0,0.0,0.0
2020-10-22 00:00:00-04:00,276.12005348352017,277.0209412747444,272.02258818520977,275.2773132324219,32196200,0.0,0.0,0.0
2020-10-23 00:00:00-04:00,275.8488526932374,275.98448103056853,272.95253142506914,275.8197937011719,24658500,0.0,0.0,0.0
2020-10-26 00:00:00-04:00,273.5337004338927,276.36220711569626,268.0897666062739,271.68353271484375,38421100,0.0,0.0,0.0
2020-10-27 00:00:00-04:00,272.6812377681638,274.6282784460207,271.4219756705786,273.8049011230469,30559100,0.0,0.0,0.0
2020-10-28 00:00:00-04:00,269.30059528503784,269.9108635632085,262.8782932132911,263.1301574707031,53413500,0.0,0.0,0.0
2020-10-29 00:00:00-04:00,264.4475404416685,270.73421426940075,263.98256709104777,267.7313537597656,43246300,0.0,0.0,0.0
2020-10-30 00:00:00-04:00,265.7455858888981,266.61738514715535,258.7033480977137,260.94097900390625,65838300,0.0,0.0,0.0
2020-11-02 00:00:00-05:00,263.3335682160116,264.951234387495,258.60644270616984,261.52215576171875,39987400,0.0,0.0,0.0
2020-11-03 00:00:00-05:00,263.44010658842643,268.1478692697594,262.3551983580953,266.04583740234375,43604100,0.0,0.0,0.0
2020-11-04 00:00:00-05:00,274.70566353946685,279.7233769408755,273.03954667101783,277.9216613769531,75728200,0.0,0.0,0.0
2020-11-05 00:00:00-05:00,284.33446769415065,286.1362141059456,282.8523997954921,285.16754150390625,52054200,0.0,0.0,0.0
2020-11-06 00:00:00-05:00,284.5087549740563,286.1070584804433,280.7503014293423,285.38055419921875,40959800,0.0,0.0,0.0
2020-11-09 00:00:00-05:00,288.3253648558091,289.7687069883778,279.09391707667095,279.5491943359375,86537100,0.0,0.0,0.0
2020-11-10 00:00:00-05:00,276.23622223455163,277.6795341331725,271.82874665850545,274.5410461425781,69024900,0.0,0.0,0.0
2020-11-11 00:00:00-05:00,277.0693367959135,281.15713508451313,274.5023611131332,280.6824951171875,36102900,0.0,0.0,0.0
2020-11-12 00:00:00-05:00,281.65113299017105,282.9200911831829,278.25108417296354,279.36505126953125,34414600,0.0,0.0,0.0
2020-11-13 00:00:00-05:00,281.07968600439443,282.4358214650626,278.8517217261563,281.81585693359375,24806900,0.0,0.0,0.0
2020-11-16 00:00:00-05:00,281.5155185664531,284.3149954988351,280.90525033211213,284.01470947265625,30168400,0.0,0.0,0.0
2020-11-17 00:00:00-05:00,284.2084962203311,284.5378413120914,282.47456422524976,283.1138916015625,21843500,0.0,0.0,0.0
2020-11-18 00:00:00-05:00,282.56176059311866,284.1794270021254,280.9343684385514,281.02154541015625,28069600,0.0,0.0,0.0
2020-11-19 00:00:00-05:00,280.4693118568789,283.5303190628641,279.8009257816925,283.2203369140625,22718400,0.0,0.0,0.0
2020-11-20 00:00:00-05:00,283.1429461271699,283.88884283520537,281.1959345988986,281.2831115722656,25907300,0.0,0.0,0.0
2020-11-23 00:00:00-05:00,282.2807595770193,283.5787767326993,279.0453980884088,281.292724609375,26875600,0.0,0.0,0.0
2020-11-24 00:00:00-05:00,282.3583101873505,285.7389969863995,280.5565937015867,285.2449645996094,24516800,0.0,0.0,0.0
2020-11-25 00:00:00-05:00,286.3105113640674,287.63758783613304,285.3612017599633,286.9982604980469,23326800,0.0,0.0,0.0
2020-11-27 00:00:00-05:00,288.964617792743,290.7663635575965,288.5674586211273,289.6427001953125,17163100,0.0,0.0,0.0
2020-11-30 00:00:00-05:00,289.9624154672609,290.57268385708966,285.54527134088045,290.233642578125,27836200,0.0,0.0,0.0
2020-12-01 00:00:00-05:00,292.5099957388558,295.580700148202,291.4056950513416,293.95330810546875,27521300,0.0,0.0,0.0
2020-12-02 00:00:00-05:00,292.7811732509541,294.6700958707334,290.9407019782251,294.3310546875,23620000,0.0,0.0,0.0
2020-12-03 00:00:00-05:00,294.6410798606101,296.2975012915029,294.0211153709579,294.74761962890625,22828700,0.0,0.0,0.0
2020-12-04 00:00:00-05:00,294.7960385433814,296.0940854857261,294.11798564616987,295.9487609863281,19332100,0.0,0.0,0.0
2020-12-07 00:00:00-05:00,296.1328698209115,297.9927340790059,295.9488196759397,297.6246337890625,20851000,0.0,0.0,0.0
2020-12-08 00:00:00-05:00,297.14992110433025,298.9322745703319,295.39662662456385,298.6319885253906,18341500,0.0,0.0,0.0
2020-12-09 00:00:00-05:00,298.4189011189299,298.69979481909945,290.8051209953174,291.87066650390625,48839300,0.0,0.0,0.0
2020-12-10 00:00:00-05:00,289.83645194283537,294.16641862505844,288.7515436168122,293.0427551269531,27519500,0.0,0.0,0.0
2020-12-11 00:00:00-05:00,291.38627991776616,292.51963939028485,289.1195905342581,292.3937072753906,26760400,0.0,0.0,0.0
2020-12-14 00:00:00-05:00,293.5851595978105,296.4621172361134,293.51737501005834,294.5151062011719,28804800,0.0,0.0,0.0
2020-12-15 00:00:00-05:00,296.7721080967041,297.6632995605469,294.58289938451566,297.6632995605469,25709000,0.0,0.0,0.0
2020-12-16 00:00:00-05:00,298.060454741345,300.08497613934964,297.0142721864003,299.30035400390625,25461900,0.0,0.0,0.0
2020-12-17 00:00:00-05:00,300.89870654445417,301.4895825075327,299.69756225128793,301.2571105957031,23730500,0.0,0.0,0.0
2020-12-18 00:00:00-05:00,301.8964086719276,302.2063908986977,297.97326817060343,300.3465270996094,41173400,0.0,0.0,0.0
2020-12-21 00:00:00-05:00,297.3973631952513,300.3183610169851,294.621953268842,299.7846374511719,37095500,0.561,0.0,0.0
2020-12-22 00:00:00-05:00,300.6871579747628,301.52171194012516,297.77587362376966,300.5998229980469,26176300,0.0,0.0,0.0
2020-12-23 00:00:00-05:00,300.6482817716124,301.0073353758308,298.9306349561173,299.0859069824219,21201300,0.0,0.0,0.0
2020-12-24 00:00:00-05:00,299.3479680874845,300.8521198511875,299.27034686730997,300.4057312011719,16785000,0.0,0.0,0.0
2020-12-28 00:00:00-05:00,303.01619467615234,303.90900161906035,301.1820712281084,303.4334716796875,22497700,0.0,0.0,0.0
2020-12-29 00:00:00-05:00,304.7628715044697,305.38395957848456,302.8026177991903,303.7051086425781,25871900,0.0,0.0,0.0
2020-12-30 00:00:00-05:00,304.86974730737415,305.1899756041934,303.09384699783345,303.7149353027344,18138100,0.0,0.0,0.0
2020-12-31 00:00:00-05:00,303.61789034040464,304.94737234171106,302.54072916800163,304.462158203125,21611400,0.0,0.0,0.0
2021-01-04 00:00:00-05:00,305.79155655946084,305.966256109057,296.15521351065706,300.1630859375,45305900,0.0,0.0,0.0
2021-01-05 00:00:00-05:00,299.17328947709655,302.9094436130417,299.17328947709655,302.6376953125,29323400,0.0,0.0,0.0
2021-01-06 00:00:00-05:00,297.9214865515366,302.65718136934197,296.931660352125,298.4455261230469,52809600,0.0,0.0,0.0
2021-01-07 00:00:00-05:00,301.10444220290645,306.500020294038,301.07533054330065,305.66546630859375,30394800,0.0,0.0,0.0
2021-01-08 00:00:00-05:00,307.9556467648449,309.9450421199518,305.7624698029127,309.5956726074219,33955800,0.0,0.0,0.0
2021-01-11 00:00:00-05:00,306.63584404063437,307.81005360519407,304.4717789819677,305.1219787597656,32746400,0.0,0.0,0.0
2021-01-12 00:00:00-05:00,305.16078959774694,306.24766425141934,301.9972143626177,304.63677978515625,29266800,0.0,0.0,0.0
2021-01-13 00:00:00-05:00,304.89879396623417,307.48982029708924,304.29713330858584,306.694091796875,22898400,0.0,0.0,0.0
2021-01-14 00:00:00-05:00,307.14049162666987,308.14003137848067,304.57854724429166,305.0540771484375,23500100,0.0,0.0,0.0
2021-01-15 00:00:00-05:00,304.8405860696371,305.8013004189801,301.3955485198215,302.6376953125,35118700,0.0,0.0,0.0
2021-01-19 00:00:00-05:00,304.95703335116684,307.5577735764941,303.8604448492262,307.05316162109375,24537000,0.0,0.0,0.0
2021-01-20 00:00:00-05:00,310.6728363000391,315.1367814390543,307.150177897075,314.1954650878906,30728100,0.0,0.0,0.0
2021-01-21 00:00:00-05:00,315.53462233309995,317.45608021565903,314.1566313145356,316.7088317871094,25130600,0.0,0.0,0.0
2021-01-22 00:00:00-05:00,315.670592527244,316.8059769189991,315.1077275955915,315.7967529296875,21609400,0.0,0.0,0.0
2021-01-25 00:00:00-05:00,319.18349522307534,320.5518023348643,311.90528480831307,318.4071350097656,39080600,0.0,0.0,0.0
2021-01-26 00:00:00-05:00,319.12527609679165,320.0083691925185,317.543473607474,318.8729553222656,25498100,0.0,0.0,0.0
2021-01-27 00:00:00-05:00,316.6119905466359,316.62167469269644,307.97515378667185,309.98394775390625,55264000,0.0,0.0,0.0
2021-01-28 00:00:00-05:00,311.1873121310274,316.76727586267407,310.56622369172237,311.8180847167969,42836300,0.0,0.0,0.0
2021-01-29 00:00:00-05:00,310.12944314408304,311.23574555021344,303.511145071088,305.2579040527344,55259000,0.0,0.0,0.0
2021-02-01 00:00:00-05:00,308.7029249278173,313.9723729785077,306.6747333830526,312.885498046875,35646000,0.0,0.0,0.0
2021-02-02 00:00:00-05:00,315.85488351820993,319.14461869898616,315.68989774458026,317.98980712890625,33930800,0.0,0.0,0.0
2021-02-03 00:00:00-05:00,320.0665767609733,320.4353441471031,316.67007868994455,316.7283020019531,24824500,0.0,0.0,0.0
2021-02-04 00:00:00-05:00,318.12573230119,320.56148658252033,316.8059347456866,320.4741516113281,22350900,0.0,0.0,0.0
2021-02-05 00:00:00-05:00,321.42522112926486,322.5703192674995,319.785195145218,321.5610656738281,22732000,0.0,0.0,0.0
2021-02-08 00:00:00-05:00,323.24960653136196,323.87066511645946,321.6095806706244,323.71539306640625,20462800,0.0,0.0,0.0
2021-02-09 00:00:00-05:00,322.7837353416083,324.9089748907079,322.77402158541275,323.6474304199219,17597500,0.0,0.0,0.0
2021-02-10 00:00:00-05:00,325.0837227656463,325.5398251895536,319.7560815961624,322.90997314453125,28068700,0.0,0.0,0.0
2021-02-11 00:00:00-05:00,324.44324500233137,325.09344492282906,322.2986069862676,324.68585205078125,22046100,0.0,0.0,0.0
2021-02-12 00:00:00-05:00,323.84158642690625,326.66553604356756,322.793537001244,326.5005798339844,20346800,0.0,0.0,0.0
2021-02-16 00:00:00-05:00,327.29631453984234,328.1891215313722,324.4529669677194,325.61749267578125,27080800,0.0,0.0,0.0
2021-02-17 00:00:00-05:00,322.6382065694726,325.73387433759797,320.4062339586188,324.0550231933594,31360300,0.0,0.0,0.0
2021-02-18 00:00:00-05:00,320.46449507390537,323.99683810078176,318.64976957687827,322.63824462890625,32236200,0.0,0.0,0.0
2021-02-19 00:00:00-05:00,323.98712196042925,324.11328235601803,320.2121719265049,321.2311096191406,39157700,0.0,0.0,0.0
2021-02-22 00:00:00-05:00,316.8448438032678,318.1063887625613,312.7011255733182,312.9049072265625,47256900,0.0,0.0,0.0
2021-02-23 00:00:00-05:00,307.62567744455066,313.6423429188487,301.80310941720904,311.97320556640625,97241900,0.0,0.0,0.0
2021-02-24 00:00:00-05:00,309.3142392312998,314.8554049355701,306.6164503317963,314.54486083984375,58206300,0.0,0.0,0.0
2021-02-25 00:00:00-05:00,311.8859018058299,314.4478165943364,302.0360328819496,303.5790100097656,110182600,0.0,0.0,0.0
2021-02-26 00:00:00-05:00,306.5097964801981,309.6733727237934,301.68676645573515,304.8503723144531,104739800,0.0,0.0,0.0
2021-03-01 00:00:00-05:00,309.8285566533543,314.3604687329603,308.53790036171097,314.02081298828125,49164500,0.0,0.0,0.0
2021-03-02 00:00:00-05:00,314.66126235235896,314.7388835576029,308.7319618013117,308.9842529296875,48370000,0.0,0.0,0.0
2021-03-03 00:00:00-05:00,307.88776772680876,308.82908433687646,299.9593853153674,300.0176086425781,86301100,0.0,0.0,0.0
2021-03-04 00:00:00-05:00,299.64871195408085,302.81231623897327,291.2350894185678,295.10711669921875,139131600,0.0,0.0,0.0
2021-03-05 00:00:00-05:00,297.7273481302888,300.45424889515215,288.65386851150015,299.5517578125,121523700,0.0,0.0,0.0
2021-03-08 00:00:00-05:00,299.00825338693573,300.890885967631,290.6528830037879,291.0701599121094,88409800,0.0,0.0,0.0
2021-03-09 00:00:00-05:00,298.37749497943514,304.4523836677571,297.84377143149953,302.5503234863281,80391100,0.0,0.0,0.0
2021-03-10 00:00:00-05:00,306.81053492955095,307.1113652549474,300.99768040417115,301.6866760253906,76798100,0.0,0.0,0.0
2021-03-11 00:00:00-05:00,306.43211867842854,310.40116667796013,305.539341270456,308.635009765625,53484800,0.0,0.0,0.0
2021-03-12 00:00:00-05:00,304.57853477670074,308.8193302488684,302.1816059141172,306.1312255859375,69315600,0.0,0.0,0.0
2021-03-15 00:00:00-04:00,306.4515006835125,309.5665666196471,304.8114748108951,309.4015808105469,42955700,0.0,0.0,0.0
2021-03-16 00:00:00-04:00,311.5947202329633,314.6127666863482,309.6635780067387,311.09979248046875,54925900,0.0,0.0,0.0
2021-03-17 00:00:00-04:00,308.0624411751943,314.27317567651005,306.3447643229123,312.3808288574219,78258700,0.0,0.0,0.0
2021-03-18 00:00:00-04:00,307.499625364563,308.47976747120003,302.3563669750398,302.8124694824219,82718100,0.0,0.0,0.0
2021-03-19 00:00:00-04:00,302.64738972382185,305.4228293330054,300.5027520361212,303.8798522949219,78446200,0.0,0.0,0.0
2021-03-22 00:00:00-04:00,306.27496598996237,311.6482099668909,306.27496598996237,309.5785827636719,56194800,0.395,0.0,0.0
2021-03-23 00:00:00-04:00,310.66688793165434,311.9883228995486,307.41184168960564,308.22802734375,53455400,0.0,0.0,0.0
2021-03-24 00:00:00-04:00,309.5980522025797,309.63692665692946,302.88392094777663,303.0296630859375,64803700,0.0,0.0,0.0
2021-03-25 00:00:00-04:00,301.18350900311214,304.020750952455,298.676655417424,302.50494384765625,78729000,0.0,0.0,0.0
2021-03-26 00:00:00-04:00,302.29108101563367,307.3631130499836,300.891927372287,307.04248046875,63519600,0.0,0.0,0.0
2021-03-29 00:00:00-04:00,306.508186738678,308.0045121611311,303.6126478940597,306.95513916015625,54608000,0.0,0.0,0.0
2021-03-30 00:00:00-04:00,304.99238280868605,305.9834588710033,302.70899076791363,305.4101867675781,44635700,0.0,0.0,0.0
2021-03-31 00:00:00-04:00,307.1979890481798,311.6481492473533,306.8579043761493,310.08380126953125,55032500,0.0,0.0,0.0
2021-04-01 00:00:00-04:00,313.9121484469208,315.50564499647913,313.65950901183203,315.36962890625,55685600,0.0,0.0,0.0
2021-04-05 00:00:00-04:00,317.8570885839044,322.4335693371832,317.61417515205807,321.66595458984375,42172500,0.0,0.0,0.0
2021-04-06 00:00:00-04:00,321.3550596024746,323.39550878206416,320.6651640811654,321.4425048828125,33537200,0.0,0.0,0.0
2021-04-07 00:00:00-04:00,320.9663764505816,323.0554557758428,320.0335971350939,322.2198181152344,32046400,0.0,0.0,0.0
2021-04-08 00:00:00-04:00,325.07650726845895,325.76637319412697,324.2797440007736,325.5817565917969,29940800,0.0,0.0,0.0
2021-04-09 00:00:00-04:00,324.2214035847813,327.758237330556,323.48296692718856,327.5541687011719,36664900,0.0,0.0,0.0
2021-04-12 00:00:00-04:00,326.5145623252168,327.5445130159357,325.2416981762619,327.126708984375,25833000,0.0,0.0,0.0
2021-04-13 00:00:00-04:00,328.65213334600145,331.4116262566293,328.4383683489273,330.94525146484375,30374000,0.0,0.0,0.0
2021-04-14 00:00:00-04:00,331.18816484572426,331.31448456932304,326.15500586820826,326.97119140625,42564300,0.0,0.0,0.0
2021-04-15 00:00:00-04:00,329.84728173217786,332.3152904254535,326.6894072166839,331.9266052246094,36342800,0.0,0.0,0.0
2021-04-16 00:00:00-04:00,332.4512931924365,332.5290420904946,330.4399630035412,332.3152770996094,40860100,0.0,0.0,0.0
2021-04-19 00:00:00-04:00,330.7412852469159,331.89752610756847,327.3501929722745,329.2740783691406,34533100,0.0,0.0,0.0
2021-04-20 00:00:00-04:00,328.61332253604616,329.89588299862584,324.9015979540993,326.8740539550781,38081800,0.0,0.0,0.0
2021-04-21 00:00:00-04:00,325.59146651753497,329.85704090960644,324.5032190118415,329.67242431640625,36598100,0.0,0.0,0.0
2021-04-22 00:00:00-04:00,329.2837691370076,330.2651193071861,324.54209386845037,325.6983642578125,45936100,0.0,0.0,0.0
2021-04-23 00:00:00-04:00,326.32992548717107,331.1104454433761,326.32992548717107,329.7987365722656,36381900,0.0,0.0,0.0
2021-04-26 00:00:00-04:00,330.0415817066981,332.2278022427598,329.29338947897037,331.9460144042969,30812000,0.0,0.0,0.0
2021-04-27 00:00:00-04:00,332.2375686589961,332.4513336759121,329.55582439975575,330.5080261230469,33187200,0.0,0.0,0.0
2021-04-28 00:00:00-04:00,330.17772335525063,331.18825175670855,328.7396648475038,329.39068603515625,33615700,0.0,0.0,0.0
2021-04-29 00:00:00-04:00,332.66506878814187,333.0828727578449,327.350121922738,330.5760192871094,37708900,0.0,0.0,0.0
2021-04-30 00:00:00-04:00,328.1275434684057,330.614975152807,327.4959446929515,328.4093017578125,38263400,0.0,0.0,0.0
2021-05-03 00:00:00-04:00,329.61408324517794,330.36224589185053,326.21329541982067,326.6602478027344,29729700,0.0,0.0,0.0
2021-05-04 00:00:00-04:00,324.1048695360609,324.4255319255301,316.9632075061266,320.7818298339844,65147000,0.0,0.0,0.0
2021-05-05 00:00:00-04:00,322.8319734771702,323.69675958816697,318.92593589510784,319.7032470703125,46219300,0.0,0.0,0.0
2021-05-06 00:00:00-04:00,319.4409279969062,322.2684442479287,317.1964099841654,322.11297607421875,46814300,0.0,0.0,0.0
2021-05-07 00:00:00-04:00,324.89184909704045,327.10721838902833,322.2878242481722,324.7266845703125,53324500,0.0,0.0,0.0
2021-05-10 00:00:00-04:00,323.3470322217275,323.52192283338985,316.32196279467297,316.5260314941406,60700500,0.0,0.0,0.0
2021-05-11 00:00:00-04:00,310.63778067339786,316.8855084753518,309.97703344935707,316.0887451171875,71963600,0.0,0.0,0.0
2021-05-12 00:00:00-04:00,311.1526992022475,313.4749363063745,307.0425930569889,307.9073791503906,91164900,0.0,0.0,0.0
2021-05-13 00:00:00-04:00,310.85147860856483,313.2611609143748,307.9170653261402,310.28790283203125,69877800,0.0,0.0,0.0
2021-05-14 00:00:00-04:00,313.4555159056816,318.05141931549144,312.95023696158665,317.1380920410156,44370000,0.0,0.0,0.0
2021-05-17 00:00:00-04:00,315.4279678962224,317.11863596612653,312.3381160262185,315.2142028808594,39395000,0.0,0.0,0.0
2021-05-18 00:00:00-04:00,316.16642863467996,317.3906921986347,312.8142113288673,313.0862731933594,36528500,0.0,0.0,0.0
2021-05-19 00:00:00-04:00,307.68390077198774,313.7470110918508,307.3340899790996,313.44580078125,66319100,0.0,0.0,0.0
2021-05-20 00:00:00-04:00,314.93242996409725,320.3639712349336,314.7089685641255,319.5089111328125,46466100,0.0,0.0,0.0
2021-05-21 00:00:00-04:00,321.0635483234583,321.4813523282385,317.38100188246113,317.7405090332031,50330400,0.0,0.0,0.0
2021-05-24 00:00:00-04:00,320.03361797772294,324.2117472478319,317.63363182600995,323.0846252441406,32475800,0.0,0.0,0.0
2021-05-25 00:00:00-04:00,324.6003802473149,325.31939454429215,322.35586242335415,323.53155517578125,31280300,0.0,0.0,0.0
2021-05-26 00:00:00-04:00,324.2020129306778,325.1250662561818,323.5121470301397,324.65869140625,25444900,0.0,0.0,0.0
2021-05-27 00:00:00-04:00,324.21176771064876,325.0571018536406,323.2401138170907,323.44415283203125,27931700,0.0,0.0,0.0
2021-05-28 00:00:00-04:00,324.64894153321643,326.05785131144694,324.1436922653949,324.4643249511719,29927400,0.0,0.0,0.0
2021-06-01 00:00:00-04:00,325.79548550801826,326.2716160019154,322.0351902976997,323.38580322265625,31145400,0.0,0.0,0.0
2021-06-02 00:00:00-04:00,323.80353850433943,324.86263729253375,322.2974873955568,324.0173034667969,22047900,0.0,0.0,0.0
2021-06-03 00:00:00-04:00,321.18014967870533,322.4530137763782,318.9745062416927,320.645751953125,37057800,0.0,0.0,0.0
2021-06-04 00:00:00-04:00,322.44327386292196,326.53392747974567,322.3752509899363,326.08697509765625,38736500,0.0,0.0,0.0
2021-06-07 00:00:00-04:00,325.5525433197331,327.1169211143318,324.86267753147115,327.0586242675781,32611900,0.0,0.0,0.0
2021-06-08 00:00:00-04:00,328.80760798571464,329.67239401675255,325.5331397428313,327.214111328125,27282800,0.0,0.0,0.0
2021-06-09 00:00:00-04:00,328.58421694501465,329.3615282147331,327.10728401901576,327.2919006347656,21485300,0.0,0.0,0.0
2021-06-10 00:00:00-04:00,327.6319023964916,330.80919921314654,327.1849500123101,330.70233154296875,33702100,0.0,0.0,0.0
2021-06-11 00:00:00-04:00,330.7120785694204,331.57686469884146,330.0610871181342,331.567138671875,21222800,0.0,0.0,0.0
2021-06-14 00:00:00-04:00,331.99461879216443,334.75411165619005,330.8092001288667,334.7444152832031,27827700,0.0,0.0,0.0
2021-06-15 00:00:00-04:00,334.3946377380395,334.7055740598569,331.8391835882948,332.5582275390625,35963800,0.0,0.0,0.0
2021-06-16 00:00:00-04:00,333.0245698033794,334.0933947722833,327.88454323215615,331.3436279296875,55399500,0.0,0.0,0.0
2021-06-17 00:00:00-04:00,330.33312741394195,336.5614315255886,330.2845565873261,335.5509033203125,59722700,0.0,0.0,0.0
2021-06-18 00:00:00-04:00,333.8894089528953,335.03595335090176,332.1695627033639,332.9177551269531,55414900,0.0,0.0,0.0
2021-06-21 00:00:00-04:00,333.1093260479514,335.3078201810338,330.8913869859347,334.9867858886719,32992600,0.397,0.0,0.0
2021-06-22 00:00:00-04:00,334.7825427926649,338.5569374570642,334.4809830868212,338.1094665527344,28941600,0.0,0.0,0.0
2021-06-23 00:00:00-04:00,338.0511206875687,339.42274540269887,337.43826393326384,338.27484130859375,27188500,0.0,0.0,0.0
2021-06-24 00:00:00-04:00,340.21071500058883,341.89360715659967,339.6659600072428,340.3663635253906,32581600,0.0,0.0,0.0
2021-06-25 00:00:00-04:00,340.9305468413678,341.1737420832244,339.3449091145559,339.9480285644531,28682800,0.0,0.0,0.0
2021-06-28 00:00:00-04:00,341.23212567405795,344.2185705361471,341.1737611876977,344.0823669433594,39130300,0.0,0.0,0.0
2021-06-29 00:00:00-04:00,343.90720192915234,345.3566358503896,343.0706246741043,345.32745361328125,29426000,0.0,0.0,0.0
2021-06-30 00:00:00-04:00,345.1717601483139,345.5608961749449,344.19897945555806,344.78265380859375,32724000,0.0,0.0,0.0
2021-07-01 00:00:00-04:00,344.43249389300144,345.424719589771,343.0803143748116,344.91888427734375,29290000,0.0,0.0,0.0
2021-07-02 00:00:00-04:00,346.8158532790617,349.19917847907755,346.5823953510962,348.878173828125,32727200,0.0,0.0,0.0
2021-07-06 00:00:00-04:00,349.481246256875,350.6680400425914,346.78662439075447,350.38592529296875,38842400,0.0,0.0,0.0
2021-07-07 00:00:00-04:00,352.58450728423867,352.88606703806664,349.17003626176603,351.1253356933594,35265200,0.0,0.0,0.0
2021-07-08 00:00:00-04:00,346.05702256546414,349.8605989489856,344.7729745076099,349.0045471191406,50890000,0.0,0.0,0.0
2021-07-09 00:00:00-04:00,348.42089993764625,351.66024682541456,347.83722554080236,351.18359375,35184500,0.0,0.0,0.0
2021-07-12 00:00:00-04:00,352.5844190534444,353.0124449879468,351.00848919264126,352.55523681640625,25717700,0.0,0.0,0.0
2021-07-13 00:00:00-04:00,352.1758380479959,355.5222064339703,351.6991849474015,352.55523681640625,39723000,0.0,0.0,0.0
2021-07-14 00:00:00-04:00,354.899573864902,355.541612696832,352.3606304579578,353.1875,35336400,0.0,0.0,0.0
2021-07-15 00:00:00-04:00,353.10006340316716,353.30433910391645,348.7030742170931,350.7070007324219,53391600,0.0,0.0,0.0
2021-07-16 00:00:00-04:00,351.56301061592757,352.5455288227661,347.5162385176321,347.866455078125,47262000,0.0,0.0,0.0
2021-07-19 00:00:00-04:00,344.4130557565104,345.5123028914568,342.457786391463,345.0162048339844,64404600,0.0,0.0,0.0
2021-07-20 00:00:00-04:00,345.9500568175087,350.47348181147095,344.16985124566145,349.0240478515625,42183700,0.0,0.0,0.0
2021-07-21 00:00:00-04:00,348.5960400828701,351.7186584472656,348.372289789459,351.7186584472656,30259900,0.0,0.0,0.0
2021-07-22 00:00:00-04:00,351.9228640902762,354.0532562039108,351.9228640902762,354.0435485839844,30252200,0.0,0.0,0.0
2021-07-23 00:00:00-04:00,355.3666271567449,358.46006363296476,354.01447699472897,358.177978515625,31960800,0.0,0.0,0.0
2021-07-26 00:00:00-04:00,357.48724107908396,358.84915807961875,356.62148152100133,358.46002197265625,28438100,0.0,0.0,0.0
2021-07-27 00:00:00-04:00,358.19731473782406,358.19731473782406,350.35670457892274,354.5104675292969,57933100,0.0,0.0,0.0
2021-07-28 00:00:00-04:00,355.64868540953734,357.4483359230241,353.35290716174416,355.8724060058594,42066200,0.0,0.0,0.0
2021-07-29 00:00:00-04:00,355.30819911320157,357.67204941160026,355.30819911320157,356.5047302246094,25672500,0.0,0.0,0.0
2021-07-30 00:00:00-04:00,352.57470051486854,355.2304029743744,352.5455182762769,354.646728515625,36484600,0.0,0.0,0.0
2021-08-02 00:00:00-04:00,356.3101373628281,356.8938117591224,353.9657321571031,354.6758728027344,27334100,0.0,0.0,0.0
2021-08-03 00:00:00-04:00,355.33736071135064,356.9424430545556,352.1466409531741,356.8257141113281,35558500,0.0,0.0,0.0
2021-08-04 00:00:00-04:00,356.78675545214065,358.29458330195644,355.6778009261446,357.34124755859375,29602200,0.0,0.0,0.0
2021-08-05 00:00:00-04:00,358.1584768961126,359.8413985980054,357.448365814434,359.6079406738281,21443900,0.0,0.0,0.0
2021-08-06 00:00:00-04:00,358.3432488767564,359.3160296505074,356.92299725941564,358.0319519042969,33332100,0.0,0.0,0.0
2021-08-09 00:00:00-04:00,358.48914559890795,359.2187311497998,357.38992830590377,358.6934509277344,25960200,0.0,0.0,0.0
2021-08-10 00:00:00-04:00,359.20903140743025,359.50085375942217,355.668095206394,356.8548889160156,35130800,0.0,0.0,0.0
2021-08-11 00:00:00-04:00,358.1196470604412,358.6157452324726,354.9094516303285,356.2421569824219,34249800,0.0,0.0,0.0
2021-08-12 00:00:00-04:00,355.7362099532733,357.88604718975773,354.38403040361794,357.526123046875,25969200,0.0,0.0,0.0
2021-08-13 00:00:00-04:00,357.87638776163493,359.11180884568955,357.38025999143855,358.78106689453125,19336200,0.0,0.0,0.0
2021-08-16 00:00:00-04:00,357.66236594114577,358.9755964043206,353.8004245874079,358.93670654296875,34856900,0.0,0.0,0.0
2021-08-17 00:00:00-04:00,356.18369781156525,357.1564786493338,353.3431943899537,355.775146484375,44793900,0.0,0.0,0.0
2021-08-18 00:00:00-04:00,355.24014330023795,356.64095025543173,352.02024070255584,352.3509826660156,38541900,0.0,0.0,0.0
2021-08-19 00:00:00-04:00,350.4151534890276,355.72652914084136,350.1622209433017,354.0533447265625,48499400,0.0,0.0,0.0
2021-08-20 00:00:00-04:00,355.123395558469,358.11957737690517,354.81209854334776,357.7207336425781,39486000,0.0,0.0,0.0
2021-08-23 00:00:00-04:00,358.7615725928064,363.76168050891255,358.7518649712199,363.0710144042969,34034700,0.0,0.0,0.0
2021-08-24 00:00:00-04:00,363.6643894950472,364.78308153545163,363.1974439996376,364.1799621582031,21732900,0.0,0.0,0.0
2021-08-25 00:00:00-04:00,364.4329104745258,365.1722334525729,363.6838501877411,364.5982666015625,20441900,0.0,0.0,0.0
2021-08-26 00:00:00-04:00,363.74228306618386,364.4232119511937,361.8453482493221,362.2831115722656,29133300,0.0,0.0,0.0
2021-08-27 00:00:00-04:00,362.91543502870763,366.3104314081765,362.4290445015896,365.8045959472656,27104700,0.0,0.0,0.0
2021-08-30 00:00:00-04:00,366.5923908644626,370.3959667370015,366.5729162520012,369.9095764160156,27295700,0.0,0.0,0.0
2021-08-31 00:00:00-04:00,370.15284815897684,370.2209202559476,368.06134559649036,369.60809326171875,29628200,0.0,0.0,0.0
2021-09-01 00:00:00-04:00,370.6684784152055,372.29300605116384,370.0167020867185,370.2209777832031,28138300,0.0,0.0,0.0
2021-09-02 00:00:00-04:00,371.5731411382523,371.9038830992487,368.82989173085343,370.0458679199219,25453400,0.0,0.0,0.0
2021-09-03 00:00:00-04:00,368.89797990763077,371.5828647338186,368.87853497661405,371.18402099609375,24605400,0.0,0.0,0.0
2021-09-07 00:00:00-04:00,371.291000895279,372.361065805682,370.1333892676953,371.70928955078125,23970200,0.0,0.0,0.0
2021-09-08 00:00:00-04:00,371.53418888426035,371.53418888426035,368.1489304715028,370.4154968261719,32949200,0.0,0.0,0.0
2021-09-09 00:00:00-04:00,370.63917331077454,371.7481278395782,368.8978875956901,369.1410827636719,29399000,0.0,0.0,0.0
2021-09-10 00:00:00-04:00,370.85331777772774,371.5731662304534,366.0088576260438,366.339599609375,40249400,0.0,0.0,0.0
2021-09-13 00:00:00-04:00,368.6742095431466,369.1022354975582,364.0340555167634,366.08660888671875,48741800,0.0,0.0,0.0
2021-09-14 00:00:00-04:00,367.57498300153435,368.30456868919237,364.0924403813574,365.0457763671875,41826600,0.0,0.0,0.0
2021-09-15 00:00:00-04:00,365.503027746138,368.1100737863628,363.2072490740127,367.7598571777344,34097900,0.0,0.0,0.0
2021-09-16 00:00:00-04:00,366.42717943207697,368.5867546722151,364.5010918441993,368.0128173828125,35193100,0.0,0.0,0.0
2021-09-17 00:00:00-04:00,367.536109825172,367.58473699845644,362.6138405372607,363.6546936035156,60912300,0.0,0.0,0.0
2021-09-20 00:00:00-04:00,357.8543531283974,359.5975697093395,351.4950526781873,356.140380859375,76203200,0.414,0.0,0.0
2021-09-21 00:00:00-04:00,357.9711944533956,359.16905211173173,355.4489023902439,356.5785827636719,41927500,0.0,0.0,0.0
2021-09-22 00:00:00-04:00,357.49402829718525,361.36999924263114,356.39356246705603,359.9092102050781,46972900,0.0,0.0,0.0
2021-09-23 00:00:00-04:00,361.0681334059166,364.2623911619326,360.42538261283744,363.2301025390625,44652000,0.0,0.0,0.0
2021-09-24 00:00:00-04:00,360.96092615133523,363.9896438822301,360.590854880053,363.57086181640625,36056800,0.0,0.0,0.0
2021-09-27 00:00:00-04:00,360.52278078602615,361.54532132203445,358.1173467523428,360.6688537597656,43338100,0.0,0.0,0.0
2021-09-28 00:00:00-04:00,356.1111087431876,360.6200518998897,349.95631143182044,350.46270751953125,97701600,0.0,0.0,0.0
2021-09-29 00:00:00-04:00,351.7287613395752,353.8712338755902,349.264898605271,349.8881530761719,58076600,0.0,0.0,0.0
2021-09-30 00:00:00-04:00,351.53401786348365,353.1993090640904,347.76518685798084,348.6026916503906,61384600,0.0,0.0,0.0
2021-10-01 00:00:00-04:00,349.22599414736044,351.80671566780865,345.11630620391486,350.7646789550781,56375500,0.0,0.0,0.0
2021-10-04 00:00:00-04:00,349.14810905037695,349.4792177251963,341.16247871217263,343.40234375,76766000,0.0,0.0,0.0
2021-10-05 00:00:00-04:00,344.4637650849642,350.28745440492406,344.2397964663913,348.037841796875,47232900,0.0,0.0,0.0
2021-10-06 00:00:00-04:00,344.8241054530115,350.5406848002071,343.91842339058104,350.26800537109375,56806500,0.0,0.0,0.0
2021-10-07 00:00:00-04:00,353.3162118154901,356.13068001293635,352.78060098281446,353.4817810058594,39411200,0.0,0.0,0.0
2021-10-08 00:00:00-04:00,354.5626771412162,354.79642358024233,351.18338421693574,351.7190246582031,41822300,0.0,0.0,0.0
2021-10-11 00:00:00-04:00,350.18041095571726,353.7058075622876,348.9338718954381,349.02154541015625,34847200,0.0,0.0,0.0
2021-10-12 00:00:00-04:00,350.47253401065484,350.91075291923903,347.1614179154173,347.8041687011719,43905100,0.0,0.0,0.0
2021-10-13 00:00:00-04:00,350.1121739119291,351.26132077765135,348.08652988167273,350.58935546875,40120800,0.0,0.0,0.0
2021-10-14 00:00:00-04:00,354.18290221670367,357.2603012668511,353.52068500485416,357.0460510253906,43433900,0.0,0.0,0.0
2021-10-15 00:00:00-04:00,358.26342667115165,359.41257371328817,357.23113801027205,359.29571533203125,40419900,0.0,0.0,0.0
2021-10-18 00:00:00-04:00,358.00040171286963,363.1229111226902,357.39661370422544,362.9086608886719,34513500,0.0,0.0,0.0
2021-10-19 00:00:00-04:00,363.9799290049962,365.70364934087826,362.9573885840173,365.65496826171875,29091000,0.0,0.0,0.0
2021-10-20 00:00:00-04:00,366.11266148335716,366.72619758724636,363.69747976069897,365.1777648925781,31390300,0.0,0.0,0.0
2021-10-21 00:00:00-04:00,364.37920970487227,367.6026817027361,364.07731569080005,367.40789794921875,25469300,0.0,0.0,0.0
2021-10-22 00:00:00-04:00,366.151661174739,367.1157724526557,362.65550955944025,364.32080078125,36275800,0.0,0.0,0.0
2021-10-25 00:00:00-04:00,365.74270824037933,368.9661811321115,363.7949890444162,368.0507507324219,32597800,0.0,0.0,0.0
2021-10-26 00:00:00-04:00,370.29053297056265,372.7056850179981,368.03117225794534,369.20953369140625,47191300,0.0,0.0,0.0
2021-10-27 00:00:00-04:00,369.65755531156043,373.1342406653701,369.39462396036834,370.06658935546875,45760500,0.0,0.0,0.0
2021-10-28 00:00:00-04:00,371.965558660674,374.4294214156826,371.19620151872607,374.17620849609375,38007000,0.0,0.0,0.0
2021-10-29 00:00:00-04:00,371.09883741061566,376.18238434993214,370.7482623140283,376.0168151855469,37310100,0.0,0.0,0.0
2021-11-01 00:00:00-04:00,376.4550542803628,377.4289135949788,374.371010801395,377.30230712890625,30765300,0.0,0.0,0.0
2021-11-02 00:00:00-04:00,376.68879079224985,379.357185663946,376.640109711893,378.8799743652344,25135300,0.0,0.0,0.0
2021-11-03 00:00:00-04:00,379.3670148416077,383.32088264377154,378.3250076029867,382.9021301269531,33748900,0.0,0.0,0.0
2021-11-04 00:00:00-04:00,384.1680779828043,388.7646956732678,383.62271908053157,387.810302734375,40265300,0.0,0.0,0.0
2021-11-05 00:00:00-04:00,389.5827187862258,390.5078673750393,386.77799898721173,388.18035888671875,43383800,0.0,0.0,0.0
2021-11-08 00:00:00-05:00,388.1511272404283,389.17366766730487,387.0116987272032,387.6544494628906,29256300,0.0,0.0,0.0
2021-11-09 00:00:00-05:00,388.7257003084898,389.12498620692725,383.62268684326466,384.986083984375,50490700,0.0,0.0,0.0
2021-11-10 00:00:00-05:00,382.2105570739352,385.0249949702203,377.39968979948407,379.32794189453125,54937400,0.0,0.0,0.0
2021-11-11 00:00:00-05:00,382.307982488832,382.48327004380786,380.0388734989367,380.3797302246094,32243000,0.0,0.0,0.0
2021-11-12 00:00:00-05:00,381.52889353659543,384.91793501078206,379.93177954519547,384.38232421875,34730600,0.0,0.0,0.0
2021-11-15 00:00:00-05:00,385.5606516625978,385.88201216540347,381.85024998560954,384.29461669921875,33716900,0.0,0.0,0.0
2021-11-16 00:00:00-05:00,383.5643131318255,387.527928685109,383.36955905117026,387.0312805175781,27872900,0.0,0.0,0.0
2021-11-17 00:00:00-05:00,387.35257614620315,389.271080351987,386.27160647829044,387.2357177734375,28703300,0.0,0.0,0.0
2021-11-18 00:00:00-05:00,389.2808614205928,391.75444310647623,387.0604629905311,391.248046875,45721500,0.0,0.0,0.0
2021-11-19 00:00:00-05:00,392.88405400619166,394.7051661593549,392.05626764934635,393.4294128417969,45191700,0.0,0.0,0.0
2021-11-22 00:00:00-05:00,394.968147228853,398.0260501607681,388.754919765361,388.8620300292969,61715400,0.0,0.0,0.0
2021-11-23 00:00:00-05:00,387.7031365607054,389.7677433739756,382.64883381129494,387.0896301269531,70098700,0.0,0.0,0.0
2021-11-24 00:00:00-05:00,384.6063137412448,388.6186100065078,382.27880505991624,388.3362121582031,46954400,0.0,0.0,0.0
2021-11-26 00:00:00-05:00,385.7554086026322,387.1480500448215,379.5811439582013,380.9737854003906,51533300,0.0,0.0,0.0
2021-11-29 00:00:00-05:00,385.5411678817304,390.25464327037014,384.8107734155601,389.2418212890625,54447100,0.0,0.0,0.0
2021-11-30 00:00:00-05:00,388.35563316100234,390.70263777754235,381.50940307069664,383.5252990722656,81332700,0.0,0.0,0.0
2021-12-01 00:00:00-05:00,387.8687011708482,390.01120363121925,376.5329937782519,377.00042724609375,77766500,0.0,0.0,0.0
2021-12-02 00:00:00-05:00,375.71492143807603,381.49964829455416,374.29309512340205,379.7174987792969,84416600,0.0,0.0,0.0
2021-12-03 00:00:00-05:00,381.08087745788833,382.08395134060004,368.9952800688155,373.1147155761719,105349100,0.0,0.0,0.0
2021-12-06 00:00:00-05:00,373.6016665297025,377.4678893311039,369.3848389086152,376.1044921875,67588800,0.0,0.0,0.0
2021-12-07 00:00:00-05:00,382.7560279159391,388.0440782801602,382.71706521135025,387.4305419921875,56005300,0.0,0.0,0.0
2021-12-08 00:00:00-05:00,387.76157982882177,389.3684417682752,385.86254226048624,389.1639099121094,39204000,0.0,0.0,0.0
2021-12-09 00:00:00-05:00,387.93684715420466,389.7384927523408,383.242838327877,383.4376220703125,49973700,0.0,0.0,0.0
2021-12-10 00:00:00-05:00,386.2520343259746,387.86864417765105,383.07724379751636,387.605712890625,52545800,0.0,0.0,0.0
2021-12-13 00:00:00-05:00,387.5959851172934,387.91734559606925,381.6359712068429,382.00604248046875,50166400,0.0,0.0,0.0
2021-12-14 00:00:00-05:00,377.1757183759927,379.892794312924,373.60167116660904,378.0522155761719,75199200,0.0,0.0,0.0
2021-12-15 00:00:00-05:00,377.7990527532284,387.0312514132929,373.8451856032461,386.6708984375,73858000,0.0,0.0,0.0
2021-12-16 00:00:00-05:00,387.63495804572653,388.0634585086273,375.1403267785627,376.72772216796875,82591400,0.0,0.0,0.0
2021-12-17 00:00:00-05:00,373.3094911519789,379.01632239107107,371.7902729452207,374.84820556640625,80492500,0.0,0.0,0.0
2021-12-20 00:00:00-05:00,370.11995574802063,372.00189791934713,368.07223292718174,371.2120666503906,65336800,0.491,0.0,0.0
2021-12-21 00:00:00-05:00,374.4883314065924,379.8319070753569,370.73420830032876,379.5198669433594,48899500,0.0,0.0,0.0
2021-12-22 00:00:00-05:00,379.2273181620309,384.3466090046507,378.56425525190224,384.141845703125,37042200,0.0,0.0,0.0
2021-12-23 00:00:00-05:00,384.4928987990001,388.5103187869621,384.3271479373001,387.0379333496094,29595500,0.0,0.0,0.0
2021-12-27 00:00:00-05:00,388.33483113866913,393.43463134765625,388.30557923435623,393.43463134765625,32820700,0.0,0.0,0.0
2021-12-28 00:00:00-05:00,394.33175248289274,394.5072639278634,390.7336190720442,391.6112060546875,33113700,0.0,0.0,0.0
2021-12-29 00:00:00-05:00,391.74770588060943,393.01532812222314,389.17341917988364,391.55267333984375,32248500,0.0,0.0,0.0
2021-12-30 00:00:00-05:00,391.33811984902457,393.52237106079957,389.79747002153954,390.3825378417969,23850100,0.0,0.0,0.0
2021-12-31 00:00:00-05:00,389.70972801987483,391.07486647663586,387.44748157279275,387.9447937011719,34752900,0.0,0.0,0.0
2022-01-03 00:00:00-05:00,389.11494751871527,391.9330102493387,386.9989900897427,391.6794738769531,40575900,0.0,0.0,0.0
2022-01-04 00:00:00-05:00,392.2255171018178,392.2645295635358,383.4983609725823,386.59918212890625,58027200,0.0,0.0,0.0
2022-01-05 00:00:00-05:00,384.91222256007507,386.0336150314898,374.4688757582325,374.722412109375,75739800,0.0,0.0,0.0
2022-01-06 00:00:00-05:00,372.89896518864697,377.7062166468237,370.665970610198,374.4591064453125,70814300,0.0,0.0,0.0
2022-01-07 00:00:00-05:00,374.4688727948862,376.15581200805264,368.62801427276884,370.4026794433594,72652300,0.0,0.0,0.0
2022-01-10 00:00:00-05:00,365.48817948321624,371.16328710805476,360.1153514622428,370.6464538574219,91770500,0.0,0.0,0.0
2022-01-11 00:00:00-05:00,369.9151368337182,376.38007583133276,367.8284314531936,376.2143249511719,68295700,0.0,0.0,0.0
2022-01-12 00:00:00-05:00,378.78861868723953,380.4853186605125,375.42453016489463,377.7062683105469,54576400,0.0,0.0,0.0
2022-01-13 00:00:00-05:00,379.0908590373564,379.77344317810594,367.32138607006556,368.2574768066406,77994000,0.0,0.0,0.0
2022-01-14 00:00:00-05:00,365.73199859106967,370.8805427785589,365.5272054742977,370.54901123046875,80121200,0.0,0.0,0.0
2022-01-18 00:00:00-05:00,364.7275623385353,366.8532798991958,360.5638531652058,361.3244323730469,75450900,0.0,0.0,0.0
2022-01-19 00:00:00-05:00,362.88462250518427,365.36139277819495,357.0925075542724,357.3558044433594,81791500,0.0,0.0,0.0
2022-01-20 00:00:00-05:00,360.5834771857674,364.5618857720017,352.178091045373,352.7143859863281,88610700,0.0,0.0,0.0
2022-01-21 00:00:00-05:00,350.5203221312063,353.16284327227805,342.65123275718196,342.93402099609375,143388900,0.0,0.0,0.0
2022-01-24 00:00:00-05:00,337.2979996007993,345.167090689248,325.8307748104291,344.5039978027344,198685800,0.0,0.0,0.0
2022-01-25 00:00:00-05:00,338.03913312670784,342.2905699732771,333.1733465748342,336.5179443359375,124398400,0.0,0.0,0.0
2022-01-26 00:00:00-05:00,344.123690517999,347.9948515994439,332.2956833689828,335.9913330078125,146559500,0.0,0.0,0.0
2022-01-27 00:00:00-05:00,340.7011034442498,342.5245419416468,331.58388119947205,332.6077575683594,95255700,0.0,0.0,0.0
2022-01-28 00:00:00-05:00,334.4897055347114,343.2558752486049,329.53619354239527,343.0413513183594,108167900,0.0,0.0,0.0
2022-01-31 00:00:00-05:00,344.4065167497004,354.5963289506498,342.768320498041,354.0112609863281,94326400,0.0,0.0,0.0
2022-02-01 00:00:00-05:00,355.3568493429369,357.07304048443206,350.1985748796091,356.4197082519531,74433000,0.0,0.0,0.0
2022-02-02 00:00:00-05:00,360.5541961013505,360.8857276435615,355.2203800024864,359.3157958984375,78777100,0.0,0.0,0.0
2022-02-03 00:00:00-05:00,349.6037665908934,352.9191116851506,343.68488272899515,344.74774169921875,95384800,0.0,0.0,0.0
2022-02-04 00:00:00-05:00,345.2645621512683,352.40232542393113,343.207108479274,349.09674072265625,86318300,0.0,0.0,0.0
2022-02-07 00:00:00-05:00,349.69149163040476,352.0609851751449,345.03049970055537,346.28839111328125,58198100,0.0,0.0,0.0
2022-02-08 00:00:00-05:00,345.14754076770663,351.271188035829,344.01641741782544,350.1790771484375,64720900,0.0,0.0,0.0
2022-02-09 00:00:00-05:00,354.7035819338976,357.67763506227124,353.1043982561765,357.5996398925781,55766400,0.0,0.0,0.0
2022-02-10 00:00:00-05:00,350.5691150913439,357.36558603815007,347.66332640686704,349.5062561035156,112468500,0.0,0.0,0.0
2022-02-11 00:00:00-05:00,349.50626157549334,351.10544523873915,337.19070238548727,338.4193420410156,101569100,0.0,0.0,0.0
2022-02-14 00:00:00-05:00,337.8634589252005,342.2416920189608,335.32821470648094,338.83856201171875,80254400,0.0,0.0,0.0
2022-02-15 00:00:00-05:00,344.12368568511306,347.497534540643,343.0608267315955,347.2635192871094,55128800,0.0,0.0,0.0
2022-02-16 00:00:00-05:00,345.0110204438952,348.1995971865706,341.97843402594935,347.1757507324219,58947100,0.0,0.0,0.0
2022-02-17 00:00:00-05:00,343.9579386273967,344.6600142143402,336.43013973986564,336.8494567871094,61801400,0.0,0.0,0.0
2022-02-18 00:00:00-05:00,337.78556902050906,338.17560442508847,330.6965780855033,333.007568359375,80001500,0.0,0.0,0.0
2022-02-22 00:00:00-05:00,330.0626987465813,335.4745397892179,326.0257866533956,329.66290283203125,85967100,0.0,0.0,0.0
2022-02-23 00:00:00-05:00,332.8222594857859,333.6608340248981,320.9064961847199,321.2185363769531,86215400,0.0,0.0,0.0
2022-02-24 00:00:00-05:00,310.90187155230484,332.54917246475253,310.3363248427838,332.0128479003906,130614100,0.0,0.0,0.0
2022-02-25 00:00:00-05:00,332.81245572798264,337.36620055902915,328.99006802157845,337.1614074707031,78842100,0.0,0.0,0.0
2022-02-28 00:00:00-05:00,333.9826304008817,339.8625019263935,332.8222551294078,338.1658020019531,77515500,0.0,0.0,0.0
2022-03-01 00:00:00-05:00,337.1419560500035,339.41393357869146,330.4624926900795,332.9880065917969,67407000,0.0,0.0,0.0
2022-03-02 00:00:00-05:00,334.5383760527154,339.91120393884023,331.7690866739732,338.5753173828125,70609000,0.0,0.0,0.0
2022-03-03 00:00:00-05:00,341.21785544182995,341.3251322678193,331.87637988452127,333.73883056640625,71089400,0.0,0.0,0.0
2022-03-04 00:00:00-05:00,331.3791453061751,332.81254853523853,326.58165310614714,328.9023742675781,76936300,0.0,0.0,0.0
2022-03-07 00:00:00-05:00,328.8925582560321,330.05293341500425,316.5672398392411,316.7720031738281,89933800,0.0,0.0,0.0
2022-03-08 00:00:00-05:00,315.9821759585055,324.9141247255901,311.9745161422242,315.29962158203125,116153900,0.0,0.0,0.0
2022-03-09 00:00:00-05:00,323.49048595183797,328.0052185200381,320.89670787410046,326.6498107910156,64723400,0.0,0.0,0.0
2022-03-10 00:00:00-05:00,322.5836213529435,324.2315480066354,318.57593205504054,323.02239990234375,69362700,0.0,0.0,0.0
2022-03-11 00:00:00-05:00,325.996523599772,326.3085637796485,315.83593470623896,316.323486328125,66228400,0.0,0.0,0.0
2022-03-14 00:00:00-04:00,315.0851616859707,318.459011067277,309.5465815987618,310.2486572265625,79802600,0.0,0.0,0.0
2022-03-15 00:00:00-04:00,312.89120265828257,320.76029471360744,311.28228790263,319.9801940917969,76471000,0.0,0.0,0.0
2022-03-16 00:00:00-04:00,323.90008188710704,331.96417560553823,320.22392333719165,331.84716796875,105243000,0.0,0.0,0.0
2022-03-17 00:00:00-04:00,329.9457391281935,335.92312784795433,328.6488646743437,335.8646240234375,67810000,0.0,0.0,0.0
2022-03-18 00:00:00-04:00,334.20689044402786,343.031593029685,333.04651515402674,342.7390441894531,85446300,0.0,0.0,0.0
2022-03-21 00:00:00-04:00,341.9033759387331,344.1293589558809,337.39280396160814,341.78619384765625,73799100,0.434,0.0,0.0
2022-03-22 00:00:00-04:00,342.2840317195784,349.37204175654097,341.90328685517403,348.50311279296875,63345900,0.0,0.0,0.0
2022-03-23 00:00:00-04:00,345.6230963393139,349.1866175882123,343.4361443131073,343.4947204589844,70615500,0.0,0.0,0.0
2022-03-24 00:00:00-04:00,345.418013080194,351.1782583615552,343.2603791523376,351.1294250488281,53555300,0.0,0.0,0.0
2022-03-25 00:00:00-04:00,351.0708218743829,352.1252518953269,346.53099263670947,350.8365173339844,57584200,0.0,0.0,0.0
2022-03-28 00:00:00-04:00,350.8268747794318,356.362559955259,349.5869730673725,356.2649230957031,56833900,0.0,0.0,0.0
2022-03-29 00:00:00-04:00,360.16024102965406,363.0208181122891,357.38752814675536,362.39599609375,68073000,0.0,0.0,0.0
2022-03-30 00:00:00-04:00,360.53136849955337,362.19110563531206,356.90927063115413,358.39324951171875,68757700,0.0,0.0,0.0
2022-03-31 00:00:00-04:00,358.5396220981877,358.8911087475274,353.1113477366379,353.95098876953125,67011400,0.0,0.0,0.0
2022-04-01 00:00:00-04:00,354.2145612530259,354.9955963044331,350.0945372985119,353.2773132324219,54527800,0.0,0.0,0.0
2022-04-04 00:00:00-04:00,354.11700058520995,360.56064542621647,353.8534079024474,360.5508728027344,45950200,0.0,0.0,0.0
2022-04-05 00:00:00-04:00,359.0961285250943,359.80884465763893,351.40281060290806,352.54510498046875,62738700,0.0,0.0,0.0
2022-04-06 00:00:00-04:00,347.2242010427976,348.32743469763415,342.25479307972796,344.8908386230469,90077100,0.0,0.0,0.0
2022-04-07 00:00:00-04:00,343.8949573579129,347.90760149612674,340.4290734874535,345.7109069824219,63777400,0.0,0.0,0.0
2022-04-08 00:00:00-04:00,343.9731470804625,344.7248941818026,340.2436400588168,340.87823486328125,61956100,0.0,0.0,0.0
2022-04-11 00:00:00-04:00,336.64101742040646,337.5587500281998,332.4721897874658,332.81390380859375,66107400,0.0,0.0,0.0
2022-04-12 00:00:00-04:00,337.5684948177708,339.4527633976289,330.0313907037623,331.4079895019531,72790200,0.0,0.0,0.0
2022-04-13 00:00:00-04:00,331.74975113588766,339.19899278383286,331.0272920866941,338.14459228515625,61367800,0.0,0.0,0.0
2022-04-14 00:00:00-04:00,338.23238196478735,338.7498243741417,330.197350790889,330.4121398925781,73519400,0.0,0.0,0.0
2022-04-18 00:00:00-04:00,329.35779586148965,332.96037789450185,327.8347564420385,330.6660461425781,58560600,0.0,0.0,0.0
2022-04-19 00:00:00-04:00,330.0216693428287,338.63272028879857,328.9965569993193,338.05670166015625,56515700,0.0,0.0,0.0
2022-04-20 00:00:00-04:00,338.86698163649083,339.3258479152818,331.9058958685795,333.12628173828125,65500000,0.0,0.0,0.0
2022-04-21 00:00:00-04:00,337.01200757707994,339.6285077815151,325.3060756232651,326.2335510253906,75801000,0.0,0.0,0.0
2022-04-22 00:00:00-04:00,326.3897713521277,327.6101572728887,317.2612787059196,317.69085693359375,82562100,0.0,0.0,0.0
2022-04-25 00:00:00-04:00,316.0604677749035,322.08427656175553,314.79124842111077,321.7718505859375,101755900,0.0,0.0,0.0
2022-04-26 00:00:00-04:00,319.7118121896965,319.89731322684804,309.3531613568277,309.6265563964844,105819600,0.0,0.0,0.0
2022-04-27 00:00:00-04:00,309.72419387180275,315.23058979976224,307.5372716962285,309.2555847167969,111204200,0.0,0.0,0.0
2022-04-28 00:00:00-04:00,314.22497868466263,322.07450941557096,309.9975450915038,320.2390441894531,99450000,0.0,0.0,0.0
2022-04-29 00:00:00-04:00,316.031111283259,319.47747950994983,305.1940796741858,305.82867431640625,91977900,0.0,0.0,0.0
2022-05-02 00:00:00-04:00,305.418646303666,311.16911901360544,302.3139916989888,310.934814453125,115511800,0.0,0.0,0.0
2022-05-03 00:00:00-04:00,310.9543891822932,313.5611470929044,308.49410144448336,311.2668151855469,78185500,0.0,0.0,0.0
2022-05-04 00:00:00-04:00,311.74518564998755,322.46506786333305,306.4536082128095,321.7914123535156,116083400,0.0,0.0,0.0
2022-05-05 00:00:00-04:00,317.4663470202801,317.54443861501284,302.28472723588106,305.58465576171875,154607400,0.0,0.0,0.0
2022-05-06 00:00:00-04:00,303.5831986023181,307.62510107946713,297.8815296423368,301.9234619140625,139572800,0.0,0.0,0.0
2022-05-09 00:00:00-04:00,296.2901889871183,302.0211165594891,288.7140235832542,290.1101379394531,113387300,0.0,0.0,0.0
2022-05-10 00:00:00-04:00,297.29583244444774,298.51621856850846,289.5439374008475,293.6346740722656,124124600,0.0,0.0,0.0
2022-05-11 00:00:00-04:00,291.3696085693993,296.88574748030607,284.0570649930504,284.92596435546875,140326100,0.0,0.0,0.0
2022-05-12 00:00:00-04:00,280.6399642919608,288.7433150622673,278.18941977610206,284.2522888183594,120910900,0.0,0.0,0.0
2022-05-13 00:00:00-04:00,288.7140401872521,295.8215670757037,287.11287945019643,294.78668212890625,83684900,0.0,0.0,0.0
2022-05-16 00:00:00-04:00,293.0391087736374,295.0991360345556,290.0906666378105,291.36962890625,59190400,0.0,0.0,0.0
2022-05-17 00:00:00-04:00,297.2371907429363,299.29718776465,293.42956303991457,298.91644287109375,62715300,0.0,0.0,0.0
2022-05-18 00:00:00-04:00,294.3961591068997,295.0893300011447,282.9831070369367,284.2425537109375,79477100,0.0,0.0,0.0
2022-05-19 00:00:00-04:00,282.4363743287545,287.4155550483948,280.7668648686497,282.719482421875,79920700,0.0,0.0,0.0
2022-05-20 00:00:00-04:00,286.185313473775,286.8394234794764,273.57139462783584,281.8407287597656,91764200,0.0,0.0,0.0
2022-05-23 00:00:00-04:00,282.8854572848029,286.90784452461907,280.4837461279902,286.527099609375,63648400,0.0,0.0,0.0
2022-05-24 00:00:00-04:00,281.30380445222414,282.01649066870726,275.56310506062295,280.43487548828125,73491100,0.0,0.0,0.0
2022-05-25 00:00:00-04:00,278.9411490391971,286.4392224642568,278.7361325556307,284.35968017578125,67144500,0.0,0.0,0.0
2022-05-26 00:00:00-04:00,283.55909567511236,293.790821377387,283.275957815159,292.23846435546875,59462200,0.0,0.0,0.0
2022-05-27 00:00:00-04:00,295.37248547034335,301.92350945921487,295.2553331764089,301.7770690917969,66985600,0.0,0.0,0.0
2022-05-31 00:00:00-04:00,301.7477632296397,303.95420082268697,297.1200393299747,300.9764709472656,60968300,0.0,0.0,0.0
2022-06-01 00:00:00-04:00,303.114589743024,305.24293574413247,296.5342780648201,298.75048828125,65341700,0.0,0.0,0.0
2022-06-02 00:00:00-04:00,297.6277543124736,307.10770475796215,296.212094583873,306.9319763183594,59291300,0.0,0.0,0.0
2022-06-03 00:00:00-04:00,301.708618694156,303.11450533697075,297.69600500561,298.9456787109375,60914700,0.0,0.0,0.0
2022-06-06 00:00:00-04:00,303.38795821191746,304.95005824368644,298.3794893236998,299.94158935546875,51785000,0.0,0.0,0.0
2022-06-07 00:00:00-04:00,296.6123795416597,303.3098735247105,295.51891843289565,302.52880859375,44900300,0.0,0.0,0.0
2022-06-08 00:00:00-04:00,301.72822324388414,304.3349808540067,299.5022403678184,300.3516540527344,38342100,0.0,0.0,0.0
2022-06-09 00:00:00-04:00,298.662571827343,301.7281653835947,292.1408374333927,292.3067932128906,55900500,0.0,0.0,0.0
2022-06-10 00:00:00-04:00,286.693051873079,287.8841497124189,281.547915605173,281.99700927734375,85963500,0.0,0.0,0.0
2022-06-13 00:00:00-04:00,273.12233821644867,275.6509739833002,268.0260059952113,268.8851623535156,94442000,0.0,0.0,0.0
2022-06-14 00:00:00-04:00,271.08192308243196,272.0582319476163,266.86426163413597,269.3733825683594,64697500,0.0,0.0,0.0
2022-06-15 00:00:00-04:00,272.80016901473215,280.03458970430654,270.0567143684024,276.1000671386719,86051400,0.0,0.0,0.0
2022-06-16 00:00:00-04:00,269.06095913223686,269.5198254950081,262.9004525180718,264.9604797363281,81910300,0.0,0.0,0.0
2022-06-17 00:00:00-04:00,265.7317064975655,270.62302283386526,264.1012875818511,268.1822509765625,82703400,0.0,0.0,0.0
2022-06-21 00:00:00-04:00,272.66917493745404,277.2666581686188,272.5615888744379,274.9483337402344,51633700,0.527,0.0,0.0
2022-06-22 00:00:00-04:00,272.44421009285753,278.9589289945945,271.847531276866,274.5473327636719,67472900,0.0,0.0,0.0
2022-06-23 00:00:00-04:00,277.03187006399634,279.4871248933807,274.1951384635695,278.6361083984375,57457800,0.0,0.0,0.0
2022-06-24 00:00:00-04:00,281.4630082394043,288.603778322199,281.2282533370348,288.1831359863281,58422300,0.0,0.0,0.0
2022-06-27 00:00:00-04:00,289.54288937850583,290.1102237972035,284.93564432833216,286.0703430175781,54151500,0.0,0.0,0.0
2022-06-28 00:00:00-04:00,286.60826856931715,289.2004534238927,277.1687871960207,277.3546447753906,61609800,0.0,0.0,0.0
2022-06-29 00:00:00-04:00,277.217710118933,279.11539200324603,274.71355812038837,277.6089782714844,57302700,0.0,0.0,0.0
2022-06-30 00:00:00-04:00,274.6255503328265,277.74596413882557,269.7639677134483,274.1658020019531,79313600,0.0,0.0,0.0
2022-07-01 00:00:00-04:00,272.8648413222458,276.3667320740986,270.9867121364815,275.9754638671875,56675100,0.0,0.0,0.0
2022-07-05 00:00:00-04:00,272.2388051238385,280.81748124390344,270.7128381263423,280.7001037597656,61829300,0.0,0.0,0.0
2022-07-06 00:00:00-04:00,281.0815880088725,284.6030615113066,279.35997210727135,282.49993896484375,63194700,0.0,0.0,0.0
2022-07-07 00:00:00-04:00,283.3118676841151,289.2494607611048,283.3118676841151,288.545166015625,56620100,0.0,0.0,0.0
2022-07-08 00:00:00-04:00,285.7084186791416,290.27655827441725,284.7693689215917,288.9071044921875,59895500,0.0,0.0,0.0
2022-07-11 00:00:00-04:00,286.49096989467597,286.715933451254,281.85438024397337,282.7347412109375,55273900,0.0,0.0,0.0
2022-07-12 00:00:00-04:00,283.98686375997,285.90409926658936,278.40140223094676,279.995849609375,55797100,0.0,0.0,0.0
2022-07-13 00:00:00-04:00,274.47887600052735,281.766340561705,273.9115116547737,279.418701171875,73939400,0.0,0.0,0.0
2022-07-14 00:00:00-04:00,276.8167578922293,281.2870736443386,273.6963431638955,280.41650390625,63741800,0.0,0.0,0.0
2022-07-15 00:00:00-04:00,283.40962873479396,285.61054559004987,281.79559915946334,285.5029296875,63818100,0.0,0.0,0.0
2022-07-18 00:00:00-04:00,288.2908376762683,289.69942721335235,281.91307883192053,283.0868835449219,59519600,0.0,0.0,0.0
2022-07-19 00:00:00-04:00,286.71593944316743,292.0861981723975,285.1117307356843,291.792724609375,55172600,0.0,0.0,0.0
2022-07-20 00:00:00-04:00,292.21339997132344,297.60318241911676,291.4308335669895,296.4195861816406,67769400,0.0,0.0,0.0
2022-07-21 00:00:00-04:00,296.87931786293956,300.7333713627188,294.2186519420542,300.6746826171875,55049400,0.0,0.0,0.0
2022-07-22 00:00:00-04:00,299.74536757149906,301.81911599965474,293.5730196199814,295.4022216796875,57127700,0.0,0.0,0.0
2022-07-25 00:00:00-04:00,295.43152035932314,295.9010600607953,291.71442807450484,293.7196960449219,40582400,0.0,0.0,0.0
2022-07-26 00:00:00-04:00,292.0176800525801,292.2720178037585,287.13654456306267,287.94842529296875,50074100,0.0,0.0,0.0
2022-07-27 00:00:00-04:00,292.51660523027056,301.80936763757944,291.94924091362884,300.1170959472656,69304400,0.0,0.0,0.0
2022-07-28 00:00:00-04:00,299.90187735893403,303.6287615828274,296.1456487652403,303.0516357421875,55139900,0.0,0.0,0.0
2022-07-29 00:00:00-04:00,304.5971771053359,309.48810428309446,303.1690048760981,308.578369140625,57501000,0.0,0.0,0.0
2022-08-01 00:00:00-04:00,306.8078614319243,311.8553019527591,305.7122985006147,308.39251708984375,46358800,0.0,0.0,0.0
2022-08-02 00:00:00-04:00,306.0938072321731,311.6009662955933,305.0373502184947,307.4730224609375,48676500,0.0,0.0,0.0
2022-08-03 00:00:00-04:00,309.1554987459406,316.6679856702518,309.0968100072378,315.8463134765625,53735700,0.0,0.0,0.0
2022-08-04 00:00:00-04:00,315.92456618358153,317.6363907763661,313.7725461833402,317.3233642578125,38973700,0.0,0.0,0.0
2022-08-05 00:00:00-04:00,312.2270788231339,316.76584469889116,311.44454224685546,314.7312316894531,53894000,0.0,0.0,0.0
2022-08-08 00:00:00-04:00,315.650746659858,319.3482874204369,312.24664966922245,313.71392822265625,43878500,0.0,0.0,0.0
2022-08-09 00:00:00-04:00,311.81619135751356,312.07052914848254,308.53929370607597,310.1630554199219,39764200,0.0,0.0,0.0
2022-08-10 00:00:00-04:00,317.50918149271314,319.11341980731413,315.0343737332161,318.8199462890625,51459600,0.0,0.0,0.0
2022-08-11 00:00:00-04:00,321.14804997763775,323.1533181299497,316.306020251236,317.01031494140625,45897700,0.0,0.0,0.0
2022-08-12 00:00:00-04:00,319.0645264567088,323.37832792129433,318.0080992938017,323.1827087402344,40928400,0.0,0.0,0.0
2022-08-15 00:00:00-04:00,322.2338541879481,326.29331771053694,322.2142713743643,325.79443359375,38266600,0.0,0.0,0.0
2022-08-16 00:00:00-04:00,324.8162616276614,327.12479483741953,321.9795297625626,325.0314636230469,41186900,0.0,0.0,0.0
2022-08-17 00:00:00-04:00,321.8915220437272,324.2000255837259,319.2406177433216,321.32415771484375,47842200,0.0,0.0,0.0
2022-08-18 00:00:00-04:00,321.27522114148155,323.2804893080499,319.66122117182294,322.0968933105469,41937200,0.0,0.0,0.0
2022-08-19 00:00:00-04:00,319.0547770286033,319.7101445952489,315.0539720720137,315.81695556640625,51770600,0.0,0.0,0.0
2022-08-22 00:00:00-04:00,311.55202084313015,311.786775764644,306.69043866447123,307.5023193359375,51098900,0.0,0.0,0.0
2022-08-23 00:00:00-04:00,307.267630356285,310.08480942642404,306.4948554379968,307.2480773925781,39497100,0.0,0.0,0.0
2022-08-24 00:00:00-04:00,306.76863942754534,309.9575326612866,306.1621693933144,308.13812255859375,38057100,0.0,0.0,0.0
2022-08-25 00:00:00-04:00,309.91850474445187,313.6062832550124,308.8718689268864,313.5867004394531,38098300,0.0,0.0,0.0
2022-08-26 00:00:00-04:00,313.2932350092391,314.49641386047045,300.6453042939879,300.73333740234375,69047700,0.0,0.0,0.0
2022-08-29 00:00:00-04:00,297.9748502855104,300.5181384539001,296.6640853502917,297.7694396972656,48321900,0.0,0.0,0.0
2022-08-30 00:00:00-04:00,299.4225678715721,300.038829472428,291.92966385105143,294.453369140625,51184500,0.0,0.0,0.0
2022-08-31 00:00:00-04:00,297.3585521146494,298.25849576274845,292.63393005470994,292.74151611328125,50044000,0.0,0.0,0.0
2022-09-01 00:00:00-04:00,290.2471533321544,293.2403980643306,286.55940537175366,292.8686828613281,57990700,0.0,0.0,0.0
2022-09-02 00:00:00-04:00,295.7446224221192,297.1238676616353,287.1170185077955,288.7310485839844,64666800,0.0,0.0,0.0
2022-09-06 00:00:00-04:00,289.21039841024066,290.1298953906181,284.52488037429924,286.6573181152344,57005400,0.0,0.0,0.0
2022-09-07 00:00:00-04:00,287.1366399434634,293.44591982386856,286.8725106981637,292.44818115234375,49260400,0.0,0.0,0.0
2022-09-08 00:00:00-04:00,290.3744005261536,295.28488147788556,289.0049466603175,293.9643249511719,55649800,0.0,0.0,0.0
2022-09-09 00:00:00-04:00,296.2239112951973,300.88987538447077,293.964305106146,300.3909912109375,56125200,0.0,0.0,0.0
2022-09-12 00:00:00-04:00,301.7702083943868,304.2939136960637,301.4571818889825,303.9613342285156,45905700,0.0,0.0,0.0
2022-09-13 00:00:00-04:00,295.2163694206984,296.4097569145106,286.4029384407446,287.2930908203125,79562200,0.0,0.0,0.0
2022-09-14 00:00:00-04:00,288.43753641284724,290.4525960345667,286.66702315154856,289.5722351074219,54907200,0.0,0.0,0.0
2022-09-15 00:00:00-04:00,287.6550908026323,290.0614193902465,283.14563897003796,284.7498779296875,65299400,0.0,0.0,0.0
2022-09-16 00:00:00-04:00,281.44353370174935,283.3999047048612,279.3893381781114,283.0086364746094,79920400,0.0,0.0,0.0
2022-09-19 00:00:00-04:00,280.3617623634722,285.36925788340324,280.3029681624726,285.21246337890625,52613800,0.519,0.0,0.0
2022-09-20 00:00:00-04:00,282.7038191627206,285.23208949962674,280.6361532559087,282.93902587890625,51271100,0.0,0.0,0.0
2022-09-21 00:00:00-04:00,283.7817990686382,288.0543677449017,277.7355651772439,277.87274169921875,82931000,0.0,0.0,0.0
2022-09-22 00:00:00-04:00,276.3440731262478,277.35341375740364,273.2278599044853,274.4527893066406,62757100,0.0,0.0,0.0
2022-09-23 00:00:00-04:00,271.9832239787379,272.27722488287793,266.564139263398,269.9841613769531,74815200,0.0,0.0,0.0
2022-09-26 00:00:00-04:00,269.51380107029183,273.8843397574687,268.0732832419527,268.8670349121094,71176700,0.0,0.0,0.0
2022-09-27 00:00:00-04:00,272.23805161615536,274.5899096054697,266.65236272422413,268.974853515625,69780100,0.0,0.0,0.0
2022-09-28 00:00:00-04:00,268.9551876556234,275.6090099949046,267.47549383991833,274.3252868652344,79652100,0.0,0.0,0.0
2022-09-29 00:00:00-04:00,270.3270774874835,270.7092696345434,263.4478879898052,266.4171142578125,81216000,0.0,0.0,0.0
2022-09-30 00:00:00-04:00,265.59403371024285,269.6706014623193,261.74286368510326,261.899658203125,78482400,0.0,0.0,0.0
2022-10-03 00:00:00-04:00,263.6733456205309,269.64119660919016,262.1642245952563,268.04388427734375,61267400,0.0,0.0,0.0
2022-10-04 00:00:00-04:00,273.3943989238036,277.17699598935957,273.3943989238036,276.471435546875,66696900,0.0,0.0,0.0
2022-10-05 00:00:00-04:00,272.698660188439,278.1177462333328,269.8960362954146,276.324462890625,55766300,0.0,0.0,0.0
2022-10-06 00:00:00-04:00,275.3248703546536,278.4802890818558,273.8255582519906,274.1489562988281,53489400,0.0,0.0,0.0
2022-10-07 00:00:00-04:00,269.5040378040313,269.631435237861,262.3700506590773,263.7027893066406,71354700,0.0,0.0,0.0
2022-10-10 00:00:00-04:00,263.8987013073986,264.2907025259189,258.352248912366,261.0666809082031,60393000,0.0,0.0,0.0
2022-10-11 00:00:00-04:00,259.39100393970506,262.26223063656084,255.79459886380482,257.4801025390625,66522500,0.0,0.0,0.0
2022-10-12 00:00:00-04:00,258.11702459561826,260.0377048322944,256.69612494462257,257.3918762207031,50580200,0.0,0.0,0.0
2022-10-13 00:00:00-04:00,250.04228772748806,264.7512433895942,249.1603299561664,263.4283142089844,112894100,0.0,0.0,0.0
2022-10-14 00:00:00-04:00,265.7606508158974,266.35840191000744,254.92247966216505,255.5104217529297,77244300,0.0,0.0,0.0
2022-10-17 00:00:00-04:00,261.48805623327024,264.81985734029354,261.39005592604997,263.9477233886719,64576500,0.0,0.0,0.0
2022-10-18 00:00:00-04:00,270.98367401573574,271.6500281704402,263.34990861800145,266.03497314453125,69781000,0.0,0.0,0.0
2022-10-19 00:00:00-04:00,264.5160840058095,268.1908713282143,262.6934038485347,265.0648498535156,53115400,0.0,0.0,0.0
2022-10-20 00:00:00-04:00,264.1730989565768,269.3276102316729,262.5464194120329,263.7125244140625,60605500,0.0,0.0,0.0
2022-10-21 00:00:00-04:00,262.6052749559838,270.4350141020902,261.46853688542035,269.89605712890625,77897700,0.0,0.0,0.0
2022-10-24 00:00:00-04:00,270.16058119288914,273.79616260261975,266.5151907800213,272.865234375,63963600,0.0,0.0,0.0
2022-10-25 00:00:00-04:00,273.80601824689097,278.89192742891004,272.32629398497915,278.5097351074219,59014500,0.0,0.0,0.0
2022-10-26 00:00:00-04:00,272.8749594903856,278.2842647844963,271.86561924833825,272.3555908203125,63492400,0.0,0.0,0.0
2022-10-27 00:00:00-04:00,271.2384852078249,272.6985909980263,266.8777260296424,267.3970947265625,57760300,0.0,0.0,0.0
2022-10-28 00:00:00-04:00,266.7699703460856,276.0500344201058,266.60336682977663,275.57965087890625,62651300,0.0,0.0,0.0
2022-10-31 00:00:00-04:00,273.3257903097287,274.1489390687213,270.45453379748034,272.375244140625,47742000,0.0,0.0,0.0
2022-11-01 00:00:00-04:00,275.8540770270768,276.4126519624979,269.2296498349258,269.59222412109375,45895900,0.0,0.0,0.0
2022-11-02 00:00:00-04:00,269.56277903005605,272.63000622132586,260.2827151537983,260.351318359375,79803100,0.0,0.0,0.0
2022-11-03 00:00:00-04:00,257.73490294919344,259.1950089306886,254.88326429063474,255.2654266357422,70038900,0.0,0.0,0.0
2022-11-04 00:00:00-04:00,260.2043567551037,261.2626824156032,253.8837101799191,259.37139892578125,78313200,0.0,0.0,0.0
2022-11-07 00:00:00-05:00,260.41993038858107,262.7620092159519,258.28366118491385,262.2230224609375,47333800,0.0,0.0,0.0
2022-11-08 00:00:00-05:00,263.7419398151665,267.37752088748726,260.1945201409094,264.1339111328125,63213800,0.0,0.0,0.0
2022-11-09 00:00:00-05:00,262.3896472598714,263.1735899964773,257.7545043372061,258.0386962890625,64862100,0.0,0.0,0.0
2022-11-10 00:00:00-05:00,270.4741113675473,277.3728894321898,268.3574306299329,277.07891845703125,99256700,0.0,0.0,0.0
2022-11-11 00:00:00-05:00,276.89279064960306,282.85086296610285,275.55027304466245,282.1844787597656,66961800,0.0,0.0,0.0
2022-11-14 00:00:00-05:00,280.1265863075021,283.40940244818376,278.7350835242502,279.71502685546875,55290700,0.0,0.0,0.0
2022-11-15 00:00:00-05:00,286.34920208500887,287.37816041700336,280.23436591621817,283.5857849121094,73985400,0.0,0.0,0.0
2022-11-16 00:00:00-05:00,281.62592831354385,283.67400628713096,278.89187804590483,279.71502685546875,48859800,0.0,0.0,0.0
2022-11-17 00:00:00-05:00,275.24645606015395,280.57734956245355,275.0896615564988,279.0976257324219,55462100,0.0,0.0,0.0
2022-11-18 00:00:00-05:00,282.1159162882337,282.21388670262144,276.65762444048386,279.10748291015625,53588600,0.0,0.0,0.0
2022-11-21 00:00:00-05:00,277.7159306483502,278.87225658755443,275.4032787699417,276.2362365722656,40083500,0.0,0.0,0.0
2022-11-22 00:00:00-05:00,276.97120313245244,280.3715778517728,274.8349038986994,280.2148132324219,41873400,0.0,0.0,0.0
2022-11-23 00:00:00-05:00,280.234377386381,283.6543698199924,280.0579947755605,283.0272216796875,46390000,0.0,0.0,0.0
2022-11-25 00:00:00-05:00,281.4299181627793,282.13547853360353,280.6753725892504,281.16534423828125,15498800,0.0,0.0,0.0
2022-11-28 00:00:00-05:00,279.18578113463514,281.2044615131977,276.10877537435124,277.0397033691406,38714200,0.0,0.0,0.0
2022-11-29 00:00:00-05:00,277.26517950794414,277.66695987831514,273.57080376892094,274.9427185058594,35618900,0.0,0.0,0.0
2022-11-30 00:00:00-05:00,275.20728583941656,287.583975090457,274.3547399128504,287.4761657714844,74718100,0.0,0.0,0.0
2022-12-01 00:00:00-05:00,287.7995823861166,289.8182634176508,285.04594379731026,287.8289794921875,51547300,0.0,0.0,0.0
2022-12-02 00:00:00-05:00,282.75291142308726,287.5644376913528,282.57649886143685,286.6824645996094,53583200,0.0,0.0,0.0
2022-12-05 00:00:00-05:00,284.55594576895356,285.82986012151235,280.41077476341746,281.87091064453125,41482100,0.0,0.0,0.0
2022-12-06 00:00:00-05:00,281.71414634645646,281.8513228749803,274.63895362772695,276.03045654296875,53937600,0.0,0.0,0.0
2022-12-07 00:00:00-05:00,274.8447397211787,276.9026269405661,273.1886329036409,274.9035339355469,45614300,0.0,0.0,0.0
2022-12-08 00:00:00-05:00,276.2558592349817,279.127086341808,274.17838392348284,278.1569519042969,42594900,0.0,0.0,0.0
2022-12-09 00:00:00-05:00,277.13772418223095,279.9109800870673,275.94219232436177,276.3831787109375,47860500,0.0,0.0,0.0
2022-12-12 00:00:00-05:00,276.5596081309065,279.9110274820707,275.5208705922614,279.8522033691406,35732500,0.0,0.0,0.0
2022-12-13 00:00:00-05:00,290.7002039468558,290.9256016950821,280.1756213891042,282.86065673828125,80667700,0.0,0.0,0.0
2022-12-14 00:00:00-05:00,282.2726715576062,285.5652967825722,277.5101612050546,280.7635803222656,64984400,0.0,0.0,0.0
2022-12-15 00:00:00-05:00,276.6674125419887,277.33379679560437,270.1410156832372,271.3365478515625,60554100,0.0,0.0,0.0
2022-12-16 00:00:00-05:00,270.6604135546124,272.19890216060844,267.14238998318325,268.74951171875,68300400,0.0,0.0,0.0
2022-12-19 00:00:00-05:00,269.01956123069436,269.1079636689438,263.7348400900163,264.9725341796875,44167900,0.655,0.0,0.0
2022-12-20 00:00:00-05:00,263.8036115650113,266.5147396211088,262.22214018368135,264.7662658691406,51064200,0.0,0.0,0.0
2022-12-21 00:00:00-05:00,265.807524803152,269.91348741137045,264.962740308283,268.6070556640625,46394700,0.0,0.0,0.0
2022-12-22 00:00:00-05:00,265.5914670545726,265.7191694990096,257.8117202264905,262.03558349609375,60278400,0.0,0.0,0.0
2022-12-23 00:00:00-05:00,260.7683968653958,263.2928880952417,258.8627528218721,262.6249084472656,39373600,0.0,0.0,0.0
2022-12-27 00:00:00-05:00,262.0158729122166,262.12394033758375,258.3715875212446,258.9118347167969,38009000,0.0,0.0,0.0
2022-12-28 00:00:00-05:00,258.50912021521793,260.7683738935606,255.13004220749377,255.4934844970703,47139000,0.0,0.0,0.0
2022-12-29 00:00:00-05:00,258.30287372384885,262.6642420963149,257.60545647740287,261.72125244140625,45893600,0.0,0.0,0.0
2022-12-30 00:00:00-05:00,258.95119284670005,261.69178936495297,257.6447608015694,261.5640869140625,37858300,0.0,0.0,0.0
2023-01-03 00:00:00-05:00,263.89202824546896,265.36546227249795,257.48751246640285,259.7958984375,42335300,0.0,0.0,0.0
2023-01-04 00:00:00-05:00,261.9176231355841,262.7132750394149,257.8803986818044,261.0335388183594,47754900,0.0,0.0,0.0
2023-01-05 00:00:00-05:00,259.36371929767733,259.5306917199179,256.63295577810726,256.947265625,45396700,0.0,0.0,0.0
2023-01-06 00:00:00-05:00,258.68593855497437,265.1592225809144,255.7292376503453,264.0393981933594,54659700,0.0,0.0,0.0
2023-01-09 00:00:00-05:00,266.03337744781555,270.4144089720357,265.139520633471,265.74853515625,45568700,0.0,0.0,0.0
2023-01-10 00:00:00-05:00,264.7170827731506,268.1059921949172,264.2063032274851,267.9979248046875,35247800,0.0,0.0,0.0
2023-01-11 00:00:00-05:00,269.0686841056268,272.74243630189216,268.2828347206711,272.6343688964844,44077000,0.0,0.0,0.0
2023-01-12 00:00:00-05:00,273.1943271601256,275.139270992559,268.89189472834795,274.10784912109375,60600000,0.0,0.0,0.0
2023-01-13 00:00:00-05:00,271.60297089387495,276.2393772380546,271.2689961544025,275.9938049316406,44802900,0.0,0.0,0.0
2023-01-17 00:00:00-05:00,275.79742036728305,277.8405993755311,274.6284934291742,276.5538024902344,36269700,0.0,0.0,0.0
2023-01-18 00:00:00-05:00,278.0959421055457,279.6479761696121,272.75231526276207,272.9585876464844,47754500,0.0,0.0,0.0
2023-01-19 00:00:00-05:00,271.3280039696785,272.4674633746698,269.0392826492269,270.2769470214844,44150400,0.0,0.0,0.0
2023-01-20 00:00:00-05:00,271.88788463329513,278.0075282572097,270.82699532060246,277.6735534667969,60613600,0.0,0.0,0.0
2023-01-23 00:00:00-05:00,278.5183841964085,285.0702386323586,277.7227320682298,283.8423767089844,52799900,0.0,0.0,0.0
2023-01-24 00:00:00-05:00,282.22153210361853,284.4218505095714,281.70091998159967,283.26275634765625,44875100,0.0,0.0,0.0
2023-01-25 00:00:00-05:00,278.74429755127477,283.25300303283507,276.20017118902257,282.6341857910156,50872000,0.0,0.0,0.0
2023-01-26 00:00:00-05:00,286.0623569097901,288.32161082834824,283.4101631992241,288.1448059082031,51596300,0.0,0.0,0.0
2023-01-27 00:00:00-05:00,286.8285292476767,292.97767100846545,286.7106593059651,291.0130920410156,56441900,0.0,0.0,0.0
2023-01-30 00:00:00-05:00,287.7420439480691,289.16637565404983,284.7559055770718,285.129150390625,49405800,0.0,0.0,0.0
2023-01-31 00:00:00-05:00,285.16840460225166,289.5003040173243,285.0603671681348,289.4020690917969,46705100,0.0,0.0,0.0
2023-02-01 00:00:00-05:00,289.19583193314384,298.05607171572416,287.1231856674667,295.5905456542969,67562200,0.0,0.0,0.0
2023-02-02 00:00:00-05:00,302.1227241909579,308.1244973652682,301.29760478441443,306.19921875,83070600,0.0,0.0,0.0
2023-02-03 00:00:00-05:00,299.53932549956994,306.8573933607601,299.14641574356017,300.7573547363281,76170800,0.0,0.0,0.0
2023-02-06 00:00:00-05:00,298.13465635865975,300.4921448518524,296.8674946774453,298.2132263183594,40802300,0.0,0.0,0.0
2023-02-07 00:00:00-05:00,298.0855345313347,305.5214725237731,296.9657401974093,304.391845703125,67584000,0.0,0.0,0.0
2023-02-08 00:00:00-05:00,303.0755603589951,304.0185497287037,298.29181608528523,298.9794006347656,56720900,0.0,0.0,0.0
2023-02-09 00:00:00-05:00,303.37023129139857,303.5175686946116,294.88326711832184,296.3370361328125,49137800,0.0,0.0,0.0
2023-02-10 00:00:00-05:00,294.1760460076324,296.2290272961871,291.9855298114061,294.39215087890625,50050100,0.0,0.0,0.0
2023-02-13 00:00:00-05:00,295.7968666392007,299.6965574790251,294.6181071499005,299.107177734375,39636700,0.0,0.0,0.0
2023-02-14 00:00:00-05:00,297.525638207101,302.27008261908674,295.5806944853738,301.3172607421875,64079100,0.0,0.0,0.0
2023-02-15 00:00:00-05:00,299.5000738577565,303.7926743384244,298.8124891680649,303.6257019042969,43100600,0.0,0.0,0.0
2023-02-16 00:00:00-05:00,298.9891727480658,302.9674317678253,297.78094631606064,297.92828369140625,59498600,0.0,0.0,0.0
2023-02-17 00:00:00-05:00,295.7378609837291,296.5826154333962,292.82046042318797,295.8262634277344,58230700,0.0,0.0,0.0
2023-02-21 00:00:00-05:00,291.995407423965,293.4393742922005,288.6850963665315,288.8226013183594,46526700,0.0,0.0,0.0
2023-02-22 00:00:00-05:00,289.4020469535962,291.1112206140842,287.3785335463025,289.0386047363281,51389200,0.0,0.0,0.0
2023-02-23 00:00:00-05:00,292.69273702453154,292.84990690607964,287.3687159540404,291.5631103515625,69294400,0.0,0.0,0.0
2023-02-24 00:00:00-05:00,286.59278040780714,287.78134225238307,284.9130438596226,286.6811828613281,74332000,0.0,0.0,0.0
2023-02-27 00:00:00-05:00,289.8441226093777,291.2389566843378,288.14475126023916,288.734130859375,48995000,0.0,0.0,0.0
2023-02-28 00:00:00-05:00,288.10543503721385,290.8754980128921,287.7714602778689,288.36083984375,48243100,0.0,0.0,0.0
2023-03-01 00:00:00-05:00,288.06620792003037,288.72432505115296,285.0604046615051,286.0426940917969,58287000,0.0,0.0,0.0
2023-03-02 00:00:00-05:00,283.547628651663,289.21542703528627,283.2627563653812,288.4099426269531,53565900,0.0,0.0,0.0
2023-03-03 00:00:00-05:00,290.1585274482866,294.60829795494266,289.6477176918653,294.3725280761719,60511500,0.0,0.0,0.0
2023-03-06 00:00:00-05:00,295.61014023179746,298.6159430498558,294.5099810274219,294.7064208984375,56736300,0.0,0.0,0.0
2023-03-07 00:00:00-05:00,294.7556564334853,295.67901108374326,290.48269054807423,291.0917053222656,65955800,0.0,0.0,0.0
2023-03-08 00:00:00-05:00,291.5139883921772,293.1445922476932,289.65747718019156,292.54541015625,50876300,0.0,0.0,0.0
2023-03-09 00:00:00-05:00,293.0464016130532,295.6494926655165,286.66152011867,287.4768371582031,71456700,0.0,0.0,0.0
2023-03-10 00:00:00-05:00,287.6437723436789,289.13687131596237,282.2903134622696,283.4395751953125,98593600,0.0,0.0,0.0
2023-03-13 00:00:00-04:00,281.6518597702146,289.2547703850332,280.1391256505903,285.5417175292969,97123600,0.0,0.0,0.0
2023-03-14 00:00:00-04:00,289.0976508013698,292.6535343696233,288.25289613138676,292.10345458984375,73602500,0.0,0.0,0.0
2023-03-15 00:00:00-04:00,289.49044992954816,293.9696864101212,288.0464835656077,293.6357116699219,83631500,0.0,0.0,0.0
2023-03-16 00:00:00-04:00,292.72228277573595,301.73969355398833,291.9266306468959,301.3762512207031,98198100,0.0,0.0,0.0
2023-03-17 00:00:00-04:00,301.2877722844565,303.674728065103,297.9970971669205,299.95184326171875,89923700,0.0,0.0,0.0
2023-03-20 00:00:00-04:00,299.3340810166785,301.3410320733735,297.12050821489515,301.0163879394531,56359500,0.472,0.0,0.0
2023-03-21 00:00:00-04:00,302.9544746352989,305.7681570175095,301.4393987245314,305.31561279296875,49757000,0.0,0.0,0.0
2023-03-22 00:00:00-04:00,305.24674630503034,310.1461313695426,300.9967095272802,301.1639404296875,75791900,0.0,0.0,0.0
2023-03-23 00:00:00-04:00,304.90245991320177,309.06395770110566,302.0395687267942,304.7351989746094,74576000,0.0,0.0,0.0
2023-03-24 00:00:00-04:00,304.3121006275697,305.9550464292265,301.98047585222025,305.856689453125,57195200,0.0,0.0,0.0
2023-03-27 00:00:00-04:00,306.55527848052714,307.63747575520074,302.9053508765654,303.7612609863281,50287400,0.0,0.0,0.0
2023-03-28 00:00:00-04:00,303.1808153987606,303.21032850507174,299.83583655813476,302.1477966308594,48585900,0.0,0.0,0.0
2023-03-29 00:00:00-04:00,305.8468671210992,308.27687909765626,305.0302879825297,307.6570739746094,53274300,0.0,0.0,0.0
2023-03-30 00:00:00-04:00,310.1362740033374,311.1988056823133,307.7456227608923,310.56915283203125,58354800,0.0,0.0,0.0
2023-03-31 00:00:00-04:00,310.79541554972013,315.9702656714388,310.4904368566567,315.734130859375,62138100,0.0,0.0,0.0
2023-04-03 00:00:00-04:00,313.6091341359782,315.23244481650516,312.28101452245835,314.966796875,47126800,0.0,0.0,0.0
2023-04-04 00:00:00-04:00,315.40952513215416,316.42284833764353,312.6843519308902,313.904296875,45875400,0.0,0.0,0.0
2023-04-05 00:00:00-04:00,312.9499659209174,313.8944151110671,308.98521283558773,310.8052673339844,62795700,0.0,0.0,0.0
2023-04-06 00:00:00-04:00,309.1525034616404,313.39272296444466,307.75550980968626,312.90081787109375,46916500,0.0,0.0,0.0
2023-04-10 00:00:00-04:00,309.96906798292446,312.7729328863309,308.17852632267164,312.7237243652344,45134700,0.0,0.0,0.0
2023-04-11 00:00:00-04:00,312.6842946509024,312.74335086790535,310.2051044531303,310.7166748046875,40113600,0.0,0.0,0.0
2023-04-12 00:00:00-04:00,312.6745659149808,313.2648580414664,307.50956234936496,307.9719543457031,62813300,0.0,0.0,0.0
2023-04-13 00:00:00-04:00,309.7328931526092,314.4748646204521,308.55233915122227,314.0026550292969,54613800,0.0,0.0,0.0
2023-04-14 00:00:00-04:00,312.44817850004927,315.1733210793707,310.5002241147666,313.4123229980469,56278300,0.0,0.0,0.0
2023-04-17 00:00:00-04:00,312.99920811309613,314.03222683385826,310.92338300909137,313.67803955078125,43007000,0.0,0.0,0.0
2023-04-18 00:00:00-04:00,315.79315187054,316.21621297443687,312.49741249810626,313.6976318359375,46746900,0.0,0.0,0.0
2023-04-19 00:00:00-04:00,311.2873586333086,314.6126415888436,311.1594585160185,313.55010986328125,38960100,0.0,0.0,0.0
2023-04-20 00:00:00-04:00,310.5789795342484,314.1010061038637,309.8706351373399,311.159423828125,62462100,0.0,0.0,0.0
2023-04-21 00:00:00-04:00,310.7954208380183,312.26128813113644,309.0147271391236,311.48406982421875,59002300,0.0,0.0,0.0
2023-04-24 00:00:00-04:00,311.25787003960903,312.5958374752224,308.6605967490596,310.8348388671875,44043100,0.0,0.0,0.0
2023-04-25 00:00:00-04:00,309.20162251666926,309.8706060444131,304.87286495242125,304.9712219238281,57121600,0.0,0.0,0.0
2023-04-26 00:00:00-04:00,308.3654509330792,309.8411661347025,306.2994436461061,306.82086181640625,55400500,0.0,0.0,0.0
2023-04-27 00:00:00-04:00,310.58889329416763,315.6653275241942,309.94939264300683,315.1636047363281,65430400,0.0,0.0,0.0
2023-04-28 00:00:00-04:00,314.927452199237,317.426338382803,313.79607653325536,317.3377990722656,59712600,0.0,0.0,0.0
2023-05-01 00:00:00-04:00,316.8753373673437,318.3904130690702,315.89152743542974,316.9737243652344,41013400,0.0,0.0,0.0
2023-05-02 00:00:00-04:00,316.9048889666333,317.2295630967691,312.4678960271113,314.2092590332031,56519400,0.0,0.0,0.0
2023-05-03 00:00:00-04:00,314.5732710641641,317.2492356655561,312.04487196912623,312.1531066894531,59882100,0.0,0.0,0.0
2023-05-04 00:00:00-04:00,311.92681435241155,313.07788532974376,310.01822043945054,311.0512390136719,50224500,0.0,0.0,0.0
2023-05-05 00:00:00-04:00,313.3140214873927,318.5183856176378,311.0906009279849,317.6624755859375,51806100,0.0,0.0,0.0
2023-05-08 00:00:00-04:00,317.2000349928511,318.7938023970426,316.1178379827523,318.449462890625,36465800,0.0,0.0,0.0
2023-05-09 00:00:00-04:00,316.78695763556146,317.6527156154702,316.1179737505453,316.43280029296875,31768800,0.0,0.0,0.0
2023-05-10 00:00:00-04:00,318.87250163596127,320.7319170011194,316.39331117258314,319.8760070800781,60446600,0.0,0.0,0.0
2023-05-11 00:00:00-04:00,320.4269487294922,321.4599372836662,318.87251202066807,320.9188537597656,44278500,0.0,0.0,0.0
2023-05-12 00:00:00-04:00,321.4500679140584,321.8731290294451,317.7116019453039,319.76776123046875,48432800,0.0,0.0,0.0
2023-05-15 00:00:00-04:00,320.24005281717564,321.73543344270627,318.7151290644636,321.49932861328125,33375600,0.0,0.0,0.0
2023-05-16 00:00:00-04:00,320.7811146668355,323.5751317119794,320.74175385676267,321.8633117675781,40019200,0.0,0.0,0.0
2023-05-17 00:00:00-04:00,322.92580798377355,326.3396301298811,321.7452539130898,325.7591857910156,47486100,0.0,0.0,0.0
2023-05-18 00:00:00-04:00,326.15266311219904,332.0260097019731,326.13299772170035,331.8095703125,64213500,0.0,0.0,0.0
2023-05-19 00:00:00-04:00,332.0260347726971,332.7343791895953,329.99938852891864,331.0619201660156,61554900,0.0,0.0,0.0
2023-05-22 00:00:00-04:00,330.8061042248821,333.1869375756649,330.7962565176089,332.1736145019531,43015900,0.0,0.0,0.0
2023-05-23 00:00:00-04:00,330.4519587736382,331.6029996725392,327.60873343256856,327.962890625,48216700,0.0,0.0,0.0
2023-05-24 00:00:00-04:00,326.0051739994368,327.5202500806925,324.2244799784853,326.2806396484375,62891200,0.0,0.0,0.0
2023-05-25 00:00:00-04:00,333.6493740514875,335.48909414755377,331.2193618866053,334.219970703125,66862800,0.0,0.0,0.0
2023-05-26 00:00:00-04:00,335.24310659517005,343.59564392222364,335.14471959006306,342.7593994140625,63007000,0.0,0.0,0.0
2023-05-30 00:00:00-04:00,346.99962492208846,348.1998743514908,342.8873062302095,344.3138427734375,72652200,0.0,0.0,0.0
2023-05-31 00:00:00-04:00,342.72993175643774,344.9238391648621,340.90005931752535,342.3560791015625,65105400,0.0,0.0,0.0
2023-06-01 00:00:00-04:00,342.1002684440527,347.6390936268913,341.04758451891763,346.31097412109375,50488600,0.0,0.0,0.0
2023-06-02 00:00:00-04:00,348.07195863796505,350.0690916948379,346.31096039208313,348.908203125,53372100,0.0,0.0,0.0
2023-06-05 00:00:00-04:00,348.69181336527123,351.7121176370537,348.12121670643876,349.1542053222656,47266200,0.0,0.0,0.0
2023-06-06 00:00:00-04:00,348.5441921142105,350.0592678621732,347.21604266089565,349.0951232910156,41390400,0.0,0.0,0.0
2023-06-07 00:00:00-04:00,349.3804460479306,351.338218317684,342.5429546179051,343.172607421875,69225900,0.0,0.0,0.0
2023-06-08 00:00:00-04:00,343.46780236109106,347.8949481340111,343.2415452366287,347.43255615234375,47153900,0.0,0.0,0.0
2023-06-09 00:00:00-04:00,348.88858126936157,351.86952467742464,347.31447910149126,348.76068115234375,53196900,0.0,0.0,0.0
2023-06-12 00:00:00-04:00,350.4232850306058,354.75204301020216,349.44932274165876,354.6536560058594,44606500,0.0,0.0,0.0
2023-06-13 00:00:00-04:00,357.40838883524145,358.21509032014467,354.2011582191671,357.3788757324219,57097800,0.0,0.0,0.0
2023-06-14 00:00:00-04:00,357.38874000087077,360.2614791515974,354.58490479704085,359.9761657714844,69525600,0.0,0.0,0.0
2023-06-15 00:00:00-04:00,358.70695236934944,365.75103562480996,358.08717728445663,364.2655029296875,71138800,0.0,0.0,0.0
2023-06-16 00:00:00-04:00,366.6856638661125,366.81356396968573,361.5305090811511,361.97320556640625,80932000,0.0,0.0,0.0
2023-06-20 00:00:00-04:00,360.51919447416657,362.85401808956453,358.48976795232016,361.455078125,49204700,0.504,0.0,0.0
2023-06-21 00:00:00-04:00,360.31224491159173,360.74571751962696,355.6031834558307,356.52923583984375,53378300,0.0,0.0,0.0
2023-06-22 00:00:00-04:00,355.2781383792763,360.8935304875478,354.8742193047937,360.7359313964844,47603000,0.0,0.0,0.0
2023-06-23 00:00:00-04:00,356.8346705164173,359.46506002591866,355.46531422846476,357.1597900390625,48922900,0.0,0.0,0.0
2023-06-26 00:00:00-04:00,356.6277531134022,359.4256025963642,352.2831959387062,352.3718566894531,52685500,0.0,0.0,0.0
2023-06-27 00:00:00-04:00,353.9185250337171,359.1595804139706,353.18951667661383,358.4305419921875,49428100,0.0,0.0,0.0
2023-06-28 00:00:00-04:00,356.6081205157872,361.0807239258555,356.5292909032333,359.130126953125,46498000,0.0,0.0,0.0
2023-06-29 00:00:00-04:00,358.83446950352044,359.47484719964973,356.76565870417534,358.4108581542969,46151000,0.0,0.0,0.0
2023-06-30 00:00:00-04:00,362.0954397093564,364.991811664529,361.7802114510369,363.9377136230469,58712500,0.0,0.0,0.0
2023-07-03 00:00:00-04:00,364.5780329650448,365.4252558192242,363.494351354722,364.7947692871094,19432900,0.0,0.0,0.0
2023-07-05 00:00:00-04:00,363.228312324183,366.48918779800874,363.18889752686977,364.78485107421875,34460900,0.0,0.0,0.0
2023-07-06 00:00:00-04:00,361.07083034889985,362.45004768326476,359.11034243267966,362.0067138671875,49374700,0.0,0.0,0.0
2023-07-07 00:00:00-04:00,361.7801685299418,364.9819372104598,360.57827262266767,360.8048400878906,47133700,0.0,0.0,0.0
2023-07-10 00:00:00-04:00,360.5290073491374,361.6028277308447,358.0168623354268,360.9230651855469,48498800,0.0,0.0,0.0
2023-07-11 00:00:00-04:00,361.3466822765827,363.159372253432,359.20887280974875,362.7062072753906,38214100,0.0,0.0,0.0
2023-07-12 00:00:00-04:00,366.81434398549743,368.63689536838575,364.80460986214194,367.2872314453125,61975400,0.0,0.0,0.0
2023-07-13 00:00:00-04:00,370.469253637395,374.35078484648756,369.8880130841644,373.52325439453125,46960000,0.0,0.0,0.0
2023-07-14 00:00:00-04:00,373.9566996187592,377.17816043474403,372.56762108397237,373.4444274902344,55148500,0.0,0.0,0.0
2023-07-17 00:00:00-04:00,374.16355851415483,377.8086606163784,373.6808399896064,376.9318542480469,40868900,0.0,0.0,0.0
2023-07-18 00:00:00-04:00,376.29150971395444,381.38479749666817,374.36060553509486,380.0154113769531,55262000,0.0,0.0,0.0
2023-07-19 00:00:00-04:00,381.0794382741658,382.2222270016943,378.5968168760338,379.9267883300781,54093000,0.0,0.0,0.0
2023-07-20 00:00:00-04:00,376.9318601692175,378.3997682616013,370.1441268783706,371.168701171875,71941700,0.0,0.0,0.0
2023-07-21 00:00:00-04:00,373.5528160865386,374.28185464657395,369.62203883827016,370.0555114746094,60499600,0.0,0.0,0.0
2023-07-24 00:00:00-04:00,371.03083360417656,371.97657847818334,368.7846707379809,370.6466369628906,40380100,0.0,0.0,0.0
2023-07-25 00:00:00-04:00,371.3559539702874,374.82370522590776,371.3362315352572,373.1587829589844,38894400,0.0,0.0,0.0
2023-07-26 00:00:00-04:00,372.11446336784644,373.6118950482436,369.61214971331725,371.91741943359375,47075700,0.0,0.0,0.0
2023-07-27 00:00:00-04:00,377.38508348516143,379.0007295454255,369.7402356055219,371.0307922363281,63940200,0.0,0.0,0.0
2023-07-28 00:00:00-04:00,375.0896741076016,378.8135763679888,374.5774019148181,377.7890319824219,56902900,0.0,0.0,0.0
2023-07-31 00:00:00-04:00,378.0944061373745,379.168226478944,376.66591271101356,377.98602294921875,44019900,0.0,0.0,0.0
2023-08-01 00:00:00-04:00,376.6363654968615,377.86781500087017,375.04041175001595,377.1092529296875,41060600,0.0,0.0,0.0
2023-08-02 00:00:00-04:00,373.63167677753046,373.63167677753046,367.59264301693156,368.8339538574219,72687100,0.0,0.0,0.0
2023-08-03 00:00:00-04:00,366.4202770315307,370.3707767884127,366.2527866651259,368.2428283691406,47666400,0.0,0.0,0.0
2023-08-04 00:00:00-04:00,370.1737326539145,372.4888638078676,366.0163577938433,366.518798828125,61702800,0.0,0.0,0.0
2023-08-07 00:00:00-04:00,368.33148309942624,369.72056176974223,365.99665961314304,369.6220397949219,37230400,0.0,0.0,0.0
2023-08-08 00:00:00-04:00,367.10991726045603,367.1296096307511,363.34660007067083,366.4794006347656,44726500,0.0,0.0,0.0
2023-08-09 00:00:00-04:00,366.7651079956974,366.92273715325285,361.6915416246747,362.4501037597656,51150900,0.0,0.0,0.0
2023-08-10 00:00:00-04:00,365.46464920141693,368.80432453124456,361.5929792823066,363.1199645996094,72035300,0.0,0.0,0.0
2023-08-11 00:00:00-04:00,360.5585501893892,362.5387305940395,359.27785474305597,360.8048400878906,48707200,0.0,0.0,0.0
2023-08-14 00:00:00-04:00,360.0068831368418,364.972096183408,359.28773583483417,364.8538818359375,42130800,0.0,0.0,0.0
2023-08-15 00:00:00-04:00,363.878549931913,364.67655689923794,360.31227684808397,360.9822082519531,45539900,0.0,0.0,0.0
2023-08-16 00:00:00-04:00,360.4403584644806,361.9772051223847,357.0612680605431,357.1597900390625,53190500,0.0,0.0,0.0
2023-08-17 00:00:00-04:00,358.55867783661154,358.9034897078548,352.84476421055285,353.2585144042969,62604300,0.0,0.0,0.0
2023-08-18 00:00:00-04:00,349.98778252008736,354.0761885364602,349.4459267424536,352.815185546875,61191400,0.0,0.0,0.0
2023-08-21 00:00:00-04:00,354.28303054735636,359.1792741328138,353.8200044111778,358.49951171875,50696500,0.0,0.0,0.0
2023-08-22 00:00:00-04:00,361.11024382191454,361.12010503873574,357.2976809330937,357.9873046875,44530200,0.0,0.0,0.0
2023-08-23 00:00:00-04:00,359.16949118146084,364.7258060263344,358.95275485634835,363.63226318359375,51770600,0.0,0.0,0.0
2023-08-24 00:00:00-04:00,367.1099115903095,367.2084035049508,355.65249988869135,355.859375,66842500,0.0,0.0,0.0
2023-08-25 00:00:00-04:00,356.69672425690334,360.3122429567423,353.25849699524684,358.6177673339844,69960500,0.0,0.0,0.0
2023-08-28 00:00:00-04:00,361.543675598097,362.25299164129996,358.84434818645246,361.3171081542969,40910000,0.0,0.0,0.0
2023-08-29 00:00:00-04:00,361.12012991556895,369.5629555891602,360.79504044961345,369.2082824707031,58492400,0.0,0.0,0.0
2023-08-30 00:00:00-04:00,369.31661525522287,371.8484825028727,368.3117332773397,371.2672119140625,41731500,0.0,0.0,0.0
2023-08-31 00:00:00-04:00,371.346057106072,374.08479955517583,371.2770887194619,372.3804626464844,35730700,0.0,0.0,0.0
2023-09-01 00:00:00-04:00,374.75471582239464,375.17832724616864,370.4988190213584,371.9864196777344,39801200,0.0,0.0,0.0
2023-09-05 00:00:00-04:00,371.17853364558823,373.68084719136573,370.2524813112772,372.4592590332031,32344200,0.0,0.0,0.0
2023-09-06 00:00:00-04:00,371.68096337245987,372.0257751996488,367.16894623155537,369.17864990234375,42998700,0.0,0.0,0.0
2023-09-07 00:00:00-04:00,364.71587064005234,367.31670601249317,363.6716040308791,366.5384216308594,52060700,0.0,0.0,0.0
2023-09-08 00:00:00-04:00,366.48926308017946,369.2871129705082,366.0853440026221,367.05078125,35800100,0.0,0.0,0.0
2023-09-11 00:00:00-04:00,370.0850536990267,371.8878825130161,368.11473452694946,371.3756103515625,39936600,0.0,0.0,0.0
2023-09-12 00:00:00-04:00,369.700805786122,371.35589664472434,366.97192471288514,367.25762939453125,41391000,0.0,0.0,0.0
2023-09-13 00:00:00-04:00,367.4940740958543,370.2623700891692,366.36114660051237,368.65655517578125,46300700,0.0,0.0,0.0
2023-09-14 00:00:00-04:00,370.4101395228763,372.6563021545594,368.34132846411154,371.671142578125,48039400,0.0,0.0,0.0
2023-09-15 00:00:00-04:00,370.33135744312096,370.73527649626243,364.371123685909,365.3070373535156,69811200,0.0,0.0,0.0
2023-09-18 00:00:00-04:00,364.36584496048613,366.8027128907005,364.0797266716834,365.6878662109375,36903500,0.536,0.0,0.0
2023-09-19 00:00:00-04:00,364.3658371750615,365.70757927226896,361.879621947097,364.908447265625,37621700,0.0,0.0,0.0
2023-09-20 00:00:00-04:00,365.9739503427575,366.3291067165045,359.57098915058174,359.6499328613281,45514200,0.0,0.0,0.0
2023-09-21 00:00:00-04:00,355.96010412579864,356.7493907409862,352.891837088586,353.0595397949219,69734800,0.0,0.0,0.0
2023-09-22 00:00:00-04:00,354.80581530410115,356.9466893835174,352.7931720730554,353.10888671875,51589700,0.0,0.0,0.0
2023-09-25 00:00:00-04:00,352.14205959769305,354.8749215114472,351.1554738054546,354.7861022949219,39168000,0.0,0.0,0.0
2023-09-26 00:00:00-04:00,352.20114149351684,352.7437815733963,348.4718495768488,349.45843505859375,53657700,0.0,0.0,0.0
2023-09-27 00:00:00-04:00,350.6128097723963,352.1913528189911,346.64671622794873,350.2773742675781,56066000,0.0,0.0,0.0
2023-09-28 00:00:00-04:00,349.3598417980911,355.3385787373545,348.50151707108864,353.2075500488281,56453300,0.0,0.0,0.0
2023-09-29 00:00:00-04:00,356.6901740269418,358.08126336623945,352.23078774851723,353.4640197753906,64829600,0.0,0.0,0.0
2023-10-02 00:00:00-04:00,353.7303959780167,357.8148445501434,353.1187177466327,356.4139099121094,51625100,0.0,0.0,0.0
2023-10-03 00:00:00-04:00,353.96717193786543,356.16726861244763,348.5409512670307,350.1589660644531,60478500,0.0,0.0,0.0
2023-10-04 00:00:00-04:00,350.997602715278,355.7726741496621,350.53390620676305,354.9242248535156,54786700,0.0,0.0,0.0
2023-10-05 00:00:00-04:00,354.91432088361586,355.3188246231154,350.3760508678176,353.87841796875,45897400,0.0,0.0,0.0
2023-10-06 00:00:00-04:00,350.8792415740633,361.001621742451,350.0899849597441,359.807861328125,75049100,0.0,0.0,0.0
2023-10-09 00:00:00-04:00,357.43995789204183,362.18543231305404,355.9403585893951,361.642822265625,45304800,0.0,0.0,0.0
2023-10-10 00:00:00-04:00,361.97823683847247,366.29948641928246,361.4750986752042,363.64556884765625,46968800,0.0,0.0,0.0
2023-10-11 00:00:00-04:00,364.977527913343,366.42781014295076,363.25100288324836,366.2403564453125,38215100,0.0,0.0,0.0
2023-10-12 00:00:00-04:00,366.7434930775793,368.7265097527362,362.57022495546477,364.9676208496094,49587900,0.0,0.0,0.0
2023-10-13 00:00:00-04:00,365.5990823590476,366.18116432862075,358.97907041170765,360.3800354003906,52469900,0.0,0.0,0.0
2023-10-16 00:00:00-04:00,361.7020681656381,365.51030487289694,361.5540863226039,364.45465087890625,44201100,0.0,0.0,0.0
2023-10-17 00:00:00-04:00,360.90290999926657,364.9577928543433,358.7817567806545,363.2608642578125,50999100,0.0,0.0,0.0
2023-10-18 00:00:00-04:00,360.7648318403143,362.9747743309581,357.163769692481,358.49566650390625,54280500,0.0,0.0,0.0
2023-10-19 00:00:00-04:00,359.9163062538782,361.110066452406,354.34210338885663,355.1412353515625,72274200,0.0,0.0,0.0
2023-10-20 00:00:00-04:00,354.6381151810378,355.2103517926349,349.6163971861062,349.84332275390625,72559700,0.0,0.0,0.0
2023-10-23 00:00:00-04:00,348.5212811005158,354.44079542083324,346.4099732076633,350.8989562988281,60665200,0.0,0.0,0.0
2023-10-24 00:00:00-04:00,352.71423610627215,355.0820355824691,351.01730762849365,354.3125,47082100,0.0,0.0,0.0
2023-10-25 00:00:00-04:00,351.9150806660202,352.09265884053417,345.05829899300005,345.640380859375,71190500,0.0,0.0,0.0
2023-10-26 00:00:00-04:00,344.4367983762788,345.3740668443835,337.7576239562373,339.050048828125,78621400,0.0,0.0,0.0
2023-10-27 00:00:00-04:00,341.7828886855002,344.16056391799447,339.46440618840353,340.67791748046875,63476700,0.0,0.0,0.0
2023-10-30 00:00:00-04:00,343.1640689388819,345.8377376935948,341.80260605044055,344.5157165527344,55298500,0.0,0.0,0.0
2023-10-31 00:00:00-04:00,344.5452843882043,346.5381763713732,341.97028043206956,346.16326904296875,47671900,0.0,0.0,0.0
2023-11-01 00:00:00-04:00,347.00193131124155,352.73399194682804,346.90326671741013,352.171630859375,58992700,0.0,0.0,0.0
2023-11-02 00:00:00-04:00,356.6901905197439,358.8014681911074,355.4668038189394,358.564697265625,58162400,0.0,0.0,0.0
2023-11-03 00:00:00-04:00,359.85708938851224,364.0697989654304,359.6301638667373,362.7773742675781,53280500,0.0,0.0,0.0
2023-11-06 00:00:00-05:00,363.5469508009669,364.8196547697104,361.9881586604035,364.2572937011719,38848700,0.0,0.0,0.0
2023-11-07 00:00:00-05:00,365.3030743677261,368.5686706087958,364.09943861576465,367.70050048828125,50777400,0.0,0.0,0.0
2023-11-08 00:00:00-05:00,368.07533166550337,368.77582909897967,365.6483395905833,367.9372253417969,35663400,0.0,0.0,0.0
2023-11-09 00:00:00-05:00,368.62786125694754,369.7722740677285,364.6124506038928,365.1057434082031,53859400,0.0,0.0,0.0
2023-11-10 00:00:00-05:00,366.83227318690604,373.4621297708735,366.2995085207451,373.31414794921875,58309800,0.0,0.0,0.0
2023-11-13 00:00:00-05:00,371.73567523506745,373.20567845518474,370.2064491668843,372.1500244140625,40733500,0.0,0.0,0.0
2023-11-14 00:00:00-05:00,378.56280768816015,381.07861940220005,378.03991844777033,380.16107177734375,67792600,0.0,0.0,0.0
2023-11-15 00:00:00-05:00,382.055344232461,382.54863712365847,379.08571139282526,380.44720458984375,54141400,0.0,0.0,0.0
2023-11-16 00:00:00-05:00,379.6776707507478,381.00956758517157,378.4148421474013,380.7727966308594,45343500,0.0,0.0,0.0
2023-11-17 00:00:00-05:00,380.0426587786193,381.8777237872097,379.1350168197854,380.8615417480469,46571900,0.0,0.0,0.0
2023-11-20 00:00:00-05:00,380.87138493142095,386.15949976599205,380.87138493142095,385.49847412109375,44429600,0.0,0.0,0.0
2023-11-21 00:00:00-05:00,383.791706349746,384.00875640443104,381.5126958296553,383.2589416503906,43337000,0.0,0.0,0.0
2023-11-22 00:00:00-05:00,385.33074397285407,387.79720796616436,383.82126921327625,384.82757568359375,44121000,0.0,0.0,0.0
2023-11-24 00:00:00-05:00,384.42307947458505,385.01503686616735,383.28851203717113,384.28497314453125,15718800,0.0,0.0,0.0
2023-11-27 00:00:00-05:00,383.7917276298496,385.903005453209,383.0715092020502,383.9495849609375,34139700,0.0,0.0,0.0
2023-11-28 00:00:00-05:00,383.199750263669,385.5379535243204,382.8445637601163,384.95587158203125,35491100,0.0,0.0,0.0
2023-11-29 00:00:00-05:00,387.4223654655157,388.85292686435287,384.2356826138443,384.58099365234375,38811700,0.0,0.0,0.0
2023-11-30 00:00:00-05:00,384.8473373519922,385.31103383621644,380.6445027354517,383.6141052246094,52834400,0.0,0.0,0.0
2023-12-01 00:00:00-05:00,382.5486034338027,385.3011859545719,380.89114669131624,384.709228515625,40490100,0.0,0.0,0.0
2023-12-04 00:00:00-05:00,380.9108308206259,381.41399911142213,377.5268494374432,381.13775634765625,51186900,0.0,0.0,0.0
2023-12-05 00:00:00-05:00,379.2336950637311,383.28854787502587,379.0560867539073,382.09478759765625,42933000,0.0,0.0,0.0
2023-12-06 00:00:00-05:00,385.03480542072907,385.1334700162449,379.5395457381617,379.88482666015625,41994100,0.0,0.0,0.0
2023-12-07 00:00:00-05:00,382.8642992780169,386.02135528366534,381.76917355352117,385.192626953125,49593500,0.0,0.0,0.0
2023-12-08 00:00:00-05:00,383.45625203502465,387.353247228677,383.2687983557027,386.9093017578125,46687500,0.0,0.0,0.0
2023-12-11 00:00:00-05:00,386.485032594399,390.48072233192903,386.2778580490791,390.2143249511719,41198000,0.0,0.0,0.0
2023-12-12 00:00:00-05:00,390.25381601945304,393.44049849740657,389.11924854733235,393.3221130371094,39221200,0.0,0.0,0.0
2023-12-13 00:00:00-05:00,394.25936845589735,398.9357749899192,393.48983282234684,398.3240966796875,55408100,0.0,0.0,0.0
2023-12-14 00:00:00-05:00,399.54742717832005,400.84969722306585,394.96965577094187,397.978759765625,55447800,0.0,0.0,0.0
2023-12-15 00:00:00-05:00,398.75820588677146,401.0865638235725,398.1564030543354,399.90264892578125,62896600,0.0,0.0,0.0
2023-12-18 00:00:00-05:00,400.2961490102313,403.3211292805037,399.9699386615482,402.4215393066406,46610000,0.808,0.0,0.0
2023-12-19 00:00:00-05:00,402.87626569847384,404.59634410373195,402.6884375774002,404.47772216796875,35711900,0.0,0.0,0.0
2023-12-20 00:00:00-05:00,403.6769655756174,405.7727000758011,398.28932174752657,398.4672546386719,54042400,0.0,0.0,0.0
2023-12-21 00:00:00-05:00,402.4017101602885,403.46936781901707,399.84135305832086,403.10357666015625,45568900,0.0,0.0,0.0
2023-12-22 00:00:00-05:00,404.31953461254375,405.27843544904323,401.8283835483958,403.7066345214844,34314000,0.0,0.0,0.0
2023-12-26 00:00:00-05:00,404.56665747034475,406.85022006300187,404.46779580870526,406.1780090332031,22722500,0.0,0.0,0.0
2023-12-27 00:00:00-05:00,406.46087246395894,407.2916928416781,405.60035082369023,407.0048522949219,31980500,0.216,0.0,0.0
2023-12-28 00:00:00-05:00,408.16212774935417,408.40939682298944,406.4510148934812,406.80706787109375,27029200,0.0,0.0,0.0
2023-12-29 00:00:00-05:00,406.78726205839257,407.14334518944673,403.1276680111543,405.0464782714844,42662100,0.0,0.0,0.0
2024-01-02 00:00:00-05:00,401.40666672202366,401.6539357629906,395.8678341675219,398.1921691894531,58026900,0.0,0.0,0.0
2024-01-03 00:00:00-05:00,395.561196004032,396.61951467142984,393.54350249992865,393.9786682128906,47002800,0.0,0.0,0.0
2024-01-04 00:00:00-05:00,392.10942771193663,395.2250121545766,391.733573872239,391.951171875,39432800,0.0,0.0,0.0
2024-01-05 00:00:00-05:00,392.11927431902103,395.1952868342146,391.0213840335171,392.4159851074219,44922800,0.0,0.0,0.0
2024-01-08 00:00:00-05:00,393.64240599098235,400.81320805500906,393.4940506058097,400.5263977050781,42473800,0.0,0.0,0.0
2024-01-09 00:00:00-05:00,397.5196690433994,402.24745266525576,397.3218417048927,401.3177185058594,39132900,0.0,0.0,0.0
2024-01-10 00:00:00-05:00,401.63418024922,405.0464750326956,400.7440177050181,404.0376281738281,33962800,0.0,0.0,0.0
2024-01-11 00:00:00-05:00,405.3136139861501,406.70821528951643,399.8242220238508,404.87841796875,54536200,0.0,0.0,0.0
2024-01-12 00:00:00-05:00,405.916910564091,406.75763146231475,403.6914888721999,405.0860900878906,39595000,0.0,0.0,0.0
2024-01-16 00:00:00-05:00,403.84970451009025,406.62900624283634,402.3858608543528,405.0464782714844,43903000,0.0,0.0,0.0
2024-01-17 00:00:00-05:00,401.7331012147119,403.13757254275214,398.5186035024624,402.76171875,54386000,0.0,0.0,0.0
2024-01-18 00:00:00-05:00,406.0355875350851,409.0621585664853,404.69045826966845,408.4786071777344,59562500,0.0,0.0,0.0
2024-01-19 00:00:00-05:00,410.68427610584496,416.73741843300735,410.10072469160826,416.57916259765625,70325100,0.0,0.0,0.0
2024-01-22 00:00:00-05:00,418.78480992525573,420.0903979170171,416.5198166919413,417.1231689453125,44880600,0.0,0.0,0.0
2024-01-23 00:00:00-05:00,417.8154862180531,419.071632413058,415.97581882346543,418.8540344238281,33003800,0.0,0.0,0.0
2024-01-24 00:00:00-05:00,422.77077325468605,425.1544507438239,420.6838065798753,421.1783447265625,46948000,0.0,0.0,0.0
2024-01-25 00:00:00-05:00,423.6807108328353,424.35330565914444,419.3485819787149,421.69268798828125,44367200,0.0,0.0,0.0
2024-01-26 00:00:00-05:00,419.8035733768017,421.55422767070206,418.527656418622,419.1804504394531,37137000,0.0,0.0,0.0
2024-01-29 00:00:00-05:00,419.6353712499051,423.6708192677647,418.9825773004216,423.4729919433594,38694700,0.0,0.0,0.0
2024-01-30 00:00:00-05:00,422.43446911616866,423.00812005564006,419.74418052978876,420.65411376953125,36739000,0.0,0.0,0.0
2024-01-31 00:00:00-05:00,416.25275134537867,418.2506745304422,412.2371041320946,412.4151306152344,64010600,0.0,0.0,0.0
2024-02-01 00:00:00-05:00,414.21524244909244,417.7660224895652,413.2459368782287,417.271484375,51008600,0.0,0.0,0.0
2024-02-02 00:00:00-05:00,419.1704994430535,425.54015285865825,418.1715529635228,424.3236083984375,59602400,0.0,0.0,0.0
2024-02-05 00:00:00-05:00,424.3829673380894,424.9170467974545,420.35741962826177,423.7697448730469,39889200,0.0,0.0,0.0
2024-02-06 00:00:00-05:00,424.9170823248632,425.52043460280197,420.5750527819262,422.9191589355469,35846100,0.0,0.0,0.0
2024-02-07 00:00:00-05:00,425.7082994648084,428.10184701400823,424.4027116102208,427.2710266113281,37712700,0.0,0.0,0.0
2024-02-08 00:00:00-05:00,427.3897525769773,428.8239253093951,426.70731768816063,428.0623474121094,29889900,0.0,0.0,0.0
2024-02-09 00:00:00-05:00,429.1997442306421,433.0670359352017,428.4084953155892,432.2757568359375,36943900,0.0,0.0,0.0
2024-02-12 00:00:00-05:00,432.1669701427517,434.34294992138797,429.90197712556375,430.5844421386719,33203300,0.0,0.0,0.0
2024-02-13 00:00:00-05:00,422.61250583435543,426.5589104777303,420.68379504149027,423.8686218261719,64491700,0.0,0.0,0.0
2024-02-14 00:00:00-05:00,426.5490288846273,428.9129054022339,424.1950226041561,428.48760986328125,45092700,0.0,0.0,0.0
2024-02-15 00:00:00-05:00,429.1800288899622,430.2284474204348,426.6182945466326,429.7635803222656,38796100,0.0,0.0,0.0
2024-02-16 00:00:00-05:00,430.1393014110588,430.2381848695077,425.15434962647714,425.8664855957031,53716500,0.0,0.0,0.0
2024-02-20 00:00:00-05:00,423.8686441630712,425.38192972280626,418.8738208289966,422.652099609375,53999500,0.0,0.0,0.0
2024-02-21 00:00:00-05:00,419.91233591921423,421.0497978246627,417.02424999316816,420.96075439453125,49779000,0.0,0.0,0.0
2024-02-22 00:00:00-05:00,429.74372759451074,434.3231554336822,428.972249331563,433.2846374511719,53887800,0.0,0.0,0.0
2024-02-23 00:00:00-05:00,434.847372066645,435.7771061666254,431.0295521880033,432.00872802734375,39853900,0.0,0.0,0.0
2024-02-26 00:00:00-05:00,432.8197982334862,433.8088745410654,431.59332308682286,431.78125,33043200,0.0,0.0,0.0
2024-02-27 00:00:00-05:00,432.8890057637283,433.20548721652256,430.2778300347507,432.81976318359375,33713200,0.0,0.0,0.0
2024-02-28 00:00:00-05:00,430.673453572072,431.899928616804,429.55579260792126,430.51519775390625,32938800,0.0,0.0,0.0
2024-02-29 00:00:00-05:00,433.4428594736849,435.2825266556424,430.2679032454021,434.2044372558594,42495200,0.0,0.0,0.0
2024-03-01 00:00:00-05:00,435.0946316599595,441.701653694709,435.0352895003345,440.74224853515625,43853000,0.0,0.0,0.0
2024-03-04 00:00:00-05:00,440.7422442825303,441.16757000135414,438.9223476417633,439.16961669921875,34325700,0.0,0.0,0.0
2024-03-05 00:00:00-05:00,436.1233102879435,436.13321070998603,428.9129355407324,431.2867126464844,57917100,0.0,0.0,0.0
2024-03-06 00:00:00-05:00,435.5100811773009,437.1618216857246,432.11755673185337,433.9967956542969,46234500,0.0,0.0,0.0
2024-03-07 00:00:00-05:00,437.58711514912994,441.84013082742956,436.04412847428506,440.5840148925781,44526700,0.0,0.0,0.0
2024-03-08 00:00:00-05:00,440.94007933389213,443.7391820165276,433.5516785602011,434.2242431640625,72096000,0.0,0.0,0.0
2024-03-11 00:00:00-04:00,432.73074486330546,433.86817647471133,430.68334985224834,432.612060546875,45860000,0.0,0.0,0.0
2024-03-12 00:00:00-04:00,434.92650573753195,439.169621073095,431.69220711590737,438.8135681152344,55300900,0.0,0.0,0.0
2024-03-13 00:00:00-04:00,437.8146034192605,437.8344042624904,434.32316540516723,435.4408264160156,37928700,0.0,0.0,0.0
2024-03-14 00:00:00-04:00,436.6771619918081,437.2013711940787,431.6229968703131,434.34295654296875,52195200,0.0,0.0,0.0
2024-03-15 00:00:00-04:00,431.3065006408254,434.07590215099276,428.01285972544184,429.17999267578125,73069800,0.0,0.0,0.0
2024-03-18 00:00:00-04:00,434.5112345408061,436.799019433192,433.0355416540417,433.27325439453125,47323800,0.573,0.0,0.0
2024-03-19 00:00:00-04:00,431.2627591956044,434.75881378474264,429.1631195603212,434.3527526855469,43004100,0.0,0.0,0.0
2024-03-20 00:00:00-04:00,435.5511236461475,439.83947355327797,433.8476617642306,439.50274658203125,43653500,0.0,0.0,0.0
2024-03-21 00:00:00-04:00,444.563615836014,445.01918405535713,441.38449136499906,441.5825500488281,39345700,0.0,0.0,0.0
2024-03-22 00:00:00-04:00,441.06755210012795,443.1869582956942,440.2158060824554,442.087646484375,28253900,0.0,0.0,0.0
2024-03-25 00:00:00-04:00,439.2848593167333,441.968822012634,438.284591919368,440.4832458496094,27789200,0.0,0.0,0.0
2024-03-26 00:00:00-04:00,442.0083930206614,442.9294731649867,438.8292686570567,439.05706787109375,34142000,0.0,0.0,0.0
2024-03-27 00:00:00-04:00,442.1470854064944,442.2461298625254,437.6804433893789,440.55255126953125,41359200,0.0,0.0,0.0
2024-03-28 00:00:00-04:00,440.5030022936043,441.3547482655822,439.3838635174645,439.74041748046875,36839600,0.0,0.0,0.0
2024-04-01 00:00:00-04:00,440.69121403763677,443.2265949148535,438.75995295363714,440.6714172363281,38729000,0.0,0.0,0.0
2024-04-02 00:00:00-04:00,435.8482222344713,437.18524681676587,433.81794691537067,436.8683166503906,44259700,0.0,0.0,0.0
2024-04-03 00:00:00-04:00,434.7389953416227,439.7305396599772,434.7291120530437,437.84881591796875,39949800,0.0,0.0,0.0
2024-04-04 00:00:00-04:00,442.0381514217208,442.6522149927811,430.9260398725093,431.1538391113281,57267700,0.0,0.0,0.0
2024-04-05 00:00:00-04:00,432.5799469665105,438.90851559479387,431.7678247864334,436.2344665527344,54744600,0.0,0.0,0.0
2024-04-08 00:00:00-04:00,437.16549002797586,438.24500517088006,434.9767494253582,436.36328125,28144900,0.0,0.0,0.0
2024-04-09 00:00:00-04:00,438.7005306265955,438.9778369644632,433.23362129829235,437.9775695800781,39443600,0.0,0.0,0.0
2024-04-10 00:00:00-04:00,432.7978417360344,435.01629239724105,432.0847639914861,434.1546630859375,61502200,0.0,0.0,0.0
2024-04-11 00:00:00-04:00,436.0265234674991,442.0381321210691,433.74862185114915,441.0873718261719,45474600,0.0,0.0,0.0
2024-04-12 00:00:00-04:00,436.85843750519206,437.9874596754413,432.67901534686695,434.0556335449219,53665000,0.0,0.0,0.0
2024-04-15 00:00:00-04:00,437.80917209382505,437.898303031709,426.0731150198092,426.9149475097656,63453600,0.0,0.0,0.0
2024-04-16 00:00:00-04:00,426.7565009348942,429.5890151660871,425.5680581541315,426.95458984375,47619000,0.0,0.0,0.0
2024-04-17 00:00:00-04:00,428.93534570732106,428.955142507988,420.814184263637,421.7451477050781,56880500,0.0,0.0,0.0
2024-04-18 00:00:00-04:00,422.3889319346268,424.1221042195833,418.7641222717654,419.33856201171875,46549400,0.0,0.0,0.0
2024-04-19 00:00:00-04:00,418.15996493819904,418.68486728846034,409.09795670581633,410.6627502441406,75231000,0.0,0.0,0.0
2024-04-22 00:00:00-04:00,413.2971739563557,417.12995547253286,409.9595844753255,414.79266357421875,47807700,0.0,0.0,0.0
2024-04-23 00:00:00-04:00,416.7239047204478,422.1809307549363,414.84218098500753,420.9825744628906,44384700,0.0,0.0,0.0
2024-04-24 00:00:00-04:00,424.08247343018746,425.59775985749303,420.1209371262123,422.4087219238281,48440300,0.0,0.0,0.0
2024-04-25 00:00:00-04:00,415.2086075113914,421.2301595778061,414.11920921453924,420.3685302734375,57392200,0.0,0.0,0.0
2024-04-26 00:00:00-04:00,423.5080571053355,428.3906436155652,422.8148063483676,426.8555603027344,41874900,0.0,0.0,0.0
2024-04-29 00:00:00-04:00,428.9650653893637,429.58901220141706,425.8453615532208,428.5887145996094,30022200,0.0,0.0,0.0
2024-04-30 00:00:00-04:00,427.0040887581163,428.40053393359545,420.4279542033129,420.5071716308594,43665900,0.0,0.0,0.0
2024-05-01 00:00:00-04:00,419.0810669168183,426.0038730062728,416.61501993800255,417.46673583984375,52251700,0.0,0.0,0.0
2024-05-02 00:00:00-04:00,421.21036224287167,423.69623610357513,416.58528523907813,422.79498291015625,36559000,0.0,0.0,0.0
2024-05-03 00:00:00-04:00,430.262442093191,432.2828339850437,428.45993589775503,431.2924499511719,48515300,0.0,0.0,0.0
2024-05-06 00:00:00-04:00,433.09501699372186,436.1057935525525,432.3225184938257,436.01666259765625,30227200,0.0,0.0,0.0
2024-05-07 00:00:00-04:00,436.46228829673737,437.72006523266936,435.353032707992,436.0859375,30996100,0.0,0.0,0.0
2024-05-08 00:00:00-04:00,433.4614278631959,437.23478891429755,433.34255638141855,435.82843017578125,24896700,0.0,0.0,0.0
2024-05-09 00:00:00-04:00,436.09580737355435,437.3536144949182,434.2437939852255,436.7791748046875,24580100,0.0,0.0,0.0
2024-05-10 00:00:00-04:00,438.2845993624885,440.03756838394236,436.2642072837091,437.8092041015625,27116600,0.0,0.0,0.0
2024-05-13 00:00:00-04:00,439.7206501782885,439.81969463835946,437.4031548884309,438.81939697265625,22994200,0.0,0.0,0.0
2024-05-14 00:00:00-04:00,438.39353947668786,442.17681419663,438.2053640696036,441.6419982910156,34478300,0.0,0.0,0.0
2024-05-15 00:00:00-04:00,444.11799469383584,448.7926094861758,442.6027080251392,448.5450134277344,41464700,0.0,0.0,0.0
2024-05-16 00:00:00-04:00,448.35675006791064,450.31772134684235,447.46541047716795,447.6337890625,34780400,0.0,0.0,0.0
2024-05-17 00:00:00-04:00,447.76253432284136,448.366684331453,445.2172701938097,447.4159240722656,35803700,0.0,0.0,0.0
2024-05-20 00:00:00-04:00,447.6337959867833,451.1991544049052,447.44562059843406,450.5356140136719,24474200,0.0,0.0,0.0
2024-05-21 00:00:00-04:00,448.68361370427937,451.60522861647325,448.48552479790663,451.41705322265625,23167700,0.0,0.0,0.0
2024-05-22 00:00:00-04:00,451.674582383685,452.4272839916617,448.72322680557244,451.32794189453125,25120000,0.0,0.0,0.0
2024-05-23 00:00:00-04:00,456.12139940247897,456.1511097174414,447.50507559800815,449.29766845703125,40899200,0.0,0.0,0.0
2024-05-24 00:00:00-04:00,450.9119918653778,454.8141076936755,449.2085299798056,453.5464172363281,29669500,0.0,0.0,0.0
2024-05-28 00:00:00-04:00,454.76454307996664,455.31915573278667,452.29849645495904,455.2597351074219,26216800,0.0,0.0,0.0
2024-05-29 00:00:00-04:00,451.10014308429754,453.83358254085584,450.961474808148,452.0509033203125,29739200,0.0,0.0,0.0
2024-05-30 00:00:00-04:00,451.11991465485835,451.25858292325256,445.8807748012719,447.2078857421875,30536800,0.0,0.0,0.0
2024-05-31 00:00:00-04:00,447.4357559057489,448.129036909429,438.7996047963007,446.37603759765625,55941300,0.0,0.0,0.0
2024-06-03 00:00:00-04:00,450.198921679843,451.1991890997421,443.59304622749636,448.77276611328125,32997500,0.0,0.0,0.0
2024-06-04 00:00:00-04:00,448.5151869734717,451.1991190892577,446.7919285246518,450.0007629394531,23767400,0.0,0.0,0.0
2024-06-05 00:00:00-04:00,453.5761340823465,459.15197133792043,450.04045548956805,459.07275390625,33817400,0.0,0.0,0.0
2024-06-06 00:00:00-04:00,459.7560780803062,460.0730082253945,457.745599697593,458.91424560546875,21966800,0.0,0.0,0.0
2024-06-07 00:00:00-04:00,458.5478635750326,461.2615064868881,457.39901432881345,458.50823974609375,25829700,0.0,0.0,0.0
2024-06-10 00:00:00-04:00,457.3792242132735,460.71681402717616,457.0920043414882,460.3602600097656,20660800,0.0,0.0,0.0
2024-06-11 00:00:00-04:00,459.0826602839929,463.63843324942377,457.58717060137843,463.5195617675781,22053300,0.0,0.0,0.0
2024-06-12 00:00:00-04:00,467.4513734442813,471.9180153282366,466.7581227209805,469.5906066894531,34532600,0.0,0.0,0.0
2024-06-13 00:00:00-04:00,473.1263094263888,473.7898800943953,469.8580538757527,472.13592529296875,25859000,0.0,0.0,0.0
2024-06-14 00:00:00-04:00,471.9378145079992,474.65148746022913,471.4723327778962,474.5821533203125,23372600,0.0,0.0,0.0
2024-06-17 00:00:00-04:00,474.8495341233791,482.17837014074405,473.54225013126796,480.39569091796875,37054500,0.0,0.0,0.0
2024-06-18 00:00:00-04:00,480.3461918069638,481.2276179206919,478.78136803670156,480.54425048828125,24438600,0.0,0.0,0.0
2024-06-20 00:00:00-04:00,481.74262310012705,482.1585674757915,475.00799342285035,476.8402099609375,33918700,0.0,0.0,0.0
2024-06-21 00:00:00-04:00,476.5629502483652,477.8999748920205,474.0671930779008,475.5626525878906,37456800,0.0,0.0,0.0
2024-06-24 00:00:00-04:00,474.3345941263354,476.07052108362217,470.0096706376766,470.1485290527344,37751000,0.762,0.0,0.0
2024-06-25 00:00:00-04:00,472.24152329210784,475.82247767960627,471.29915094162914,475.52490234375,29014700,0.0,0.0,0.0
2024-06-26 00:00:00-04:00,474.7015868097137,477.05255318376294,474.2849813160983,476.5069580078125,22737100,0.0,0.0,0.0
2024-06-27 00:00:00-04:00,476.25899140241336,479.2150378931876,475.44557836994903,477.73699951171875,26222100,0.0,0.0,0.0
2024-06-28 00:00:00-04:00,478.53059103888904,483.282079612265,474.61234377682473,475.2571105957031,34881600,0.0,0.0,0.0
2024-07-01 00:00:00-04:00,476.17960842567174,478.60988777899087,472.4300077537797,478.04449462890625,24898300,0.0,0.0,0.0
2024-07-02 00:00:00-04:00,476.54666976122564,483.1233578470698,476.41771034430104,483.0638427734375,26723600,0.0,0.0,0.0
2024-07-03 00:00:00-04:00,482.30991028523573,487.22011541355243,482.30991028523573,487.0911560058594,18064900,0.0,0.0,0.0
2024-07-05 00:00:00-04:00,487.93433230475875,492.60644693883444,487.6367266822081,492.16998291015625,28495900,0.0,0.0,0.0
2024-07-08 00:00:00-04:00,492.5370618394464,493.8960398899425,491.51534598400906,493.3405456542969,22109400,0.0,0.0,0.0
2024-07-09 00:00:00-04:00,494.85818889737385,495.97910652165876,492.249333953524,493.76702880859375,25614500,0.0,0.0,0.0
2024-07-10 00:00:00-04:00,495.6914190828017,499.4707773682386,494.3820572776978,498.915283203125,28046900,0.0,0.0,0.0
2024-07-11 00:00:00-04:00,499.0244281050416,499.2327308546622,486.7836673248715,487.9739990234375,49966600,0.0,0.0,0.0
2024-07-12 00:00:00-04:00,488.5493686532913,495.60217729832374,488.0831470637036,490.8407897949219,37109400,0.0,0.0,0.0
2024-07-15 00:00:00-04:00,492.61635700216624,496.98099738699784,490.1166331862592,492.1600646972656,31151400,0.0,0.0,0.0
2024-07-16 00:00:00-04:00,493.6182771718583,494.4316902312629,489.18422242492244,492.34857177734375,25950600,0.0,0.0,0.0
2024-07-17 00:00:00-04:00,484.35331755443156,484.869124887301,477.82624633769507,477.8956604003906,56268800,0.0,0.0,0.0
2024-07-18 00:00:00-04:00,481.6254383755221,481.8039835768392,472.43989623818027,475.6340026855469,49347400,0.0,0.0,0.0
2024-07-19 00:00:00-04:00,475.29677314789285,477.81635549276973,470.1286793186739,471.418212890625,42042900,0.0,0.0,0.0
2024-07-22 00:00:00-04:00,477.2906090401018,479.4629999102959,473.8683411563272,478.4412841796875,40300000,0.0,0.0,0.0
2024-07-23 00:00:00-04:00,477.53866043505366,480.53436367583976,476.2788842614331,476.7550048828125,23282500,0.0,0.0,0.0
2024-07-24 00:00:00-04:00,470.00964098720937,470.3766606771933,458.79059618135454,459.6535949707031,58818600,0.0,0.0,0.0
2024-07-25 00:00:00-04:00,459.99090161165,464.17696682601115,451.9659626404924,454.584716796875,59256800,0.0,0.0,0.0
2024-07-26 00:00:00-04:00,458.92948381548075,462.1831057036395,456.07263917765084,459.2469177246094,39992100,0.0,0.0,0.0
2024-07-29 00:00:00-04:00,461.964875633635,464.1471959279414,457.90776995790696,460.16943359375,28218500,0.0,0.0,0.0
2024-07-30 00:00:00-04:00,462.1037466972394,462.80802856311044,450.4978233175342,453.85064697265625,41317200,0.0,0.0,0.0
2024-07-31 00:00:00-04:00,464.1075206769537,468.9879687874832,462.65927004857963,467.28179931640625,44552100,0.0,0.0,0.0
2024-08-01 00:00:00-04:00,467.96626365938727,471.7257638715574,452.3131626833933,455.96356201171875,56653900,0.0,0.0,0.0
2024-08-02 00:00:00-04:00,447.2640710604141,449.92251191215183,440.89568575875717,445.1412658691406,66323200,0.0,0.0,0.0
2024-08-05 00:00:00-04:00,421.29458720530823,438.7332304958826,420.04474037365134,431.8688659667969,87483500,0.0,0.0,0.0
2024-08-06 00:00:00-04:00,433.71393042413985,443.47479628382376,431.0653884921357,435.99542236328125,63164400,0.0,0.0,0.0
2024-08-07 00:00:00-04:00,442.89943365435545,445.3892585731149,430.87690439120644,431.273681640625,54929200,0.0,0.0,0.0
2024-08-08 00:00:00-04:00,437.5131289308338,445.37935104842387,433.6345683136623,444.4667663574219,47890100,0.0,0.0,0.0
2024-08-09 00:00:00-04:00,443.1474331355581,448.4246584601883,442.02651543354915,446.7879333496094,33574000,0.0,0.0,0.0
2024-08-12 00:00:00-04:00,447.7600208217018,450.71603684650245,444.94283292947677,447.7500915527344,27795000,0.0,0.0,0.0
2024-08-13 00:00:00-04:00,452.15442902026695,459.12789449565406,452.01554033086876,458.86004638671875,40084500,0.0,0.0,0.0
2024-08-14 00:00:00-04:00,459.7825763186971,461.3696852946636,454.71365393980193,459.00885009765625,34733700,0.0,0.0,0.0
2024-08-15 00:00:00-04:00,464.9903407727649,471.00160511090996,464.61339180896005,470.6048278808594,38280600,0.0,0.0,0.0
2024-08-16 00:00:00-04:00,468.8193073837925,472.57883766047564,467.8571066619658,471.2099304199219,38383600,0.0,0.0,0.0
2024-08-19 00:00:00-04:00,471.34882847524597,477.43943656320204,469.5632854107965,477.3997497558594,23737700,0.0,0.0,0.0
2024-08-20 00:00:00-04:00,476.4871607951865,479.0563290804587,474.701617746839,476.39788818359375,29209300,0.0,0.0,0.0
2024-08-21 00:00:00-04:00,477.1814909972868,480.4747995624965,475.46542264592534,478.6198425292969,25658800,0.0,0.0,0.0
2024-08-22 00:00:00-04:00,480.9410251114475,481.63540798205025,469.999727033811,471.0313720703125,37739600,0.0,0.0,0.0
2024-08-23 00:00:00-04:00,475.3860251970434,478.8578788029496,471.45787930770894,476.1399230957031,36061500,0.0,0.0,0.0
2024-08-26 00:00:00-04:00,475.5943896395711,476.51690353621575,469.4343071814681,471.5174255371094,27452600,0.0,0.0,0.0
2024-08-27 00:00:00-04:00,469.88070629501414,473.99732698185517,467.91661806023484,472.926025390625,27510000,0.0,0.0,0.0
2024-08-28 00:00:00-04:00,472.4597544289434,473.1838645022519,464.1273120464925,467.5594787597656,37372400,0.0,0.0,0.0
2024-08-29 00:00:00-04:00,469.47401742424904,474.0866174099052,465.59545688476163,466.8750915527344,41081500,0.0,0.0,0.0
2024-08-30 00:00:00-04:00,471.21982170300964,473.06484938482146,466.72625236422147,472.4399108886719,33466500,0.0,0.0,0.0
2024-09-03 00:00:00-04:00,469.3946718201247,469.52360096835037,455.7155586156468,458.09625244140625,44985200,0.0,0.0,0.0
2024-09-04 00:00:00-04:00,454.9815429864893,460.71506095382165,454.0490997295039,456.9059143066406,32505100,0.0,0.0,0.0
2024-09-05 00:00:00-04:00,455.2790671899236,461.6176644985026,454.2573514302926,457.3324279785156,34452400,0.0,0.0,0.0
2024-09-06 00:00:00-04:00,456.62810375201417,457.5109610784589,444.5857469754508,445.08172607421875,50624400,0.0,0.0,0.0
2024-09-09 00:00:00-04:00,449.4166233262503,451.7973171830769,446.20268813314266,450.80535888671875,32981200,0.0,0.0,0.0
2024-09-10 00:00:00-04:00,452.57103577848284,455.4774965444328,448.59330366252664,454.9715881347656,29680300,0.0,0.0,0.0
2024-09-11 00:00:00-04:00,456.2115530037745,465.595470202267,447.6509478882776,464.85150146484375,57843000,0.0,0.0,0.0
2024-09-12 00:00:00-04:00,464.8812634483093,470.22793335635157,463.09575057028786,469.4145202636719,40067800,0.0,0.0,0.0
2024-09-13 00:00:00-04:00,468.6804395051492,472.69785826290064,468.4522782122762,471.5174255371094,29111800,0.0,0.0,0.0
2024-09-16 00:00:00-04:00,469.3847708811553,470.0493660187437,466.11132045717886,469.4343566894531,22585600,0.0,0.0,0.0
2024-09-17 00:00:00-04:00,472.4598133335985,473.75927624673307,467.18258806697463,469.68231201171875,30084400,0.0,0.0,0.0
2024-09-18 00:00:00-04:00,470.8825665914544,474.9793285022384,467.04366295376417,467.6487731933594,39909200,0.0,0.0,0.0
2024-09-19 00:00:00-04:00,478.7289622118295,482.3198765482769,476.6260155402931,479.4729309082031,52782500,0.0,0.0,0.0
2024-09-20 00:00:00-04:00,478.6099495755716,479.8003116421884,474.45364188465174,478.56036376953125,34577700,0.0,0.0,0.0
2024-09-23 00:00:00-04:00,479.7394898731133,480.92158149700435,478.3984582486053,479.8288879394531,24843000,0.677,0.0,0.0
2024-09-24 00:00:00-04:00,481.23941740642243,483.09698124372767,476.97795812602965,482.14337158203125,25952600,0.0,0.0,0.0
2024-09-25 00:00:00-04:00,481.5175252200048,484.54726755271423,481.3387291034352,482.5903625488281,26549900,0.0,0.0,0.0
2024-09-26 00:00:00-04:00,490.0901931881352,490.41801640583714,482.5705094037965,486.21612548828125,32020200,0.0,0.0,0.0
2024-09-27 00:00:00-04:00,487.2392922329425,487.3783761028853,482.3321295557156,483.51422119140625,22851100,0.0,0.0,0.0
2024-09-30 00:00:00-04:00,482.55065431475936,485.1631755800261,479.70968143362984,484.825439453125,30281100,0.0,0.0,0.0
2024-10-01 00:00:00-04:00,484.45789556530616,484.7558891089586,474.22634938914285,478.07061767578125,42735400,0.0,0.0,0.0
2024-10-02 00:00:00-04:00,477.1666675287949,480.6632868155441,474.54423337843764,478.7461242675781,23744000,0.0,0.0,0.0
2024-10-03 00:00:00-04:00,476.55078111196957,481.3288028328077,475.80576695198806,478.38848876953125,25337200,0.0,0.0,0.0
2024-10-04 00:00:00-04:00,484.2095544580303,484.63668863947703,479.1831946220503,484.0804138183594,30686600,0.0,0.0,0.0
2024-10-07 00:00:00-04:00,482.16324837425714,483.33539671773843,477.6732769407057,478.8951110839844,24975100,0.0,0.0,0.0
2024-10-08 00:00:00-04:00,481.4380421027617,486.7325955637371,480.6334293107615,486.04718017578125,28272000,0.0,0.0,0.0
2024-10-09 00:00:00-04:00,485.74920714012944,490.447773778929,484.7061994960775,489.8716125488281,24995000,0.0,0.0,0.0
2024-10-10 00:00:00-04:00,487.5869454823355,491.1828756848467,486.2757132704031,489.31536865234375,25750400,0.0,0.0,0.0
2024-10-11 00:00:00-04:00,487.4776224231671,491.10338200779745,486.9114347391252,490.0802001953125,20644500,0.0,0.0,0.0
2024-10-14 00:00:00-04:00,492.47420829002317,495.5138635907322,491.96761928304056,494.1927185058594,26060100,0.0,0.0,0.0
2024-10-15 00:00:00-04:00,494.52049274163846,495.1860520276672,485.43132653566585,487.5869140625,34784500,0.0,0.0,0.0
2024-10-16 00:00:00-04:00,487.91470906379936,488.4213283685863,484.32872229968694,487.6465148925781,22996800,0.0,0.0,0.0
2024-10-17 00:00:00-04:00,493.1397531110063,493.18940859356604,487.92465422473487,487.9842529296875,27210700,0.0,0.0,0.0
2024-10-18 00:00:00-04:00,490.77558329020013,492.27555480613046,490.0206259209049,491.182861328125,25335000,0.0,0.0,0.0
2024-10-21 00:00:00-04:00,489.97096880094847,492.93116924698734,488.0438631229109,492.1265563964844,30336500,0.0,0.0,0.0
2024-10-22 00:00:00-04:00,489.4544555633244,494.14307930498154,488.69949816726046,492.6629638671875,26685800,0.0,0.0,0.0
2024-10-23 00:00:00-04:00,490.30873810325465,490.96435423225506,481.82550131944987,485.1134948730469,39346600,0.0,0.0,0.0
2024-10-24 00:00:00-04:00,488.8385238750436,489.7226218611036,486.18629054626865,489.0471496582031,22024900,0.0,0.0,0.0
2024-10-25 00:00:00-04:00,491.8484255582351,496.95424013060915,491.1431236657781,492.0272216796875,38762100,0.0,0.0,0.0
2024-10-28 00:00:00-04:00,495.14631415045017,495.2059128554716,491.8086654104397,492.1066589355469,20477800,0.0,0.0,0.0
2024-10-29 00:00:00-04:00,492.4245661860894,498.01714406315233,490.5670023757053,496.8350524902344,28014100,0.0,0.0,0.0
2024-10-30 00:00:00-04:00,496.07013879654005,497.0237483609991,492.59340631319196,493.08013916015625,29756000,0.0,0.0,0.0
2024-10-31 00:00:00-04:00,489.1067461640381,489.1564016466418,480.5341120892308,480.6334533691406,41245200,0.0,0.0,0.0
2024-11-01 00:00:00-04:00,482.27250423331776,487.48760340370893,481.9745106923199,484.1896667480469,33655800,0.0,0.0,0.0
2024-11-04 00:00:00-05:00,483.5837266285996,486.1267058425176,481.03080419194885,482.77911376953125,23291600,0.0,0.0,0.0
2024-11-05 00:00:00-05:00,484.36844013699425,489.60342550753097,484.2790420788911,488.9378662109375,24353600,0.0,0.0,0.0
2024-11-06 00:00:00-05:00,497.23240720260725,503.04352401415497,496.2787975165944,502.2190246582031,43082200,0.0,0.0,0.0
2024-11-07 00:00:00-05:00,505.0202233472017,510.91082459330283,504.96062464380856,510.12603759765625,32853100,0.0,0.0,0.0
2024-11-08 00:00:00-05:00,509.6293527001951,511.4968595467081,509.00353601070395,510.7220764160156,22924500,0.0,0.0,0.0
2024-11-11 00:00:00-05:00,511.9439000672988,512.1525258483883,507.52350112496475,510.4241027832031,24167500,0.0,0.0,0.0
2024-11-12 00:00:00-05:00,510.35457310077174,511.2386104698655,506.4407327396311,509.500244140625,25835300,0.0,0.0,0.0
2024-11-13 00:00:00-05:00,508.993692609422,511.5564976376752,506.55996758838785,508.84466552734375,24567400,0.0,0.0,0.0
2024-11-14 00:00:00-05:00,508.50694501082694,509.3810695111337,504.394452216944,505.308349609375,28679500,0.0,0.0,0.0
2024-11-15 00:00:00-05:00,499.59653880271634,499.98393038226766,491.2027009075782,493.2688903808594,51461100,0.0,0.0,0.0
2024-11-18 00:00:00-05:00,494.8185334852246,498.80188548578275,493.4278464758973,496.6959533691406,27080800,0.0,0.0,0.0
2024-11-19 00:00:00-05:00,494.1132725868944,500.5998613443361,493.7755061565385,500.11309814453125,24523000,0.0,0.0,0.0
2024-11-20 00:00:00-05:00,499.81509950184636,500.13297948322725,493.2589688807076,499.8250427246094,29565500,0.0,0.0,0.0
2024-11-21 00:00:00-05:00,502.87458895036497,503.5898037198209,494.25229945698686,501.62298583984375,34526700,0.0,0.0,0.0
2024-11-22 00:00:00-05:00,501.0667550906421,503.16271378627715,499.4376428502107,502.4276428222656,23826600,0.0,0.0,0.0
2024-11-25 00:00:00-05:00,506.5103141303656,508.050028330759,500.90782311642806,503.2223205566406,26375200,0.0,0.0,0.0
2024-11-26 00:00:00-05:00,504.70242113391146,506.74875475287973,503.85809593420913,505.92425537109375,26557100,0.0,0.0,0.0
2024-11-27 00:00:00-05:00,504.79174184374676,504.86125345045195,498.59320422584875,501.9407958984375,24957400,0.0,0.0,0.0
2024-11-29 00:00:00-05:00,502.5666490697379,506.94733571598675,501.9507755832965,506.351318359375,15334000,0.0,0.0,0.0
2024-12-02 00:00:00-05:00,507.61295523018157,512.8280546686069,507.2255332922684,511.8644714355469,25147200,0.0,0.0,0.0
2024-12-03 00:00:00-05:00,510.5333884386152,513.7121276862027,509.9572271715717,513.4339599609375,18597900,0.0,0.0,0.0
2024-12-04 00:00:00-05:00,516.8610361785198,520.0397754194261,516.145791050347,519.781494140625,26086200,0.0,0.0,0.0
2024-12-05 00:00:00-05:00,519.8310926249068,520.5562202670988,517.9536425774054,518.341064453125,18169600,0.0,0.0,0.0
2024-12-06 00:00:00-05:00,519.0066327445587,523.2184363287621,518.8774921095275,522.9800415039062,23762600,0.0,0.0,0.0
2024-12-09 00:00:00-05:00,522.05625826133,522.8509279284456,517.7550260804971,518.9073486328125,20674400,0.0,0.0,0.0
2024-12-10 00:00:00-05:00,520.1390419811773,521.8873514458777,515.7086696162847,517.1390991210938,24350000,0.0,0.0,0.0
2024-12-11 00:00:00-05:00,521.5099406153433,527.0826322868602,521.1026928624702,526.397216796875,32168600,0.0,0.0,0.0
2024-12-12 00:00:00-05:00,524.172087298011,525.4436072298987,522.5231493050896,522.9999389648438,23577500,0.0,0.0,0.0
2024-12-13 00:00:00-05:00,526.9336318983244,529.6255775680266,523.7946049815864,527.003173828125,28780400,0.0,0.0,0.0
2024-12-16 00:00:00-05:00,529.5361568963015,535.5658114467504,529.4566717517013,534.59228515625,31979900,0.0,0.0,0.0
2024-12-17 00:00:00-05:00,532.7943729529336,533.9069225697383,530.5792169420574,532.2380981445312,28579100,0.0,0.0,0.0
2024-12-18 00:00:00-05:00,531.5924317281934,533.3109115605209,511.58630471039754,513.0365600585938,54703200,0.0,0.0,0.0
2024-12-19 00:00:00-05:00,517.7252440498319,518.2914620886642,510.4141862887627,510.75189208984375,46441800,0.0,0.0,0.0
2024-12-20 00:00:00-05:00,507.0467099804337,521.3311197650482,505.9043609895219,515.2120361328125,60530000,0.0,0.0,0.0
2024-12-23 00:00:00-05:00,516.9283129789839,520.6096547422801,513.5255874709457,520.2315673828125,29672800,0.835,0.0,0.0
2024-12-24 00:00:00-05:00,522.1817089140545,527.3753394867748,521.5449237989343,527.2858276367188,17558200,0.0,0.0,0.0
2024-12-26 00:00:00-05:00,525.6541027671784,528.5593514336211,523.6542355176792,526.9276123046875,19090500,0.0,0.0,0.0
2024-12-27 00:00:00-05:00,523.3557601634299,523.7935423499296,515.2468608204825,519.9231567382812,33839600,0.0,0.0,0.0
2024-12-30 00:00:00-05:00,512.9087686326234,516.7393174088666,509.2473146765622,513.0082397460938,34584000,0.0,0.0,0.0
2024-12-31 00:00:00-05:00,514.2917319661082,515.0478459733405,507.68522302330774,508.65032958984375,29117000,0.0,0.0,0.0
2025-01-02 00:00:00-05:00,511.70483525262233,514.0330543562292,503.1581839494331,507.6553955078125,36389800,0.0,0.0,0.0
2025-01-03 00:00:00-05:00,510.75966659640244,517.0279260529678,509.9438576684863,515.9633178710938,29059500,0.0,0.0,0.0
2025-01-06 00:00:00-05:00,521.3758536522039,525.2561381071918,519.3959047599175,521.8931884765625,36109700,0.0,0.0,0.0
2025-01-07 00:00:00-05:00,522.9378882230591,523.335833378113,510.6900071781392,512.5803833007812,36690300,0.0,0.0,0.0
2025-01-08 00:00:00-05:00,512.4808782025573,514.3115593941594,507.99362634128687,512.669921875,30777800,0.0,0.0,0.0
2025-01-10 00:00:00-05:00,508.8990985985744,508.9985697107834,501.3772485549007,504.6307373046875,40532500,0.0,0.0,0.0
2025-01-13 00:00:00-05:00,498.6709567862965,503.4666119884404,497.17852578677275,503.0089416503906,31694200,0.0,0.0,0.0
2025-01-14 00:00:00-05:00,506.1728767537031,507.58572476161,499.0589618879038,502.5313415527344,33737200,0.0,0.0,0.0
2025-01-15 00:00:00-05:00,510.44124844999436,515.236872995838,508.87913311499364,514.0927124023438,34957600,0.0,0.0,0.0
2025-01-16 00:00:00-05:00,516.3612201395633,516.4408334651224,510.36167895068803,510.49102783203125,28229000,0.0,0.0,0.0
2025-01-17 00:00:00-05:00,520.2116841905068,521.4255596709942,510.5208417683664,519.1072998046875,51837900,0.0,0.0,0.0
2025-01-21 00:00:00-05:00,521.8334628963586,523.3159346639001,517.4357831491008,522.15185546875,23628000,0.0,0.0,0.0
2025-01-22 00:00:00-05:00,526.8977897673428,531.1263442087582,526.5893564607029,528.8280029296875,33593000,0.0,0.0,0.0
2025-01-23 00:00:00-05:00,526.3703999596165,530.0716601200355,525.7834111540478,529.9522705078125,23096600,0.0,0.0,0.0
2025-01-24 00:00:00-05:00,530.3303669169458,531.0964401539385,525.4849461020708,526.9574584960938,19878300,0.0,0.0,0.0
2025-01-27 00:00:00-05:00,508.42153200479015,515.3762512683116,507.57581496885507,511.6153564453125,60771700,0.0,0.0,0.0
2025-01-28 00:00:00-05:00,512.6201673808628,520.3609385993179,509.1975535777298,519.1769409179688,33194200,0.0,0.0,0.0
2025-01-29 00:00:00-05:00,519.8236841608818,519.9530330379257,514.2917423982929,518.201904296875,26649000,0.0,0.0,0.0
2025-01-30 00:00:00-05:00,521.0673481367949,523.4452418932513,515.5951014840432,520.41064453125,27431300,0.0,0.0,0.0
2025-01-31 00:00:00-05:00,524.2610600801457,528.8378841779202,518.5599940127812,519.6544189453125,38755200,0.0,0.0,0.0
2025-02-03 00:00:00-05:00,510.8789438178903,518.2217083708772,508.47117241208633,515.4955444335938,40580800,0.0,0.0,0.0
2025-02-04 00:00:00-05:00,516.0129890744747,522.4602714517823,515.614983190396,521.823486328125,26046800,0.0,0.0,0.0
2025-02-05 00:00:00-05:00,519.1868804659659,524.3506939252882,517.9929235736566,524.1914672851562,21134100,0.0,0.0,0.0
2025-02-06 00:00:00-05:00,524.6989250686672,527.1365745057541,523.0871044523607,526.9276123046875,19434500,0.0,0.0,0.0
2025-02-07 00:00:00-05:00,527.4649102497111,529.4149811581992,519.5550140724782,520.2813110351562,29605500,0.0,0.0,0.0
2025-02-10 00:00:00-05:00,524.5595601596075,527.68372994529,524.0919609808617,526.579345703125,20852800,0.0,0.0,0.0
2025-02-11 00:00:00-05:00,523.306019618235,527.2459985319832,523.1766707420592,525.3257446289062,19325500,0.0,0.0,0.0
2025-02-12 00:00:00-05:00,519.6644316230244,526.5196788561027,519.3162220342847,525.6341552734375,25009400,0.0,0.0,0.0
2025-02-13 00:00:00-05:00,527.3056905351805,533.5141936498824,526.5196987532877,533.1958618164062,28714800,0.0,0.0,0.0
2025-02-14 00:00:00-05:00,533.3052931830399,536.1210299534633,532.966982109474,535.4345092773438,17862600,0.0,0.0,0.0
2025-02-18 00:00:00-05:00,537.0064842826905,537.2751412860282,533.3351017214825,536.6483154296875,20565000,0.0,0.0,0.0
2025-02-19 00:00:00-05:00,535.8523889660353,538.0810762342214,533.7530505774469,536.797607421875,19666900,0.0,0.0,0.0
2025-02-20 00:00:00-05:00,536.0115349648631,536.3796630770588,529.7732148425396,534.5191040039062,26550800,0.0,0.0,0.0
2025-02-21 00:00:00-05:00,535.6633370402143,535.6832555528226,523.057286918843,523.4254150390625,47093800,0.0,0.0,0.0
2025-02-24 00:00:00-05:00,525.2162949415896,526.400292568826,516.908453766449,517.2467041015625,39268400,0.0,0.0,0.0
2025-02-25 00:00:00-05:00,516.6198772023894,516.6994905216765,506.86934067706676,510.7297668457031,48940000,0.0,0.0,0.0
2025-02-26 00:00:00-05:00,512.9286073089962,517.0377109996812,508.78956512544937,511.9634704589844,34457600,0.0,0.0,0.0
2025-02-27 00:00:00-05:00,515.5154989416602,516.4507580909494,497.5267143835209,497.74560546875,52448000,0.0,0.0,0.0
2025-02-28 00:00:00-05:00,497.60636551411847,506.212711829128,494.4225004622411,505.6058044433594,47654000,0.0,0.0,0.0
2025-03-03 00:00:00-05:00,508.93888701766144,510.4512062495821,491.0894088511701,494.5419006347656,44587200,0.0,0.0,0.0
2025-03-04 00:00:00-05:00,491.68635636601033,501.19811409825184,485.2788502299198,493.0494384765625,67875400,0.0,0.0,0.0
2025-03-05 00:00:00-05:00,493.6961873600139,501.08868829896096,488.7811121667995,499.47686767578125,46323700,0.0,0.0,0.0
2025-03-06 00:00:00-05:00,491.1988602040493,496.06416964846954,483.7466641946697,485.736572265625,57574300,0.0,0.0,0.0
2025-03-07 00:00:00-05:00,484.7017992368597,490.7909129209113,478.1052492912749,489.3084411621094,54714700,0.0,0.0,0.0
2025-03-10 00:00:00-04:00,481.0105123404904,481.527877477655,466.29513451841564,470.3446044921875,76668000,0.0,0.0,0.0
2025-03-11 00:00:00-04:00,469.96652188682117,476.39391614178453,464.65347123925363,469.2203063964844,68760800,0.0,0.0,0.0
2025-03-12 00:00:00-04:00,476.74220673858093,478.6326134421391,469.4093999329899,474.5135192871094,46971100,0.0,0.0,0.0
2025-03-13 00:00:00-04:00,473.84683526899994,473.876682674001,464.07637985083835,465.97674560546875,46563300,0.0,0.0,0.0
2025-03-14 00:00:00-04:00,471.3395542793586,478.1350765220873,470.73261656970107,477.2396240234375,43563000,0.0,0.0,0.0
2025-03-17 00:00:00-04:00,477.189834792779,483.3884086426206,475.38897062743524,480.3338928222656,41744400,0.0,0.0,0.0
2025-03-18 00:00:00-04:00,476.9908983924578,477.1898709733085,470.0262204273719,472.1454772949219,39072300,0.0,0.0,0.0
2025-03-19 00:00:00-04:00,474.40401064913135,482.8810077328089,472.4737974749432,478.46343994140625,40430300,0.0,0.0,0.0
2025-03-20 00:00:00-04:00,474.4736793716476,482.10495972485467,473.77719941007575,476.8416748046875,36780500,0.0,0.0,0.0
2025-03-21 00:00:00-04:00,471.6877671830669,479.1797694014654,470.52368803573967,478.4136657714844,42234900,0.0,0.0,0.0
2025-03-24 00:00:00-04:00,486.00252834320924,489.7591180442307,482.67442997651204,488.9121398925781,34567200,0.716,0.0,0.0
2025-03-25 00:00:00-04:00,489.63957585890734,491.86161264912084,488.67302999487,491.7021789550781,26035200,0.0,0.0,0.0
2025-03-26 00:00:00-04:00,490.54624924101137,491.40320144364296,481.1000396591842,482.65447998046875,34627100,0.0,0.0,0.0
2025-03-27 00:00:00-04:00,480.691552269481,484.8466807759458,478.53924301933046,479.90435791015625,33469800,0.0,0.0,0.0
2025-03-28 00:00:00-04:00,478.10080496658304,478.80826727024373,466.3826870366339,467.26953125,46363800,0.0,0.0,0.0
2025-03-31 00:00:00-04:00,460.2745390190723,468.1862267806507,455.70086298518777,467.2496032714844,53000300,0.0,0.0,0.0
2025-04-01 00:00:00-04:00,465.6353253704141,471.94279304476703,462.76561033586444,471.01611328125,41156200,0.0,0.0,0.0
2025-04-02 00:00:00-04:00,464.4595575234652,477.85168326885497,464.20047397854324,474.4538269042969,49894500,0.0,0.0,0.0
2025-04-03 00:00:00-04:00,454.8140661780558,458.43114021224955,448.5365202800929,449.0546569824219,70456300,0.0,0.0,0.0
2025-04-04 00:00:00-04:00,436.57926126906654,438.8012980453069,421.16436767578125,421.16436767578125,117088400,0.0,0.0,0.0
2025-04-07 00:00:00-04:00,407.20423705779143,441.5614201479207,400.95658358107875,422.1806945800781,161557000,0.0,0.0,0.0
2025-04-08 00:00:00-04:00,436.59916084576554,441.56143170449565,408.33022721914836,414.577880859375,101248100,0.0,0.0,0.0
2025-04-09 00:00:00-04:00,414.08964737996763,466.16346405948764,413.9501314972579,464.3399963378906,142876900,0.0,0.0,0.0
2025-04-10 00:00:00-04:00,451.9442914367033,453.96705879904806,431.0888571820337,444.590576171875,108384100,0.0,0.0,0.0
2025-04-11 00:00:00-04:00,443.06601303442744,454.166343503739,439.7578326035757,452.7812805175781,52483800,0.0,0.0,0.0
2025-04-14 00:00:00-04:00,462.80542667885953,463.3933212487255,451.0175825503904,455.8503112792969,43941200,0.0,0.0,0.0
2025-04-15 00:00:00-04:00,456.90654896754893,460.7328660655078,454.5250482813498,456.3584899902344,35404200,0.0,0.0,0.0
2025-04-16 00:00:00-04:00,447.43044650671294,451.00765441884926,436.2006038899139,442.59771728515625,48980600,0.0,0.0,0.0
2025-04-17 00:00:00-04:00,445.57707652380003,446.1549970317344,439.78774529190997,442.51800537109375,44837000,0.0,0.0,0.0
2025-04-21 00:00:00-04:00,436.66892548782397,437.5158732469855,426.4055984325901,431.567138671875,44149300,0.0,0.0,0.0
2025-04-22 00:00:00-04:00,437.2568260974721,445.9856002161295,436.06108861931057,442.89666748046875,52304400,0.0,0.0,0.0
2025-04-23 00:00:00-04:00,456.53786014306723,461.7292918835912,451.26669636006665,452.9407043457031,55801100,0.0,0.0,0.0
2025-04-24 00:00:00-04:00,454.8539073702654,465.99407392862616,454.20619851663224,465.6851806640625,45956100,0.0,0.0,0.0
2025-04-25 00:00:00-04:00,465.30653409695293,471.4047282191122,463.7321758428064,470.8766174316406,38697100,0.0,0.0,0.0
2025-04-28 00:00:00-04:00,471.34492884890216,473.1185867567387,464.36986487736374,470.7271423339844,33550800,0.0,0.0,0.0
2025-04-29 00:00:00-04:00,468.4951374553907,474.722873222181,467.91718654726753,473.8360290527344,30613100,0.0,0.0,0.0
2025-04-30 00:00:00-04:00,465.4659581608863,475.5000933242452,460.7826887017505,473.7762451171875,46810600,0.0,0.0,0.0
2025-05-01 00:00:00-04:00,481.68795952250036,485.4445187613678,479.0274574431888,479.964111328125,43316500,0.0,0.0,0.0
2025-05-02 00:00:00-04:00,484.8068330037864,489.1612611202772,483.10290255126364,487.0886535644531,39218100,0.0,0.0,0.0
2025-05-05 00:00:00-04:00,482.87372581995743,487.2879376271539,482.37550695931134,484.198974609375,28309500,0.0,0.0,0.0
2025-05-06 00:00:00-04:00,477.85168296536403,483.32211645922314,476.48656811897325,479.6950988769531,32786300,0.0,0.0,0.0
2025-05-07 00:00:00-04:00,480.3626833864985,484.06943292672264,475.08157562625235,481.5783386230469,38006300,0.0,0.0,0.0
2025-05-08 00:00:00-04:00,486.78973347402933,490.9448922772597,482.4452794741909,486.55059814453125,39577600,0.0,0.0,0.0
2025-05-09 00:00:00-04:00,488.46370009577527,489.7889792214971,484.4680057301949,486.231689453125,27767400,0.0,0.0,0.0
2025-05-12 00:00:00-04:00,505.1839717833884,506.0807900972725,499.69362038673546,506.0409240722656,45090600,0.0,0.0,0.0
2025-05-13 00:00:00-04:00,507.34629948091947,515.5469939356469,506.60894520257494,513.75341796875,53269600,0.0,0.0,0.0
2025-05-14 00:00:00-04:00,514.9291062301362,517.3803039371103,513.9127203607696,516.832275390625,47014500,0.0,0.0,0.0
2025-05-15 00:00:00-04:00,514.6800131330596,520.0707142555518,513.3347857660638,517.4002685546875,50153300,0.0,0.0,0.0
2025-05-16 00:00:00-04:00,518.8052741008747,519.8416083280616,515.2579579935311,519.6522827148438,48394600,0.0,0.0,0.0
2025-05-19 00:00:00-04:00,512.4081112969848,520.6686187239894,512.4081112969848,520.1504516601562,52536200,0.0,0.0,0.0
2025-05-20 00:00:00-04:00,517.6194272172206,519.0742480535203,514.819439905553,518.4166259765625,42517600,0.0,0.0,0.0
2025-05-21 00:00:00-04:00,514.4308762190406,521.1368820270468,509.41876573284907,511.21234130859375,71292800,0.0,0.0,0.0
2025-05-22 00:00:00-04:00,511.83019075096956,515.8658123150946,510.47504999969107,512.1690063476562,55607200,0.0,0.0,0.0
2025-05-23 00:00:00-04:00,504.3768065189935,510.01664731335114,503.77893784231316,507.4259033203125,58368100,0.0,0.0,0.0
2025-05-27 00:00:00-04:00,514.3113346789697,519.8515257666644,512.7568943253785,519.3632202148438,47226300,0.0,0.0,0.0
2025-05-28 00:00:00-04:00,520.3198331572289,521.8144897137478,516.543356152141,517.0614624023438,46637200,0.0,0.0,0.0
2025-05-29 00:00:00-04:00,524.4551068947912,524.6045360691892,515.4771928839561,518.077880859375,58513300,0.0,0.0,0.0
2025-05-30 00:00:00-04:00,517.5895836462355,518.8251566212066,510.10632704393424,517.2607421875,67662800,0.0,0.0,0.0
2025-06-02 00:00:00-04:00,515.3974267063834,521.58532672364,514.1319313645083,521.34619140625,44762800,0.0,0.0,0.0
2025-06-03 00:00:00-04:00,521.6949026792081,526.8564424978958,520.8280067740416,525.4215698242188,44070300,0.0,0.0,0.0
2025-06-04 00:00:00-04:00,526.1290501987006,527.9525481163902,524.0962784813655,526.8863525390625,41359300,0.0,0.0,0.0
2025-06-05 00:00:00-04:00,528.2913461648635,531.1511175724819,520.7981150051966,522.9205322265625,61031200,0.0,0.0,0.0
2025-06-06 00:00:00-04:00,528.1120196484558,529.9055954761677,526.3284179293108,528.0322875976562,42467000,0.0,0.0,0.0
2025-06-09 00:00:00-04:00,528.2515065877924,530.453595021937,527.1255271006693,528.8095092773438,33688700,0.0,0.0,0.0
2025-06-10 00:00:00-04:00,529.2777972976213,532.9945512832284,527.0059509616149,532.3070068359375,40664800,0.0,0.0,0.0
2025-06-11 00:00:00-04:00,533.7119535961438,534.8678553808483,528.221572163124,530.5133666992188,53701000,0.0,0.0,0.0
2025-06-12 00:00:00-04:00,529.1981197879245,532.735461425523,528.9490103653087,531.7589111328125,34104900,0.0,0.0,0.0
2025-06-13 00:00:00-04:00,525.8002917667119,529.9753685874628,523.8572258903529,525.0828857421875,55814400,0.0,0.0,0.0
2025-06-16 00:00:00-04:00,528.6102414640853,533.4628885796845,528.5604317387102,532.38671875,37622100,0.0,0.0,0.0
2025-06-17 00:00:00-04:00,529.8159487011125,531.4301730234594,526.0294365200667,527.1953125,42180900,0.0,0.0,0.0
2025-06-18 00:00:00-04:00,528.2115609532127,530.6528452992457,525.5212280185297,527.1055297851562,43983500,0.0,0.0,0.0
2025-06-20 00:00:00-04:00,530.3639576995934,531.6593145894406,523.0102423618315,524.9533081054688,61643500,0.0,0.0,0.0
2025-06-23 00:00:00-04:00,525.5229332044729,530.8698234247422,522.3706802794006,530.3511352539062,50666100,0.591,0.0,0.0
2025-06-24 00:00:00-04:00,535.5782888900031,539.3789778904177,534.9598085403529,538.4612426757812,45442000,0.0,0.0,0.0
2025-06-25 00:00:00-04:00,540.7355939583459,541.9825398600767,538.0621492513585,539.8377685546875,44804200,0.0,0.0,0.0
2025-06-26 00:00:00-04:00,542.0225146286602,545.3344108269034,540.197029348474,544.885498046875,43811400,0.0,0.0,0.0
2025-06-27 00:00:00-04:00,545.9229263621712,548.646236854107,543.2095402936434,546.7509155273438,57577100,0.0,0.0,0.0
2025-06-30 00:00:00-04:00,549.9131598811205,551.4493754022211,547.6686571277671,550.292236328125,45548700,0.0,0.0,0.0
2025-07-01 00:00:00-04:00,548.386860243991,549.3645072749528,543.3292401455354,545.653564453125,56166700,0.0,0.0,0.0
2025-07-02 00:00:00-04:00,544.8256064072416,549.6538082093174,544.7857260533864,549.4542846679688,36538300,0.0,0.0,0.0
2025-07-03 00:00:00-04:00,551.8284721476665,555.8386700313663,551.8284721476665,554.8610229492188,26443500,0.0,0.0,0.0
2025-07-07 00:00:00-04:00,552.1676854094138,552.9856893302406,548.2373089969742,550.6813354492188,45349300,0.0,0.0,0.0
2025-07-08 00:00:00-04:00,552.0280378347724,552.6565035476941,549.7535788954287,550.9906005859375,36153300,0.0,0.0,0.0
2025-07-09 00:00:00-04:00,553.1252961239118,556.2676245184426,551.7486628164066,554.8909912109375,43045500,0.0,0.0,0.0
2025-07-10 00:00:00-04:00,555.5294408217566,555.9384123345195,551.399540909487,554.0929565429688,34710900,0.0,0.0,0.0
2025-07-11 00:00:00-04:00,551.948121861809,554.432028356728,550.7011759598594,552.845947265625,39618600,0.0,0.0,0.0
2025-07-14 00:00:00-04:00,552.6364665235913,555.5892564884584,550.2822471537012,554.85107421875,36453300,0.0,0.0,0.0
2025-07-15 00:00:00-04:00,558.881207037374,559.4298511098242,555.2999512724816,555.3598022460938,43277700,0.0,0.0,0.0
2025-07-16 00:00:00-04:00,555.9184813380132,558.841315448374,550.2124247955553,555.9284057617188,52314700,0.0,0.0,0.0
2025-07-17 00:00:00-04:00,556.6566353219689,560.9361318466856,555.848616792518,560.4273681640625,40423800,0.0,0.0,0.0
2025-07-18 00:00:00-04:00,561.7441739242998,563.350225741294,558.6118309954545,559.8887329101562,50484700,0.0,0.0,0.0
2025-07-21 00:00:00-04:00,560.7167515850907,564.6770230188278,560.6867956545606,562.7916259765625,39595200,0.0,0.0,0.0
2025-07-22 00:00:00-04:00,562.9213204064853,562.9711860719661,557.2452194730795,559.8787841796875,43270600,0.0,0.0,0.0
2025-07-23 00:00:00-04:00,560.9661158513218,562.4723754700833,558.2128493506386,562.4324951171875,40215300,0.0,0.0,0.0
2025-07-24 00:00:00-04:00,563.7492795819054,564.8565530178993,561.9137482789852,563.6295776367188,42275500,0.0,0.0,0.0
2025-07-25 00:00:00-04:00,563.5497827933865,566.313034745678,562.8914220636111,564.9862670898438,30630800,0.0,0.0,0.0
2025-07-28 00:00:00-04:00,566.3528450456176,567.6496566103068,565.4849755661548,566.7518920898438,31498700,0.0,0.0,0.0
2025-07-29 00:00:00-04:00,569.3655332995753,570.7122106355441,565.1458874865731,565.8740844726562,45463300,0.0,0.0,0.0
2025-07-30 00:00:00-04:00,566.7918454902335,569.2258866472484,563.6694876691353,566.6322631835938,43433800,0.0,0.0,0.0
2025-07-31 00:00:00-04:00,573.1362622854951,573.2260691874027,562.4923482714106,563.6295776367188,64613600,0.0,0.0,0.0
2025-08-01 00:00:00-04:00,557.4646514509443,557.6541896674577,550.3320963877643,552.5267333984375,69400800,0.0,0.0,0.0
2025-08-04 00:00:00-04:00,557.6841517796104,562.9412959282934,557.5844204477802,562.7218017578125,47669800,0.0,0.0,0.0
2025-08-05 00:00:00-04:00,564.0086085828399,565.1757328972536,558.3624034509684,558.901123046875,48666600,0.0,0.0,0.0
2025-08-06 00:00:00-04:00,559.7391099978526,566.3728874107766,559.2603021929511,565.9339599609375,41823700,0.0,0.0,0.0
2025-08-07 00:00:00-04:00,570.2732376717248,571.9192306274066,563.72926797121,567.8491821289062,44463000,0.0,0.0,0.0
2025-08-08 00:00:00-04:00,569.0562817589437,573.3657343884216,568.7570268998204,573.146240234375,35255500,0.0,0.0,0.0
2025-08-11 00:00:00-04:00,573.285909687358,575.39073988548,570.1735373972913,571.4503784179688,33112900,0.0,0.0,0.0
2025-08-12 00:00:00-04:00,573.754745111433,578.9320673642603,571.0912854904631,578.6328125,42143300,0.0,0.0,0.0
2025-08-13 00:00:00-04:00,581.336189461128,581.8948188134602,577.5255153167782,578.922119140625,41209300,0.0,0.0,0.0
2025-08-14 00:00:00-04:00,576.867214657275,580.4583950264449,576.4980626010837,578.4732666015625,45425000,0.0,0.0,0.0
2025-08-15 00:00:00-04:00,578.383394008071,578.4233352453067,574.163748420605,575.929443359375,49480200,0.0,0.0,0.0
2025-08-18 00:00:00-04:00,575.0316052093148,576.3583727113783,573.8345249533343,575.699951171875,29831000,0.0,0.0,0.0
2025-08-19 00:00:00-04:00,574.9817743394825,575.1513419461467,566.8616474345037,567.88916015625,53752600,0.0,0.0,0.0
2025-08-20 00:00:00-04:00,566.9415119380282,567.061213891326,557.474707000813,564.5174560546875,76781100,0.0,0.0,0.0
2025-08-21 00:00:00-04:00,562.9711407616691,565.1059268695744,559.6093793059084,561.90380859375,46436900,0.0,0.0,0.0
2025-08-22 00:00:00-04:00,563.2904178641013,572.5876551514443,561.8938747848422,570.5725708007812,51502100,0.0,0.0,0.0
2025-08-25 00:00:00-04:00,569.0063962953644,571.8892890383006,567.7693747773127,568.9265747070312,34044700,0.0,0.0,0.0
2025-08-26 00:00:00-04:00,568.4378222244122,571.5202387152399,567.410309470112,571.2109985351562,34103000,0.0,0.0,0.0
2025-08-27 00:00:00-04:00,570.1935457073605,573.0066024398417,568.9764946916996,572.0888671875,36927100,0.0,0.0,0.0
2025-08-28 00:00:00-04:00,572.707329573353,576.5878402039835,571.0613973569876,575.6701049804688,46787900,0.0,0.0,0.0
2025-08-29 00:00:00-04:00,573.2559494077193,573.6251014295405,567.1509068169219,569.0064086914062,56030400,0.0,0.0,0.0
2025-09-02 00:00:00-04:00,559.9386305753824,564.5872186860805,558.1729354751159,564.2380981445312,65876800,0.0,0.0,0.0
2025-09-03 00:00:00-04:00,567.8392715420716,570.30326864531,565.3453793937941,568.67724609375,54230200,0.0,0.0,0.0
2025-09-04 00:00:00-04:00,569.3455646209001,574.1936761101587,567.6397814409955,573.8245849609375,47526300,0.0,0.0,0.0
2025-09-05 00:00:00-04:00,579.0716958584857,579.7001614686197,570.1336265339671,574.6525268554688,68342500,0.0,0.0,0.0
2025-09-08 00:00:00-04:00,576.9569100864685,579.4209069942706,576.3584003727692,577.4556884765625,46371400,0.0,0.0,0.0
2025-09-09 00:00:00-04:00,578.2537612972826,579.5206779783559,575.6301819149563,579.0917358398438,44007600,0.0,0.0,0.0
2025-09-10 00:00:00-04:00,582.3138007742962,582.3437567038031,577.1364785105435,579.28125,49308000,0.0,0.0,0.0
2025-09-11 00:00:00-04:00,581.814979655352,583.4509873113628,580.1989426175462,582.6529541015625,44745800,0.0,0.0,0.0
2025-09-12 00:00:00-04:00,583.6105864506874,586.423703827438,582.6728806584372,585.2266235351562,50745900,0.0,0.0,0.0
2025-09-15 00:00:00-04:00,587.0023008473079,590.3440916306826,586.8526429792626,590.234375,44360300,0.0,0.0,0.0
2025-09-16 00:00:00-04:00,591.1621557406676,591.4115449554772,589.0473400699651,589.7356567382812,36942100,0.0,0.0,0.0
2025-09-17 00:00:00-04:00,589.6558208790498,590.3042571762861,582.942282862292,588.5585327148438,69384800,0.0,0.0,0.0
2025-09-18 00:00:00-04:00,593.4564461610391,596.6785957944177,591.5112592506033,593.865478515625,61069300,0.0,0.0,0.0
2025-09-19 00:00:00-04:00,595.8705968632576,598.583922026821,594.3941714550525,597.8856201171875,58196100,0.0,0.0,0.0
2025-09-22 00:00:00-04:00,596.9708269829692,602.0942306490323,596.9508332125652,601.4251098632812,57154800,0.694,0.0,0.0
2025-09-23 00:00:00-04:00,601.5949151722127,601.7946700200599,596.2118359493293,597.4302978515625,64635500,0.0,0.0,0.0
2025-09-24 00:00:00-04:00,598.8085103543956,599.1281059107118,592.5964822123717,595.3329467773438,49850300,0.0,0.0,0.0
2025-09-25 00:00:00-04:00,591.4379907146171,594.354216296693,587.7427395490681,592.7662963867188,70920200,0.0,0.0,0.0
2025-09-26 00:00:00-04:00,593.585214360816,595.5327174506845,590.2994696097071,595.203125,54337400,0.0,0.0,0.0
2025-09-29 00:00:00-04:00,598.3391106571707,601.275330198043,596.6412858554952,597.9595947265625,48332900,0.0,0.0,0.0
2025-09-30 00:00:00-04:00,597.659966987958,599.9370624727763,595.3329480316206,599.5974731445312,46533800,0.0,0.0,0.0
2025-10-01 00:00:00-04:00,596.4015613877941,603.0130380816322,595.5726732971928,602.4737548828125,46899600,0.0,0.0,0.0
2025-10-02 00:00:00-04:00,606.2788672228089,606.378714165839,602.1541765957764,604.9505615234375,43765400,0.0,0.0,0.0
2025-10-03 00:00:00-04:00,605.7296019230981,606.5485541284623,600.6161947999731,602.4038696289062,46482100,0.0,0.0,0.0
2025-10-06 00:00:00-04:00,607.6670775886568,608.5758798079479,605.1902273252953,606.9280395507812,41962100,0.0,0.0,0.0
2025-10-07 00:00:00-04:00,608.2363844032766,608.9254990082667,602.2541015785323,603.732177734375,58209500,0.0,0.0,0.0
2025-10-08 00:00:00-04:00,604.6309888518371,610.9628579603992,604.481218431623,610.6532592773438,50629800,0.0,0.0,0.0
2025-10-09 00:00:00-04:00,610.6931491958702,610.8229867928995,606.6982962574127,609.9141845703125,45551000,0.0,0.0,0.0
2025-10-10 00:00:00-04:00,610.6132994204178,612.3909772904724,588.2920219287263,588.741455078125,97614800,0.0,0.0,0.0
2025-10-13 00:00:00-04:00,598.9083327066105,602.1741444216893,596.4614731416003,601.2353515625,65872600,0.0,0.0,0.0
2025-10-14 00:00:00-04:00,594.5439886761187,601.9144974152143,589.3706613014698,597.2305297851562,69203200,0.0,0.0,0.0
2025-10-15 00:00:00-04:00,603.232804101606,605.9193452011472,595.1631839173533,601.445068359375,62805500,0.0,0.0,0.0
2025-10-16 00:00:00-04:00,604.3313635356964,607.5272581453062,594.7337437778706,599.2179565429688,70982000,0.0,0.0,0.0
2025-10-17 00:00:00-04:00,597.1806072651552,604.7308770883808,595.6026232431807,603.1528930664062,72024900,0.0,0.0,0.0
2025-10-20 00:00:00-04:00,606.3587502275053,612.0114401498232,606.2888329883251,610.7530517578125,45761700,0.0,0.0,0.0
2025-10-21 00:00:00-04:00,610.8529979566828,611.9315643975107,608.5359758597962,610.5933227539062,44538200,0.0,0.0,0.0
2025-10-22 00:00:00-04:00,610.034035159382,610.6232418416384,598.9682752728291,604.7108764648438,61478800,0.0,0.0,0.0
2025-10-23 00:00:00-04:00,604.1316243630486,610.5833341066889,603.7421725102494,609.7943725585938,42844300,0.0,0.0,0.0
2025-10-24 00:00:00-04:00,615.1973511503762,617.6242169779957,614.3384724044602,616.305908203125,47632500,0.0,0.0,0.0
2025-10-27 00:00:00-04:00,623.7164465731967,627.7412294550786,623.2270868116484,627.2818603515625,54098600,0.0,0.0,0.0
2025-10-28 00:00:00-04:00,629.5488872669928,633.8633359425862,628.4403301580431,632.1055908203125,61195700,0.0,0.0,0.0
2025-10-29 00:00:00-04:00,634.77220425535,636.190360053584,629.4390484873167,634.9519653320312,67422800,0.0,0.0,0.0
2025-10-30 00:00:00-04:00,631.3565662863019,632.6848720357782,625.1346019679808,625.2444458007812,61628600,0.0,0.0,0.0
2025-10-31 00:00:00-04:00,633.3539723359148,633.3839629929544,625.883616641787,628.2605590820312,66305100,0.0,0.0,0.0
2025-11-03 00:00:00-05:00,634.2927319253315,635.001840248536,629.0394906897283,631.2666625976562,37154300,0.0,0.0,0.0
2025-11-04 00:00:00-05:00,622.478029730703,626.1432903257465,617.6642245044198,618.4531860351562,63830800,0.0,0.0,0.0
2025-11-05 00:00:00-05:00,617.6941518361581,625.7937017112316,616.4158305661566,622.47802734375,48688500,0.0,0.0,0.0
2025-11-06 00:00:00-05:00,620.9899080817669,621.2395864016282,609.5147022540025,610.8829345703125,72115100,0.0,0.0,0.0
2025-11-07 00:00:00-05:00,607.5272307243642,609.1651350193971,597.899620744235,608.9553833007812,81835400,0.0,0.0,0.0
2025-11-10 00:00:00-05:00,618.1235878797521,623.5066669290842,616.0962316788492,622.4280395507812,55919900,0.0,0.0,0.0
2025-11-11 00:00:00-05:00,619.7714893858831,621.9186863012081,616.7254261621581,620.7702026367188,44868800,0.0,0.0,0.0
2025-11-12 00:00:00-05:00,624.0359942081623,624.0559270220305,617.0150110236092,620.2808227539062,47444400,0.0,0.0,0.0
2025-11-13 00:00:00-05:00,616.74538060573,617.324651379383,605.3001653620098,607.6171875,71333600,0.0,0.0,0.0
2025-11-14 00:00:00-05:00,598.7785201159286,612.5607508498654,596.4015776914192,608.0765380859375,80087300,0.0,0.0,0.0
2025-11-17 00:00:00-05:00,605.5198574697043,611.6918983068232,599.098138309288,602.8832397460938,63850400,0.0,0.0,0.0
2025-11-18 00:00:00-05:00,598.8484631892511,601.5350044005672,590.5791487748494,595.542724609375,83327300,0.0,0.0,0.0
2025-11-19 00:00:00-05:00,596.3017594726007,605.3800292662713,593.824969985886,599.09814453125,73111500,0.0,0.0,0.0
2025-11-20 00:00:00-05:00,610.8330032979317,613.239936406368,583.997582698434,584.9163818359375,117743200,0.0,0.0,0.0
2025-11-21 00:00:00-05:00,586.7140389774793,596.2118116612933,579.992718365408,589.3107299804688,103344200,0.0,0.0,0.0
2025-11-24 00:00:00-05:00,594.5140557410294,605.8993502749281,594.3941540703303,604.3812866210938,60168100,0.0,0.0,0.0
2025-11-25 00:00:00-05:00,602.7334243546638,609.4747385807095,596.5513870928105,608.1065063476562,57560900,0.0,0.0,0.0
2025-11-26 00:00:00-05:00,611.7218691656304,615.3971266508202,609.6046019291258,613.4796142578125,42393600,0.0,0.0,0.0
2025-11-28 00:00:00-05:00,615.3172117702823,618.5231032781257,614.6280971828623,618.4531860351562,23034400,0.0,0.0,0.0
2025-12-01 00:00:00-05:00,612.8404314452031,618.642953131189,611.7318743402105,616.3758544921875,40957600,0.0,0.0,0.0
2025-12-02 00:00:00-05:00,618.6629362671166,622.9473941962435,616.7953473526289,621.1996459960938,54541800,0.0,0.0,0.0
2025-12-03 00:00:00-05:00,618.8227062993094,623.4167629201941,617.2347863490129,622.7177124023438,47841600,0.0,0.0,0.0
2025-12-04 00:00:00-05:00,624.125857327544,624.1358542129962,618.7427783380717,622.138427734375,47067800,0.0,0.0,0.0
2025-12-05 00:00:00-05:00,623.576610658964,628.1107470640665,622.9074898206164,624.6751708984375,53614200,0.0,0.0,0.0
2025-12-08 00:00:00-05:00,626.4029681537079,628.0308756502869,620.8900514312259,623.4767456054688,43462400,0.0,0.0,0.0
2025-12-09 00:00:00-05:00,622.2083743789747,625.0646797487918,620.2009509200387,624.2457275390625,37156000,0.0,0.0,0.0
2025-12-10 00:00:00-05:00,623.0472575003708,628.4004070267185,620.1909521392804,626.8024291992188,55031400,0.0,0.0,0.0
2025-12-11 00:00:00-05:00,623.0173402820615,624.9748403012362,616.9251525569541,624.7750854492188,58272800,0.0,0.0,0.0
2025-12-12 00:00:00-05:00,621.2795807165155,622.7376631081598,610.5733425467316,612.8304443359375,75158700,0.0,0.0,0.0
2025-12-15 00:00:00-05:00,617.5743367162205,617.6242601897563,608.5359935678383,609.75439453125,49538200,0.0,0.0,0.0
2025-12-16 00:00:00-05:00,607.4773301066649,612.7205746597449,606.1290306476157,610.9628295898438,55152800,0.0,0.0,0.0
2025-12-17 00:00:00-05:00,612.2711370165166,612.8604046495489,599.5076134954934,599.6373901367188,70654300,0.0,0.0,0.0
2025-12-18 00:00:00-05:00,609.015347513387,612.1413249643276,606.1390483830863,608.3262329101562,78875800,0.0,0.0,0.0
2025-12-19 00:00:00-05:00,611.1625683957468,616.825255296648,611.0826542701337,616.2559814453125,60369800,0.0,0.0,0.0
2025-12-22 00:00:00-05:00,621.3499755859375,621.6500244140625,617.77001953125,619.2100219726562,43703100,0.794,0.0,0.0
2025-12-23 00:00:00-05:00,618.2000122070312,622.4099731445312,617.780029296875,622.1099853515625,41120400,0.0,0.0,0.0
2025-12-24 00:00:00-05:00,621.989990234375,624.280029296875,621.719970703125,623.9299926757812,18468700,0.0,0.0,0.0
2025-12-26 00:00:00-05:00,624.6599731445312,625.52001953125,623.1400146484375,623.8900146484375,28959800,0.0,0.0,0.0
2025-12-29 00:00:00-05:00,620.0999755859375,622.780029296875,618.72998046875,620.8699951171875,32458300,0.0,0.0,0.0
2025-12-30 00:00:00-05:00,619.8400268554688,622.1799926757812,619.219970703125,619.4299926757812,31226800,0.0,0.0,0.0
2025-12-31 00:00:00-05:00,619.6500244140625,619.9600219726562,614.0499877929688,614.3099975585938,40746500,0.0,0.0,0.0
2026-01-02 00:00:00-05:00,620.0599975585938,622.8499755859375,610.1500244140625,613.1199951171875,61859200,0.0,0.0,0.0
2026-01-05 00:00:00-05:00,619.3200073242188,620.8099975585938,616.719970703125,617.989990234375,46828400,0.0,0.0,0.0
2026-01-06 00:00:00-05:00,619.22998046875,624.02001953125,618.5399780273438,623.4199829101562,43137500,0.0,0.0,0.0
2026-01-07 00:00:00-05:00,623.0399780273438,627.9400024414062,622.5599975585938,624.02001953125,44880300,0.0,0.0,0.0
2026-01-08 00:00:00-05:00,623.030029296875,623.4199829101562,617.7999877929688,620.469970703125,50435900,0.0,0.0,0.0
2026-01-09 00:00:00-05:00,621.4099731445312,627.8900146484375,619.0599975585938,626.6500244140625,49688700,0.0,0.0,0.0
2026-01-12 00:00:00-05:00,622.3099975585938,628.8499755859375,622.260009765625,627.1699829101562,37388700,0.0,0.0,0.0
2026-01-13 00:00:00-05:00,627.27001953125,629.469970703125,623.7000122070312,626.239990234375,44481400,0.0,0.0,0.0
2026-01-14 00:00:00-05:00,622.239990234375,623.4500122070312,614.5599975585938,619.5499877929688,72598700,0.0,0.0,0.0
2026-01-15 00:00:00-05:00,626.5999755859375,630.0,620.75,621.780029296875,53934900,0.0,0.0,0.0
2026-01-16 00:00:00-05:00,625.5,626.0800170898438,618.8800048828125,621.260009765625,61058100,0.0,0.0,0.0
2026-01-20 00:00:00-05:00,610.530029296875,615.0599975585938,607.0499877929688,608.0599975585938,81988900,0.0,0.0,0.0
2026-01-21 00:00:00-05:00,609.469970703125,620.4199829101562,607.8599853515625,616.280029296875,79837900,0.0,0.0,0.0
2026-01-22 00:00:00-05:00,622.3499755859375,622.4600219726562,617.780029296875,620.760009765625,42254800,0.0,0.0,0.0
2026-01-23 00:00:00-05:00,619.72998046875,625.4000244140625,618.6500244140625,622.719970703125,43645800,0.0,0.0,0.0
2026-01-26 00:00:00-05:00,623.2100219726562,627.6099853515625,622.1199951171875,625.4600219726562,35983000,0.0,0.0,0.0
2026-01-27 00:00:00-05:00,628.9099731445312,632.0399780273438,627.3400268554688,631.1300048828125,38997200,0.0,0.0,0.0
2026-01-28 00:00:00-05:00,635.4600219726562,636.5999755859375,631.8099975585938,633.219970703125,50691700,0.0,0.0,0.0
2026-01-29 00:00:00-05:00,632.6500244140625,633.6699829101562,618.27001953125,629.4299926757812,79944000,0.0,0.0,0.0
2026-01-30 00:00:00-05:00,625.7100219726562,628.260009765625,619.2999877929688,621.8699951171875,65650700,0.0,0.0,0.0
2026-02-02 00:00:00-05:00,618.7000122070312,628.489990234375,618.6599731445312,626.1400146484375,49020300,0.0,0.0,0.0
2026-02-03 00:00:00-05:00,628.2999877929688,629.97998046875,610.9600219726562,616.52001953125,81234000,0.0,0.0,0.0
2026-02-04 00:00:00-05:00,615.02001953125,615.0999755859375,600.469970703125,605.75,81850700,0.0,0.0,0.0
2026-02-05 00:00:00-05:00,600.2100219726562,604.8099975585938,594.760009765625,597.030029296875,89354500,0.0,0.0,0.0
2026-02-06 00:00:00-05:00,600.1900024414062,611.4099731445312,598.77001953125,609.6500244140625,78019300,0.0,0.0,0.0
2026-02-09 00:00:00-05:00,607.5399780273438,616.4600219726562,605.0700073242188,614.3200073242188,56797600,0.0,0.0,0.0
2026-02-10 00:00:00-05:00,615.3099975585938,617.02001953125,611.010009765625,611.469970703125,53938900,0.0,0.0,0.0
2026-02-11 00:00:00-05:00,616.3800048828125,617.52001953125,607.6900024414062,613.1099853515625,58575100,0.0,0.0,0.0
2026-02-12 00:00:00-05:00,614.7100219726562,615.8099975585938,599.5700073242188,600.6400146484375,81378900,0.0,0.0,0.0
2026-02-13 00:00:00-05:00,600.4299926757812,606.47998046875,596.4199829101562,601.9199829101562,69237500,0.0,0.0,0.0
2026-02-17 00:00:00-05:00,598.3800048828125,603.9500122070312,593.3400268554688,601.2999877929688,69013800,0.0,0.0,0.0
2026-02-18 00:00:00-05:00,602.1099853515625,609.77099609375,600.719970703125,605.7899780273438,63830303,0.0,0.0,0.0
