Date,Open,High,Low,Close,Volume,Dividends,Stock Splits,Capital Gains
2016-02-19 00:00:00-05:00,162.02395837725877,162.87996773805935,161.413729528945,162.7274169921875,114793000,0.0,0.0,0.0
2016-02-22 00:00:00-05:00,164.31224838495427,165.2275913136689,164.24444376811522,165.08351135253906,103640300,0.0,0.0,0.0
2016-02-23 00:00:00-05:00,164.42245453861685,164.69367304231983,162.87992839672864,162.99859619140625,111455300,0.0,0.0,0.0
2016-02-24 00:00:00-05:00,161.56626338930866,164.02411979021895,160.45599005788205,163.7444305419922,150812200,0.0,0.0,0.0
2016-02-25 00:00:00-05:00,164.19364885823586,165.73617531310902,163.43086929351767,165.72769165039062,110728300,0.0,0.0,0.0
2016-02-26 00:00:00-05:00,166.60057237832814,166.69378915525647,165.1851723550624,165.34620666503906,129833700,0.0,0.0,0.0
2016-02-29 00:00:00-05:00,165.36320174995046,166.31244052778382,163.85458457843313,164.0495147705078,125918100,0.0,0.0,0.0
2016-03-01 00:00:00-05:00,165.2784637203747,167.99059702821924,164.80384427122493,167.9058380126953,141799700,0.0,0.0,0.0
2016-03-02 00:00:00-05:00,167.5922624289091,168.71100648923135,167.17696392116832,168.66015625,102415000,0.0,0.0,0.0
2016-03-03 00:00:00-05:00,168.48219068480986,169.33821293780434,167.90587065093197,169.32125854492188,95172200,0.0,0.0,0.0
2016-03-04 00:00:00-05:00,169.5161515111126,170.65186280098837,168.6855674963519,169.8721160888672,129293600,0.0,0.0,0.0
2016-03-07 00:00:00-05:00,168.94826764232604,170.41451809136737,168.87199230541373,170.0076904296875,100219000,0.0,0.0,0.0
2016-03-08 00:00:00-05:00,168.9314040157377,169.43991942849996,167.99063562985262,168.1516571044922,123974900,0.0,0.0,0.0
2016-03-09 00:00:00-05:00,168.96528437760318,169.32971974337983,168.1770668080957,168.98223876953125,94801200,0.0,0.0,0.0
2016-03-10 00:00:00-05:00,169.47377534157206,170.4145434339482,167.2871248313894,169.1177978515625,156838700,0.0,0.0,0.0
2016-03-11 00:00:00-05:00,170.5755553300917,171.88924229487964,169.10084694989558,171.84686279296875,137964500,0.0,0.0,0.0
2016-03-14 00:00:00-04:00,171.33835069371824,172.08417562484442,171.0078112646351,171.6265106201172,73612000,0.0,0.0,0.0
2016-03-15 00:00:00-04:00,170.6603586539173,171.65197718059292,170.3976237792099,171.34686279296875,93169100,0.0,0.0,0.0
2016-03-16 00:00:00-04:00,170.86373153230812,172.74526764883407,170.82135202956667,172.33843994140625,129303200,0.0,0.0,0.0
2016-03-17 00:00:00-04:00,172.25370015637145,173.94029320833664,171.8553560943957,173.43177795410156,134278500,0.0,0.0,0.0
2016-03-18 00:00:00-04:00,173.93443549398214,174.45410103134813,173.619233003799,174.11334228515625,138372400,1.05,0.0,0.0
2016-03-21 00:00:00-04:00,173.84928962743084,174.59044720901548,173.61927027486067,174.3604278564453,72926700,0.0,0.0,0.0
2016-03-22 00:00:00-04:00,173.58514737263252,174.8374558993936,173.42329541943957,174.2666778564453,97471900,0.0,0.0,0.0
2016-03-23 00:00:00-04:00,173.8833060108832,174.0707272027302,172.94620005164808,173.11659240722656,81052500,0.0,0.0,0.0
2016-03-24 00:00:00-04:00,172.08578216169988,173.07400066419757,171.86429029008303,173.0399169921875,84360900,0.0,0.0,0.0
2016-03-28 00:00:00-04:00,173.45732276922877,173.6703001797799,172.6906092908885,173.14212036132812,62408200,0.0,0.0,0.0
2016-03-29 00:00:00-04:00,172.73319088515476,174.85445053108205,172.42650290019068,174.7436981201172,92922900,0.0,0.0,0.0
2016-03-30 00:00:00-04:00,175.74898596320978,176.2345677665276,175.14412431442966,175.5104522705078,86365300,0.0,0.0,0.0
2016-03-31 00:00:00-04:00,175.4167321832576,175.84268703990244,174.92262298965633,175.08448791503906,94584100,0.0,0.0,0.0
2016-04-01 00:00:00-04:00,174.08775938712822,176.46458182598812,173.77254394607206,176.27716064453125,114423500,0.0,0.0,0.0
2016-04-04 00:00:00-04:00,176.20051490994678,176.40497795255345,175.39971757529472,175.70640563964844,63497000,0.0,0.0,0.0
2016-04-05 00:00:00-04:00,174.3603442614002,175.71487746767957,173.69585578288167,173.95143127441406,99662200,0.0,0.0,0.0
2016-04-06 00:00:00-04:00,173.9515167937385,175.91091252663344,173.77260996197748,175.8512725830078,91839800,0.0,0.0,0.0
2016-04-07 00:00:00-04:00,174.76073802339323,175.11853850205043,173.01432071159965,173.74696350097656,113859000,0.0,0.0,0.0
2016-04-08 00:00:00-04:00,174.9311160888878,175.36559830914754,173.67880792303743,174.21551513671875,95040600,0.0,0.0,0.0
2016-04-11 00:00:00-04:00,174.8544860367723,175.55305831069512,173.712930027257,173.806640625,83757500,0.0,0.0,0.0
2016-04-12 00:00:00-04:00,173.97703354036454,175.70640952509464,173.5340367711436,175.42527770996094,115350600,0.0,0.0,0.0
2016-04-13 00:00:00-04:00,176.34534050868106,177.28244655160904,176.20903181168921,177.19725036621094,96336400,0.0,0.0,0.0
2016-04-14 00:00:00-04:00,177.2568292284447,177.70834025745486,176.85643069341933,177.20570373535156,65212900,0.0,0.0,0.0
2016-04-15 00:00:00-04:00,177.2057317335134,177.3420404050816,176.68606629738127,177.00979614257812,75761600,0.0,0.0,0.0
2016-04-18 00:00:00-04:00,177.00976166052985,178.28762595955135,176.3452732649673,178.25355529785156,82531000,0.0,0.0,0.0
2016-04-19 00:00:00-04:00,178.6795917429608,179.07146302762754,177.99806120545034,178.81588745117188,88316100,0.0,0.0,0.0
2016-04-20 00:00:00-04:00,178.8584270674755,179.68478046166612,178.3813597469344,178.98622131347656,81100300,0.0,0.0,0.0
2016-04-21 00:00:00-04:00,179.0032811480208,179.11403358058067,177.75097271516222,178.02359008789062,85695000,0.0,0.0,0.0
2016-04-22 00:00:00-04:00,177.66578953551843,178.29619446150724,177.1205677891734,178.02359008789062,99251700,0.0,0.0,0.0
2016-04-25 00:00:00-04:00,177.41869959085773,177.75947125140206,176.80532360098758,177.7168731689453,66166500,0.0,0.0,0.0
2016-04-26 00:00:00-04:00,178.08321256148966,178.49213861035878,177.50392015759232,177.98098754882812,75864200,0.0,0.0,0.0
2016-04-27 00:00:00-04:00,177.5976205836273,178.73917649002462,177.23982006068684,178.34730529785156,77329400,0.0,0.0,0.0
2016-04-28 00:00:00-04:00,177.589105346594,178.69657757953746,176.3112407709417,176.72866821289062,97216200,0.0,0.0,0.0
2016-04-29 00:00:00-04:00,176.1067804075141,176.45606651656496,174.66705088410362,175.7745361328125,142424100,0.0,0.0,0.0
2016-05-02 00:00:00-04:00,176.27715359198956,177.3505551344796,175.84268432460058,177.17166137695312,62188000,0.0,0.0,0.0
2016-05-03 00:00:00-04:00,175.93640299191867,176.17493667898285,174.88003023555515,175.6297149658203,106422100,0.0,0.0,0.0
2016-05-04 00:00:00-04:00,174.63298032002473,175.36562320815685,174.1473855341078,174.65000915527344,92243800,0.0,0.0,0.0
2016-05-05 00:00:00-04:00,175.1185292886901,175.47632974852266,174.18995097633118,174.61590576171875,67619200,0.0,0.0,0.0
2016-05-06 00:00:00-04:00,173.8406943074764,175.29746563926946,173.68735679839853,175.25486755371094,89315000,0.0,0.0,0.0
2016-05-09 00:00:00-04:00,175.127084374519,175.8341579907671,174.9481776167806,175.39968872070312,74374900,0.0,0.0,0.0
2016-05-10 00:00:00-04:00,176.1067663310547,177.5976082392371,176.03861199821603,177.58056640625,77472200,0.0,0.0,0.0
2016-05-11 00:00:00-04:00,177.12059921454232,177.65729363876696,175.91940307617188,175.91940307617188,81727000,0.0,0.0,0.0
2016-05-12 00:00:00-04:00,176.5923494024132,176.76274173534193,174.95668439935457,175.970458984375,89586300,0.0,0.0,0.0
2016-05-13 00:00:00-04:00,175.672306452345,176.22604256241553,174.1133101281779,174.43702697753906,96474600,0.0,0.0,0.0
2016-05-16 00:00:00-04:00,174.60741383148715,176.63495003164277,174.54777391428047,176.1578826904297,77486800,0.0,0.0,0.0
2016-05-17 00:00:00-04:00,175.88532362755066,176.1749698736876,173.98555519168647,174.5137481689453,114924900,0.0,0.0,0.0
2016-05-18 00:00:00-04:00,174.164405514161,175.7489579338896,173.47436079895985,174.56480407714844,120062100,0.0,0.0,0.0
2016-05-19 00:00:00-04:00,173.8406788492189,174.24959183617588,172.7502355512607,173.95994567871094,115430500,0.0,0.0,0.0
2016-05-20 00:00:00-04:00,174.57334988983263,175.57861018592482,174.52223738308604,175.05894470214844,104990400,0.0,0.0,0.0
2016-05-23 00:00:00-04:00,175.07596657630472,175.35709835134318,174.63298286937538,174.82040405273438,58682600,0.0,0.0,0.0
2016-05-24 00:00:00-04:00,175.63825788327622,177.40171756926543,175.6127016268804,177.0865020751953,93537800,0.0,0.0,0.0
2016-05-25 00:00:00-04:00,177.7679780467877,178.7050838242209,177.086447754028,178.2876434326172,76621400,0.0,0.0,0.0
2016-05-26 00:00:00-04:00,178.42397180544003,178.65399106697245,178.0235732016694,178.33877563476562,55280700,0.0,0.0,0.0
2016-05-27 00:00:00-04:00,178.50063766346895,179.11401368486318,178.44952516153782,179.10549926757812,64211200,0.0,0.0,0.0
2016-05-31 00:00:00-04:00,179.37810074303295,179.48885316151993,178.20246122097163,178.7647247314453,109879400,0.0,0.0,0.0
2016-06-01 00:00:00-04:00,178.15135377669438,179.30995149823454,177.95541818382588,179.1310577392578,69936200,0.0,0.0,0.0
2016-06-02 00:00:00-04:00,178.73066446705923,179.69331362532813,178.25359709674703,179.67628479003906,63044700,0.0,0.0,0.0
2016-06-03 00:00:00-04:00,179.11401589227415,179.4888582432025,177.92986191953818,179.1395721435547,101757100,0.0,0.0,0.0
2016-06-06 00:00:00-04:00,179.49736784920003,180.4089174508064,179.33550292935516,180.05111694335938,64887000,0.0,0.0,0.0
2016-06-07 00:00:00-04:00,180.20447886154633,180.89452371933413,180.1789226074884,180.33226013183594,60974800,0.0,0.0,0.0
2016-06-08 00:00:00-04:00,180.46856332280362,181.0478687283998,180.340782056406,180.92007446289062,66170900,0.0,0.0,0.0
2016-06-09 00:00:00-04:00,180.1874246172955,180.79228625294073,179.91482025974642,180.6730194091797,73786900,0.0,0.0,0.0
2016-06-10 00:00:00-04:00,179.29290707869862,179.6336657322509,178.4154281975382,178.96066284179688,113829200,0.0,0.0,0.0
2016-06-13 00:00:00-04:00,178.3558073182912,179.21623139704838,177.49538323953402,177.58056640625,117751200,0.0,0.0,0.0
2016-06-14 00:00:00-04:00,177.1972220553613,177.82763992889195,176.27715799633438,177.23129272460938,125059300,0.0,0.0,0.0
2016-06-15 00:00:00-04:00,177.231270480706,178.35579741141666,176.79680125699093,176.98422241210938,109124500,0.0,0.0,0.0
2016-06-16 00:00:00-04:00,176.98425601153977,177.68282826762095,175.1441277750987,177.51243591308594,149533100,0.0,0.0,0.0
2016-06-17 00:00:00-04:00,177.4079187563218,177.43360790555832,176.1919177811954,176.85130310058594,117055700,1.078,0.0,0.0
2016-06-20 00:00:00-04:00,178.8209156943543,179.49741850952435,177.9046256703846,177.99026489257812,82789600,0.0,0.0,0.0
2016-06-21 00:00:00-04:00,178.37562683718943,178.90655346246095,177.93032637295858,178.49551391601562,72461700,0.0,0.0,0.0
2016-06-22 00:00:00-04:00,178.67533751313096,179.40323174690326,178.05877166179036,178.20436096191406,95560500,0.0,0.0,0.0
2016-06-23 00:00:00-04:00,179.66869964266547,180.57641798398882,179.20628177571822,180.52503967285156,102731400,0.0,0.0,0.0
2016-06-24 00:00:00-04:00,174.37646770781888,180.5592417564513,173.59719539826344,174.04249572753906,333444400,0.0,0.0,0.0
2016-06-27 00:00:00-04:00,172.62956896887508,172.63814073114858,170.11192740209458,170.9254608154297,230775800,0.0,0.0,0.0
2016-06-28 00:00:00-04:00,172.53540993523436,174.03400519922755,172.22712695825862,174.00831604003906,159382400,0.0,0.0,0.0
2016-06-29 00:00:00-04:00,175.41267690123186,177.20242430846392,175.30992028583816,176.97122192382812,137328600,0.0,0.0,0.0
2016-06-30 00:00:00-04:00,177.44222591049132,179.43748671030048,176.88559704298115,179.3861083984375,165021900,0.0,0.0,0.0
2016-07-01 00:00:00-04:00,179.38608675415372,180.2509984551956,179.22338007507813,179.76287841796875,106055300,0.0,0.0,0.0
2016-07-05 00:00:00-04:00,178.93222065610226,179.04354902517392,177.87036753588632,178.4698028564453,109803700,0.0,0.0,0.0
2016-07-06 00:00:00-04:00,177.97311862138648,179.6601092283609,177.31373325587478,179.54022216796875,96021500,0.0,0.0,0.0
2016-07-07 00:00:00-04:00,179.72006174975914,180.3880058677437,178.65820857076355,179.4289093017578,85593800,0.0,0.0,0.0
2016-07-08 00:00:00-04:00,180.73055661180524,182.34903866225736,180.499341156966,182.10069274902344,133971000,0.0,0.0,0.0
2016-07-11 00:00:00-04:00,182.56315684468805,183.3167403505053,182.3576305067251,182.74298095703125,73633900,0.0,0.0,0.0
2016-07-12 00:00:00-04:00,183.71060551833483,184.36999092806968,182.76862636157077,184.0702667236328,101275600,0.0,0.0,0.0
2016-07-13 00:00:00-04:00,184.48984074097612,184.4983994345964,183.55643353476157,184.04454040527344,87324100,0.0,0.0,0.0
2016-07-14 00:00:00-04:00,185.31197875483406,185.5431942234719,184.6782954902362,185.07220458984375,91230900,0.0,0.0,0.0
2016-07-15 00:00:00-04:00,185.63738820224702,185.83434274786217,184.37856732946315,184.82386779785156,107155400,0.0,0.0,0.0
2016-07-18 00:00:00-04:00,184.94378014903887,185.48327861586822,184.68687549499094,185.32057189941406,58725900,0.0,0.0,0.0
2016-07-19 00:00:00-04:00,184.90100186022795,185.16646527095548,184.6526689147231,185.13221740722656,54345700,0.0,0.0,0.0
2016-07-20 00:00:00-04:00,185.13214651744477,186.14262144447778,185.13214651744477,185.90284729003906,58159500,0.0,0.0,0.0
2016-07-21 00:00:00-04:00,185.7915450667161,186.01418877817954,184.75536784532173,185.20066833496094,67777300,0.0,0.0,0.0
2016-07-22 00:00:00-04:00,185.32057765005538,186.08271987179558,185.0551142904299,186.03134155273438,62787500,0.0,0.0,0.0
2016-07-25 00:00:00-04:00,185.8257556816013,185.87713398420374,184.9437266423664,185.52603149414062,55873100,0.0,0.0,0.0
2016-07-26 00:00:00-04:00,185.42325276137043,185.97130970157696,184.76386746767085,185.6116485595703,70080500,0.0,0.0,0.0
2016-07-27 00:00:00-04:00,185.98848009837715,186.05698886395425,184.64402007400957,185.41473388671875,84083900,0.0,0.0,0.0
2016-07-28 00:00:00-04:00,185.21779256306388,185.91999770981988,184.75537466320256,185.62884521484375,65035700,0.0,0.0,0.0
2016-07-29 00:00:00-04:00,185.3633990266599,186.28823491194626,185.08080520243362,185.92857360839844,79519400,0.0,0.0,0.0
2016-08-01 00:00:00-04:00,185.98848380038402,186.38239287690422,185.3205396561009,185.77439880371094,73311400,0.0,0.0,0.0
2016-08-02 00:00:00-04:00,185.5260573545248,185.68020535052852,183.74488163805017,184.58409118652344,92295500,0.0,0.0,0.0
2016-08-03 00:00:00-04:00,184.5241455265163,185.1835310065832,184.22443435682175,185.1235809326172,53993600,0.0,0.0,0.0
2016-08-04 00:00:00-04:00,185.23493265916025,185.63741356826887,183.4708740703251,185.32057189941406,46585500,0.0,0.0,0.0
2016-08-05 00:00:00-04:00,185.32053038320964,186.87906228631553,185.32053038320964,186.83624267578125,71892200,0.0,0.0,0.0
2016-08-08 00:00:00-04:00,187.0246715203692,187.12744121713342,186.45949698837384,186.72496032714844,39906500,0.0,0.0,0.0
2016-08-09 00:00:00-04:00,186.79343613195752,187.3329214112158,186.51084238248384,186.83624267578125,51251700,0.0,0.0,0.0
2016-08-10 00:00:00-04:00,186.94760187980813,187.02466935145293,186.0227530199327,186.3738555908203,57941100,0.0,0.0,0.0
2016-08-11 00:00:00-04:00,186.9047669305606,187.48708493532814,186.63930361664032,187.23873901367188,72504300,0.0,0.0,0.0
2016-08-12 00:00:00-04:00,186.93043000619554,187.2901042609464,186.67353849095895,187.07601928710938,61313500,0.0,0.0,0.0
2016-08-15 00:00:00-04:00,187.44427415309008,187.96664210941114,187.43571545655482,187.61553955078125,49813500,0.0,0.0,0.0
2016-08-16 00:00:00-04:00,187.19591470081951,187.2644103967984,186.64785766601562,186.64785766601562,53213600,0.0,0.0,0.0
2016-08-17 00:00:00-04:00,186.68207508355755,187.13593412902034,185.8428657441538,186.99891662597656,75134300,0.0,0.0,0.0
2016-08-18 00:00:00-04:00,186.9732481831331,187.4527964301838,186.86193288295257,187.41854858398438,52989300,0.0,0.0,0.0
2016-08-19 00:00:00-04:00,186.94756147289544,187.32435311955808,186.45945452459875,187.14451599121094,75443000,0.0,0.0,0.0
2016-08-22 00:00:00-04:00,186.90481658039093,187.36724762859345,186.5365965482252,187.1360321044922,61368800,0.0,0.0,0.0
2016-08-23 00:00:00-04:00,187.75257631868283,188.0523005953639,187.45285204200178,187.51280212402344,53399200,0.0,0.0,0.0
2016-08-24 00:00:00-04:00,187.36720083358696,187.4613987593826,186.13406910197543,186.55368041992188,71728900,0.0,0.0,0.0
2016-08-25 00:00:00-04:00,186.16834253521043,186.84485856798818,186.01420758093516,186.4252471923828,69224800,0.0,0.0,0.0
2016-08-26 00:00:00-04:00,186.6136103171795,187.6412156987997,185.18352409219543,186.07411193847656,122506300,0.0,0.0,0.0
2016-08-29 00:00:00-04:00,186.20252540913708,187.25581968865652,186.16826450029438,186.9903564453125,70502200,0.0,0.0,0.0
2016-08-30 00:00:00-04:00,186.90475733586857,187.18735109425765,186.1254978930864,186.68211364746094,58114500,0.0,0.0,0.0
2016-08-31 00:00:00-04:00,186.34813861351304,186.46802568485555,185.37191158494963,186.15118408203125,85269500,0.0,0.0,0.0
2016-09-01 00:00:00-04:00,186.14265957689005,186.45094256242362,184.99516687890392,186.1597900390625,97844200,0.0,0.0,0.0
2016-09-02 00:00:00-04:00,187.01604708053412,187.4270865229572,186.4251705320275,186.99891662597656,79293900,0.0,0.0,0.0
2016-09-06 00:00:00-04:00,187.28155418302956,187.6412154127127,186.56223172366327,187.56414794921875,56702100,0.0,0.0,0.0
2016-09-07 00:00:00-04:00,187.401420855104,187.72683419892888,186.93900305777748,187.5469970703125,76554900,0.0,0.0,0.0
2016-09-08 00:00:00-04:00,187.21306389815967,187.4870989954742,186.81058301567433,187.11886596679688,74102900,0.0,0.0,0.0
2016-09-09 00:00:00-04:00,185.80006346128212,185.85144176303595,182.61447808545122,182.64016723632812,221589100,0.0,0.0,0.0
2016-09-12 00:00:00-04:00,181.87809420581962,185.66311631454028,181.80958542194554,185.26063537597656,168110900,0.0,0.0,0.0
2016-09-13 00:00:00-04:00,183.9760741936991,184.2415374910919,181.97224181978828,182.5973663330078,182828800,0.0,0.0,0.0
2016-09-14 00:00:00-04:00,182.64875670877018,183.85619927028594,181.97225384383333,182.52886962890625,134185500,0.0,0.0,0.0
2016-09-15 00:00:00-04:00,182.36620293277204,184.73825572514238,182.1863657530625,184.3529052734375,134427900,0.0,0.0,0.0
2016-09-16 00:00:00-04:00,183.73491728635778,183.91566286896128,182.95172144898766,183.64024353027344,155236400,1.082,0.0,0.0
2016-09-19 00:00:00-04:00,184.29436301373542,184.9398623324131,183.34762542658794,183.6746826171875,80250500,0.0,0.0,0.0
2016-09-20 00:00:00-04:00,184.53533709176185,184.6902506150678,183.64885246560053,183.6832733154297,69665300,0.0,0.0,0.0
2016-09-21 00:00:00-04:00,184.389032664752,185.92961855928027,183.70049744695777,185.74888610839844,110284400,0.0,0.0,0.0
2016-09-22 00:00:00-04:00,186.7644590345271,187.22061081012316,186.51487175706978,186.91937255859375,76678700,0.0,0.0,0.0
2016-09-23 00:00:00-04:00,186.52353089681253,186.6612406044766,185.80057463065697,185.89524841308594,73630900,0.0,0.0,0.0
2016-09-26 00:00:00-04:00,185.06037164586982,185.24110411702154,184.19109074698343,184.38905334472656,89827300,0.0,0.0,0.0
2016-09-27 00:00:00-04:00,184.22550630742447,185.6283825488649,183.85541320612575,185.53372192382812,78494800,0.0,0.0,0.0
2016-09-28 00:00:00-04:00,185.7574680302204,186.6095317478963,184.79352670876403,186.45460510253906,87411000,0.0,0.0,0.0
2016-09-29 00:00:00-04:00,186.24801543995977,186.65252928967917,184.21684426383982,184.76766967773438,128070600,0.0,0.0,0.0
2016-09-30 00:00:00-04:00,185.6025771646541,186.86775695932013,185.35298985748946,186.16201782226562,117202900,0.0,0.0,0.0
2016-10-03 00:00:00-04:00,185.7488962660405,185.93823065688858,185.0775648707597,185.71446228027344,83512100,0.0,0.0,0.0
2016-10-04 00:00:00-04:00,185.82629773519423,186.05006604521853,184.17382149351062,184.76766967773438,119948100,0.0,0.0,0.0
2016-10-05 00:00:00-04:00,185.39596442298915,186.01564465338072,185.32710960486634,185.58531188964844,72816000,0.0,0.0,0.0
2016-10-06 00:00:00-04:00,185.36158615610836,185.93823065688858,184.81937564109518,185.71446228027344,62927400,0.0,0.0,0.0
2016-10-07 00:00:00-04:00,185.98984649965766,186.16197699782222,184.34597200684834,185.07752990722656,89788300,0.0,0.0,0.0
2016-10-10 00:00:00-04:00,186.04150390625,186.50625761345506,185.89519231078327,186.04150390625,51855000,0.0,0.0,0.0
2016-10-11 00:00:00-04:00,185.6111887118312,185.68004355143535,182.9603364843019,183.69189453125,130367400,0.0,0.0,0.0
2016-10-12 00:00:00-04:00,183.82955726994538,184.45785259613004,183.3303696598203,183.93284606933594,73866100,0.0,0.0,0.0
2016-10-13 00:00:00-04:00,182.59885578200377,183.8296015487231,181.7812259142098,183.33041381835938,101357000,0.0,0.0,0.0
2016-10-14 00:00:00-04:00,184.3115333472409,184.7763001264698,183.34759207582513,183.425048828125,93346200,0.0,0.0,0.0
2016-10-17 00:00:00-04:00,183.3992733755066,183.65747574374717,182.6074624102287,182.7882080078125,58275700,0.0,0.0,0.0
2016-10-18 00:00:00-04:00,184.38899777410785,184.4492375354307,183.55415111457106,183.93284606933594,76869700,0.0,0.0,0.0
2016-10-19 00:00:00-04:00,184.19963257839444,184.7332409818451,183.83815464708462,184.42340087890625,66519200,0.0,0.0,0.0
2016-10-20 00:00:00-04:00,184.0705170205751,184.63855937384386,183.4164160012646,184.07913208007812,73639800,0.0,0.0,0.0
2016-10-21 00:00:00-04:00,184.0791939905614,184.25132451324941,183.11523942461778,184.16525268554688,89089100,0.0,0.0,0.0
2016-10-24 00:00:00-04:00,185.04309903173544,185.31851832004375,184.59554925459165,184.94842529296875,60146600,0.0,0.0,0.0
2016-10-25 00:00:00-04:00,184.76771593033303,185.0259182805126,184.16525253505873,184.3287811279297,66542300,0.0,0.0,0.0
2016-10-26 00:00:00-04:00,183.5025579011086,184.54395614722046,183.26155939907323,183.95870971679688,75705500,0.0,0.0,0.0
2016-10-27 00:00:00-04:00,184.68163558273272,184.71605643011975,183.39063711591282,183.4680938720703,77220200,0.0,0.0,0.0
2016-10-28 00:00:00-04:00,183.44229275144065,184.1222128982054,182.21154706403203,182.92588806152344,140623200,0.0,0.0,0.0
2016-10-31 00:00:00-04:00,183.26156862082505,183.4853501412505,182.77099592742755,182.9345245361328,61272500,0.0,0.0,0.0
2016-11-01 00:00:00-04:00,183.26153104193241,183.31318201255195,180.39552597654134,181.6090545654297,122781800,0.0,0.0,0.0
2016-11-02 00:00:00-04:00,181.299202179648,181.6865122032408,180.077058611712,180.51600646972656,103330800,0.0,0.0,0.0
2016-11-03 00:00:00-04:00,180.73121547008878,180.94638191937483,179.4143978510756,179.68980407714844,88939300,0.0,0.0,0.0
2016-11-04 00:00:00-04:00,179.80163087354754,180.64507937755323,179.3454792139425,179.49179077148438,109122100,0.0,0.0,0.0
2016-11-07 00:00:00-05:00,179.4918277631779,183.48531593906313,179.4918277631779,183.4508819580078,109794900,0.0,0.0,0.0
2016-11-08 00:00:00-05:00,183.0550015891877,184.84518793607123,182.78819730628936,184.2771453857422,106772100,0.0,0.0,0.0
2016-11-09 00:00:00-05:00,182.77960227549866,186.8505611996288,182.75378335062837,186.2308807373047,258429000,0.0,0.0,0.0
2016-11-10 00:00:00-05:00,187.02264430055297,187.89191186035367,185.23245821159472,186.69558715820312,172113300,0.0,0.0,0.0
2016-11-11 00:00:00-05:00,185.97262038448096,186.5062288424219,185.3185192704658,186.26524353027344,100552700,0.0,0.0,0.0
2016-11-14 00:00:00-05:00,186.79030089503144,186.99686541853845,185.66283077791493,186.41160583496094,94580000,0.0,0.0,0.0
2016-11-15 00:00:00-05:00,186.79887395189596,187.86610412597656,186.59232259303374,187.86610412597656,91652600,0.0,0.0,0.0
2016-11-16 00:00:00-05:00,187.24642510788962,187.74561278319638,187.125932436796,187.5132293701172,65617700,0.0,0.0,0.0
2016-11-17 00:00:00-05:00,187.66811466377524,188.53738208989714,187.55622394644874,188.47714233398438,69797200,0.0,0.0,0.0
2016-11-18 00:00:00-05:00,188.54603617908583,188.7181666879563,187.8747048688737,188.05545043945312,86265800,0.0,0.0,0.0
2016-11-21 00:00:00-05:00,188.63210668073216,189.50137434123363,188.4857950823933,189.47555541992188,72402600,0.0,0.0,0.0
2016-11-22 00:00:00-05:00,189.78538918701042,190.02637453291092,189.1140709901853,189.84564208984375,67429000,0.0,0.0,0.0
2016-11-23 00:00:00-05:00,189.32920281394425,190.00052088807968,189.13125341585663,189.94888305664062,56620200,0.0,0.0,0.0
2016-11-25 00:00:00-05:00,190.2931698502438,190.689068672833,190.21569996520256,190.65464782714844,37872300,0.0,0.0,0.0
2016-11-28 00:00:00-05:00,190.34484206359207,190.62024827695456,189.65630683110996,189.75958251953125,76572500,0.0,0.0,0.0
2016-11-29 00:00:00-05:00,189.79399484887597,190.58580567943466,189.49275661506186,190.12965393066406,69886700,0.0,0.0,0.0
2016-11-30 00:00:00-05:00,190.74937048637665,190.9128990939236,189.6132852967144,189.6735382080078,113291800,0.0,0.0,0.0
2016-12-01 00:00:00-05:00,189.97472631448642,189.97472631448642,188.61487300392184,188.9763641357422,79040500,0.0,0.0,0.0
2016-12-02 00:00:00-05:00,189.0624429921866,189.5616307011736,188.70956688420517,189.071044921875,74840300,0.0,0.0,0.0
2016-12-05 00:00:00-05:00,189.90585408048764,190.55135326245085,189.70790467517898,190.20709228515625,67837800,0.0,0.0,0.0
2016-12-06 00:00:00-05:00,190.39646970702,190.84401955406278,189.91449900992004,190.80958557128906,59877400,0.0,0.0,0.0
2016-12-07 00:00:00-05:00,190.65468977887744,193.36578176856935,190.53419709339596,193.3055419921875,110738100,0.0,0.0,0.0
2016-12-08 00:00:00-05:00,193.27972553791193,194.2522689643216,193.01290810769973,193.77890014648438,99714400,0.0,0.0,0.0
2016-12-09 00:00:00-05:00,194.00264700405376,194.9665883280231,193.9682130237888,194.94937133789062,88005800,0.0,0.0,0.0
2016-12-12 00:00:00-05:00,194.85471105820483,195.33669488621638,194.30388553033671,194.72561645507812,102016100,0.0,0.0,0.0
2016-12-13 00:00:00-05:00,195.38832333111233,196.52439518214243,195.3711063406179,196.02520751953125,110477500,0.0,0.0,0.0
2016-12-14 00:00:00-05:00,195.72399831251653,196.42973738751738,193.96823285552694,194.4071807861328,142501800,0.0,0.0,0.0
2016-12-15 00:00:00-05:00,194.64818355822416,196.06827689759587,194.415800111388,195.20761108398438,124972600,0.0,0.0,0.0
2016-12-16 00:00:00-05:00,195.66551185141122,195.72611987432853,194.5054256795386,194.82574462890625,156420200,1.329,0.0,0.0
2016-12-19 00:00:00-05:00,195.00759428034576,195.6742166144554,194.8604203227072,195.25,90341100,0.0,0.0,0.0
2016-12-20 00:00:00-05:00,195.7867697060943,196.15039152554453,195.55302980660466,196.00320434570312,89838800,0.0,0.0,0.0
2016-12-21 00:00:00-05:00,195.8733296992585,196.04647475199613,195.45777893066406,195.45777893066406,67909000,0.0,0.0,0.0
2016-12-22 00:00:00-05:00,195.31059595854364,195.43179881087656,194.7218869542694,195.12013244628906,56219100,0.0,0.0,0.0
2016-12-23 00:00:00-05:00,195.16349528442933,195.4145669391701,194.9730448978989,195.40591430664062,36697800,0.0,0.0,0.0
2016-12-27 00:00:00-05:00,195.67420564907505,196.28887254299553,195.65688718146427,195.89064025878906,42672500,0.0,0.0,0.0
2016-12-28 00:00:00-05:00,196.15039282478065,196.1676980847761,194.159191485166,194.271728515625,64095000,0.0,0.0,0.0
2016-12-29 00:00:00-05:00,194.3410068893433,194.6959629034167,193.78693468620676,194.2284698486328,48696100,0.0,0.0,0.0
2016-12-30 00:00:00-05:00,194.55746908170502,194.64404824230942,192.82599155061845,193.51858520507812,108998300,0.0,0.0,0.0
2017-01-03 00:00:00-05:00,194.82578887310643,195.5097296950616,193.82154223916174,194.9989471435547,91366500,0.0,0.0,0.0
2017-01-04 00:00:00-05:00,195.327927537461,196.3062163267695,195.31927490759986,196.15904235839844,78744400,0.0,0.0,0.0
2017-01-05 00:00:00-05:00,195.89066731598953,196.15904415548493,195.2067264571573,196.00320434570312,78379000,0.0,0.0,0.0
2017-01-06 00:00:00-05:00,196.11574345904899,197.17194549722691,195.57032397093968,196.70445251464844,71559900,0.0,0.0,0.0
2017-01-09 00:00:00-05:00,196.444740233256,196.5832615735767,196.02052358231973,196.05516052246094,46939700,0.0,0.0,0.0
2017-01-10 00:00:00-05:00,196.07246578240944,196.91223324418567,195.66556760154376,196.05516052246094,63771900,0.0,0.0,0.0
2017-01-11 00:00:00-05:00,195.96854073601835,196.60919189453125,195.30191848284733,196.60919189453125,74650000,0.0,0.0,0.0
2017-01-12 00:00:00-05:00,196.0897820740718,196.30621671212265,194.7565505161322,196.11575317382812,72113200,0.0,0.0,0.0
2017-01-13 00:00:00-05:00,196.28890579810013,196.86894906518972,196.25428206713286,196.56594848632812,62717900,0.0,0.0,0.0
2017-01-17 00:00:00-05:00,195.9252942515177,196.33219243744952,195.48377233513563,195.87335205078125,61240800,0.0,0.0,0.0
2017-01-18 00:00:00-05:00,196.12437198426298,196.34947242349787,195.57029993480117,196.30618286132812,54793300,0.0,0.0,0.0
2017-01-19 00:00:00-05:00,196.38409460091412,196.52261591471884,195.1460950353484,195.57896423339844,66608800,0.0,0.0,0.0
2017-01-20 00:00:00-05:00,196.26292470618137,196.79102574487473,195.63093926975216,196.2975616455078,129168600,0.0,0.0,0.0
2017-01-23 00:00:00-05:00,196.29756948118217,196.35816431223958,195.024932717631,195.78677368164062,75061600,0.0,0.0,0.0
2017-01-24 00:00:00-05:00,196.00320217232323,197.45764980363037,195.8906651438575,197.04209899902344,95555300,0.0,0.0,0.0
2017-01-25 00:00:00-05:00,197.99435724923651,198.74755859375,197.8298648497437,198.74755859375,84437700,0.0,0.0,0.0
2017-01-26 00:00:00-05:00,198.6004050059098,198.86879503523576,198.26276752205186,198.53981018066406,59970700,0.0,0.0,0.0
2017-01-27 00:00:00-05:00,198.61772910492357,198.76490306768792,198.04633851292922,198.2281494140625,59711100,0.0,0.0,0.0
2017-01-30 00:00:00-05:00,197.53557878890484,197.56154989062253,196.01188357760145,196.9988250732422,79737300,0.0,0.0,0.0
2017-01-31 00:00:00-05:00,196.50530180086244,197.04206860121604,195.93392448647037,196.98146057128906,75880800,0.0,0.0,0.0
2017-02-01 00:00:00-05:00,196.98148916756324,197.89916990736018,196.47070659882672,197.0594024658203,79117700,0.0,0.0,0.0
2017-02-02 00:00:00-05:00,197.0594165618137,197.47498060248765,196.36683624760258,197.1892852783203,69657600,0.0,0.0,0.0
2017-02-03 00:00:00-05:00,198.0983178594153,198.7303033547446,197.78665142703923,198.54849243164062,80563200,0.0,0.0,0.0
2017-02-06 00:00:00-05:00,198.1416002751732,198.53984586597815,197.85590493592423,198.19354248046875,57790100,0.0,0.0,0.0
2017-02-07 00:00:00-05:00,198.58313659386744,198.82554236007024,198.01174591205069,198.20220947265625,57931200,0.0,0.0,0.0
2017-02-08 00:00:00-05:00,198.20218985010365,198.5917695636371,197.65677032508353,198.4619140625,51566200,0.0,0.0,0.0
2017-02-09 00:00:00-05:00,198.46190780053314,199.9423133072741,198.46190780053314,199.63931274414062,65955200,0.0,0.0,0.0
2017-02-10 00:00:00-05:00,199.98561735021443,200.6522397735495,199.65663245374103,200.42713928222656,66015900,0.0,0.0,0.0
2017-02-13 00:00:00-05:00,200.92065875477104,201.77774490733907,200.89468764803794,201.5180206298828,55182100,0.0,0.0,0.0
2017-02-14 00:00:00-05:00,201.3361633989964,202.33177069873477,200.98987324872715,202.32310485839844,71109000,0.0,0.0,0.0
2017-02-15 00:00:00-05:00,202.10666622568726,203.5697665204438,202.05472402518362,203.37930297851562,86785800,0.0,0.0,0.0
2017-02-16 00:00:00-05:00,203.4052471270333,203.58705801482787,202.45294275369733,203.2061309814453,84722400,0.0,0.0,0.0
2017-02-17 00:00:00-05:00,202.5395477581933,203.5264892578125,202.52222928693737,203.5264892578125,77204100,0.0,0.0,0.0
2017-02-21 00:00:00-05:00,203.8987578954206,204.91167046785708,203.8900920549793,204.738525390625,88946100,0.0,0.0,0.0
2017-02-22 00:00:00-05:00,204.3316448788632,204.78181947660556,204.16715241771263,204.55673217773438,62115200,0.0,0.0,0.0
2017-02-23 00:00:00-05:00,205.07611744120493,205.09342269800504,203.93333640665264,204.6951904296875,74615900,0.0,0.0,0.0
2017-02-24 00:00:00-05:00,203.84678137722443,204.9982018915402,203.8034918126732,204.95492553710938,82381600,0.0,0.0,0.0
2017-02-27 00:00:00-05:00,204.86835514997097,205.44839835137117,204.6172968010536,205.27525329589844,56515400,0.0,0.0,0.0
2017-02-28 00:00:00-05:00,204.89438228544432,205.1367880714272,204.331657398725,204.7212371826172,96961900,0.0,0.0,0.0
2017-03-01 00:00:00-05:00,206.38337040462645,208.05425233534552,206.36605193831684,207.5867462158203,149158200,0.0,0.0,0.0
2017-03-02 00:00:00-05:00,207.3962919788979,207.4049578174993,206.2275530481285,206.2794952392578,70246000,0.0,0.0,0.0
2017-03-03 00:00:00-05:00,206.19298914834422,206.57391629837832,205.81206199831013,206.409423828125,81974300,0.0,0.0,0.0
2017-03-06 00:00:00-05:00,205.61286686069826,206.1496204332648,205.18865029553214,205.794677734375,55391500,0.0,0.0,0.0
2017-03-07 00:00:00-05:00,205.49168957977946,205.8466455329481,204.972241199039,205.18002319335938,65103700,0.0,0.0,0.0
2017-03-08 00:00:00-05:00,205.4743624648891,205.7340866443304,204.66056620069597,204.79908752441406,78168800,0.0,0.0,0.0
2017-03-09 00:00:00-05:00,204.9202708037729,205.3877769241297,204.08916936110182,205.0587921142578,90683900,0.0,0.0,0.0
2017-03-10 00:00:00-05:00,206.01984108379287,206.06313066115138,204.8251174413443,205.77743530273438,81991700,0.0,0.0,0.0
2017-03-13 00:00:00-04:00,205.7167636864556,205.92454566749777,205.38779206245576,205.88125610351562,57256800,0.0,0.0,0.0
2017-03-14 00:00:00-04:00,205.33589637724035,205.38785179520121,204.4788235276852,205.09349060058594,59880800,0.0,0.0,0.0
2017-03-15 00:00:00-04:00,205.66481869442677,207.29241116513683,205.43106562020094,206.86819458007812,96081800,0.0,0.0,0.0
2017-03-16 00:00:00-04:00,207.00672316657324,207.08463645734392,206.13233207986562,206.4613037109375,78344000,0.0,0.0,0.0
2017-03-17 00:00:00-04:00,206.72478419592946,206.91607632998918,206.09873962402344,206.09873962402344,89002100,1.033,0.0,0.0
2017-03-20 00:00:00-04:00,206.0987929903135,206.38573126570157,205.4814517985714,205.8727264404297,52537000,0.0,0.0,0.0
2017-03-21 00:00:00-04:00,206.48130761344245,206.60303775573874,203.0989344443633,203.22935485839844,131809300,0.0,0.0,0.0
2017-03-22 00:00:00-04:00,203.26415312665975,203.9945340186917,202.6381085713206,203.7075958251953,97569200,0.0,0.0,0.0
2017-03-23 00:00:00-04:00,203.70759532885208,204.6292683476359,203.11633839891192,203.49021911621094,100410300,0.0,0.0,0.0
2017-03-24 00:00:00-04:00,203.79452288355492,204.36838592204487,202.55982775894125,203.34237670898438,112504900,0.0,0.0,0.0
2017-03-27 00:00:00-04:00,201.66429293817558,203.39461270446392,201.38605823089944,203.13375854492188,87454500,0.0,0.0,0.0
2017-03-28 00:00:00-04:00,202.82935968277627,205.03789572422602,202.71631982915798,204.61184692382812,93483900,0.0,0.0,0.0
2017-03-29 00:00:00-04:00,204.3249445791319,205.03793163989064,204.09886483229388,204.80316162109375,61950400,0.0,0.0,0.0
2017-03-30 00:00:00-04:00,204.74228947622825,205.65527213924028,204.56839117555688,205.4552764892578,56737900,0.0,0.0,0.0
2017-03-31 00:00:00-04:00,205.11619199361942,205.64659049106066,204.92489986224118,204.97708129882812,73733100,0.0,0.0,0.0
2017-04-03 00:00:00-04:00,205.02922799684075,205.2292103795787,203.38586450761696,204.6205596923828,85546500,0.0,0.0,0.0
2017-04-04 00:00:00-04:00,204.33361799386316,204.83793234527792,203.95103377778372,204.7509765625,56466200,0.0,0.0,0.0
2017-04-05 00:00:00-04:00,205.4291973614838,206.41174202197652,203.93364805798294,204.142333984375,108800600,0.0,0.0,0.0
2017-04-06 00:00:00-04:00,204.28144940442454,205.2378966750352,203.83799348780911,204.71620178222656,69135800,0.0,0.0,0.0
2017-04-07 00:00:00-04:00,204.46410571246165,205.20319030662057,204.02066291652272,204.50758361816406,74412300,0.0,0.0,0.0
2017-04-10 00:00:00-04:00,204.64663575305178,205.42918471054742,204.09884352225117,204.62924194335938,67615300,0.0,0.0,0.0
2017-04-11 00:00:00-04:00,204.24674025924068,204.49020062294403,202.89031444215206,204.3858642578125,88045300,0.0,0.0,0.0
2017-04-12 00:00:00-04:00,204.10757339785184,204.29886552638334,203.26415263139694,203.49021911621094,81864400,0.0,0.0,0.0
2017-04-13 00:00:00-04:00,203.15112388214533,203.8902083526426,202.1685791015625,202.1685791015625,92880400,0.0,0.0,0.0
2017-04-17 00:00:00-04:00,202.69027963246666,203.9597625732422,202.4902972284209,203.9597625732422,68405400,0.0,0.0,0.0
2017-04-18 00:00:00-04:00,203.22069955863816,203.89022209028013,202.66421691700648,203.3511199951172,83225800,0.0,0.0,0.0
2017-04-19 00:00:00-04:00,203.9163161367987,204.2901969180273,202.75116935444555,202.9772491455078,68699900,0.0,0.0,0.0
2017-04-20 00:00:00-04:00,203.59452918188688,205.0726978511844,203.27281667431922,204.62924194335938,92572200,0.0,0.0,0.0
2017-04-21 00:00:00-04:00,204.55100342524338,204.60317159023134,203.5771622985608,203.9771270751953,110389800,0.0,0.0,0.0
2017-04-24 00:00:00-04:00,206.22916451577632,206.4291601941839,203.95106593774156,206.22047424316406,119209900,0.0,0.0,0.0
2017-04-25 00:00:00-04:00,206.86392751444583,207.7682068320303,206.7769717117044,207.42041015625,76698300,0.0,0.0,0.0
2017-04-26 00:00:00-04:00,207.38562410404907,208.27252288189902,207.2465133932355,207.28997802734375,84702500,0.0,0.0,0.0
2017-04-27 00:00:00-04:00,207.61171196253804,207.76821649363913,206.92479558467883,207.46389770507812,57410300,0.0,0.0,0.0
2017-04-28 00:00:00-04:00,207.72475177038893,207.7508358605608,206.88133080791357,207.0117645263672,63532800,0.0,0.0,0.0
2017-05-01 00:00:00-04:00,207.53341674804688,207.95947891220902,207.11605812387444,207.53341674804688,66882500,0.0,0.0,0.0
2017-05-02 00:00:00-04:00,207.67256804470733,207.79429821226205,207.2030411891657,207.61170959472656,57375700,0.0,0.0,0.0
2017-05-03 00:00:00-04:00,207.61170671943208,207.70735279744284,206.68133002718287,207.3595428466797,73137700,0.0,0.0,0.0
2017-05-04 00:00:00-04:00,207.66385327777712,207.74210553320555,206.75087049500388,207.6029815673828,61462700,0.0,0.0,0.0
2017-05-05 00:00:00-04:00,207.97681498251677,208.43765137591822,207.5333591290864,208.42025756835938,62001300,0.0,0.0,0.0
2017-05-08 00:00:00-04:00,208.46382660767063,208.6116408675857,207.95951210864615,208.3855743408203,48385700,0.0,0.0,0.0
2017-05-09 00:00:00-04:00,208.64637533188764,208.84635771874457,207.84641924927953,208.19422912597656,51363200,0.0,0.0,0.0
2017-05-10 00:00:00-04:00,208.1507870955994,208.56814575195312,207.9421011336263,208.56814575195312,54293800,0.0,0.0,0.0
2017-05-11 00:00:00-04:00,208.116005757827,208.30729789965704,207.05520870498464,208.14208984375,62358300,0.0,0.0,0.0
2017-05-12 00:00:00-04:00,207.88989654564963,208.185524989301,207.52470612685852,207.79425048828125,53912700,0.0,0.0,0.0
2017-05-15 00:00:00-04:00,208.22037160741118,209.0637925520175,208.20297779180038,208.9420623779297,61918900,0.0,0.0,0.0
2017-05-16 00:00:00-04:00,209.23763773570525,209.26372181869624,208.35944265063046,208.75071716308594,51241800,0.0,0.0,0.0
2017-05-17 00:00:00-04:00,208.75076318049534,208.75076318049534,204.98580491695083,205.0466766357422,172174100,0.0,0.0,0.0
2017-05-18 00:00:00-04:00,204.96843370570463,206.72483772432471,204.70757952193412,205.8727264404297,107047700,0.0,0.0,0.0
2017-05-19 00:00:00-04:00,206.35955900206457,207.8811922783778,206.30739084111954,207.211669921875,115011400,0.0,0.0,0.0
2017-05-22 00:00:00-04:00,207.72472238454952,208.42903252233745,207.65517366565936,208.26382446289062,61010600,0.0,0.0,0.0
2017-05-23 00:00:00-04:00,208.6376993538085,208.88986320617354,208.25511507269738,208.7246551513672,48341700,0.0,0.0,0.0
2017-05-24 00:00:00-04:00,208.959412540843,209.3158994470322,208.6202929114487,209.21156311035156,46927700,0.0,0.0,0.0
2017-05-25 00:00:00-04:00,209.72459667229487,210.48976529357435,209.51592397019533,210.21151733398438,64071700,0.0,0.0,0.0
2017-05-26 00:00:00-04:00,210.02018703243948,210.3332092963271,209.9419347833652,210.1680145263672,46629900,0.0,0.0,0.0
2017-05-30 00:00:00-04:00,209.846303891863,210.23757843310824,209.68979938240147,209.9854278564453,35201900,0.0,0.0,0.0
2017-05-31 00:00:00-04:00,210.28105469780456,210.3158423224758,209.2376515067213,209.93325805664062,91796000,0.0,0.0,0.0
2017-06-01 00:00:00-04:00,210.39411083527747,211.62011598164852,210.1071726137273,211.60272216796875,68962000,0.0,0.0,0.0
2017-06-02 00:00:00-04:00,211.65487817016762,212.46352461486995,211.3592496925739,212.3070068359375,88666100,0.0,0.0,0.0
2017-06-05 00:00:00-04:00,212.13314939685873,212.42008765721081,211.95054749750952,212.15054321289062,44698800,0.0,0.0,0.0
2017-06-06 00:00:00-04:00,211.58531665274904,212.14179925139388,211.39402451562816,211.4722900390625,50375400,0.0,0.0,0.0
2017-06-07 00:00:00-04:00,211.81140299480992,212.08963766897932,211.14188049408946,211.8635711669922,54144300,0.0,0.0,0.0
2017-06-08 00:00:00-04:00,211.9591899773081,212.44611054517313,211.4374817874011,211.96788024902344,65950700,0.0,0.0,0.0
2017-06-09 00:00:00-04:00,212.23743613010615,213.0373790017962,210.37669627762057,211.64617919921875,132256400,0.0,0.0,0.0
2017-06-12 00:00:00-04:00,211.40273974722496,211.6548903414156,210.7506110439543,211.60272216796875,86108100,0.0,0.0,0.0
2017-06-13 00:00:00-04:00,212.141811728416,212.68960408671592,211.7940150591544,212.63743591308594,60067000,0.0,0.0,0.0
2017-06-14 00:00:00-04:00,212.90693232403044,212.9156225951455,211.5418035063695,212.3678436279297,78602300,0.0,0.0,0.0
2017-06-15 00:00:00-04:00,211.01142764159823,212.0809281446195,210.73319299268545,211.95919799804688,66464900,0.0,0.0,0.0
2017-06-16 00:00:00-04:00,212.1191148180203,212.17153739410537,211.12304587552475,212.00552368164062,84553100,1.183,0.0,0.0
2017-06-19 00:00:00-04:00,212.83553326336713,213.83160199222894,212.73942078372738,213.77044677734375,65123800,0.0,0.0,0.0
2017-06-20 00:00:00-04:00,213.41222979632616,213.42096244725582,212.31131582607034,212.3287811279297,56906400,0.0,0.0,0.0
2017-06-21 00:00:00-04:00,212.72201629820924,212.8355941104066,211.80458115432666,212.27639770507812,55977600,0.0,0.0,0.0
2017-06-22 00:00:00-04:00,212.28511055077738,212.7831383136977,212.00550572561437,212.1802520751953,44148100,0.0,0.0,0.0
2017-06-23 00:00:00-04:00,212.24139930266776,212.76563829873103,211.85694937284703,212.43362426757812,66986800,0.0,0.0,0.0
2017-06-26 00:00:00-04:00,213.1064867868441,213.52589415656666,212.36381123434887,212.57350158691406,56700500,0.0,0.0,0.0
2017-06-27 00:00:00-04:00,212.35496675958956,212.65205017509882,210.84339172928878,210.86087036132812,82247700,0.0,0.0,0.0
2017-06-28 00:00:00-04:00,211.88321740668772,212.94918764950285,211.64730246251216,212.74822998046875,70042600,0.0,0.0,0.0
2017-06-29 00:00:00-04:00,212.89673652037996,212.94915909376837,209.66388228260166,210.87838745117188,106949700,0.0,0.0,0.0
2017-06-30 00:00:00-04:00,211.69100043689303,212.0667178313277,211.07938142161004,211.2716064453125,86820700,0.0,0.0,0.0
2017-07-03 00:00:00-04:00,212.21526003862118,212.65213268307994,211.62985229492188,211.62985229492188,39153800,0.0,0.0,0.0
2017-07-05 00:00:00-04:00,211.99677107185246,212.3287851332324,211.1841812221538,212.1190948486328,54427600,0.0,0.0,0.0
2017-07-06 00:00:00-04:00,211.35019753536622,211.47252131366085,209.99588999063084,210.17938232421875,65400800,0.0,0.0,0.0
2017-07-07 00:00:00-04:00,210.7560390014331,211.6909392261175,210.1880967475174,211.5424041748047,57972300,0.0,0.0,0.0
2017-07-10 00:00:00-04:00,211.5424386047802,212.1453248908913,211.23662246964494,211.7696075439453,36663300,0.0,0.0,0.0
2017-07-11 00:00:00-04:00,211.76961819913453,211.92689926669547,210.44153510478725,211.6123504638672,50354600,0.0,0.0,0.0
2017-07-12 00:00:00-04:00,212.58220880187906,213.36857414517152,212.58220880187906,213.2025604248047,59610400,0.0,0.0,0.0
2017-07-13 00:00:00-04:00,213.2112525820927,213.6743363523671,212.9840703558741,213.5607452392578,39471600,0.0,0.0,0.0
2017-07-14 00:00:00-04:00,213.56080051060496,214.9151082391341,213.46468800516627,214.55686950683594,60262700,0.0,0.0,0.0
2017-07-17 00:00:00-04:00,214.47817130888055,214.86262121532513,214.3558475506745,214.5305938720703,33531900,0.0,0.0,0.0
2017-07-18 00:00:00-04:00,214.11992801281147,214.6966028598977,213.77916802722223,214.64418029785156,42742500,0.0,0.0,0.0
2017-07-19 00:00:00-04:00,214.95880152409805,215.8150681017428,214.95005553928004,215.80633544921875,51034300,0.0,0.0,0.0
2017-07-20 00:00:00-04:00,216.05970303271388,216.18202682235125,215.35197158321972,215.90243530273438,47135200,0.0,0.0,0.0
2017-07-21 00:00:00-04:00,215.32573985060813,215.7364011051772,215.09855759692798,215.71018981933594,82340800,0.0,0.0,0.0
2017-07-24 00:00:00-04:00,215.6315207458564,215.7975344275309,215.1859155994858,215.65774536132812,46622300,0.0,0.0,0.0
2017-07-25 00:00:00-04:00,216.40917575789237,216.51403423381083,215.95483791398263,216.1820068359375,54915600,0.0,0.0,0.0
2017-07-26 00:00:00-04:00,216.47032440483753,216.50526833873536,215.9286067695318,216.1907196044922,47575400,0.0,0.0,0.0
2017-07-27 00:00:00-04:00,216.65383139096528,216.6887753272291,214.6616803843454,215.98977661132812,70766600,0.0,0.0,0.0
2017-07-28 00:00:00-04:00,215.50920691905483,215.8674455821062,215.0548691014343,215.73638916015625,50088400,0.0,0.0,0.0
2017-07-31 00:00:00-04:00,216.13834434155586,216.23445684617343,215.4044015784546,215.61410522460938,65838700,0.0,0.0,0.0
2017-08-01 00:00:00-04:00,216.21698931993708,216.2519332611237,215.5704130834903,216.09466552734375,55050400,0.0,0.0,0.0
2017-08-02 00:00:00-04:00,216.22568943443312,216.33928055770994,215.2645645427634,216.19947814941406,47211200,0.0,0.0,0.0
2017-08-03 00:00:00-04:00,216.08589310996032,216.11210439571732,215.50048550756736,215.78009033203125,40856000,0.0,0.0,0.0
2017-08-04 00:00:00-04:00,216.26937603749795,216.50527759905225,215.78881359903158,216.1732635498047,60191800,0.0,0.0,0.0
2017-08-07 00:00:00-04:00,216.24319647333877,216.57521057128906,216.13833798719736,216.57521057128906,31995000,0.0,0.0,0.0
2017-08-08 00:00:00-04:00,216.2606573569168,217.4839085667453,215.6665170541975,216.04222106933594,61719400,0.0,0.0,0.0
2017-08-09 00:00:00-04:00,215.35197287673438,216.0859156189669,214.99373415768284,216.0334930419922,62632600,0.0,0.0,0.0
2017-08-10 00:00:00-04:00,215.194674373703,215.32574413781086,212.9316777690706,212.98410034179688,120479500,0.0,0.0,0.0
2017-08-11 00:00:00-04:00,213.21124800568222,213.8927680051291,212.97533313439985,213.29861450195312,74869900,0.0,0.0,0.0
2017-08-14 00:00:00-04:00,214.5830460558626,215.63153746125874,214.54810211967575,215.41310119628906,73291900,0.0,0.0,0.0
2017-08-15 00:00:00-04:00,215.7975478350867,215.81502646905696,215.0810838298028,215.3868865966797,55242700,0.0,0.0,0.0
2017-08-16 00:00:00-04:00,215.9111540869817,216.3130827027136,215.33447911617642,215.7626190185547,56715500,0.0,0.0,0.0
2017-08-17 00:00:00-04:00,215.15103292528622,215.46558174531143,212.3987274169922,212.3987274169922,128490400,0.0,0.0,0.0
2017-08-18 00:00:00-04:00,212.2326812795031,213.35981993426535,211.62106237070964,212.06668090820312,136748000,0.0,0.0,0.0
2017-08-21 00:00:00-04:00,212.00555807346325,212.49485330602212,211.29782651691949,212.23272705078125,65469700,0.0,0.0,0.0
2017-08-22 00:00:00-04:00,212.81814223418039,214.609309375386,212.80066359570327,214.45204162597656,63140100,0.0,0.0,0.0
2017-08-23 00:00:00-04:00,213.48214782319997,214.11124537928853,213.33361275194193,213.68310546875,50203800,0.0,0.0,0.0
2017-08-24 00:00:00-04:00,214.0675822565284,214.2248499990932,212.97540071440326,213.1851043701172,50741700,0.0,0.0,0.0
2017-08-25 00:00:00-04:00,213.9801756112661,214.60054051573684,213.53457039749193,213.68310546875,64445900,0.0,0.0,0.0
2017-08-28 00:00:00-04:00,214.2160572310313,214.2422685141031,213.27241104357486,213.6918182373047,40565600,0.0,0.0,0.0
2017-08-29 00:00:00-04:00,212.3725120203955,214.19863633887476,212.25892087493708,213.9365234375,51135700,0.0,0.0,0.0
2017-08-30 00:00:00-04:00,213.91899946069202,215.22088436819834,213.7355071363261,214.95001220703125,62030800,0.0,0.0,0.0
2017-08-31 00:00:00-04:00,215.5704070734252,216.48784215844407,214.9849994157429,216.24319458007812,103803900,0.0,0.0,0.0
2017-09-01 00:00:00-04:00,216.61891244765528,216.97715118612592,216.40047614355765,216.54901123046875,62007000,0.0,0.0,0.0
2017-09-05 00:00:00-04:00,216.04222014714927,216.26940241793108,214.0238709916845,214.9937286376953,91398800,0.0,0.0,0.0
2017-09-06 00:00:00-04:00,215.67523855966922,216.05968853910946,215.1422535122257,215.7276611328125,57916900,0.0,0.0,0.0
2017-09-07 00:00:00-04:00,216.03347393440038,216.0509525692771,215.29078527349876,215.70144653320312,58034700,0.0,0.0,0.0
2017-09-08 00:00:00-04:00,215.4131323260792,215.91117348168297,215.20344201407212,215.44808959960938,63832800,0.0,0.0,0.0
2017-09-11 00:00:00-04:00,216.7237391662353,217.8246665778774,216.70627386264528,217.74603271484375,71364800,0.0,0.0,0.0
2017-09-12 00:00:00-04:00,218.11300910051094,218.51492440902808,217.92951675024486,218.47998046875,56896000,0.0,0.0,0.0
2017-09-13 00:00:00-04:00,218.1916409554993,218.61978088064765,218.07804981912886,218.58482360839844,59228000,0.0,0.0,0.0
2017-09-14 00:00:00-04:00,218.26151238421244,218.7158635354014,218.0867660436909,218.514892578125,95446300,0.0,0.0,0.0
2017-09-15 00:00:00-04:00,218.37005660793648,218.8968973873846,218.26469113173852,218.80909729003906,95432400,1.235,0.0,0.0
2017-09-18 00:00:00-04:00,219.17787036145697,219.6256869939277,218.88810192922634,219.2744598388672,46235200,0.0,0.0,0.0
2017-09-19 00:00:00-04:00,219.5203446653816,219.581816793148,219.1691174733004,219.49400329589844,47108100,0.0,0.0,0.0
2017-09-20 00:00:00-04:00,219.5818026938998,219.68716816506696,218.5720011342028,219.57301330566406,59574100,0.0,0.0,0.0
2017-09-21 00:00:00-04:00,219.4149906736617,219.502790777049,218.8091123469146,218.98472595214844,48211400,0.0,0.0,0.0
2017-09-22 00:00:00-04:00,218.68612857509902,219.19541728598273,218.65978721060986,219.02857971191406,51214000,0.0,0.0,0.0
2017-09-25 00:00:00-04:00,218.7738979055445,219.12513838012154,217.83435810776584,218.58071899414062,57064400,0.0,0.0,0.0
2017-09-26 00:00:00-04:00,219.0110383257002,219.25690002016708,218.47540819165653,218.71249389648438,54082000,0.0,0.0,0.0
2017-09-27 00:00:00-04:00,219.41496728349418,219.9505974313564,218.52809656414811,219.56423950195312,81001400,0.0,0.0,0.0
2017-09-28 00:00:00-04:00,219.28318681452143,219.90663028362863,219.19538674460975,219.82760620117188,44778800,0.0,0.0,0.0
2017-09-29 00:00:00-04:00,219.818865249452,220.6793945539898,219.6344756830918,220.60035705566406,85578000,0.0,0.0,0.0
2017-10-02 00:00:00-04:00,220.82864035501368,221.5574493408203,220.65301340058858,221.5574493408203,59023000,0.0,0.0,0.0
2017-10-03 00:00:00-04:00,221.55751915571844,222.05801861786682,221.47848164193948,222.03167724609375,66810200,0.0,0.0,0.0
2017-10-04 00:00:00-04:00,221.8823903931359,222.54095144100893,221.76823552399773,222.2950897216797,55953600,0.0,0.0,0.0
2017-10-05 00:00:00-04:00,222.62875285319615,223.62976511592194,222.33020839203172,223.61221313476562,63522800,0.0,0.0,0.0
2017-10-06 00:00:00-04:00,223.1643192437827,223.6472665566893,222.9009056171564,223.3574981689453,80646000,0.0,0.0,0.0
2017-10-09 00:00:00-04:00,223.58582595332834,223.64728467170082,222.72529670846438,222.9887237548828,35803100,0.0,0.0,0.0
2017-10-10 00:00:00-04:00,223.55953542079277,223.95466938103667,223.01511582815132,223.57708740234375,43057400,0.0,0.0,0.0
2017-10-11 00:00:00-04:00,223.48043845149104,223.9282684326172,223.3136142803864,223.9282684326172,47674300,0.0,0.0,0.0
2017-10-12 00:00:00-04:00,223.6122003883796,223.9634275699101,223.35754929308055,223.59463500976562,47065100,0.0,0.0,0.0
2017-10-13 00:00:00-04:00,224.03367414739319,224.1478290099128,223.59463347426603,223.86683654785156,54800400,0.0,0.0,0.0
2017-10-16 00:00:00-04:00,224.09517054877182,224.35858426241688,223.75271932257374,224.1654052734375,38221700,0.0,0.0,0.0
2017-10-17 00:00:00-04:00,224.11266571822773,224.36731677481,223.89314541353218,224.3234100341797,31561000,0.0,0.0,0.0
2017-10-18 00:00:00-04:00,224.70101696515817,224.74492371329936,224.34978977694553,224.54296875,40888300,0.0,0.0,0.0
2017-10-19 00:00:00-04:00,223.76143492289603,224.63951612728752,223.33995969635575,224.60438537597656,61903800,0.0,0.0,0.0
2017-10-20 00:00:00-04:00,225.40351422263336,225.78987219631168,224.58689152400248,225.7635040283203,89176400,0.0,0.0,0.0
2017-10-23 00:00:00-04:00,226.08838513835693,226.11472650575618,224.80636713315383,224.88539123535156,63915300,0.0,0.0,0.0
2017-10-24 00:00:00-04:00,225.31569411386528,225.5176356871953,224.92054676244217,225.2805633544922,66935900,0.0,0.0,0.0
2017-10-25 00:00:00-04:00,224.94689722032334,225.0610520952092,223.03268610938525,224.1654052734375,103715300,0.0,0.0,0.0
2017-10-26 00:00:00-04:00,224.78002307346262,225.05221271761778,224.33219306281816,224.4551239013672,69798000,0.0,0.0,0.0
2017-10-27 00:00:00-04:00,225.20154709082533,226.44843452129848,224.46396189979626,226.2903594970703,85562500,0.0,0.0,0.0
2017-10-30 00:00:00-04:00,225.20149550371113,226.1937315871698,225.14881277334277,225.44735717773438,54285700,0.0,0.0,0.0
2017-10-31 00:00:00-04:00,225.82497113122832,226.0532808733867,225.5000852962602,225.7986297607422,60304800,0.0,0.0,0.0
2017-11-01 00:00:00-04:00,226.58009822742258,226.92253598804555,225.72835832434714,226.09713745117188,54202700,0.0,0.0,0.0
2017-11-02 00:00:00-04:00,226.02691883255258,226.32546326973244,224.9556585358881,226.18496704101562,56449500,0.0,0.0,0.0
2017-11-03 00:00:00-04:00,226.34299363866583,226.98400259656225,225.9302943802501,226.9401092529297,59589700,0.0,0.0,0.0
2017-11-06 00:00:00-05:00,226.8083905221211,227.42305815481896,226.73815580831425,227.29135131835938,49652600,0.0,0.0,0.0
2017-11-07 00:00:00-05:00,227.39674500443346,227.73042022947897,226.6240290721003,227.13333129882812,57502200,0.0,0.0,0.0
2017-11-08 00:00:00-05:00,226.95767995087525,227.61624094116135,226.67668749709352,227.51963806152344,50469600,0.0,0.0,0.0
2017-11-09 00:00:00-05:00,226.30788649734987,226.88742332847352,225.10489269517504,226.69424438476562,95085500,0.0,0.0,0.0
2017-11-10 00:00:00-05:00,226.3079269986328,226.79965043481567,225.9918037628481,226.6240234375,59984700,0.0,0.0,0.0
2017-11-13 00:00:00-05:00,225.93911396870888,227.06305704445165,225.90398321095913,226.83474731445312,50228600,0.0,0.0,0.0
2017-11-14 00:00:00-05:00,226.02696037178495,226.41331837253213,225.24545498034433,226.30795288085938,61315200,0.0,0.0,0.0
2017-11-15 00:00:00-05:00,225.3332191013062,225.86007324111657,224.46392718861364,225.1751708984375,80811500,0.0,0.0,0.0
2017-11-16 00:00:00-05:00,226.12349117794184,227.4581919302266,226.07959783084416,227.08938598632812,67777000,0.0,0.0,0.0
2017-11-17 00:00:00-05:00,226.7381813454911,227.06306717765443,226.34303399469263,226.42205810546875,75756800,0.0,0.0,0.0
2017-11-20 00:00:00-05:00,226.66795645379398,227.0016048925678,226.42206792482534,226.8084259033203,48075500,0.0,0.0,0.0
2017-11-21 00:00:00-05:00,227.58111465870104,228.47677477312163,226.77329483434357,228.2923583984375,69176800,0.0,0.0,0.0
2017-11-22 00:00:00-05:00,228.3011698091218,228.43287666308956,227.92360122877483,228.09043884277344,45033400,0.0,0.0,0.0
2017-11-24 00:00:00-05:00,228.5821750876574,228.722671338725,228.44167883658974,228.61727905273438,27856500,0.0,0.0,0.0
2017-11-27 00:00:00-05:00,228.66114573082538,228.9596901456829,228.30112919607885,228.5030975341797,52274900,0.0,0.0,0.0
2017-11-28 00:00:00-05:00,228.9684893389657,230.84756939457944,228.8718864611583,230.82122802734375,98971700,0.0,0.0,0.0
2017-11-29 00:00:00-05:00,230.95291287335644,231.48855635203395,230.232906638498,230.6807098388672,77512100,0.0,0.0,0.0
2017-11-30 00:00:00-05:00,231.60270064884793,233.61348725759353,231.5236765582646,232.70030212402344,127894400,0.0,0.0,0.0
2017-12-01 00:00:00-05:00,232.48081718123322,232.96375118498352,228.96849192656907,232.21737670898438,164390900,0.0,0.0,0.0
2017-12-04 00:00:00-05:00,233.84173042712305,234.2719815080027,231.8836003054789,231.93630981445312,94040600,0.0,0.0,0.0
2017-12-05 00:00:00-05:00,231.10223388671875,232.82326583879023,230.97052704289732,231.10223388671875,77994500,0.0,0.0,0.0
2017-12-06 00:00:00-05:00,231.19869406365558,231.57628922252792,230.6806295397411,231.14601135253906,75898600,0.0,0.0,0.0
2017-12-07 00:00:00-05:00,231.8749542236328,232.19105065488048,230.88271798624396,231.8749542236328,77218600,0.0,0.0,0.0
2017-12-08 00:00:00-05:00,232.8320399659141,233.1481363703664,231.83980381263683,233.13937377929688,76563900,0.0,0.0,0.0
2017-12-11 00:00:00-05:00,233.84187316894528,233.9033453028529,233.11307734249135,233.8418731689453,83077500,0.0,0.0,0.0
2017-12-12 00:00:00-05:00,234.63208511070204,234.72868798333855,233.87694809242296,234.2545166015625,85195800,0.0,0.0,0.0
2017-12-13 00:00:00-05:00,234.50042881249976,234.93946953547635,234.14041220402868,234.2282257080078,102905400,0.0,0.0,0.0
2017-12-14 00:00:00-05:00,234.52673750799033,234.64089236756638,233.21840491082085,233.27108764648438,100666700,0.0,0.0,0.0
2017-12-15 00:00:00-05:00,234.2781014640386,235.6813838382932,234.22514944492602,235.213623046875,144610300,1.351,0.0,0.0
2017-12-18 00:00:00-05:00,236.61690733387138,237.05819211930051,236.51100329479013,236.70516967773438,83653600,0.0,0.0,0.0
2017-12-19 00:00:00-05:00,236.95226065103572,236.9963783509173,235.72547616128801,235.7960968017578,82382900,0.0,0.0,0.0
2017-12-20 00:00:00-05:00,236.76697000126134,236.81992202995434,235.37252168919562,235.67259216308594,76751500,0.0,0.0,0.0
2017-12-21 00:00:00-05:00,236.29918861872065,236.87288043625927,235.91085581941212,236.15797424316406,67032300,0.0,0.0,0.0
2017-12-22 00:00:00-05:00,236.17563469843614,236.21094502457504,235.55782519349802,236.09620666503906,78720900,0.0,0.0,0.0
2017-12-26 00:00:00-05:00,235.69011755698148,236.0343325075189,235.5489301727313,235.81369018554688,45244400,0.0,0.0,0.0
2017-12-27 00:00:00-05:00,235.98138828360544,236.29029293132413,235.65484194574321,235.92843627929688,57751000,0.0,0.0,0.0
2017-12-28 00:00:00-05:00,236.43156328152884,236.45803928995718,236.0432305353237,236.4138946533203,45116100,0.0,0.0,0.0
2017-12-29 00:00:00-05:00,236.9963637100738,237.01400540216005,235.3283215229081,235.5224609375,96007400,0.0,0.0,0.0
2018-01-02 00:00:00-05:00,236.3874533785711,237.24354702205687,235.99912057530614,237.20823669433594,86655700,0.0,0.0,0.0
2018-01-03 00:00:00-05:00,237.37585348421428,238.8585905159916,237.37585348421428,238.7085418701172,90070400,0.0,0.0,0.0
2018-01-04 00:00:00-05:00,239.35292230864192,240.20018171063953,238.7704230529277,239.71475219726562,80636400,0.0,0.0,0.0
2018-01-05 00:00:00-05:00,240.509053246363,241.43574056410353,240.01481641904977,241.31219482421875,83524000,0.0,0.0,0.0
2018-01-08 00:00:00-05:00,241.21505186269243,241.91228926285174,240.9238157979525,241.75343322753906,57319200,0.0,0.0,0.0
2018-01-09 00:00:00-05:00,242.17710176166534,242.92729133603828,241.89467301514344,242.30067443847656,57254000,0.0,0.0,0.0
2018-01-10 00:00:00-05:00,241.5416293992104,242.1947491850902,240.87089485231098,241.92996215820312,69574300,0.0,0.0,0.0
2018-01-11 00:00:00-05:00,242.4859525414737,243.695068359375,242.31826219392283,243.695068359375,62361500,0.0,0.0,0.0
2018-01-12 00:00:00-05:00,243.95991323209685,245.45143115364405,243.65981585083966,245.2837677001953,90816100,0.0,0.0,0.0
2018-01-16 00:00:00-05:00,246.54580175761242,247.1988945861094,243.74804451742264,244.44528198242188,106555100,0.0,0.0,0.0
2018-01-17 00:00:00-05:00,245.38083563487487,247.16361660931761,244.4453139723181,246.77528381347656,113258800,0.0,0.0,0.0
2018-01-18 00:00:00-05:00,246.6604829340067,247.08409896938232,245.8661489999211,246.36041259765625,100728000,0.0,0.0,0.0
2018-01-19 00:00:00-05:00,246.9429570529892,247.48133850097656,246.36048483355972,247.48133850097656,140920100,0.0,0.0,0.0
2018-01-22 00:00:00-05:00,247.26946522040618,249.4935302734375,247.21648628054166,249.4935302734375,91322400,0.0,0.0,0.0
2018-01-23 00:00:00-05:00,249.5377181464472,250.31438369783498,249.21117170640608,250.0231475830078,97084700,0.0,0.0,0.0
2018-01-24 00:00:00-05:00,250.66739584511595,251.2675636135383,248.7434006752788,249.92604064941406,134816100,0.0,0.0,0.0
2018-01-25 00:00:00-05:00,250.79092983540207,250.88799954342272,249.23759903602138,250.0319061279297,84587300,0.0,0.0,0.0
2018-01-26 00:00:00-05:00,250.8703070356236,252.97082614097965,250.6143544139613,252.9266815185547,107743100,0.0,0.0,0.0
2018-01-29 00:00:00-05:00,252.35313577825062,252.79442060712898,251.0910676317917,251.2499237060547,90118300,0.0,0.0,0.0
2018-01-30 00:00:00-05:00,249.4141915868888,251.30287665581818,248.19624114527923,248.67283630371094,131796400,0.0,0.0,0.0
2018-01-31 00:00:00-05:00,249.52893463410672,250.03197888056295,247.71965063476534,248.79638671875,108364800,0.0,0.0,0.0
2018-02-01 00:00:00-05:00,248.06383910222777,249.82014395315971,247.7196240366697,248.51393127441406,90102500,0.0,0.0,0.0
2018-02-02 00:00:00-05:00,247.1900801394475,247.32248712571183,243.06849521672927,243.1038055419922,173174800,0.0,0.0,0.0
2018-02-05 00:00:00-05:00,241.33869579116254,243.45685768923465,232.38942608440382,232.93661499023438,294681800,0.0,0.0,0.0
2018-02-06 00:00:00-05:00,229.41513861124741,238.02902632455812,228.32076095169552,237.5259552001953,355026800,0.0,0.0,0.0
2018-02-07 00:00:00-05:00,236.96990178783267,240.3766070007274,236.15792602763267,236.2373809814453,167376100,0.0,0.0,0.0
2018-02-08 00:00:00-05:00,236.537480302161,236.67869466616017,227.34109348412244,227.37640380859375,246449500,0.0,0.0,0.0
2018-02-09 00:00:00-05:00,230.17416736414123,232.65418607049958,223.21952727425176,230.79197692871094,283565300,0.0,0.0,0.0
2018-02-12 00:00:00-05:00,232.84829595258134,235.65488739157456,230.93313524836887,234.1809844970703,143736000,0.0,0.0,0.0
2018-02-13 00:00:00-05:00,232.9719494600847,235.3107540260062,232.38945016432623,234.76356506347656,81223600,0.0,0.0,0.0
2018-02-14 00:00:00-05:00,233.27191934337785,238.29374145694015,233.2630850304079,237.931884765625,120735700,0.0,0.0,0.0
2018-02-15 00:00:00-05:00,239.67942775403046,240.97680611641795,237.2082167650663,240.9679718017578,111200300,0.0,0.0,0.0
2018-02-16 00:00:00-05:00,240.34128754320906,242.98899554569596,240.29714291617378,241.0384979248047,160420100,0.0,0.0,0.0
2018-02-20 00:00:00-05:00,240.08536571268232,241.53279253476498,238.7350355354379,239.5293426513672,86369700,0.0,0.0,0.0
2018-02-21 00:00:00-05:00,239.9706496410579,242.45950217793197,238.24082090503708,238.337890625,98883700,0.0,0.0,0.0
2018-02-22 00:00:00-05:00,239.26461427815948,240.98560876828253,237.97607025571747,238.6468048095703,110511300,0.0,0.0,0.0
2018-02-23 00:00:00-05:00,239.87361058044894,242.45069885253906,239.39701543220127,242.45069885253906,92766400,0.0,0.0,0.0
2018-02-26 00:00:00-05:00,243.5273589979862,245.3631183645133,242.9360526050061,245.26602172851562,86491400,0.0,0.0,0.0
2018-02-27 00:00:00-05:00,245.45137076031725,246.1662767763648,242.1417354044071,242.20352172851562,99099200,0.0,0.0,0.0
2018-02-28 00:00:00-05:00,243.30681595883283,243.7569351386025,239.43234886159456,239.75006103515625,121907800,0.0,0.0,0.0
2018-03-01 00:00:00-05:00,239.53825748360882,241.09158885210473,234.76355193585403,236.26393127441406,176855100,0.0,0.0,0.0
2018-03-02 00:00:00-05:00,234.5869542232095,238.0466383946119,233.72205338077094,237.48178100585938,139083200,0.0,0.0,0.0
2018-03-05 00:00:00-05:00,236.29043066364676,240.8444942258676,236.18449965940496,240.2266845703125,97307400,0.0,0.0,0.0
2018-03-06 00:00:00-05:00,241.20628124570868,241.2857362182289,239.33523784535836,240.8356170654297,79213200,0.0,0.0,0.0
2018-03-07 00:00:00-05:00,238.6644330445032,241.10030631475482,238.47026669585668,240.74728393554688,87063500,0.0,0.0,0.0
2018-03-08 00:00:00-05:00,241.42687834910672,242.03585346486528,240.4295974286648,241.9123077392578,66901200,0.0,0.0,0.0
2018-03-09 00:00:00-05:00,243.3244164374985,246.12214660644534,243.00667741904286,246.1221466064453,113625300,0.0,0.0,0.0
2018-03-12 00:00:00-04:00,246.41347659517118,247.0400935548758,245.42497588431283,245.8133087158203,71924800,0.0,0.0,0.0
2018-03-13 00:00:00-04:00,246.97820620705488,247.48127720584966,243.61561910374976,244.22459411621094,91968900,0.0,0.0,0.0
2018-03-14 00:00:00-04:00,245.18667878693302,245.37201087683877,242.41542401836875,242.97142028808594,105895100,0.0,0.0,0.0
2018-03-15 00:00:00-04:00,243.4833000613749,244.12755861714484,242.20356339670718,242.70663452148438,83433000,0.0,0.0,0.0
2018-03-16 00:00:00-04:00,243.23560804657902,244.02425378130783,242.9166235078717,242.96978759765625,100343700,1.097,0.0,0.0
2018-03-19 00:00:00-04:00,242.21664571949174,243.14704453266387,238.02536212796738,239.682373046875,109208400,0.0,0.0,0.0
2018-03-20 00:00:00-04:00,240.081141898814,240.7280078824896,239.40769386330302,240.0900115966797,59757300,0.0,0.0,0.0
2018-03-21 00:00:00-04:00,240.04568158418292,242.1457447295289,239.4165550186862,239.62921142578125,78709600,0.0,0.0,0.0
2018-03-22 00:00:00-04:00,237.39620316841305,238.2468557136502,233.36441243083055,233.63912963867188,148785900,0.0,0.0,0.0
2018-03-23 00:00:00-04:00,234.08222262944645,234.41007694670787,228.464296663506,228.65924072265625,183534800,0.0,0.0,0.0
2018-03-26 00:00:00-04:00,232.27449639217895,235.1986294118034,229.86429190602186,234.91506958007812,141956100,0.0,0.0,0.0
2018-03-27 00:00:00-04:00,235.85436913975627,236.3860100315991,229.35921014628045,230.91876220703125,129941400,0.0,0.0,0.0
2018-03-28 00:00:00-04:00,231.05170861096565,232.72645880778725,229.128850278514,230.23648071289062,146452300,0.0,0.0,0.0
2018-03-29 00:00:00-04:00,231.37958433369798,235.0480696523385,230.2453717454646,233.17837524414062,111601600,0.0,0.0,0.0
2018-04-02 00:00:00-04:00,232.6466458301435,233.16060140717715,225.6641539602487,228.14524841308594,186286300,0.0,0.0,0.0
2018-04-03 00:00:00-04:00,229.385864885999,231.54796200386912,227.58707385386052,231.0694580078125,119956900,0.0,0.0,0.0
2018-04-04 00:00:00-04:00,227.50727326837983,234.25051384071205,227.3743630350943,233.54164123535156,123715300,0.0,0.0,0.0
2018-04-05 00:00:00-04:00,235.30497718546928,236.27085463283558,234.21508624424493,235.38475036621094,82652600,0.0,0.0,0.0
2018-04-06 00:00:00-04:00,233.41760426216345,234.91509563572035,228.61490710598252,230.13900756835938,179521200,0.0,0.0,0.0
2018-04-09 00:00:00-04:00,231.6011087043475,234.67589213371534,230.33398586952651,231.27325439453125,105442900,0.0,0.0,0.0
2018-04-10 00:00:00-04:00,234.170739749197,235.7391614400228,233.02768483762446,234.9505157470703,103529000,0.0,0.0,0.0
2018-04-11 00:00:00-04:00,233.46190950105515,235.38476780042342,233.3910330528483,233.71888732910156,91140200,0.0,0.0,0.0
2018-04-12 00:00:00-04:00,235.0480488608727,236.58986177865168,234.87081717392303,235.6417236328125,68890500,0.0,0.0,0.0
2018-04-13 00:00:00-04:00,236.95311982872195,237.0683176977378,233.94037105291864,234.9505157470703,85079200,0.0,0.0,0.0
2018-04-16 00:00:00-04:00,236.58984540750555,237.65318137210718,235.76577490790555,236.8822479248047,63405300,0.0,0.0,0.0
2018-04-17 00:00:00-04:00,238.65450104813024,240.0191094809888,238.1405723624303,239.41656494140625,64682000,0.0,0.0,0.0
2018-04-18 00:00:00-04:00,239.8595551924122,240.40006579043967,239.13294323678886,239.59373474121094,57303900,0.0,0.0,0.0
2018-04-19 00:00:00-04:00,238.9380082514109,239.14182196620106,237.22783351998476,238.26458740234375,77655900,0.0,0.0,0.0
2018-04-20 00:00:00-04:00,238.19377996361985,238.41530611789887,235.3582343721418,236.2443389892578,99953100,0.0,0.0,0.0
2018-04-23 00:00:00-04:00,236.82026122103179,237.37851129761083,235.12779863902955,236.20884704589844,65558000,0.0,0.0,0.0
2018-04-24 00:00:00-04:00,237.23675183400707,237.45827794435982,231.52136737020135,233.0277557373047,112885500,0.0,0.0,0.0
2018-04-25 00:00:00-04:00,232.96564163573618,234.0466897633029,231.1402692789558,233.6036376953125,103840900,0.0,0.0,0.0
2018-04-26 00:00:00-04:00,234.63161601458094,236.81142549326495,234.18856376856922,235.97848510742188,67731900,0.0,0.0,0.0
2018-04-27 00:00:00-04:00,236.58990034847466,236.8911726319967,235.26074360494388,236.20001220703125,57053600,0.0,0.0,0.0
2018-04-30 00:00:00-04:00,236.82024015591008,237.3784901828329,234.31254988286898,234.38345336914062,82182300,0.0,0.0,0.0
2018-05-01 00:00:00-04:00,233.81632172986846,234.90623968125524,232.25676961245424,234.79991149902344,74203400,0.0,0.0,0.0
2018-05-02 00:00:00-04:00,234.6050228048464,235.4202237553538,232.83281390507696,233.2227020263672,86368900,0.0,0.0,0.0
2018-05-03 00:00:00-04:00,232.38974038290624,233.36443355504483,229.54532588938255,232.70872497558594,136311500,0.0,0.0,0.0
2018-05-04 00:00:00-04:00,231.73401154742743,236.40379901383028,231.4061572480976,235.7214813232422,91222100,0.0,0.0,0.0
2018-05-07 00:00:00-04:00,236.49235411388634,237.49362910753732,235.80116690353393,236.51893615722656,55304900,0.0,0.0,0.0
2018-05-08 00:00:00-04:00,236.14676050871014,236.88221506895874,234.95051447489325,236.51893615722656,67499200,0.0,0.0,0.0
2018-05-09 00:00:00-04:00,237.19241354599637,239.13298429824508,236.66961520769442,238.8051300048828,59666100,0.0,0.0,0.0
2018-05-10 00:00:00-04:00,239.54943717890094,241.36596724899888,239.44310898782354,241.0380859375,72063900,0.0,0.0,0.0
2018-05-11 00:00:00-04:00,241.1621454503227,242.0393800391095,240.64818982163953,241.7735595703125,59871500,0.0,0.0,0.0
2018-05-14 00:00:00-04:00,242.2077479981684,242.86345653189886,241.3393560423912,241.88876342773438,54790600,0.0,0.0,0.0
2018-05-15 00:00:00-04:00,240.65708287905954,240.67479523144647,239.27476222361628,240.222900390625,87036100,0.0,0.0,0.0
2018-05-16 00:00:00-04:00,240.25838469613322,241.69386964502854,240.2317756013078,241.2330780029297,53942600,0.0,0.0,0.0
2018-05-17 00:00:00-04:00,240.96718679484974,242.11026882478433,240.24944453092118,241.0292205810547,56536400,0.0,0.0,0.0
2018-05-18 00:00:00-04:00,240.68364407678934,241.0469500824416,240.0722299504181,240.42666625976562,64368000,0.0,0.0,0.0
2018-05-21 00:00:00-04:00,241.9153294155857,242.77485161787186,241.5254413830999,242.23431396484375,58025900,0.0,0.0,0.0
2018-05-22 00:00:00-04:00,242.7571594619324,243.0141373155635,241.2330587770431,241.5609130859375,52966400,0.0,0.0,0.0
2018-05-23 00:00:00-04:00,240.2849505584415,242.25210347779807,240.12543120905275,242.22549438476562,64694200,0.0,0.0,0.0
2018-05-24 00:00:00-04:00,241.82670305405193,242.10139319565022,239.93929676117995,241.72921752929688,76043800,0.0,0.0,0.0
2018-05-25 00:00:00-04:00,241.15322875976562,241.782355107823,240.6481429257224,241.15322875976562,56374800,0.0,0.0,0.0
2018-05-29 00:00:00-04:00,239.5228274890789,240.28489117345072,237.26327256417414,238.37974548339844,115908600,0.0,0.0,0.0
2018-05-30 00:00:00-04:00,239.6912457387782,242.00396529617555,239.62036928351492,241.5609130859375,69678400,0.0,0.0,0.0
2018-05-31 00:00:00-04:00,241.15324843799718,241.45452061576006,239.4785255907633,240.08106994628906,93519900,0.0,0.0,0.0
2018-06-01 00:00:00-04:00,241.38367459323302,242.7394130848632,241.31277110614707,242.43814086914062,71258400,0.0,0.0,0.0
2018-06-04 00:00:00-04:00,243.26217264472606,243.84700463216683,243.02293425785373,243.59002685546875,45385200,0.0,0.0,0.0
2018-06-05 00:00:00-04:00,243.72299728182483,244.1483371164303,242.952090803032,243.76731872558594,51135000,0.0,0.0,0.0
2018-06-06 00:00:00-04:00,244.37881961223331,245.91176341660062,243.75853551357793,245.80543518066406,62732200,0.0,0.0,0.0
2018-06-07 00:00:00-04:00,246.29271849126349,246.5851210326542,244.86607640524207,245.7787628173828,72969400,0.0,0.0,0.0
2018-06-08 00:00:00-04:00,245.31810080773516,246.55864202592662,245.14973874507663,246.50547790527344,72139700,0.0,0.0,0.0
2018-06-11 00:00:00-04:00,246.72693899865854,247.5510096931521,246.61174108704398,246.83326721191406,58892500,0.0,0.0,0.0
2018-06-12 00:00:00-04:00,247.24964964241113,247.51547008119195,246.50532537207116,247.15219116210938,72329000,0.0,0.0,0.0
2018-06-13 00:00:00-04:00,247.3914094064436,247.6483871708361,246.1597117096583,246.363525390625,79070600,0.0,0.0,0.0
2018-06-14 00:00:00-04:00,247.23196431840563,247.5154971368466,246.39015443399288,246.98385620117188,77097600,0.0,0.0,0.0
2018-06-15 00:00:00-04:00,246.19701919632521,247.00699817002496,245.0844151934163,246.66876220703125,120041600,1.246,0.0,0.0
2018-06-18 00:00:00-04:00,245.20907272712458,246.28609322301284,244.72844723773625,246.16146850585938,52917600,0.0,0.0,0.0
2018-06-19 00:00:00-04:00,243.88280120129596,245.44044682940643,243.46446100321893,245.21792602539062,97531500,0.0,0.0,0.0
2018-06-20 00:00:00-04:00,245.9033667324355,246.3039151856886,245.2981164519943,245.6363525390625,53785500,0.0,0.0,0.0
2018-06-21 00:00:00-04:00,245.62737990969782,245.6451989601407,243.59799107183375,244.096435546875,71061400,0.0,0.0,0.0
2018-06-22 00:00:00-04:00,245.36040789353638,245.47612308852754,244.3189983018072,244.54151916503906,54898500,0.0,0.0,0.0
2018-06-25 00:00:00-04:00,243.38432938995945,243.54453783166144,239.5213719264525,241.2125244140625,137854200,0.0,0.0,0.0
2018-06-26 00:00:00-04:00,241.78216243984488,242.60102359957926,241.025586446941,241.74655151367188,68547400,0.0,0.0,0.0
2018-06-27 00:00:00-04:00,242.33408792303402,243.76710899754366,239.59261614795705,239.7439422607422,105110700,0.0,0.0,0.0
2018-06-28 00:00:00-04:00,239.6905007993105,241.88009775842437,238.97841797626137,241.11463928222656,76650500,0.0,0.0,0.0
2018-06-29 00:00:00-04:00,242.20951991467763,243.5802561230529,241.3461378251624,241.46185302734375,97592500,0.0,0.0,0.0
2018-07-02 00:00:00-04:00,239.88630798665181,242.1382171714129,239.64596816219714,241.9779815673828,63554800,0.0,0.0,0.0
2018-07-03 00:00:00-04:00,242.87700015920447,242.97492343675395,240.69631260165968,241.12353515625,42187100,0.0,0.0,0.0
2018-07-05 00:00:00-04:00,242.25390786317348,243.15287324374074,241.17688784989375,243.09056091308594,56925900,0.0,0.0,0.0
2018-07-06 00:00:00-04:00,243.11737015768867,245.52057881482605,242.73461368749187,245.14675903320312,66493700,0.0,0.0,0.0
2018-07-09 00:00:00-04:00,246.1524474360648,247.40746774936116,246.10795415049503,247.35406494140625,50550400,0.0,0.0,0.0
2018-07-10 00:00:00-04:00,247.80811527572885,248.34217073246666,247.51437255108806,248.24424743652344,51966800,0.0,0.0,0.0
2018-07-11 00:00:00-04:00,246.68655275347314,247.47873983757296,246.12579599294108,246.4284210205078,77054700,0.0,0.0,0.0
2018-07-12 00:00:00-04:00,247.69234920288554,248.7159394394771,247.08709915241894,248.66253662109375,60124700,0.0,0.0,0.0
2018-07-13 00:00:00-04:00,248.4845938809523,249.1610387916725,248.03064265628234,248.85841369628906,48216000,0.0,0.0,0.0
2018-07-16 00:00:00-04:00,248.90287499375373,249.04526439981092,248.19079214755195,248.63583374023438,48201000,0.0,0.0,0.0
2018-07-17 00:00:00-04:00,247.86149600935,250.03330142013854,247.8080931847557,249.64166259765625,52315500,0.0,0.0,0.0
2018-07-18 00:00:00-04:00,249.7217369705986,250.2735842008689,249.27669537674407,250.16677856445312,44593500,0.0,0.0,0.0
2018-07-19 00:00:00-04:00,249.49929711773794,249.8820264934562,248.7427207300955,249.22337341308594,61412100,0.0,0.0,0.0
2018-07-20 00:00:00-04:00,249.01855026793007,249.65052885474194,248.77823759890552,248.93844604492188,82337700,0.0,0.0,0.0
2018-07-23 00:00:00-04:00,248.73386554236347,249.60613006016789,248.38671991027763,249.40142822265625,47047600,0.0,0.0,0.0
2018-07-24 00:00:00-04:00,250.8165161143309,251.5018703000692,249.78401649267113,250.65628051757812,68026900,0.0,0.0,0.0
2018-07-25 00:00:00-04:00,250.40705250947752,253.11291258721926,250.36255922224828,252.79249572753906,78882900,0.0,0.0,0.0
2018-07-26 00:00:00-04:00,252.07161522459083,252.8815671683263,251.9736919313731,252.1962127685547,57919500,0.0,0.0,0.0
2018-07-27 00:00:00-04:00,252.52551476571313,252.623438049432,249.56154945377085,250.48724365234375,76768700,0.0,0.0,0.0
2018-07-30 00:00:00-04:00,250.5673607956161,250.72756927193495,248.65365995234484,249.1788330078125,63742500,0.0,0.0,0.0
2018-07-31 00:00:00-04:00,249.9442709888422,251.02126409724863,249.56154171704603,250.4071044921875,68570500,0.0,0.0,0.0
2018-08-01 00:00:00-04:00,250.6118386739531,251.11919264759544,249.33902614065548,249.98876953125,53853300,0.0,0.0,0.0
2018-08-02 00:00:00-04:00,248.68044224747567,251.5197836239841,248.47571326360762,251.35069274902344,63426400,0.0,0.0,0.0
2018-08-03 00:00:00-04:00,251.47526232234821,252.48106091208592,251.2972347767843,252.4276580810547,53935400,0.0,0.0,0.0
2018-08-06 00:00:00-04:00,252.4632643932023,253.66485523256023,252.07162553069526,253.3533477783203,39400900,0.0,0.0,0.0
2018-08-07 00:00:00-04:00,254.02092683616098,254.57277422471057,253.88739258915814,254.1900177001953,43196600,0.0,0.0,0.0
2018-08-08 00:00:00-04:00,254.02092098120858,254.48375458215202,253.62037257581434,254.0832061767578,42114600,0.0,0.0,0.0
2018-08-09 00:00:00-04:00,254.14543832986726,254.53707708521864,253.60250065182848,253.7360076904297,35717000,0.0,0.0,0.0
2018-08-10 00:00:00-04:00,252.29414252562424,252.83708034392725,251.3239277470497,252.0360107421875,77076000,0.0,0.0,0.0
2018-08-13 00:00:00-04:00,252.3119698586404,252.92612964432766,250.79881704919782,251.09255981445312,65732900,0.0,0.0,0.0
2018-08-14 00:00:00-04:00,251.82236166562507,252.9349657132084,251.43072286782095,252.6946258544922,43842000,0.0,0.0,0.0
2018-08-15 00:00:00-04:00,251.34168777643313,251.48410434201705,249.36570206912774,250.80763244628906,102925400,0.0,0.0,0.0
2018-08-16 00:00:00-04:00,252.24959317407843,253.7093427745636,252.21398223760215,252.83705139160156,69967900,0.0,0.0,0.0
2018-08-17 00:00:00-04:00,252.6322389428214,254.1720922689268,252.22280837984823,253.72705078125,65618500,0.0,0.0,0.0
2018-08-20 00:00:00-04:00,254.1810820669121,254.53710993685968,253.72713091389735,254.2700958251953,39807500,0.0,0.0,0.0
2018-08-21 00:00:00-04:00,254.78628982278084,255.72977574479066,254.30563733847256,254.86639404296875,67272000,0.0,0.0,0.0
2018-08-22 00:00:00-04:00,254.45701716408922,255.2402948111639,254.18997587721202,254.71514892578125,44993300,0.0,0.0,0.0
2018-08-23 00:00:00-04:00,254.53702420893893,255.40040576344774,254.0563718066412,254.37681579589844,49204900,0.0,0.0,0.0
2018-08-24 00:00:00-04:00,254.95542614139472,256.0502382224763,254.9020233240915,255.90782165527344,57487400,0.0,0.0,0.0
2018-08-27 00:00:00-04:00,257.1094561160947,258.0351503794089,256.94924763682513,257.9283447265625,57072400,0.0,0.0,0.0
2018-08-28 00:00:00-04:00,258.39112625866665,258.4979590531934,257.59005686039865,258.05291748046875,46943500,0.0,0.0,0.0
2018-08-29 00:00:00-04:00,258.2666116718931,259.6729315414686,258.02629892420345,259.4415283203125,61485500,0.0,0.0,0.0
2018-08-30 00:00:00-04:00,258.960779504054,259.3345991949862,257.7947728151314,258.39111328125,61229500,0.0,0.0,0.0
2018-08-31 00:00:00-04:00,257.9816842675789,258.84506596720763,257.4921494243915,258.4000244140625,66140800,0.0,0.0,0.0
2018-09-04 00:00:00-04:00,257.98168797931123,258.31101438726796,256.94918830157775,257.9549865722656,57594400,0.0,0.0,0.0
2018-09-05 00:00:00-04:00,257.59906981742563,257.803798801829,256.24615267185345,257.2608337402344,72452400,0.0,0.0,0.0
2018-09-06 00:00:00-04:00,257.3675934961124,257.67021857350295,255.4539197390671,256.4864196777344,65909900,0.0,0.0,0.0
2018-09-07 00:00:00-04:00,255.436143970988,256.96708850587663,255.19580406848993,255.9879913330078,73524800,0.0,0.0,0.0
2018-09-10 00:00:00-04:00,257.00271429556415,257.2697556571931,256.2372554845883,256.4330749511719,50210900,0.0,0.0,0.0
2018-09-11 00:00:00-04:00,255.7832613832973,257.72363666908745,255.4361429834161,257.2785949707031,50530500,0.0,0.0,0.0
2018-09-12 00:00:00-04:00,257.2874480110514,257.94610088783645,256.54869090572635,257.3408508300781,59810800,0.0,0.0,0.0
2018-09-13 00:00:00-04:00,258.40893009740637,259.04979101093943,258.1240969884627,258.86285400390625,51034200,0.0,0.0,0.0
2018-09-14 00:00:00-04:00,259.06770973673133,259.2546196720976,258.124223369196,258.9075012207031,55079900,0.0,0.0,0.0
2018-09-17 00:00:00-04:00,258.8539844328915,258.88956820088225,257.26072801190054,257.5366516113281,68244000,0.0,0.0,0.0
2018-09-18 00:00:00-04:00,257.75031703400083,259.53048368215195,257.7236156208061,258.93414306640625,61930400,0.0,0.0,0.0
2018-09-19 00:00:00-04:00,258.9875011800543,259.6283621492752,258.86287649786954,259.21002197265625,49080600,0.0,0.0,0.0
2018-09-20 00:00:00-04:00,260.4739851313449,261.63108253466294,259.2278468038501,261.3106384277344,100360600,0.0,0.0,0.0
2018-09-21 00:00:00-04:00,262.0554286185444,262.17166760900335,260.91096571318764,261.0718994140625,105479700,1.323,0.0,0.0
2018-09-24 00:00:00-04:00,260.4907734726128,260.63383476946603,259.6234831196697,260.20465087890625,53409600,0.0,0.0,0.0
2018-09-25 00:00:00-04:00,260.6606636218157,260.7679527756195,259.72185623987883,259.9632568359375,44370000,0.0,0.0,0.0
2018-09-26 00:00:00-04:00,260.10617614818113,261.2953333352342,258.76500788545115,259.18524169921875,79739700,0.0,0.0,0.0
2018-09-27 00:00:00-04:00,259.6592564844633,261.00042545183766,259.38208374743147,259.90960693359375,59249500,0.0,0.0,0.0
2018-09-28 00:00:00-04:00,259.2835980604858,260.43701048270697,259.2478532171391,259.9363098144531,70091400,0.0,0.0,0.0
2018-10-01 00:00:00-04:00,261.17924796261315,261.9124269260284,260.16892353096546,260.8395080566406,62078900,0.0,0.0,0.0
2018-10-02 00:00:00-04:00,260.68743896484375,261.4027180521618,260.3119269941536,260.68743896484375,47258200,0.0,0.0,0.0
2018-10-03 00:00:00-04:00,261.7425209425706,262.16275496749637,260.4728962961323,260.8305358886719,64694600,0.0,0.0,0.0
2018-10-04 00:00:00-04:00,260.3476475116369,260.40129207386383,257.2003816210279,258.7919006347656,111545900,0.0,0.0,0.0
2018-10-05 00:00:00-04:00,259.0154614097672,259.5340346720849,255.9128898342961,257.3434753417969,105951700,0.0,0.0,0.0
2018-10-08 00:00:00-04:00,256.6549912294686,257.7011148971348,255.2691277202282,257.3434753417969,87742200,0.0,0.0,0.0
2018-10-09 00:00:00-04:00,256.9590034550066,258.2733226301009,256.4046307868371,256.9679260253906,74339000,0.0,0.0,0.0
2018-10-10 00:00:00-04:00,256.45832288565384,256.52986717887353,248.45603093088235,248.83154296875,214731000,0.0,0.0,0.0
2018-10-11 00:00:00-04:00,247.7407004483755,249.3679918846898,241.7322628487269,243.3506317138672,274840500,0.0,0.0,0.0
2018-10-12 00:00:00-04:00,247.46352877489144,247.74965134897252,243.5294388828034,246.73037719726562,183186500,0.0,0.0,0.0
2018-10-15 00:00:00-04:00,246.37259915541154,247.70484485207984,245.2549589355337,245.34437561035156,102263700,0.0,0.0,0.0
2018-10-16 00:00:00-04:00,247.31153546431403,251.0846914965767,246.83765690679488,250.7091522216797,118255800,0.0,0.0,0.0
2018-10-17 00:00:00-04:00,250.74491061710347,251.37972284928375,248.169862262265,250.7538604736328,110626000,0.0,0.0,0.0
2018-10-18 00:00:00-04:00,249.81496624169216,250.41403347679366,245.8540553793918,247.13262939453125,134557500,0.0,0.0,0.0
2018-10-19 00:00:00-04:00,247.78540430734466,249.72561317415597,246.30117426613575,246.9985809326172,139901600,0.0,0.0,0.0
2018-10-22 00:00:00-04:00,247.6691831285438,247.9910505580013,245.35343483500122,245.88990783691406,82415800,0.0,0.0,0.0
2018-10-23 00:00:00-04:00,242.25983740003082,245.7647437651936,240.16758975294675,244.63815307617188,146352700,0.0,0.0,0.0
2018-10-24 00:00:00-04:00,244.3877752350966,244.77226437528392,236.67160672426277,237.2259521484375,177806700,0.0,0.0,0.0
2018-10-25 00:00:00-04:00,239.06780048082615,243.028712238642,238.03957658084008,241.4818878173828,138061500,0.0,0.0,0.0
2018-10-26 00:00:00-04:00,237.76242897337227,242.30450886801782,234.51679594636713,237.23487854003906,201574600,0.0,0.0,0.0
2018-10-29 00:00:00-04:00,240.33738837614132,241.63386219599815,232.33509922829296,235.92047119140625,160749100,0.0,0.0,0.0
2018-10-30 00:00:00-04:00,235.75066433811224,239.7294487510335,235.25888607169557,239.41650390625,157116000,0.0,0.0,0.0
2018-10-31 00:00:00-04:00,241.99153575655438,244.29836122091498,241.51765723653418,241.97366333007812,128296300,0.0,0.0,0.0
2018-11-01 00:00:00-04:00,242.8409782974679,244.74544242816248,241.75015987588534,244.54873657226562,99495000,0.0,0.0,0.0
2018-11-02 00:00:00-04:00,245.65738336727543,246.0865671448511,241.04376008138152,243.10023498535156,122634100,0.0,0.0,0.0
2018-11-05 00:00:00-05:00,243.59200374700268,244.99576687494556,242.61742442809089,244.44142150878906,65622500,0.0,0.0,0.0
2018-11-06 00:00:00-05:00,244.37888930713245,246.14921498705596,244.31629486955933,245.98828125,60085900,0.0,0.0,0.0
2018-11-07 00:00:00-05:00,248.1698934811163,251.33505975595045,247.74070960593752,251.2545928955078,102752100,0.0,0.0,0.0
2018-11-08 00:00:00-05:00,250.44989744860698,251.44237674292302,249.65415132757934,250.79861450195312,65584900,0.0,0.0,0.0
2018-11-09 00:00:00-05:00,249.48420688645697,249.6719628691552,246.93598083381823,248.34869384765625,98812600,0.0,0.0,0.0
2018-11-12 00:00:00-05:00,247.83900080676221,248.08040131467334,243.1896057412024,243.7082061767578,99673600,0.0,0.0,0.0
2018-11-13 00:00:00-05:00,244.17319313632996,246.175996517838,242.52802931778416,243.25225830078125,98176600,0.0,0.0,0.0
2018-11-14 00:00:00-05:00,245.1298961420572,245.53223041156434,240.02452120166146,241.58921813964844,125335900,0.0,0.0,0.0
2018-11-15 00:00:00-05:00,240.31958228916,244.5755669746374,238.73701281838885,244.11061096191406,135101400,0.0,0.0,0.0
2018-11-16 00:00:00-05:00,243.01085709581017,245.65742259814695,242.49225653765222,244.7454376220703,126668000,0.0,0.0,0.0
2018-11-19 00:00:00-05:00,244.1374259055925,244.43249833343086,239.68476277776043,240.60569763183594,103061700,0.0,0.0,0.0
2018-11-20 00:00:00-05:00,237.26166003594986,238.72801751051801,235.2856792165267,236.15296936035156,136021300,0.0,0.0,0.0
2018-11-21 00:00:00-05:00,237.70873861136033,238.86215138841197,236.9487648074181,236.9576873779297,75563700,0.0,0.0,0.0
2018-11-23 00:00:00-05:00,235.3124971354605,236.77885458284433,235.2141578678689,235.37509155273438,42807900,0.0,0.0,0.0
2018-11-26 00:00:00-05:00,237.63717452552274,239.39857691114193,237.2437629165215,239.175048828125,79981400,0.0,0.0,0.0
2018-11-27 00:00:00-05:00,238.13788231112102,239.97975158691406,237.5298924559579,239.97975158691406,75502400,0.0,0.0,0.0
2018-11-28 00:00:00-05:00,241.052708799303,245.50537109375,239.91716858674718,245.50537109375,127629600,0.0,0.0,0.0
2018-11-29 00:00:00-05:00,244.72747479901844,246.37263818899032,243.5830121239883,244.96890258789062,82346400,0.0,0.0,0.0
2018-11-30 00:00:00-05:00,244.81694865264097,247.0254076841321,244.49508124051218,246.4621124267578,98204200,0.0,0.0,0.0
2018-12-03 00:00:00-05:00,250.60187186189302,250.70916100529405,248.12518984788434,249.7256317138672,103176300,0.0,0.0,0.0
2018-12-04 00:00:00-05:00,248.89411622489166,249.32330008923051,241.32098152923894,241.63392639160156,177986000,0.0,0.0,0.0
2018-12-06 00:00:00-05:00,237.76235278470003,241.38349665421646,234.65083218434913,241.2672576904297,204185400,0.0,0.0,0.0
2018-12-07 00:00:00-05:00,240.92754809263727,242.50119483388949,234.82077168595902,235.66123962402344,161018900,0.0,0.0,0.0
2018-12-10 00:00:00-05:00,235.4823563139131,237.0828249997734,231.23532281264661,236.10824584960938,151445900,0.0,0.0,0.0
2018-12-11 00:00:00-05:00,239.31811120763638,239.50586715813873,234.6866158542914,236.16189575195312,121504400,0.0,0.0,0.0
2018-12-12 00:00:00-05:00,239.14831040307845,240.51630165936032,237.2706683901429,237.35113525390625,97976700,0.0,0.0,0.0
2018-12-13 00:00:00-05:00,238.29888445094605,239.166174779394,236.1530196310583,237.27066040039062,96662700,0.0,0.0,0.0
2018-12-14 00:00:00-05:00,235.11579654732623,236.07250339445184,232.33511999217032,232.88946533203125,116961100,0.0,0.0,0.0
2018-12-17 00:00:00-05:00,231.9327959497144,233.05043666582344,226.68435951265047,228.32058715820312,165492300,0.0,0.0,0.0
2018-12-18 00:00:00-05:00,229.9657641335184,230.63634856164552,226.46083084993458,228.0702362060547,134515100,0.0,0.0,0.0
2018-12-19 00:00:00-05:00,228.1506611284641,231.93275278788266,222.94693401705405,224.65467834472656,214992800,0.0,0.0,0.0
2018-12-20 00:00:00-05:00,223.40293688569892,224.97656988325505,218.74460502694234,220.99777221679688,252053400,0.0,0.0,0.0
2018-12-21 00:00:00-05:00,221.9015873647499,224.57260937446418,215.82208317330267,216.4696044921875,255345600,1.435,0.0,0.0
2018-12-24 00:00:00-05:00,214.9767595805029,216.59556327097457,210.6869469541851,210.74989318847656,147311600,0.0,0.0,0.0
2018-12-26 00:00:00-05:00,212.21580430406206,221.3979949951172,210.22827050792478,221.3979949951172,218485400,0.0,0.0,0.0
2018-12-27 00:00:00-05:00,218.1514117819056,223.29558861864206,214.9048161356882,223.09774780273438,186267300,0.0,0.0,0.0
2018-12-28 00:00:00-05:00,224.45573430387614,226.09251470485464,221.64081508281623,222.80995178222656,153100200,0.0,0.0,0.0
2018-12-31 00:00:00-05:00,224.4377596418432,225.0043443743529,222.55815513661517,224.7615203857422,144299400,0.0,0.0,0.0
2019-01-02 00:00:00-05:00,221.2181314723181,225.92165727958226,221.19115255526074,224.99533081054688,126925200,0.0,0.0,0.0
2019-01-03 00:00:00-05:00,223.24160872373565,223.5473926222731,219.14064909646268,219.6262969970703,144140700,0.0,0.0,0.0
2019-01-04 00:00:00-05:00,222.66604429082034,227.63037053177197,222.28832575504876,226.98284912109375,142628800,0.0,0.0,0.0
2019-01-07 00:00:00-05:00,227.25264575110117,230.18446881356803,226.35331200795557,228.77252197265625,103139100,0.0,0.0,0.0
2019-01-08 00:00:00-05:00,230.9668886701133,231.407553402941,228.43076103547978,230.92190551757812,102512600,0.0,0.0,0.0
2019-01-09 00:00:00-05:00,231.6324294876091,232.8465357018681,230.40034647631728,232.00115966796875,95006600,0.0,0.0,0.0
2019-01-10 00:00:00-05:00,230.46325397115652,233.0713161127741,229.7797516026208,232.8195037841797,96823900,0.0,0.0,0.0
2019-01-11 00:00:00-05:00,231.74034960073917,232.93647904088223,231.1557880628197,232.9095001220703,73858100,0.0,0.0,0.0
2019-01-14 00:00:00-05:00,231.00284697776053,232.29788973486603,230.59816326959452,231.48849487304688,70908200,0.0,0.0,0.0
2019-01-15 00:00:00-05:00,231.8662273034933,234.45631281983424,231.8572251836976,234.14154052734375,85208300,0.0,0.0,0.0
2019-01-16 00:00:00-05:00,234.57323836514863,235.59849213823657,234.36640914269466,234.70816040039062,77636700,0.0,0.0,0.0
2019-01-17 00:00:00-05:00,233.83581207461694,237.3522108562186,233.79082891309994,236.48883056640625,96118400,0.0,0.0,0.0
2019-01-18 00:00:00-05:00,238.30547816189605,240.10414574647993,236.52478737278184,239.636474609375,127900300,0.0,0.0,0.0
2019-01-22 00:00:00-05:00,238.16162483714186,238.3774562040439,234.78012037970703,236.39891052246094,115531200,0.0,0.0,0.0
2019-01-23 00:00:00-05:00,237.43316053663222,238.13463990685602,234.42038637067978,236.8935546875,86030300,0.0,0.0,0.0
2019-01-24 00:00:00-05:00,236.7136237456956,237.60398280267032,235.6973722379844,237.01939392089844,59204100,0.0,0.0,0.0
2019-01-25 00:00:00-05:00,238.87200354343403,239.85230139834084,237.11831934961072,239.02490234375,96883400,0.0,0.0,0.0
2019-01-28 00:00:00-05:00,236.8755790813207,237.27126076414916,235.43663929155764,237.2083282470703,85613700,0.0,0.0,0.0
2019-01-29 00:00:00-05:00,237.35222377608642,237.918781099907,236.05718071636653,236.8935546875,66136300,0.0,0.0,0.0
2019-01-30 00:00:00-05:00,238.41339230860103,241.4890984891939,237.64895310091936,240.6437225341797,92473700,0.0,0.0,0.0
2019-01-31 00:00:00-05:00,240.58073866631128,243.2427584215069,240.3648799406856,242.75711059570312,104012100,0.0,0.0,0.0
2019-02-01 00:00:00-05:00,242.95505174915888,243.89936882759727,242.0826967534265,242.87411499023438,85782500,0.0,0.0,0.0
2019-02-04 00:00:00-05:00,242.9190970702992,244.64583045122558,242.24459656056942,244.58287048339844,60744800,0.0,0.0,0.0
2019-02-05 00:00:00-05:00,245.01446870737473,245.91380238272245,244.51084404481884,245.6080322265625,79552800,0.0,0.0,0.0
2019-02-06 00:00:00-05:00,245.3293154401018,245.82393813346638,244.54689929636427,245.28433227539062,58347800,0.0,0.0,0.0
2019-02-07 00:00:00-05:00,243.66545506883682,244.21403540741545,241.28222644663975,242.9459991455078,95482000,0.0,0.0,0.0
2019-02-08 00:00:00-05:00,241.6959730438404,243.3417419191554,240.86857382289284,243.24282836914062,75788900,0.0,0.0,0.0
2019-02-11 00:00:00-05:00,243.89934505400134,244.16013210328512,242.8471123995612,243.37771606445312,68021400,0.0,0.0,0.0
2019-02-12 00:00:00-05:00,244.9964959823618,246.88507477556297,244.92453391766708,246.5073699951172,72270200,0.0,0.0,0.0
2019-02-13 00:00:00-05:00,247.3437965917935,248.1531915968981,246.92110856922335,247.3078155517578,65277200,0.0,0.0,0.0
2019-02-14 00:00:00-05:00,246.21950395307465,247.8922783949134,245.40110724301886,246.7591094970703,83234400,0.0,0.0,0.0
2019-02-15 00:00:00-05:00,248.53979973339838,249.48411640170235,248.3329705878077,249.44813537597656,97088700,0.0,0.0,0.0
2019-02-19 00:00:00-05:00,248.64778480794163,250.53636357257403,248.63878268861941,249.87986755371094,59120800,0.0,0.0,0.0
2019-02-20 00:00:00-05:00,249.84390866137753,250.84218340260153,249.34028395344964,250.38351440429688,76610800,0.0,0.0,0.0
2019-02-21 00:00:00-05:00,249.74502222015357,250.1047502726354,248.53091602822263,249.4932098388672,64214700,0.0,0.0,0.0
2019-02-22 00:00:00-05:00,250.11366853661212,251.23783560050072,249.47514932905918,251.04000854492188,78114600,0.0,0.0,0.0
2019-02-25 00:00:00-05:00,252.46997324061095,252.9915747390234,251.30082289960214,251.3817596435547,69030700,0.0,0.0,0.0
2019-02-26 00:00:00-05:00,251.03104394077798,252.0832491003512,250.82418728973454,251.20191955566406,56844100,0.0,0.0,0.0
2019-02-27 00:00:00-05:00,250.48248721815676,251.44478115210777,249.54719965095632,251.09405517578125,56921600,0.0,0.0,0.0
2019-02-28 00:00:00-05:00,250.87815514562257,251.31884738106405,250.30259577155252,250.6263427734375,69268300,0.0,0.0,0.0
2019-03-01 00:00:00-05:00,252.20916942231707,252.60487848423682,250.752253078653,252.19119262695312,78880500,0.0,0.0,0.0
2019-03-04 00:00:00-05:00,253.25242551452823,253.49523578119258,248.97158747301825,251.2738800048828,106494600,0.0,0.0,0.0
2019-03-05 00:00:00-05:00,251.39973893928925,251.59759344225998,250.3834875124616,250.93206787109375,59114600,0.0,0.0,0.0
2019-03-06 00:00:00-05:00,251.04907163004506,251.05807375228162,249.08853016709907,249.4122772216797,75039800,0.0,0.0,0.0
2019-03-07 00:00:00-05:00,248.96251093895202,249.1064076098706,246.48036884068705,247.32574462890625,94885100,0.0,0.0,0.0
2019-03-08 00:00:00-05:00,245.46412322631588,247.00197604924665,244.99647961897884,246.8311004638672,85795800,0.0,0.0,0.0
2019-03-11 00:00:00-04:00,247.55058703168962,250.57233489439366,247.5236081202542,250.41046142578125,65098900,0.0,0.0,0.0
2019-03-12 00:00:00-04:00,250.96799900064985,251.87633459897148,250.77914665438288,251.35470581054688,79667500,0.0,0.0,0.0
2019-03-13 00:00:00-04:00,252.24512562187667,253.95385415983606,252.08322469758585,253.01853942871094,80639200,0.0,0.0,0.0
2019-03-14 00:00:00-04:00,253.04554186261745,253.468229837998,252.4160246824796,252.856689453125,67518400,0.0,0.0,0.0
2019-03-15 00:00:00-04:00,253.41038403696166,254.9188712320424,253.22067224140326,254.1059112548828,81309000,1.233,0.0,0.0
2019-03-18 00:00:00-04:00,254.32278975233407,255.32546190558878,254.09696591928588,255.02735900878906,62199800,0.0,0.0,0.0
2019-03-19 00:00:00-04:00,256.09321760848894,256.86099643531537,254.19629227420754,255.09054565429688,90268100,0.0,0.0,0.0
2019-03-20 00:00:00-04:00,254.8737171483458,256.08412912442566,253.21165767821932,254.32269287109375,84609200,0.0,0.0,0.0
2019-03-21 00:00:00-04:00,253.5007774156555,257.60171776382134,253.45559611595905,257.19525146484375,79550400,0.0,0.0,0.0
2019-03-22 00:00:00-04:00,255.83127665436504,256.3551757596033,252.18195619928713,252.2451934814453,122659300,0.0,0.0,0.0
2019-03-25 00:00:00-04:00,251.90184765765596,253.09420355723066,250.79081255855627,252.055419921875,85575200,0.0,0.0,0.0
2019-03-26 00:00:00-04:00,253.8168476374746,254.8917708691054,252.52514243185954,253.9342803955078,68125900,0.0,0.0,0.0
2019-03-27 00:00:00-04:00,253.92527899209728,254.51244287560738,251.05280711465497,252.60647583007812,72224700,0.0,0.0,0.0
2019-03-28 00:00:00-04:00,253.23885279003088,254.01567354660153,252.08263586338637,253.56402587890625,56238500,0.0,0.0,0.0
2019-03-29 00:00:00-04:00,255.08148751992667,255.4879537288871,253.95236877329938,255.16278076171875,82186800,0.0,0.0,0.0
2019-04-01 00:00:00-04:00,257.1681424010861,258.48694561262533,256.8971373139716,258.1888427734375,77617900,0.0,0.0,0.0
2019-04-02 00:00:00-04:00,258.37857541682416,258.55020371590723,257.52043392140894,258.3153381347656,40070400,0.0,0.0,0.0
2019-04-03 00:00:00-04:00,259.5347618568044,259.9322139170012,258.11658189502833,258.7218017578125,68243200,0.0,0.0,0.0
2019-04-04 00:00:00-04:00,259.0469211807035,259.66115512252776,258.3513940024355,259.4082336425781,48997500,0.0,0.0,0.0
2019-04-05 00:00:00-04:00,260.0767430798067,260.71807489642094,259.7876820254754,260.66387939453125,58621700,0.0,0.0,0.0
2019-04-08 00:00:00-04:00,260.2393949038884,260.9710619294223,259.57997937688225,260.8626708984375,53566300,0.0,0.0,0.0
2019-04-09 00:00:00-04:00,259.8961111974934,260.22128425658633,258.97475996368,259.5257568359375,66142300,0.0,0.0,0.0
2019-04-10 00:00:00-04:00,259.94118815433063,260.5012542013132,259.5256801794244,260.4109191894531,52601500,0.0,0.0,0.0
2019-04-11 00:00:00-04:00,260.89872265713745,260.90776442976176,259.76960373430074,260.33868408203125,55093100,0.0,0.0,0.0
2019-04-12 00:00:00-04:00,261.9554756365796,262.38002526871423,260.38375160399784,262.1000061035156,69727800,0.0,0.0,0.0
2019-04-15 00:00:00-04:00,262.17231599052894,262.27169276898394,261.1244905464641,261.9284362792969,49596700,0.0,0.0,0.0
2019-04-16 00:00:00-04:00,262.81361666952245,262.86781214882745,261.5038282647924,262.1000061035156,52153200,0.0,0.0,0.0
2019-04-17 00:00:00-04:00,263.22021033334323,263.2473080861286,261.0432656383138,261.45880126953125,58268300,0.0,0.0,0.0
2019-04-18 00:00:00-04:00,262.04585080507866,262.24457678179147,260.74510396957174,261.97357177734375,68708500,0.0,0.0,0.0
2019-04-22 00:00:00-04:00,261.20586031804896,262.3530351892551,261.1155252933477,262.199462890625,40160100,0.0,0.0,0.0
2019-04-23 00:00:00-04:00,262.56980766531194,264.7919334135166,262.3349696892673,264.55706787109375,52246600,0.0,0.0,0.0
2019-04-24 00:00:00-04:00,264.4757526662883,264.80996740806626,263.8253791589666,263.96990966796875,50392900,0.0,0.0,0.0
2019-04-25 00:00:00-04:00,263.8705187571393,264.4666967374674,262.6149530998589,263.8072814941406,57770900,0.0,0.0,0.0
2019-04-26 00:00:00-04:00,263.8524828393526,265.1080485920783,263.0756347817953,265.0357971191406,50916400,0.0,0.0,0.0
2019-04-29 00:00:00-04:00,265.1261514614027,265.9752510537926,265.03581643886315,265.4513244628906,57197700,0.0,0.0,0.0
2019-04-30 00:00:00-04:00,265.107955346296,265.87576136228637,263.68980360348115,265.5867004394531,81111700,0.0,0.0,0.0
2019-05-01 00:00:00-04:00,266.2190761066028,266.4268438591171,263.5814428488309,263.5904846191406,71671900,0.0,0.0,0.0
2019-05-02 00:00:00-04:00,263.4731319658217,264.394510693582,261.52201106550615,263.021484375,65030200,0.0,0.0,0.0
2019-05-03 00:00:00-04:00,264.50281558240755,265.8758138875588,263.129789710884,265.5957946777344,56543700,0.0,0.0,0.0
2019-05-06 00:00:00-04:00,261.27809864091415,264.94547441479875,260.9619398535701,264.50286865234375,107198100,0.0,0.0,0.0
2019-05-07 00:00:00-04:00,262.0910706412951,262.6872487218335,258.17077317203905,260.08575439453125,144729900,0.0,0.0,0.0
2019-05-08 00:00:00-04:00,259.7245178222656,261.4407735198439,259.12833956737035,259.7245178222656,91568300,0.0,0.0,0.0
2019-05-09 00:00:00-04:00,257.64683241551785,259.5437297861548,255.9034521851628,258.93853759765625,103471100,0.0,0.0,0.0
2019-05-10 00:00:00-04:00,257.9992581381025,260.99820583540946,255.0003104407956,260.23944091796875,112429300,0.0,0.0,0.0
2019-05-13 00:00:00-04:00,255.10861334378154,256.07511814682,252.8593898078208,253.69944763183594,127290500,0.0,0.0,0.0
2019-05-14 00:00:00-04:00,254.72027709960926,257.5295403054176,254.59383007015117,255.99392700195312,77003200,0.0,0.0,0.0
2019-05-15 00:00:00-04:00,254.35891148197908,258.13467909035165,254.1511436462172,257.49334716796875,73956400,0.0,0.0,0.0
2019-05-16 00:00:00-04:00,258.1978173148738,261.2419167927895,258.12556585028494,259.8779602050781,76749600,0.0,0.0,0.0
2019-05-17 00:00:00-04:00,257.5655554841976,260.6909485378402,257.54747194129925,258.1978454589844,100353000,0.0,0.0,0.0
2019-05-20 00:00:00-04:00,256.5900719117214,258.3063275433515,255.74097208735114,256.49072265625,62877600,0.0,0.0,0.0
2019-05-21 00:00:00-04:00,258.1888389374327,259.18246910932857,257.93591739971197,258.8031005859375,46847100,0.0,0.0,0.0
2019-05-22 00:00:00-04:00,257.8455922120902,258.9656692926536,257.52943342007944,258.0081787109375,49482500,0.0,0.0,0.0
2019-05-23 00:00:00-04:00,255.77703341365086,255.82218714026155,253.43750250783694,254.85568237304688,98733800,0.0,0.0,0.0
2019-05-24 00:00:00-04:00,256.30097832927936,256.71651398058947,254.81054672125342,255.43382263183594,55268100,0.0,0.0,0.0
2019-05-28 00:00:00-04:00,255.7138414064145,256.6713321376161,253.0400952645524,253.0581512451172,70029400,0.0,0.0,0.0
2019-05-29 00:00:00-04:00,251.93807701559138,252.34454333104983,249.95081647429592,251.35995483398438,104972900,0.0,0.0,0.0
2019-05-30 00:00:00-04:00,252.1187145007656,252.95880000207907,250.94444174654242,252.0464630126953,62523800,0.0,0.0,0.0
2019-05-31 00:00:00-04:00,249.49009447068332,250.3211104483157,248.6229114074458,248.65000915527344,86862800,0.0,0.0,0.0
2019-06-03 00:00:00-04:00,248.68611433489033,249.806191178937,246.6807985734172,248.01768493652344,96428000,0.0,0.0,0.0
2019-06-04 00:00:00-04:00,250.3210673696009,253.5367948681653,249.86941993928153,253.40130615234375,77231900,0.0,0.0,0.0
2019-06-05 00:00:00-04:00,255.0273094112789,255.6234875225482,253.21170489181105,255.5963897705078,71169700,0.0,0.0,0.0
2019-06-06 00:00:00-04:00,255.8944053403558,257.93583295275533,255.24403194680585,257.25836181640625,69430400,0.0,0.0,0.0
2019-06-07 00:00:00-04:00,258.27909539383876,260.91672854171304,258.10746716334154,259.832763671875,74272200,0.0,0.0,0.0
2019-06-10 00:00:00-04:00,261.3865200758358,262.6963091046184,260.93487248885987,261.02520751953125,60799100,0.0,0.0,0.0
2019-06-11 00:00:00-04:00,262.8499202150859,263.22027463788424,260.31166234069633,260.9620361328125,58641300,0.0,0.0,0.0
2019-06-12 00:00:00-04:00,260.72713605264846,261.2871746580643,259.9864273832488,260.5013122558594,47096300,0.0,0.0,0.0
2019-06-13 00:00:00-04:00,261.4135853798016,261.9375119528334,260.7090163342307,261.576171875,48945200,0.0,0.0,0.0
2019-06-14 00:00:00-04:00,261.2871398925781,261.89233215027554,260.51933357237925,261.2871398925781,52324700,0.0,0.0,0.0
2019-06-17 00:00:00-04:00,261.5220549488146,262.1543727086202,261.21493784348746,261.3865661621094,39205700,0.0,0.0,0.0
2019-06-18 00:00:00-04:00,263.2111344293346,265.1803108471755,262.8497943883869,264.1234436035156,85434800,0.0,0.0,0.0
2019-06-19 00:00:00-04:00,264.25891526619915,265.2525451818735,263.2833688912291,264.7196044921875,78674400,0.0,0.0,0.0
2019-06-20 00:00:00-04:00,267.41151545164615,267.65539522876196,264.78292314387227,267.2489013671875,116570000,0.0,0.0,0.0
2019-06-21 00:00:00-04:00,266.9784470629707,268.2401197877472,266.64260671969475,266.8604431152344,83309500,1.432,0.0,0.0
2019-06-24 00:00:00-04:00,267.06928550917615,267.3869544287016,266.37943315725244,266.53375244140625,47582700,0.0,0.0,0.0
2019-06-25 00:00:00-04:00,266.58810080748333,266.61533035214427,263.81057645026266,263.91949462890625,82028700,0.0,0.0,0.0
2019-06-26 00:00:00-04:00,264.8181206931494,265.32642403868346,263.54736232931435,263.6562805175781,51584900,0.0,0.0,0.0
2019-06-27 00:00:00-04:00,264.4186930020322,265.09945926962877,264.03747940443037,264.5911560058594,40355200,0.0,0.0,0.0
2019-06-28 00:00:00-04:00,265.5714869164789,266.4519458621194,265.0541255281596,265.9527282714844,59350900,0.0,0.0,0.0
2019-07-01 00:00:00-04:00,269.2930198056535,269.51088388380225,267.1599462725521,268.3671875,78705600,0.0,0.0,0.0
2019-07-02 00:00:00-04:00,268.32175940727416,269.12052964557455,267.47761582834625,269.0660705566406,61504500,0.0,0.0,0.0
2019-07-03 00:00:00-04:00,269.7468343677633,271.23545665269427,269.60160089846875,271.21728515625,40898900,0.0,0.0,0.0
2019-07-05 00:00:00-04:00,269.9828895577444,271.07212691821906,268.6849015551727,270.9087219238281,51677300,0.0,0.0,0.0
2019-07-08 00:00:00-04:00,269.5925374729595,270.72714796001725,268.87545588901264,269.4200744628906,45841800,0.0,0.0,0.0
2019-07-09 00:00:00-04:00,268.25830077211197,270.0555064997693,268.20384167130163,269.7559814453125,41101300,0.0,0.0,0.0
2019-07-10 00:00:00-04:00,270.82702445502724,271.99795042432766,270.29149154204947,271.04486083984375,58448500,0.0,0.0,0.0
2019-07-11 00:00:00-04:00,271.68932256535436,271.9253027339182,270.67271589951406,271.68023681640625,50826100,0.0,0.0,0.0
2019-07-12 00:00:00-04:00,272.17037524484897,272.96914547762225,271.86176450954144,272.8965148925781,40326000,0.0,0.0,0.0
2019-07-15 00:00:00-04:00,273.33216962252965,273.33216962252965,272.47894044378995,272.98724365234375,33900000,0.0,0.0,0.0
2019-07-16 00:00:00-04:00,272.8965265593056,273.105304874668,271.7982312925146,272.1068420410156,36650100,0.0,0.0,0.0
2019-07-17 00:00:00-04:00,272.0796508917685,272.2430281874804,270.25518798828125,270.25518798828125,36036300,0.0,0.0,0.0
2019-07-18 00:00:00-04:00,269.7559122946191,271.62574814433856,269.31115385186047,271.2445068359375,51392600,0.0,0.0,0.0
2019-07-19 00:00:00-04:00,272.34282361540744,272.3700531582219,269.5652994465301,269.7377624511719,58678600,0.0,0.0,0.0
2019-07-22 00:00:00-04:00,270.1371227237771,270.9449786699642,269.6197614047901,270.4003601074219,43638100,0.0,0.0,0.0
2019-07-23 00:00:00-04:00,271.52594241727843,272.3337707519531,270.6908568360475,272.3337707519531,44564500,0.0,0.0,0.0
2019-07-24 00:00:00-04:00,271.57131786846395,273.6136169433594,271.4805434806,273.6136169433594,47213200,0.0,0.0,0.0
2019-07-25 00:00:00-04:00,273.159747862195,273.21420694986983,271.49866258675854,272.3065185546875,55394100,0.0,0.0,0.0
2019-07-26 00:00:00-04:00,272.9964317324127,274.3307350801449,272.86934203241077,274.13104248046875,45084100,0.0,0.0,0.0
2019-07-29 00:00:00-04:00,274.0130162709215,274.1310202112064,273.07809819849047,273.63177490234375,38126500,0.0,0.0,0.0
2019-07-30 00:00:00-04:00,272.22485754913873,273.36855390727766,271.8436161962743,272.9600830078125,45849000,0.0,0.0,0.0
2019-07-31 00:00:00-04:00,273.2050924965323,273.395726983816,267.9495971849388,269.9737243652344,104245200,0.0,0.0,0.0
2019-08-01 00:00:00-04:00,270.1280619945052,273.09619296523925,266.8240630615481,267.6228332519531,142646600,0.0,0.0,0.0
2019-08-02 00:00:00-04:00,266.72416290679564,266.9692287300725,264.04647183944184,265.6076965332031,116749700,0.0,0.0,0.0
2019-08-05 00:00:00-04:00,261.4959984690222,261.6049166660413,255.7140266734515,257.62017822265625,178745400,0.0,0.0,0.0
2019-08-06 00:00:00-04:00,259.5171496355938,261.45053003088304,258.0376133631256,261.232666015625,120711700,0.0,0.0,0.0
2019-08-07 00:00:00-04:00,258.14653962146434,262.15853398130014,256.0044085907409,261.3869934082031,140572300,0.0,0.0,0.0
2019-08-08 00:00:00-04:00,262.884688589898,266.51544189453125,262.33101200715714,266.51544189453125,87713900,0.0,0.0,0.0
2019-08-09 00:00:00-04:00,265.5715075415884,266.17058531714935,262.911986700436,264.70013427734375,93730000,0.0,0.0,0.0
2019-08-12 00:00:00-04:00,263.1933611738068,264.6910417239846,260.5247546514729,261.47784423828125,65527600,0.0,0.0,0.0
2019-08-13 00:00:00-04:00,261.1783011848634,266.99658826305097,260.833375094979,265.5442810058594,94299800,0.0,0.0,0.0
2019-08-14 00:00:00-04:00,261.4777911353101,262.0859268210529,257.5656565403632,257.6927185058594,135622100,0.0,0.0,0.0
2019-08-15 00:00:00-04:00,258.5822218641112,259.2720737683,256.3220870838921,258.3734436035156,99556600,0.0,0.0,0.0
2019-08-16 00:00:00-04:00,260.0346950811633,262.621585977762,258.4280681911697,262.1859130859375,83018300,0.0,0.0,0.0
2019-08-19 00:00:00-04:00,265.2174204766203,266.0252485798388,264.5366543186565,265.344482421875,53571800,0.0,0.0,0.0
2019-08-20 00:00:00-04:00,264.8362809811604,265.37181390710555,263.1843088555417,263.3113708496094,51596400,0.0,0.0,0.0
2019-08-21 00:00:00-04:00,265.4807512764025,265.82564964948455,264.7908991293272,265.4535217285156,49524700,0.0,0.0,0.0
2019-08-22 00:00:00-04:00,266.16150791497233,266.796873242522,263.59273395652144,265.3717956542969,51666400,0.0,0.0,0.0
2019-08-23 00:00:00-04:00,264.06472910539344,265.734872485339,257.30243925086523,258.5550537109375,149161500,0.0,0.0,0.0
2019-08-26 00:00:00-04:00,260.7516535759884,261.4142761230469,259.21765786464675,261.4142761230469,72423800,0.0,0.0,0.0
2019-08-27 00:00:00-04:00,262.8121206636148,263.1842762508869,259.626125350947,260.3885803222656,66668900,0.0,0.0,0.0
2019-08-28 00:00:00-04:00,259.72599413909415,262.3855147289444,258.9181380982402,262.2221374511719,59696700,0.0,0.0,0.0
2019-08-29 00:00:00-04:00,264.7908125483239,266.09788582042034,263.7832642050449,265.5714111328125,57899400,0.0,0.0,0.0
2019-08-30 00:00:00-04:00,267.0601204547532,267.0782642531926,264.5186036504583,265.4535217285156,62901200,0.0,0.0,0.0
2019-09-03 00:00:00-04:00,263.7470451424127,264.6637916599921,262.5670335121855,263.9013366699219,69101400,0.0,0.0,0.0
2019-09-04 00:00:00-04:00,266.07981442340883,266.9148723130683,265.3264174724714,266.896728515625,46887300,0.0,0.0,0.0
2019-09-05 00:00:00-04:00,269.3928104577641,271.24447459144744,266.86035241848367,270.3277282714844,83258100,0.0,0.0,0.0
2019-09-06 00:00:00-04:00,270.6454754226306,271.1810082803126,269.964709089915,270.5365295410156,49584300,0.0,0.0,0.0
2019-09-09 00:00:00-04:00,271.5259283087568,271.61667499074713,269.7286952580193,270.6726989746094,51260300,0.0,0.0,0.0
2019-09-10 00:00:00-04:00,269.9101931050949,270.6726756916641,268.64852070916135,270.609130859375,57947100,0.0,0.0,0.0
2019-09-11 00:00:00-04:00,270.91782366433534,272.61519695256993,270.2642867495674,272.53350830078125,68821100,0.0,0.0,0.0
2019-09-12 00:00:00-04:00,273.4412237579881,274.5395193404388,272.6787685660046,273.4775390625,72908700,0.0,0.0,0.0
2019-09-13 00:00:00-04:00,273.9222056527572,274.2762174267947,272.9237428675318,273.2958984375,62104800,0.0,0.0,0.0
2019-09-16 00:00:00-04:00,272.16134574483664,273.3413575418374,271.8073615960568,272.4518127441406,58191200,0.0,0.0,0.0
2019-09-17 00:00:00-04:00,272.25211780759554,273.2324092962593,272.0796547595179,273.14166259765625,41475500,0.0,0.0,0.0
2019-09-18 00:00:00-04:00,272.7512883274981,273.41391085565266,270.7089893535516,273.30499267578125,73375800,0.0,0.0,0.0
2019-09-19 00:00:00-04:00,273.69533617519346,274.69379915239404,272.9510248921478,273.286865234375,76560500,0.0,0.0,0.0
2019-09-20 00:00:00-04:00,273.8923653652375,274.1750738725406,271.20233506122497,271.99566650390625,89565000,1.384,0.0,0.0
2019-09-23 00:00:00-04:00,271.32985757685236,272.6520945849487,271.0745323137871,271.93170166015625,43476800,0.0,0.0,0.0
2019-09-24 00:00:00-04:00,273.0260371330822,273.4181389160183,268.8313829068721,269.7979736328125,94869400,0.0,0.0,0.0
2019-09-25 00:00:00-04:00,269.880043908086,271.8405806831163,268.3936747972442,271.3937683105469,71854000,0.0,0.0,0.0
2019-09-26 00:00:00-04:00,271.40291917717923,271.6126338213632,269.41502694089456,270.82843017578125,56179700,0.0,0.0,0.0
2019-09-27 00:00:00-04:00,271.5852468021339,271.69469579353853,267.8100775356787,269.369384765625,84746600,0.0,0.0,0.0
2019-09-30 00:00:00-04:00,269.889189816705,271.3299483197672,269.843606937057,270.6186828613281,51662400,0.0,0.0,0.0
2019-10-01 00:00:00-04:00,271.5032417769954,272.1597967306999,267.1809378983291,267.3997802734375,88242400,0.0,0.0,0.0
2019-10-02 00:00:00-04:00,265.81301685003416,265.8221445550041,261.3812934601686,262.6761474609375,122539500,0.0,0.0,0.0
2019-10-03 00:00:00-04:00,262.4482253931142,264.8556023618493,259.72171263257434,264.8282470703125,85278800,0.0,0.0,0.0
2019-10-04 00:00:00-04:00,265.48485916532,268.66731269023387,265.4301207420645,268.4119873046875,65091200,0.0,0.0,0.0
2019-10-07 00:00:00-04:00,267.60946130351056,269.24173451863544,266.9711340848841,267.2538146972656,59610500,0.0,0.0,0.0
2019-10-08 00:00:00-04:00,265.3936563914407,266.1322772251126,263.0683448760766,263.1048278808594,95708100,0.0,0.0,0.0
2019-10-09 00:00:00-04:00,265.12916483966666,266.5425680006692,264.49996528325266,265.60333251953125,62359400,0.0,0.0,0.0
2019-10-10 00:00:00-04:00,265.5213090114124,268.28430531067295,265.35717723008116,267.3997802734375,55296300,0.0,0.0,0.0
2019-10-11 00:00:00-04:00,270.1626862594724,272.415031044953,270.0441652314956,270.17181396484375,98720400,0.0,0.0,0.0
2019-10-14 00:00:00-04:00,269.85262471794715,270.5274347987188,269.524361296248,269.8708801269531,40394800,0.0,0.0,0.0
2019-10-15 00:00:00-04:00,270.9195488332845,273.2904423575439,270.8009999828163,272.5426940917969,46754500,0.0,0.0,0.0
2019-10-16 00:00:00-04:00,272.0775946679744,272.79798756332923,271.6672654200118,272.1049499511719,48928200,0.0,0.0,0.0
2019-10-17 00:00:00-04:00,273.27224772978605,273.78289840817706,272.2144633735832,272.9075012207031,45736600,0.0,0.0,0.0
2019-10-18 00:00:00-04:00,272.36947594373936,273.0169030385987,270.85575160138507,271.7129211425781,64304000,0.0,0.0,0.0
2019-10-21 00:00:00-04:00,273.0351810774295,273.75554639728165,272.5974685642582,273.554931640625,39048600,0.0,0.0,0.0
2019-10-22 00:00:00-04:00,274.09294672656563,274.3847550783772,272.5701223294806,272.66131591796875,48594700,0.0,0.0,0.0
2019-10-23 00:00:00-04:00,272.4059333672742,273.5093004196795,272.19619094063097,273.45458984375,34352200,0.0,0.0,0.0
2019-10-24 00:00:00-04:00,274.3938512812538,274.53975544040765,273.0716139709286,273.90142822265625,35453100,0.0,0.0,0.0
2019-10-25 00:00:00-04:00,273.3268990035785,275.5701438129916,273.27218843050684,275.02301025390625,45205400,0.0,0.0,0.0
2019-10-28 00:00:00-04:00,276.24500916793784,277.0748235468787,276.2176538731761,276.5732727050781,42147000,0.0,0.0,0.0
2019-10-29 00:00:00-04:00,276.29966287843143,277.42128538951795,276.17198631024223,276.49114990234375,44284900,0.0,0.0,0.0
2019-10-30 00:00:00-04:00,276.6917480296718,277.7130492004181,275.37863857346383,277.3392028808594,49643900,0.0,0.0,0.0
2019-10-31 00:00:00-04:00,277.3300761361029,277.3300761361029,275.14156964429964,276.6005554199219,69053800,0.0,0.0,0.0
2019-11-01 00:00:00-04:00,278.05059070877235,279.208668827278,277.886431083131,279.1630859375,71141500,0.0,0.0,0.0
2019-11-04 00:00:00-05:00,280.7222888736897,280.8590653203467,279.91070224290536,280.2845764160156,60606900,0.0,0.0,0.0
2019-11-05 00:00:00-05:00,280.4851989738601,280.78613499327446,279.6827400265851,279.97454833984375,42933200,0.0,0.0,0.0
2019-11-06 00:00:00-05:00,279.97458333653447,280.3119745660006,279.0900584084101,280.0384216308594,46487100,0.0,0.0,0.0
2019-11-07 00:00:00-05:00,281.3789316129744,282.3637501651584,280.5491171393364,281.0232849121094,54272300,0.0,0.0,0.0
2019-11-08 00:00:00-05:00,280.6766604552994,281.7709276162249,279.9745228545336,281.7162170410156,49032100,0.0,0.0,0.0
2019-11-11 00:00:00-05:00,280.33021130301705,281.35151263066575,280.19340701618546,281.1782531738281,35797300,0.0,0.0,0.0
2019-11-12 00:00:00-05:00,281.5430260321855,282.673748632465,280.9958923187553,281.77099609375,46484600,0.0,0.0,0.0
2019-11-13 00:00:00-05:00,280.7769821248996,282.263351019712,280.54901211841593,281.86212158203125,53917700,0.0,0.0,0.0
2019-11-14 00:00:00-05:00,281.57957278704646,282.3546767375342,280.94124533879,282.2725830078125,51219900,0.0,0.0,0.0
2019-11-15 00:00:00-05:00,283.61295897432547,284.360707388631,282.9199489720385,284.31512451171875,62023600,0.0,0.0,0.0
2019-11-18 00:00:00-05:00,284.07802892930033,284.76193905844303,283.6220888432052,284.52484130859375,49228000,0.0,0.0,0.0
2019-11-19 00:00:00-05:00,285.12662849812847,285.1357562031034,283.7952915051212,284.4427185058594,67804700,0.0,0.0,0.0
2019-11-20 00:00:00-05:00,283.8500164538431,284.3697947531004,281.8256416610672,283.38494873046875,79406200,0.0,0.0,0.0
2019-11-21 00:00:00-05:00,283.4944051261436,283.60382628077144,282.1265850365531,282.92901611328125,54664700,0.0,0.0,0.0
2019-11-22 00:00:00-05:00,283.67677640436585,283.81355285341886,282.5460539876979,283.5582275390625,44850200,0.0,0.0,0.0
2019-11-25 00:00:00-05:00,284.4883909027602,285.7558898925781,284.4883909027602,285.7558898925781,48647200,0.0,0.0,0.0
2019-11-26 00:00:00-05:00,285.79237616379595,286.58570748343044,285.4732125288553,286.4033203125,37569000,0.0,0.0,0.0
2019-11-27 00:00:00-05:00,286.88663347861814,287.67999267578125,286.66779112264317,287.67999267578125,44444600,0.0,0.0,0.0
2019-11-29 00:00:00-05:00,287.1145600419583,287.3607854835019,286.3850670803148,286.613037109375,36592700,0.0,0.0,0.0
2019-12-02 00:00:00-05:00,286.8683128725933,286.9321511485116,283.7496989976757,284.17828369140625,75767800,0.0,0.0,0.0
2019-12-03 00:00:00-05:00,281.451896166042,282.3546767375342,280.06584789612697,282.2725830078125,73941700,0.0,0.0,0.0
2019-12-04 00:00:00-05:00,283.32115022305817,284.6160043447068,282.97463134227655,284.01416015625,49080000,0.0,0.0,0.0
2019-12-05 00:00:00-05:00,284.71635618118324,284.7345837664123,283.2117316343698,284.52484130859375,40709000,0.0,0.0,0.0
2019-12-06 00:00:00-05:00,286.43977765696974,287.5249172215507,286.4306499507282,287.1236877441406,48927000,0.0,0.0,0.0
2019-12-09 00:00:00-05:00,286.7315979257299,287.4063803347884,286.1479812693964,286.220947265625,34838500,0.0,0.0,0.0
2019-12-10 00:00:00-05:00,286.16624748024657,286.8319022077995,285.2452395846324,285.90179443359375,52649800,0.0,0.0,0.0
2019-12-11 00:00:00-05:00,286.35767131840527,286.9686431544206,285.8196654652655,286.71331787109375,53429100,0.0,0.0,0.0
2019-12-12 00:00:00-05:00,286.72239188462476,289.9686821205436,286.48532203258543,289.1844787597656,96389600,0.0,0.0,0.0
2019-12-13 00:00:00-05:00,288.94743092650003,290.5888317358788,288.1723273077688,289.3577880859375,81503900,0.0,0.0,0.0
2019-12-16 00:00:00-05:00,291.0903778003415,291.93841964706013,289.2939728213028,291.345703125,82749700,0.0,0.0,0.0
2019-12-17 00:00:00-05:00,291.7287095162663,292.0296177209557,291.3274800244313,291.4095458984375,61097700,0.0,0.0,0.0
2019-12-18 00:00:00-05:00,291.8015779685982,292.0295479513862,291.37299328782217,291.4277038574219,48133000,0.0,0.0,0.0
2019-12-19 00:00:00-05:00,291.6192712043737,292.69531096918604,291.363945866433,292.6223449707031,85310500,0.0,0.0,0.0
2019-12-20 00:00:00-05:00,293.65780690456086,295.0415245853999,292.6773193215395,293.9052429199219,147142100,1.57,0.0,0.0
2019-12-23 00:00:00-05:00,294.6932980253535,294.74827759131267,294.2076265492535,294.354248046875,52990000,0.0,0.0,0.0
2019-12-24 00:00:00-05:00,294.5834131923506,294.6292201871394,294.061079218806,294.3634948730469,20270000,0.0,0.0,0.0
2019-12-26 00:00:00-05:00,294.74830322058216,295.9395925053962,294.73915860225463,295.930419921875,30911200,0.0,0.0,0.0
2019-12-27 00:00:00-05:00,296.6635210823034,296.7185006570414,295.3256381550197,295.85711669921875,42528800,0.0,0.0,0.0
2019-12-30 00:00:00-05:00,295.93954452506745,296.07699342963247,293.7402501912701,294.2259216308594,49729100,0.0,0.0,0.0
2019-12-31 00:00:00-05:00,293.7219837452948,295.1881708994425,293.3737611501004,294.94073486328125,57077300,0.0,0.0,0.0
2020-01-02 00:00:00-05:00,296.4802539792737,297.71735029463804,295.5547178974124,297.6990051269531,59151200,0.0,0.0,0.0
2020-01-03 00:00:00-05:00,294.2992783946291,296.57186973652915,294.2442988268179,295.4447326660156,77709700,0.0,0.0,0.0
2020-01-06 00:00:00-05:00,293.685362209707,296.6543993000962,293.5662304668719,296.5719299316406,55653900,0.0,0.0,0.0
2020-01-07 00:00:00-05:00,296.0037318756029,296.4802588000456,295.28896945413396,295.7380065917969,40496400,0.0,0.0,0.0
2020-01-08 00:00:00-05:00,295.9304301191349,298.5328990962051,295.6830220422805,297.31414794921875,68296000,0.0,0.0,0.0
2020-01-09 00:00:00-05:00,298.88109951100057,299.4034333774434,298.29461349284884,299.3301086425781,48473300,0.0,0.0,0.0
2020-01-10 00:00:00-05:00,299.91652800454466,300.07229409242746,298.0013322184309,298.4686584472656,53029300,0.0,0.0,0.0
2020-01-13 00:00:00-05:00,299.0918681335702,300.5305374400755,298.66117621036113,300.5213928222656,47086800,0.0,0.0,0.0
2020-01-14 00:00:00-05:00,300.0815496239874,301.1353620319294,299.50423615771473,300.063232421875,62832800,0.0,0.0,0.0
2020-01-15 00:00:00-05:00,299.9715606002773,301.5018717974519,299.8890912511953,300.7413024902344,72056600,0.0,0.0,0.0
2020-01-16 00:00:00-05:00,302.1250165187214,303.24298095703125,301.8959256745201,303.24298095703125,54050300,0.0,0.0,0.0
2020-01-17 00:00:00-05:00,303.9577682678192,304.3976048271327,303.17885374044386,304.1868591308594,95846000,0.0,0.0,0.0
2020-01-21 00:00:00-05:00,303.22464675250427,304.39759079860585,303.1513499843944,303.5911865234375,77742400,0.0,0.0,0.0
2020-01-22 00:00:00-05:00,304.45259018192024,305.10322838025627,303.4721025230249,303.62786865234375,48914900,0.0,0.0,0.0
2020-01-23 00:00:00-05:00,302.97721103138565,304.38841838405864,301.85924665475704,303.9760437011719,51963000,0.0,0.0,0.0
2020-01-24 00:00:00-05:00,304.63589360217117,304.71836296389927,299.98075121763935,301.2728271484375,87578400,0.0,0.0,0.0
2020-01-27 00:00:00-05:00,296.01285058916926,297.92804662680606,295.6738006255231,296.44354248046875,84062500,0.0,0.0,0.0
2020-01-28 00:00:00-05:00,297.8730577788498,300.42971926518106,296.5351751654202,299.5500183105469,63834000,0.0,0.0,0.0
2020-01-29 00:00:00-05:00,300.9154515361215,301.1445424118308,299.10104173303364,299.3026428222656,53888900,0.0,0.0,0.0
2020-01-30 00:00:00-05:00,297.2315928492786,300.4846994121744,296.4801961809347,300.27392578125,75491800,0.0,0.0,0.0
2020-01-31 00:00:00-05:00,299.65085010133794,299.80664419353747,293.905261299892,294.8216247558594,113845600,0.0,0.0,0.0
2020-02-03 00:00:00-05:00,296.3061289566686,298.88110802964894,296.18699723301154,297.01171875,69083000,0.0,0.0,0.0
2020-02-04 00:00:00-05:00,300.6313528673828,302.4091001332266,300.31062007845776,301.5385437011719,62573200,0.0,0.0,0.0
2020-02-05 00:00:00-05:00,304.4801312883504,305.231556171701,303.0139718620642,305.0207824707031,65951100,0.0,0.0,0.0
2020-02-06 00:00:00-05:00,305.98296697824674,306.23954766256264,304.9657888604678,306.047119140625,50359700,0.0,0.0,0.0
2020-02-07 00:00:00-05:00,304.98406488979606,306.056194377022,303.86610045474913,304.4159240722656,64139400,0.0,0.0,0.0
2020-02-10 00:00:00-05:00,303.5271002179738,306.7526897560034,303.49043784674745,306.68853759765625,42070000,0.0,0.0,0.0
2020-02-11 00:00:00-05:00,308.04472268441083,308.8327817820095,306.6884947902929,307.2200012207031,54864500,0.0,0.0,0.0
2020-02-12 00:00:00-05:00,308.65866182227705,309.41008649783373,308.292122067066,309.1993408203125,43992700,0.0,0.0,0.0
2020-02-13 00:00:00-05:00,307.7697985331595,309.84078876893074,307.49490069884985,308.86944580078125,54501900,0.0,0.0,0.0
2020-02-14 00:00:00-05:00,309.281849489638,309.48345057541405,308.0814155587151,309.36431884765625,64582200,0.0,0.0,0.0
2020-02-18 00:00:00-05:00,308.3655680500366,309.42855333376,307.17427842068366,308.5671691894531,57226200,0.0,0.0,0.0
2020-02-19 00:00:00-05:00,309.5383392969386,310.7204277134479,309.25426893651985,310.0423278808594,48814700,0.0,0.0,0.0
2020-02-20 00:00:00-05:00,309.4926143400653,310.3173639016579,305.7721805893819,308.7687072753906,74163400,0.0,0.0,0.0
2020-02-21 00:00:00-05:00,307.41242134787745,307.72398153835667,304.7641177810184,305.5888671875,113788200,0.0,0.0,0.0
2020-02-24 00:00:00-05:00,296.11364009399773,305.662129694088,294.37252751118245,295.453857421875,161088400,0.0,0.0,0.0
2020-02-25 00:00:00-05:00,296.84678915931295,297.4607370329087,285.6213364835221,286.50103759765625,218913200,0.0,0.0,0.0
2020-02-26 00:00:00-05:00,287.9030518374297,291.5043533570455,284.71412504182155,285.44720458984375,194773800,0.0,0.0,0.0
2020-02-27 00:00:00-05:00,279.9123298627245,285.5021516671391,272.62725830078125,272.62725830078125,284353500,0.0,0.0,0.0
2020-02-28 00:00:00-05:00,264.55407718504784,272.9754575536468,261.6583660060292,271.4817810058594,384975800,0.0,0.0,0.0
2020-03-02 00:00:00-05:00,273.2687603709201,283.30295220755625,269.8323971344277,283.2388000488281,238703600,0.0,0.0,0.0
2020-03-03 00:00:00-05:00,283.61447075418994,287.5914845326907,272.6822621634208,275.1289367675781,300139100,0.0,0.0,0.0
2020-03-04 00:00:00-05:00,280.5171106027722,286.9133360865431,277.9604493324788,286.6933898925781,176613400,0.0,0.0,0.0
2020-03-05 00:00:00-05:00,279.4724611892447,282.67055983568656,274.9181349277583,277.1632080078125,186366800,0.0,0.0,0.0
2020-03-06 00:00:00-05:00,268.6319273661624,273.79105782578944,265.9561618762661,272.5814514160156,228667200,0.0,0.0,0.0
2020-03-09 00:00:00-04:00,252.27482961295138,260.4213135582314,250.57957971674915,251.29434204101562,309417300,0.0,0.0,0.0
2020-03-10 00:00:00-04:00,260.8336938237853,264.38916035534675,250.62539203743287,264.29754638671875,276444100,0.0,0.0,0.0
2020-03-11 00:00:00-04:00,257.223189563754,258.3594711071926,248.22449524374105,251.41342163085938,255316300,0.0,0.0,0.0
2020-03-12 00:00:00-04:00,234.58905518446738,244.35749341633144,226.9649041793255,227.35894775390625,392220700,0.0,0.0,0.0
2020-03-13 00:00:00-04:00,241.08604410630707,248.77434647333422,227.7346366084583,246.7949981689453,329566100,0.0,0.0,0.0
2020-03-16 00:00:00-04:00,221.00850006335853,235.4137326543231,217.507999431992,219.7897491455078,297240000,0.0,0.0,0.0
2020-03-17 00:00:00-04:00,224.54568810052052,234.74483150463524,217.24228444804106,231.65667724609375,262070500,0.0,0.0,0.0
2020-03-18 00:00:00-04:00,216.49086785316467,227.59718853589922,208.94920047757623,219.92723083496094,327597100,0.0,0.0,0.0
2020-03-19 00:00:00-04:00,219.23994888867023,226.6899879899135,212.79791514547082,220.39456176757812,289322000,0.0,0.0,0.0
2020-03-20 00:00:00-04:00,223.55246866918182,225.34066945746974,210.62029170829544,210.89682006835938,347158800,1.406,0.0,0.0
2020-03-23 00:00:00-04:00,210.3345937579703,211.7079952536431,201.18158896992057,205.50460815429688,326025200,0.0,0.0,0.0
2020-03-24 00:00:00-04:00,216.0770724853135,224.9996379339709,215.50559082451886,224.12396240234375,235494500,0.0,0.0,0.0
2020-03-25 00:00:00-04:00,225.7093944461487,236.29111690961022,220.99002898483698,227.47915649414062,299430300,0.0,0.0,0.0
2020-03-26 00:00:00-04:00,229.99555681218766,242.23640785401722,229.56233225861644,240.76162719726562,257632800,0.0,0.0,0.0
2020-03-27 00:00:00-04:00,233.4521053910937,240.40210846129074,231.40581506771846,233.59036254882812,224341200,0.0,0.0,0.0
2020-03-30 00:00:00-04:00,235.6920001467687,241.89538760446962,233.69179985401286,241.17642211914062,171369500,0.0,0.0,0.0
2020-03-31 00:00:00-04:00,240.17164803132644,242.72489040419927,236.17124857366713,237.58152770996094,194881100,0.0,0.0,0.0
2020-04-01 00:00:00-04:00,228.57599808668647,237.49856245983253,224.8152492085653,226.88919067382812,189554600,0.0,0.0,0.0
2020-04-02 00:00:00-04:00,226.00438393858838,232.90829768617476,225.45132709110598,232.12481689453125,177660400,0.0,0.0,0.0
2020-04-03 00:00:00-04:00,231.13853345958904,233.49823046553024,226.03203341339525,228.76963806152344,135561200,0.0,0.0,0.0
2020-04-06 00:00:00-04:00,237.66454927216523,246.10780157051582,228.75120848358827,244.13523864746094,188061200,0.0,0.0,0.0
2020-04-07 00:00:00-04:00,252.75360518538102,253.50944856794666,244.16289802105632,244.3841094970703,201427200,0.0,0.0,0.0
2020-04-08 00:00:00-04:00,246.9926062661609,254.40349866889994,244.49466674610764,252.587646484375,153774500,0.0,0.0,0.0
2020-04-09 00:00:00-04:00,255.85991711221806,259.1966831027809,253.91503382352957,256.4314270019531,189999200,0.0,0.0,0.0
2020-04-13 00:00:00-04:00,255.45433661391547,255.79538031823733,250.1726880682887,254.0901336669922,114839100,0.0,0.0,0.0
2020-04-14 00:00:00-04:00,258.99386373886557,262.6071155005401,253.9518796282053,261.583984375,134143400,0.0,0.0,0.0
2020-04-15 00:00:00-04:00,255.8506827589529,261.72223788702536,253.90577161399165,256.02581787109375,121775000,0.0,0.0,0.0
2020-04-16 00:00:00-04:00,257.3070931988661,258.1182395479549,254.18236820594646,257.2610168457031,131798300,0.0,0.0,0.0
2020-04-17 00:00:00-04:00,263.04955166649506,264.8192994942426,260.30272098283615,264.2109680175781,146684800,0.0,0.0,0.0
2020-04-20 00:00:00-04:00,260.4962680372042,264.34921201872885,259.3348798735403,259.55609130859375,100109300,0.0,0.0,0.0
2020-04-21 00:00:00-04:00,255.07643798748308,256.2839308424409,250.73496586689225,251.6751708984375,126385700,0.0,0.0,0.0
2020-04-22 00:00:00-04:00,256.5697027704081,259.0123402105221,255.2423774954704,257.2610168457031,92951600,0.0,0.0,0.0
2020-04-23 00:00:00-04:00,258.5421661535463,261.7222212725069,256.93832694379256,257.24249267578125,104709700,0.0,0.0,0.0
2020-04-24 00:00:00-04:00,258.76340983468236,261.50101398459896,256.7078930598151,260.828125,85063200,0.0,0.0,0.0
2020-04-27 00:00:00-04:00,262.80992311396216,265.7134362590303,262.349047118566,264.5888977050781,77896600,0.0,0.0,0.0
2020-04-28 00:00:00-04:00,268.24823990021906,268.59851013874606,263.0679984895078,263.3721923828125,105270000,0.0,0.0,0.0
2020-04-29 00:00:00-04:00,268.7183093826725,271.8061836334451,267.6859518357042,270.266845703125,118745600,0.0,0.0,0.0
2020-04-30 00:00:00-04:00,268.88428635062775,270.3683217990801,266.0084244155675,267.75054931640625,122901700,0.0,0.0,0.0
2020-05-01 00:00:00-04:00,262.9850361402211,267.91641450243395,259.49158851242345,260.6622314453125,125180000,0.0,0.0,0.0
2020-05-04 00:00:00-04:00,258.7726214184617,261.6853608206869,257.28861435013727,261.3811950683594,80873200,0.0,0.0,0.0
2020-05-05 00:00:00-04:00,264.21100325960634,266.61676244530474,261.510248557089,263.79620361328125,79569900,0.0,0.0,0.0
2020-05-06 00:00:00-04:00,265.5014124986934,265.88853252564763,261.57474059035235,262.0079650878906,73632600,0.0,0.0,0.0
2020-05-07 00:00:00-04:00,265.2341155672962,267.105270843854,264.6626338763726,265.1695861816406,75250400,0.0,0.0,0.0
2020-05-08 00:00:00-04:00,268.312788587313,270.0272619493122,267.1790234909967,269.5571594238281,76452400,0.0,0.0,0.0
2020-05-11 00:00:00-04:00,267.6214695999542,270.9950852614183,267.1974715605378,269.6124572753906,79514200,0.0,0.0,0.0
2020-05-12 00:00:00-04:00,270.80154820858723,271.21631976182334,264.1003926644628,264.2386779785156,95870800,0.0,0.0,0.0
2020-05-13 00:00:00-04:00,263.6763746932957,264.71795895334134,257.13192987174455,259.56536865234375,144721100,0.0,0.0,0.0
2020-05-14 00:00:00-04:00,257.1226947425799,262.8006614934409,251.62903335784046,262.671630859375,121977900,0.0,0.0,0.0
2020-05-15 00:00:00-04:00,260.27503664436966,263.9251656910274,259.3256334688875,263.87908935546875,111146300,0.0,0.0,0.0
2020-05-18 00:00:00-04:00,270.11938163455005,273.52987489861954,269.7967909749408,271.91680908203125,119703800,0.0,0.0,0.0
2020-05-19 00:00:00-04:00,271.31764460727464,273.032089431891,269.1054459405045,269.1238708496094,95189300,0.0,0.0,0.0
2020-05-20 00:00:00-04:00,272.6726696151671,274.5622498678464,272.44223162680925,273.69580078125,85861700,0.0,0.0,0.0
2020-05-21 00:00:00-04:00,273.56673222395926,274.37787833131114,270.70929593838184,271.8061828613281,78293900,0.0,0.0,0.0
2020-05-22 00:00:00-04:00,271.5204680309544,272.49752280932586,270.2760973212516,272.3223876953125,63958200,0.0,0.0,0.0
2020-05-26 00:00:00-04:00,278.304519053477,278.54418352711934,272.34078367877794,275.6775207519531,88951400,0.0,0.0,0.0
2020-05-27 00:00:00-04:00,278.4796843331706,279.81623586309064,273.6404867746573,279.77935791015625,104817400,0.0,0.0,0.0
2020-05-28 00:00:00-04:00,280.81175077314896,282.83038997252385,278.5903250016566,279.2632141113281,90405200,0.0,0.0,0.0
2020-05-29 00:00:00-04:00,278.79312538599464,281.0975055789317,276.03709567672706,280.5075988769531,119090800,0.0,0.0,0.0
2020-06-01 00:00:00-04:00,279.86232187865164,282.2496560477979,279.3461430382761,281.64129638671875,55758300,0.0,0.0,0.0
2020-06-02 00:00:00-04:00,282.56313938015205,284.01952367947894,281.22661550303377,283.9734191894531,74267200,0.0,0.0,0.0
2020-06-03 00:00:00-04:00,285.9642711705765,288.71110167795837,285.687756880747,287.7524719238281,92567600,0.0,0.0,0.0
2020-06-04 00:00:00-04:00,286.76617461038785,288.50829892721924,284.8950196754381,286.9966125488281,75794400,0.0,0.0,0.0
2020-06-05 00:00:00-04:00,292.4074419234577,296.13130032112196,292.3429125224497,294.3523254394531,150524700,0.0,0.0,0.0
2020-06-08 00:00:00-04:00,295.16338657068064,298.10377730263014,294.619556339926,297.91021728515625,73641200,0.0,0.0,0.0
2020-06-09 00:00:00-04:00,295.2371651487596,297.9839963359164,294.37071598669127,295.6888427734375,77479200,0.0,0.0,0.0
2020-06-10 00:00:00-04:00,296.269500797197,297.1636012434189,293.3198835377999,294.0388488769531,95000800,0.0,0.0,0.0
2020-06-11 00:00:00-04:00,287.088843490775,287.72485456232124,276.5348009447045,277.08782958984375,209243600,0.0,0.0,0.0
2020-06-12 00:00:00-04:00,284.1207249893797,284.8949930145261,275.2350535420659,280.40606689453125,194678900,0.0,0.0,0.0
2020-06-15 00:00:00-04:00,274.70047715474163,284.157660169738,273.52063590787077,283.0238952636719,135782700,0.0,0.0,0.0
2020-06-16 00:00:00-04:00,290.79420655998206,290.9416901923818,283.59532877312574,288.47137451171875,137627500,0.0,0.0,0.0
2020-06-17 00:00:00-04:00,289.4946495120501,289.78961689513534,286.53580541924,287.2732238769531,83398900,0.0,0.0,0.0
2020-06-18 00:00:00-04:00,285.7523591124386,287.8631510321055,285.29148309213133,287.38385009765625,80828700,0.0,0.0,0.0
2020-06-19 00:00:00-04:00,290.86120433450185,291.0556161654006,283.78801540239226,285.7414855957031,135549600,1.366,0.0,0.0
2020-06-22 00:00:00-04:00,285.13961370398266,287.9725840908727,283.9916207573374,287.5744934082031,74649400,0.0,0.0,0.0
2020-06-23 00:00:00-04:00,290.2316035682341,291.16667889130184,288.4910796317382,288.8984375,68471200,0.0,0.0,0.0
2020-06-24 00:00:00-04:00,286.8523262733006,287.4726300192713,279.68658192039317,281.5289306640625,132813500,0.0,0.0,0.0
2020-06-25 00:00:00-04:00,280.95497926839084,284.8156113948789,278.9274573121908,284.547119140625,89468000,0.0,0.0,0.0
2020-06-26 00:00:00-04:00,283.4454293499117,283.658375397714,277.2054913993457,277.7887268066406,127961000,0.0,0.0,0.0
2020-06-29 00:00:00-04:00,279.047817644744,282.0103865578384,276.75180342802395,281.87152099609375,79773300,0.0,0.0,0.0
2020-06-30 00:00:00-04:00,281.436430863935,287.185720234363,281.27905928895206,285.4822082519531,113394800,0.0,0.0,0.0
2020-07-01 00:00:00-04:00,286.60243281239894,288.75031447900784,286.1395287421861,287.48193359375,72396500,0.0,0.0,0.0
2020-07-02 00:00:00-04:00,290.92591848242125,292.27761860525646,288.3984805369268,289.0650634765625,69344200,0.0,0.0,0.0
2020-07-06 00:00:00-04:00,292.89792305234755,294.1107294816476,292.1480207030375,293.5274658203125,61713800,0.0,0.0,0.0
2020-07-07 00:00:00-04:00,291.9813289550433,293.96254336558655,290.1204458505552,290.5000305175781,82910000,0.0,0.0,0.0
2020-07-08 00:00:00-04:00,291.268429066026,292.8330467804831,289.5001607234168,292.7219543457031,54638600,0.0,0.0,0.0
2020-07-09 00:00:00-04:00,293.33305266183123,293.5737718234087,287.6300710323036,291.0555725097656,83354200,0.0,0.0,0.0
2020-07-10 00:00:00-04:00,290.9907250034386,294.29586651217585,289.5557338319014,294.0273742675781,57550400,0.0,0.0,0.0
2020-07-13 00:00:00-04:00,296.3789785176982,298.76755120134084,290.82412941270053,291.4814453125,102997500,0.0,0.0,0.0
2020-07-14 00:00:00-04:00,290.0556928166949,296.03643402926104,288.8521534785703,295.2587585449219,93657000,0.0,0.0,0.0
2020-07-15 00:00:00-04:00,298.48985541358394,299.07311915926357,295.5828038092208,297.9714050292969,87196500,0.0,0.0,0.0
2020-07-16 00:00:00-04:00,296.0642429732671,297.443688293604,295.4161658645114,296.99005126953125,54622500,0.0,0.0,0.0
2020-07-17 00:00:00-04:00,297.9991153522291,298.6379252006533,296.01787245922196,297.8509826660156,62774900,0.0,0.0,0.0
2020-07-20 00:00:00-04:00,297.5825789477681,301.008081233789,296.83267642491654,300.2581787109375,56308800,0.0,0.0,0.0
2020-07-21 00:00:00-04:00,302.2300162929496,302.6743860263427,299.9062292995547,300.8968505859375,57292200,0.0,0.0,0.0
2020-07-22 00:00:00-04:00,300.5358483657845,302.9244493039815,300.4247559041797,302.6096496582031,57792900,0.0,0.0,0.0
2020-07-23 00:00:00-04:00,302.2485885751996,302.9522118119583,297.62881493687297,298.9989929199219,75738000,0.0,0.0,0.0
2020-07-24 00:00:00-04:00,297.13814709374793,298.10096725984846,295.56426188414656,297.0733337402344,73766600,0.0,0.0,0.0
2020-07-27 00:00:00-04:00,297.7677447223166,299.4156824584517,296.9715348479527,299.2397766113281,48293000,0.0,0.0,0.0
2020-07-28 00:00:00-04:00,298.50832649407437,299.62857474108495,297.0455619923725,297.3418273925781,57495000,0.0,0.0,0.0
2020-07-29 00:00:00-04:00,298.22129402344734,301.56347588194586,298.1842537893127,300.99871826171875,48454200,0.0,0.0,0.0
2020-07-30 00:00:00-04:00,298.0176724547983,300.34146022234614,295.9253650050639,299.9248352050781,61861700,0.0,0.0,0.0
2020-07-31 00:00:00-04:00,301.72086431902517,302.39671442605913,297.4899143784568,302.29486083984375,84986800,0.0,0.0,0.0
2020-08-03 00:00:00-04:00,303.9612924452629,305.1648315561878,303.41506911009435,304.39642333984375,53077900,0.0,0.0,0.0
2020-08-04 00:00:00-04:00,303.5354458801942,305.5722351074219,303.5354458801942,305.5722351074219,41917900,0.0,0.0,0.0
2020-08-05 00:00:00-04:00,306.87762078191065,307.7293766896875,306.6091285143018,307.4701232910156,42697700,0.0,0.0,0.0
2020-08-06 00:00:00-04:00,306.8868905622747,309.6457807205977,306.5628520645501,309.5254211425781,43679400,0.0,0.0,0.0
2020-08-07 00:00:00-04:00,308.5533496810777,310.03464842255073,307.64604749173736,309.7476501464844,57308300,0.0,0.0,0.0
2020-08-10 00:00:00-04:00,310.2012297524352,310.858545528964,308.25702727961016,310.67340087890625,44282100,0.0,0.0,0.0
2020-08-11 00:00:00-04:00,311.8584877954249,312.4972976931631,307.37757964188273,308.10894775390625,69601100,0.0,0.0,0.0
2020-08-12 00:00:00-04:00,310.5531380408862,313.1824302193306,310.5253649220565,312.4047546386719,53774400,0.0,0.0,0.0
2020-08-13 00:00:00-04:00,311.6362868847087,313.15462590528705,310.914157613645,311.8399658203125,41816100,0.0,0.0,0.0
2020-08-14 00:00:00-04:00,311.4511828815912,312.3862583335739,310.7197863918197,311.8492736816406,47260400,0.0,0.0,0.0
2020-08-17 00:00:00-04:00,312.86758634482084,313.2379039279469,311.8584589230985,312.8398132324219,35481000,0.0,0.0,0.0
2020-08-18 00:00:00-04:00,313.23792663760884,313.94154987395524,311.6362683640285,313.51568603515625,38733900,0.0,0.0,0.0
2020-08-19 00:00:00-04:00,313.8952460130352,314.41369632346203,311.64553896028053,312.2102966308594,68054200,0.0,0.0,0.0
2020-08-20 00:00:00-04:00,310.4790311302615,313.6638136676709,310.34943267122867,313.1824035644531,42207800,0.0,0.0,0.0
2020-08-21 00:00:00-04:00,312.8490462492186,314.5154893183295,312.5064735624164,314.2933044433594,55106600,0.0,0.0,0.0
2020-08-24 00:00:00-04:00,316.7375468203444,317.55226268539195,314.2656543583868,317.47821044921875,48588700,0.0,0.0,0.0
2020-08-25 00:00:00-04:00,318.042826953343,318.67236962408947,316.87629981081636,318.58905029296875,38463400,0.0,0.0,0.0
2020-08-26 00:00:00-04:00,319.1816234759962,322.05160610805416,318.6354000636554,321.78314208984375,50790200,0.0,0.0,0.0
2020-08-27 00:00:00-04:00,322.65336125170194,323.9402197043757,320.8202512056413,322.4866943359375,58034100,0.0,0.0,0.0
2020-08-28 00:00:00-04:00,323.51438715103393,324.69942039778635,322.32008678211736,324.5697937011719,48588900,0.0,0.0,0.0
2020-08-31 00:00:00-04:00,324.3569219651967,325.2364228395973,323.1626214267345,323.3940734863281,66099200,0.0,0.0,0.0
2020-09-01 00:00:00-04:00,324.2272161769494,326.54173620841556,323.3291812746038,326.4399108886719,54908700,0.0,0.0,0.0
2020-09-02 00:00:00-04:00,328.35636271868754,332.13364723694355,327.2083414922187,331.16156005859375,69540000,0.0,0.0,0.0
2020-09-03 00:00:00-04:00,329.46731252773276,329.93948368334827,317.17258251896726,319.7648620605469,148011100,0.0,0.0,0.0
2020-09-04 00:00:00-04:00,320.44998861723474,322.02384556505757,310.02537950989625,317.15411376953125,139156300,0.0,0.0,0.0
2020-09-08 00:00:00-04:00,311.72882307371316,317.21888632629816,308.1829906456316,308.4884948730469,114465300,0.0,0.0,0.0
2020-09-09 00:00:00-04:00,312.50646272438405,317.0521831566143,311.6362009897093,314.5802917480469,91462300,0.0,0.0,0.0
2020-09-10 00:00:00-04:00,316.4597550247516,317.1170709136093,308.15525462087976,309.11810302734375,90569500,0.0,0.0,0.0
2020-09-11 00:00:00-04:00,310.904944314155,311.9696181887015,306.4425416101873,309.2755126953125,84680200,0.0,0.0,0.0
2020-09-14 00:00:00-04:00,312.45105533407906,315.1266550643352,309.42367215882376,313.3490905761719,65605700,0.0,0.0,0.0
2020-09-15 00:00:00-04:00,315.8116601824572,316.64488183662957,313.3582743243969,314.9321594238281,52920900,0.0,0.0,0.0
2020-09-16 00:00:00-04:00,316.1726765792788,317.60766757560265,313.4044916443148,313.6822509765625,82096000,0.0,0.0,0.0
2020-09-17 00:00:00-04:00,308.81258977020724,312.64544938955055,308.28487230028173,310.9234313964844,91523300,0.0,0.0,0.0
2020-09-18 00:00:00-04:00,311.7311184298016,311.84265557573474,304.8527202209257,307.34381103515625,105877900,1.339,0.0,0.0
2020-09-21 00:00:00-04:00,302.7427147128919,304.07191289668066,299.0525430766527,303.9231872558594,99450800,0.0,0.0,0.0
2020-09-22 00:00:00-04:00,305.4104827833405,307.5762383546096,302.8914789163634,307.0185241699219,63612100,0.0,0.0,0.0
2020-09-23 00:00:00-04:00,307.5762671377892,307.8551384394909,299.39655288531276,299.89849853515625,93112200,0.0,0.0,0.0
2020-09-24 00:00:00-04:00,298.5785542052481,303.7652309903187,297.2586315522572,300.6978454589844,76681300,0.0,0.0,0.0
2020-09-25 00:00:00-04:00,299.8426692481497,306.3492684548765,298.9689520233032,305.5592041015625,71069400,0.0,0.0,0.0
2020-09-28 00:00:00-04:00,309.73267808300886,311.3500234799147,308.7380912248232,310.6343078613281,64584600,0.0,0.0,0.0
2020-09-29 00:00:00-04:00,310.4297633377438,311.1733631231636,308.2453999641169,308.9425354003906,51304000,0.0,0.0,0.0
2020-09-30 00:00:00-04:00,309.6118308382536,314.44531523436564,309.41664083080235,311.28497314453125,104081100,0.0,0.0,0.0
2020-10-01 00:00:00-04:00,313.8875951945023,314.86357357981365,311.3965044009991,313.2834167480469,88698700,0.0,0.0,0.0
2020-10-02 00:00:00-04:00,308.3198450119104,313.2555627207702,307.8457837333298,310.3089904785156,89431100,0.0,0.0,0.0
2020-10-05 00:00:00-04:00,312.3724327990903,315.99753126423565,312.3259684516126,315.8116455078125,45713100,0.0,0.0,0.0
2020-10-06 00:00:00-04:00,315.9511338783172,318.0518447733549,310.81092215803676,311.3221435546875,90128900,0.0,0.0,0.0
2020-10-07 00:00:00-04:00,314.28728027464444,317.5498836075038,314.2593959883173,316.7412109375,56999600,0.0,0.0,0.0
2020-10-08 00:00:00-04:00,318.68386814784026,319.6133821115986,317.7636300344893,319.5483093261719,45242500,0.0,0.0,0.0
2020-10-09 00:00:00-04:00,321.2029571922312,322.8667957212577,320.5801985004531,322.40203857421875,59528600,0.0,0.0,0.0
2020-10-12 00:00:00-04:00,324.9488974185187,329.0666389175514,324.4562559792047,327.5887145996094,80388500,0.0,0.0,0.0
2020-10-13 00:00:00-04:00,327.4492554856305,327.62586544984794,324.4841029704284,325.4508056640625,73255500,0.0,0.0,0.0
2020-10-14 00:00:00-04:00,326.02712076253164,327.1239407614078,322.6715879609213,323.4058837890625,57727900,0.0,0.0,0.0
2020-10-15 00:00:00-04:00,319.48335837720754,323.4895628194693,318.94425255390377,323.0062255859375,60357700,0.0,0.0,0.0
2020-10-16 00:00:00-04:00,324.3632161877111,326.0270542862086,322.6343336640178,322.8109436035156,89501900,0.0,0.0,0.0
2020-10-19 00:00:00-04:00,324.07509628990033,324.7071590913862,317.00150736477167,317.90313720703125,68425600,0.0,0.0,0.0
2020-10-20 00:00:00-04:00,319.25089283338775,322.42984341706637,318.488712858615,319.1765441894531,60051900,0.0,0.0,0.0
2020-10-21 00:00:00-04:00,319.1301040505876,321.3051922836969,318.2656626356345,318.5724182128906,63575000,0.0,0.0,0.0
2020-10-22 00:00:00-04:00,318.78616207591807,320.9054531842077,316.63898667803994,320.3198547363281,55399300,0.0,0.0,0.0
2020-10-23 00:00:00-04:00,321.5467700590093,321.60253862948804,318.94414221494844,321.4073486328125,49143900,0.0,0.0,0.0
2020-10-26 00:00:00-04:00,318.0147250392189,318.8048178502361,311.9635780013349,315.4678649902344,91473000,0.0,0.0,0.0
2020-10-27 00:00:00-04:00,315.8117699429827,316.1463814562945,314.16651156962877,314.38031005859375,65994100,0.0,0.0,0.0
2020-10-28 00:00:00-04:00,308.6915986065958,314.4081039135388,303.142399008184,303.6350402832031,127094300,0.0,0.0,0.0
2020-10-29 00:00:00-04:00,303.86742404075585,309.8999608015689,302.175701758934,306.7210388183594,90597700,0.0,0.0,0.0
2020-10-30 00:00:00-04:00,305.14093580000946,306.4515542919595,299.86130168623475,303.5235900878906,120287300,0.0,0.0,0.0
2020-11-02 00:00:00-05:00,306.9255676269531,308.9332931234276,304.17418546293266,306.9255676269531,86068300,0.0,0.0,0.0
2020-11-03 00:00:00-05:00,310.1696056334392,314.40818825230804,307.009262925198,312.34466552734375,93294200,0.0,0.0,0.0
2020-11-04 00:00:00-05:00,316.83419775911113,323.4151742045212,315.6537249327258,319.3253173828125,126959700,0.0,0.0,0.0
2020-11-05 00:00:00-05:00,324.6235253644289,327.3656035607772,324.2703054349714,325.55303955078125,82039700,0.0,0.0,0.0
2020-11-06 00:00:00-05:00,325.2648392554505,326.7334873150784,323.1455483916412,325.4786376953125,74973000,0.0,0.0,0.0
2020-11-09 00:00:00-05:00,338.3152429134803,338.69634709260697,329.1037549200316,329.5685119628906,172304200,0.0,0.0,0.0
2020-11-10 00:00:00-05:00,328.57392479394076,330.1448058667429,325.80399097551134,329.0851745605469,85552000,0.0,0.0,0.0
2020-11-11 00:00:00-05:00,331.2787982108576,332.3570379013313,330.03325280113376,331.52978515625,58649000,0.0,0.0,0.0
2020-11-12 00:00:00-05:00,330.5166034949924,331.5762631602293,326.5011242351162,328.31365966796875,67546200,0.0,0.0,0.0
2020-11-13 00:00:00-05:00,330.2284679699451,333.6026087311802,329.7079423371588,332.8590087890625,62892200,0.0,0.0,0.0
2020-11-16 00:00:00-05:00,335.53599207967227,337.20910602355747,334.2439539338636,337.013916015625,74541100,0.0,0.0,0.0
2020-11-17 00:00:00-05:00,334.5971765162108,336.40974027550243,333.0820640633753,335.20135498046875,66111000,0.0,0.0,0.0
2020-11-18 00:00:00-05:00,335.47098329337155,336.01939328368303,331.13013936912824,331.1673278808594,70591300,0.0,0.0,0.0
2020-11-19 00:00:00-05:00,330.53528068591817,332.9334150256051,329.1874736453594,332.5616149902344,59940900,0.0,0.0,0.0
2020-11-20 00:00:00-05:00,332.301298850092,332.5057930917374,330.20989207411236,330.28424072265625,70417300,0.0,0.0,0.0
2020-11-23 00:00:00-05:00,332.0968238948421,333.5282836694918,329.85669132516,332.2641296386719,63230600,0.0,0.0,0.0
2020-11-24 00:00:00-05:00,334.82031711721845,338.1665740612137,333.9651798999618,337.6181640625,62415900,0.0,0.0,0.0
2020-11-25 00:00:00-05:00,337.53452910152424,337.5624133955992,336.00083619435185,337.09765625,45330900,0.0,0.0,0.0
2020-11-27 00:00:00-05:00,338.19447004718523,338.51050149636137,337.0232729846608,338.0364685058594,28514100,0.0,0.0,0.0
2020-11-30 00:00:00-05:00,337.25563273127324,337.52519979831504,333.8536356408467,336.5399169921875,83872700,0.0,0.0,0.0
2020-12-01 00:00:00-05:00,339.8025607663094,341.7638223886406,339.20765797858115,340.2208251953125,74231400,0.0,0.0,0.0
2020-12-02 00:00:00-05:00,339.1053186103433,341.09446390376803,338.52902444464564,340.93646240234375,45927000,0.0,0.0,0.0
2020-12-03 00:00:00-05:00,340.83423215842737,342.23780756286345,339.7374123001427,340.8435363769531,62882000,0.0,0.0,0.0
2020-12-04 00:00:00-05:00,341.4291227207132,343.7807922363281,341.33616563830765,343.7807922363281,50749900,0.0,0.0,0.0
2020-12-07 00:00:00-05:00,343.00926802818253,343.56698213719176,341.8009110974276,343.0743408203125,48944300,0.0,0.0,0.0
2020-12-08 00:00:00-05:00,341.8009261774338,344.6452370556998,341.75446181901555,344.0782470703125,42458900,0.0,0.0,0.0
2020-12-09 00:00:00-05:00,344.73818917160975,344.89619068117054,340.1556915300474,340.99224853515625,74098300,0.0,0.0,0.0
2020-12-10 00:00:00-05:00,339.6166441082862,341.93112569835114,338.7428983741802,340.88079833984375,57735400,0.0,0.0,0.0
2020-12-11 00:00:00-05:00,339.17970394397395,340.890006557245,337.65531550527345,340.48101806640625,57698600,0.0,0.0,0.0
2020-12-14 00:00:00-05:00,342.65611106329436,343.73432251850494,338.78002456304864,338.9566345214844,69216200,0.0,0.0,0.0
2020-12-15 00:00:00-05:00,341.5034246498197,343.5390625,340.12776213787265,343.5390625,63865300,0.0,0.0,0.0
2020-12-16 00:00:00-05:00,343.7529114618271,344.99845695254,342.86986171972654,344.0782470703125,58420500,0.0,0.0,0.0
2020-12-17 00:00:00-05:00,345.7234459596987,346.2067830368827,344.89616486814447,346.0022888183594,64119500,0.0,0.0,0.0
2020-12-18 00:00:00-05:00,346.29178053141106,346.45979946548607,342.6045369381485,344.620849609375,136542300,1.58,0.0,0.0
2020-12-21 00:00:00-05:00,340.690848610834,353.2834348654009,337.9464259916311,343.3885803222656,96386700,0.0,0.0,0.0
2020-12-22 00:00:00-05:00,343.7153793642553,343.8273919879839,341.6804074000063,342.8099060058594,47949000,0.0,0.0,0.0
2020-12-23 00:00:00-05:00,343.7806801753628,345.0315351063921,342.79119749130325,343.117919921875,46201400,0.0,0.0,0.0
2020-12-24 00:00:00-05:00,343.5939480483956,344.4807619388975,343.00588190186073,344.4527587890625,26457900,0.0,0.0,0.0
2020-12-28 00:00:00-05:00,347.01047928251126,347.8039398547463,346.38506609890993,347.4118957519531,39000400,0.0,0.0,0.0
2020-12-29 00:00:00-05:00,348.94279009754194,349.1201528820118,346.1610203351437,346.7491149902344,53680500,0.0,0.0,0.0
2020-12-30 00:00:00-05:00,347.57058839397877,348.2800395515808,346.85182184412906,347.2438659667969,49455300,0.0,0.0,0.0
2020-12-31 00:00:00-05:00,347.0478117815803,349.7362280379204,346.5344112202723,349.00811767578125,78520700,0.0,0.0,0.0
2021-01-04 00:00:00-05:00,350.3430619269125,350.4737623105082,340.5509025860983,344.2568054199219,110210800,0.0,0.0,0.0
2021-01-05 00:00:00-05:00,343.6126060725276,347.7198957883801,343.5659151685521,346.6277160644531,66426200,0.0,0.0,0.0
2021-01-06 00:00:00-05:00,345.1155577412507,351.9019495167134,344.56481007436986,348.7001037597656,107997700,0.0,0.0,0.0
2021-01-07 00:00:00-05:00,351.0804608432896,354.6276595774134,350.90309805783966,353.8808898925781,68766800,0.0,0.0,0.0
2021-01-08 00:00:00-05:00,355.2717446185085,356.1118675981628,352.0139214197947,355.8971862792969,71677200,0.0,0.0,0.0
2021-01-11 00:00:00-05:00,352.7140522127588,355.2624244716988,352.5926957266306,353.4981689453125,51034700,0.0,0.0,0.0
2021-01-12 00:00:00-05:00,353.68488655633377,354.5903313155894,351.32316391848667,353.5728454589844,52547700,0.0,0.0,0.0
2021-01-13 00:00:00-05:00,353.4981946346309,355.52382255240764,352.7140778450941,354.5250244140625,45303600,0.0,0.0,0.0
2021-01-14 00:00:00-05:00,355.27178711492945,355.7758723579935,352.94743994612014,353.2834777832031,49989100,0.0,0.0,0.0
2021-01-15 00:00:00-05:00,351.6592279506471,352.46200397474826,348.8401394989429,350.70709228515625,107160000,0.0,0.0,0.0
2021-01-19 00:00:00-05:00,353.1715010243876,354.0023087961402,351.68727678504865,353.46087646484375,51233300,0.0,0.0,0.0
2021-01-20 00:00:00-05:00,355.7571726966947,359.19238745633976,355.36512856654605,358.3522644042969,61836100,0.0,0.0,0.0
2021-01-21 00:00:00-05:00,358.91229363565395,359.3417132448048,357.7547921391025,358.6789245605469,47840100,0.0,0.0,0.0
2021-01-22 00:00:00-05:00,356.82129871151545,358.5762386300744,356.4385700282183,357.4093933105469,52860500,0.0,0.0,0.0
2021-01-25 00:00:00-05:00,358.1468656490129,359.1736667921993,353.2834336002094,358.8189697265625,70402000,0.0,0.0,0.0
2021-01-26 00:00:00-05:00,359.77113832425107,360.1818702142021,358.0255420356784,358.2589111328125,42665300,0.0,0.0,0.0
2021-01-27 00:00:00-05:00,354.9264257168376,355.0197790616294,347.2625918497044,349.5029296875,123351100,0.0,0.0,0.0
2021-01-28 00:00:00-05:00,351.32316424973817,356.5226346350152,350.884457689655,352.5086975097656,94198100,0.0,0.0,0.0
2021-01-29 00:00:00-05:00,350.6416943635997,351.61251765674365,343.7712942322162,345.4515686035156,126765100,0.0,0.0,0.0
2021-02-01 00:00:00-05:00,348.8587477068479,352.2379271972738,345.74094042873577,351.2017822265625,75817600,0.0,0.0,0.0
2021-02-02 00:00:00-05:00,354.3942778932452,357.7267951804312,351.2858142934959,356.1678771972656,64450700,0.0,0.0,0.0
2021-02-03 00:00:00-05:00,356.99865405501225,358.17484322861526,355.16904860852287,356.4479064941406,52427100,0.0,0.0,0.0
2021-02-04 00:00:00-05:00,357.48409816801393,360.54589948348286,356.5599656893547,360.4992370605469,47142600,0.0,0.0,0.0
2021-02-05 00:00:00-05:00,362.3755135819587,362.62754192923927,360.45255466954404,361.9180908203125,48669800,0.0,0.0,0.0
2021-02-08 00:00:00-05:00,363.3743303003986,364.57852277431755,362.5155480071299,364.5318603515625,38365200,0.0,0.0,0.0
2021-02-09 00:00:00-05:00,363.69168503335237,364.88656203696013,363.2809816726569,364.28912353515625,35551100,0.0,0.0,0.0
2021-02-10 00:00:00-05:00,366.03476248455763,366.18412212748876,361.7221060618875,364.1304626464844,59154400,0.0,0.0,0.0
2021-02-11 00:00:00-05:00,365.213277702474,365.63335345454,362.28217677979495,364.7185363769531,42913300,0.0,0.0,0.0
2021-02-12 00:00:00-05:00,363.9157044935719,366.76279552601454,363.84101044415263,366.5201110839844,50593300,0.0,0.0,0.0
2021-02-16 00:00:00-05:00,367.7523022937143,367.94835282080294,365.48396180113076,366.2027282714844,50972400,0.0,0.0,0.0
2021-02-17 00:00:00-05:00,364.44788498672773,366.5388631006353,363.4303705960935,366.2868347167969,52290600,0.0,0.0,0.0
2021-02-18 00:00:00-05:00,363.67304193930454,365.47464442889515,361.9461050220427,364.7278747558594,59712800,0.0,0.0,0.0
2021-02-19 00:00:00-05:00,365.9880704358901,366.2774458183221,363.6356918594277,364.0837707519531,83241000,0.0,0.0,0.0
2021-02-22 00:00:00-05:00,361.3113283443458,363.7010253533057,361.01260909636693,361.2833251953125,67414200,0.0,0.0,0.0
2021-02-23 00:00:00-05:00,359.0709767740869,363.075597852257,354.9076806868084,361.7220458984375,107284100,0.0,0.0,0.0
2021-02-24 00:00:00-05:00,360.62989435018375,366.1374274308675,359.64041172948737,365.7080078125,72433900,0.0,0.0,0.0
2021-02-25 00:00:00-05:00,364.438532027057,365.810743501983,355.4491495573829,356.8960266113281,146670500,0.0,0.0,0.0
2021-02-26 00:00:00-05:00,358.78168889571384,359.92984672810377,353.0688174261953,355.0570983886719,152701600,0.0,0.0,0.0
2021-03-01 00:00:00-05:00,359.9391348464769,364.9145796408334,355.2530939230072,363.6636962890625,105348800,0.0,0.0,0.0
2021-03-02 00:00:00-05:00,363.8877903335086,364.12115944200514,360.3219035186955,360.82598876953125,79595300,0.0,0.0,0.0
2021-03-03 00:00:00-05:00,360.12582613870484,361.0966209700066,355.9438421012048,356.0465393066406,119940200,0.0,0.0,0.0
2021-03-04 00:00:00-05:00,355.8598051821406,358.4548679302634,347.1411407192038,351.6405029296875,183433000,0.0,0.0,0.0
2021-03-05 00:00:00-05:00,355.15045563009375,359.1644216094542,347.8506911653114,358.1095886230469,152039600,0.0,0.0,0.0
2021-03-08 00:00:00-05:00,359.071052665303,361.8901412730423,356.04659810021576,356.3266296386719,123149200,0.0,0.0,0.0
2021-03-09 00:00:00-05:00,360.1818364281521,363.97174793111003,359.67775124914425,361.4140319824219,113633600,0.0,0.0,0.0
2021-03-10 00:00:00-05:00,363.7663934988811,365.3626300474982,362.3475197320477,363.6636962890625,109899400,0.0,0.0,0.0
2021-03-11 00:00:00-05:00,366.1374442709955,369.3299174808508,365.68002148147286,367.3509521484375,86245000,0.0,0.0,0.0
2021-03-12 00:00:00-05:00,365.9881245925847,367.98574941488704,365.17600462575217,367.8457336425781,64653600,0.0,0.0,0.0
2021-03-15 00:00:00-04:00,368.0976905345231,370.3007093782252,365.9507064763015,370.0393371582031,73427200,0.0,0.0,0.0
2021-03-16 00:00:00-04:00,370.6554678400284,371.36489050741085,368.7978304984493,369.5726318359375,73722500,0.0,0.0,0.0
2021-03-17 00:00:00-04:00,368.28439370276624,371.63557011212924,367.1362076288322,370.8327941894531,97959300,0.0,0.0,0.0
2021-03-18 00:00:00-04:00,368.237776582105,370.3287545797214,364.75589939193253,365.4373474121094,115349100,0.0,0.0,0.0
2021-03-19 00:00:00-04:00,365.1358077604027,366.71855219159096,362.57906016061924,364.7611999511719,113624500,1.278,0.0,0.0
2021-03-22 00:00:00-04:00,365.2762430701566,369.0598472746513,365.2200533338156,367.67376708984375,73778600,0.0,0.0,0.0
2021-03-23 00:00:00-04:00,367.0369263591319,368.48854216406016,363.9931918294677,364.7798767089844,90686600,0.0,0.0,0.0
2021-03-24 00:00:00-04:00,366.1846539544213,367.82358782761884,362.878691342001,362.9255065917969,97588600,0.0,0.0,0.0
2021-03-25 00:00:00-04:00,361.4833173294105,365.76325496649565,359.5353110691454,364.96722412109375,116128600,0.0,0.0,0.0
2021-03-26 00:00:00-04:00,366.1190902486819,371.25130490208966,365.519723579064,370.8486022949219,114409100,0.0,0.0,0.0
2021-03-29 00:00:00-04:00,369.36886439554,371.5697241805581,367.87977932756746,370.6612854003906,108107600,0.0,0.0,0.0
2021-03-30 00:00:00-04:00,369.3875943515062,370.35222281435466,368.07642444952893,369.67791748046875,76262200,0.0,0.0,0.0
2021-03-31 00:00:00-04:00,370.24917149456826,372.7403541757832,370.2210766312015,371.17633056640625,112734200,0.0,0.0,0.0
2021-04-01 00:00:00-04:00,373.11502193486143,375.2409717344866,372.90898337676424,375.18475341796875,99682900,0.0,0.0,0.0
2021-04-05 00:00:00-04:00,377.8539124789563,381.1130603362482,377.77900235176537,380.5698547363281,91684800,0.0,0.0,0.0
2021-04-06 00:00:00-04:00,380.0079543326237,381.3940060302929,379.6707873110672,380.3450927734375,62021000,0.0,0.0,0.0
2021-04-07 00:00:00-04:00,380.17647612247123,381.13173016634283,379.71758377503375,380.78521728515625,55836300,0.0,0.0,0.0
2021-04-08 00:00:00-04:00,382.04016098431885,382.6489021342962,381.1036273441264,382.59271240234375,57863100,0.0,0.0,0.0
2021-04-09 00:00:00-04:00,382.4710055003902,385.54283484528173,382.34925154836947,385.3742370605469,61104600,0.0,0.0,0.0
2021-04-12 00:00:00-04:00,384.7748703761354,385.78631418087707,384.1661291967522,385.5147399902344,56704900,0.0,0.0,0.0
2021-04-13 00:00:00-04:00,385.4117103588361,387.28477774882987,385.02772811419857,386.65728759765625,56551000,0.0,0.0,0.0
2021-04-14 00:00:00-04:00,386.62924569566684,387.68753348891016,384.7936474046155,385.33685302734375,61659900,0.0,0.0,0.0
2021-04-15 00:00:00-04:00,387.48140564960147,389.747829555442,387.43459040151805,389.4762268066406,60229800,0.0,0.0,0.0
2021-04-16 00:00:00-04:00,390.76864065497745,391.3867562544257,389.34511988641407,390.77801513671875,82037300,0.0,0.0,0.0
2021-04-19 00:00:00-04:00,389.84150124750823,390.2910191020154,387.52826201872847,388.8581237792969,78498500,0.0,0.0,0.0
2021-04-20 00:00:00-04:00,387.64072918634827,388.7458322696934,384.53142994574625,386.01116943359375,81851800,0.0,0.0,0.0
2021-04-21 00:00:00-04:00,385.3929829340343,389.8696127711152,385.2524800177592,389.66357421875,66793000,0.0,0.0,0.0
2021-04-22 00:00:00-04:00,389.4950123134233,390.32851244037596,385.03710277731346,386.104736328125,97582800,0.0,0.0,0.0
2021-04-23 00:00:00-04:00,386.6666955199945,391.70525180773853,386.5917853934421,390.29107666015625,73209200,0.0,0.0,0.0
2021-04-26 00:00:00-04:00,390.94660972783475,391.67710483269894,390.35658895453304,391.1058044433594,52182400,0.0,0.0,0.0
2021-04-27 00:00:00-04:00,391.40552766202535,391.602220319812,389.87897313751233,391.02154541015625,51303100,0.0,0.0,0.0
2021-04-28 00:00:00-04:00,391.2931619528754,392.41701387986393,390.44091281471174,390.9091796875,51238900,0.0,0.0,0.0
2021-04-29 00:00:00-04:00,393.6438985618607,394.01850637036216,390.0101427998343,393.400390625,78544300,0.0,0.0,0.0
2021-04-30 00:00:00-04:00,391.1245628402862,391.97681191330355,389.9164263982354,390.81549072265625,85527000,0.0,0.0,0.0
2021-05-03 00:00:00-04:00,392.8103655499296,393.19434783827893,391.1620854940014,391.658447265625,68128300,0.0,0.0,0.0
2021-05-04 00:00:00-04:00,389.6635475057194,390.1599091777435,385.5428053216485,389.2420959472656,101591200,0.0,0.0,0.0
2021-05-05 00:00:00-04:00,390.89041549109834,391.12454890125105,388.8019351834701,389.3638610839844,60162200,0.0,0.0,0.0
2021-05-06 00:00:00-04:00,389.4387864991381,392.60427490167996,387.4252448088687,392.4731750488281,74321400,0.0,0.0,0.0
2021-05-07 00:00:00-04:00,393.24116839903866,395.9852054159455,392.55748847526587,395.3296203613281,67733800,0.0,0.0,0.0
2021-05-10 00:00:00-04:00,395.6855394478797,395.9102984191244,391.2931935400934,391.4149475097656,81852400,0.0,0.0,0.0
2021-05-11 00:00:00-04:00,386.882061695176,388.91432373758846,384.03499135856697,387.9216003417969,116888000,0.0,0.0,0.0
2021-05-12 00:00:00-04:00,385.1308094211373,386.4044816854546,378.3596596779323,379.68017578125,134811000,0.0,0.0,0.0
2021-05-13 00:00:00-04:00,381.2347627942497,386.1796593623134,381.1879189629342,384.24102783203125,106394000,0.0,0.0,0.0
2021-05-14 00:00:00-04:00,386.98499995571507,390.9933621968704,386.9569050939137,390.14111328125,82201600,0.0,0.0,0.0
2021-05-17 00:00:00-04:00,389.02674264587563,389.96327633452273,387.1255518204116,389.1484680175781,65129200,0.0,0.0,0.0
2021-05-18 00:00:00-04:00,389.41072188893645,389.6542298098184,385.63649201897573,385.79571533203125,59810200,0.0,0.0,0.0
2021-05-19 00:00:00-04:00,381.09429383699194,384.96215388896104,379.6051801496055,384.7842102050781,106467100,0.0,0.0,0.0
2021-05-20 00:00:00-04:00,385.66452829262204,390.18800162389465,385.5428029314172,388.9236755371094,78022200,0.0,0.0,0.0
2021-05-21 00:00:00-04:00,390.4128194386064,391.6584253302021,388.1464237708593,388.6053161621094,76578700,0.0,0.0,0.0
2021-05-24 00:00:00-04:00,390.8529912483548,393.64387210851635,390.6094833278582,392.5668640136719,51376700,0.0,0.0,0.0
2021-05-25 00:00:00-04:00,393.6532139010418,394.0091012947467,391.1152154711999,391.69586181640625,57451400,0.0,0.0,0.0
2021-05-26 00:00:00-04:00,392.2858568810516,392.9788826564934,391.2463182178888,392.4731750488281,43088600,0.0,0.0,0.0
2021-05-27 00:00:00-04:00,393.5033533975978,394.0184354690083,392.3982219773763,392.67919921875,56707700,0.0,0.0,0.0
2021-05-28 00:00:00-04:00,394.2527141343645,394.5149425078163,393.1476108877284,393.3817443847656,58520200,0.0,0.0,0.0
2021-06-01 00:00:00-04:00,395.75106785184676,395.89154219615915,392.5949537330821,393.0351257324219,54216600,0.0,0.0,0.0
2021-06-02 00:00:00-04:00,393.69066759286113,394.49610143827164,392.67922377059676,393.6531982421875,49097100,0.0,0.0,0.0
2021-06-03 00:00:00-04:00,391.33060472483857,393.334771942257,389.8602399847774,392.19219970703125,58138800,0.0,0.0,0.0
2021-06-04 00:00:00-04:00,394.046551239309,396.07884192817824,392.25776845640075,395.7791442871094,55938800,0.0,0.0,0.0
2021-06-07 00:00:00-04:00,395.7697493431614,395.94769302205015,394.45860795719597,395.3951416015625,51555000,0.0,0.0,0.0
2021-06-08 00:00:00-04:00,396.2567720889371,396.3504311779216,393.6438635649378,395.4794616699219,47134300,0.0,0.0,0.0
2021-06-09 00:00:00-04:00,396.3222689970968,396.39720768785315,394.66461486850045,394.8893737792969,48436300,0.0,0.0,0.0
2021-06-10 00:00:00-04:00,396.11626494663284,397.68028871902106,394.79574906929327,396.7250061035156,51020100,0.0,0.0,0.0
2021-06-11 00:00:00-04:00,397.27764075494946,397.4930252325909,395.98521956612944,397.3806457519531,45570800,0.0,0.0,0.0
2021-06-14 00:00:00-04:00,397.4930161999577,398.37336021927234,396.2474388768698,398.2703552246094,42358500,0.0,0.0,0.0
2021-06-15 00:00:00-04:00,398.42016938215374,398.4576101510953,396.6594814967525,397.5398254394531,51508500,0.0,0.0,0.0
2021-06-16 00:00:00-04:00,397.68033483022623,397.9050937866466,393.2692688260236,395.32025146484375,80386100,0.0,0.0,0.0
2021-06-17 00:00:00-04:00,394.90816876040657,396.1724663616995,392.70730889994087,395.1891174316406,90949700,0.0,0.0,0.0
2021-06-18 00:00:00-04:00,391.89675985715155,392.59205290595094,389.6511365019584,389.85784912109375,118676300,1.376,0.0,0.0
2021-06-21 00:00:00-04:00,391.6243224239138,395.62701792977555,390.80687698663155,395.4390869140625,72822000,0.0,0.0,0.0
2021-06-22 00:00:00-04:00,395.4296600028668,398.389386740263,394.70615149146886,397.5531311035156,57700300,0.0,0.0,0.0
2021-06-23 00:00:00-04:00,397.6283032245522,398.4363433818504,396.9893837502826,397.0739440917969,49445400,0.0,0.0,0.0
2021-06-24 00:00:00-04:00,399.225696654204,399.84580592793344,398.9719869134309,399.4230041503906,45110300,0.0,0.0,0.0
2021-06-25 00:00:00-04:00,400.1745990767725,401.2927224783095,399.84573419263063,400.8417053222656,58129500,0.0,0.0,0.0
2021-06-28 00:00:00-04:00,401.3679429641706,401.81893148712265,400.1652591125572,401.6498107910156,53159600,0.0,0.0,0.0
2021-06-29 00:00:00-04:00,402.0350569786464,402.6739765145748,401.33035872377803,401.8659362792969,35970500,0.0,0.0,0.0
2021-06-30 00:00:00-04:00,401.4054988705683,402.8806740439344,401.37731208840023,402.20416259765625,64827900,0.0,0.0,0.0
2021-07-01 00:00:00-04:00,402.96526015847866,404.5907744987678,402.8994814377987,404.4310302734375,53441000,0.0,0.0,0.0
2021-07-02 00:00:00-04:00,405.5960838218622,407.8792989685119,404.5155237085029,407.5222473144531,57697700,0.0,0.0,0.0
2021-07-06 00:00:00-04:00,407.5786319294247,407.79474969280744,404.03635942053677,406.77996826171875,68710400,0.0,0.0,0.0
2021-07-07 00:00:00-04:00,407.4659845983456,408.4995479111901,405.4458550671149,408.2176513671875,63549500,0.0,0.0,0.0
2021-07-08 00:00:00-04:00,402.8806657894251,405.6524902342203,401.6967636141339,404.89141845703125,97595200,0.0,0.0,0.0
2021-07-09 00:00:00-04:00,406.4042044959093,409.5142706843359,404.6941297476529,409.2135925292969,76238600,0.0,0.0,0.0
2021-07-12 00:00:00-04:00,409.12893012292545,410.932969928919,408.6967233042694,410.67926025390625,52889600,0.0,0.0,0.0
2021-07-13 00:00:00-04:00,409.8900906791253,411.3934527310656,409.01627170163516,409.27935791015625,52911300,0.0,0.0,0.0
2021-07-14 00:00:00-04:00,410.98001241451976,411.4686215512165,408.6404234073977,409.89007568359375,64130400,0.0,0.0,0.0
2021-07-15 00:00:00-04:00,408.54642483085615,409.22293624099797,406.5826693133908,408.49005126953125,55126400,0.0,0.0,0.0
2021-07-16 00:00:00-04:00,409.67400568874314,409.7209741044271,404.89145679770826,405.28607177734375,75874700,0.0,0.0,0.0
2021-07-19 00:00:00-04:00,400.4471526449849,405.3518538666455,396.48204913878226,399.30084228515625,147987000,0.0,0.0,0.0
2021-07-20 00:00:00-04:00,399.9678792806627,406.3007862832232,399.16921562616085,405.0229187011719,99608200,0.0,0.0,0.0
2021-07-21 00:00:00-04:00,406.2256213642959,408.44308660228415,404.97596917781965,408.3021240234375,64724400,0.0,0.0,0.0
2021-07-22 00:00:00-04:00,408.4806845710952,409.40150061648984,407.4941184807939,409.1571960449219,47878500,0.0,0.0,0.0
2021-07-23 00:00:00-04:00,411.0928293519804,413.70491015394003,410.40694129245054,413.3666687011719,63766600,0.0,0.0,0.0
2021-07-26 00:00:00-04:00,412.77467409357666,414.390783326833,412.7277056770462,414.3813781738281,43719200,0.0,0.0,0.0
2021-07-27 00:00:00-04:00,413.3383994714901,413.3665862535988,409.65516412190027,412.4927673339844,67397100,0.0,0.0,0.0
2021-07-28 00:00:00-04:00,413.1223026819993,413.70484865800637,410.8954607595387,412.3236389160156,52472400,0.0,0.0,0.0
2021-07-29 00:00:00-04:00,413.25383798722675,415.1142229497678,413.244432835135,414.03369140625,47435300,0.0,0.0,0.0
2021-07-30 00:00:00-04:00,411.4592154045569,413.4793446420124,411.32765796830415,412.0229797363281,68951200,0.0,0.0,0.0
2021-08-02 00:00:00-04:00,413.7423709785831,414.2967300777739,410.80142613559934,411.1584777832031,58783300,0.0,0.0,0.0
2021-08-03 00:00:00-04:00,411.9571471850933,414.6256007542447,409.7584923853187,414.5034484863281,58053900,0.0,0.0,0.0
2021-08-04 00:00:00-04:00,413.21629685635963,414.4753543989518,412.2297306897326,412.4646301269531,46732200,0.0,0.0,0.0
2021-08-05 00:00:00-04:00,413.62973259284104,415.1612815500288,413.3102727910731,415.07672119140625,38969700,0.0,0.0,0.0
2021-08-06 00:00:00-04:00,415.39614505319315,416.1854036729654,415.1142485412592,415.7625732421875,46930000,0.0,0.0,0.0
2021-08-09 00:00:00-04:00,415.7343710161899,416.0538307784521,414.6538394461939,415.42431640625,41222600,0.0,0.0,0.0
2021-08-10 00:00:00-04:00,415.87529184094507,416.6551739287781,415.1894039248862,415.9410705566406,43339300,0.0,0.0,0.0
2021-08-11 00:00:00-04:00,417.0122928676579,417.0686664404188,415.8847640639424,416.9747009277344,44034300,0.0,0.0,0.0
2021-08-12 00:00:00-04:00,416.8243432652148,418.3652973166653,415.92233746699225,418.2243347167969,38909400,0.0,0.0,0.0
2021-08-13 00:00:00-04:00,418.6752988088245,419.00416370969447,418.18671837060634,418.9853820800781,39470300,0.0,0.0,0.0
2021-08-16 00:00:00-04:00,417.6792731297716,420.1034220491868,416.11953784781855,419.9718933105469,73740000,0.0,0.0,0.0
2021-08-17 00:00:00-04:00,417.40686595529536,418.08337743473044,414.2216447172126,417.2189636230469,92673900,0.0,0.0,0.0
2021-08-18 00:00:00-04:00,416.20414359044753,417.77328419430097,412.4081899435472,412.6524658203125,89351900,0.0,0.0,0.0
2021-08-19 00:00:00-04:00,409.9182299315039,414.49409427742756,409.7772960279677,413.2913818359375,92812200,0.0,0.0,0.0
2021-08-20 00:00:00-04:00,413.639009507061,416.9087903904056,413.1504004652816,416.5799255371094,72008700,0.0,0.0,0.0
2021-08-23 00:00:00-04:00,418.27131541425854,421.15588723398355,416.6552062239017,420.2444763183594,54973000,0.0,0.0,0.0
2021-08-24 00:00:00-04:00,420.9115295410156,421.44710704404645,420.3947623411215,420.9115295410156,38744700,0.0,0.0,0.0
2021-08-25 00:00:00-04:00,421.0994762269488,422.3115365062703,420.7236142411114,421.7947692871094,40529700,0.0,0.0,0.0
2021-08-26 00:00:00-04:00,421.512902218037,421.7478016384588,419.2109051024509,419.30487060546875,57829600,0.0,0.0,0.0
2021-08-27 00:00:00-04:00,420.11291814276507,423.4296968697422,420.05654457482467,423.0538635253906,77235100,0.0,0.0,0.0
2021-08-30 00:00:00-04:00,423.73034341850786,425.70350417202803,423.4860388594857,424.91424560546875,48357400,0.0,0.0,0.0
2021-08-31 00:00:00-04:00,424.8202760109067,425.1585173900656,423.68337092085335,424.2846984863281,59300200,0.0,0.0,0.0
2021-09-01 00:00:00-04:00,425.22426566850635,425.74103285220224,424.2752629656099,424.5101623535156,48721400,0.0,0.0,0.0
2021-09-02 00:00:00-04:00,425.9384669949634,426.6243550139611,424.6136307014119,425.8163146972656,42501000,0.0,0.0,0.0
2021-09-03 00:00:00-04:00,424.67935614944514,426.22968653702213,424.27530736753846,425.712890625,47170500,0.0,0.0,0.0
2021-09-07 00:00:00-04:00,425.3652318920659,425.45919738921737,423.5142234277316,424.19073486328125,51671500,0.0,0.0,0.0
2021-09-08 00:00:00-04:00,423.65516856635304,424.38805353516796,421.74775794287143,423.6739501953125,56181900,0.0,0.0,0.0
2021-09-09 00:00:00-04:00,423.47667429804756,425.233717323856,421.6162606196501,421.8605651855469,57970400,0.0,0.0,0.0
2021-09-10 00:00:00-04:00,423.7961769601356,424.21897874285884,418.41227153281125,418.534423828125,89948200,0.0,0.0,0.0
2021-09-13 00:00:00-04:00,421.54109677619476,421.8041829670538,417.28469196190423,419.6054992675781,83738600,0.0,0.0,0.0
2021-09-14 00:00:00-04:00,421.0524576426946,421.25917025465293,416.4484352937043,417.341064453125,78197100,0.0,0.0,0.0
2021-09-15 00:00:00-04:00,417.7638983655694,421.32498145214555,416.6551800315069,420.8269958496094,78792200,0.0,0.0,0.0
2021-09-16 00:00:00-04:00,420.30075444473476,421.27791518501374,417.20006553546585,420.1598205566406,77786700,0.0,0.0,0.0
2021-09-17 00:00:00-04:00,419.38507550677497,419.8092317575897,415.70888206973706,416.06707763671875,118425000,1.428,0.0,0.0
2021-09-20 00:00:00-04:00,409.92127316182945,411.50484731751953,404.24675595478044,409.1294860839844,166445500,0.0,0.0,0.0
2021-09-21 00:00:00-04:00,411.4765682514919,412.7773715752907,408.21515342525714,408.7430114746094,92526100,0.0,0.0,0.0
2021-09-22 00:00:00-04:00,411.02416762880415,414.7757574662191,408.8561809423552,412.73028564453125,102350100,0.0,0.0,0.0
2021-09-23 00:00:00-04:00,414.6060323552564,419.35678355873563,414.3703804133432,417.7449035644531,76396000,0.0,0.0,0.0
2021-09-24 00:00:00-04:00,416.10477159971555,419.1494050182944,415.8879614592612,418.4330139160156,62094800,0.0,0.0,0.0
2021-09-27 00:00:00-04:00,417.3961891431446,418.56501369827305,416.5384125284229,417.2359619140625,61371100,0.0,0.0,0.0
2021-09-28 00:00:00-04:00,414.4552199782642,414.78513845678503,408.0926174189165,408.8278503417969,130436300,0.0,0.0,0.0
2021-09-29 00:00:00-04:00,410.2135118135427,411.9573420861644,408.95042074872117,409.5159912109375,82329200,0.0,0.0,0.0
2021-09-30 00:00:00-04:00,410.9958599619211,411.7028158417851,404.1713884067889,404.5107421875,140506000,0.0,0.0,0.0
2021-10-01 00:00:00-04:00,406.2451416508228,411.0052997880748,402.7103622124351,409.3180236816406,129240100,0.0,0.0,0.0
2021-10-04 00:00:00-04:00,408.1491541596147,409.0540495415791,401.89022491627236,404.0393981933594,128570000,0.0,0.0,0.0
2021-10-05 00:00:00-04:00,405.54759580480123,410.4962870615469,404.7464021380248,408.24346923828125,90682500,0.0,0.0,0.0
2021-10-06 00:00:00-04:00,404.63323802045085,410.147499377374,403.00254494453645,409.94012451171875,113032200,0.0,0.0,0.0
2021-10-07 00:00:00-04:00,413.22988122887205,416.33104043427755,413.0507834308566,413.484375,72437500,0.0,0.0,0.0
2021-10-08 00:00:00-04:00,414.25733462218886,414.6438073172031,412.0987544538842,412.73028564453125,74557400,0.0,0.0,0.0
2021-10-11 00:00:00-04:00,412.07039922916306,414.99248894914547,409.6761675373717,409.7421569824219,65233300,0.0,0.0,0.0
2021-10-12 00:00:00-04:00,410.66591409252834,411.07122850437753,407.94176400011384,408.7335510253906,71181200,0.0,0.0,0.0
2021-10-13 00:00:00-04:00,409.7610137268703,411.02410468083355,406.77296321895665,410.20404052734375,72974000,0.0,0.0,0.0
2021-10-14 00:00:00-04:00,413.8802418864106,417.25479409651945,413.4089379616776,417.1039733886719,70236800,0.0,0.0,0.0
2021-10-15 00:00:00-04:00,419.2248319298455,420.64817895672934,418.60270731079913,420.2805480957031,66260200,0.0,0.0,0.0
2021-10-18 00:00:00-04:00,418.48961233422193,421.86413581254226,417.8297753264415,421.5248107910156,62213200,0.0,0.0,0.0
2021-10-19 00:00:00-04:00,423.15544705851585,424.842694072972,422.5427290613133,424.7767333984375,46996800,0.0,0.0,0.0
2021-10-20 00:00:00-04:00,425.23862318722246,426.74680128485727,425.12551486396814,426.4451599121094,49571600,0.0,0.0,0.0
2021-10-21 00:00:00-04:00,425.8419419107225,427.7837117980896,425.40835035029045,427.5574951171875,41305400,0.0,0.0,0.0
2021-10-22 00:00:00-04:00,427.123876201105,428.5755002648435,425.1632358718283,427.11444091796875,58845100,0.0,0.0,0.0
2021-10-25 00:00:00-04:00,428.20780585633406,429.7348256601838,426.4262923405436,429.4049072265625,45214500,0.0,0.0,0.0
2021-10-26 00:00:00-04:00,430.96032670037073,432.1762701326921,429.41443599649216,429.7914733886719,56075100,0.0,0.0,0.0
2021-10-27 00:00:00-04:00,430.25334493703315,430.92258842537706,427.8119654031517,427.88739013671875,72438000,0.0,0.0,0.0
2021-10-28 00:00:00-04:00,429.3200877583797,432.091356651004,429.3106812424889,432.0159606933594,51437900,0.0,0.0,0.0
2021-10-29 00:00:00-04:00,429.7066504349592,433.18487581977735,429.4144442929163,432.8926696777344,70162400,0.0,0.0,0.0
2021-11-01 00:00:00-04:00,433.88238758484846,434.25945374272055,431.9029340865654,433.6373291015625,48433600,0.0,0.0,0.0
2021-11-02 00:00:00-04:00,433.8069896668776,435.70164066708185,433.6750107589926,435.39056396484375,48908400,0.0,0.0,0.0
2021-11-03 00:00:00-04:00,434.824974662078,438.4540205123054,434.38194783725373,438.0487060546875,52509800,0.0,0.0,0.0
2021-11-04 00:00:00-04:00,438.6519472579283,440.19783784094693,438.303186978276,440.1130065917969,52847100,0.0,0.0,0.0
2021-11-05 00:00:00-04:00,442.34700103807825,443.63836916180196,440.12246036838644,441.6400451660156,66390600,0.0,0.0,0.0
2021-11-08 00:00:00-05:00,442.74291629469593,443.2424973018923,441.3290045272223,442.01708984375,50405200,0.0,0.0,0.0
2021-11-09 00:00:00-05:00,442.38478360671496,442.6204356014642,439.14220985767645,440.5561218261719,51149100,0.0,0.0,0.0
2021-11-10 00:00:00-05:00,438.85934412646145,440.5560554928544,435.52253309482785,437.0118408203125,69429700,0.0,0.0,0.0
2021-11-11 00:00:00-05:00,438.51061696658724,438.5860417082733,437.1344174749775,437.15325927734375,34848500,0.0,0.0,0.0
2021-11-12 00:00:00-05:00,438.4257305483091,441.0084666869661,437.4736874755457,440.45233154296875,53466700,0.0,0.0,0.0
2021-11-15 00:00:00-05:00,441.74375614047045,441.90398336577135,439.4720677725637,440.6031799316406,46980500,0.0,0.0,0.0
2021-11-16 00:00:00-05:00,440.3391648993365,443.48747104813094,440.26376894323073,442.346923828125,48857500,0.0,0.0,0.0
2021-11-17 00:00:00-05:00,442.08308989588795,442.2621876920173,440.6503362929629,441.2724609375,47858300,0.0,0.0,0.0
2021-11-18 00:00:00-05:00,442.30931229475857,443.0351387724861,439.57575519666824,442.7712097167969,50625600,0.0,0.0,0.0
2021-11-19 00:00:00-05:00,442.65802009464244,443.9117045350223,441.61173927995986,441.9793701171875,57315600,0.0,0.0,0.0
2021-11-22 00:00:00-05:00,443.8645720191761,446.3624767742698,440.52773256865373,440.735107421875,72762000,0.0,0.0,0.0
2021-11-23 00:00:00-05:00,440.4052188410492,442.17732611315665,437.79420558269936,441.3195495605469,73206500,0.0,0.0,0.0
2021-11-24 00:00:00-05:00,439.3117535073813,442.6203158234828,438.49168939015044,442.4977722167969,61858800,0.0,0.0,0.0
2021-11-26 00:00:00-05:00,435.80530697500916,437.2757729097936,431.49758222572393,432.62872314453125,112669600,0.0,0.0,0.0
2021-11-29 00:00:00-05:00,437.4360269059508,439.78311122075047,435.23032801383044,437.93560791015625,86268800,0.0,0.0,0.0
2021-11-30 00:00:00-05:00,435.48479460121024,437.3982872450258,429.1693109652695,429.4143981933594,148559600,0.0,0.0,0.0
2021-12-01 00:00:00-05:00,435.14550168253277,438.00160231739363,424.4468968317913,424.64483642578125,131939200,0.0,0.0,0.0
2021-12-02 00:00:00-05:00,424.8616257685235,432.72297140039274,424.46571783383473,431.1488037109375,127637800,0.0,0.0,0.0
2021-12-03 00:00:00-05:00,432.8172113357215,433.8823339250444,423.15548194038644,427.397216796875,137331600,0.0,0.0,0.0
2021-12-06 00:00:00-05:00,429.9517051824305,434.3442610310532,427.52919620571214,432.45904541015625,98977500,0.0,0.0,0.0
2021-12-07 00:00:00-05:00,437.7564402392346,441.9698977591198,432.3270107462003,441.4043273925781,95484700,0.0,0.0,0.0
2021-12-08 00:00:00-05:00,441.8002646583124,443.02564322888617,440.03756399938356,442.57318115234375,72238800,0.0,0.0,0.0
2021-12-09 00:00:00-05:00,441.28185717622887,442.67692714355326,439.387234967476,439.5851745605469,61272600,0.0,0.0,0.0
2021-12-10 00:00:00-05:00,442.29985686872703,443.87399574484607,439.73596256863544,443.7231750488281,77159800,0.0,0.0,0.0
2021-12-13 00:00:00-05:00,443.2048079952957,443.55356831350923,439.50977239360935,439.7925720214844,87724700,0.0,0.0,0.0
2021-12-14 00:00:00-05:00,436.5122298900504,439.0101347338108,433.83522726823674,436.7667236328125,97264100,0.0,0.0,0.0
2021-12-15 00:00:00-05:00,436.8233302887185,443.836306031787,434.29711945911913,443.59124755859375,116899300,0.0,0.0,0.0
2021-12-16 00:00:00-05:00,445.44810604774995,445.73087683756796,438.1240261643334,439.6793518066406,116568600,0.0,0.0,0.0
2021-12-17 00:00:00-05:00,436.5890765889238,439.60656170872556,433.28782720309647,434.99993896484375,135511600,1.633,0.0,0.0
2021-12-20 00:00:00-05:00,429.9014604647388,430.77169014947333,426.7420931242701,430.3744201660156,107134800,0.0,0.0,0.0
2021-12-21 00:00:00-05:00,433.8080425274013,438.15927714312926,431.6324396531206,438.01739501953125,69806300,0.0,0.0,0.0
2021-12-22 00:00:00-05:00,437.7620345389874,442.5105393973741,437.5633706863754,442.39703369140625,58890200,0.0,0.0,0.0
2021-12-23 00:00:00-05:00,443.3996712097392,446.65363590623036,443.29563394313504,445.1496276855469,56439700,0.0,0.0,0.0
2021-12-27 00:00:00-05:00,446.5307010758358,451.49677783042705,446.48341665361187,451.4494934082031,56808600,0.0,0.0,0.0
2021-12-28 00:00:00-05:00,451.884573074086,452.91562165597793,450.31434355839286,451.0805358886719,47274600,0.0,0.0,0.0
2021-12-29 00:00:00-05:00,451.18463308676866,452.67917299508804,450.1819608604042,451.6575927734375,54503000,0.0,0.0,0.0
2021-12-30 00:00:00-05:00,452.083263571022,453.095404283241,449.9455053015741,450.40899658203125,55329000,0.0,0.0,0.0
2021-12-31 00:00:00-05:00,449.9170813081463,451.07107517141947,448.9995384088033,449.2738342285156,65237400,0.0,0.0,0.0
2022-01-03 00:00:00-05:00,450.5414331852414,452.0076256878553,448.2239477980202,451.87518310546875,72668200,0.0,0.0,0.0
2022-01-04 00:00:00-05:00,453.3034834561525,454.02239141771696,449.86032307936296,451.7237854003906,71178700,0.0,0.0,0.0
2022-01-05 00:00:00-05:00,451.35491502576446,452.13057588020047,442.9551459366762,443.04974365234375,104538900,0.0,0.0,0.0
2022-01-06 00:00:00-05:00,442.58626049675826,445.3577975269539,440.25927789073734,442.633544921875,86858900,0.0,0.0,0.0
2022-01-07 00:00:00-05:00,442.6430005573575,443.8253998227985,439.5214491762915,440.8835754394531,85111600,0.0,0.0,0.0
2022-01-10 00:00:00-05:00,437.6768689948834,440.5524428650343,431.90675552654443,440.33489990234375,119362000,0.0,0.0,0.0
2022-01-11 00:00:00-05:00,440.07003630824613,444.4401787559662,437.06199106371037,444.3455810546875,74303100,0.0,0.0,0.0
2022-01-12 00:00:00-05:00,446.08614756445814,447.6090928817036,443.5794668088616,445.5469665527344,67605400,0.0,0.0,0.0
2022-01-13 00:00:00-05:00,446.6537054029599,447.3063921299082,438.3769102525567,439.407958984375,91173100,0.0,0.0,0.0
2022-01-14 00:00:00-05:00,436.248582581367,439.9376625709824,435.0283384384738,439.5876770019531,95890900,0.0,0.0,0.0
2022-01-18 00:00:00-05:00,434.8769416667024,435.08504507309425,430.6865259809416,431.8027038574219,109709100,0.0,0.0,0.0
2022-01-19 00:00:00-05:00,433.35409317640193,434.7540355227191,427.0447975842269,427.3191223144531,109357600,0.0,0.0,0.0
2022-01-20 00:00:00-05:00,429.21088211751214,433.9310101841873,420.4611285977612,422.5894470214844,122379700,0.0,0.0,0.0
2022-01-21 00:00:00-05:00,421.4639422731916,423.8287413158714,414.26550784351866,414.29388427734375,202271200,0.0,0.0,0.0
2022-01-24 00:00:00-05:00,408.6655038635692,416.5639355956219,398.0050040098035,416.0531311035156,251783900,0.0,0.0,0.0
2022-01-25 00:00:00-05:00,409.6398524787366,415.93967913794035,404.0494653685355,410.9736022949219,167997300,0.0,0.0,0.0
2022-01-26 00:00:00-05:00,416.885580014085,420.0260392062578,405.66696143338,409.9425354003906,186391100,0.0,0.0,0.0
2022-01-27 00:00:00-05:00,414.5586466067945,417.7085455157903,406.225098979547,407.91827392578125,149878300,0.0,0.0,0.0
2022-01-28 00:00:00-05:00,409.2804410874524,418.0964177287686,404.6832861876728,418.04913330078125,164457400,0.0,0.0,0.0
2022-01-31 00:00:00-05:00,417.3775389985712,425.9286599361847,416.024880950767,425.57867431640625,152251400,0.0,0.0,0.0
2022-02-01 00:00:00-05:00,426.3069680203135,429.0974419265007,422.7692385378579,428.4542236328125,123155400,0.0,0.0,0.0
2022-02-02 00:00:00-05:00,430.86628479936365,433.3445889976843,428.548770732719,432.6162414550781,117361000,0.0,0.0,0.0
2022-02-03 00:00:00-05:00,426.5623872138765,428.4731341093042,421.60574966980835,422.4476318359375,118024400,0.0,0.0,0.0
2022-02-04 00:00:00-05:00,422.21116548081926,428.2934208063521,419.8274299173056,424.43408203125,118454400,0.0,0.0,0.0
2022-02-07 00:00:00-05:00,425.20027930229384,426.6002216728821,421.7382105038977,423.07196044921875,84472900,0.0,0.0,0.0
2022-02-08 00:00:00-05:00,422.5705442284954,427.47986776234546,421.14219683127965,426.5528564453125,81012000,0.0,0.0,0.0
2022-02-09 00:00:00-05:00,430.6014195917351,433.1175685965065,430.4027846055387,432.79595947265625,92589900,0.0,0.0,0.0
2022-02-10 00:00:00-05:00,426.9312545906798,432.95675649430774,423.0151633217596,425.0205078125,140103700,0.0,0.0,0.0
2022-02-11 00:00:00-05:00,425.1056074278394,427.1866126231048,415.20183093771124,416.6396179199219,153214600,0.0,0.0,0.0
2022-02-14 00:00:00-05:00,416.12890799397803,417.7180457832857,411.79658063441923,415.2775573730469,123006300,0.0,0.0,0.0
2022-02-15 00:00:00-05:00,419.73275487673067,422.14483739255087,419.2124819742842,421.9745788574219,88482700,0.0,0.0,0.0
2022-02-16 00:00:00-05:00,419.92201420472077,423.82866614912444,418.03964373808554,422.4476318359375,84863600,0.0,0.0,0.0
2022-02-17 00:00:00-05:00,419.2504517040746,422.41928787627376,412.8182105012126,413.423583984375,102259100,0.0,0.0,0.0
2022-02-18 00:00:00-05:00,413.6788782748005,414.9369671200802,408.46688251728386,410.7465515136719,132642900,0.0,0.0,0.0
2022-02-22 00:00:00-05:00,408.53313240570213,411.9478874905425,402.82921086642835,406.3385925292969,124391800,0.0,0.0,0.0
2022-02-23 00:00:00-05:00,409.2614330058846,409.82899033879875,398.563088419039,399.1306457519531,132578000,0.0,0.0,0.0
2022-02-24 00:00:00-05:00,388.79175267882744,405.5723812250493,388.43232758179744,405.1372375488281,213942900,0.0,0.0,0.0
2022-02-25 00:00:00-05:00,406.376404898472,414.1613316714428,404.72104600826754,414.0762023925781,121804500,0.0,0.0,0.0
2022-02-28 00:00:00-05:00,408.66561012645167,414.50194628148233,407.4075498631583,413.016845703125,145615000,0.0,0.0,0.0
2022-03-01 00:00:00-05:00,411.51275948322075,413.5275723046222,404.01159714649674,406.7264099121094,137785900,0.0,0.0,0.0
2022-03-02 00:00:00-05:00,408.9871853932259,415.9396990802248,408.23046138487615,414.20867919921875,117726500,0.0,0.0,0.0
2022-03-03 00:00:00-05:00,416.6490694177286,417.25444275036347,410.33977507312505,412.146484375,105501700,0.0,0.0,0.0
2022-03-04 00:00:00-05:00,408.40067480868873,409.9330595198553,404.7399715837537,408.7979736328125,113978200,0.0,0.0,0.0
2022-03-07 00:00:00-05:00,408.2114548095824,408.92089427144623,396.6806964467157,396.7469177246094,137896600,0.0,0.0,0.0
2022-03-08 00:00:00-05:00,396.92669641529477,404.10622124075445,392.67005908949244,393.73895263671875,164772700,0.0,0.0,0.0
2022-03-09 00:00:00-05:00,402.1481835320033,406.28184664972684,399.9536436179305,404.29541015625,116990800,0.0,0.0,0.0
2022-03-10 00:00:00-05:00,399.6699060631884,403.36845485845356,397.7024061588864,402.4698486328125,93972700,0.0,0.0,0.0
2022-03-11 00:00:00-05:00,404.9669642223323,405.5818059910525,396.8415209370115,397.3523254394531,95636300,0.0,0.0,0.0
2022-03-14 00:00:00-04:00,398.127973539518,401.59001264837735,393.303779511708,394.4483337402344,95729200,0.0,0.0,0.0
2022-03-15 00:00:00-04:00,397.06852997366605,403.7561862821287,395.7915620258905,403.1224365234375,106219100,0.0,0.0,0.0
2022-03-16 00:00:00-04:00,406.64130172019,412.118154221395,401.82654660662627,412.0614013671875,144954800,0.0,0.0,0.0
2022-03-17 00:00:00-04:00,410.1411573323763,417.2166442871094,409.7627953751919,417.2166442871094,102676900,0.0,0.0,0.0
2022-03-18 00:00:00-04:00,415.59983278904184,422.10898522065065,414.8597246560477,421.786376953125,106345500,1.366,0.0,0.0
2022-03-21 00:00:00-04:00,421.61556462774155,423.6271389755555,418.1427408368208,421.66302490234375,88349800,0.0,0.0,0.0
2022-03-22 00:00:00-04:00,423.05776502594375,427.5363754259685,423.05776502594375,426.5970153808594,74650400,0.0,0.0,0.0
2022-03-23 00:00:00-04:00,424.0541434470879,425.55332638564335,421.0177861842086,421.1031799316406,79426100,0.0,0.0,0.0
2022-03-24 00:00:00-04:00,423.1337270897033,427.4605171330371,422.01408163043,427.4510192871094,64736900,0.0,0.0,0.0
2022-03-25 00:00:00-04:00,428.08676165984116,429.8136901005225,425.4963689988191,429.53851318359375,77101300,0.0,0.0,0.0
2022-03-28 00:00:00-04:00,428.9407325686296,432.5938415527344,427.0430166243515,432.5938415527344,68529800,0.0,0.0,0.0
2022-03-29 00:00:00-04:00,436.49365245199573,438.43882875157925,433.7988991715261,437.9454040527344,86581500,0.0,0.0,0.0
2022-03-30 00:00:00-04:00,436.79732312419725,437.6133561269199,433.1252470040713,435.2412109375,79666900,0.0,0.0,0.0
2022-03-31 00:00:00-04:00,434.4725987632066,435.29810058107427,428.0867740686455,428.542236328125,121699900,0.0,0.0,0.0
2022-04-01 00:00:00-04:00,430.12678391817343,430.26910681563794,426.17006258443,429.7567443847656,89048800,0.0,0.0,0.0
2022-04-04 00:00:00-04:00,429.9560010487496,433.54268288752115,429.13049927776314,433.43829345703125,59601000,0.0,0.0,0.0
2022-04-05 00:00:00-04:00,431.93906503597714,434.41557008735543,426.81523851562923,427.9633483886719,74214500,0.0,0.0,0.0
2022-04-06 00:00:00-04:00,424.0351227444285,425.9707720202378,420.7900159707679,423.68402099609375,106898000,0.0,0.0,0.0
2022-04-07 00:00:00-04:00,422.8016387112071,427.640820370861,420.8469935201735,425.8190002441406,78097200,0.0,0.0,0.0
2022-04-08 00:00:00-04:00,425.05995736438757,427.5839233445298,423.1337766107068,424.680419921875,79272700,0.0,0.0,0.0
2022-04-11 00:00:00-04:00,421.3973501116836,422.2418477063847,416.9187677503184,417.4216613769531,89770500,0.0,0.0,0.0
2022-04-12 00:00:00-04:00,420.4199783284058,422.95344185969435,414.3188285059621,415.8749694824219,84363600,0.0,0.0,0.0
2022-04-13 00:00:00-04:00,415.62830561832044,421.3973500313862,415.4480202657074,420.6382751464844,74070400,0.0,0.0,0.0
2022-04-14 00:00:00-04:00,420.86594548757074,421.98561991128474,415.29615377751963,415.4005432128906,97869500,0.0,0.0,0.0
2022-04-18 00:00:00-04:00,414.4707321880482,417.26037750600096,413.3320908088153,415.5714111328125,66002500,0.0,0.0,0.0
2022-04-19 00:00:00-04:00,415.4669625036937,423.000897567329,415.2961750081894,422.27978515625,77821000,0.0,0.0,0.0
2022-04-20 00:00:00-04:00,424.06364137177405,424.6803932967964,420.7995674484736,421.9666442871094,65224400,0.0,0.0,0.0
2022-04-21 00:00:00-04:00,425.6008119158231,426.9956344536789,414.74587314865204,415.6567687988281,85417300,0.0,0.0,0.0
2022-04-22 00:00:00-04:00,414.5655465281797,415.6756941570096,403.68214426024474,404.25146484375,132471800,0.0,0.0,0.0
2022-04-25 00:00:00-04:00,402.00271470283917,406.76597183059135,397.4197139696294,406.5951843261719,119647700,0.0,0.0,0.0
2022-04-26 00:00:00-04:00,404.0522253657664,404.25150641243613,394.7913901520683,394.8198547363281,103996300,0.0,0.0,0.0
2022-04-27 00:00:00-04:00,395.9014975768421,401.2910329549323,393.7855627963593,395.9299621582031,122030000,0.0,0.0,0.0
2022-04-28 00:00:00-04:00,400.6931927368039,407.6673037805403,396.2430470687456,405.9308776855469,105449100,0.0,0.0,0.0
2022-04-29 00:00:00-04:00,401.92673399978656,404.0901289590842,390.1798679914565,390.9294738769531,145491100,0.0,0.0,0.0
2022-05-02 00:00:00-04:00,390.995993693112,394.64910344488345,384.30652620969465,393.2827453613281,158312500,0.0,0.0,0.0
2022-05-03 00:00:00-04:00,393.7855489717306,397.5050559376166,392.2199101812944,395.0854797363281,100028200,0.0,0.0,0.0
2022-05-04 00:00:00-04:00,395.74970498454525,407.6863555366896,392.55205797111023,407.1170349121094,144247900,0.0,0.0,0.0
2022-05-05 00:00:00-04:00,402.8376995037518,403.2646972365076,388.50046734364383,392.64697265625,172929100,0.0,0.0,0.0
2022-05-06 00:00:00-04:00,390.07553651597715,393.5862938041911,384.9801735986201,390.3032531738281,151770800,0.0,0.0,0.0
2022-05-09 00:00:00-04:00,384.3823720398505,385.62537367241526,376.2221876512533,377.8067932128906,155586100,0.0,0.0,0.0
2022-05-10 00:00:00-04:00,383.80357611684485,385.312256912979,374.6281351627776,378.67974853515625,132497200,0.0,0.0,0.0
2022-05-11 00:00:00-04:00,377.71190234105785,383.37658562932586,371.9143650365518,372.6639709472656,142361000,0.0,0.0,0.0
2022-05-12 00:00:00-04:00,369.4568235292296,375.5579733330181,365.4526417334001,372.2749328613281,125090800,0.0,0.0,0.0
2022-05-13 00:00:00-04:00,376.42147428654954,382.5605871160499,375.3777246252647,381.1752624511719,104174400,0.0,0.0,0.0
2022-05-16 00:00:00-04:00,379.5242405914911,383.31017481839024,377.26595387479733,379.62860107421875,78622400,0.0,0.0,0.0
2022-05-17 00:00:00-04:00,385.7392800433556,387.6749586642774,381.9912789869074,387.437744140625,83029700,0.0,0.0,0.0
2022-05-18 00:00:00-04:00,382.86417831499597,383.1488241139043,370.57645642450234,371.8194580078125,117674500,0.0,0.0,0.0
2022-05-19 00:00:00-04:00,368.7452295179755,373.98294475283024,367.31244452339,369.5422668457031,98510700,0.0,0.0,0.0
2022-05-20 00:00:00-04:00,373.13838281901803,376.7250646538933,361.07840657695476,369.7035217285156,131432200,0.0,0.0,0.0
2022-05-23 00:00:00-04:00,372.73984266032306,377.3892696174309,370.41515813861474,376.6206970214844,76414900,0.0,0.0,0.0
2022-05-24 00:00:00-04:00,372.4836388180069,374.941177198032,367.17002901615945,373.7456359863281,91448800,0.0,0.0,0.0
2022-05-25 00:00:00-04:00,372.2464195513246,379.02127847657516,371.8479154715119,377.0476379394531,91472900,0.0,0.0,0.0
2022-05-26 00:00:00-04:00,378.2812024273643,386.2231386417738,378.0724525251895,384.58160400390625,82168300,0.0,0.0,0.0
2022-05-27 00:00:00-04:00,387.0485643769582,394.136532856305,386.8493123593815,394.0226745605469,84768700,0.0,0.0,0.0
2022-05-31 00:00:00-04:00,392.40020748267347,395.1613876894027,389.0602378053124,391.8119201660156,95937000,0.0,0.0,0.0
2022-06-01 00:00:00-04:00,393.9374362442217,394.95269241980327,386.118825687974,388.6427917480469,86585800,0.0,0.0,0.0
2022-06-02 00:00:00-04:00,388.4814842908441,396.0913155981684,386.2231974480646,396.04388427734375,79609600,0.0,0.0,0.0
2022-06-03 00:00:00-04:00,391.3090515155026,392.8651926067963,388.56686682617567,389.544189453125,71874300,0.0,0.0,0.0
2022-06-06 00:00:00-04:00,393.5673313620774,395.3037288108325,389.5536514825728,390.7302551269531,57508900,0.0,0.0,0.0
2022-06-07 00:00:00-04:00,387.2289205256619,394.93364215486133,386.7639604571099,394.4781799316406,59272400,0.0,0.0,0.0
2022-06-08 00:00:00-04:00,392.7607584707246,394.55411386892246,389.3923243809042,390.1893615722656,64350000,0.0,0.0,0.0
2022-06-09 00:00:00-04:00,388.4054869539983,390.68274010880896,380.9095153808594,380.9095153808594,86289800,0.0,0.0,0.0
2022-06-10 00:00:00-04:00,374.6850525131261,375.539018923671,369.81740632911726,369.8648376464844,132893900,0.0,0.0,0.0
2022-06-13 00:00:00-04:00,360.42377570103855,362.28352957554165,354.2087374162823,355.8218078613281,170004900,0.0,0.0,0.0
2022-06-14 00:00:00-04:00,357.57718031270616,358.61143216554296,351.6373193482159,354.74957275390625,104011800,0.0,0.0,0.0
2022-06-15 00:00:00-04:00,358.06105206229864,364.2665916822706,353.089045254612,359.8069763183594,125666800,0.0,0.0,0.0
2022-06-16 00:00:00-04:00,351.5613800602234,351.96938204270447,345.460201230786,347.8987731933594,134473300,0.0,0.0,0.0
2022-06-17 00:00:00-04:00,348.3152005903648,352.0031382377941,345.1323288130653,348.6487121582031,111113900,1.577,0.0,0.0
2022-06-21 00:00:00-04:00,354.3951110098947,358.81681534819097,354.3188581815829,357.4255065917969,76811900,0.0,0.0,0.0
2022-06-22 00:00:00-04:00,353.18486094043567,360.9038171947583,352.7655576024374,356.77752685546875,90059400,0.0,0.0,0.0
2022-06-23 00:00:00-04:00,358.92168935710464,361.0086381463317,355.3481010957897,360.2748718261719,79292100,0.0,0.0,0.0
2022-06-24 00:00:00-04:00,363.4577718751588,371.73897002798424,363.4291843301753,371.72943115234375,98050300,0.0,0.0,0.0
2022-06-27 00:00:00-04:00,372.653682919088,372.9490971513141,369.21352340358396,370.3094177246094,66009600,0.0,0.0,0.0
2022-06-28 00:00:00-04:00,371.87232290504204,374.6644792020002,362.6286308001763,362.74298095703125,86548900,0.0,0.0,0.0
2022-06-29 00:00:00-04:00,363.29577745494015,364.28683171376514,360.6179708335396,362.4476318359375,65676000,0.0,0.0,0.0
2022-06-30 00:00:00-04:00,358.5404645110338,362.75254644984545,355.0335903944629,359.5029602050781,112508300,0.0,0.0,0.0
2022-07-01 00:00:00-04:00,358.84543616792405,363.7436484326006,356.21526590396945,363.3052673339844,74839700,0.0,0.0,0.0
2022-07-05 00:00:00-04:00,358.19736906756344,364.01041075424905,355.35754763192216,363.9913330078125,81438000,0.0,0.0,0.0
2022-07-06 00:00:00-04:00,364.1343488121394,367.7174760792101,361.7424467576076,365.2207336425781,70426200,0.0,0.0,0.0
2022-07-07 00:00:00-04:00,367.00273549110653,371.4911540880881,365.23975951148003,370.690673828125,64525900,0.0,0.0,0.0
2022-07-08 00:00:00-04:00,369.05154895851365,372.26303762487726,367.51730255509904,370.3857116699219,72397800,0.0,0.0,0.0
2022-07-11 00:00:00-04:00,367.6984793537497,368.67048506413465,365.4590244954727,366.1546936035156,58366900,0.0,0.0,0.0
2022-07-12 00:00:00-04:00,365.6018653816874,367.9937962223962,361.16108326606883,362.9145202636719,62219200,0.0,0.0,0.0
2022-07-13 00:00:00-04:00,357.454065545386,363.95323724739484,357.03476226900284,361.0085754394531,84224600,0.0,0.0,0.0
2022-07-14 00:00:00-04:00,356.03413523610556,361.21822195982054,353.5850586433905,360.1318664550781,89704800,0.0,0.0,0.0
2022-07-15 00:00:00-04:00,364.5535928494989,367.1265877056468,362.63816955892236,367.0122375488281,79060400,0.0,0.0,0.0
2022-07-18 00:00:00-04:00,370.1093779909023,370.7859691967166,362.7525501059406,363.98187255859375,63203600,0.0,0.0,0.0
2022-07-19 00:00:00-04:00,367.91757046251206,374.388155662866,367.26005698672697,373.8163757324219,78506000,0.0,0.0,0.0
2022-07-20 00:00:00-04:00,374.00700222845904,377.6187170853848,372.63474194197374,376.19879150390625,71843800,0.0,0.0,0.0
2022-07-21 00:00:00-04:00,375.6174381384512,380.07726877334886,373.2064587109506,380.0296325683594,64903900,0.0,0.0,0.0
2022-07-22 00:00:00-04:00,380.15353339871814,381.354239171884,374.273777240293,376.5036926269531,72197300,0.0,0.0,0.0
2022-07-25 00:00:00-04:00,377.1326153148139,377.81874530443775,374.71209714559507,376.9610900878906,53631500,0.0,0.0,0.0
2022-07-26 00:00:00-04:00,375.3125482258629,375.52219991061475,371.6055609460376,372.5013427734375,52946400,0.0,0.0,0.0
2022-07-27 00:00:00-04:00,375.8080541838099,383.92726526145685,375.5126398831095,382.173828125,82342100,0.0,0.0,0.0
2022-07-28 00:00:00-04:00,382.98378055829,387.66277234408295,379.4197027391323,386.9671325683594,73966600,0.0,0.0,0.0
2022-07-29 00:00:00-04:00,388.40613000686983,393.5997563368219,387.6342373050366,392.6086730957031,87003700,0.0,0.0,0.0
2022-08-01 00:00:00-04:00,389.9023203902835,393.9619262005739,389.1876026959049,391.44610595703125,69997500,0.0,0.0,0.0
2022-08-02 00:00:00-04:00,389.8736878063429,393.5711649045606,387.6818987628926,388.8635559082031,63435400,0.0,0.0,0.0
2022-08-03 00:00:00-04:00,390.9981782761689,396.12509070824535,390.71230285807104,394.9529724121094,67820600,0.0,0.0,0.0
2022-08-04 00:00:00-04:00,394.87670061792033,395.562830670343,393.0375009919587,394.6861267089844,45656600,0.0,0.0,0.0
2022-08-05 00:00:00-04:00,390.3883706543743,394.6671383060425,390.3311955605568,394.0191345214844,56814900,0.0,0.0,0.0
2022-08-08 00:00:00-04:00,395.715337324213,397.9738404362048,392.4562120570023,393.5616455078125,53886100,0.0,0.0,0.0
2022-08-09 00:00:00-04:00,392.82781646453174,393.33288235794674,390.9219030430517,391.9987487792969,44931800,0.0,0.0,0.0
2022-08-10 00:00:00-04:00,399.07926069918796,400.3752971125264,397.11617195301557,400.2323303222656,68665700,0.0,0.0,0.0
2022-08-11 00:00:00-04:00,403.0912008165285,404.95901714510643,399.4890251570347,400.2323303222656,59489700,0.0,0.0,0.0
2022-08-12 00:00:00-04:00,402.17640551592064,407.11271535401335,401.2234486012956,407.0079040527344,61694500,0.0,0.0,0.0
2022-08-15 00:00:00-04:00,404.78749881400626,409.2092328643865,404.7303237255908,408.6850891113281,54048300,0.0,0.0,0.0
2022-08-16 00:00:00-04:00,407.6082694278657,411.4200970664075,406.7982502382882,409.485595703125,59289000,0.0,0.0,0.0
2022-08-17 00:00:00-04:00,405.87383128900353,409.29494268682157,404.56828513540523,406.5790100097656,63563400,0.0,0.0,0.0
2022-08-18 00:00:00-04:00,406.7791686611495,408.446843237324,405.4831612355664,407.7607421875,49023200,0.0,0.0,0.0
2022-08-19 00:00:00-04:00,404.98752128373684,405.25434797830707,401.4043950292832,402.2811279296875,68016900,0.0,0.0,0.0
2022-08-22 00:00:00-04:00,397.43064705593497,397.6022013931033,392.9994034708054,393.90472412109375,77695600,0.0,0.0,0.0
2022-08-23 00:00:00-04:00,393.47583577048323,395.8773053899406,392.39898999121,392.95172119140625,49105200,0.0,0.0,0.0
2022-08-24 00:00:00-04:00,392.72301638510424,395.5818868105569,392.0369154016521,394.20965576171875,49177800,0.0,0.0,0.0
2022-08-25 00:00:00-04:00,395.705788546093,399.8225690705073,394.60989399755806,399.7749328613281,50942300,0.0,0.0,0.0
2022-08-26 00:00:00-04:00,399.66053643101975,400.203699664141,386.1857143271262,386.2428894042969,103087000,0.0,0.0,0.0
2022-08-29 00:00:00-04:00,383.2792309230537,386.74797850113623,382.32627413715045,383.6889953613281,65370800,0.0,0.0,0.0
2022-08-30 00:00:00-04:00,384.851650106996,385.08988933213567,377.3709326212233,379.4769592285156,85652400,0.0,0.0,0.0
2022-08-31 00:00:00-04:00,381.116053419317,382.36442465594223,376.45610921066384,376.5895080566406,76029700,0.0,0.0,0.0
2022-09-01 00:00:00-04:00,374.4072425757973,378.11422971671993,371.69130965116875,377.77117919921875,78740100,0.0,0.0,0.0
2022-09-02 00:00:00-04:00,381.44949959452725,382.6692829844878,371.96756897369653,373.7877197265625,99632100,0.0,0.0,0.0
2022-09-06 00:00:00-04:00,374.6358831635364,375.5793010181184,370.1474651172163,372.37738037109375,76637400,0.0,0.0,0.0
2022-09-07 00:00:00-04:00,372.06293062608904,379.83906190032036,371.8437691661729,379.0671691894531,70964200,0.0,0.0,0.0
2022-09-08 00:00:00-04:00,376.7895251452927,382.0021698440257,375.5792516472874,381.5447692871094,80821700,0.0,0.0,0.0
2022-09-09 00:00:00-04:00,383.79380074430213,388.33942315556953,383.52697401163135,387.47222900390625,76706900,0.0,0.0,0.0
2022-09-12 00:00:00-04:00,389.5496496389072,392.3608836158905,389.24469650665134,391.6366271972656,69256300,0.0,0.0,0.0
2022-09-13 00:00:00-04:00,382.92662471653426,384.1368984857324,373.48284825864073,374.6073303222656,122947100,0.0,0.0,0.0
2022-09-14 00:00:00-04:00,375.912884639726,377.561510437167,372.72047341951594,376.0367736816406,85023700,0.0,0.0,0.0
2022-09-15 00:00:00-04:00,374.47394176041706,377.33281250988284,370.4905888291596,371.7675476074219,87633800,0.0,0.0,0.0
2022-09-16 00:00:00-04:00,367.5725640058656,369.59154848057193,365.63008718698416,368.9313049316406,103084800,1.596,0.0,0.0
2022-09-19 00:00:00-04:00,365.7736284944843,371.7923278808594,365.69706243853807,371.7923278808594,73278500,0.0,0.0,0.0
2022-09-20 00:00:00-04:00,368.45291622543897,369.467197620889,364.75940646491324,367.5247497558594,77274900,0.0,0.0,0.0
2022-09-21 00:00:00-04:00,369.457598997585,372.51959913129366,361.1041304377305,361.11370849609375,106746600,0.0,0.0,0.0
2022-09-22 00:00:00-04:00,360.33861628892794,361.98443625276843,357.3340552999548,358.0804138183594,89472600,0.0,0.0,0.0
2022-09-23 00:00:00-04:00,354.5973575655179,354.63564059434674,347.62178673365196,352.080810546875,122346900,0.0,0.0,0.0
2022-09-26 00:00:00-04:00,350.6072752623192,354.24337513079183,347.373045054377,348.59783935546875,92581200,0.0,0.0,0.0
2022-09-27 00:00:00-04:00,352.1478150517164,354.42517373959924,345.3061901306675,347.70794677734375,108294100,0.0,0.0,0.0
2022-09-28 00:00:00-04:00,348.6647472239629,356.24315109460287,346.96151758422974,354.54949951171875,110802200,0.0,0.0,0.0
2022-09-29 00:00:00-04:00,350.98995311103505,351.2770028154836,344.186612303056,347.1433410644531,112952300,0.0,0.0,0.0
2022-09-30 00:00:00-04:00,346.19607091427036,350.1288276674464,341.64138277467254,341.77532958984375,153711200,0.0,0.0,0.0
2022-10-03 00:00:00-04:00,345.50711675915556,352.65494737821973,343.7177718900961,350.7986145019531,89756500,0.0,0.0,0.0
2022-10-04 00:00:00-04:00,356.33886008011194,361.6973451071636,350.7603133467815,361.66864013671875,103602800,0.0,0.0,0.0
2022-10-05 00:00:00-04:00,357.2862230097623,363.0944101650707,354.9514544776004,360.8266296386719,88065700,0.0,0.0,0.0
2022-10-06 00:00:00-04:00,359.42001295633844,362.38631999103904,356.6068088422916,357.1044006347656,82333500,0.0,0.0,0.0
2022-10-07 00:00:00-04:00,353.0567985872474,357.190489539672,345.3731233499691,347.1433410644531,107789500,0.0,0.0,0.0
2022-10-10 00:00:00-04:00,348.2629039933855,348.50212184161734,342.24420395687974,344.4928283691406,76042800,0.0,0.0,0.0
2022-10-11 00:00:00-04:00,342.78959291529037,347.37301498969447,340.3687094983833,342.3111572265625,92482800,0.0,0.0,0.0
2022-10-12 00:00:00-04:00,342.7226460270839,344.3014780144964,340.93327195985853,341.18206787109375,76991800,0.0,0.0,0.0
2022-10-13 00:00:00-04:00,334.1490155529715,351.65977770954976,333.096451291965,350.1861877441406,147254500,0.0,0.0,0.0
2022-10-14 00:00:00-04:00,352.6549207827784,354.2911917996768,341.5647854530019,342.2059020996094,123737000,0.0,0.0,0.0
2022-10-17 00:00:00-04:00,348.3107361814287,352.1095164641869,341.87098172888943,350.9995422363281,93168200,0.0,0.0,0.0
2022-10-18 00:00:00-04:00,358.95114250184974,359.2573483322076,351.6693365808902,355.1236572265625,97162900,0.0,0.0,0.0
2022-10-19 00:00:00-04:00,353.07600490663964,355.8126725772297,349.7843646155051,352.6071472167969,79746900,0.0,0.0,0.0
2022-10-20 00:00:00-04:00,352.15738908420826,356.5972865092172,348.8848759647924,349.650390625,88283100,0.0,0.0,0.0
2022-10-21 00:00:00-04:00,349.3729359677487,358.635445571471,347.8610917660503,358.1474609375,131038400,0.0,0.0,0.0
2022-10-24 00:00:00-04:00,359.67841851526555,363.6685560552677,357.0182878867323,362.5298767089844,85436900,0.0,0.0,0.0
2022-10-25 00:00:00-04:00,362.4533430922119,368.63472445502714,362.33852319095206,368.3189697265625,78846300,0.0,0.0,0.0
2022-10-26 00:00:00-04:00,365.1612026518363,370.86414713948733,364.9028579262017,365.5439453125,104087300,0.0,0.0,0.0
2022-10-27 00:00:00-04:00,366.54877042964904,368.3955254058148,362.97005118304014,363.592041015625,81971800,0.0,0.0,0.0
2022-10-28 00:00:00-04:00,363.4866988087279,372.7205010833071,363.30489092424085,372.2420654296875,100302000,0.0,0.0,0.0
2022-10-31 00:00:00-04:00,369.7733746190449,371.6488343281588,368.6442734105965,369.55328369140625,96631300,0.0,0.0,0.0
2022-11-01 00:00:00-04:00,373.3137986877374,373.5530165227909,366.75922416699274,367.9361572265625,85407600,0.0,0.0,0.0
2022-11-02 00:00:00-04:00,367.34297177891386,371.8689845944629,358.5971812448632,358.7024230957031,126990400,0.0,0.0,0.0
2022-11-03 00:00:00-04:00,355.4490027437404,358.0612720504973,352.8845945254816,355.00885009765625,87100100,0.0,0.0,0.0
2022-11-04 00:00:00-04:00,360.7404907966008,362.5298355084349,354.0423914979902,360.1185302734375,103505200,0.0,0.0,0.0
2022-11-07 00:00:00-05:00,361.4199727162862,364.1566407440789,359.3339995855059,363.5633850097656,68286900,0.0,0.0,0.0
2022-11-08 00:00:00-05:00,364.6732727169054,368.51033666449064,361.4294936112006,365.52490234375,84641100,0.0,0.0,0.0
2022-11-09 00:00:00-05:00,363.5441355230192,364.70197091504775,357.4967014075901,357.9942932128906,78495500,0.0,0.0,0.0
2022-11-10 00:00:00-05:00,371.31396196649206,378.00251339358414,369.00792742280294,377.6676025390625,141455800,0.0,0.0,0.0
2022-11-11 00:00:00-05:00,378.52876801611916,382.1266139613815,376.6341520595696,381.3228454589844,93839900,0.0,0.0,0.0
2022-11-14 00:00:00-05:00,379.55260009193285,382.9207767926326,377.8015091368323,378.0790100097656,71903500,0.0,0.0,0.0
2022-11-15 00:00:00-05:00,383.8489311640371,384.9589054196068,377.47616455268087,381.30364990234375,93194500,0.0,0.0,0.0
2022-11-16 00:00:00-05:00,379.66734015790666,380.6242113241095,377.76317588160805,378.39471435546875,68508500,0.0,0.0,0.0
2022-11-17 00:00:00-05:00,373.6199962931831,377.9163687088292,373.3138196401911,377.2369689941406,74496300,0.0,0.0,0.0
2022-11-18 00:00:00-05:00,380.58607123388674,380.65305924901264,376.0887925845708,378.9498291015625,92922500,0.0,0.0,0.0
2022-11-21 00:00:00-05:00,377.61979102852695,378.7488924148642,375.725174904621,377.5719299316406,51243200,0.0,0.0,0.0
2022-11-22 00:00:00-05:00,379.52393388792524,382.81557406409473,378.1077536070245,382.65289306640625,60429000,0.0,0.0,0.0
2022-11-23 00:00:00-05:00,382.31793318486797,385.55216299448375,382.088293407133,385.0641784667969,68261600,0.0,0.0,0.0
2022-11-25 00:00:00-05:00,384.49959168124366,385.5330290650388,384.22212002199467,384.97802734375,30545400,0.0,0.0,0.0
2022-11-28 00:00:00-05:00,381.8777742301874,383.52359408000194,378.0694158378015,378.8349304199219,67881600,0.0,0.0,0.0
2022-11-29 00:00:00-05:00,378.9689080128027,380.16499726824185,376.3375116508364,378.1842956542969,52310000,0.0,0.0,0.0
2022-11-30 00:00:00-05:00,378.43299678751555,390.0972595214844,376.50970545498825,390.0972595214844,144566700,0.0,0.0,0.0
2022-12-01 00:00:00-05:00,391.1402470231034,392.3172091630941,387.29363514332283,389.8102111816406,76398200,0.0,0.0,0.0
2022-12-02 00:00:00-05:00,384.9015407248155,390.26957554211833,384.7962988819975,389.3605651855469,85342700,0.0,0.0,0.0
2022-12-05 00:00:00-05:00,386.52820609599246,387.46592136062503,380.99749068100294,382.3562316894531,77289800,0.0,0.0,0.0
2022-12-06 00:00:00-05:00,382.1936644637525,382.7390590786088,374.74920463945534,376.8447265625,77972200,0.0,0.0,0.0
2022-12-07 00:00:00-05:00,375.9930393761272,378.576603761954,375.0648729769194,376.20355224609375,65927900,0.0,0.0,0.0
2022-12-08 00:00:00-05:00,378.09813024009253,380.22235644073726,376.30875642373786,379.1506652832031,60737900,0.0,0.0,0.0
2022-12-09 00:00:00-05:00,377.9067693033474,380.4711774858571,376.1939614285939,376.318359375,81447700,0.0,0.0,0.0
2022-12-12 00:00:00-05:00,377.112522286588,381.7438049316406,376.4427299182758,381.7438049316406,75405800,0.0,0.0,0.0
2022-12-13 00:00:00-05:00,392.5277640299923,392.7861087804528,381.8586543812398,384.6335754394531,123782500,0.0,0.0,0.0
2022-12-14 00:00:00-05:00,384.289116133772,388.01135996614795,379.21770929936065,382.1744384765625,108111300,0.0,0.0,0.0
2022-12-15 00:00:00-05:00,377.29437871823495,378.2034182224786,371.16085878407677,372.8258056640625,117705900,0.0,0.0,0.0
2022-12-16 00:00:00-05:00,370.2602148451411,371.6059805929755,366.28059118115254,368.4241943359375,119858000,1.781,0.0,0.0
2022-12-19 00:00:00-05:00,368.6164568242752,368.95290559297706,363.62748687937614,365.3000793457031,79878100,0.0,0.0,0.0
2022-12-20 00:00:00-05:00,364.54070190091164,367.4244982092744,363.2141509053859,365.7999572753906,74427200,0.0,0.0,0.0
2022-12-21 00:00:00-05:00,368.40494991105,372.4038173364099,367.86664365527946,371.26953125,78167400,0.0,0.0,0.0
2022-12-22 00:00:00-05:00,368.21263547412264,371.2502371282494,360.25336052462114,365.972900390625,100120900,0.0,0.0,0.0
2022-12-23 00:00:00-05:00,364.94433000239394,368.2222478788091,363.3870850605954,368.07806396484375,59857300,0.0,0.0,0.0
2022-12-27 00:00:00-05:00,367.9627904177246,368.30883188044186,364.9444029828394,366.6266174316406,51638200,0.0,0.0,0.0
2022-12-28 00:00:00-05:00,366.559282940557,368.5395164418001,361.8394961456738,362.0701904296875,70911500,0.0,0.0,0.0
2022-12-29 00:00:00-05:00,364.92513662505775,369.4623098415616,364.39642312891414,368.5875549316406,66970900,0.0,0.0,0.0
2022-12-30 00:00:00-05:00,365.89608574575635,367.76091368309494,363.77166803325207,367.6167297363281,84022200,0.0,0.0,0.0
2023-01-03 00:00:00-05:00,369.4815413852033,371.4617455709304,363.19485806302197,366.0690612792969,74850700,0.0,0.0,0.0
2023-01-04 00:00:00-05:00,368.3376827734689,370.93311118520086,365.28086572711294,368.8952331542969,85934100,0.0,0.0,0.0
2023-01-05 00:00:00-05:00,366.9342023188302,367.04954946455626,364.08886516079207,364.6848449707031,76970500,0.0,0.0,0.0
2023-01-06 00:00:00-05:00,367.78975890711524,374.1725755616377,364.7137270754062,373.0478820800781,104189600,0.0,0.0,0.0
2023-01-09 00:00:00-05:00,375.2492115932317,378.4502421621429,372.6538123234202,372.83642578125,73978100,0.0,0.0,0.0
2023-01-10 00:00:00-05:00,372.24998822129896,375.51828438119253,371.3079376645078,375.45098876953125,65358100,0.0,0.0,0.0
2023-01-11 00:00:00-05:00,377.0371345019458,380.2765941727516,376.22005305330094,380.1996765136719,68881100,0.0,0.0,0.0
2023-01-12 00:00:00-05:00,381.3051469866937,383.05462766402485,377.21976916675254,381.5838928222656,90157700,0.0,0.0,0.0
2023-01-13 00:00:00-05:00,378.37325993055947,383.64100457532766,378.1041068077167,383.0642395019531,63903900,0.0,0.0,0.0
2023-01-17 00:00:00-05:00,383.0450072774721,384.7272215523522,381.6799976439543,382.36248779296875,62677300,0.0,0.0,0.0
2023-01-18 00:00:00-05:00,383.55447849264397,384.6214688994839,376.12388712892096,376.32574462890625,99632300,0.0,0.0,0.0
2023-01-19 00:00:00-05:00,374.2782951082531,375.9316728273004,372.2596611662881,373.5862121582031,86958900,0.0,0.0,0.0
2023-01-20 00:00:00-05:00,374.98960301780386,380.69952130177495,373.3362255124201,380.54571533203125,91806400,0.0,0.0,0.0
2023-01-23 00:00:00-05:00,381.35317398077467,387.0534702139708,380.39190867323447,385.1117248535156,84178800,0.0,0.0,0.0
2023-01-24 00:00:00-05:00,383.4295479228715,385.61160982281007,382.2375882127455,384.69842529296875,59524900,0.0,0.0,0.0
2023-01-25 00:00:00-05:00,380.6129984594492,385.1790085287634,378.31556036459153,384.8425598144531,84800300,0.0,0.0,0.0
2023-01-26 00:00:00-05:00,387.51492880424684,389.2356020993196,384.5350001709371,389.0721740722656,72287400,0.0,0.0,0.0
2023-01-27 00:00:00-05:00,388.02438001546454,392.35007414970727,387.8129004621486,389.96612548828125,68346200,0.0,0.0,0.0
2023-01-30 00:00:00-05:00,387.1976915435842,389.4374563543724,384.7753132953742,385.07330322265625,74202000,0.0,0.0,0.0
2023-01-31 00:00:00-05:00,385.5923626089722,390.78318947127025,385.2462918392246,390.7351379394531,86811800,0.0,0.0,0.0
2023-02-01 00:00:00-05:00,389.51431717670346,397.64664301137975,386.7651124067299,394.8877868652344,101459200,0.0,0.0,0.0
2023-02-02 00:00:00-05:00,398.79055744002517,402.1069348680651,396.8872706861001,400.6361999511719,101654500,0.0,0.0,0.0
2023-02-03 00:00:00-05:00,395.647206038585,400.81881836953994,395.16657335854075,396.3777770996094,94736800,0.0,0.0,0.0
2023-02-06 00:00:00-05:00,393.9170148357987,395.3589131494051,392.2924737222957,393.9554443359375,60295300,0.0,0.0,0.0
2023-02-07 00:00:00-05:00,393.032553598725,400.3573907721146,391.7829203949697,399.1077575683594,90990700,0.0,0.0,0.0
2023-02-08 00:00:00-05:00,397.1275398238218,398.47330538262435,394.0514791161398,394.74359130859375,76227500,0.0,0.0,0.0
2023-02-09 00:00:00-05:00,398.35794092957406,398.5117468918236,390.09105380546026,391.32147216796875,78694900,0.0,0.0,0.0
2023-02-10 00:00:00-05:00,390.13916034833926,392.6192415030363,389.3221082284389,392.2347412109375,70769700,0.0,0.0,0.0
2023-02-13 00:00:00-05:00,392.8883857479932,396.9737635969899,392.42696780662374,396.83917236328125,64913500,0.0,0.0,0.0
2023-02-14 00:00:00-05:00,395.31076019339895,398.9731788953455,392.6865245158335,396.65655517578125,88389300,0.0,0.0,0.0
2023-02-15 00:00:00-05:00,394.4552734406725,398.0215599573254,393.60935517208264,397.9446716308594,61555700,0.0,0.0,0.0
2023-02-16 00:00:00-05:00,392.95561719800986,396.91602520771124,392.33080067258373,392.4653625488281,76431500,0.0,0.0,0.0
2023-02-17 00:00:00-05:00,390.3313637684741,391.72521011052794,388.39921123505167,391.4848937988281,89257800,0.0,0.0,0.0
2023-02-21 00:00:00-05:00,387.4476027187317,388.5050004519839,383.37184709473024,383.6313781738281,82655900,0.0,0.0,0.0
2023-02-22 00:00:00-05:00,384.0447434887899,385.59239604305503,381.6415799797693,383.10272216796875,83742300,0.0,0.0,0.0
2023-02-23 00:00:00-05:00,386.005727465885,386.6209513962091,380.9014105944118,385.1405944824219,96242400,0.0,0.0,0.0
2023-02-24 00:00:00-05:00,380.1035606580243,381.86266335503956,378.39250949469886,381.0263671875,108194400,0.0,0.0,0.0
2023-02-27 00:00:00-05:00,384.3811280100192,385.7461375626413,381.3819851456519,382.32403564453125,80444700,0.0,0.0,0.0
2023-02-28 00:00:00-05:00,381.8434086975598,383.813990740724,380.8052257918585,380.9109802246094,96438600,0.0,0.0,0.0
2023-03-01 00:00:00-05:00,380.0939508547448,381.32436937882426,378.1425832891619,379.44989013671875,99706800,0.0,0.0,0.0
2023-03-02 00:00:00-05:00,377.46967446922514,383.2468886693395,377.1332257261761,382.4009704589844,85127800,0.0,0.0,0.0
2023-03-03 00:00:00-05:00,384.2273948465631,388.78381290959834,383.5737413980239,388.53387451171875,90120000,0.0,0.0,0.0
2023-03-06 00:00:00-05:00,389.36056060676793,391.6676211659376,388.36086565565427,388.80303955078125,72795900,0.0,0.0,0.0
2023-03-07 00:00:00-05:00,388.75494500797566,388.9952613450141,382.22794508007405,382.8431396484375,108310600,0.0,0.0,0.0
2023-03-08 00:00:00-05:00,382.95851759749536,384.2273655669412,381.228222362903,383.4679870605469,74746600,0.0,0.0,0.0
2023-03-09 00:00:00-05:00,384.2561789471598,385.9288005055939,375.4029338100162,376.3930358886719,111945300,0.0,0.0,0.0
2023-03-10 00:00:00-05:00,375.8451291239822,377.9310878372953,369.43350567904514,370.9619140625,189253000,0.0,0.0,0.0
2023-03-13 00:00:00-04:00,367.02065632873496,375.2683280077432,365.905585198766,370.4331359863281,157790000,0.0,0.0,0.0
2023-03-14 00:00:00-04:00,375.3741210898015,378.20986562096294,372.05774388118834,376.5564880371094,149752400,0.0,0.0,0.0
2023-03-15 00:00:00-04:00,370.94268086644354,374.4032124796235,368.8471002165206,374.20135498046875,172996900,0.0,0.0,0.0
2023-03-16 00:00:00-04:00,371.8366809364042,381.1128859764341,371.327211458966,380.7668151855469,143254200,0.0,0.0,0.0
2023-03-17 00:00:00-04:00,379.43141471171157,380.5700299625412,374.92515919035674,376.3146667480469,140553400,1.506,0.0,0.0
2023-03-20 00:00:00-04:00,377.09622742972954,380.3480800216105,376.39184439630725,379.9331359863281,93055800,0.0,0.0,0.0
2023-03-21 00:00:00-04:00,383.31042205578353,385.40434206207703,381.7086278759935,384.921875,91524200,0.0,0.0,0.0
2023-03-22 00:00:00-04:00,384.7481168502928,388.3762484060382,378.3216533371149,378.3602294921875,111746600,0.0,0.0,0.0
2023-03-23 00:00:00-04:00,381.23574381783914,385.2884781128937,376.6619664014507,379.3830871582031,119351300,0.0,0.0,0.0
2023-03-24 00:00:00-04:00,378.0997846947485,381.9595212017763,375.74534306966535,381.8726806640625,107682400,0.0,0.0,0.0
2023-03-27 00:00:00-04:00,384.1595170439499,384.93148190774815,381.6892883746926,382.586669921875,74010400,0.0,0.0,0.0
2023-03-28 00:00:00-04:00,381.8919580974175,382.5867118272092,379.88490812660376,381.7279357910156,62871700,0.0,0.0,0.0
2023-03-29 00:00:00-04:00,385.9060259569887,387.5174786036879,384.6998585244868,387.2762451171875,77497900,0.0,0.0,0.0
2023-03-30 00:00:00-04:00,389.92022378786027,390.1711160814541,387.67194025222716,389.5439147949219,69840000,0.0,0.0,0.0
2023-03-31 00:00:00-04:00,390.4702443243022,395.3335205317909,390.36408625848367,395.0343933105469,112062600,0.0,0.0,0.0
2023-04-03 00:00:00-04:00,394.5133357511201,396.9449592242726,394.1177092132841,396.5397033691406,67391100,0.0,0.0,0.0
2023-04-04 00:00:00-04:00,397.1861987806899,397.4756967004807,392.95978239984845,394.33966064453125,66601500,0.0,0.0,0.0
2023-04-05 00:00:00-04:00,393.60625610917623,394.36856226217395,391.6474411444736,393.30712890625,65200200,0.0,0.0,0.0
2023-04-06 00:00:00-04:00,392.50621625119436,395.12120875106916,391.45444166145506,394.84136962890625,63743300,0.0,0.0,0.0
2023-04-10 00:00:00-04:00,392.3518104686767,395.32382376153726,391.73426800425153,395.2466125488281,63681000,0.0,0.0,0.0
2023-04-11 00:00:00-04:00,395.87385583944314,396.76157868174016,394.5808477361319,395.352783203125,59297900,0.0,0.0,0.0
2023-04-12 00:00:00-04:00,397.4273573961428,397.7168552613543,393.1527068916333,393.7413024902344,86420400,0.0,0.0,0.0
2023-04-13 00:00:00-04:00,394.83173783881375,399.32833439089336,393.6834638753183,398.9713134765625,85814800,0.0,0.0,0.0
2023-04-14 00:00:00-04:00,398.3344063770291,400.5344547422886,395.6808378490979,397.9966735839844,78161500,0.0,0.0,0.0
2023-04-17 00:00:00-04:00,397.9097903516003,399.4440317293952,396.6746761290546,399.42474365234375,66436400,0.0,0.0,0.0
2023-04-18 00:00:00-04:00,401.0072575989454,401.14236249332856,398.30545418576855,399.685302734375,63560000,0.0,0.0,0.0
2023-04-19 00:00:00-04:00,397.7650811599767,400.52477817155267,397.7071874777372,399.6177673339844,55227300,0.0,0.0,0.0
2023-04-20 00:00:00-04:00,396.79052346430586,399.19322927918245,395.8834830992031,397.4370422363281,75840400,0.0,0.0,0.0
2023-04-21 00:00:00-04:00,397.7361298114724,398.2089380268862,395.7869738207864,397.74578857421875,73457400,0.0,0.0,0.0
2023-04-24 00:00:00-04:00,397.5431946362604,398.5853399658447,396.2019515357637,398.1607666015625,64332100,0.0,0.0,0.0
2023-04-25 00:00:00-04:00,396.18262700309856,396.7423052676906,391.78252989419235,391.8404235839844,97766700,0.0,0.0,0.0
2023-04-26 00:00:00-04:00,392.4579541121772,393.5386754708215,389.6210458220118,390.1806945800781,80447000,0.0,0.0,0.0
2023-04-27 00:00:00-04:00,392.7281891742036,398.2186667054327,392.4772968783276,397.948486328125,92968400,0.0,0.0,0.0
2023-04-28 00:00:00-04:00,397.0606918017015,401.3546599841194,397.00279811610284,401.3450012207031,89433100,0.0,0.0,0.0
2023-05-01 00:00:00-04:00,400.9010916640462,402.97569367535664,400.7080931035981,400.939697265625,62122300,0.0,0.0,0.0
2023-05-02 00:00:00-04:00,400.2257167618957,400.2739811366578,393.51944225597487,396.43353271484375,103998500,0.0,0.0,0.0
2023-05-03 00:00:00-04:00,396.9352479486394,399.3572417840884,393.4711383189741,393.7123718261719,91531800,0.0,0.0,0.0
2023-05-04 00:00:00-04:00,392.66057543093643,392.9886494487858,389.5824336944863,390.9237060546875,94901900,0.0,0.0,0.0
2023-05-05 00:00:00-04:00,394.57121053373714,399.21254124798133,394.31068892506715,398.1607666015625,87891800,0.0,0.0,0.0
2023-05-08 00:00:00-04:00,398.48882165654356,398.74934325278616,396.8580807323069,398.2668762207031,50046800,0.0,0.0,0.0
2023-05-09 00:00:00-04:00,396.7133232875461,397.6396516896296,396.2887499683726,396.52032470703125,49220100,0.0,0.0,0.0
2023-05-10 00:00:00-04:00,399.3668666271847,400.0037265657887,394.5325381303641,398.37298583984375,96142900,0.0,0.0,0.0
2023-05-11 00:00:00-04:00,397.5045416173842,397.9676910543597,395.59396184752075,397.67822265625,70157100,0.0,0.0,0.0
2023-05-12 00:00:00-04:00,398.9230111667802,399.13529781612647,394.72554254638004,397.15716552734375,70481500,0.0,0.0,0.0
2023-05-15 00:00:00-04:00,397.76512913138123,398.9326911272858,395.84491972814425,398.5274353027344,54289400,0.0,0.0,0.0
2023-05-16 00:00:00-04:00,397.417726473918,398.34408437055214,395.8545380135922,395.86419677734375,57705500,0.0,0.0,0.0
2023-05-17 00:00:00-04:00,397.8905410307854,401.2774393485742,396.24051213507045,400.6695556640625,87287000,0.0,0.0,0.0
2023-05-18 00:00:00-04:00,400.3511463104752,404.95390074612783,400.1292303171092,404.5293273925781,97177200,0.0,0.0,0.0
2023-05-19 00:00:00-04:00,405.43636985479037,405.9670718257059,402.715248651571,403.9407043457031,103793300,0.0,0.0,0.0
2023-05-22 00:00:00-04:00,403.9599716044401,405.64860605306404,402.71519853702625,404.1047058105469,60745400,0.0,0.0,0.0
2023-05-23 00:00:00-04:00,402.45469303589124,404.0371990614997,399.1739230541448,399.5695495605469,86383500,0.0,0.0,0.0
2023-05-24 00:00:00-04:00,397.9581224571478,398.3440901959979,395.5071816719006,396.67474365234375,89213700,0.0,0.0,0.0
2023-05-25 00:00:00-04:00,400.1967648529363,401.56698425113296,397.948481325118,400.10992431640625,90961600,0.0,0.0,0.0
2023-05-26 00:00:00-04:00,400.7660523374588,406.015296007875,400.6888705691221,405.2915954589844,93830000,0.0,0.0,0.0
2023-05-30 00:00:00-04:00,407.23111777674455,407.76181972765335,404.05647649266785,405.44598388671875,72216000,0.0,0.0,0.0
2023-05-31 00:00:00-04:00,403.6126074392259,404.5196477889496,401.6248456806696,403.19769287109375,110811800,0.0,0.0,0.0
2023-06-01 00:00:00-04:00,403.42922817894714,408.0898756082437,402.1748258336311,407.0284423828125,88865000,0.0,0.0,0.0
2023-06-02 00:00:00-04:00,409.6145242472178,413.70583539601955,409.08382227275683,412.91461181640625,91426200,0.0,0.0,0.0
2023-06-05 00:00:00-04:00,413.26193659754,414.5549446371605,411.41890910486813,412.1233215332031,65460200,0.0,0.0,0.0
2023-06-06 00:00:00-04:00,411.70845567915006,413.5514539423894,411.05227809471006,413.020751953125,64022200,0.0,0.0,0.0
2023-06-07 00:00:00-04:00,413.416360399151,414.55497554838854,411.16804749778333,411.5926208496094,85373300,0.0,0.0,0.0
2023-06-08 00:00:00-04:00,411.6601290941159,414.53564295041497,410.88819369048633,414.0821228027344,61952800,0.0,0.0,0.0
2023-06-09 00:00:00-04:00,414.88305848527847,416.84187353554825,413.8312838471978,414.8251647949219,85742800,0.0,0.0,0.0
2023-06-12 00:00:00-04:00,415.80939357946767,418.6655901207844,415.08569304232174,418.58837890625,76104300,0.0,0.0,0.0
2023-06-13 00:00:00-04:00,420.0551058951808,421.994603349192,419.38929903191627,421.3481140136719,95899700,0.0,0.0,0.0
2023-06-14 00:00:00-04:00,421.68586172628517,423.6639648582249,418.38577413752927,421.8498840332031,100612100,0.0,0.0,0.0
2023-06-15 00:00:00-04:00,421.0296483104209,428.33420591477267,420.9331784663069,427.0798034667969,110303100,0.0,0.0,0.0
2023-06-16 00:00:00-04:00,429.0730147226843,429.64443703691825,425.15052699072436,425.6250915527344,114165800,1.638,0.0,0.0
2023-06-20 00:00:00-04:00,423.67838900347647,424.56940938616935,421.3345614533151,423.4168701171875,76160400,0.0,0.0,0.0
2023-06-21 00:00:00-04:00,422.4289690630937,423.2328262923549,420.65656392245774,421.24737548828125,76982300,0.0,0.0,0.0
2023-06-22 00:00:00-04:00,420.2885397836048,422.874467164617,419.9495524578209,422.7679443359375,70637200,0.0,0.0,0.0
2023-06-23 00:00:00-04:00,419.3006239174076,421.3635726421897,418.85511377171673,419.5718078613281,92074500,0.0,0.0,0.0
2023-06-26 00:00:00-04:00,419.00041906375236,420.92776119205604,417.6154448665978,417.8575744628906,72823600,0.0,0.0,0.0
2023-06-27 00:00:00-04:00,418.7389427456429,423.05852660175333,418.2837379082009,422.4386901855469,72813700,0.0,0.0,0.0
2023-06-28 00:00:00-04:00,421.35392323417744,423.6686964256791,420.73408682017543,422.6517639160156,75636000,0.0,0.0,0.0
2023-06-29 00:00:00-04:00,422.23525734843753,424.48222704472147,421.8284961877175,424.31756591796875,67882300,0.0,0.0,0.0
2023-06-30 00:00:00-04:00,427.542758817571,430.3127072151387,427.2231311982605,429.3248291015625,104964000,0.0,0.0,0.0
2023-07-03 00:00:00-04:00,428.9761498891222,430.099605137091,428.6952712987132,429.8187561035156,32793400,0.0,0.0,0.0
2023-07-05 00:00:00-04:00,427.99794136005,429.9156183055728,427.98824671850423,429.1795349121094,58418400,0.0,0.0,0.0
2023-07-06 00:00:00-04:00,425.5863821733005,426.2449676130774,423.30066330541297,425.8188171386719,80658300,0.0,0.0,0.0
2023-07-07 00:00:00-04:00,424.8212419223924,428.705010268812,424.50161428998615,424.7437438964844,86134200,0.0,0.0,0.0
2023-07-10 00:00:00-04:00,424.3853992195954,425.99314336270044,423.8139768918328,425.8188171386719,62443500,0.0,0.0,0.0
2023-07-11 00:00:00-04:00,426.5839073993123,429.0245629340207,425.6056944344112,428.5306091308594,64463800,0.0,0.0,0.0
2023-07-12 00:00:00-04:00,432.3368922188444,433.39257360460454,430.9034745139641,431.978515625,91924500,0.0,0.0,0.0
2023-07-13 00:00:00-04:00,433.79939089874614,436.20132720138423,433.36357534737226,435.4071350097656,72425200,0.0,0.0,0.0
2023-07-14 00:00:00-04:00,436.29818974063414,437.15046112494997,434.3708179806255,435.1359558105469,69815800,0.0,0.0,0.0
2023-07-17 00:00:00-04:00,434.99063152335657,437.70247095755104,434.9421878739544,436.64678955078125,52680200,0.0,0.0,0.0
2023-07-18 00:00:00-04:00,436.3175222997564,440.5402481729128,435.88167721390397,439.891357421875,80668200,0.0,0.0,0.0
2023-07-19 00:00:00-04:00,440.6855470187412,442.0608265336728,439.8138568520883,440.86956787109375,65891700,0.0,0.0,0.0
2023-07-20 00:00:00-04:00,439.87201281954555,440.7727278339868,437.2279469585864,437.94464111328125,70591600,0.0,0.0,0.0
2023-07-21 00:00:00-04:00,439.6686026755085,439.87201281954555,437.93497602797174,437.94464111328125,71275600,0.0,0.0,0.0
2023-07-24 00:00:00-04:00,439.09717520084894,440.7146139077843,438.0608534359134,439.90106201171875,54023400,0.0,0.0,0.0
2023-07-25 00:00:00-04:00,439.6298525277362,442.36105174998073,439.58140887722743,441.10198974609375,55191200,0.0,0.0,0.0
2023-07-26 00:00:00-04:00,440.16253245222157,442.60318803571505,439.10685100534744,441.1697998046875,71052900,0.0,0.0,0.0
2023-07-27 00:00:00-04:00,444.5692349806941,444.976025649333,437.3344024952314,438.24481201171875,92194400,0.0,0.0,0.0
2023-07-28 00:00:00-04:00,441.5281939658573,443.3683731021995,438.24490224608303,442.53546142578125,80011800,0.0,0.0,0.0
2023-07-31 00:00:00-04:00,443.0099490479554,443.73633775639166,441.6927488204381,443.37799072265625,62040400,0.0,0.0,0.0
2023-08-01 00:00:00-04:00,441.9058733052999,442.85503196396667,441.15043014655225,442.1092834472656,55291500,0.0,0.0,0.0
2023-08-02 00:00:00-04:00,438.9809399885829,439.2424293013425,435.2037243534402,435.95916748046875,93933400,0.0,0.0,0.0
2023-08-03 00:00:00-04:00,433.9350054287447,436.5984311098676,433.28608507597204,434.7098083496094,64276100,0.0,0.0,0.0
2023-08-04 00:00:00-04:00,436.53059316769526,438.6419560832141,432.2206746748888,432.7436828613281,100128900,0.0,0.0,0.0
2023-08-07 00:00:00-04:00,434.58386780867363,436.6758710264232,433.8865334027571,436.5209045410156,58357500,0.0,0.0,0.0
2023-08-08 00:00:00-04:00,433.9736688423559,436.5112116276927,431.2521347714645,434.6225891113281,71361300,0.0,0.0,0.0
2023-08-09 00:00:00-04:00,434.89374917989835,435.0584102876179,430.95187280364064,431.7170104980469,78789600,0.0,0.0,0.0
2023-08-10 00:00:00-04:00,434.0802298731548,437.47973864760297,430.7001103815545,431.87200927734375,93005500,0.0,0.0,0.0
2023-08-11 00:00:00-04:00,429.9931049607352,432.6371707700478,429.39262829617013,431.6202087402344,68690900,0.0,0.0,0.0
2023-08-14 00:00:00-04:00,430.7001249960908,434.00274658203125,430.3901920283433,434.00274658203125,47867400,0.0,0.0,0.0
2023-08-15 00:00:00-04:00,432.22071103488054,432.57908768331487,428.37569166843355,428.9471435546875,75707500,0.0,0.0,0.0
2023-08-16 00:00:00-04:00,428.5306378687395,430.19649067911223,425.6928860842807,425.7994384765625,80107200,0.0,0.0,0.0
2023-08-17 00:00:00-04:00,427.27155014496947,427.53303945369214,422.0318624311896,422.55487060546875,95711300,0.0,0.0,0.0
2023-08-18 00:00:00-04:00,419.7268030238674,423.79459201752337,419.3781505964978,422.7582702636719,98852000,0.0,0.0,0.0
2023-08-21 00:00:00-04:00,423.7752547545702,426.2546597318992,421.6154774317346,425.5089111328125,68719000,0.0,0.0,0.0
2023-08-22 00:00:00-04:00,427.2908713006881,427.2908713006881,423.7945346311659,424.35626220703125,64994200,0.0,0.0,0.0
2023-08-23 00:00:00-04:00,425.4216740348195,429.70253803409815,425.27640219751186,429.0826721191406,68441000,0.0,0.0,0.0
2023-08-24 00:00:00-04:00,430.69047958543786,431.2037931908301,423.10696343469795,423.13604736328125,88517300,0.0,0.0,0.0
2023-08-25 00:00:00-04:00,424.8696216104319,427.40713495192443,421.30548118508113,426.1190185546875,102325100,0.0,0.0,0.0
2023-08-28 00:00:00-04:00,428.31754904739176,429.4410338891343,426.1190230158921,428.8211975097656,61595400,0.0,0.0,0.0
2023-08-29 00:00:00-04:00,428.71468038762214,435.30062349579674,428.53065951997604,435.0197448730469,83081900,0.0,0.0,0.0
2023-08-30 00:00:00-04:00,435.35868490424787,437.450688048326,434.651655881381,436.81146240234375,69053900,0.0,0.0,0.0
2023-08-31 00:00:00-04:00,437.4313338384164,438.5741784682446,435.98825086612203,436.1722717285156,66084600,0.0,0.0,0.0
2023-09-01 00:00:00-04:00,438.9034863550366,439.38774554402755,435.523337117232,436.9858093261719,58944100,0.0,0.0,0.0
2023-09-05 00:00:00-04:00,436.540311007373,436.8599090757818,435.02942466122306,435.0971984863281,55166200,0.0,0.0,0.0
2023-09-06 00:00:00-04:00,434.2836346985003,434.39018708961373,429.838138891174,432.1722717285156,70758500,0.0,0.0,0.0
2023-09-07 00:00:00-04:00,429.1601559057676,431.5233430664757,428.81150348377855,430.84539794921875,70355400,0.0,0.0,0.0
2023-09-08 00:00:00-04:00,430.89381655306994,433.0342338731247,430.53546948555345,431.4942932128906,61659700,0.0,0.0,0.0
2023-09-11 00:00:00-04:00,434.12865163508343,434.64196517344953,432.41438481227607,434.3320617675781,60180100,0.0,0.0,0.0
2023-09-12 00:00:00-04:00,432.87929231362625,434.4095383156122,431.36840603835697,431.9494934082031,67565400,0.0,0.0,0.0
2023-09-13 00:00:00-04:00,432.17224641097573,433.61532925118615,431.0681213376737,432.453125,60199300,0.0,0.0,0.0
2023-09-14 00:00:00-04:00,434.9325783074241,436.87928025242013,433.6250725159966,436.18194580078125,83430800,0.0,0.0,0.0
2023-09-15 00:00:00-04:00,434.5909096949505,434.9213639440362,430.4893439452129,430.92669677734375,111848900,1.583,0.0,0.0
2023-09-18 00:00:00-04:00,430.6156436055034,432.48177122246517,430.13940510883424,431.17938232421875,55752200,0.0,0.0,0.0
2023-09-19 00:00:00-04:00,430.2560604296138,430.8489560404354,427.59296875309155,430.28521728515625,66514600,0.0,0.0,0.0
2023-09-20 00:00:00-04:00,431.54875257145443,431.9666773901904,426.125340122441,426.3294677734375,82562600,0.0,0.0,0.0
2023-09-21 00:00:00-04:00,423.47193386836017,423.7343455427682,419.12738484772433,419.28289794921875,104095800,0.0,0.0,0.0
2023-09-22 00:00:00-04:00,420.31320585269816,421.91689230128753,417.92222494714036,418.3401794433594,100829700,0.0,0.0,0.0
2023-09-25 00:00:00-04:00,417.12521698798207,420.13819074776075,416.68783452035365,420.0993347167969,70874500,0.0,0.0,0.0
2023-09-26 00:00:00-04:00,417.04745332495224,417.7569763279254,413.09167201085535,413.92755126953125,96168400,0.0,0.0,0.0
2023-09-27 00:00:00-04:00,415.1035632540751,415.667301957409,410.4382888305996,414.0927429199219,104705800,0.0,0.0,0.0
2023-09-28 00:00:00-04:00,413.53877864718345,418.1748963964089,412.94588306815257,416.4934387207031,92258300,0.0,0.0,0.0
2023-09-29 00:00:00-04:00,419.55504406068815,419.72998517929483,413.9566909765415,415.4826354980469,115111300,0.0,0.0,0.0
2023-10-02 00:00:00-04:00,414.646715079132,416.57115617588846,412.54733288114915,415.3173522949219,83798600,0.0,0.0,0.0
2023-10-03 00:00:00-04:00,413.13054906663035,415.37571578475433,408.3875031242602,409.7579345703125,103760600,0.0,0.0,0.0
2023-10-04 00:00:00-04:00,410.2244834730011,413.49016980797626,408.7568525933047,412.7417907714844,87453000,0.0,0.0,0.0
2023-10-05 00:00:00-04:00,412.45018810032917,413.4318516223271,409.34974374781166,412.5862731933594,70142700,0.0,0.0,0.0
2023-10-06 00:00:00-04:00,410.12728008196234,419.0302053529861,408.795734309722,417.4848327636719,113273300,0.0,0.0,0.0
2023-10-09 00:00:00-04:00,415.57985026561204,420.7311222733579,415.0258699966629,420.1576843261719,80374400,0.0,0.0,0.0
2023-10-10 00:00:00-04:00,420.78938108166943,424.94926011159197,420.39088432404174,422.344482421875,78607300,0.0,0.0,0.0
2023-10-11 00:00:00-04:00,423.4135850275133,424.32717622370876,421.02260465917084,424.0744934082031,62451700,0.0,0.0,0.0
2023-10-12 00:00:00-04:00,424.68687017880916,425.06590928014145,419.12740262422676,421.48919677734375,81154200,0.0,0.0,0.0
2023-10-13 00:00:00-04:00,422.9957010478843,424.2009202698343,417.8153020428582,419.38983154296875,95143100,0.0,0.0,0.0
2023-10-16 00:00:00-04:00,421.64470254373396,424.8715327429623,421.4017188780287,423.8023986816406,75433200,0.0,0.0,0.0
2023-10-17 00:00:00-04:00,420.6630265965554,425.8434548063301,420.313144365616,423.7829284667969,75324700,0.0,0.0,0.0
2023-10-18 00:00:00-04:00,422.004296810028,422.96650259633606,417.0474242949097,418.135986328125,93559800,0.0,0.0,0.0
2023-10-19 00:00:00-04:00,418.85526089082725,420.6727739909263,413.78176069076767,414.46209716796875,121323000,0.0,0.0,0.0
2023-10-20 00:00:00-04:00,414.0247157104838,414.56899671901874,409.262212394168,409.369140625,123919900,0.0,0.0,0.0
2023-10-23 00:00:00-04:00,407.8334870607581,412.5376769009492,406.07428770501764,408.6596374511719,92035100,0.0,0.0,0.0
2023-10-24 00:00:00-04:00,410.78815502983304,412.8972661743781,408.93175637423457,411.74066162109375,78564200,0.0,0.0,0.0
2023-10-25 00:00:00-04:00,410.04958295534215,410.07873981261,405.3162356108179,405.83135986328125,94223200,0.0,0.0,0.0
2023-10-26 00:00:00-04:00,404.7621566218401,405.61743411350494,400.04826810570256,400.9715881347656,115156800,0.0,0.0,0.0
2023-10-27 00:00:00-04:00,402.5656138725483,402.9641106372074,397.72536865178915,399.15411376953125,107367700,0.0,0.0,0.0
2023-10-30 00:00:00-04:00,401.9533043501809,404.9857358094935,400.65091543681416,403.92633056640625,86562700,0.0,0.0,0.0
2023-10-31 00:00:00-04:00,404.4998075370424,406.78386019049003,402.5850948438665,406.463134765625,79665200,0.0,0.0,0.0
2023-11-01 00:00:00-04:00,407.4350269329694,411.6143341639396,406.9004450659712,410.79791259765625,98068100,0.0,0.0,0.0
2023-11-02 00:00:00-04:00,414.6078535256142,418.8260758413125,414.5884255113766,418.6705627441406,94938900,0.0,0.0,0.0
2023-11-03 00:00:00-04:00,420.98377808691504,424.0453662261893,420.8574218397773,422.4902648925781,100167800,0.0,0.0,0.0
2023-11-06 00:00:00-05:00,423.2483924241886,423.909300881896,421.5086210577569,423.46221923828125,67831700,0.0,0.0,0.0
2023-11-07 00:00:00-05:00,423.462169040648,425.3088387646738,422.3152933833265,424.6673583984375,64256100,0.0,0.0,0.0
2023-11-08 00:00:00-05:00,425.2699926017036,425.7948456157836,422.66521486841896,424.9784240722656,61746000,0.0,0.0,0.0
2023-11-09 00:00:00-05:00,426.1253308443145,426.1642165380997,421.23650040437826,421.6641540527344,83174400,0.0,0.0,0.0
2023-11-10 00:00:00-05:00,423.74407761206675,428.5551363127825,421.6543943944366,428.2441101074219,89462200,0.0,0.0,0.0
2023-11-13 00:00:00-05:00,426.90285804309843,428.9438970364139,426.11559336599885,427.8359069824219,52236100,0.0,0.0,0.0
2023-11-14 00:00:00-05:00,433.7939251946129,437.4289516718833,433.5703695238838,436.13629150390625,97176900,0.0,0.0,0.0
2023-11-15 00:00:00-05:00,437.47752564394085,438.7119017300807,436.2042935247165,437.0596008300781,77327600,0.0,0.0,0.0
2023-11-16 00:00:00-05:00,436.6124832436495,437.9148721110953,435.54334919989805,437.5941467285156,66665800,0.0,0.0,0.0
2023-11-17 00:00:00-05:00,437.6038458819822,438.7507513076313,436.68052576418063,438.138427734375,83133200,0.0,0.0,0.0
2023-11-20 00:00:00-05:00,437.8857506768845,442.3566563462381,437.87602183807985,441.5110778808594,69936200,0.0,0.0,0.0
2023-11-21 00:00:00-05:00,440.4613575618605,441.38470738571004,439.2755960485925,440.548828125,49244600,0.0,0.0,0.0
2023-11-22 00:00:00-05:00,442.2108387941116,443.57154137515226,441.15143358240533,442.24969482421875,59394900,0.0,0.0,0.0
2023-11-24 00:00:00-05:00,442.2982635869737,442.7161883255682,441.9678093987068,442.52178955078125,29737400,0.0,0.0,0.0
2023-11-27 00:00:00-05:00,441.89009631858715,442.70651789043535,441.33608643233896,441.7248840332031,50506000,0.0,0.0,0.0
2023-11-28 00:00:00-05:00,441.3360810451993,443.4646203412509,440.7723719885752,442.1622314453125,62115000,0.0,0.0,0.0
2023-11-29 00:00:00-05:00,444.3199492892873,445.45712595738206,441.4527596750205,441.8512268066406,63146000,0.0,0.0,0.0
2023-11-30 00:00:00-05:00,442.69680962338475,443.9408848017652,440.6168552136203,443.5909729003906,79752700,0.0,0.0,0.0
2023-12-01 00:00:00-05:00,442.978681217379,446.7497927155819,442.3858152693998,446.2152404785156,89183400,0.0,0.0,0.0
2023-12-04 00:00:00-05:00,442.8133976086151,446.23459662926416,441.58875055448476,443.872802734375,72430900,0.0,0.0,0.0
2023-12-05 00:00:00-05:00,442.482980993305,444.74757569096187,442.1039122401313,443.7853698730469,69793500,0.0,0.0,0.0
2023-12-06 00:00:00-05:00,445.9333327307286,445.9624895836762,441.5596268220381,441.99700927734375,69124700,0.0,0.0,0.0
2023-12-07 00:00:00-05:00,444.0866984690036,446.0208390789402,443.48410368567227,445.3696594238281,66995400,0.0,0.0,0.0
2023-12-08 00:00:00-05:00,444.6212111977086,447.81888446185815,444.3782275382068,447.2843322753906,83194400,0.0,0.0,0.0
2023-12-11 00:00:00-05:00,446.78864054401777,449.1990491481444,446.5748137350945,449.0240783691406,65002200,0.0,0.0,0.0
2023-12-12 00:00:00-05:00,448.6742406500045,451.17212006092257,447.67314905005793,451.0749206542969,68327600,0.0,0.0,0.0
2023-12-13 00:00:00-05:00,451.45392076971996,457.54797007152996,451.0943096912645,457.2952575683594,93278000,0.0,0.0,0.0
2023-12-14 00:00:00-05:00,459.23914744875873,460.43463781217446,456.08035966207416,458.7629089355469,119026000,0.0,0.0,0.0
2023-12-15 00:00:00-05:00,458.1636814623305,459.3445120086127,456.15338074265475,458.0075378417969,141553700,1.906,0.0,0.0
2023-12-18 00:00:00-05:00,459.61772484302196,461.5694752957874,458.5540244200266,460.5838317871094,70375300,0.0,0.0,0.0
2023-12-19 00:00:00-05:00,461.13028279112433,463.4626386913974,461.05222588302615,463.3845520019531,55761800,0.0,0.0,0.0
2023-12-20 00:00:00-05:00,462.52581937540066,464.4190197192671,456.5339609015259,456.9633483886719,102921000,0.0,0.0,0.0
2023-12-21 00:00:00-05:00,459.95922961740695,461.5694474689413,457.52930998023913,461.29620361328125,86667500,0.0,0.0,0.0
2023-12-22 00:00:00-05:00,462.42828364105014,463.9116332478234,460.3204190717401,462.2233581542969,67160400,0.0,0.0,0.0
2023-12-26 00:00:00-05:00,462.6332094792943,465.0826362249441,462.5551227779302,464.1750793457031,55387000,0.0,0.0,0.0
2023-12-27 00:00:00-05:00,463.9701495554804,465.16071859872636,463.4334300593357,465.01434326171875,68000300,0.0,0.0,0.0
2023-12-28 00:00:00-05:00,465.37536007274633,466.0291797650464,464.77032222685176,465.18994140625,77158100,0.0,0.0,0.0
2023-12-29 00:00:00-05:00,464.9947873638026,465.5217683364712,461.8817429403466,463.84326171875,122283100,0.0,0.0,0.0
2024-01-02 00:00:00-05:00,460.7692671751978,462.2428483505155,459.13954238423355,461.2474365234375,123623700,0.0,0.0,0.0
2024-01-03 00:00:00-05:00,459.08101082809003,459.82268558708614,456.8755528985423,457.4805908203125,103585900,0.0,0.0,0.0
2024-01-04 00:00:00-05:00,457.0023705654277,459.59820232067887,455.78252649517907,456.0069885253906,84232200,0.0,0.0,0.0
2024-01-05 00:00:00-05:00,456.21194277640495,459.0907868763805,455.17751732207205,456.631591796875,86118900,0.0,0.0,0.0
2024-01-08 00:00:00-05:00,457.1292574663028,463.29679648061466,457.00238891288757,463.1504211425781,74879100,0.0,0.0,0.0
2024-01-09 00:00:00-05:00,460.4862959607646,463.4724721448551,459.97885150079935,462.44781494140625,65931400,0.0,0.0,0.0
2024-01-10 00:00:00-05:00,462.7210764175107,465.93171477496674,462.43806421690306,465.06317138671875,67310600,0.0,0.0,0.0
2024-01-11 00:00:00-05:00,466.0682606035861,466.5854732987493,460.866858585486,464.8581848144531,77940700,0.0,0.0,0.0
2024-01-12 00:00:00-05:00,466.3121945689862,467.0538692392075,463.7651746325901,465.18017578125,58026400,0.0,0.0,0.0
2024-01-16 00:00:00-05:00,463.79449814902443,465.1119059605971,461.64756060638337,463.4724426269531,85014900,0.0,0.0,0.0
2024-01-17 00:00:00-05:00,460.437486104456,461.3840863262476,458.53451737794865,460.8961486816406,68843900,0.0,0.0,0.0
2024-01-18 00:00:00-05:00,462.57459961110374,465.55100697188686,461.02296166205167,464.9947509765625,91856200,0.0,0.0,0.0
2024-01-19 00:00:00-05:00,466.12682126184484,471.07451607606174,465.04361399672933,470.79150390625,110834500,0.0,0.0,0.0
2024-01-22 00:00:00-05:00,472.3334446086135,473.5142454606471,471.13310718922804,471.7869567871094,75844900,0.0,0.0,0.0
2024-01-23 00:00:00-05:00,472.3334326185078,473.4068716669151,471.2404570032446,473.16290283203125,49945300,0.0,0.0,0.0
2024-01-24 00:00:00-05:00,476.0417162376214,476.978548164265,473.1824088250565,473.68011474609375,81765000,0.0,0.0,0.0
2024-01-25 00:00:00-05:00,475.817252905647,476.529652576822,473.6801134548218,476.25640869140625,72525000,0.0,0.0,0.0
2024-01-26 00:00:00-05:00,475.8270175879346,477.3201055543282,474.8023604707163,475.6513671875,76641600,0.0,0.0,0.0
2024-01-29 00:00:00-05:00,475.9636663212125,479.564648526909,475.4171785408518,479.4182434082031,61322800,0.0,0.0,0.0
2024-01-30 00:00:00-05:00,478.72539929766515,479.75982476451486,478.2862434868122,479.0474548339844,58618400,0.0,0.0,0.0
2024-01-31 00:00:00-05:00,476.8321663361625,477.28106061845324,471.21111529014115,471.23065185546875,126011100,0.0,0.0,0.0
2024-02-01 00:00:00-05:00,472.9384664663924,477.4274989456315,472.128473264039,477.3982238769531,91891600,0.0,0.0,0.0
2024-02-02 00:00:00-05:00,477.8373849257178,484.08298154607263,477.4958225785378,482.42401123046875,99228200,0.0,0.0,0.0
2024-02-05 00:00:00-05:00,481.78969997585904,482.4532881045809,478.4034111249336,480.66741943359375,75757100,0.0,0.0,0.0
2024-02-06 00:00:00-05:00,481.6139726429951,482.3946907604105,480.17943474492984,482.0628967285156,55918600,0.0,0.0,0.0
2024-02-07 00:00:00-05:00,484.3171641716027,486.5031153279947,483.40957750278733,486.08349609375,70556500,0.0,0.0,0.0
2024-02-08 00:00:00-05:00,486.08349349833503,486.67876313703624,485.26376181906494,486.2981872558594,52343600,0.0,0.0,0.0
2024-02-09 00:00:00-05:00,486.8055920858739,489.5477990767194,486.4640298019624,489.1086730957031,63979400,0.0,0.0,0.0
2024-02-12 00:00:00-05:00,489.0794006092278,491.3531767842972,488.17181401431174,488.89398193359375,56502300,0.0,0.0,0.0
2024-02-13 00:00:00-05:00,482.59961722906473,485.097855647228,478.8815346699486,482.16046142578125,113099200,0.0,0.0,0.0
2024-02-14 00:00:00-05:00,484.8050879708214,487.0300824146668,482.4727317600331,486.5421447753906,68387800,0.0,0.0,0.0
2024-02-15 00:00:00-05:00,487.2447879089923,490.08458861177627,486.7665887596598,489.899169921875,61683000,0.0,0.0,0.0
2024-02-16 00:00:00-05:00,489.5966725621618,490.7384300384019,486.7178283814998,487.4595031738281,75532900,0.0,0.0,0.0
2024-02-20 00:00:00-05:00,485.7126498093255,486.3860061409344,482.5215483370468,484.77581787109375,71736700,0.0,0.0,0.0
2024-02-21 00:00:00-05:00,483.4681096019714,485.3710483925051,481.6529662252207,485.21490478515625,59293400,0.0,0.0,0.0
2024-02-22 00:00:00-05:00,491.85091860629063,496.22282088243315,490.88478180969435,495.2567138671875,76402500,0.0,0.0,0.0
2024-02-23 00:00:00-05:00,496.9840234236674,497.8232917019366,494.8663906145189,495.5982971191406,61321800,0.0,0.0,0.0
2024-02-26 00:00:00-05:00,496.03738103257336,496.4765368105967,493.65624302388784,493.7831115722656,50386700,0.0,0.0,0.0
2024-02-27 00:00:00-05:00,494.47600720291285,494.92490148468676,492.5730385293385,494.700439453125,48854500,0.0,0.0,0.0
2024-02-28 00:00:00-05:00,493.1390746728501,494.6321627585008,492.778005560445,494.0466613769531,56506600,0.0,0.0,0.0
2024-02-29 00:00:00-05:00,495.8129543697353,497.4426493891131,493.15857245054144,495.82269287109375,83924800,0.0,0.0,0.0
2024-03-01 00:00:00-05:00,496.70102769902195,500.90701813560685,496.2911469636296,500.4776306152344,76844800,0.0,0.0,0.0
2024-03-04 00:00:00-05:00,499.67750263466905,501.7951355453711,499.648197782981,499.9409484863281,49799300,0.0,0.0,0.0
2024-03-05 00:00:00-05:00,497.9305728239268,498.3794968768046,492.72917089960293,494.94439697265625,72855600,0.0,0.0,0.0
2024-03-06 00:00:00-05:00,498.2330808403037,499.71643023233077,496.15449164144957,497.452392578125,68382400,0.0,0.0,0.0
2024-03-07 00:00:00-05:00,500.76065530231244,503.444312321391,497.5109739434722,502.3903503417969,58652100,0.0,0.0,0.0
2024-03-08 00:00:00-05:00,503.0247023113752,505.7180680999103,498.7991455954804,499.3749084472656,86532500,0.0,0.0,0.0
2024-03-11 00:00:00-04:00,498.1648377894375,499.53105726392937,496.2325939589306,498.9455261230469,62557200,0.0,0.0,0.0
2024-03-12 00:00:00-04:00,501.0631241419624,504.8983064599404,498.53558121283794,504.31280517578125,73114400,0.0,0.0,0.0
2024-03-13 00:00:00-04:00,504.6348815647523,504.8105319780075,502.078092945087,503.5223693847656,55104100,0.0,0.0,0.0
2024-03-14 00:00:00-04:00,504.4982050635474,504.654378460411,499.4724832072711,502.5269775390625,110171800,0.0,0.0,0.0
2024-03-15 00:00:00-04:00,499.44831403821377,500.906906313764,497.4024012478183,499.0763244628906,107646300,1.595,0.0,0.0
2024-03-18 00:00:00-04:00,503.15841876026013,504.6071826366265,501.63132556015915,502.0424499511719,88893300,0.0,0.0,0.0
2024-03-19 00:00:00-04:00,501.3474589189953,505.11622858588777,500.3391555977347,504.8323669433594,60755300,0.0,0.0,0.0
2024-03-20 00:00:00-04:00,504.89106308633967,509.63873983527566,504.21561462485215,509.5016784667969,69594600,0.0,0.0,0.0
2024-03-21 00:00:00-04:00,512.3503269289863,513.0551115347323,510.9015034375711,511.1854248046875,60256100,0.0,0.0,0.0
2024-03-22 00:00:00-04:00,511.0972893379752,511.5867430006875,509.9813206475284,510.21630859375,79070800,0.0,0.0,0.0
2024-03-25 00:00:00-04:00,508.83609885102703,509.9618663581014,508.6501040389305,508.8067626953125,48512100,0.0,0.0,0.0
2024-03-26 00:00:00-04:00,510.23582120674314,510.5784746025735,507.4655566293988,507.86688232421875,65463700,0.0,0.0,0.0
2024-03-27 00:00:00-04:00,510.7057822180554,512.174143263585,508.53257680183424,512.1349487304688,82999800,0.0,0.0,0.0
2024-03-28 00:00:00-04:00,512.1742318042299,513.5446665016425,511.75330873481045,512.0371704101562,96294900,0.0,0.0,0.0
2024-04-01 00:00:00-04:00,512.780997311761,513.3193843453155,509.98127719131594,511.14617919921875,62477500,0.0,0.0,0.0
2024-04-02 00:00:00-04:00,507.3089819922044,508.0333639379419,505.5860953386836,507.8963623046875,74230300,0.0,0.0,0.0
2024-04-03 00:00:00-04:00,506.7998678758743,509.9617791407422,506.75093445953814,508.4542236328125,59155800,0.0,0.0,0.0
2024-04-04 00:00:00-04:00,512.4776104224978,512.8202041062084,501.944557459695,502.2480163574219,96858100,0.0,0.0,0.0
2024-04-05 00:00:00-04:00,503.6087005524252,509.4625474298725,503.1681802920817,507.49493408203125,74546500,0.0,0.0,0.0
2024-04-08 00:00:00-04:00,508.19982188899013,509.20806548436997,506.96638895369995,507.7788391113281,48401800,0.0,0.0,0.0
2024-04-09 00:00:00-04:00,509.52125335501194,509.76598018179146,503.50094951713095,508.36614990234375,68049200,0.0,0.0,0.0
2024-04-10 00:00:00-04:00,502.6493333372583,505.2727978988181,501.288697511792,503.2758483886719,82652800,0.0,0.0,0.0
2024-04-11 00:00:00-04:00,504.8029329149541,508.52276887946033,501.2788903691615,507.0740051269531,70099000,0.0,0.0,0.0
2024-04-12 00:00:00-04:00,503.52057224224995,504.93999985889445,498.3421439610696,500.0748291015625,92561100,0.0,0.0,0.0
2024-04-15 00:00:00-04:00,504.26456872904316,504.43096625601453,492.95817044710765,493.8098449707031,92101400,0.0,0.0,0.0
2024-04-16 00:00:00-04:00,494.2895037381496,495.81659688850766,491.6170757880816,492.90924072265625,73484000,0.0,0.0,0.0
2024-04-17 00:00:00-04:00,495.3760250384487,495.5424524232245,488.5922046489923,489.9920349121094,75910300,0.0,0.0,0.0
2024-04-18 00:00:00-04:00,491.3919594558385,493.49660444266914,488.04408292123793,488.98382568359375,74548100,0.0,0.0,0.0
2024-04-19 00:00:00-04:00,488.90548147354247,489.9039562000147,483.4431618183188,484.71575927734375,102212600,0.0,0.0,0.0
2024-04-22 00:00:00-04:00,487.3294466640699,491.78349315664354,484.98007493251976,489.1795959472656,67961000,0.0,0.0,0.0
2024-04-23 00:00:00-04:00,491.19613039401867,495.4152186955436,488.99358884976584,494.9844970703125,64633600,0.0,0.0,0.0
2024-04-24 00:00:00-04:00,495.87527965691265,496.6681921802562,492.51763478656846,494.7495422363281,55928100,0.0,0.0,0.0
2024-04-25 00:00:00-04:00,488.6509678289955,493.6336026966789,486.99661200395565,492.87005615234375,69122400,0.0,0.0,0.0
2024-04-26 00:00:00-04:00,495.66974260530816,499.1252843555603,495.03345880263834,497.5394592285156,64306100,0.0,0.0,0.0
2024-04-29 00:00:00-04:00,499.3307881412487,499.9768705015052,496.55069517746153,499.3014221191406,46415400,0.0,0.0,0.0
2024-04-30 00:00:00-04:00,497.83310375268974,498.8120110716739,491.39190673828125,491.39190673828125,77483600,0.0,0.0,0.0
2024-05-01 00:00:00-04:00,490.80456853459987,497.4709251521688,489.3264088866621,489.7962951660156,80242800,0.0,0.0,0.0
2024-05-02 00:00:00-04:00,493.51608978925526,495.2194087380846,489.0131104126853,494.3775329589844,62550200,0.0,0.0,0.0
2024-05-03 00:00:00-04:00,500.37832197197366,501.7389877556503,497.83315669716075,500.5055847167969,72756700,0.0,0.0,0.0
2024-05-06 00:00:00-04:00,502.913729046304,505.7133901619674,502.4732087209425,505.67425537109375,47264700,0.0,0.0,0.0
2024-05-07 00:00:00-04:00,506.6432715629709,507.63197751857143,505.5566987742017,506.2321472167969,52561300,0.0,0.0,0.0
2024-05-08 00:00:00-04:00,504.3918133863561,506.81948450790213,504.2743492835563,506.2810974121094,42047200,0.0,0.0,0.0
2024-05-09 00:00:00-04:00,506.46705136082744,509.23737568195884,505.81120021511913,509.19818115234375,43643700,0.0,0.0,0.0
2024-05-10 00:00:00-04:00,510.803637418781,511.616147241505,508.6304917998298,509.8541259765625,52233200,0.0,0.0,0.0
2024-05-13 00:00:00-04:00,511.5377978533116,511.6454633171765,508.7772720891876,509.9225769042969,36716400,0.0,0.0,0.0
2024-05-14 00:00:00-04:00,510.1184583131571,512.7811177054134,509.580071153197,512.2622680664062,57535900,0.0,0.0,0.0
2024-05-15 00:00:00-04:00,514.7388946424787,518.8992510906287,514.1025809336553,518.6055908203125,59504900,0.0,0.0,0.0
2024-05-16 00:00:00-04:00,518.7033541112783,520.3087762655342,517.3915921687143,517.5384521484375,50244800,0.0,0.0,0.0
2024-05-17 00:00:00-04:00,517.6558947438643,518.3509403391444,516.1973326298802,518.2824096679688,59187600,0.0,0.0,0.0
2024-05-20 00:00:00-04:00,518.400044598472,520.3480609362231,518.0084577049123,518.8796997070312,37764200,0.0,0.0,0.0
2024-05-21 00:00:00-04:00,518.1161981024949,520.3089413759618,517.9106060151925,520.1522827148438,33437000,0.0,0.0,0.0
2024-05-22 00:00:00-04:00,519.457191149343,520.1717743707599,516.471476037249,518.6544799804688,48390000,0.0,0.0,0.0
2024-05-23 00:00:00-04:00,521.718563447193,521.82622893288,513.6523154476542,514.8662109375,57211200,0.0,0.0,0.0
2024-05-24 00:00:00-04:00,516.7163378204198,519.0853371623223,515.7668261548077,518.2728271484375,41291100,0.0,0.0,0.0
2024-05-28 00:00:00-04:00,519.0852065742038,519.3201347726647,515.9918259671035,518.6348876953125,36269600,0.0,0.0,0.0
2024-05-29 00:00:00-04:00,514.5919884514224,516.187612149335,514.2885295747019,515.0031127929688,45190300,0.0,0.0,0.0
2024-05-30 00:00:00-04:00,513.4565079924353,514.1221578280299,510.33379112165585,511.5867614746094,46377600,0.0,0.0,0.0
2024-05-31 00:00:00-04:00,512.5461599640777,516.373661669616,507.42643355259685,516.2463989257812,90785800,0.0,0.0,0.0
2024-06-03 00:00:00-04:00,517.8616565984354,518.1455182597585,511.5770275291986,516.6673583984375,46835700,0.0,0.0,0.0
2024-06-04 00:00:00-04:00,515.3556498285665,517.9889133212755,513.8872886188278,517.2449340820312,34632700,0.0,0.0,0.0
2024-06-05 00:00:00-04:00,519.5747526551082,523.4120533239656,517.5777431174533,523.3924560546875,47610400,0.0,0.0,0.0
2024-06-06 00:00:00-04:00,523.6958258756584,524.1265474920779,521.4443509593684,523.382568359375,30808500,0.0,0.0,0.0
2024-06-07 00:00:00-04:00,522.4036844600561,525.5655959158784,521.3073129777647,522.746337890625,43224500,0.0,0.0,0.0
2024-06-10 00:00:00-04:00,521.9337792468638,524.684506328859,521.3366601422468,524.3614501953125,35686100,0.0,0.0,0.0
2024-06-11 00:00:00-04:00,522.8050098767842,525.6829996240797,520.8275980833798,525.624267578125,36383400,0.0,0.0,0.0
2024-06-12 00:00:00-04:00,530.2056082912144,532.6430781044711,528.9036447482033,529.9412841796875,63251300,0.0,0.0,0.0
2024-06-13 00:00:00-04:00,531.6935478717044,531.869744023919,528.2086401164571,531.00830078125,44760900,0.0,0.0,0.0
2024-06-14 00:00:00-04:00,529.4714728215465,531.3607570534568,528.4631694567662,531.3314208984375,40089900,0.0,0.0,0.0
2024-06-17 00:00:00-04:00,530.646166931424,536.9601319299801,530.1860493613389,535.5602416992188,55839500,0.0,0.0,0.0
2024-06-18 00:00:00-04:00,535.618874007655,537.0481001268946,535.1979510525092,536.9208374023438,41376400,0.0,0.0,0.0
2024-06-20 00:00:00-04:00,537.8509390329639,538.516588963037,533.6807835245372,535.46240234375,70328200,0.0,0.0,0.0
2024-06-21 00:00:00-04:00,534.6363719686153,535.8639535905671,533.2811170627399,534.744384765625,64338600,1.759,0.0,0.0
2024-06-24 00:00:00-04:00,534.5676136935514,537.1406199465806,532.8882604765938,533.006103515625,45528700,0.0,0.0,0.0
2024-06-25 00:00:00-04:00,534.2338154405055,535.4221363045356,532.7116258646143,535.0587768554688,37936200,0.0,0.0,0.0
2024-06-26 00:00:00-04:00,533.9391960904497,536.4434511367156,533.291059231854,535.7265625,38550600,0.0,0.0,0.0
2024-06-27 00:00:00-04:00,535.5891014106448,537.1506120591291,534.8427219781884,536.5711669921875,35041500,0.0,0.0,0.0
2024-06-28 00:00:00-04:00,537.3468079894359,540.4109067841166,533.2123515551962,534.4595336914062,76144500,0.0,0.0,0.0
2024-07-01 00:00:00-04:00,535.8443476992247,536.08986404863,532.7901386983468,535.5595703125,40297800,0.0,0.0,0.0
2024-07-02 00:00:00-04:00,533.9489317855893,539.1636962890625,533.8998405072027,539.1636962890625,40434800,0.0,0.0,0.0
2024-07-03 00:00:00-04:00,538.8495445221813,541.9332447091265,538.8102834790983,541.5698852539062,32789900,0.0,0.0,0.0
2024-07-05 00:00:00-04:00,541.874286937383,545.0954305299725,541.2359204016998,544.6928100585938,41488400,0.0,0.0,0.0
2024-07-08 00:00:00-04:00,545.4783931483458,546.273863702814,544.2508114321598,545.3212890625,36110500,0.0,0.0,0.0
2024-07-09 00:00:00-04:00,546.283734729133,547.1872181563506,545.5570158893808,545.8516235351562,27289700,0.0,0.0,0.0
2024-07-10 00:00:00-04:00,547.079212521271,551.596689657151,546.7846048716298,551.2529907226562,38701200,0.0,0.0,0.0
2024-07-11 00:00:00-04:00,551.370760432176,552.244812960266,545.8613883249984,546.4996948242188,53054200,0.0,0.0,0.0
2024-07-12 00:00:00-04:00,547.6291782325719,553.5608321512885,547.1578059832891,549.9468383789062,53084400,0.0,0.0,0.0
2024-07-15 00:00:00-04:00,551.9502612295888,554.7098626844446,549.5932802263559,551.459228515625,40584300,0.0,0.0,0.0
2024-07-16 00:00:00-04:00,552.7752522945328,555.0241609107229,552.0190426113896,554.7295532226562,36475300,0.0,0.0,0.0
2024-07-17 00:00:00-04:00,548.7781042114635,550.4574575343235,546.627378702753,546.9514770507812,57119000,0.0,0.0,0.0
2024-07-18 00:00:00-04:00,548.4933484542273,549.4852440848026,540.5582433501387,542.7482299804688,56270400,0.0,0.0,0.0
2024-07-19 00:00:00-04:00,542.5125813182824,544.1428435386215,538.0834565302354,539.1441040039062,65509100,0.0,0.0,0.0
2024-07-22 00:00:00-04:00,543.0822047176163,545.3115125146927,541.1377342686712,544.70263671875,43346700,0.0,0.0,0.0
2024-07-23 00:00:00-04:00,544.5945860387156,546.7551421476373,543.3572338468313,543.8482666015625,34439600,0.0,0.0,0.0
2024-07-24 00:00:00-04:00,539.0163565377113,539.3207943889454,530.6000495620024,531.523193359375,74515300,0.0,0.0,0.0
2024-07-25 00:00:00-04:00,531.6409973676821,537.641461580287,527.810978869547,528.7537231445312,61158300,0.0,0.0,0.0
2024-07-26 00:00:00-04:00,532.5544851999327,537.3764002236553,531.7786151263786,534.6757202148438,53763800,0.0,0.0,0.0
2024-07-29 00:00:00-04:00,536.227341129643,537.2388372702122,532.9864775250034,534.9899291992188,39515800,0.0,0.0,0.0
2024-07-30 00:00:00-04:00,536.4630269208627,537.5236742807023,528.861850713122,532.2794189453125,46853600,0.0,0.0,0.0
2024-07-31 00:00:00-04:00,539.1342001655225,543.5731545926626,537.7593446818978,540.931396484375,65663400,0.0,0.0,0.0
2024-08-01 00:00:00-04:00,542.659905480717,544.9186439967344,529.7555512584067,533.2713623046875,76428700,0.0,0.0,0.0
2024-08-02 00:00:00-04:00,526.1414522896143,527.35920359664,519.1196618479511,523.3425903320312,82789100,0.0,0.0,0.0
2024-08-05 00:00:00-04:00,502.4639672478691,514.1898307923391,501.1185124437748,508.10101318359375,146267400,0.0,0.0,0.0
2024-08-06 00:00:00-04:00,509.9080178114113,520.249196250666,508.58225336867037,512.7855224609375,84826300,0.0,0.0,0.0
2024-08-07 00:00:00-04:00,518.9921228426584,522.0562223292172,508.7590171785257,509.3580627441406,70698300,0.0,0.0,0.0
2024-08-08 00:00:00-04:00,514.5138248770706,521.7614718670237,512.4810023749844,521.1329956054688,63276600,0.0,0.0,0.0
2024-08-09 00:00:00-04:00,520.3081301514704,524.9238500782335,519.0805482528909,523.4310913085938,45619600,0.0,0.0,0.0
2024-08-12 00:00:00-04:00,524.6291985957554,526.1218973002085,521.4276556811567,523.7060546875,42542100,0.0,0.0,0.0
2024-08-13 00:00:00-04:00,526.9075349868316,532.5544105776438,526.6620186567962,532.3186645507812,52333100,0.0,0.0,0.0
2024-08-14 00:00:00-04:00,533.1141640625877,535.1863675555963,530.4331447737245,533.998046875,42446900,0.0,0.0,0.0
2024-08-15 00:00:00-04:00,539.644898487546,543.4356562731828,539.036022778579,543.15087890625,60846800,0.0,0.0,0.0
2024-08-16 00:00:00-04:00,541.5305297582873,545.066001447727,541.3734256554437,544.3687133789062,44430700,0.0,0.0,0.0
2024-08-19 00:00:00-04:00,544.7810639108773,549.5735473632812,543.9266718963368,549.5735473632812,39121800,0.0,0.0,0.0
2024-08-20 00:00:00-04:00,549.1218730431605,550.7815659083177,547.3345068852593,548.679931640625,33732300,0.0,0.0,0.0
2024-08-21 00:00:00-04:00,549.7308200651719,552.0288197515467,544.7811716197107,550.5655517578125,41514600,0.0,0.0,0.0
2024-08-22 00:00:00-04:00,552.4707674692565,553.079643286425,545.0266941664444,546.2444458007812,56121500,0.0,0.0,0.0
2024-08-23 00:00:00-04:00,549.4951156938582,552.9912663344013,547.2952387130678,552.0484619140625,50639400,0.0,0.0,0.0
2024-08-26 00:00:00-04:00,553.0796338099561,553.7965224345438,549.023698553154,550.7324829101562,35788600,0.0,0.0,0.0
2024-08-27 00:00:00-04:00,549.455825686111,551.9797412538522,548.3068258163023,551.4887084960938,32693900,0.0,0.0,0.0
2024-08-28 00:00:00-04:00,551.1449533002178,551.5770644805714,545.085566530633,548.287109375,41066000,0.0,0.0,0.0
2024-08-29 00:00:00-04:00,550.2609901170326,553.5705452881934,547.1871210206536,548.3361206054688,38715200,0.0,0.0,0.0
2024-08-30 00:00:00-04:00,550.7128337345928,554.0813108649274,547.1479315360851,553.5706176757812,62700100,0.0,0.0,0.0
2024-09-03 00:00:00-04:00,550.4181945160806,550.7521231432277,539.6547955357257,542.1787109375,60600100,0.0,0.0,0.0
2024-09-04 00:00:00-04:00,540.3323596896321,544.4864768786748,539.6056409316967,541.0689086914062,47224900,0.0,0.0,0.0
2024-09-05 00:00:00-04:00,541.0100633006934,543.8678474559043,537.2879967926923,539.7529907226562,44264300,0.0,0.0,0.0
2024-09-06 00:00:00-04:00,540.0770882862281,541.7072905965744,529.7654008260863,530.6688842773438,68493800,0.0,0.0,0.0
2024-09-09 00:00:00-04:00,534.8819667353457,537.8870845889743,532.9472666463545,536.6103515625,40445800,0.0,0.0,0.0
2024-09-10 00:00:00-04:00,538.525350920473,539.3012209232795,533.6346845678008,538.9476318359375,36394600,0.0,0.0,0.0
2024-09-11 00:00:00-04:00,538.8592992301786,545.3998284478084,530.2760571886295,544.4766845703125,75248600,0.0,0.0,0.0
2024-09-12 00:00:00-04:00,545.0560839490253,549.3673650982907,542.826776487141,549.0629272460938,51819600,0.0,0.0,0.0
2024-09-13 00:00:00-04:00,549.6718037364791,552.9322678030146,549.4164571619145,551.9305419921875,39310500,0.0,0.0,0.0
2024-09-16 00:00:00-04:00,551.6654196124157,553.0108444429941,549.8584528057411,552.7457275390625,36656100,0.0,0.0,0.0
2024-09-17 00:00:00-04:00,554.9651804135709,556.4186780878246,550.73248057987,552.9716186523438,49321000,0.0,0.0,0.0
2024-09-18 00:00:00-04:00,553.6296037419249,558.4908400284567,550.7718194675883,551.3316040039062,59044900,0.0,0.0,0.0
2024-09-19 00:00:00-04:00,560.7692368305202,562.6056945402063,557.8917920771589,560.73974609375,75315500,0.0,0.0,0.0
2024-09-20 00:00:00-04:00,559.3665913435013,560.8146268159833,556.7363903893743,559.7704467773438,77503100,1.746,0.0,0.0
2024-09-23 00:00:00-04:00,560.8440961059636,561.8193132907071,559.6225494017445,561.1691284179688,44116900,0.0,0.0,0.0
2024-09-24 00:00:00-04:00,561.9670704323123,562.8339435617671,559.1300420312542,562.7748413085938,46805700,0.0,0.0,0.0
2024-09-25 00:00:00-04:00,562.6172518383486,563.3560600605995,560.4204878396197,561.5336303710938,38428600,0.0,0.0,0.0
2024-09-26 00:00:00-04:00,565.8089271560161,566.1340196278296,561.3957983542562,563.7599487304688,48336000,0.0,0.0,0.0
2024-09-27 00:00:00-04:00,564.8337142422162,565.651285439919,561.908002221962,562.9423217773438,42100900,0.0,0.0,0.0
2024-09-30 00:00:00-04:00,561.9079952356186,565.8089245059994,559.6029471264981,565.1981811523438,63557400,0.0,0.0,0.0
2024-10-01 00:00:00-04:00,564.843649599462,565.4937745100349,557.5540496357448,560.1349487304688,72668800,0.0,0.0,0.0
2024-10-02 00:00:00-04:00,559.2385345053339,561.3958572731079,556.8349422897517,560.371337890625,38097800,0.0,0.0,0.0
2024-10-03 00:00:00-04:00,558.8936443913503,561.2972362765911,557.0515539848665,559.3468017578125,40846500,0.0,0.0,0.0
2024-10-04 00:00:00-04:00,563.8092058002762,564.804143911743,559.6226255139783,564.4298095703125,42939100,0.0,0.0,0.0
2024-10-07 00:00:00-04:00,562.7748592374886,563.425044167477,558.1745633665616,559.3270874023438,49964700,0.0,0.0,0.0
2024-10-08 00:00:00-04:00,561.9079798048728,565.2178864241666,561.0313063853904,564.616943359375,37398700,0.0,0.0,0.0
2024-10-09 00:00:00-04:00,564.6071207773316,569.0892725126486,564.0062377966648,568.5277709960938,37912200,0.0,0.0,0.0
2024-10-10 00:00:00-04:00,567.1782233614125,568.9612116462271,565.9172950083815,567.5328369140625,44138100,0.0,0.0,0.0
2024-10-11 00:00:00-04:00,567.4539217349562,571.6700825909913,567.3159964454156,570.9312744140625,42268000,0.0,0.0,0.0
2024-10-14 00:00:00-04:00,572.54680911459,576.5364217400751,572.0641306807273,575.6005859375,36217200,0.0,0.0,0.0
2024-10-15 00:00:00-04:00,575.8666396343095,576.1720113378304,569.9068710302905,571.12841796875,54203600,0.0,0.0,0.0
2024-10-16 00:00:00-04:00,571.1284236895626,574.1328988912752,570.320652695686,573.6107788085938,30725400,0.0,0.0,0.0
2024-10-17 00:00:00-04:00,577.1668473429936,577.3737353042621,573.4728059770134,573.6599731445312,34393700,0.0,0.0,0.0
2024-10-18 00:00:00-04:00,575.3543175241635,576.6546272535265,573.8865614270069,575.8665771484375,37416800,0.0,0.0,0.0
2024-10-21 00:00:00-04:00,575.1375866701346,576.1226643625554,571.936084169767,574.9208984375,36439000,0.0,0.0,0.0
2024-10-22 00:00:00-04:00,572.379393899403,575.7779240387921,571.7194086656112,574.6155395507812,34183800,0.0,0.0,0.0
2024-10-23 00:00:00-04:00,572.5862132138965,573.0295101570803,565.8482560008526,569.364990234375,49314600,0.0,0.0,0.0
2024-10-24 00:00:00-04:00,571.3253834738008,571.4042065299044,567.966294746531,570.596435546875,34979900,0.0,0.0,0.0
2024-10-25 00:00:00-04:00,572.832526139626,575.7385172942365,569.4537169426869,570.3993530273438,47268200,0.0,0.0,0.0
2024-10-28 00:00:00-04:00,573.8866057690544,574.0146706850179,571.8573480325817,572.1627197265625,30174700,0.0,0.0,0.0
2024-10-29 00:00:00-04:00,571.1972307374274,574.2115658329249,569.7984373596124,573.088623046875,42899700,0.0,0.0,0.0
2024-10-30 00:00:00-04:00,572.615787609554,574.6155241758808,570.645632233565,571.3549194335938,41435800,0.0,0.0,0.0
2024-10-31 00:00:00-04:00,566.9713847301143,567.0403473920817,559.9576354980849,560.1546630859375,60182500,0.0,0.0,0.0
2024-11-01 00:00:00-04:00,562.7945884035815,566.9614477579651,562.1050220014198,562.5187377929688,45667500,0.0,0.0,0.0
2024-11-04 00:00:00-05:00,562.6566193804057,563.9569290343258,559.4157357037399,561.3070678710938,38217000,0.0,0.0,0.0
2024-11-05 00:00:00-05:00,562.2232148100805,568.1336807780868,562.0065265842841,568.0942993164062,39478300,0.0,0.0,0.0
2024-11-06 00:00:00-05:00,580.4077666623799,583.0970094221752,576.6546231997903,582.2202758789062,68182000,0.0,0.0,0.0
2024-11-07 00:00:00-05:00,584.2298916492671,587.7466262080364,584.1510685994552,586.7221069335938,47233200,0.0,0.0,0.0
2024-11-08 00:00:00-05:00,587.2738563748118,590.6921078451991,587.2738563748118,589.2637329101562,46444900,0.0,0.0,0.0
2024-11-11 00:00:00-05:00,590.8594538392326,591.214067381988,588.0913879024889,589.8251342773438,37586800,0.0,0.0,0.0
2024-11-12 00:00:00-05:00,589.7462657959629,590.3471487178498,585.5005836337616,587.9928588867188,43006100,0.0,0.0,0.0
2024-11-13 00:00:00-05:00,588.4558712273305,590.2881013518266,586.0818603831444,588.278564453125,47388600,0.0,0.0,0.0
2024-11-14 00:00:00-05:00,588.4066394793019,588.8893179492193,583.8063432948493,584.495849609375,38904100,0.0,0.0,0.0
2024-11-15 00:00:00-05:00,580.9199456029655,581.3928237454572,575.1474051756758,577.0092163085938,75988800,0.0,0.0,0.0
2024-11-18 00:00:00-05:00,577.4722212479682,580.6934445713057,576.6054081851684,579.3734741210938,37001700,0.0,0.0,0.0
2024-11-19 00:00:00-05:00,575.9848429931217,582.2203419709091,575.3149973262474,581.4913940429688,49412000,0.0,0.0,0.0
2024-11-20 00:00:00-05:00,581.5702110064499,581.9740664321081,575.9060139035164,581.6884155273438,50032600,0.0,0.0,0.0
2024-11-21 00:00:00-05:00,584.54504406632,586.2393485979784,578.6838206004319,584.8109741210938,46750300,0.0,0.0,0.0
2024-11-22 00:00:00-05:00,584.8012273246769,587.2541214128702,584.2988881794737,586.6236572265625,38226400,0.0,0.0,0.0
2024-11-25 00:00:00-05:00,590.5738204551704,591.8937909448966,586.3182774428572,588.613525390625,42441400,0.0,0.0,0.0
2024-11-26 00:00:00-05:00,589.8645816922582,592.3568574158614,589.1454941294314,591.68701171875,45621300,0.0,0.0,0.0
2024-11-27 00:00:00-05:00,591.4997854868443,591.8839201005825,588.3672455728715,589.8941040039062,34000200,0.0,0.0,0.0
2024-11-29 00:00:00-05:00,590.7117045866185,594.3466439350991,590.4359140778026,593.55859375,30177400,0.0,0.0,0.0
2024-12-02 00:00:00-05:00,593.9721906256095,595.30208141324,593.4796518430123,594.6223754882812,31746000,0.0,0.0,0.0
2024-12-03 00:00:00-05:00,594.3859938864347,595.1444627620236,593.3516744201837,594.898193359375,26906600,0.0,0.0,0.0
2024-12-04 00:00:00-05:00,596.5926087018526,598.8385545797807,595.9227630847732,598.59228515625,42787600,0.0,0.0,0.0
2024-12-05 00:00:00-05:00,598.592255379496,599.4000262634194,597.2525642119798,597.607177734375,28762200,0.0,0.0,0.0
2024-12-06 00:00:00-05:00,598.3755773445807,599.9812587434141,597.9618615614095,598.7400512695312,31241500,0.0,0.0,0.0
2024-12-09 00:00:00-05:00,598.6218315882949,598.7892779517493,595.0657157488416,595.65673828125,34742700,0.0,0.0,0.0
2024-12-10 00:00:00-05:00,596.3365277015484,596.7601039297737,593.1448853311992,593.8048706054688,37234500,0.0,0.0,0.0
2024-12-11 00:00:00-05:00,596.740462242854,599.3508823544095,596.464611597443,598.3953857421875,28677700,0.0,0.0,0.0
2024-12-12 00:00:00-05:00,597.5284365007215,598.0997382660831,595.31201171875,595.31201171875,31543800,0.0,0.0,0.0
2024-12-13 00:00:00-05:00,597.3511703289549,598.0702578450652,593.8147147595496,595.19384765625,35904700,0.0,0.0,0.0
2024-12-16 00:00:00-05:00,596.9571007701239,598.7105679786196,596.1789110129041,597.7352905273438,43695200,0.0,0.0,0.0
2024-12-17 00:00:00-05:00,595.1740992873428,596.1394561956839,593.8935102993782,595.2725830078125,55773500,0.0,0.0,0.0
2024-12-18 00:00:00-05:00,594.9671989364094,597.3609304879477,577.1471773446116,577.5313720703125,108248700,0.0,0.0,0.0
2024-12-19 00:00:00-05:00,582.5354605374066,584.1510021908508,577.1076734772528,577.3539428710938,85919500,0.0,0.0,0.0
2024-12-20 00:00:00-05:00,575.0175026728227,588.8352196171104,574.1674387147792,584.2886352539062,125716700,1.966,0.0,0.0
2024-12-23 00:00:00-05:00,584.0316546408188,588.3904419763173,580.8391036798633,587.7875366210938,57635800,0.0,0.0,0.0
2024-12-24 00:00:00-05:00,589.141569721849,594.3603140779195,588.5583912679473,594.3207397460938,33160100,0.0,0.0,0.0
2024-12-26 00:00:00-05:00,592.5416816588521,595.4870738828115,591.1381803052061,594.3603515625,41219100,0.0,0.0,0.0
2024-12-27 00:00:00-05:00,590.6043628183209,590.8416278253472,583.9030892928905,588.103759765625,64969300,0.0,0.0,0.0
2024-12-30 00:00:00-05:00,581.066451827259,584.8717412480703,577.6268027117767,581.392578125,56578800,0.0,0.0,0.0
2024-12-31 00:00:00-05:00,583.0629066605094,583.7844745956663,577.6366385699235,579.2774047851562,57052700,0.0,0.0,0.0
2025-01-02 00:00:00-05:00,582.5489929538754,584.2687872048679,573.7621642800276,577.8541259765625,50204000,0.0,0.0,0.0
2025-01-03 00:00:00-05:00,580.7106042287589,585.7217039617416,579.623335665357,585.0792846679688,37888500,0.0,0.0,0.0
2025-01-06 00:00:00-05:00,589.3491785436146,592.7393596690575,586.7101255067332,588.44970703125,47679400,0.0,0.0,0.0
2025-01-07 00:00:00-05:00,590.4858054370367,590.8119920606497,579.9693484070148,581.7978515625,60393100,0.0,0.0,0.0
2025-01-08 00:00:00-05:00,581.8670792861259,583.7252632975457,578.4077031433151,582.6478881835938,47304700,0.0,0.0,0.0
2025-01-10 00:00:00-05:00,579.0797727939155,579.148967552338,571.8348342474784,573.7523193359375,73105000,0.0,0.0,0.0
2025-01-13 00:00:00-05:00,569.0871420731995,574.9977137931114,568.6719735158341,574.6419067382812,47910100,0.0,0.0,0.0
2025-01-14 00:00:00-05:00,577.5774134567713,578.2099995586356,571.6371609030458,575.4326171875,48420600,0.0,0.0,0.0
2025-01-15 00:00:00-05:00,583.4781439602939,587.0462287462195,582.3612548768964,585.8997192382812,56900200,0.0,0.0,0.0
2025-01-16 00:00:00-05:00,587.2734912712623,587.4513947839769,584.0711073889483,584.7728881835938,43319700,0.0,0.0,0.0
2025-01-17 00:00:00-05:00,590.0311830207747,592.4032903303786,588.6968161028142,590.6439819335938,58070600,0.0,0.0,0.0
2025-01-21 00:00:00-05:00,593.6980347606263,596.0603086218102,591.721248666258,596.0504150390625,42532900,0.0,0.0,0.0
2025-01-22 00:00:00-05:00,598.887139322545,600.7651103716523,598.3336415912388,599.401123046875,48196000,0.0,0.0,0.0
2025-01-23 00:00:00-05:00,598.7685644436611,602.6727294921875,598.4918457286775,602.6727294921875,41152100,0.0,0.0,0.0
2025-01-24 00:00:00-05:00,602.7319999441287,603.6907726306447,599.7569270310084,600.913330078125,34604700,0.0,0.0,0.0
2025-01-27 00:00:00-05:00,587.9061375768574,592.7295010606359,587.7381276298589,592.4132080078125,70361100,0.0,0.0,0.0
2025-01-28 00:00:00-05:00,593.6486607361097,598.3435279756633,590.3177808049226,597.50341796875,44433300,0.0,0.0,0.0
2025-01-29 00:00:00-05:00,596.7126945442042,597.1179695261326,592.2649252873389,594.8248901367188,37177400,0.0,0.0,0.0
2025-01-30 00:00:00-05:00,596.9499738076877,599.5592859855939,593.747529191958,598.0173950195312,39281300,0.0,0.0,0.0
2025-01-31 00:00:00-05:00,600.4488437325783,602.880312619884,594.0736957955036,594.8347778320312,66566900,0.0,0.0,0.0
2025-02-03 00:00:00-05:00,585.7909458950113,593.3224968021361,583.6362560871698,590.831787109375,65857200,0.0,0.0,0.0
2025-02-04 00:00:00-05:00,590.8910622510958,595.3091504392034,590.3474581129256,594.7952270507812,33457800,0.0,0.0,0.0
2025-02-05 00:00:00-05:00,593.668444292325,597.35513123978,591.6323569254649,597.2068481445312,30653100,0.0,0.0,0.0
2025-02-06 00:00:00-05:00,598.9563451128535,599.4110276717307,595.6353586638426,599.2825317382812,35771500,0.0,0.0,0.0
2025-02-07 00:00:00-05:00,599.8458969203407,601.0714946997704,593.0852616403969,593.7969360351562,50788500,0.0,0.0,0.0
2025-02-10 00:00:00-05:00,597.0190995725444,598.4720084396736,595.7440338934362,597.8295288085938,26048700,0.0,0.0,0.0
2025-02-11 00:00:00-05:00,595.5563267993089,598.8279059672569,595.4377244382205,598.2843017578125,30056700,0.0,0.0,0.0
2025-02-12 00:00:00-05:00,592.2451230112299,597.5330016568429,591.5631293989743,596.3568115234375,45076100,0.0,0.0,0.0
2025-02-13 00:00:00-05:00,597.4638899085884,602.860538386905,596.198778008583,602.6529541015625,40921300,0.0,0.0,0.0
2025-02-14 00:00:00-05:00,602.8604957096632,603.8982964094444,602.0005985304107,602.623291015625,26910400,0.0,0.0,0.0
2025-02-18 00:00:00-05:00,603.7895507730377,604.3924560546875,601.3185681498265,604.3924560546875,26749000,0.0,0.0,0.0
2025-02-19 00:00:00-05:00,602.9988995994843,606.1123017730542,602.4849158656623,605.8157958984375,31011100,0.0,0.0,0.0
2025-02-20 00:00:00-05:00,604.4419196559093,604.5803091740476,599.9744236813096,603.29541015625,36554000,0.0,0.0,0.0
2025-02-21 00:00:00-05:00,603.0779110877393,603.216300601011,592.5119863702242,592.9765625,76519800,0.0,0.0,0.0
2025-02-24 00:00:00-05:00,595.0324276294365,596.0307143030876,589.5665848823073,590.2782592773438,50737200,0.0,0.0,0.0
2025-02-25 00:00:00-05:00,590.2189701372146,590.9503713867966,582.7170398838512,587.3427124023438,58266500,0.0,0.0,0.0
2025-02-26 00:00:00-05:00,589.0131632782663,592.620822655363,584.9903956410146,587.6392822265625,43321600,0.0,0.0,0.0
2025-02-27 00:00:00-05:00,589.9224264999975,591.0788899188873,577.8640783507352,578.2593994140625,74196700,0.0,0.0,0.0
2025-02-28 00:00:00-05:00,578.7635029554216,587.8171578604871,575.6797210871997,587.283447265625,88744100,0.0,0.0,0.0
2025-03-03 00:00:00-05:00,589.2601945949107,590.4067643806418,573.1691862018861,576.9942626953125,74249200,0.0,0.0,0.0
2025-03-04 00:00:00-05:00,572.9814465763258,578.5955127414016,565.608011549554,570.1644897460938,109648200,0.0,0.0,0.0
2025-03-05 00:00:00-05:00,569.9964212260836,578.0913631561872,566.4283366011412,576.29248046875,71230500,0.0,0.0,0.0
2025-03-06 00:00:00-05:00,568.8004912077067,573.4360576617548,563.5027182107181,566.0626831054688,80094900,0.0,0.0,0.0
2025-03-07 00:00:00-05:00,564.2736590980126,570.6883208259039,559.0648080255879,569.2353515625,81158800,0.0,0.0,0.0
2025-03-10 00:00:00-04:00,561.0021324297065,562.9294509409499,549.1414138289008,554.073486328125,99326600,0.0,0.0,0.0
2025-03-11 00:00:00-04:00,552.9071786453155,557.4735503902486,545.6128320238284,549.467529296875,88102100,0.0,0.0,0.0
2025-03-12 00:00:00-04:00,555.6449862636414,556.5740782812179,547.2634312637055,552.38330078125,69588200,0.0,0.0,0.0
2025-03-13 00:00:00-04:00,552.0076609148241,552.6204598197313,543.2999199883595,545.0197143554688,74079400,0.0,0.0,0.0
2025-03-14 00:00:00-04:00,549.655280917059,557.2857071377122,545.0889095501292,556.2775268554688,62660300,0.0,0.0,0.0
2025-03-17 00:00:00-04:00,556.2577597204585,563.097483760462,555.8228643209595,560.5671997070312,49008700,0.0,0.0,0.0
2025-03-18 00:00:00-04:00,558.244456671408,558.4619345411708,552.571089463648,554.5083618164062,66041400,0.0,0.0,0.0
2025-03-19 00:00:00-04:00,556.2973457432603,564.3230934716701,555.111261871823,560.5474243164062,66556000,0.0,0.0,0.0
2025-03-20 00:00:00-04:00,556.7915499004863,563.9475069089323,556.0699818531248,558.9264526367188,62958200,0.0,0.0,0.0
2025-03-21 00:00:00-04:00,554.4514658625183,560.0130172119408,553.2122577806573,559.11083984375,83763000,1.696,0.0,0.0
2025-03-24 00:00:00-04:00,565.8719462913679,570.1844265679264,565.2771506364932,569.1236572265625,58766800,0.0,0.0,0.0
2025-03-25 00:00:00-04:00,570.3331077369899,571.4335099767462,568.7370222712309,570.4917602539062,38355700,0.0,0.0,0.0
2025-03-26 00:00:00-04:00,570.2240241043976,571.3541962868256,562.2930931538029,563.6810302734375,51848300,0.0,0.0,0.0
2025-03-27 00:00:00-04:00,562.2831944691987,565.971108987233,560.062543386952,562.18408203125,42164200,0.0,0.0,0.0
2025-03-28 00:00:00-04:00,560.6475137101825,561.3811152230641,550.2777985606353,550.8626708984375,71662700,0.0,0.0,0.0
2025-03-31 00:00:00-04:00,545.0830251203251,555.869096797962,542.1485586831927,554.5604858398438,95328200,0.0,0.0,0.0
2025-04-01 00:00:00-04:00,552.6372015020189,558.0797932554686,548.8997308809147,556.1267700195312,54609600,0.0,0.0,0.0
2025-04-02 00:00:00-04:00,550.2579679431105,562.5211668014963,550.0200496625995,559.646240234375,76014500,0.0,0.0,0.0
2025-04-03 00:00:00-04:00,540.4037097995117,543.2390031081819,532.0663452148438,532.0663452148438,125986000,0.0,0.0,0.0
2025-04-04 00:00:00-04:00,519.1488461365848,521.3298644038904,500.69953122991006,500.9176330566406,217965100,0.0,0.0,0.0
2025-04-07 00:00:00-04:00,484.9665325599909,518.653143533525,477.6403203280687,500.025390625,256611400,0.0,0.0,0.0
2025-04-08 00:00:00-04:00,517.3544895320528,520.4475480659574,484.93682423959376,492.1936340332031,165816600,0.0,0.0,0.0
2025-04-09 00:00:00-04:00,489.17988772825765,543.8834838867188,488.7932402716448,543.8834838867188,241867300,0.0,0.0,0.0
2025-04-10 00:00:00-04:00,527.5754628052078,528.8939971161361,504.92276379554966,520.051025390625,162331200,0.0,0.0,0.0
2025-04-11 00:00:00-04:00,518.4945124649533,531.7986316335475,515.5798930426869,529.3301391601562,97866300,0.0,0.0,0.0
2025-04-14 00:00:00-04:00,539.3528832417228,539.580938661594,529.2508571038156,534.4654541015625,68034000,0.0,0.0,0.0
2025-04-15 00:00:00-04:00,535.0106570692674,538.5399188279399,532.175363851926,532.9684448242188,56892900,0.0,0.0,0.0
2025-04-16 00:00:00-04:00,527.0896882471153,533.2460954669957,515.7980102587055,521.1216430664062,83484800,0.0,0.0,0.0
2025-04-17 00:00:00-04:00,523.0845951885916,526.5840872057769,519.3867572764926,521.8651733398438,79868100,0.0,0.0,0.0
2025-04-21 00:00:00-04:00,516.6604751455176,517.1958517151049,504.0701402922449,509.443359375,69368100,0.0,0.0,0.0
2025-04-22 00:00:00-04:00,515.6493966065633,524.7302873126982,514.7075863102422,522.697998046875,75948100,0.0,0.0,0.0
2025-04-23 00:00:00-04:00,535.7641184612734,540.7209502963145,529.2706808590098,530.79736328125,90590700,0.0,0.0,0.0
2025-04-24 00:00:00-04:00,532.086198348384,542.7037553366079,530.8272040401201,541.9701538085938,64150400,0.0,0.0,0.0
2025-04-25 00:00:00-04:00,541.9305048307399,546.2924809922215,538.9960382976576,545.8860473632812,61119600,0.0,0.0,0.0
2025-04-28 00:00:00-04:00,546.6295538469604,548.770878725811,540.3145544882295,546.0941772460938,47613800,0.0,0.0,0.0
2025-04-29 00:00:00-04:00,544.1709145104755,550.6544896169489,543.8140371215516,549.5342407226562,47775100,0.0,0.0,0.0
2025-04-30 00:00:00-04:00,542.8425846178815,551.7153272696712,536.8448291409326,549.7523803710938,93101500,0.0,0.0,0.0
2025-05-01 00:00:00-04:00,555.5319968692943,559.2000647311057,553.0436574695955,553.6483764648438,63186100,0.0,0.0,0.0
2025-05-02 00:00:00-04:00,559.8543184862792,563.4728299899488,557.52463168794,561.8668212890625,60717300,0.0,0.0,0.0
2025-05-05 00:00:00-04:00,557.7129496783965,561.7577411466406,556.850465833372,558.6448364257812,38659200,0.0,0.0,0.0
2025-05-06 00:00:00-04:00,553.1130409863903,558.486229861133,552.151444635027,553.9755249023438,48264700,0.0,0.0,0.0
2025-05-07 00:00:00-04:00,555.3139314189718,558.9522292842823,551.239369394788,556.3052978515625,55588000,0.0,0.0,0.0
2025-05-08 00:00:00-04:00,560.3599572530266,565.3861923682981,556.850541835946,560.1815185546875,65130800,0.0,0.0,0.0
2025-05-09 00:00:00-04:00,561.5891904044281,562.6004034437263,557.9013366275524,559.4677124023438,37603400,0.0,0.0,0.0
2025-05-12 00:00:00-04:00,576.4498296839446,577.9666494201874,572.0580835025086,577.9567260742188,78993600,0.0,0.0,0.0
2025-05-13 00:00:00-04:00,578.3731191340623,583.9942109104026,577.8080934606628,581.7735595703125,67947200,0.0,0.0,0.0
2025-05-14 00:00:00-04:00,582.7351614378528,583.8950433433344,580.4847400372229,582.51708984375,66283500,0.0,0.0,0.0
2025-05-15 00:00:00-04:00,580.5045239452851,585.8677897044162,580.0484736048338,585.3622436523438,71268100,0.0,0.0,0.0
2025-05-16 00:00:00-04:00,586.1453424794305,589.367283051199,584.1923798537092,589.0698852539062,76052100,0.0,0.0,0.0
2025-05-19 00:00:00-04:00,583.0225710566098,590.3983396880136,583.0225710566098,589.7142944335938,68168500,0.0,0.0,0.0
2025-05-20 00:00:00-04:00,587.9695461543464,588.9212192076606,584.5096264657933,587.7315673828125,60614500,0.0,0.0,0.0
2025-05-21 00:00:00-04:00,583.3597230362551,587.4639949903343,576.7968814516564,577.827880859375,95197700,0.0,0.0,0.0
2025-05-22 00:00:00-04:00,577.629506378804,581.5553390131786,576.3902984080268,578.0558471679688,70860400,0.0,0.0,0.0
2025-05-23 00:00:00-04:00,571.0072475595028,576.7869310981343,570.6305234552773,574.1102294921875,76029000,0.0,0.0,0.0
2025-05-27 00:00:00-04:00,581.0101669642168,586.2049176986301,573.4361124467979,586.0463256835938,72588500,0.0,0.0,0.0
2025-05-28 00:00:00-04:00,586.4527734503207,587.6523487169525,581.9222212137981,582.6558227539062,68445500,0.0,0.0,0.0
2025-05-29 00:00:00-04:00,587.9397721452495,588.0785779673218,581.0101304856973,584.9557495117188,69973300,0.0,0.0,0.0
2025-05-30 00:00:00-04:00,583.8454633007033,586.0264816938155,578.2045855174352,584.301513671875,90601200,0.0,0.0,0.0
2025-06-02 00:00:00-04:00,582.6855584091887,587.6721002233023,580.008856873824,587.5928344726562,61630500,0.0,0.0,0.0
2025-06-03 00:00:00-04:00,587.226040295674,591.9251076728165,586.7402198994458,590.9436645507812,63606200,0.0,0.0,0.0
2025-06-04 00:00:00-04:00,591.8061095833268,592.7875526407612,590.3487695069823,590.7849731445312,57314200,0.0,0.0,0.0
2025-06-05 00:00:00-04:00,592.4702844558809,593.8284515327539,585.9470768439928,587.9298095703125,92278700,0.0,0.0,0.0
2025-06-06 00:00:00-04:00,593.4913881340742,595.6426968087642,591.7069406984755,593.96728515625,66588700,0.0,0.0,0.0
2025-06-09 00:00:00-04:00,594.5422573867003,596.0590770966814,593.322896017802,594.5026245117188,53016400,0.0,0.0,0.0
2025-06-10 00:00:00-04:00,595.0378762584654,598.2598168672969,593.9176879604769,597.8732299804688,66247000,0.0,0.0,0.0
2025-06-11 00:00:00-04:00,598.9737360301211,599.8362200559476,594.0962297274801,596.1681518554688,73658200,0.0,0.0,0.0
2025-06-12 00:00:00-04:00,594.8297748594797,598.5374755859375,594.3440149953893,598.5374755859375,64129000,0.0,0.0,0.0
2025-06-13 00:00:00-04:00,593.3328138188501,596.6538671866508,590.338867810054,591.8457641601562,89506000,0.0,0.0,0.0
2025-06-16 00:00:00-04:00,595.2164006808653,599.2314224312138,595.0379014846701,597.4766845703125,79984100,0.0,0.0,0.0
2025-06-17 00:00:00-04:00,595.0280706090336,596.5547531382241,591.6078443016146,592.3712158203125,82209400,0.0,0.0,0.0
2025-06-18 00:00:00-04:00,593.2733488854554,596.0293161899417,591.3203254879343,592.281982421875,76605000,0.0,0.0,0.0
2025-06-20 00:00:00-04:00,594.9675241520906,596.041382049652,589.4789845501997,590.8909301757812,94051400,1.761,0.0,0.0
2025-06-23 00:00:00-04:00,591.6465733053511,597.1152078061239,588.5145735944315,596.7274780273438,87426000,0.0,0.0,0.0
2025-06-24 00:00:00-04:00,600.8836010096178,604.3834856367664,599.9688039561656,603.3196411132812,67735300,0.0,0.0,0.0
2025-06-25 00:00:00-04:00,604.4431877891288,605.1392079707367,602.086708265907,603.65771484375,62114800,0.0,0.0,0.0
2025-06-26 00:00:00-04:00,605.517034479532,608.8181084243395,604.9005750782753,608.380615234375,78548400,0.0,0.0,0.0
2025-06-27 00:00:00-04:00,609.3848675360332,612.8748603878714,607.3465704310272,611.4032592773438,86258400,0.0,0.0,0.0
2025-06-30 00:00:00-04:00,613.8592475033348,615.6887204777686,611.5325652115941,614.3265380859375,92502500,0.0,0.0,0.0
2025-07-01 00:00:00-04:00,612.8450033281383,615.3009489521946,612.0098276707645,614.127685546875,70030100,0.0,0.0,0.0
2025-07-02 00:00:00-04:00,613.7199664131181,616.9514321677677,613.0935543503272,616.9116821289062,66510400,0.0,0.0,0.0
2025-07-03 00:00:00-04:00,618.9002703953504,622.7084454552534,618.880365032573,621.7738037109375,51065800,0.0,0.0,0.0
2025-07-07 00:00:00-04:00,619.8050900817584,620.471312902668,614.3464081455963,617.140380859375,74814500,0.0,0.0,0.0
2025-07-08 00:00:00-04:00,617.8065573856337,618.5622329876766,615.9870371559156,616.8023681640625,59024600,0.0,0.0,0.0
2025-07-09 00:00:00-04:00,619.2184771119485,621.1573080723725,617.3690382262929,620.5010986328125,66113300,0.0,0.0,0.0
2025-07-10 00:00:00-04:00,620.6403419781,623.2950985850023,619.4571258490619,622.2510986328125,57529000,0.0,0.0,0.0
2025-07-11 00:00:00-04:00,619.1886122649546,621.2965174183169,617.9855515244625,620.0635986328125,63670200,0.0,0.0,0.0
2025-07-14 00:00:00-04:00,619.6061506560952,621.5947448449341,618.2539211725837,621.2467651367188,51898500,0.0,0.0,0.0
2025-07-15 00:00:00-04:00,623.9413645164026,624.2793915612978,618.5124802515571,618.592041015625,74317300,0.0,0.0,0.0
2025-07-16 00:00:00-04:00,620.1829130237127,621.1672575214722,614.5253596449445,620.66015625,88987500,0.0,0.0,0.0
2025-07-17 00:00:00-04:00,620.8391784397268,624.8163671275224,620.6204015046147,624.4583740234375,68885700,0.0,0.0,0.0
2025-07-18 00:00:00-04:00,625.7111996075373,625.8802131347736,622.8874296174818,624.0010375976562,65621600,0.0,0.0,0.0
2025-07-21 00:00:00-04:00,625.1842651367188,627.9384270926762,624.7567246264017,625.1842651367188,63375000,0.0,0.0,0.0
2025-07-22 00:00:00-04:00,625.5123643014988,626.1387764125508,622.6189860590433,625.2737426757812,60046300,0.0,0.0,0.0
2025-07-23 00:00:00-04:00,627.9483971288857,630.59326171875,626.1387689061065,630.59326171875,70511000,0.0,0.0,0.0
2025-07-24 00:00:00-04:00,630.9809681636451,632.5221773472229,630.3744614468128,630.802001953125,71307100,0.0,0.0,0.0
2025-07-25 00:00:00-04:00,631.4682494008442,633.9440397736063,631.2196750953526,633.4667358398438,56865400,0.0,0.0,0.0
2025-07-28 00:00:00-04:00,633.8445768779104,634.4013808975731,631.9156378299562,633.3076782226562,54917100,0.0,0.0,0.0
2025-07-29 00:00:00-04:00,634.7095511904303,635.0277335557481,630.7224706603868,631.63720703125,60556300,0.0,0.0,0.0
2025-07-30 00:00:00-04:00,632.2934318863223,634.0434045947875,627.9384054781906,630.841796875,80418900,0.0,0.0,0.0
2025-07-31 00:00:00-04:00,635.8133211591798,636.2010509521909,627.1728759033415,628.4754028320312,103385200,0.0,0.0,0.0
2025-08-01 00:00:00-04:00,622.7282752516747,622.7680859762785,615.7582427178595,618.1743774414062,140103600,0.0,0.0,0.0
2025-08-04 00:00:00-04:00,622.1018614509808,627.6201983240026,622.0124086950358,627.5704956054688,73218000,0.0,0.0,0.0
2025-08-05 00:00:00-04:00,628.1869551885334,629.0022861088522,623.4640438716077,624.3887329101562,68051400,0.0,0.0,0.0
2025-08-06 00:00:00-04:00,625.462617040701,629.8275961427472,624.5478806448895,629.17138671875,64357500,0.0,0.0,0.0
2025-08-07 00:00:00-04:00,632.6115839056886,633.347354057562,625.5222406525087,628.6443481445312,74205800,0.0,0.0,0.0
2025-08-08 00:00:00-04:00,630.4440623273716,634.0136158764692,630.125879949944,633.5462646484375,64051600,0.0,0.0,0.0
2025-08-11 00:00:00-04:00,633.824713555593,635.3062066703783,631.0406328520911,632.29345703125,58742300,0.0,0.0,0.0
2025-08-12 00:00:00-04:00,634.6499701667667,639.1839632015094,633.1585242910344,639.02490234375,64730800,0.0,0.0,0.0
2025-08-13 00:00:00-04:00,641.2321859855442,642.5049155421342,639.0149226306152,641.2123413085938,60092800,0.0,0.0,0.0
2025-08-14 00:00:00-04:00,639.1242567818475,641.9381347685223,638.6768716045066,641.27197265625,59327500,0.0,0.0,0.0
2025-08-15 00:00:00-04:00,642.3060757523746,642.4055418903916,638.8558933981693,639.7706298828125,68592500,0.0,0.0,0.0
2025-08-18 00:00:00-04:00,639.1938544805789,640.327367802147,638.5177396976476,639.63134765625,43804900,0.0,0.0,0.0
2025-08-19 00:00:00-04:00,639.4523760102862,640.4367204754008,634.8388226855677,636.1612548828125,69750700,0.0,0.0,0.0
2025-08-20 00:00:00-04:00,635.7536294439067,636.0120957287904,629.3404006137462,634.470947265625,88890300,0.0,0.0,0.0
2025-08-21 00:00:00-04:00,632.6514152909955,634.3317192031022,630.1954697904521,631.925537109375,54805800,0.0,0.0,0.0
2025-08-22 00:00:00-04:00,634.1230118894028,642.8131599802851,633.6159105915494,641.6299438476562,84083200,0.0,0.0,0.0
2025-08-25 00:00:00-04:00,640.3670840067143,641.6099553847616,638.6867194761113,638.8060302734375,51274300,0.0,0.0,0.0
2025-08-26 00:00:00-04:00,638.5376929659955,641.8288143683822,637.9112808564007,641.4807739257812,51581600,0.0,0.0,0.0
2025-08-27 00:00:00-04:00,640.8941330732226,643.6781530071313,640.7449642231398,642.9423828125,48341100,0.0,0.0,0.0
2025-08-28 00:00:00-04:00,643.548887361664,645.7761033013204,641.6597591604225,645.2192993164062,61519500,0.0,0.0,0.0
2025-08-29 00:00:00-04:00,643.777581165663,644.1455269630451,639.472317969575,641.3713989257812,74522200,0.0,0.0,0.0
2025-09-02 00:00:00-04:00,633.8644298326893,636.8373685858147,631.2991262066306,636.61865234375,81983500,0.0,0.0,0.0
2025-09-03 00:00:00-04:00,639.0049424066366,640.5361988813526,636.8075845104526,640.06884765625,70820900,0.0,0.0,0.0
2025-09-04 00:00:00-04:00,640.7449431803722,645.4480098993379,639.8401594892221,645.4181518554688,65219200,0.0,0.0,0.0
2025-09-05 00:00:00-04:00,647.7646994415851,648.4905776412766,639.6612139364762,643.5488891601562,85178900,0.0,0.0,0.0
2025-09-08 00:00:00-04:00,644.9209975333657,646.1340715853498,643.5389099622073,645.1298217773438,63133100,0.0,0.0,0.0
2025-09-09 00:00:00-04:00,645.2689866211995,647.148222783044,643.5289666240282,646.6212768554688,66133900,0.0,0.0,0.0
2025-09-10 00:00:00-04:00,649.8925329397852,650.8172220560821,646.9195940128865,648.4906005859375,78034500,0.0,0.0,0.0
2025-09-11 00:00:00-04:00,650.4493620868353,654.5757199134183,649.8627606991871,653.8796997070312,69934400,0.0,0.0,0.0
2025-09-12 00:00:00-04:00,653.8498075653706,655.3512060315065,653.1538480823614,653.660888671875,72780100,0.0,0.0,0.0
2025-09-15 00:00:00-04:00,655.8782140097094,657.2701936656516,655.5799369896564,657.1409301757812,63772400,0.0,0.0,0.0
2025-09-16 00:00:00-04:00,657.6977327581834,658.0060231465056,655.450672087237,656.2361450195312,61169000,0.0,0.0,0.0
2025-09-17 00:00:00-04:00,656.2461210913638,657.9463305061431,650.5686620900484,655.4208374023438,101952200,0.0,0.0,0.0
2025-09-18 00:00:00-04:00,658.1153912564865,661.0982828700095,656.5046346401509,658.4832763671875,90459200,0.0,0.0,0.0
2025-09-19 00:00:00-04:00,660.3786700487054,662.5921003065068,658.4244226642126,661.74462890625,97945600,1.831,0.0,0.0
2025-09-22 00:00:00-04:00,660.2490220888672,665.3239917254978,660.2190812650523,664.8753662109375,69452200,0.0,0.0,0.0
2025-09-23 00:00:00-04:00,664.7557113987294,665.3739407705357,660.0296859026699,661.256103515625,81708900,0.0,0.0,0.0
2025-09-24 00:00:00-04:00,662.5522091075384,662.6518901422049,657.7264420940938,659.1522216796875,68082200,0.0,0.0,0.0
2025-09-25 00:00:00-04:00,656.0016057727498,657.4672457066506,652.4819765077987,656.1112670898438,89622100,0.0,0.0,0.0
2025-09-26 00:00:00-04:00,657.5669862915963,660.4185456623683,655.9417836675868,659.8701782226562,69179200,0.0,0.0,0.0
2025-09-29 00:00:00-04:00,662.4026597035332,663.3199930316334,659.9100251593522,661.7246704101562,73499000,0.0,0.0,0.0
2025-09-30 00:00:00-04:00,660.976860345401,664.6859320813617,659.6607420426623,664.21728515625,86288000,0.0,0.0,0.0
2025-10-01 00:00:00-04:00,661.2161783670498,667.3979243492374,661.1065170498754,666.4806518554688,72545400,0.0,0.0,0.0
2025-10-02 00:00:00-04:00,668.4747085274895,668.5943501107935,664.8155382515555,667.248291015625,56896000,0.0,0.0,0.0
2025-10-03 00:00:00-04:00,668.0160736487628,670.6981508367895,666.1914481336265,667.2384033203125,70494400,0.0,0.0,0.0
2025-10-06 00:00:00-04:00,669.6412668959266,670.5286593813627,667.4876574687494,669.6312866210938,54623300,0.0,0.0,0.0
2025-10-07 00:00:00-04:00,670.5585274945992,671.0072138668005,665.7028804529681,667.1486206054688,72020100,0.0,0.0,0.0
2025-10-08 00:00:00-04:00,668.2753327277967,671.2266339865188,667.4477610054765,671.1268920898438,60702200,0.0,0.0,0.0
2025-10-09 00:00:00-04:00,671.5456907353398,671.9544560264949,667.2384109165724,669.1826171875,66501900,0.0,0.0,0.0
2025-10-10 00:00:00-04:00,670.1497521868876,671.9643973425017,650.9166069608107,651.0960693359375,159422600,0.0,0.0,0.0
2025-10-13 00:00:00-04:00,658.7036354539871,663.170417127303,657.8262232173948,661.0865478515625,79560500,0.0,0.0,0.0
2025-10-14 00:00:00-04:00,655.2338407773344,663.8683609233883,651.2456255038628,660.2789306640625,88779600,0.0,0.0,0.0
2025-10-15 00:00:00-04:00,664.855429242796,668.2553559603689,656.988660072404,663.2102661132812,81702600,0.0,0.0,0.0
2025-10-16 00:00:00-04:00,664.8554499895176,666.7398963555108,655.1740352792065,658.6936645507812,110563300,0.0,0.0,0.0
2025-10-17 00:00:00-04:00,657.5570092911896,663.7985760836355,656.2010306703355,662.4326171875,96500900,0.0,0.0,0.0
2025-10-20 00:00:00-04:00,665.3539499346838,670.2295576279439,665.3041094156895,669.3222045898438,60493400,0.0,0.0,0.0
2025-10-21 00:00:00-04:00,669.4617772299453,671.0071983826805,668.0060568363804,669.3121948242188,56249000,0.0,0.0,0.0
2025-10-22 00:00:00-04:00,670.0201576878661,670.0201576878661,661.3457774038759,665.83251953125,80564000,0.0,0.0,0.0
2025-10-23 00:00:00-04:00,666.1515932793667,670.7280970890292,665.8325287543602,669.7808837890625,65604500,0.0,0.0,0.0
2025-10-24 00:00:00-04:00,674.4670490970213,676.4710761570719,673.6594379369009,675.2546997070312,74356500,0.0,0.0,0.0
2025-10-27 00:00:00-04:00,680.7185156175003,683.5202343374859,680.1103274099472,683.2211303710938,63339800,0.0,0.0,0.0
2025-10-28 00:00:00-04:00,685.0257863269245,686.8802917495992,682.8123561492805,685.0357666015625,61738100,0.0,0.0,0.0
2025-10-29 00:00:00-04:00,686.6908448301914,687.6679989086465,680.8581046045199,685.3648071289062,85657100,0.0,0.0,0.0
2025-10-30 00:00:00-04:00,681.8851035842282,683.919071384824,677.8270874023438,677.8270874023438,76335800,0.0,0.0,0.0
2025-10-31 00:00:00-04:00,683.0217380676526,683.0616591685175,677.2388379885472,680.050537109375,87164100,0.0,0.0,0.0
2025-11-03 00:00:00-05:00,683.6498738048132,683.7794956694769,677.9367749059246,681.3267822265625,57315000,0.0,0.0,0.0
2025-11-04 00:00:00-05:00,674.1180423048241,677.9567360174515,672.5925816080086,673.2506103515625,78427000,0.0,0.0,0.0
2025-11-05 00:00:00-05:00,672.9913638051393,678.8540450990596,672.1837526501265,675.583740234375,74402400,0.0,0.0,0.0
2025-11-06 00:00:00-05:00,674.4769688014325,675.384321857154,666.7498016918889,668.3351440429688,85035300,0.0,0.0,0.0
2025-11-07 00:00:00-05:00,665.9421818455136,669.1028862313885,659.2619700189845,668.9931640625,100592400,0.0,0.0,0.0
2025-11-10 00:00:00-05:00,675.2447347362015,680.1701831536659,673.0412846911101,679.432373046875,75842900,0.0,0.0,0.0
2025-11-11 00:00:00-05:00,677.9467300747958,681.5560598909952,676.7302928180768,680.9877319335938,58953400,0.0,0.0,0.0
2025-11-12 00:00:00-05:00,682.7724572806613,682.9420002443612,678.9438047256676,681.3666381835938,62312500,0.0,0.0,0.0
2025-11-13 00:00:00-05:00,678.4950944095032,678.8540191634994,668.5445172010542,670.0599975585938,103457800,0.0,0.0,0.0
2025-11-14 00:00:00-05:00,663.4196879466924,673.669369761962,661.3159189526839,669.9503784179688,96846700,0.0,0.0,0.0
2025-11-17 00:00:00-05:00,667.7269573864955,671.7251529532939,660.2191128892804,663.7088012695312,90456100,0.0,0.0,0.0
2025-11-18 00:00:00-05:00,660.1493223141129,663.1604443809363,653.9277160969795,658.1353149414062,114467500,0.0,0.0,0.0
2025-11-19 00:00:00-05:00,658.8332701356088,665.3739409367662,656.8092216159307,660.6777954101562,94703000,0.0,0.0,0.0
2025-11-20 00:00:00-05:00,670.9274443593279,673.5696612658603,649.969414909385,650.6075439453125,165293500,0.0,0.0,0.0
2025-11-21 00:00:00-05:00,653.1200634979649,662.5920743656175,648.9324254696204,657.08837890625,123956200,0.0,0.0,0.0
2025-11-24 00:00:00-05:00,660.7375826041805,668.0858642133718,659.6408477705503,666.759765625,80437900,0.0,0.0,0.0
2025-11-25 00:00:00-05:00,666.6600618545837,674.2177464111714,662.5222643995295,673.03125,81077100,0.0,0.0,0.0
2025-11-26 00:00:00-05:00,675.6336030547216,679.6916195137131,674.7262499751725,677.6775512695312,71879600,0.0,0.0,0.0
2025-11-28 00:00:00-05:00,678.8540116786253,681.6557303234264,678.4950869285864,681.3765869140625,49212000,0.0,0.0,0.0
2025-12-01 00:00:00-05:00,676.8100876493213,680.9777652313311,676.7402865806703,678.2658081054688,61201200,0.0,0.0,0.0
2025-12-02 00:00:00-05:00,679.91089945233,681.8053259843603,677.3285642303521,679.5220947265625,62953800,0.0,0.0,0.0
2025-12-03 00:00:00-05:00,678.5648962284573,682.8920755410956,677.6874840363832,681.8751220703125,57238500,0.0,0.0,0.0
2025-12-04 00:00:00-05:00,683.2809493981625,683.3507504660292,679.3326553413237,682.3736572265625,61970300,0.0,0.0,0.0
2025-12-05 00:00:00-05:00,683.4504163312143,686.3618571461667,682.5630847287977,683.6697998046875,79241000,0.0,0.0,0.0
2025-12-08 00:00:00-05:00,684.5672069678625,684.6170474876437,679.5619773329797,681.6159057617188,55231500,0.0,0.0,0.0
2025-12-09 00:00:00-05:00,681.1373100558188,683.3707007727439,680.5789623765876,681.027587890625,58310100,0.0,0.0,0.0
2025-12-10 00:00:00-05:00,680.5490620813229,686.9401503769751,679.3027447895911,685.5443115234375,85671300,0.0,0.0,0.0
2025-12-11 00:00:00-05:00,683.1214313379483,687.2193077079016,680.1601500103427,687.1395263671875,86173700,0.0,0.0,0.0
2025-12-12 00:00:00-05:00,686.1424918468441,686.8504219479569,677.1690077077839,679.7514038085938,113160300,0.0,0.0,0.0
2025-12-15 00:00:00-05:00,683.7196756361553,683.7396361862291,677.2488060921288,678.7244262695312,90811000,0.0,0.0,0.0
2025-12-16 00:00:00-05:00,677.2288588584025,679.0734449717613,672.9913800472318,676.8699340820312,122030600,0.0,0.0,0.0
2025-12-17 00:00:00-05:00,677.8869129385677,678.4352803496147,669.2225131069573,669.4219360351562,110625200,0.0,0.0,0.0
2025-12-18 00:00:00-05:00,675.603604329658,678.7343677454887,672.9116078583543,674.4769287109375,108650100,0.0,0.0,0.0
2025-12-19 00:00:00-05:00,676.5900268554688,681.0900268554688,676.469970703125,680.5900268554688,103599500,1.993,0.0,0.0
2025-12-22 00:00:00-05:00,683.9400024414062,685.3599853515625,680.5900268554688,684.8300170898438,69556700,0.0,0.0,0.0
2025-12-23 00:00:00-05:00,683.9199829101562,688.2000122070312,683.8699951171875,687.9600219726562,64840000,0.0,0.0,0.0
2025-12-24 00:00:00-05:00,687.9500122070312,690.8300170898438,687.7999877929688,690.3800048828125,39445600,0.0,0.0,0.0
2025-12-26 00:00:00-05:00,690.6400146484375,691.6599731445312,689.27001953125,690.3099975585938,41613300,0.0,0.0,0.0
2025-12-29 00:00:00-05:00,687.5399780273438,689.2000122070312,686.0700073242188,687.8499755859375,62559500,0.0,0.0,0.0
2025-12-30 00:00:00-05:00,687.4500122070312,688.5599975585938,686.5800170898438,687.010009765625,47160700,0.0,0.0,0.0
2025-12-31 00:00:00-05:00,687.1400146484375,687.3599853515625,681.7100219726562,681.9199829101562,74144800,0.0,0.0,0.0
2026-01-02 00:00:00-05:00,685.7100219726562,686.8699951171875,679.8200073242188,683.1699829101562,89377200,0.0,0.0,0.0
2026-01-05 00:00:00-05:00,686.5399780273438,689.4299926757812,686.3800048828125,687.719970703125,71927200,0.0,0.0,0.0
2026-01-06 00:00:00-05:00,687.9299926757812,692.3200073242188,687.780029296875,691.8099975585938,69273800,0.0,0.0,0.0
2026-01-07 00:00:00-05:00,692.1900024414062,693.9600219726562,689.3200073242188,689.5800170898438,75588300,0.0,0.0,0.0
2026-01-08 00:00:00-05:00,688.8200073242188,690.6199951171875,687.489990234375,689.510009765625,64019200,0.0,0.0,0.0
2026-01-09 00:00:00-05:00,690.6300048828125,695.3099975585938,689.1799926757812,694.0700073242188,80125500,0.0,0.0,0.0
2026-01-12 00:00:00-05:00,690.6799926757812,696.0900268554688,690.6300048828125,695.1599731445312,63976000,0.0,0.0,0.0
2026-01-13 00:00:00-05:00,695.489990234375,696.0900268554688,691.3499755859375,693.77001953125,78309700,0.0,0.0,0.0
2026-01-14 00:00:00-05:00,691.0,691.719970703125,686.0399780273438,690.3599853515625,94676700,0.0,0.0,0.0
2026-01-15 00:00:00-05:00,694.5700073242188,695.4500122070312,691.25,692.239990234375,77862000,0.0,0.0,0.0
2026-01-16 00:00:00-05:00,693.6599731445312,694.25,690.0999755859375,691.6599731445312,79289200,0.0,0.0,0.0
2026-01-20 00:00:00-05:00,681.489990234375,684.77001953125,676.5700073242188,677.5800170898438,111623300,0.0,0.0,0.0
2026-01-21 00:00:00-05:00,679.6500244140625,688.739990234375,678.1300048828125,685.4000244140625,127844500,0.0,0.0,0.0
2026-01-22 00:00:00-05:00,689.8499755859375,691.1300048828125,686.9199829101562,688.97998046875,77112200,0.0,0.0,0.0
2026-01-23 00:00:00-05:00,688.1500244140625,690.9600219726562,687.1599731445312,689.22998046875,63059600,0.0,0.0,0.0
2026-01-26 00:00:00-05:00,690.489990234375,694.1300048828125,689.9199829101562,692.72998046875,60473800,0.0,0.0,0.0
2026-01-27 00:00:00-05:00,694.1799926757812,696.530029296875,693.5700073242188,695.489990234375,55506100,0.0,0.0,0.0
2026-01-28 00:00:00-05:00,697.0499877929688,697.8400268554688,693.9400024414062,695.4199829101562,61172200,0.0,0.0,0.0
2026-01-29 00:00:00-05:00,696.3900146484375,697.0599975585938,684.8300170898438,694.0399780273438,97486200,0.0,0.0,0.0
2026-01-30 00:00:00-05:00,691.7899780273438,694.2100219726562,687.1199951171875,691.969970703125,101835100,0.0,0.0,0.0
2026-02-02 00:00:00-05:00,689.5800170898438,696.9299926757812,689.4199829101562,695.4099731445312,79286500,0.0,0.0,0.0
2026-02-03 00:00:00-05:00,696.2100219726562,696.9600219726562,684.030029296875,689.530029296875,107904600,0.0,0.0,0.0
2026-02-04 00:00:00-05:00,690.3499755859375,691.4500122070312,681.760009765625,686.1900024414062,105204600,0.0,0.0,0.0
2026-02-05 00:00:00-05:00,680.9400024414062,683.6900024414062,675.7899780273438,677.6199951171875,113610800,0.0,0.0,0.0
2026-02-06 00:00:00-05:00,681.4600219726562,692.3099975585938,680.8499755859375,690.6199951171875,89127600,0.0,0.0,0.0
2026-02-09 00:00:00-05:00,689.4199829101562,695.8699951171875,688.3400268554688,693.9500122070312,73885200,0.0,0.0,0.0
2026-02-10 00:00:00-05:00,694.9500122070312,696.5399780273438,691.6599731445312,692.1199951171875,65185700,0.0,0.0,0.0
2026-02-11 00:00:00-05:00,696.3900146484375,697.1400146484375,689.1799926757812,691.9600219726562,76353900,0.0,0.0,0.0
2026-02-12 00:00:00-05:00,694.239990234375,695.3499755859375,680.3699951171875,681.27001953125,118829000,0.0,0.0,0.0
2026-02-13 00:00:00-05:00,681.6900024414062,686.280029296875,677.52001953125,681.75,96267500,0.0,0.0,0.0
2026-02-17 00:00:00-05:00,680.1400146484375,684.9400024414062,675.780029296875,682.8499755859375,81354700,0.0,0.0,0.0
2026-02-18 00:00:00-05:00,684.02001953125,689.1500244140625,682.8300170898438,686.2899780273438,72720473,0.0,0.0,0.0
