Date,Open,High,Low,Close,Volume,Dividends,Stock Splits
2016-02-19 00:00:00-05:00,66.21766745850319,66.86092175944387,65.53712944410019,66.68379211425781,7750900,0.0,0.0
2016-02-22 00:00:00-05:00,67.38299210352174,68.23134255473475,67.21518691056198,68.11014556884766,7481500,0.0,0.0
2016-02-23 00:00:00-05:00,68.00762885986465,68.16611675186174,67.11266978962716,67.26183319091797,6177000,0.0,0.0
2016-02-24 00:00:00-05:00,66.42279875504418,67.29911584970773,65.61173886237677,66.98214721679688,7728600,0.0,0.0
2016-02-25 00:00:00-05:00,67.08470126949574,68.37120355793512,67.066059401186,68.30594635009766,6840900,0.0,0.0
2016-02-26 00:00:00-05:00,68.74407231479243,68.90256012647639,67.76521466173836,67.80250549316406,6714100,0.0,0.0
2016-02-29 00:00:00-05:00,67.92371606835918,68.89325664350814,67.48555755615234,67.48555755615234,7786100,0.0,0.0
2016-03-01 00:00:00-05:00,68.04490124990906,69.58311462402344,67.96100219382126,69.58311462402344,8705300,0.0,0.0
2016-03-02 00:00:00-05:00,69.45260616204504,69.54582971425899,68.66951978844669,69.26615905761719,5739100,0.0,0.0
2016-03-03 00:00:00-05:00,69.4339776939206,69.4526195629599,68.38985521515775,68.90259552001953,6588300,0.0,0.0
2016-03-04 00:00:00-05:00,69.19157677312144,69.21954312729392,68.6229038632776,68.89325714111328,9475300,0.0,0.0
2016-03-07 00:00:00-05:00,68.4178302777628,68.47376300449787,66.51603933123342,67.06607055664062,16671900,0.0,0.0
2016-03-08 00:00:00-05:00,66.65585695371965,66.67449881917125,65.73293169509154,65.83547973632812,12394400,0.0,0.0
2016-03-09 00:00:00-05:00,66.18972279111057,66.2643044674527,65.16424963515676,65.89140319824219,9291600,0.0,0.0
2016-03-10 00:00:00-05:00,66.32024587282508,66.5626327964996,64.86593855578005,65.46257781982422,10135100,0.0,0.0
2016-03-11 00:00:00-05:00,66.32956273389536,67.13129798635005,65.89140426889101,66.77703857421875,9466400,0.0,0.0
2016-03-14 00:00:00-04:00,66.74907818904421,66.86095071537393,66.14311445163476,66.64653015136719,7916500,0.0,0.0
2016-03-15 00:00:00-04:00,66.35756311586582,67.0381088256836,65.8727961881561,67.0381088256836,6442800,0.0,0.0
2016-03-16 00:00:00-04:00,66.82363409634749,67.89572227782625,66.66515341288925,67.46688842773438,7561800,0.0,0.0
2016-03-17 00:00:00-04:00,67.38301043877684,68.678837015484,67.2804623978143,68.18474578857422,7411700,0.0,0.0
2016-03-18 00:00:00-04:00,68.52033572852343,69.07968398544016,68.17540086571695,68.78136444091797,15026200,0.0,0.0
2016-03-21 00:00:00-04:00,68.59494158453496,68.9305520795464,68.19407388841029,68.77206420898438,7397400,0.0,0.0
2016-03-22 00:00:00-04:00,68.27798135119689,68.6602072279302,67.98898615537573,68.01695251464844,6796800,0.0,0.0
2016-03-23 00:00:00-04:00,68.00762933107852,69.14497538004282,67.8398240597149,68.90259552001953,7287100,0.0,0.0
2016-03-24 00:00:00-04:00,68.66018121545048,69.13563048046572,68.4364433135314,69.11698150634766,6303900,0.0,0.0
2016-03-28 00:00:00-04:00,69.11699838484185,69.23818829620538,68.725455182743,69.06106567382812,7283300,0.0,0.0
2016-03-29 00:00:00-04:00,69.00510459344584,70.4687360182815,68.91188106630646,70.27296447753906,10541500,0.0,0.0
2016-03-30 00:00:00-04:00,70.75774789129663,71.78322105530088,70.7018080773508,71.578125,9691900,0.0,0.0
2016-03-31 00:00:00-04:00,71.42896866286623,71.70863928221955,70.80435601006009,71.29845428466797,7490800,0.0,0.0
2016-04-01 00:00:00-04:00,71.08404074936607,72.94854017885764,70.66453122273082,72.333251953125,10183400,0.0,0.0
2016-04-04 00:00:00-04:00,72.68749067221171,73.00445207085343,72.27729863867644,72.55697631835938,6905800,0.0,0.0
2016-04-05 00:00:00-04:00,71.91372973998604,72.22137379858,71.39167226782631,71.7552490234375,6012000,0.0,0.0
2016-04-06 00:00:00-04:00,71.8578076663563,72.97650444708549,71.7832259843075,72.91124725341797,6220400,0.0,0.0
2016-04-07 00:00:00-04:00,72.44513401015706,72.69684544925364,71.96036722421452,72.32394409179688,7542100,0.0,0.0
2016-04-08 00:00:00-04:00,72.79003114514053,73.29344664895532,72.53831983698409,72.74341583251953,5327500,0.0,0.0
2016-04-11 00:00:00-04:00,73.05109949299278,73.44264272662626,72.50106837788691,72.54768371582031,5957200,0.0,0.0
2016-04-12 00:00:00-04:00,72.4544682740323,73.22823745044761,72.3892110611119,73.20026397705078,5962900,0.0,0.0
2016-04-13 00:00:00-04:00,73.67570119366947,74.51472744343162,73.56383576870225,74.30963134765625,9187300,0.0,0.0
2016-04-14 00:00:00-04:00,74.35623698178513,75.20458049794325,73.93672035538769,74.88761901855469,11470300,0.0,0.0
2016-04-15 00:00:00-04:00,74.81303701342365,75.22322914968437,74.48675104708019,74.65455627441406,7186700,0.0,0.0
2016-04-18 00:00:00-04:00,74.76642761173098,76.0249704727617,74.42149975389395,75.9317398071289,7761200,0.0,0.0
2016-04-19 00:00:00-04:00,75.97836218677439,76.19278278011518,74.92492242493081,75.2791748046875,8324700,0.0,0.0
2016-04-20 00:00:00-04:00,75.40034246675673,76.10885412963049,75.09270551494949,75.65205383300781,8521300,0.0,0.0
2016-04-21 00:00:00-04:00,75.97836383438501,76.13684460409428,75.21391923122624,75.31646728515625,9536900,0.0,0.0
2016-04-22 00:00:00-04:00,72.71546187299079,73.98332177721211,72.04424108693252,73.75025939941406,18216000,0.0,0.0
2016-04-25 00:00:00-04:00,73.3587255533474,73.49855730764259,72.54766581593422,72.84598541259766,11184600,0.0,0.0
2016-04-26 00:00:00-04:00,73.13496728640128,73.36802965138344,72.81800588402504,73.20954895019531,6071800,0.0,0.0
2016-04-27 00:00:00-04:00,73.09770996537016,73.64773393136316,72.87396489318519,73.42399597167969,6319400,0.0,0.0
2016-04-28 00:00:00-04:00,73.04176565251781,73.89943370568369,72.34257834803455,72.41716003417969,8322600,0.0,0.0
2016-04-29 00:00:00-04:00,72.26799441810951,72.72480189718969,71.65271330776807,72.00696563720703,8092700,0.0,0.0
2016-05-02 00:00:00-04:00,72.53836140749748,73.15364974671519,71.93240467114947,73.14432525634766,7636800,0.0,0.0
2016-05-03 00:00:00-04:00,72.18411856511793,73.05111135899394,71.71799356007713,71.96038055419922,7666300,0.0,0.0
2016-05-04 00:00:00-04:00,71.37304606953346,72.1374906602076,71.17727445500127,71.84849548339844,8854000,0.0,0.0
2016-05-05 00:00:00-04:00,71.91374699035305,72.43580458774176,71.79255708024533,72.11884307861328,6002300,0.0,0.0
2016-05-06 00:00:00-04:00,71.99764454226928,72.52902656523112,71.57812792677281,72.4544448852539,6172600,0.0,0.0
2016-05-09 00:00:00-04:00,72.4264867638088,73.05109240147101,72.32393872031186,72.92057800292969,9242300,0.0,0.0
2016-05-10 00:00:00-04:00,73.10703657348796,73.95538740951467,73.09771919534654,73.83419036865234,6802600,0.0,0.0
2016-05-11 00:00:00-04:00,73.90888716103815,74.08633054125698,72.18117261054002,72.19051361083984,8432500,0.14,0.0
2016-05-12 00:00:00-04:00,72.65747610112072,73.02169679805286,71.97572546642147,72.74152374267578,7512800,0.0,0.0
2016-05-13 00:00:00-04:00,72.57342461793037,73.10574774715344,71.75159454345703,71.75159454345703,7562700,0.0,0.0
2016-05-16 00:00:00-04:00,71.92898447376398,72.90024145852263,71.87295274630813,72.65743255615234,8597900,0.0,0.0
2016-05-17 00:00:00-04:00,72.44266707508758,72.76953085022352,71.46206862458389,71.71422576904297,7169900,0.0,0.0
2016-05-18 00:00:00-04:00,71.63950306881091,72.73216489145493,71.34999620770738,72.3119125366211,6288500,0.0,0.0
2016-05-19 00:00:00-04:00,71.78893730383832,72.14381694513594,71.18190052588277,71.79827117919922,5552200,0.0,0.0
2016-05-20 00:00:00-04:00,72.22787521334597,72.8816099647859,72.07845480950898,72.53606414794922,6302100,0.0,0.0
2016-05-23 00:00:00-04:00,72.62012409103271,72.8349172728157,72.04110306278366,72.10647583007812,5934300,0.0,0.0
2016-05-24 00:00:00-04:00,72.52672309649364,74.24509675866057,72.52672309649364,74.13302612304688,7582300,0.0,0.0
2016-05-25 00:00:00-04:00,74.24510897508644,74.40387039117336,73.73146071704382,73.83419036865234,5846700,0.0,0.0
2016-05-26 00:00:00-04:00,74.15171415648936,74.15171415648936,73.65674794451893,73.77815246582031,4284000,0.0,0.0
2016-05-27 00:00:00-04:00,73.62874095751269,74.39454650878906,73.62874095751269,74.39454650878906,4374600,0.0,0.0
2016-05-31 00:00:00-04:00,74.58127823743473,74.59061923542461,73.55398933645587,73.72209167480469,8639600,0.0,0.0
2016-06-01 00:00:00-04:00,73.48862311145508,74.07697778525444,73.37655250092901,73.98358917236328,4507000,0.0,0.0
2016-06-02 00:00:00-04:00,74.0302689017907,74.66532135009766,73.71274624018393,74.66532135009766,5627500,0.0,0.0
2016-06-03 00:00:00-04:00,74.29177006169905,74.89879954311473,73.92754952281217,74.65599060058594,7628000,0.0,0.0
2016-06-06 00:00:00-04:00,74.98286401120298,75.55254382551591,74.87079339810886,75.21633911132812,7620100,0.0,0.0
2016-06-07 00:00:00-04:00,75.36577327569255,75.64594629720203,75.21635288929116,75.27238464355469,5515700,0.0,0.0
2016-06-08 00:00:00-04:00,75.27238464308061,76.30901484752489,75.15098013381176,76.25298309326172,8860900,0.0,0.0
2016-06-09 00:00:00-04:00,75.86074755023827,76.1502544511593,75.62727240430944,75.88876342773438,6670900,0.0,0.0
2016-06-10 00:00:00-04:00,75.41244984348702,75.41244984348702,74.56259714347202,74.880126953125,7859900,0.0,0.0
2016-06-13 00:00:00-04:00,73.77815054332673,74.88015358328154,73.19912958162287,73.21781158447266,10424600,0.0,0.0
2016-06-14 00:00:00-04:00,72.95633439640936,73.54468934614331,72.80690684562741,73.3765869140625,7891700,0.0,0.0
2016-06-15 00:00:00-04:00,73.37659064045717,73.62874073883481,72.89096532594913,73.0030288696289,7424000,0.0,0.0
2016-06-16 00:00:00-04:00,72.7415110462935,73.32986580977713,72.0410856552006,73.17110443115234,9650800,0.0,0.0
2016-06-17 00:00:00-04:00,73.14309817283574,73.15243917430527,71.75158820792683,71.90100860595703,14602200,0.0,0.0
2016-06-20 00:00:00-04:00,73.12440250129926,73.19910911652252,72.20917699514358,72.22785186767578,9957500,0.0,0.0
2016-06-21 00:00:00-04:00,72.66679700602467,72.85358138463178,72.05042636935994,72.2185287475586,9201000,0.0,0.0
2016-06-22 00:00:00-04:00,72.45198794860039,72.62009028984214,71.47138977050781,71.47138977050781,9626700,0.0,0.0
2016-06-23 00:00:00-04:00,72.62010948141987,73.06837775980074,71.7889385537052,73.05904388427734,13566200,0.0,0.0
2016-06-24 00:00:00-04:00,69.85577348798209,71.01380833240755,69.52890255096247,70.08924865722656,18375000,0.0,0.0
2016-06-27 00:00:00-04:00,69.27675940459628,69.65032113762112,68.40823140347995,68.49227905273438,16318400,0.0,0.0
2016-06-28 00:00:00-04:00,70.07988495643394,70.50947827368614,69.56623690042893,70.19195556640625,14815200,0.0,0.0
2016-06-29 00:00:00-04:00,70.95778206453154,71.68622350894611,70.70562487217434,71.66754150390625,12178100,0.0,0.0
2016-06-30 00:00:00-04:00,71.90101777536056,72.04110431488267,68.92187918533732,69.26741790771484,24877300,0.0,0.0
2016-07-01 00:00:00-04:00,69.57558252749907,70.92040143624887,69.20202092783579,69.5569076538086,13821400,0.0,0.0
2016-07-05 00:00:00-04:00,69.3421080057455,70.0145174658164,68.94987152906911,69.73434448242188,11081000,0.0,0.0
2016-07-06 00:00:00-04:00,69.22071172995055,69.80906651480674,68.94987971387827,69.1646728515625,11263800,0.0,0.0
2016-07-07 00:00:00-04:00,69.40746420953994,70.31334856483618,69.36076634840566,69.58490753173828,8806700,0.0,0.0
2016-07-08 00:00:00-04:00,70.32271873884699,71.4900945006134,69.84642743301936,71.36868286132812,10975000,0.0,0.0
2016-07-11 00:00:00-04:00,71.73291398038091,72.087800823726,71.34067737730214,71.46208190917969,8185900,0.0,0.0
2016-07-12 00:00:00-04:00,71.61148882924391,72.44265968339349,71.49008433232262,72.35861206054688,10245500,0.0,0.0
2016-07-13 00:00:00-04:00,72.54540221354856,72.63879085280392,72.09712676998782,72.3399429321289,6559200,0.0,0.0
2016-07-14 00:00:00-04:00,72.90026184504106,73.3485371653252,72.5547232623104,72.9749755859375,6607400,0.0,0.0
2016-07-15 00:00:00-04:00,73.45129927949357,73.54468793439072,72.89096022501298,73.12443542480469,8153400,0.0,0.0
2016-07-18 00:00:00-04:00,73.17109252653023,73.49795623084182,73.05902904224875,73.13373565673828,4864200,0.0,0.0
2016-07-19 00:00:00-04:00,72.6107627281598,73.67540871133677,72.49869210489554,73.51664733886719,9395500,0.0,0.0
2016-07-20 00:00:00-04:00,73.54466945090856,74.47857001536454,73.54466945090856,74.11434936523438,7922100,0.0,0.0
2016-07-21 00:00:00-04:00,74.18905269784598,74.45988467850145,73.21779539224889,73.58201599121094,9018000,0.0,0.0
2016-07-22 00:00:00-04:00,74.69337874336046,74.78676738536828,73.15244121239307,74.62800598144531,12532400,0.0,0.0
2016-07-25 00:00:00-04:00,74.87078504927676,74.87078504927676,73.52597346758003,73.72209167480469,7979900,0.0,0.0
2016-07-26 00:00:00-04:00,73.7594580702414,73.83416468852995,72.78820078154293,73.30184173583984,9673200,0.0,0.0
2016-07-27 00:00:00-04:00,73.27386824583294,73.58205727172817,72.40534007064564,73.33924102783203,10194400,0.0,0.0
2016-07-28 00:00:00-04:00,73.48863900390194,74.71204648506415,73.35789349256076,73.9555892944336,8709700,0.0,0.0
2016-07-29 00:00:00-04:00,74.00228231500897,74.10501195208006,72.84424755404847,72.89094543457031,7777700,0.0,0.0
2016-08-01 00:00:00-04:00,73.13375740769624,73.33921669011112,72.59210044735288,73.08706665039062,8908800,0.0,0.0
2016-08-02 00:00:00-04:00,72.90960229546255,73.28316387204012,72.61075445921938,73.10572052001953,7910000,0.0,0.0
2016-08-03 00:00:00-04:00,73.10573903969556,73.50731658935547,73.04036628161587,73.50731658935547,7272700,0.0,0.0
2016-08-04 00:00:00-04:00,73.61937320267805,74.38517127647137,73.54465945765068,74.22640991210938,5954400,0.0,0.0
2016-08-05 00:00:00-04:00,74.45989317998641,74.93617732525831,74.39452042719836,74.84278869628906,6662500,0.0,0.0
2016-08-08 00:00:00-04:00,74.9268194024186,75.02954187374938,74.5252420141496,74.66532135009766,5119700,0.0,0.0
2016-08-09 00:00:00-04:00,74.67467016807853,75.1603023338692,74.6653291696726,74.76805877685547,4455700,0.0,0.0
2016-08-10 00:00:00-04:00,74.68404006563054,74.91751524046364,74.25444659894924,74.4132080078125,5945500,0.0,0.0
2016-08-11 00:00:00-04:00,74.71204131147498,74.97353231604986,74.56261380880619,74.82411193847656,6577700,0.0,0.0
2016-08-12 00:00:00-04:00,74.52528359641916,74.78677466954878,74.38519705721475,74.7307357788086,4420400,0.0,0.0
2016-08-15 00:00:00-04:00,74.83343374861929,75.78601611181485,74.73070413837085,75.56188201904297,6290300,0.0,0.0
2016-08-16 00:00:00-04:00,75.10427000708108,75.56188634258801,74.91749277326645,75.46849060058594,6182600,0.0,0.0
2016-08-17 00:00:00-04:00,75.50590253407442,75.64623211803492,75.21589329469279,75.62751770019531,4655400,0.14,0.0
2016-08-18 00:00:00-04:00,74.85105368305301,75.39365055800879,74.75750298995446,75.09428405761719,7453900,0.0,0.0
2016-08-19 00:00:00-04:00,74.8510636324671,75.28140258789062,74.59846887631899,75.28140258789062,8480900,0.0,0.0
2016-08-22 00:00:00-04:00,75.15977468531726,75.85206555745259,74.80427917561104,75.8333511352539,7954500,0.0,0.0
2016-08-23 00:00:00-04:00,76.1233805914299,76.4882333745998,75.59013366699219,75.59013366699219,10007800,0.0,0.0
2016-08-24 00:00:00-04:00,75.59010142326296,75.75849549270056,75.01943302891661,75.11298370361328,5028000,0.0,0.0
2016-08-25 00:00:00-04:00,75.11300300900662,75.32816890236458,74.8417009864355,75.14106750488281,5773700,0.0,0.0
2016-08-26 00:00:00-04:00,75.4217255115781,75.90819341959315,75.00073666790172,75.37494659423828,7932200,0.0,0.0
2016-08-29 00:00:00-04:00,75.34691578587211,75.76789768030572,75.34691578587211,75.6556396484375,4766700,0.0,0.0
2016-08-30 00:00:00-04:00,75.77724996649157,75.95500135533953,75.51530505921883,75.93628692626953,4128700,0.0,0.0
2016-08-31 00:00:00-04:00,75.73044182365462,75.96432213458309,75.50591872365226,75.68367004394531,7386100,0.0,0.0
2016-09-01 00:00:00-04:00,75.90818976859474,76.29175688744274,75.74915287722571,76.05787658691406,6240600,0.0,0.0
2016-09-02 00:00:00-04:00,76.31046363751392,76.8530676439376,76.24497743932211,76.71273803710938,6408900,0.0,0.0
2016-09-06 00:00:00-04:00,76.71273965617527,77.20856475830078,76.53498834127728,77.20856475830078,8140400,0.0,0.0
2016-09-07 00:00:00-04:00,77.16180401859668,77.89150952894194,77.04953888721224,77.87279510498047,9304700,0.0,0.0
2016-09-08 00:00:00-04:00,77.66699579395738,78.23766450937755,77.26472124271795,77.62022399902344,7961100,0.0,0.0
2016-09-09 00:00:00-04:00,77.08696031318983,77.47052035344697,76.08595275878906,76.08595275878906,11563000,0.0,0.0
2016-09-12 00:00:00-04:00,76.09531930742463,77.76990373526023,75.94563957118784,77.62022399902344,9882700,0.0,0.0
2016-09-13 00:00:00-04:00,77.09630779904307,77.12437229387977,76.35724517268106,76.60983276367188,8834300,0.0,0.0
2016-09-14 00:00:00-04:00,76.20756935120971,76.91856758537114,76.19821213909322,76.23563385009766,10999500,0.0,0.0
2016-09-15 00:00:00-04:00,76.17015320715909,76.83437256674452,75.95498727498489,76.72211456298828,10580300,0.0,0.0
2016-09-16 00:00:00-04:00,76.46950503404278,76.95598008138678,76.17013851931598,76.77822875976562,11702000,0.0,0.0
2016-09-19 00:00:00-04:00,77.11502931668005,77.68569794189295,76.92792789159398,77.18987274169922,8361700,0.0,0.0
2016-09-20 00:00:00-04:00,77.620223012326,77.86346061026464,77.01213258621083,77.16181945800781,6473300,0.0,0.0
2016-09-21 00:00:00-04:00,77.57342096792839,77.88214469592985,76.96533072299053,77.85408020019531,7536200,0.0,0.0
2016-09-22 00:00:00-04:00,78.04120591325494,78.38735145591006,77.83539003045802,77.98507690429688,6599400,0.0,0.0
2016-09-23 00:00:00-04:00,77.95699638322928,78.06925437808155,77.19921923066876,77.21793365478516,8283700,0.0,0.0
2016-09-26 00:00:00-04:00,76.85306932826613,76.95597723303149,76.42273042536569,76.53498840332031,8486800,0.0,0.0
2016-09-27 00:00:00-04:00,76.51631171753625,77.06826602976165,76.24500959988768,76.86245727539062,7969500,0.0,0.0
2016-09-28 00:00:00-04:00,77.06826257408423,77.65764571744837,76.65663794633582,77.62022399902344,7974300,0.0,0.0
2016-09-29 00:00:00-04:00,77.3863442945099,77.70441819773285,76.51630896147947,76.63792419433594,5885400,0.0,0.0
2016-09-30 00:00:00-04:00,76.8624470648656,77.68570338537694,76.41339362074702,77.36762237548828,9776800,0.0,0.0
2016-10-03 00:00:00-04:00,77.10567176844569,77.751183815867,76.9934137688676,77.51730346679688,8155400,0.0,0.0
2016-10-04 00:00:00-04:00,77.91022342115109,78.14410377826908,77.25536127620555,77.39569091796875,5772000,0.0,0.0
2016-10-05 00:00:00-04:00,77.61085522932213,78.0692587212143,77.55472622877342,77.9757080078125,6163400,0.0,0.0
2016-10-06 00:00:00-04:00,77.76055373100158,78.09734205967601,77.5360234202433,77.98507690429688,7687100,0.0,0.0
2016-10-07 00:00:00-04:00,78.10666399373238,78.30312259176301,77.31147239100062,77.53599548339844,8238100,0.0,0.0
2016-10-10 00:00:00-04:00,77.76987100763283,78.15343810697605,77.59212684174254,77.7605209350586,7371500,0.0,0.0
2016-10-11 00:00:00-04:00,77.34890859299207,77.45181651659938,76.3104792820179,76.75017547607422,6227400,0.0,0.0
2016-10-12 00:00:00-04:00,76.5630576076909,77.21792678170665,76.54435032270113,76.94662475585938,3923600,0.0,0.0
2016-10-13 00:00:00-04:00,76.38531728506757,76.83436352215708,75.88013491524595,76.59113311767578,6810900,0.0,0.0
2016-10-14 00:00:00-04:00,76.7501983731531,77.82604971707879,76.7501983731531,77.13375854492188,6698100,0.0,0.0
2016-10-17 00:00:00-04:00,77.25535521770608,77.35826313776474,76.75017282945305,76.85308074951172,8473700,0.0,0.0
2016-10-18 00:00:00-04:00,76.24496556298253,77.05887144583954,76.10463597801281,76.31980895996094,11680400,0.0,0.0
2016-10-19 00:00:00-04:00,76.38531145215386,77.52664851858219,76.38531145215386,77.47051239013672,8440900,0.0,0.0
2016-10-20 00:00:00-04:00,77.6950433925006,77.74181517296061,76.8717801168434,77.18050384521484,6945200,0.0,0.0
2016-10-21 00:00:00-04:00,76.73142225927877,77.2178971317476,76.31979791041071,77.04014587402344,8043200,0.0,0.0
2016-10-24 00:00:00-04:00,77.90084744575253,78.20021394526186,77.37695785597629,77.80729675292969,16267000,0.0,0.0
2016-10-25 00:00:00-04:00,77.80733890492724,77.80733890492724,76.43212084928213,76.7408447265625,15085900,0.0,0.0
2016-10-26 00:00:00-04:00,76.35725137715396,76.95598444052251,76.16079275987313,76.47886657714844,8748400,0.0,0.0
2016-10-27 00:00:00-04:00,76.67534591309094,76.96535531161341,76.34791479581348,76.63792419433594,7039200,0.0,0.0
2016-10-28 00:00:00-04:00,77.19920829822703,77.98504983821493,76.81564830769643,76.9185562133789,10919600,0.0,0.0
2016-10-31 00:00:00-04:00,77.12438652917291,77.55472551684034,77.04954310415374,77.18987274169922,10024000,0.0,0.0
2016-11-01 00:00:00-04:00,77.31149810021525,77.3582770313567,76.08596718890702,76.35726928710938,10881500,0.0,0.0
2016-11-02 00:00:00-04:00,75.6743324970402,76.13273602708745,75.3281869774341,75.38432312011719,9170900,0.0,0.0
2016-11-03 00:00:00-04:00,75.5433263752752,75.89882181226172,75.34686780714112,75.44977569580078,7563100,0.0,0.0
2016-11-04 00:00:00-04:00,75.4498070231919,76.00176125748851,75.15044044209864,75.17850494384766,7588100,0.0,0.0
2016-11-07 00:00:00-05:00,76.37596655390496,77.20858002922309,76.1982152038499,77.18987274169922,7277900,0.0,0.0
2016-11-08 00:00:00-05:00,77.07759208799362,77.79794741823304,76.8530689955958,77.53599548339844,7152000,0.0,0.0
2016-11-09 00:00:00-05:00,76.53499929019367,77.92893123940343,75.98304512017508,77.87279510498047,12158500,0.0,0.0
2016-11-10 00:00:00-05:00,77.9289288921679,78.54636925253128,76.17014424076046,76.59113311767578,17171600,0.0,0.0
2016-11-11 00:00:00-05:00,76.32917710079924,77.30212007946456,76.26369089730547,76.60047912597656,7368000,0.0,0.0
2016-11-14 00:00:00-05:00,76.73145356289633,76.91856210458627,72.31579904092946,73.32615661621094,21773500,0.0,0.0
2016-11-15 00:00:00-05:00,73.18584003903956,74.41137075181918,72.78356556376251,73.50391387939453,18523400,0.0,0.0
2016-11-16 00:00:00-05:00,73.8648555044257,75.17734324669506,73.8367319421421,75.07421875,9997700,0.165,0.0
2016-11-17 00:00:00-05:00,75.29918666907597,76.12417518632148,75.16793865843418,76.00230407714844,8081800,0.0,0.0
2016-11-18 00:00:00-05:00,76.07732542460246,76.40544553936714,75.49607896953214,75.76795196533203,7920800,0.0,0.0
2016-11-21 00:00:00-05:00,76.15231260556052,76.66792779212398,75.84293920213398,76.58355712890625,8942100,0.0,0.0
2016-11-22 00:00:00-05:00,76.58356294906643,76.58356294906643,74.30546188680776,74.93357849121094,18133900,0.0,0.0
2016-11-23 00:00:00-05:00,74.98046662538087,74.98983637725378,74.01484574629498,74.5960922241211,12802600,0.0,0.0
2016-11-25 00:00:00-05:00,74.98983806660452,75.34608891530638,74.75546551981961,75.12108612060547,6495700,0.0,0.0
2016-11-28 00:00:00-05:00,74.68048009475116,75.00860026645819,74.10861044442608,74.13673400878906,11793100,0.0,0.0
2016-11-29 00:00:00-05:00,74.17421561515253,74.60546018150742,74.01483687015583,74.20233917236328,8575200,0.0,0.0
2016-11-30 00:00:00-05:00,74.48361513072095,74.48361513072095,72.4492625233145,72.48676300048828,15353900,0.0,0.0
2016-12-01 00:00:00-05:00,72.72111808016847,72.76799545345136,70.54614099602489,70.71488952636719,21053000,0.0,0.0
2016-12-02 00:00:00-05:00,70.68675121175072,71.4836163238813,70.47112535312453,70.98674774169922,13629600,0.0,0.0
2016-12-05 00:00:00-05:00,71.83986241511563,72.74922893913308,71.76486864443511,72.47735595703125,12119200,0.0,0.0
2016-12-06 00:00:00-05:00,73.0679898126419,73.09611337475884,71.91487369846799,72.28987121582031,13896600,0.0,0.0
2016-12-07 00:00:00-05:00,72.43985252161295,74.5210815627943,72.42110586783284,74.35233306884766,13919800,0.0,0.0
2016-12-08 00:00:00-05:00,74.69920857665679,74.87733397758953,74.03359148959444,74.32421112060547,13320100,0.0,0.0
2016-12-09 00:00:00-05:00,74.20232428904527,74.93356523978008,73.9023278181674,74.19294738769531,10728300,0.0,0.0
2016-12-12 00:00:00-05:00,74.05235529555435,74.08985576509338,73.04924098095577,73.59298706054688,11942300,0.0,0.0
2016-12-13 00:00:00-05:00,73.883601191905,74.53047172586737,73.35860896288203,74.24922180175781,12995100,0.0,0.0
2016-12-14 00:00:00-05:00,74.32421106057133,74.98045839625145,74.17421636976088,74.18358612060547,20146200,0.0,0.0
2016-12-15 00:00:00-05:00,74.40859303225795,75.36482980284904,74.1835902547808,74.53046417236328,14070900,0.0,0.0
2016-12-16 00:00:00-05:00,74.26794260907106,74.49293815688831,73.28357546459141,73.45232391357422,19141700,0.0,0.0
2016-12-19 00:00:00-05:00,73.161732310834,73.6867245070912,73.1429785024064,73.21797943115234,8699100,0.0,0.0
2016-12-20 00:00:00-05:00,73.50860069268468,73.66797228987703,72.83360668989154,73.46172332763672,6917400,0.0,0.0
2016-12-21 00:00:00-05:00,73.57422826754261,73.63985229029184,73.10548320433892,73.25547790527344,9343600,0.0,0.0
2016-12-22 00:00:00-05:00,73.14296602320142,73.18046648117631,72.364854765786,73.03047180175781,12074000,0.0,0.0
2016-12-23 00:00:00-05:00,73.19924565386339,73.57424321108789,73.03049711073653,73.2648696899414,6192900,0.0,0.0
2016-12-27 00:00:00-05:00,73.3773230134753,73.9210688104732,73.33982971590534,73.45232391357422,3776000,0.0,0.0
2016-12-28 00:00:00-05:00,73.49923465201655,73.7336072069321,73.09611357146247,73.40548706054688,7587100,0.0,0.0
2016-12-29 00:00:00-05:00,73.58360372134734,73.91172386052104,73.40548544721455,73.43360900878906,6241100,0.0,0.0
2016-12-30 00:00:00-05:00,73.52733389082596,73.6304583530731,73.06796583784896,73.14295959472656,7127300,0.0,0.0
2017-01-03 00:00:00-05:00,73.83672348968025,74.91483855285864,73.58359715313894,74.53046417236328,13785200,0.0,0.0
2017-01-04 00:00:00-05:00,74.47422200450116,75.24296366410779,74.39922107369016,75.13983917236328,8033100,0.0,0.0
2017-01-05 00:00:00-05:00,75.3179850146106,76.43360102325752,75.20549072969497,76.02110290527344,7805100,0.0,0.0
2017-01-06 00:00:00-05:00,76.21795545480623,77.33356391936702,75.88045841355752,77.0710678100586,8898300,0.0,0.0
2017-01-09 00:00:00-05:00,77.13667721787485,77.29604880368075,76.54606108386882,76.63980865478516,7305300,0.0,0.0
2017-01-10 00:00:00-05:00,76.59294604317404,76.78044837359667,76.05857691831405,76.22732543945312,6017500,0.0,0.0
2017-01-11 00:00:00-05:00,76.17104614571024,76.6866683959961,75.85230304733683,76.6866683959961,7499200,0.0,0.0
2017-01-12 00:00:00-05:00,75.98358039995117,76.37732455092312,75.47733485478052,76.28357696533203,6884000,0.0,0.0
2017-01-13 00:00:00-05:00,75.95546723700107,76.73358596691243,75.7398484555698,76.0960922241211,7291200,0.0,0.0
2017-01-17 00:00:00-05:00,75.71171295399316,76.39607681629033,75.71171295399316,76.18045806884766,6326500,0.0,0.0
2017-01-18 00:00:00-05:00,76.18982580821447,76.71482518666792,75.91795994296719,76.48982238769531,8512300,0.0,0.0
2017-01-19 00:00:00-05:00,76.67731034537898,76.73355745833611,76.32106670918178,76.62106323242188,6479400,0.0,0.0
2017-01-20 00:00:00-05:00,76.95856994641014,77.13669537982793,76.50857863906808,76.72419738769531,9048500,0.0,0.0
2017-01-23 00:00:00-05:00,76.59294143049738,77.15544123540712,76.40544626384889,77.01481628417969,7414200,0.0,0.0
2017-01-24 00:00:00-05:00,77.24919464245316,78.27105553694392,76.73357216657446,78.02731323242188,8397500,0.0,0.0
2017-01-25 00:00:00-05:00,78.5522862965846,79.00227748167597,78.23353598403736,78.65541076660156,9360900,0.0,0.0
2017-01-26 00:00:00-05:00,78.67416805833444,78.67416805833444,77.8866798016909,78.03667449951172,8428200,0.0,0.0
2017-01-27 00:00:00-05:00,78.11167115428987,78.56166952811465,77.73667370151612,78.53353881835938,5445900,0.0,0.0
2017-01-30 00:00:00-05:00,78.25231489555654,78.50543412432127,77.49295005677912,78.46793365478516,8792800,0.0,0.0
2017-01-31 00:00:00-05:00,76.99604902014478,78.07416392116687,76.9679254653106,77.539794921875,7479400,0.0,0.0
2017-02-01 00:00:00-05:00,77.71793436623258,77.89605262990042,76.92106917434813,77.28668975830078,7534400,0.0,0.0
2017-02-02 00:00:00-05:00,77.00543181421854,77.53042395123886,76.47106277404244,77.15543365478516,11142300,0.0,0.0
2017-02-03 00:00:00-05:00,80.38042252772183,81.39291384652057,79.78980616799787,80.69917297363281,28079600,0.0,0.0
2017-02-06 00:00:00-05:00,80.6897783521298,80.71790191273027,80.16478614763489,80.46478271484375,9665300,0.0,0.0
2017-02-07 00:00:00-05:00,80.58664859049665,80.95226915935243,80.31477560167124,80.41790008544922,8600300,0.0,0.0
2017-02-08 00:00:00-05:00,80.43665085511364,80.47414416372429,79.76165686041627,79.77102661132812,7587700,0.0,0.0
2017-02-09 00:00:00-05:00,80.03352803351727,80.40851833101729,79.57415275986128,80.23040008544922,6554700,0.0,0.0
2017-02-10 00:00:00-05:00,80.43666317575223,80.75540641513649,79.90229404018005,80.53041076660156,10432000,0.0,0.0
2017-02-13 00:00:00-05:00,80.81164882344036,81.28039390281643,80.62415365268286,81.03665161132812,6046300,0.0,0.0
2017-02-14 00:00:00-05:00,81.11165463296179,81.53352954397343,80.86791231369259,81.42102813720703,5952000,0.0,0.0
2017-02-15 00:00:00-05:00,81.73567140731448,82.2240982055664,81.4351038261196,82.2240982055664,8049700,0.165,0.0
2017-02-16 00:00:00-05:00,82.23349524804208,82.35559836795727,81.51964453553823,82.10199737548828,8680600,0.0,0.0
2017-02-17 00:00:00-05:00,81.97049183028088,82.35559785902039,81.69810850031459,82.14895629882812,5887200,0.0,0.0
2017-02-21 00:00:00-05:00,82.19593288984922,82.69374734569817,81.87657575814961,82.5810317993164,9301300,0.0,0.0
2017-02-22 00:00:00-05:00,82.2898506522146,82.79705981077217,82.19592462272543,82.46831512451172,8389900,0.0,0.0
2017-02-23 00:00:00-05:00,82.87217715415042,83.11638331996511,82.53403782261302,82.82521057128906,6040500,0.0,0.0
2017-02-24 00:00:00-05:00,82.05503499270188,83.06005859375,81.99868080616925,83.06005859375,5151300,0.0,0.0
2017-02-27 00:00:00-05:00,82.95673366665869,83.01308785037823,82.57163480108086,82.65616607666016,6131600,0.0,0.0
2017-02-28 00:00:00-05:00,82.8064339936713,83.01306834077893,82.43072280294803,82.59979248046875,8521900,0.0,0.0
2017-03-01 00:00:00-05:00,83.35123327042851,83.72694457643107,83.0506656588459,83.58605194091797,11131400,0.0,0.0
2017-03-02 00:00:00-05:00,83.59543663440024,83.71753974856594,82.75008808914772,83.15397644042969,10544200,0.0,0.0
2017-03-03 00:00:00-05:00,82.94734598230414,83.51091653191018,82.82524285180801,83.39820098876953,5700600,0.0,0.0
2017-03-06 00:00:00-05:00,83.15395657899727,83.8490175874792,82.90974324290026,83.5390625,7347600,0.0,0.0
2017-03-07 00:00:00-05:00,83.58603787417098,83.87721784952109,83.45454001411453,83.65178680419922,5688400,0.0,0.0
2017-03-08 00:00:00-05:00,83.75511576689622,83.87722605324603,83.47333768182807,83.55786895751953,5866800,0.0,0.0
2017-03-09 00:00:00-05:00,83.6142301668314,84.06508517335789,83.32305730463345,83.69876861572266,5953900,0.0,0.0
2017-03-10 00:00:00-05:00,84.0650611410115,84.40320050771547,83.68934993732984,84.28109741210938,12246700,0.0,0.0
2017-03-13 00:00:00-04:00,84.34685818599165,84.82588305104575,84.16839372679728,84.63803100585938,8944100,0.0,0.0
2017-03-14 00:00:00-04:00,84.46896706474257,84.5628930937473,83.8208652822456,84.11204528808594,6009400,0.0,0.0
2017-03-15 00:00:00-04:00,84.29987402844428,84.62861862207721,83.98052418494218,84.45954895019531,6350700,0.0,0.0
2017-03-16 00:00:00-04:00,84.8258971623775,84.8446866696796,84.03690984202623,84.57229614257812,9174400,0.0,0.0
2017-03-17 00:00:00-04:00,84.7695189575325,85.12644066808568,84.69437528180698,84.76012420654297,8613400,0.0,0.0
2017-03-20 00:00:00-04:00,84.80709878814626,86.46022397943172,83.56725668620616,83.7645034790039,9438000,0.0,0.0
2017-03-21 00:00:00-04:00,84.05565645375246,84.26229794965438,82.65613973072725,82.71249389648438,11092100,0.0,0.0
2017-03-22 00:00:00-04:00,82.51527996363208,83.63301913626245,82.51527996363208,83.14459228515625,7828600,0.0,0.0
2017-03-23 00:00:00-04:00,83.09761176034571,83.96174253471442,83.05064517139498,83.46392822265625,7710700,0.0,0.0
2017-03-24 00:00:00-04:00,83.65180022845828,84.16840416593782,83.56726894746913,83.77391052246094,7597600,0.0,0.0
2017-03-27 00:00:00-04:00,82.94731924719999,83.58602612027158,82.72189539967323,83.54845428466797,5230000,0.0,0.0
2017-03-28 00:00:00-04:00,83.70817565917969,83.98995380929424,83.11642792835242,83.70817565917969,7045500,0.0,0.0
2017-03-29 00:00:00-04:00,83.58603902386004,83.96175027180165,83.18215068638962,83.7645034790039,4738000,0.0,0.0
2017-03-30 00:00:00-04:00,83.67059971746677,83.68938206011732,83.21974466677648,83.60485076904297,6227100,0.0,0.0
2017-03-31 00:00:00-04:00,83.57662548879196,83.92415237320685,83.47330474853516,83.47330474853516,6429800,0.0,0.0
2017-04-03 00:00:00-04:00,83.72692171224537,84.02748924174887,83.03186064391139,83.93356323242188,9125800,0.0,0.0
2017-04-04 00:00:00-04:00,83.60482259714117,83.90539014095462,83.27607796579761,83.38878631591797,4859900,0.0,0.0
2017-04-05 00:00:00-04:00,83.71752983334984,84.72255321642513,83.54846014432337,83.62360382080078,7251600,0.0,0.0
2017-04-06 00:00:00-04:00,83.59543089253215,83.83964427018569,83.38878935498651,83.67996215820312,8473900,0.0,0.0
2017-04-07 00:00:00-04:00,83.56727076898929,83.8208717835816,83.14459285653916,83.35123443603516,5439500,0.0,0.0
2017-04-10 00:00:00-04:00,83.23850436110254,83.8302446849668,83.14457118320108,83.46392822265625,5999400,0.0,0.0
2017-04-11 00:00:00-04:00,83.21974064086126,83.45455932617188,82.77828036590171,83.45455932617188,7058500,0.0,0.0
2017-04-12 00:00:00-04:00,83.31366606963127,83.79269819065262,83.18216818011129,83.29488372802734,5912500,0.0,0.0
2017-04-13 00:00:00-04:00,83.09759361724622,84.32804058527604,83.06002178750795,83.47330474853516,7242700,0.0,0.0
2017-04-17 00:00:00-04:00,83.67996054215723,84.44077774898177,83.360610656551,84.35623931884766,6122800,0.0,0.0
2017-04-18 00:00:00-04:00,84.1965589873858,84.4595546801344,83.82084778370414,84.28109741210938,6823500,0.0,0.0
2017-04-19 00:00:00-04:00,84.61921553469385,85.11703691725467,84.1589731489539,84.29986572265625,7301300,0.0,0.0
2017-04-20 00:00:00-04:00,84.66620650111535,85.94362044938849,84.44078261791894,85.61487579345703,12178300,0.0,0.0
2017-04-21 00:00:00-04:00,87.13649596265293,87.16468021838652,85.49276551689961,85.61487579345703,19442600,0.0,0.0
2017-04-24 00:00:00-04:00,86.55415462731082,86.88289929954931,85.48338217139329,86.27236938476562,11705400,0.0,0.0
2017-04-25 00:00:00-04:00,86.40385552997829,86.74199490871364,86.01875672792136,86.51657104492188,7769200,0.0,0.0
2017-04-26 00:00:00-04:00,86.43203843949865,86.86411102617367,86.17843747141158,86.24418640136719,11295200,0.0,0.0
2017-04-27 00:00:00-04:00,86.36629655648431,86.41326315289731,85.7369842946905,86.03755187988281,5856800,0.0,0.0
2017-04-28 00:00:00-04:00,85.84030851336954,85.99059589503565,85.45520963851949,85.68063354492188,6888500,0.0,0.0
2017-05-01 00:00:00-04:00,85.74637014268231,86.10329187362774,85.6054775341711,85.71819305419922,9042100,0.0,0.0
2017-05-02 00:00:00-04:00,86.05635539781926,87.11773328827478,85.9718169437294,86.92048645019531,11627700,0.0,0.0
2017-05-03 00:00:00-04:00,86.78897387166087,86.9298664939036,86.39448026225837,86.82654571533203,4909000,0.0,0.0
2017-05-04 00:00:00-04:00,87.07074961737746,87.2116422358456,86.64807892806928,86.99561309814453,5257000,0.0,0.0
2017-05-05 00:00:00-04:00,87.25859701647134,87.33374069162657,86.18782472684285,86.4977798461914,8844500,0.0,0.0
2017-05-08 00:00:00-04:00,86.46022215094521,86.56354292109648,85.96240063744544,86.3381118774414,5223600,0.0,0.0
2017-05-09 00:00:00-04:00,86.31933538873525,86.54475928156803,86.25358645473835,86.41326141357422,3969500,0.0,0.0
2017-05-10 00:00:00-04:00,86.13149020731132,86.7983815743535,86.11270786572165,86.6480941772461,6747600,0.0,0.0
2017-05-11 00:00:00-04:00,86.52596113205155,86.70441839680697,86.05632392757772,86.50717163085938,7052200,0.0,0.0
2017-05-12 00:00:00-04:00,86.59173642246017,87.14590505276597,86.39448959644808,87.09894561767578,5898800,0.0,0.0
2017-05-15 00:00:00-04:00,87.09893570401617,87.74703029683299,87.08954095162856,87.56857299804688,7040100,0.0,0.0
2017-05-16 00:00:00-04:00,87.68128314630441,88.02881733075287,87.32436137537374,87.4934310913086,5497400,0.0,0.0
2017-05-17 00:00:00-04:00,87.01825341162561,87.28171582347007,86.29372460024103,86.34077453613281,8240200,0.165,0.0
2017-05-18 00:00:00-04:00,85.96441124787057,87.01826825381079,85.96441124787057,86.29373931884766,8239800,0.0,0.0
2017-05-19 00:00:00-04:00,86.54777888913526,87.32875466672674,86.29372073280547,87.01824951171875,9361300,0.0,0.0
2017-05-22 00:00:00-04:00,87.0652918345382,88.07209867471707,86.97119914625094,87.79922485351562,9186200,0.0,0.0
2017-05-23 00:00:00-04:00,88.0344795257839,88.5143616740489,87.94979824134428,88.31676483154297,7616100,0.0,0.0
2017-05-24 00:00:00-04:00,88.46730305099464,89.3800173140844,88.46730305099464,89.21064758300781,6825300,0.0,0.0
2017-05-25 00:00:00-04:00,89.47411337991454,89.74698724462657,89.28592797333327,89.42707061767578,7262400,0.0,0.0
2017-05-26 00:00:00-04:00,89.38942317843467,89.50233871840095,88.81544841319447,89.07891082763672,4133900,0.0,0.0
2017-05-30 00:00:00-04:00,89.06949187366828,89.27649289453517,88.7683838168193,89.12594604492188,6292700,0.0,0.0
2017-05-31 00:00:00-04:00,89.46467710833193,89.88809771097092,88.88129107066861,89.60581970214844,9866000,0.0,0.0
2017-06-01 00:00:00-04:00,89.76579284667969,89.81283559988056,89.02244842951342,89.76579284667969,8911900,0.0,0.0
2017-06-02 00:00:00-04:00,89.77520968427018,90.50914272354393,89.77520968427018,90.47150421142578,8570200,0.0,0.0
2017-06-05 00:00:00-04:00,90.6314883084241,90.88553936403993,90.43389144765308,90.84790802001953,14510500,0.0,0.0
2017-06-06 00:00:00-04:00,90.58441452115993,90.89492686871752,89.91634706899235,90.13276672363281,7030300,0.0,0.0
2017-06-07 00:00:00-04:00,90.35858488609611,90.53736601645757,90.10453391346674,90.4150390625,6720300,0.0,0.0
2017-06-08 00:00:00-04:00,90.20803802274844,90.44327332951379,89.66229038813799,90.4150390625,7720300,0.0,0.0
2017-06-09 00:00:00-04:00,90.41504180448472,90.56559585121002,88.17560420053623,88.97540283203125,16887100,0.0,0.0
2017-06-12 00:00:00-04:00,88.15678558536969,88.48611357805062,87.31934847020455,87.9780044555664,15610000,0.0,0.0
2017-06-13 00:00:00-04:00,88.44848048430124,89.70933835601352,88.42025339445877,89.4646987915039,8700100,0.0,0.0
2017-06-14 00:00:00-04:00,89.69051361083984,90.3303539048181,89.34236278745954,89.69051361083984,6347000,0.0,0.0
2017-06-15 00:00:00-04:00,88.86250239565604,88.94718367037717,88.00624233091894,88.60844421386719,12793900,0.0,0.0
2017-06-16 00:00:00-04:00,88.74017542708633,88.86250239565604,88.20383915074764,88.60844421386719,14705100,0.0,0.0
2017-06-19 00:00:00-04:00,89.15417972741355,89.24827241273555,88.68370912199184,89.19181823730469,5984300,0.0,0.0
2017-06-20 00:00:00-04:00,89.19182728423897,89.35178558339248,88.75899514480524,88.80603790283203,5626700,0.0,0.0
2017-06-21 00:00:00-04:00,89.02246961711305,89.17301651352282,88.51436038145486,88.95660400390625,5611400,0.0,0.0
2017-06-22 00:00:00-04:00,88.90952968964176,88.92835253329183,88.32615075509581,88.40142059326172,5846500,0.0,0.0
2017-06-23 00:00:00-04:00,88.5990456000303,90.00104627485808,88.34498740209507,89.9351806640625,11637300,0.0,0.0
2017-06-26 00:00:00-04:00,90.14218324701116,90.58441964662558,89.48352000169805,89.596435546875,6970800,0.0,0.0
2017-06-27 00:00:00-04:00,89.53056154586365,89.70933550211612,89.04126807478563,89.29532623291016,6283600,0.0,0.0
2017-06-28 00:00:00-04:00,89.53057267545948,90.70674938643815,89.06951341482346,90.54679107666016,5571300,0.0,0.0
2017-06-29 00:00:00-04:00,90.13276584070975,90.13276584070975,88.45789151522983,88.84367370605469,8872500,0.0,0.0
2017-06-30 00:00:00-04:00,88.806018301523,89.0318493339309,88.241455078125,88.241455078125,9036600,0.0,0.0
2017-07-03 00:00:00-04:00,88.80604438311255,88.83427865456385,87.83687591552734,87.83687591552734,6197700,0.0,0.0
2017-07-05 00:00:00-04:00,88.21323901591606,88.82485224218877,88.18501192804085,88.4578857421875,9339600,0.0,0.0
2017-07-06 00:00:00-04:00,87.9309527033905,88.42024614994511,87.68631315892488,87.74276733398438,8215700,0.0,0.0
2017-07-07 00:00:00-04:00,87.97802105589457,88.83428117724216,87.97802105589457,88.37321472167969,6175800,0.0,0.0
2017-07-10 00:00:00-04:00,88.58961833006192,89.73756778043546,88.58961833006192,89.4740982055664,8851800,0.0,0.0
2017-07-11 00:00:00-04:00,89.4646951861529,89.98220856297152,89.32355256381618,89.77520751953125,5554100,0.0,0.0
2017-07-12 00:00:00-04:00,90.31152474534952,90.75376100672756,89.9821896362318,90.49971008300781,5974800,0.0,0.0
2017-07-13 00:00:00-04:00,90.72555065827687,90.94197029743192,90.11393742985973,90.2739028930664,6721700,0.0,0.0
2017-07-14 00:00:00-04:00,90.46208468175836,91.61944549453317,90.44326901679156,91.20542907714844,6195800,0.0,0.0
2017-07-17 00:00:00-04:00,91.37480578640339,91.5441754993429,90.88551231399501,91.11134338378906,5914900,0.0,0.0
2017-07-18 00:00:00-04:00,91.13014928895203,91.97699776294084,90.90432542215876,91.8170394897461,7435000,0.0,0.0
2017-07-19 00:00:00-04:00,91.87351208435533,92.52276390773758,91.78883080938168,92.4474868774414,6390400,0.0,0.0
2017-07-20 00:00:00-04:00,93.25669140784919,93.28491849781258,92.14638040347762,92.31575012207031,8572900,0.0,0.0
2017-07-21 00:00:00-04:00,93.71775817871094,94.55519541622199,93.23787607423188,93.71775817871094,17400200,0.0,0.0
2017-07-24 00:00:00-04:00,93.67070446187005,94.4893187562661,93.28491510291077,94.44227600097656,9186000,0.0,0.0
2017-07-25 00:00:00-04:00,94.70575684846304,94.89394226389781,93.90595806464505,94.08473205566406,6774900,0.0,0.0
2017-07-26 00:00:00-04:00,94.10354128283977,95.02565973533073,93.96239865228762,94.89392852783203,7205400,0.0,0.0
2017-07-27 00:00:00-04:00,95.0068487374892,95.20444555844887,92.72977240588224,93.68952941894531,10543900,0.0,0.0
2017-07-28 00:00:00-04:00,93.26610732029893,93.70834371570048,92.69213253403957,93.2943344116211,6558800,0.0,0.0
2017-07-31 00:00:00-04:00,93.62364531498764,94.09411589445995,93.28490592346267,93.68009948730469,7576600,0.0,0.0
2017-08-01 00:00:00-04:00,94.43286058668049,95.10092798557369,94.05648266621358,94.9127426147461,6018100,0.0,0.0
2017-08-02 00:00:00-04:00,95.06331048248032,95.29854583740234,94.3199658994691,95.29854583740234,5955600,0.0,0.0
2017-08-03 00:00:00-04:00,94.97863488122111,95.1291817843925,94.40466000657679,94.64929962158203,5697500,0.0,0.0
2017-08-04 00:00:00-04:00,94.99742229823569,95.35497736838693,94.66809431535803,94.93155670166016,4618000,0.0,0.0
2017-08-07 00:00:00-04:00,94.95980322197603,95.54318946732607,94.64929084079877,95.49613952636719,7047100,0.0,0.0
2017-08-08 00:00:00-04:00,95.50555409834386,95.71256235928537,94.96921777627416,95.29854583740234,6283700,0.0,0.0
2017-08-09 00:00:00-04:00,94.80923152963517,95.3173406080493,94.65867750100378,95.00682830810547,6902100,0.0,0.0
2017-08-10 00:00:00-04:00,94.6022337335277,94.92215031133534,93.55778837617125,93.61424255371094,8560800,0.0,0.0
2017-08-11 00:00:00-04:00,93.67070814119649,94.37641410756768,93.65188529529168,94.1788101196289,5268200,0.0,0.0
2017-08-14 00:00:00-04:00,95.01626905883522,96.07953029370557,94.79984937057684,95.85370635986328,5657600,0.0,0.0
2017-08-15 00:00:00-04:00,96.31475849992145,96.70995214950302,95.94779194262243,96.56880950927734,5386000,0.0,0.0
2017-08-16 00:00:00-04:00,96.84684511944286,97.94951764865964,96.73374773553341,97.37461853027344,13408300,0.165,0.0
2017-08-17 00:00:00-04:00,97.38402144337174,97.57250984704051,96.2813491821289,96.2813491821289,7381600,0.0,0.0
2017-08-18 00:00:00-04:00,96.20595711885098,97.15783296595124,96.07401378974059,96.61121368408203,5670900,0.0,0.0
2017-08-21 00:00:00-04:00,96.71487733548949,97.40286647361805,96.44156411953033,97.28034973144531,5395000,0.0,0.0
2017-08-22 00:00:00-04:00,97.48772155327562,98.20398345501339,97.20498167233386,98.08146667480469,5481000,0.0,0.0
2017-08-23 00:00:00-04:00,97.79869105183501,97.98718663369888,97.06357625849401,97.24264526367188,5057200,0.0,0.0
2017-08-24 00:00:00-04:00,97.374593932376,97.54423637019991,96.73372329952697,97.28034973144531,4082300,0.0,0.0
2017-08-25 00:00:00-04:00,97.68560998214006,97.90237093348776,97.2238083467554,97.40287017822266,4467400,0.0,0.0
2017-08-28 00:00:00-04:00,97.68558874854853,97.85523115594998,97.31803139757376,97.80810546875,3919900,0.0,0.0
2017-08-29 00:00:00-04:00,96.99761191549511,98.0814382242201,96.73372527136141,97.79869842529297,7135300,0.0,0.0
2017-08-30 00:00:00-04:00,97.73273711051922,98.01547693937798,97.56309465127848,97.76101684570312,8712700,0.0,0.0
2017-08-31 00:00:00-04:00,98.07203781118358,98.19456177891333,97.10130860112572,97.5631103515625,13766000,0.0,0.0
2017-09-01 00:00:00-04:00,98.05318510846105,98.09088423514498,97.48771258894851,97.9212417602539,4466800,0.0,0.0
2017-09-05 00:00:00-04:00,97.45000068631877,97.50654577374486,96.37560088298957,97.08244323730469,6337500,0.0,0.0
2017-09-06 00:00:00-04:00,97.39343453879174,97.77984508883424,97.16724703092633,97.24264526367188,6372200,0.0,0.0
2017-09-07 00:00:00-04:00,97.74217200423739,99.37262506733676,97.64792778339091,98.54325866699219,6508600,0.0,0.0
2017-09-08 00:00:00-04:00,98.32647113662429,98.74114703448915,98.07200389961719,98.42071533203125,5787200,0.0,0.0
2017-09-11 00:00:00-04:00,99.41031914862829,100.04176330566406,99.0993067642831,100.04176330566406,6956000,0.0,0.0
2017-09-12 00:00:00-04:00,100.50356899445462,100.50356899445462,99.67420979359169,100.09831237792969,5212400,0.0,0.0
2017-09-13 00:00:00-04:00,100.14542226295539,100.14542226295539,99.18411267776774,99.74016571044922,6215700,0.0,0.0
2017-09-14 00:00:00-04:00,99.42915782216463,100.69204604359828,99.42915782216463,99.97578430175781,8154000,0.0,0.0
2017-09-15 00:00:00-04:00,99.65533754690952,100.03232154431889,98.91079612937824,99.24066162109375,12622900,0.0,0.0
2017-09-18 00:00:00-04:00,99.28778843779268,99.44800431323192,98.59979923602543,98.79771423339844,7330300,0.0,0.0
2017-09-19 00:00:00-04:00,99.08045122761057,99.83441931875929,98.79771858620926,99.34434509277344,9754400,0.0,0.0
2017-09-20 00:00:00-04:00,99.42915776195127,99.68361784554034,98.44900216856225,98.92965698242188,8198600,0.0,0.0
2017-09-21 00:00:00-04:00,98.95793994606466,99.53283902955258,98.62808158431903,99.2500991821289,4777600,0.0,0.0
2017-09-22 00:00:00-04:00,99.1558365846473,99.59879224133546,99.01446668713828,99.4856948852539,4959400,0.0,0.0
2017-09-25 00:00:00-04:00,99.42914519896524,99.57051508992903,96.83739022932397,97.09185028076172,9395300,0.0,0.0
2017-09-26 00:00:00-04:00,97.17669537988947,98.03432710081451,96.95992720977227,97.0164794921875,6263600,0.0,0.0
2017-09-27 00:00:00-04:00,97.13898259563388,98.12856470946002,96.97876673046106,97.91179656982422,8337400,0.0,0.0
2017-09-28 00:00:00-04:00,97.77986264463787,98.93908731252615,97.77043606625938,98.56210327148438,5947800,0.0,0.0
2017-09-29 00:00:00-04:00,98.72230331817047,99.36317392804172,98.66575823771376,99.1841049194336,7676300,0.0,0.0
2017-10-02 00:00:00-04:00,99.4668332980742,99.89093573361686,99.0521502479468,99.37258911132812,4885600,0.0,0.0
2017-10-03 00:00:00-04:00,99.57050642828649,99.80612049593962,99.23122159563633,99.51395416259766,4411100,0.0,0.0
2017-10-04 00:00:00-04:00,99.62708324856946,99.65535579523724,98.86369572704776,99.2500991821289,4146800,0.0,0.0
2017-10-05 00:00:00-04:00,99.52342285027271,100.13602112345566,99.09932022519345,100.12659454345703,4396100,0.0,0.0
2017-10-06 00:00:00-04:00,100.17370337007969,100.8051475064643,99.77787336133464,100.58838653564453,4587000,0.0,0.0
2017-10-09 00:00:00-04:00,100.46586901764643,101.45545129321877,100.40932392431304,100.85227966308594,4787000,0.0,0.0
2017-10-10 00:00:00-04:00,101.38944646558,101.40829242707065,100.67317769263393,101.13497924804688,4015600,0.0,0.0
2017-10-11 00:00:00-04:00,101.50254357141304,102.34132912745847,101.40829937675973,102.19996643066406,6473100,0.0,0.0
2017-10-12 00:00:00-04:00,102.25652686900405,102.45444186461552,101.69105442577525,101.88896942138672,6496100,0.0,0.0
2017-10-13 00:00:00-04:00,102.25652925471785,102.97279820105057,102.16228504370964,102.4073257446289,5154600,0.0,0.0
2017-10-16 00:00:00-04:00,102.52984826298244,102.77488897767515,100.99364668512062,102.06804656982422,5552200,0.0,0.0
2017-10-17 00:00:00-04:00,102.0209040371302,102.18111989745775,101.12557334436175,101.35176086425781,5979400,0.0,0.0
2017-10-18 00:00:00-04:00,101.42714408662088,101.78527487263936,101.2763476354317,101.59678649902344,4817300,0.0,0.0
2017-10-19 00:00:00-04:00,101.09730082042428,101.57795562604632,100.74859653371811,100.86168670654297,10840200,0.0,0.0
2017-10-20 00:00:00-04:00,101.50254586649466,101.50254586649466,100.81455675863529,101.3611831665039,7848900,0.0,0.0
2017-10-23 00:00:00-04:00,101.83242759751609,102.00207005495834,100.93708960920377,101.34234619140625,6316700,0.0,0.0
2017-10-24 00:00:00-04:00,101.37062098843137,102.38847575570222,101.01249009937204,102.17171478271484,10511200,0.0,0.0
2017-10-25 00:00:00-04:00,103.11416888137833,104.24511380265189,101.78530176802808,103.18955993652344,13261300,0.0,0.0
2017-10-26 00:00:00-04:00,104.02833924112825,104.3676241347008,103.3591960316857,103.48171997070312,7380100,0.0,0.0
2017-10-27 00:00:00-04:00,103.73620422313682,103.79274932178703,102.43561662156654,103.39691925048828,7862700,0.0,0.0
2017-10-30 00:00:00-04:00,103.35922757026975,103.8964276172832,102.65238502470606,103.70793914794922,5148600,0.0,0.0
2017-10-31 00:00:00-04:00,104.21684731037004,104.32051810638404,102.40733245509925,103.65137481689453,8002500,0.0,0.0
2017-11-01 00:00:00-04:00,104.14143476991299,104.98964698891879,104.06603653036318,104.67863464355469,6167300,0.0,0.0
2017-11-02 00:00:00-04:00,104.63152585883537,104.96139141259219,103.85871175446208,104.59383392333984,5506600,0.0,0.0
2017-11-03 00:00:00-04:00,104.55612009285062,105.00849515890611,104.15086353472437,104.95195007324219,3757600,0.0,0.0
2017-11-06 00:00:00-05:00,104.95196295615176,105.69650450039852,104.80116645537488,105.479736328125,4094700,0.0,0.0
2017-11-07 00:00:00-05:00,105.79075011605066,105.99809171217208,105.14045278101037,105.63995361328125,3697900,0.0,0.0
2017-11-08 00:00:00-05:00,105.5645406930518,106.41275286955815,105.38547168068615,105.9980697631836,4417800,0.0,0.0
2017-11-09 00:00:00-05:00,105.3666485972454,105.76247863544549,104.54670878351115,105.68708038330078,4334700,0.0,0.0
2017-11-10 00:00:00-05:00,105.28180836137179,105.53627562753378,104.87655180335665,105.44202423095703,4198900,0.0,0.0
2017-11-13 00:00:00-05:00,105.13100917341234,105.42316834225731,104.93308701152944,104.98963928222656,7185600,0.0,0.0
2017-11-14 00:00:00-05:00,104.68805038103046,105.59280759082843,104.43358314649193,105.53626251220703,5679600,0.0,0.0
2017-11-15 00:00:00-05:00,104.93308141489267,105.43258929582389,103.80213672646835,103.90580749511719,6895100,0.0,0.0
2017-11-16 00:00:00-05:00,104.56199122049219,105.2134406942659,104.39204819268653,104.81690216064453,5655100,0.195,0.0
2017-11-17 00:00:00-05:00,104.50532944463885,104.71303835728408,103.57063933773529,103.6839370727539,8812400,0.0,0.0
2017-11-20 00:00:00-05:00,103.80667877197266,104.49589410693387,103.56121113211178,103.80667877197266,6873200,0.0,0.0
2017-11-21 00:00:00-05:00,104.27875872525827,105.26065105247258,104.1371455267619,105.22288513183594,6456500,0.0,0.0
2017-11-22 00:00:00-05:00,105.27011151294363,105.42117522014303,104.51480738317466,104.62810516357422,4067600,0.0,0.0
2017-11-24 00:00:00-05:00,105.09070977363601,105.89322299517622,104.93021001057316,105.71383666992188,3045600,0.0,0.0
2017-11-27 00:00:00-05:00,105.74215619403591,106.25198531148783,105.65718827601697,106.10092163085938,6620500,0.0,0.0
2017-11-28 00:00:00-05:00,106.30862316718992,107.2716360561723,106.2708572496698,107.02616119384766,6671300,0.0,0.0
2017-11-29 00:00:00-05:00,107.27163480574896,107.27163480574896,100.92710479856993,103.72171783447266,14505400,0.0,0.0
2017-11-30 00:00:00-05:00,104.32599596161816,106.2992172241211,103.88225527878531,106.2992172241211,18533300,0.0,0.0
2017-12-01 00:00:00-05:00,106.10092416366055,106.15757664680498,103.62731756077893,104.54312133789062,13101800,0.0,0.0
2017-12-04 00:00:00-05:00,105.1095922071661,105.2228827634132,100.99320059089278,101.42749786376953,18909100,0.0,0.0
2017-12-05 00:00:00-05:00,102.80590620095519,103.13634894595158,100.6438562363908,102.51322937011719,12081500,0.0,0.0
2017-12-06 00:00:00-05:00,102.42825587196383,104.0143882759814,102.21111086603055,103.60841369628906,7532100,0.0,0.0
2017-12-07 00:00:00-05:00,103.63673639522527,105.18511008855371,103.33461628013693,105.17566680908203,7384900,0.0,0.0
2017-12-08 00:00:00-05:00,105.86489893111164,106.31808280797846,105.57222202918281,106.30863952636719,7594900,0.0,0.0
2017-12-11 00:00:00-05:00,106.21421026806352,107.01671619391091,105.89321077896942,106.09147644042969,7538600,0.0,0.0
2017-12-12 00:00:00-05:00,106.09146557357747,107.37547780465793,105.74213628024583,107.12055969238281,8754400,0.0,0.0
2017-12-13 00:00:00-05:00,107.39436838428932,107.9797292929988,106.8656599526241,106.97895050048828,8088900,0.0,0.0
2017-12-14 00:00:00-05:00,107.20556018785001,107.7153821269226,106.61075592041016,106.61075592041016,9815600,0.0,0.0
2017-12-15 00:00:00-05:00,107.60207723596817,107.81922225460053,106.1103559300353,107.46045684814453,16388000,0.0,0.0
2017-12-18 00:00:00-05:00,108.28184691650681,108.33849218912621,106.92230274874548,107.2055435180664,8961800,0.0,0.0
2017-12-19 00:00:00-05:00,106.95060895822577,106.95060895822577,105.81766046117856,105.87430572509766,7899400,0.0,0.0
2017-12-20 00:00:00-05:00,106.42192021464044,106.78068562403614,105.7327048299112,105.8554458618164,6201900,0.0,0.0
2017-12-21 00:00:00-05:00,106.30861340181757,106.78067652278754,106.04425920657222,106.12923431396484,8866400,0.0,0.0
2017-12-22 00:00:00-05:00,106.1103596782149,106.79013180129047,105.97818256574048,106.39360046386719,6190100,0.0,0.0
2017-12-26 00:00:00-05:00,105.80822445997352,107.1016799656027,105.80822445997352,106.67681884765625,3948900,0.0,0.0
2017-12-27 00:00:00-05:00,106.39360177876716,107.6964935620226,106.35583586000595,107.64928436279297,7073100,0.0,0.0
2017-12-28 00:00:00-05:00,107.91365157801312,108.49900534240405,107.62096749270478,107.96085357666016,6937100,0.0,0.0
2017-12-29 00:00:00-05:00,108.33849977473814,108.47067688884611,107.64928436279297,107.64928436279297,5249000,0.0,0.0
2018-01-02 00:00:00-05:00,108.1685379669489,108.65004434368814,107.58317713242059,108.11189270019531,6080900,0.0,0.0
2018-01-03 00:00:00-05:00,108.52733954240304,109.32040955714666,108.2535491929929,109.188232421875,6946100,0.0,0.0
2018-01-04 00:00:00-05:00,109.75468462102586,110.80266541172077,109.54697567827738,109.59418487548828,7805300,0.0,0.0
2018-01-05 00:00:00-05:00,110.45335298977881,112.35104919900344,109.91520119350476,112.2188720703125,8590500,0.0,0.0
2018-01-08 00:00:00-05:00,111.98281943239976,113.74833818150186,111.47299037325084,112.67202758789062,6660700,0.0,0.0
2018-01-09 00:00:00-05:00,113.26682892316074,113.26682892316074,112.0300258236423,112.45487976074219,6562400,0.0,0.0
2018-01-10 00:00:00-05:00,112.05835582168307,112.39824187493944,110.89707727253844,112.3321533203125,7490300,0.0,0.0
2018-01-11 00:00:00-05:00,112.16218863663464,113.2762577731712,112.04889090638808,113.14407348632812,5982100,0.0,0.0
2018-01-12 00:00:00-05:00,113.4084567934996,113.62560181458598,113.02136154261449,113.380126953125,5585800,0.0,0.0
2018-01-16 00:00:00-05:00,114.40922888972915,115.1267669169754,113.21019162070905,113.66336822509766,8803800,0.0,0.0
2018-01-17 00:00:00-05:00,114.42811091769491,115.33447855385118,113.98437758311545,115.16453552246094,7991500,0.0,0.0
2018-01-18 00:00:00-05:00,115.67435363195912,116.31635981809947,115.21173375173086,116.23139190673828,8661000,0.0,0.0
2018-01-19 00:00:00-05:00,116.17477990332443,116.74125441729929,115.10791224550564,115.84432983398438,8250700,0.0,0.0
2018-01-22 00:00:00-05:00,116.00481603469858,117.38323974609375,115.56107546397358,117.38323974609375,9355000,0.0,0.0
2018-01-23 00:00:00-05:00,117.63813931298299,118.49729773103692,117.26993062042052,117.68534851074219,5683300,0.0,0.0
2018-01-24 00:00:00-05:00,118.06300556828647,118.4406503541756,116.79787248559768,117.5909423828125,6425200,0.0,0.0
2018-01-25 00:00:00-05:00,118.01580177855917,118.45954234574461,117.66647241217399,118.2235107421875,7166400,0.0,0.0
2018-01-26 00:00:00-05:00,118.74277441161341,119.31869209308944,117.78921193182305,119.26204681396484,5604900,0.0,0.0
2018-01-29 00:00:00-05:00,119.65855686110662,119.79073395759652,117.72310240358381,117.86471557617188,6257900,0.0,0.0
2018-01-30 00:00:00-05:00,116.90173102801054,117.34547159028556,115.97648398293575,116.64682006835938,8154400,0.0,0.0
2018-01-31 00:00:00-05:00,116.86395718460973,117.52484994431826,116.16530571004914,117.288818359375,7338200,0.0,0.0
2018-02-01 00:00:00-05:00,117.77030972023475,119.20538569433654,117.16606947949036,118.695556640625,11169700,0.0,0.0
2018-02-02 00:00:00-05:00,116.80730467934647,116.80730467934647,113.9560392759701,114.15431213378906,13937700,0.0,0.0
2018-02-05 00:00:00-05:00,112.06781008880446,114.36203771911283,108.5839882821239,109.7735824584961,16623900,0.0,0.0
2018-02-06 00:00:00-05:00,108.763344075659,113.57839384405308,106.922300719352,113.26683044433594,19053300,0.0,0.0
2018-02-07 00:00:00-05:00,113.3801323846231,115.61771447600174,112.54930377163934,112.9647216796875,9294000,0.0,0.0
2018-02-08 00:00:00-05:00,112.85143282456065,113.12523035799929,107.19611743557118,107.49823760986328,12673400,0.0,0.0
2018-02-09 00:00:00-05:00,108.14965486554615,110.66102671380223,104.81688345915305,109.82075500488281,17695500,0.0,0.0
2018-02-12 00:00:00-05:00,111.20864078297265,112.19996910321865,110.34948236898057,111.85064697265625,11526300,0.0,0.0
2018-02-13 00:00:00-05:00,111.26530249002727,112.1622269538903,110.58553028254342,111.73736572265625,7803900,0.0,0.0
2018-02-14 00:00:00-05:00,111.048136607288,114.19207167251805,110.9348388595877,114.07878112792969,9206400,0.0,0.0
2018-02-15 00:00:00-05:00,115.10020958626424,115.67712988092188,113.46403147766681,115.64875793457031,6921300,0.21,0.0
2018-02-16 00:00:00-05:00,115.03401773581284,116.32026568339717,114.97727383730728,115.2420883178711,6371400,0.0,0.0
2018-02-20 00:00:00-05:00,114.76921318759769,116.37702686904812,114.45710728750005,115.39342498779297,6182800,0.0,0.0
2018-02-21 00:00:00-05:00,115.43125925425304,116.16895887784777,113.88019665703995,113.89910888671875,7676100,0.0,0.0
2018-02-22 00:00:00-05:00,114.12605025548926,114.797546007751,113.1329962059409,113.85177612304688,4994000,0.0,0.0
2018-02-23 00:00:00-05:00,114.97727136715854,116.29189123575262,114.64625327356528,116.26351928710938,5036900,0.0,0.0
2018-02-26 00:00:00-05:00,116.87828103288257,117.84296344536456,116.63237876473858,117.83350372314453,6270500,0.0,0.0
2018-02-27 00:00:00-05:00,117.93751027749013,118.50497802193043,116.66072228380368,116.67964172363281,7287200,0.0,0.0
2018-02-28 00:00:00-05:00,116.94448332260544,118.20235938432353,116.2162362487039,116.27298736572266,6780900,0.0,0.0
2018-03-01 00:00:00-05:00,116.57561512491957,117.27548292197442,113.1330128163977,113.87071228027344,8819600,0.0,0.0
2018-03-02 00:00:00-05:00,112.63174816832249,114.41926014372994,111.468455085004,114.22064208984375,7581900,0.0,0.0
2018-03-05 00:00:00-05:00,113.91799536789208,115.67712817223207,112.96277284845297,115.27044677734375,5810200,0.0,0.0
2018-03-06 00:00:00-05:00,116.1689513180075,116.55671333424958,114.12608429423724,114.49493408203125,7464400,0.0,0.0
2018-03-07 00:00:00-05:00,113.52078697855285,115.61093808946404,113.20868110546546,115.2420883178711,7254100,0.0,0.0
2018-03-08 00:00:00-05:00,115.34610827778428,116.15947105463921,114.59894911227092,115.59201049804688,6948900,0.0,0.0
2018-03-09 00:00:00-05:00,116.56617061203356,118.02265750422056,116.20678055382648,117.75784301757812,6397700,0.0,0.0
2018-03-12 00:00:00-04:00,117.9848396638866,118.2023699980747,116.78371461133459,117.50249481201172,8636000,0.0,0.0
2018-03-13 00:00:00-04:00,117.51193662772084,118.22126421299883,116.23514841735113,116.51887512207031,9479500,0.0,0.0
2018-03-14 00:00:00-04:00,117.31329537133247,117.31329537133247,115.28934842970622,115.9324722290039,7855000,0.0,0.0
2018-03-15 00:00:00-04:00,116.4526618494741,117.67270606089592,116.04598044566683,116.71748352050781,5861900,0.0,0.0
2018-03-16 00:00:00-04:00,117.13363988011609,118.26856846940275,116.64184254238309,117.77676391601562,9447100,0.0,0.0
2018-03-19 00:00:00-04:00,117.21872790969884,117.56865816720405,115.64874635600398,116.52831268310547,17387800,0.0,0.0
2018-03-20 00:00:00-04:00,116.68911223259784,118.38204157591274,116.61345610856416,118.13614654541016,7779700,0.0,0.0
2018-03-21 00:00:00-04:00,118.12667465317004,118.63739131995644,116.39591381833601,116.53778076171875,7359500,0.0,0.0
2018-03-22 00:00:00-04:00,115.57313036478149,116.02710329384723,113.20870456177323,113.48297882080078,10501500,0.0,0.0
2018-03-23 00:00:00-04:00,113.38835724513345,113.804498326699,110.42809993798822,110.65508270263672,10024300,0.0,0.0
2018-03-26 00:00:00-04:00,112.63177057688922,114.19229286279999,111.41173335867317,114.09771728515625,8735400,0.0,0.0
2018-03-27 00:00:00-04:00,114.92998513732206,115.00564848087103,110.40920498724827,111.03341674804688,9008600,0.0,0.0
2018-03-28 00:00:00-04:00,110.58888599202479,111.66706321090595,109.73769155194691,110.6456298828125,9420400,0.0,0.0
2018-03-29 00:00:00-04:00,111.29822975251545,114.0504170926591,110.69293744349234,113.13302612304688,12918100,0.0,0.0
2018-04-02 00:00:00-04:00,112.80199400393151,113.33163015414178,110.42811630393186,111.96971893310547,9877100,0.0,0.0
2018-04-03 00:00:00-04:00,112.44260003315055,113.48294563915317,111.11852052748687,112.73578643798828,7084800,0.0,0.0
2018-04-04 00:00:00-04:00,110.56054126626593,113.60592255961144,110.38084261366038,113.31272888183594,8425700,0.0,0.0
2018-04-05 00:00:00-04:00,114.43816791038576,115.39339761332617,113.8423354189004,114.61786651611328,6816000,0.0,0.0
2018-04-06 00:00:00-04:00,113.66265171136888,114.02204175427823,110.76859749388773,111.317138671875,8383800,0.0,0.0
2018-04-09 00:00:00-04:00,112.1967034121042,114.12607526559,112.1967034121042,112.34803009033203,7024800,0.0,0.0
2018-04-10 00:00:00-04:00,114.02205129747226,114.58951918150738,113.1519444582441,114.17337799072266,8947200,0.0,0.0
2018-04-11 00:00:00-04:00,113.48294311447373,115.06238453782477,113.13301282374988,113.28433227539062,5874900,0.0,0.0
2018-04-12 00:00:00-04:00,113.87073783441022,115.36505653874383,113.86127811166894,114.50440216064453,5666000,0.0,0.0
2018-04-13 00:00:00-04:00,115.12858660640744,115.82845439411908,114.10715326283746,114.20172882080078,9174300,0.0,0.0
2018-04-16 00:00:00-04:00,115.48797705558044,116.20676428703129,114.92051648997297,115.27044677734375,6903200,0.0,0.0
2018-04-17 00:00:00-04:00,116.24461461645579,117.52140289797293,115.87575761315608,117.08634948730469,5979600,0.0,0.0
2018-04-18 00:00:00-04:00,117.33224035966575,118.09831907383573,116.6891163807712,117.7294692993164,5171000,0.0,0.0
2018-04-19 00:00:00-04:00,117.56866606620899,117.95643522865096,116.47157662137897,117.2376480102539,7294100,0.0,0.0
2018-04-20 00:00:00-04:00,117.33223814690685,118.0510254546225,116.62291056072326,117.46464538574219,7479400,0.0,0.0
2018-04-23 00:00:00-04:00,117.5592441728231,118.19290850431624,117.18093463222945,117.71056365966797,8004300,0.0,0.0
2018-04-24 00:00:00-04:00,118.09830506831443,118.25908424005756,114.01257886800536,114.69352722167969,9434400,0.0,0.0
2018-04-25 00:00:00-04:00,114.57059904935363,114.76920992131228,112.89658900532855,114.63680267333984,8001200,0.0,0.0
2018-04-26 00:00:00-04:00,118.35366507300235,120.67079884043403,117.0674172104349,120.18846130371094,14345800,0.0,0.0
2018-04-27 00:00:00-04:00,119.58317221007027,120.16954504648645,118.5901107316221,119.1764907836914,6842700,0.0,0.0
2018-04-30 00:00:00-04:00,119.86690611149464,120.96400294279262,119.79124998382002,119.99931335449219,8449200,0.0,0.0
2018-05-01 00:00:00-04:00,119.98040176815822,120.65189770856658,118.70361350919431,120.59515380859375,6407300,0.0,0.0
2018-05-02 00:00:00-04:00,120.94506799901716,121.15314577432954,119.16702295259748,119.52641296386719,8515300,0.0,0.0
2018-05-03 00:00:00-04:00,118.98735790069267,120.5478803226489,118.52393247887939,120.28306579589844,6778600,0.0,0.0
2018-05-04 00:00:00-04:00,119.47914640200348,121.39905867804269,119.23324413928478,121.20990753173828,5798400,0.0,0.0
2018-05-07 00:00:00-04:00,121.43689639332503,122.496168904635,121.29503662593524,122.25025939941406,5737300,0.0,0.0
2018-05-08 00:00:00-04:00,122.13675729171382,122.92174825245662,121.35176633097102,122.85553741455078,5044700,0.0,0.0
2018-05-09 00:00:00-04:00,122.95955414070924,123.89587164843674,122.5623324671808,123.74454498291016,6119400,0.0,0.0
2018-05-10 00:00:00-04:00,124.17010275115177,124.60516318110109,123.63102150390472,123.89583587646484,6585800,0.0,0.0
2018-05-11 00:00:00-04:00,123.89587127194535,124.9267571190155,123.16762432370362,124.6714096069336,5437100,0.0,0.0
2018-05-14 00:00:00-04:00,125.24833929407593,125.31455013438223,123.58378895548628,124.09451293945312,5017000,0.0,0.0
2018-05-15 00:00:00-04:00,123.4797621260255,124.27420567633975,122.8555502945034,123.99048614501953,5532300,0.0,0.0
2018-05-16 00:00:00-04:00,123.98101364395633,124.27420010070578,123.46083714102593,123.79186248779297,5124200,0.0,0.0
2018-05-17 00:00:00-04:00,123.69711458898671,123.90551951949239,122.77824224661984,123.08136749267578,4911700,0.21,0.0
2018-05-18 00:00:00-04:00,122.78770994182592,123.4697598135724,122.26671207005823,123.08136749267578,6082700,0.0,0.0
2018-05-21 00:00:00-04:00,124.04758821805981,124.57806815826946,123.1381981646988,123.77288055419922,5591800,0.0,0.0
2018-05-22 00:00:00-04:00,124.09495149022129,124.83383630456693,123.62130663720518,123.82024383544922,6645500,0.0,0.0
2018-05-23 00:00:00-04:00,123.20453699057794,124.95702929945023,122.95824679039255,124.9286117553711,6569100,0.0,0.0
2018-05-24 00:00:00-04:00,124.87179229978791,125.24123487356538,123.62136238577168,124.93809509277344,6035200,0.0,0.0
2018-05-25 00:00:00-04:00,124.928586278674,125.13699119575332,124.02864938469709,124.3602066040039,7509600,0.0,0.0
2018-05-29 00:00:00-04:00,123.51714983095654,124.14236473703326,122.25725232186221,122.85404968261719,10401900,0.0,0.0
2018-05-30 00:00:00-04:00,123.33711174262353,124.18968111555117,123.02450441799938,123.75392150878906,10631300,0.0,0.0
2018-05-31 00:00:00-04:00,123.76342519751132,124.6444123603158,123.12874267061865,123.82974243164062,11086000,0.0,0.0
2018-06-01 00:00:00-04:00,124.89069623353477,125.5253787283698,123.48871123680212,123.95288848876953,8323400,0.0,0.0
2018-06-04 00:00:00-04:00,124.98539761819046,126.52948435934681,124.50227065012702,126.05583953857422,7178000,0.0,0.0
2018-06-05 00:00:00-04:00,126.34948383413715,126.57682407351679,125.70531942874847,126.51998901367188,6198200,0.0,0.0
2018-06-06 00:00:00-04:00,126.93687465332386,129.12511249320966,126.56743208885611,129.09669494628906,8065800,0.0,0.0
2018-06-07 00:00:00-04:00,129.17245294519617,129.3808578821422,126.03692565000411,126.7852783203125,8309200,0.0,0.0
2018-06-08 00:00:00-04:00,126.40637568012045,127.80836078591676,126.20743842680243,127.63785552978516,5261000,0.0,0.0
2018-06-11 00:00:00-04:00,127.78940844639754,128.06413062635855,126.75686587019352,126.85160064697266,7988700,0.0,0.0
2018-06-12 00:00:00-04:00,126.97471841665893,128.00727528395038,126.50107351671625,127.75150299072266,5743300,0.0,0.0
2018-06-13 00:00:00-04:00,128.0545736597037,128.6134853889587,127.23043651032043,127.31568908691406,4881600,0.0,0.0
2018-06-14 00:00:00-04:00,127.84623189618276,128.54721706511057,127.64729468734176,127.88411712646484,6464100,0.0,0.0
2018-06-15 00:00:00-04:00,127.97882080078125,128.57560337337026,126.93679653992574,127.97882080078125,10044500,0.0,0.0
2018-06-18 00:00:00-04:00,127.28731681843767,129.12506121347513,127.05049438514924,129.02085876464844,8713300,0.0,0.0
2018-06-19 00:00:00-04:00,127.46727674739152,128.11144114363827,126.5294693642772,127.98828887939453,6557600,0.0,0.0
2018-06-20 00:00:00-04:00,128.3767684542598,129.48509622352864,128.35781860351562,128.35781860351562,7192000,0.0,0.0
2018-06-21 00:00:00-04:00,128.13989583779644,128.945083498521,127.18312388485364,127.43889617919922,8689800,0.0,0.0
2018-06-22 00:00:00-04:00,128.45248857380065,128.68931099782722,127.18310939560315,128.19671630859375,6031900,0.0,0.0
2018-06-25 00:00:00-04:00,127.79888010374968,127.79888010374968,122.70245596682521,124.02865600585938,10086200,0.0,0.0
2018-06-26 00:00:00-04:00,125.14646072856668,126.73790071382592,124.67281581088298,125.56327056884766,7733900,0.0,0.0
2018-06-27 00:00:00-04:00,125.99900420845279,126.61475121749895,124.10442471199282,124.11390686035156,7282100,0.0,0.0
2018-06-28 00:00:00-04:00,124.09495859929979,126.10320826569749,123.76340140139693,125.74324798583984,6576500,0.0,0.0
2018-06-29 00:00:00-04:00,126.25476564682798,127.11680271277685,125.46851348876953,125.46851348876953,7259000,0.0,0.0
2018-07-02 00:00:00-04:00,125.00443030787315,126.03697323242096,124.23711304789022,125.51596069335938,7554400,0.0,0.0
2018-07-03 00:00:00-04:00,125.99901771671989,126.3779423293328,124.49283032463556,124.52124786376953,3621600,0.0,0.0
2018-07-05 00:00:00-04:00,125.1654292099381,126.30217429074364,124.88123932611224,126.26427459716797,4729300,0.0,0.0
2018-07-06 00:00:00-04:00,126.53898209827886,127.20208211391216,125.51590730794624,127.0220947265625,4839800,0.0,0.0
2018-07-09 00:00:00-04:00,127.8273095902903,128.80301709330428,127.68520742350813,128.37673950195312,8960700,0.0,0.0
2018-07-10 00:00:00-04:00,128.42410155917042,130.09132661691447,128.20621447004987,129.4850616455078,6561900,0.0,0.0
2018-07-11 00:00:00-04:00,129.4282477770984,131.49333320570008,129.39983023116346,130.8681182861328,10648700,0.0,0.0
2018-07-12 00:00:00-04:00,131.68276097391592,132.5732157735563,131.3512181887177,132.52584838867188,11816100,0.0,0.0
2018-07-13 00:00:00-04:00,132.42164435930906,132.6489991313706,130.29024215515713,132.07115173339844,7865700,0.0,0.0
2018-07-16 00:00:00-04:00,132.07114858039478,132.19430088580006,130.87756857818334,131.16175842285156,4969900,0.0,0.0
2018-07-17 00:00:00-04:00,130.89655200820056,132.53537445030327,130.1766166647141,132.27960205078125,5412600,0.0,0.0
2018-07-18 00:00:00-04:00,132.53533675721746,133.7289168580303,132.02379210365686,133.47314453125,7008600,0.0,0.0
2018-07-19 00:00:00-04:00,133.52051413082194,133.55841382293443,132.55427434491665,132.74374389648438,7937000,0.0,0.0
2018-07-20 00:00:00-04:00,132.6205732711351,134.01309044684166,132.5447883518693,133.5583953857422,7153600,0.0,0.0
2018-07-23 00:00:00-04:00,133.24579933104113,133.53945688407745,132.2795595964566,132.6490020751953,7723600,0.0,0.0
2018-07-24 00:00:00-04:00,133.5584067291272,134.01310182884484,132.15640728537818,132.6490020751953,8336700,0.0,0.0
2018-07-25 00:00:00-04:00,132.9426898291516,135.24461229999275,132.5258798703491,135.1214599609375,8376000,0.0,0.0
2018-07-26 00:00:00-04:00,134.1457581733092,135.26355360759618,132.17539293479436,134.9888458251953,10520800,0.0,0.0
2018-07-27 00:00:00-04:00,135.53825504951183,135.59509013684033,131.87224737184155,133.29318237304688,7014900,0.0,0.0
2018-07-30 00:00:00-04:00,132.74374992261178,133.01845765765998,128.17780526710192,129.2861328125,12812400,0.0,0.0
2018-07-31 00:00:00-04:00,129.9018368015292,130.7449240278906,128.48090229949364,129.5323944091797,7683300,0.0,0.0
2018-08-01 00:00:00-04:00,130.47968653608686,131.4269762219622,130.16707920520878,130.96279907226562,7087700,0.0,0.0
2018-08-02 00:00:00-04:00,130.20498643223203,131.85327596776943,129.77870889246256,131.59750366210938,12300000,0.0,0.0
2018-08-03 00:00:00-04:00,131.94799632553358,132.48795847605967,130.6691637057806,132.4500732421875,4617500,0.0,0.0
2018-08-06 00:00:00-04:00,132.28900618681098,132.86685350541933,131.72064101646305,132.34585571289062,5143000,0.0,0.0
2018-08-07 00:00:00-04:00,132.60167431512838,133.2742566976641,132.49747181796087,132.8858642578125,10034500,0.0,0.0
2018-08-08 00:00:00-04:00,132.60162474937937,133.55839671696322,132.45953705839935,133.2647247314453,5389500,0.0,0.0
2018-08-09 00:00:00-04:00,133.31206985341103,133.79519683106372,132.52581770078365,132.63002014160156,5679300,0.0,0.0
2018-08-10 00:00:00-04:00,132.50693982991228,133.32160986960102,131.91014245941372,132.36483764648438,6523500,0.0,0.0
2018-08-13 00:00:00-04:00,133.12265957866734,133.79524182366652,132.4595594843359,132.8195343017578,4817500,0.0,0.0
2018-08-14 00:00:00-04:00,132.90476989679104,133.55840221117873,132.50690989118462,133.34051513671875,5888700,0.0,0.0
2018-08-15 00:00:00-04:00,132.95211136276055,133.2741863824426,131.52169470591937,132.54476928710938,5288400,0.0,0.0
2018-08-16 00:00:00-04:00,133.83505699069116,134.23351503250296,133.21838436133095,133.43658447265625,5931700,0.21,0.0
2018-08-17 00:00:00-04:00,133.5599153779574,134.44222665881463,133.36069360488224,134.0817108154297,7699600,0.0,0.0
2018-08-20 00:00:00-04:00,134.2809505754296,134.33788556587137,133.4840344239373,133.71173095703125,4662200,0.0,0.0
2018-08-21 00:00:00-04:00,133.7686205668307,134.205035202047,132.63016711682528,132.85784912109375,6854300,0.0,0.0
2018-08-22 00:00:00-04:00,132.67762436638387,134.27145652546574,132.67762436638387,133.90145874023438,4191700,0.0,0.0
2018-08-23 00:00:00-04:00,133.77813152727623,135.14428175428517,133.55044947359085,134.81224060058594,4426800,0.0,0.0
2018-08-24 00:00:00-04:00,135.02094764977812,136.9752956557048,135.02094764977812,136.8045196533203,5714000,0.0,0.0
2018-08-27 00:00:00-04:00,137.55404668869394,138.13276280192554,137.28840792946238,137.94300842285156,7194900,0.0,0.0
2018-08-28 00:00:00-04:00,138.16118930714433,138.6734883672866,137.4401575857742,137.75323486328125,4925700,0.0,0.0
2018-08-29 00:00:00-04:00,137.99990684026386,139.74553664567708,137.96195018402022,139.4893798828125,5192900,0.0,0.0
2018-08-30 00:00:00-04:00,139.29010168638183,140.13445599302065,138.85368717368203,139.21420288085938,7804600,0.0,0.0
2018-08-31 00:00:00-04:00,139.21423561905127,140.06807204859072,138.98653914893788,139.35653686523438,5786600,0.0,0.0
2018-09-04 00:00:00-04:00,139.39448843821114,140.27679965270204,139.1478281027879,140.21987915039062,7638100,0.0,0.0
2018-09-05 00:00:00-04:00,139.46089789530953,140.23884998861755,135.2391253100494,135.35296630859375,11363400,0.0,0.0
2018-09-06 00:00:00-04:00,135.9412069280574,137.27889698724647,135.22967151056002,137.0891571044922,9589200,0.0,0.0
2018-09-07 00:00:00-04:00,136.60529640337862,137.03221469041318,135.4288861563248,135.85580444335938,13626200,0.0,0.0
2018-09-10 00:00:00-04:00,136.7381429373005,137.03224193848814,135.86532786156673,136.69070434570312,5362700,0.0,0.0
2018-09-11 00:00:00-04:00,136.10250846265419,138.05685686660175,135.90327216533314,138.0283966064453,9895900,0.0,0.0
2018-09-12 00:00:00-04:00,138.3699034711366,139.2711786204352,137.62990791897795,139.052978515625,6964100,0.0,0.0
2018-09-13 00:00:00-04:00,139.60321600716028,140.47604535550428,139.54629550101228,140.05860900878906,5803400,0.0,0.0
2018-09-14 00:00:00-04:00,140.3242904633897,140.7606907943674,139.79301294242896,140.25787353515625,4928300,0.0,0.0
2018-09-17 00:00:00-04:00,140.24833907184995,140.31474149898338,138.3509117927496,138.68295288085938,7708600,0.0,0.0
2018-09-18 00:00:00-04:00,138.70194088196462,140.49500920673873,138.464762455533,140.05860900878906,5692100,0.0,0.0
2018-09-19 00:00:00-04:00,140.67525403123108,141.18756749131538,139.698080163398,139.85935974121094,7432300,0.0,0.0
2018-09-20 00:00:00-04:00,140.40021265591952,141.8232838848317,139.6507203686708,141.5861053466797,7172700,0.0,0.0
2018-09-21 00:00:00-04:00,142.25959977932004,142.55369867572307,141.69038031163632,142.35447692871094,15628100,0.0,0.0
2018-09-24 00:00:00-04:00,141.5101308382619,141.97499125977907,139.71706262730066,141.4626922607422,6706700,0.0,0.0
2018-09-25 00:00:00-04:00,142.0319067252995,142.26908510409146,141.45319090199843,141.9085693359375,4230700,0.0,0.0
2018-09-26 00:00:00-04:00,142.30708958668177,142.7055477003774,141.39631784378767,141.61453247070312,5852400,0.0,0.0
2018-09-27 00:00:00-04:00,142.21217905709253,142.9142324125433,141.8896198706242,142.32603454589844,5868500,0.0,0.0
2018-09-28 00:00:00-04:00,142.12678687827594,142.6580641959428,141.8801265454224,142.39242553710938,6035900,0.0,0.0
2018-10-01 00:00:00-04:00,143.15141097486742,143.78704742276366,142.88577229443982,143.05653381347656,9802100,0.0,0.0
2018-10-02 00:00:00-04:00,143.1039967875125,143.1039967875125,141.5196463605305,141.99400329589844,8047500,0.0,0.0
2018-10-03 00:00:00-04:00,142.9806224591268,142.9806224591268,141.53857384035382,141.70933532714844,7521100,0.0,0.0
2018-10-04 00:00:00-04:00,141.52910071477558,141.62397787385493,138.60707530126243,139.23321533203125,9208900,0.0,0.0
2018-10-05 00:00:00-04:00,139.1193971144763,139.84991082564792,136.9942728984427,137.90504455566406,7085700,0.0,0.0
2018-10-08 00:00:00-04:00,137.57294236635593,137.57294236635593,132.99065432619082,134.6129608154297,11637300,0.0,0.0
2018-10-09 00:00:00-04:00,134.20506130160894,135.94119482667512,133.8824876057943,135.01145935058594,10798000,0.0,0.0
2018-10-10 00:00:00-04:00,135.2581214849812,135.37196249854892,128.27558795378343,128.56968688964844,15450100,0.0,0.0
2018-10-11 00:00:00-04:00,127.21303567026916,130.20149295996663,125.47688760129621,126.87149810791016,15657200,0.0,0.0
2018-10-12 00:00:00-04:00,131.37792210222128,133.74970730866923,130.38176942026752,132.87689208984375,12993300,0.0,0.0
2018-10-15 00:00:00-04:00,132.72506565829445,132.87686335297303,130.18251941544037,130.19200134277344,7953000,0.0,0.0
2018-10-16 00:00:00-04:00,131.5960565878952,134.85013695997154,131.5675818646365,134.4706573486328,11059500,0.0,0.0
2018-10-17 00:00:00-04:00,135.03992800522593,135.5332632681329,133.5124981042574,135.144287109375,9170600,0.0,0.0
2018-10-18 00:00:00-04:00,135.1537827178998,135.1537827178998,130.8750739491773,132.14634704589844,10222600,0.0,0.0
2018-10-19 00:00:00-04:00,132.72505223876743,134.89761490504515,132.23173149527798,132.8958282470703,8696900,0.0,0.0
2018-10-22 00:00:00-04:00,133.7401707624032,134.2809300409992,132.35504239795674,133.42709350585938,6099500,0.0,0.0
2018-10-23 00:00:00-04:00,129.8694489002305,132.8578919800721,128.63611789976903,131.98507690429688,10736100,0.0,0.0
2018-10-24 00:00:00-04:00,132.5353427113404,132.99072137733236,127.1276758144774,127.37433624267578,13849600,0.0,0.0
2018-10-25 00:00:00-04:00,128.50329188789334,133.67377962807177,125.70458884286325,133.3132781982422,14985900,0.0,0.0
2018-10-26 00:00:00-04:00,130.90350904396928,132.69657731369497,129.0819805220433,130.6758270263672,12034900,0.0,0.0
2018-10-29 00:00:00-04:00,132.44997461536738,134.25252559494277,125.48641667266784,127.44076538085938,12768200,0.0,0.0
2018-10-30 00:00:00-04:00,126.25482061257753,127.94352983619201,123.13354444081821,125.95122528076172,15107600,0.0,0.0
2018-10-31 00:00:00-04:00,128.0668901627224,131.9850685909748,128.0668901627224,130.78021240234375,13205300,0.0,0.0
2018-11-01 00:00:00-04:00,131.8711827972135,133.64527249454102,130.43863055524406,133.60733032226562,16024000,0.0,0.0
2018-11-02 00:00:00-04:00,133.87302788003362,134.1955871531161,130.78022557250966,132.61123657226562,17063100,0.0,0.0
2018-11-05 00:00:00-05:00,132.63015747070312,133.0191335013331,130.98888707901222,132.63015747070312,6280000,0.0,0.0
2018-11-06 00:00:00-05:00,132.630179663756,133.68325246178233,132.55428082974606,133.56939697265625,4732700,0.0,0.0
2018-11-07 00:00:00-05:00,135.0399331297474,137.46863839895494,135.02096927461864,137.35479736328125,20502100,0.0,0.0
2018-11-08 00:00:00-05:00,137.18402788468745,137.999922371074,136.28273815025364,137.78170776367188,5927400,0.0,0.0
2018-11-09 00:00:00-05:00,136.80452714081318,137.1555610908405,135.05889722213638,136.54837036132812,8339800,0.0,0.0
2018-11-12 00:00:00-05:00,136.06454453230188,136.27326274645398,132.03251049489316,132.55430603027344,11335100,0.0,0.0
2018-11-13 00:00:00-05:00,133.15200041409312,134.62249536440325,131.88071279801434,132.55430603027344,6287000,0.0,0.0
2018-11-14 00:00:00-05:00,134.73631925228338,135.28657491715416,131.3114623299858,132.33607482910156,6613900,0.0,0.0
2018-11-15 00:00:00-05:00,131.96543648301576,134.87371084892206,131.0910398807521,134.8071746826172,8565000,0.25,0.0
2018-11-16 00:00:00-05:00,133.45759756378158,134.80718841012532,132.98238890652462,133.2294921875,8628000,0.0,0.0
2018-11-19 00:00:00-05:00,133.5051210468665,133.60016857900328,127.59352420294735,128.07823181152344,16253000,0.0,0.0
2018-11-20 00:00:00-05:00,123.84887416902765,127.85963627452918,123.11704879847811,126.75714874267578,12720200,0.0,0.0
2018-11-21 00:00:00-05:00,127.69799745590744,129.04758752543444,127.00419727628073,127.75502014160156,7416300,0.0,0.0
2018-11-23 00:00:00-05:00,126.01581335967347,127.59350939586356,125.92078034078244,126.28192901611328,3676000,0.0,0.0
2018-11-26 00:00:00-05:00,127.92613644862374,129.75093538327394,127.59348469137377,129.19969177246094,9144600,0.0,0.0
2018-11-27 00:00:00-05:00,128.57246651972991,129.55139529531752,127.46997883969493,129.17123413085938,7877900,0.0,0.0
2018-11-28 00:00:00-05:00,130.273713893679,134.52206613118753,130.0836188207839,134.37001037597656,11265100,0.0,0.0
2018-11-29 00:00:00-05:00,133.7142241254378,133.72372307848275,131.83240176503355,132.20306396484375,8751500,0.0,0.0
2018-11-30 00:00:00-05:00,132.11745635685108,135.20631147610405,131.75630777364253,134.68359375,11362800,0.0,0.0
2018-12-03 00:00:00-05:00,137.81044006347656,138.49474133983063,136.71746651213294,137.81044006347656,11285600,0.0,0.0
2018-12-04 00:00:00-05:00,136.0332012733851,137.19271127092588,131.63276555317347,131.7658233642578,13988900,0.0,0.0
2018-12-06 00:00:00-05:00,128.3443193715015,134.11335815511706,126.86167100928866,134.05633544921875,16391900,0.0,0.0
2018-12-07 00:00:00-05:00,133.83772949193101,135.08277344707366,129.24721362139923,130.31167602539062,14007700,0.0,0.0
2018-12-10 00:00:00-05:00,129.49434858762137,131.4141954676694,128.17326920780695,131.0435333251953,15744300,0.0,0.0
2018-12-11 00:00:00-05:00,133.00143824816251,133.1059847618805,129.1807555221855,130.02662658691406,12466300,0.0,0.0
2018-12-12 00:00:00-05:00,132.39312464154855,133.89478562338627,130.91997501677858,130.96749877929688,10387200,0.0,0.0
2018-12-13 00:00:00-05:00,131.4426937415413,132.2315417102822,129.39928818331904,130.72036743164062,8780900,0.0,0.0
2018-12-14 00:00:00-05:00,128.9621017779777,129.94103025477713,127.87862683752908,128.391845703125,9351200,0.0,0.0
2018-12-17 00:00:00-05:00,127.55551143878819,127.76458990147782,124.21003850249869,124.88482666015625,11796200,0.0,0.0
2018-12-18 00:00:00-05:00,125.73067223599477,127.51746103121158,125.26497713671549,126.08233642578125,12761900,0.0,0.0
2018-12-19 00:00:00-05:00,126.33895744943088,129.1331864708075,123.09804566482782,124.75176239013672,13819000,0.0,0.0
2018-12-20 00:00:00-05:00,123.70629456007656,125.46455751284421,120.84553702769658,122.37570190429688,18091700,0.0,0.0
2018-12-21 00:00:00-05:00,120.87405518423081,123.86787070047438,116.85378739079957,118.09883880615234,25448600,0.0,0.0
2018-12-24 00:00:00-05:00,116.02689647775065,119.00169875372498,115.57069317689405,115.69425201416016,8617700,0.0,0.0
2018-12-26 00:00:00-05:00,116.92028401290423,123.78230245189334,116.90127886536378,123.77278900146484,13499500,0.0,0.0
2018-12-27 00:00:00-05:00,121.64390254324634,125.4645767211914,120.24678801700037,125.4645767211914,10883000,0.0,0.0
2018-12-28 00:00:00-05:00,126.48151633178844,126.99473521290756,123.23109141212781,124.44762420654297,7381300,0.0,0.0
2018-12-31 00:00:00-05:00,125.15092303169726,125.8732493452722,123.77282106815554,125.39804077148438,7976000,0.0,0.0
2019-01-02 00:00:00-05:00,123.55423603023517,127.10880157990262,123.17407495102837,126.32945251464844,8788000,0.0,0.0
2019-01-03 00:00:00-05:00,124.70425685268425,124.77077852068498,121.53935834015456,121.77696990966797,9428300,0.0,0.0
2019-01-04 00:00:00-05:00,123.9724381620817,127.91666425894975,123.67781111176082,127.02326965332031,11065800,0.0,0.0
2019-01-07 00:00:00-05:00,127.78360923158367,130.36874557211894,127.39393463930628,129.31378173828125,12928000,0.0,0.0
2019-01-08 00:00:00-05:00,131.129076347078,131.33816931374315,129.2187427904197,130.01708984375,9243000,0.0,0.0
2019-01-09 00:00:00-05:00,131.442709991012,132.56419539702597,130.79641871289928,131.54725646972656,9987600,0.0,0.0
2019-01-10 00:00:00-05:00,130.02658064836297,131.93692858753386,129.59889578960787,131.7943572998047,12514900,0.0,0.0
2019-01-11 00:00:00-05:00,130.91992691674312,131.72778707609737,130.59678865388574,131.2145538330078,5860100,0.0,0.0
2019-01-14 00:00:00-05:00,130.19763860163908,131.2811134727087,129.87448577873423,130.30218505859375,8666700,0.0,0.0
2019-01-15 00:00:00-05:00,130.1691856883073,130.8914977592252,128.5439654009671,130.53033447265625,7594900,0.0,0.0
2019-01-16 00:00:00-05:00,131.53777469074856,131.98447207080383,130.27373219219726,130.53033447265625,7258000,0.0,0.0
2019-01-17 00:00:00-05:00,130.1786396022335,131.0720340532408,129.81747644062244,130.4732666015625,5864900,0.0,0.0
2019-01-18 00:00:00-05:00,131.45218515650973,131.7278142333441,129.86499035938573,131.6327667236328,10263500,0.0,0.0
2019-01-22 00:00:00-05:00,131.06250686457244,132.60219236435202,130.18812490902792,131.205078125,8102300,0.0,0.0
2019-01-23 00:00:00-05:00,131.88935678879733,132.08893621582553,129.3992546584474,130.21661376953125,5465800,0.0,0.0
2019-01-24 00:00:00-05:00,130.31169389460015,131.46170500834796,129.7509512657628,130.8724365234375,4924800,0.0,0.0
2019-01-25 00:00:00-05:00,132.1079967301494,132.96336644765955,130.87245141424432,131.7943572998047,9756300,0.0,0.0
2019-01-28 00:00:00-05:00,130.6918464088886,130.6918464088886,128.12572321377354,129.24722290039062,9857200,0.0,0.0
2019-01-29 00:00:00-05:00,129.817464598082,129.91251210632424,127.46043431625391,128.30630493164062,7457700,0.0,0.0
2019-01-30 00:00:00-05:00,129.3517790694847,131.06251832651878,128.7910219329707,130.77740478515625,8078100,0.0,0.0
2019-01-31 00:00:00-05:00,127.7265268014768,129.00008196884627,126.69057585946182,128.31578063964844,20095700,0.0,0.0
2019-02-01 00:00:00-05:00,128.67697782243644,133.39105328441048,128.55341895178213,133.20095825195312,13248300,0.0,0.0
2019-02-04 00:00:00-05:00,132.85881944711883,134.50305171203948,132.2790643512913,134.48403930664062,11882700,0.0,0.0
2019-02-05 00:00:00-05:00,134.95921654205625,135.8621098086204,134.7976473892785,135.4629364013672,8455700,0.0,0.0
2019-02-06 00:00:00-05:00,134.92123031935986,135.35841410437212,134.05634719819747,134.4745330810547,6146900,0.0,0.0
2019-02-07 00:00:00-05:00,132.9823664146835,134.06584138988822,132.3075783567499,133.219970703125,10675300,0.0,0.0
2019-02-08 00:00:00-05:00,131.81337861264524,133.438584086182,131.65180941074036,133.41958618164062,5950700,0.0,0.0
2019-02-11 00:00:00-05:00,134.25593993165924,135.23486857119187,133.48610425418374,133.81875610351562,7600100,0.0,0.0
2019-02-12 00:00:00-05:00,134.75967298995656,135.7196038184856,134.2464539893097,134.94976806640625,6090000,0.0,0.0
2019-02-13 00:00:00-05:00,135.80507971278584,137.52533210115962,135.7860673128435,136.37533569335938,6885600,0.0,0.0
2019-02-14 00:00:00-05:00,136.1278131133307,136.6038510808123,135.5756073277489,136.2991943359375,6314000,0.25,0.0
2019-02-15 00:00:00-05:00,137.62258410161488,137.96533203125,136.9275727125726,137.96533203125,6536000,0.0,0.0
2019-02-19 00:00:00-05:00,137.49879193978668,137.93675322106947,137.11796741238604,137.51783752441406,8406700,0.0,0.0
2019-02-20 00:00:00-05:00,137.43216633773534,137.89867424592484,136.6419415723527,137.7939453125,5283100,0.0,0.0
2019-02-21 00:00:00-05:00,137.43218568055696,138.07959043101033,136.31824390120002,137.0989532470703,8573400,0.0,0.0
2019-02-22 00:00:00-05:00,137.49881097495597,139.2696728748215,137.49881097495597,138.8793182373047,9680800,0.0,0.0
2019-02-25 00:00:00-05:00,139.86945085642313,140.14554642971532,138.82216172837087,139.0601806640625,9731200,0.0,0.0
2019-02-26 00:00:00-05:00,138.24145424250142,140.33601886954116,138.07008750850716,139.99327087402344,7332500,0.0,0.0
2019-02-27 00:00:00-05:00,139.47913120672126,140.42169165775474,138.92692539447677,140.1646270751953,9731200,0.0,0.0
2019-02-28 00:00:00-05:00,140.2026984809063,141.68794915875904,140.17413736474816,141.021484375,6250200,0.0,0.0
2019-03-01 00:00:00-05:00,142.29727768331313,142.7447400138734,141.26903391542484,142.30679321289062,7016800,0.0,0.0
2019-03-04 00:00:00-05:00,142.8780675570799,142.9923120404762,139.90758024102024,140.8691864013672,6979700,0.0,0.0
2019-03-05 00:00:00-05:00,140.90724110258907,142.13541269035824,140.74538993381492,140.85963439941406,9678600,0.0,0.0
2019-03-06 00:00:00-05:00,140.90719980311505,141.4022832214808,140.35499416869212,140.72630310058594,8186400,0.0,0.0
2019-03-07 00:00:00-05:00,140.20267479870319,140.72631938569464,139.04114117938528,139.7932891845703,8761700,0.0,0.0
2019-03-08 00:00:00-05:00,138.46995276104306,140.41218164733218,137.57499888678672,140.28842163085938,5168100,0.0,0.0
2019-03-11 00:00:00-04:00,141.0119827086606,143.7349207611331,140.92629935176248,143.4492950439453,9361500,0.0,0.0
2019-03-12 00:00:00-04:00,143.76345426893624,145.80089601985858,143.63967975883722,144.45846557617188,9465100,0.0,0.0
2019-03-13 00:00:00-04:00,145.00117373008436,146.65777662704897,144.7536246792541,145.16302490234375,8308900,0.0,0.0
2019-03-14 00:00:00-04:00,145.24873063104775,147.2766574166891,145.0011960696077,146.8101348876953,9364900,0.0,0.0
2019-03-15 00:00:00-04:00,146.35311770740668,149.30455899389293,146.0103697807665,148.00973510742188,20162000,0.0,0.0
2019-03-18 00:00:00-04:00,148.4476915101479,148.9142139905335,147.01957747807904,147.53370666503906,9689400,0.0,0.0
2019-03-19 00:00:00-04:00,148.47626635058515,148.47626635058515,146.75301091703187,147.1814422607422,9236100,0.0,0.0
2019-03-20 00:00:00-04:00,146.9434200140125,147.4480191787205,145.39154586846055,146.38169860839844,6391400,0.0,0.0
2019-03-21 00:00:00-04:00,145.9723057998437,149.17126735600976,145.96277574180172,148.3334503173828,7027100,0.0,0.0
2019-03-22 00:00:00-04:00,147.56226766352452,148.21918791461937,145.52482556053027,145.73428344726562,8119800,0.0,0.0
2019-03-25 00:00:00-04:00,145.058308296327,146.67683468404726,144.27759895814597,145.69619750976562,7568000,0.0,0.0
2019-03-26 00:00:00-04:00,146.40070127251866,148.1430017469447,146.40070127251866,147.8573760986328,15594400,0.0,0.0
2019-03-27 00:00:00-04:00,148.01922683852285,148.39053582205665,146.0103463051672,146.82913208007812,12253800,0.0,0.0
2019-03-28 00:00:00-04:00,147.50504170999426,147.647861743245,146.24830967699455,147.25750732421875,16902200,0.0,0.0
2019-03-29 00:00:00-04:00,148.26675068226206,148.79991077139454,147.50508718599156,148.7047119140625,12164400,0.0,0.0
2019-04-01 00:00:00-04:00,149.98051426585477,150.17092653895452,149.0474839583984,149.72344970703125,6420100,0.0,0.0
2019-04-02 00:00:00-04:00,150.10430716339636,150.57081511049319,149.2379145080351,150.2185516357422,6215100,0.0,0.0
2019-04-03 00:00:00-04:00,150.95161961390696,151.48477973262334,150.28516946551144,150.86593627929688,8209300,0.0,0.0
2019-04-04 00:00:00-04:00,150.93259786142514,151.08493349868917,149.02844597820268,150.0852508544922,5100200,0.0,0.0
2019-04-05 00:00:00-04:00,150.42798944999637,151.02780190483918,149.69488695269126,150.09475708007812,4178300,0.0,0.0
2019-04-08 00:00:00-04:00,149.99957489042666,150.2852005924758,148.82852549230452,150.1899871826172,5604700,0.0,0.0
2019-04-09 00:00:00-04:00,149.05699050738562,150.41846650669993,148.97130716878158,149.9424285888672,6364100,0.0,0.0
2019-04-10 00:00:00-04:00,150.4184906228138,151.170624261466,149.97101374610654,150.96116638183594,3918600,0.0,0.0
2019-04-11 00:00:00-04:00,151.48483393445926,151.66573072393294,149.8948685374189,150.29473876953125,5771400,0.0,0.0
2019-04-12 00:00:00-04:00,151.10398670326526,151.98941040039062,150.2947163010853,151.98941040039062,6745100,0.0,0.0
2019-04-15 00:00:00-04:00,152.17031640399023,152.78916002380848,151.5609883147363,152.75108337402344,8142800,0.0,0.0
2019-04-16 00:00:00-04:00,153.32229609570103,153.37943285265527,151.903712306464,152.55111694335938,6021400,0.0,0.0
2019-04-17 00:00:00-04:00,153.16046910120497,153.35089593271294,152.62730883904874,152.75108337402344,4609100,0.0,0.0
2019-04-18 00:00:00-04:00,153.21761580163297,153.379481539763,151.3801157099405,152.48452758789062,7859400,0.0,0.0
2019-04-22 00:00:00-04:00,151.5704787566452,152.78913473343533,151.44671876968343,152.7129669189453,4602600,0.0,0.0
2019-04-23 00:00:00-04:00,153.28422405859615,154.12205552213462,152.20837361360026,153.91259765625,6522900,0.0,0.0
2019-04-24 00:00:00-04:00,153.9982974767393,154.26487760228665,152.9510080352838,153.75076293945312,7376500,0.0,0.0
2019-04-25 00:00:00-04:00,152.827215262059,153.85545889478317,150.95162472748683,153.30325317382812,8862500,0.0,0.0
2019-04-26 00:00:00-04:00,153.531769453592,155.21694802948377,152.7129835182319,155.12173461914062,7525400,0.0,0.0
2019-04-29 00:00:00-04:00,155.3883401257777,156.6165118509158,155.28361117808933,156.2832794189453,10003600,0.0,0.0
2019-04-30 00:00:00-04:00,157.07347986207662,157.75897568077912,156.06428171996615,156.54983520507812,6432700,0.0,0.0
2019-05-01 00:00:00-04:00,157.60662712183043,157.7970539105938,154.95034193786347,154.98841857910156,5248100,0.0,0.0
2019-05-02 00:00:00-04:00,154.33149753004795,155.26452777378262,152.7415181130642,153.39845275878906,6054900,0.0,0.0
2019-05-03 00:00:00-04:00,154.52188674453078,154.94080237077762,153.4555520974873,154.2743377685547,4317500,0.0,0.0
2019-05-06 00:00:00-04:00,150.6279869795636,154.85519324434958,150.61845691962904,154.5029296875,10442400,0.0,0.0
2019-05-07 00:00:00-04:00,153.23663144445504,154.0268562788454,151.07541482642495,152.5321044921875,6413600,0.0,0.0
2019-05-08 00:00:00-04:00,152.11319436586635,153.9506941666122,151.87517535369548,153.0557403564453,5445900,0.0,0.0
2019-05-09 00:00:00-04:00,151.24677593039848,152.18933628806658,149.6377653575977,152.1512451171875,6813700,0.0,0.0
2019-05-10 00:00:00-04:00,151.2467564426699,153.6650224910002,149.73295946459024,153.0081024169922,5192500,0.0,0.0
2019-05-13 00:00:00-04:00,149.65681005542027,151.11348499111543,148.92370755935977,149.79010009765625,9730000,0.0,0.0
2019-05-14 00:00:00-04:00,150.52322352290116,153.77932174528206,150.3708878741574,152.5321044921875,9756700,0.0,0.0
2019-05-15 00:00:00-04:00,151.68472880141695,155.34069651629434,151.4752709557967,154.98841857910156,7547000,0.0,0.0
2019-05-16 00:00:00-04:00,155.85614916704287,157.9062694109785,155.29356391795653,157.21017456054688,9745500,0.25,0.0
2019-05-17 00:00:00-04:00,155.70356511443896,157.52483029785373,155.61774999267422,156.46640014648438,4582500,0.0,0.0
2019-05-20 00:00:00-04:00,155.7608087055551,157.08622909699764,154.78819355755834,155.87522888183594,4747400,0.0,0.0
2019-05-21 00:00:00-04:00,156.9336816032564,157.20067175267067,155.60826102228123,156.24713134765625,9095700,0.0,0.0
2019-05-22 00:00:00-04:00,155.9992317318696,157.93491778426846,155.85619192684297,156.6094970703125,5416400,0.0,0.0
2019-05-23 00:00:00-04:00,155.90383703147907,156.6189922472198,153.3483560445032,154.00628662109375,6138000,0.0,0.0
2019-05-24 00:00:00-04:00,155.18866075135276,155.81800074775057,154.20651555236898,155.08377075195312,4105600,0.0,0.0
2019-05-28 00:00:00-04:00,155.808500961595,158.06840168214381,155.74176069720605,156.10411071777344,10202300,0.0,0.0
2019-05-29 00:00:00-04:00,155.71315699355492,155.90386217186406,153.97770640623514,155.1696319580078,6456000,0.0,0.0
2019-05-30 00:00:00-04:00,155.2363766918188,155.90385204749126,154.41633138345793,155.19822692871094,4750600,0.0,0.0
2019-05-31 00:00:00-04:00,153.43418580749344,154.59750623333724,153.10044085504572,153.8346710205078,5079000,0.0,0.0
2019-06-03 00:00:00-04:00,154.034933856916,155.26500931284312,149.46748102993936,151.23153686523438,8034600,0.0,0.0
2019-06-04 00:00:00-04:00,152.84296246319087,154.8263279576279,151.27915701275185,154.78819274902344,6684800,0.0,0.0
2019-06-05 00:00:00-04:00,155.9038336473691,157.7155543346383,155.1314683591136,157.70602416992188,7769300,0.0,0.0
2019-06-06 00:00:00-04:00,158.17327198488155,159.62264278664517,157.27694176150086,159.16494750976562,13738500,0.0,0.0
2019-06-07 00:00:00-04:00,160.1948056947361,163.6370875181477,160.00410050269326,162.14956665039062,10528800,0.0,0.0
2019-06-10 00:00:00-04:00,163.85634381027558,164.02798861150993,162.5881336034441,162.8837432861328,7565900,0.0,0.0
2019-06-11 00:00:00-04:00,163.96125118403322,164.1805613784128,160.59525509910253,162.39744567871094,6082900,0.0,0.0
2019-06-12 00:00:00-04:00,162.46420531112884,163.64658600280598,161.81579032387012,163.61798095703125,6772000,0.0,0.0
2019-06-13 00:00:00-04:00,164.14244220993726,164.19965230537775,160.8813358209828,161.48207092285156,6901400,0.0,0.0
2019-06-14 00:00:00-04:00,161.88252367088515,162.7120989881222,160.99572371981387,161.7776336669922,4999900,0.0,0.0
2019-06-17 00:00:00-04:00,161.8443815896859,162.50232668622638,161.17690632865552,161.68228149414062,6410200,0.0,0.0
2019-06-18 00:00:00-04:00,162.72162861559178,162.74070349347363,159.76566273812847,161.415283203125,6969300,0.0,0.0
2019-06-19 00:00:00-04:00,161.52019084254619,163.24609645764752,161.34856057247592,162.75979614257812,6323900,0.0,0.0
2019-06-20 00:00:00-04:00,164.49522581887214,165.85879596327095,163.7705404556822,165.6680908203125,11474100,0.0,0.0
2019-06-21 00:00:00-04:00,165.2199646821131,166.68841063393208,165.11507464627795,165.38206481933594,11728200,0.0,0.0
2019-06-24 00:00:00-04:00,166.48815025471671,166.6121006058017,164.69548974802854,165.7729949951172,5554900,0.0,0.0
2019-06-25 00:00:00-04:00,166.68839949291925,166.81236440422254,162.6644577323721,163.32240295410156,9899900,0.0,0.0
2019-06-26 00:00:00-04:00,163.42731050106332,164.38085102899993,162.8837999660738,163.11264038085938,7129900,0.0,0.0
2019-06-27 00:00:00-04:00,164.12340029170906,164.39039049063652,162.40703888428243,163.27474975585938,5873400,0.0,0.0
2019-06-28 00:00:00-04:00,163.97079762135627,165.48692321777344,162.5976972510651,165.48692321777344,8442700,0.0,0.0
2019-07-01 00:00:00-04:00,167.18427706843372,167.3845124488087,164.7146103779755,165.85885620117188,6103200,0.0,0.0
2019-07-02 00:00:00-04:00,166.01139543356066,167.17471592741035,165.2485601761371,167.13656616210938,5238100,0.0,0.0
2019-07-03 00:00:00-04:00,167.82308879930486,168.76709891175415,167.5560986856592,168.6526641845703,4066600,0.0,0.0
2019-07-05 00:00:00-04:00,167.6895879900823,168.8052283302316,166.4023028399803,168.45242309570312,5840400,0.0,0.0
2019-07-08 00:00:00-04:00,168.1091319422205,168.40472706177422,167.25093707430182,168.00424194335938,6720300,0.0,0.0
2019-07-09 00:00:00-04:00,167.27958669681234,169.62530250110822,167.15563633775545,169.4727325439453,4894300,0.0,0.0
2019-07-10 00:00:00-04:00,170.28324393277987,171.88518479783812,170.28324393277987,170.9793243408203,5110600,0.0,0.0
2019-07-11 00:00:00-04:00,171.75166015858733,172.53357012469155,171.1223346698656,172.34286499023438,6986600,0.0,0.0
2019-07-12 00:00:00-04:00,172.92456540043003,172.92456540043003,170.60745455475788,171.9519500732422,7196700,0.0,0.0
2019-07-15 00:00:00-04:00,172.1712414174976,172.6575563026881,171.58005106281055,172.1807861328125,4490400,0.0,0.0
2019-07-16 00:00:00-04:00,171.99007482232682,172.47638973126146,170.42626917077735,170.9793243408203,6800200,0.0,0.0
2019-07-17 00:00:00-04:00,171.21770675321062,171.8375167245167,170.693256638989,170.82675170898438,3994200,0.0,0.0
2019-07-18 00:00:00-04:00,170.33088810883098,172.2284237673636,170.28320818954953,172.14260864257812,4736300,0.0,0.0
2019-07-19 00:00:00-04:00,173.3917476872803,173.3917476872803,170.81719203926917,170.9125518798828,5327100,0.0,0.0
2019-07-22 00:00:00-04:00,171.293986050911,172.57172661420861,170.81721588103542,172.1807861328125,4862100,0.0,0.0
2019-07-23 00:00:00-04:00,172.48595323068648,172.84830330346767,170.74097224053543,172.4954833984375,7193000,0.0,0.0
2019-07-24 00:00:00-04:00,172.39053020754022,174.90787580978704,170.92208466867504,174.81253051757812,8169300,0.0,0.0
2019-07-25 00:00:00-04:00,175.32746754017234,175.44190228133337,172.8768762942056,173.1533966064453,6085800,0.0,0.0
2019-07-26 00:00:00-04:00,173.93530746741163,175.27980292037736,173.744602297812,175.1558380126953,5056300,0.0,0.0
2019-07-29 00:00:00-04:00,175.3465205199994,175.5181653353654,174.240410309458,174.6981201171875,4621800,0.0,0.0
2019-07-30 00:00:00-04:00,174.05923130583471,174.8602161759112,172.84824566095153,173.09616088867188,5236600,0.0,0.0
2019-07-31 00:00:00-04:00,173.3440747000643,173.5920044756285,167.8802931713296,169.73016357421875,7981200,0.0,0.0
2019-08-01 00:00:00-04:00,170.8649000765479,173.92575649568792,169.89228483173991,170.8458251953125,8417300,0.0,0.0
2019-08-02 00:00:00-04:00,169.7301485448549,169.98760846211636,166.5739329420278,169.17709350585938,8264600,0.0,0.0
2019-08-05 00:00:00-04:00,164.01847796468218,165.4392583899619,159.2221709459543,161.01483154296875,16858300,0.0,0.0
2019-08-06 00:00:00-04:00,163.80871428020012,164.9148247399285,162.2258481256213,164.46665954589844,10281300,0.0,0.0
2019-08-07 00:00:00-04:00,163.53213697364927,167.56560776498378,162.42602689923524,167.17466735839844,8292800,0.0,0.0
2019-08-08 00:00:00-04:00,169.215304540372,171.58961108760255,168.36665407230944,171.54193115234375,7602800,0.0,0.0
2019-08-09 00:00:00-04:00,171.32255926339172,171.7325890992293,169.5871237334415,170.7313690185547,5373700,0.0,0.0
2019-08-12 00:00:00-04:00,169.19620859524554,170.3499843155737,167.44169777515563,168.14730834960938,7394400,0.0,0.0
2019-08-13 00:00:00-04:00,166.28788750028528,170.60742376970776,166.11625723521308,170.31182861328125,6667700,0.0,0.0
2019-08-14 00:00:00-04:00,168.05195180343304,169.0150222919386,165.1150458619102,165.4487762451172,7293500,0.0,0.0
2019-08-15 00:00:00-04:00,166.403713717846,169.03929210287518,165.69708496198368,168.32310485839844,6698000,0.25,0.0
2019-08-16 00:00:00-04:00,169.97510599092624,170.69129323527002,169.2111700161195,170.19473266601562,8312200,0.0,0.0
2019-08-19 00:00:00-04:00,172.28600910888719,172.28600910888719,170.0896985515921,171.6366729736328,5285000,0.0,0.0
2019-08-20 00:00:00-04:00,171.34057097048742,172.486481827742,170.44296216956866,171.15914916992188,3793600,0.0,0.0
2019-08-21 00:00:00-04:00,172.5438179367938,173.49873417789988,172.11410854246918,172.7825469970703,3695900,0.0,0.0
2019-08-22 00:00:00-04:00,173.746969602722,174.1098423585907,170.5575535437717,171.9708251953125,6659900,0.0,0.0
2019-08-23 00:00:00-04:00,171.45521652982356,172.36238405806125,166.38461354621302,167.32997131347656,7051900,0.0,0.0
2019-08-26 00:00:00-04:00,168.4567478982369,169.6599369044441,167.44453919241548,169.5835418701172,7754400,0.0,0.0
2019-08-27 00:00:00-04:00,170.28067427475196,171.11144675728713,168.96288517484177,170.3379669189453,4022100,0.0,0.0
2019-08-28 00:00:00-04:00,169.01061601298798,170.92044832857053,168.0938900903281,170.6148681640625,4401900,0.0,0.0
2019-08-29 00:00:00-04:00,172.26687719189877,173.2122494783749,171.22602202764213,173.00216674804688,4679200,0.0,0.0
2019-08-30 00:00:00-04:00,173.78517297657362,173.96659478215568,171.5697608002087,172.6679229736328,4061200,0.0,0.0
2019-09-03 00:00:00-04:00,172.38149873786145,173.07858357393033,171.025519307469,171.12100219726562,4644000,0.0,0.0
2019-09-04 00:00:00-04:00,172.74434721521408,173.98574127895404,171.93267712917074,173.57513427734375,4154800,0.0,0.0
2019-09-05 00:00:00-04:00,175.44672577400095,177.30880919964764,175.11251389142294,176.40164184570312,6386800,0.0,0.0
2019-09-06 00:00:00-04:00,176.41121847365028,178.2924044940311,176.22978207003015,177.3661346435547,7990900,0.0,0.0
2019-09-09 00:00:00-04:00,178.49296267317777,178.61710646154978,171.41702901158231,173.3650665283203,7290500,0.0,0.0
2019-09-10 00:00:00-04:00,171.3215162931911,171.59843557573393,165.97397982743024,168.39947509765625,15255200,0.0,0.0
2019-09-11 00:00:00-04:00,169.40214322102258,169.9082476866733,166.58514309294307,167.09124755859375,9113600,0.0,0.0
2019-09-12 00:00:00-04:00,168.87691785162497,171.3215007324983,168.7145692925168,169.95596313476562,7748800,0.0,0.0
2019-09-13 00:00:00-04:00,170.59578971128755,170.71038957449903,168.08436977190183,169.27801513671875,6103200,0.0,0.0
2019-09-16 00:00:00-04:00,168.22759598906072,169.2111585724389,167.59734775965356,168.17030334472656,4253600,0.0,0.0
2019-09-17 00:00:00-04:00,168.8578374269518,170.22336063154634,167.14852922844796,168.49496459960938,5924700,0.0,0.0
2019-09-18 00:00:00-04:00,169.10610486660067,169.19204382683364,165.0381671360604,167.3872528076172,9542500,0.0,0.0
2019-09-19 00:00:00-04:00,168.25627022473066,169.41172550366565,167.692873034157,168.027099609375,6964500,0.0,0.0
2019-09-20 00:00:00-04:00,169.40209295210929,169.62173412362307,166.10763565888274,166.21267700195312,12820400,0.0,0.0
2019-09-23 00:00:00-04:00,165.10500788458634,167.3490668200775,164.99996651801303,167.02439880371094,8803500,0.0,0.0
2019-09-24 00:00:00-04:00,168.17024134953087,169.2110961935368,165.58241282445897,166.6137237548828,10039900,0.0,0.0
2019-09-25 00:00:00-04:00,165.96444412021634,167.750132812288,164.6180087354036,167.37771606445312,7797300,0.0,0.0
2019-09-26 00:00:00-04:00,167.73101806640625,168.4949539103588,166.73791166887295,167.73101806640625,10419000,0.0,0.0
2019-09-27 00:00:00-04:00,168.73369696333566,168.8578407374109,164.58936397212386,166.15542602539062,9212600,0.0,0.0
2019-09-30 00:00:00-04:00,166.3177030486966,167.53999425335797,164.2550811767578,164.2550811767578,16464000,0.0,0.0
2019-10-01 00:00:00-04:00,165.21960941394883,166.93846153400207,165.02862908302407,166.43234252929688,8146200,0.0,0.0
2019-10-02 00:00:00-04:00,164.85671275328227,165.14319049368774,160.9892996849665,162.17340087890625,10596200,0.0,0.0
2019-10-03 00:00:00-04:00,162.24979625657164,165.33417114567465,161.0275048277363,165.0763397216797,7242800,0.0,0.0
2019-10-04 00:00:00-04:00,166.804763795955,168.56182077234067,166.57559322097933,168.04615783691406,6027600,0.0,0.0
2019-10-07 00:00:00-04:00,166.78566098856712,167.76922347351234,165.96443250327783,167.01483154296875,5248300,0.0,0.0
2019-10-08 00:00:00-04:00,165.74482997321087,166.76658284221926,164.1310190871978,164.64666748046875,5336500,0.0,0.0
2019-10-09 00:00:00-04:00,166.26046846608605,168.05571567439807,165.81165666400804,166.99575805664062,6277300,0.0,0.0
2019-10-10 00:00:00-04:00,166.0503857259276,167.96976213824917,165.76390793745102,166.99575805664062,4762400,0.0,0.0
2019-10-11 00:00:00-04:00,168.89600196842517,171.12095817755215,168.8769141378961,169.0774383544922,8754400,0.0,0.0
2019-10-14 00:00:00-04:00,169.38305504223268,170.36661764863996,169.1252235658264,169.36395263671875,7240900,0.0,0.0
2019-10-15 00:00:00-04:00,170.09924075178333,171.34062025276097,169.54538756370337,170.6912841796875,4400200,0.0,0.0
2019-10-16 00:00:00-04:00,169.89865508683718,170.22332303387265,168.32304949556467,169.8509063720703,6509000,0.0,0.0
2019-10-17 00:00:00-04:00,170.82495309198325,171.1114308571956,169.4976201983351,169.91778564453125,4887900,0.0,0.0
2019-10-18 00:00:00-04:00,169.87959974269623,170.16607753978857,166.6806389592856,167.78834533691406,6311900,0.0,0.0
2019-10-21 00:00:00-04:00,168.06522317461008,168.76230780452693,166.73789046078147,168.475830078125,4898200,0.0,0.0
2019-10-22 00:00:00-04:00,169.02018311082645,169.77456056776708,163.08060262905917,163.15699768066406,10094700,0.0,0.0
2019-10-23 00:00:00-04:00,163.28109788413366,164.40789181013596,162.50760365714052,163.59622192382812,7122300,0.0,0.0
2019-10-24 00:00:00-04:00,165.60157235631993,168.89603046545236,165.5824699517048,168.21804809570312,7872600,0.0,0.0
2019-10-25 00:00:00-04:00,167.0434350566514,171.07318140870225,165.67791228371513,169.83180236816406,10130100,0.0,0.0
2019-10-28 00:00:00-04:00,170.8631546884019,172.05679998043243,170.30931609526127,171.7321319580078,10086500,0.0,0.0
2019-10-29 00:00:00-04:00,171.69393149173735,171.88491181291212,169.37347760541348,169.62176513671875,7572800,0.0,0.0
2019-10-30 00:00:00-04:00,169.77451733413517,171.33103515112168,168.4376406986552,171.168701171875,5374800,0.0,0.0
2019-10-31 00:00:00-04:00,171.16866598804327,171.59837520605893,169.9845650893948,170.79624938964844,6830800,0.0,0.0
2019-11-01 00:00:00-04:00,172.00907363024749,173.1454263311603,171.4647643583685,172.7729949951172,7000200,0.0,0.0
2019-11-04 00:00:00-05:00,173.87114023836708,174.1767058398828,170.74856024210445,170.8822479248047,7154800,0.0,0.0
2019-11-05 00:00:00-05:00,170.9968492136157,171.46474882157105,167.28221124482803,168.41856384277344,7447500,0.0,0.0
2019-11-06 00:00:00-05:00,168.41856189510307,170.15651633559511,168.19893525368707,168.800537109375,6992500,0.0,0.0
2019-11-07 00:00:00-05:00,169.35435420285546,172.50556526754147,168.87689621476832,170.38565063476562,7227200,0.0,0.0
2019-11-08 00:00:00-05:00,170.33797008131805,171.35972292042212,169.78411689239024,170.9013671875,3894100,0.0,0.0
2019-11-11 00:00:00-05:00,170.45255692661428,172.2287018001128,170.1660791268501,171.44566345214844,3617300,0.0,0.0
2019-11-12 00:00:00-05:00,171.82765333277425,172.89715500066023,170.81544431554394,171.6366729736328,6118700,0.0,0.0
2019-11-13 00:00:00-05:00,171.3119441991002,172.72523053204284,169.8795700349911,171.32150268554688,6138300,0.0,0.0
2019-11-14 00:00:00-05:00,171.21631377197605,171.95283496258742,170.31718666049989,171.93370056152344,9811000,0.3,0.0
2019-11-15 00:00:00-05:00,172.20149335421277,172.82322262380495,171.29280650047457,171.9528045654297,7808800,0.0,0.0
2019-11-18 00:00:00-05:00,171.76152756534697,172.47891432493773,171.19717222206296,171.8476104736328,7173700,0.0,0.0
2019-11-19 00:00:00-05:00,172.5458303597972,175.02320200047706,172.36409007966108,174.8223419189453,8549900,0.0,0.0
2019-11-20 00:00:00-05:00,174.3823800197976,175.25281283505976,172.50761736644867,173.76065063476562,6040500,0.0,0.0
2019-11-21 00:00:00-05:00,173.29196601145946,173.9041355406267,171.5224205357957,172.067626953125,5112200,0.0,0.0
2019-11-22 00:00:00-05:00,172.29718217712582,172.62239402068963,170.59458535461923,171.66587829589844,6865600,0.0,0.0
2019-11-25 00:00:00-05:00,172.55541080853345,173.464112317423,172.27802770258347,173.1006317138672,5457800,0.0,0.0
2019-11-26 00:00:00-05:00,173.56932473145378,174.965829314258,173.33019583485185,174.61192321777344,7079000,0.0,0.0
2019-11-27 00:00:00-05:00,175.04239174262543,176.5154196555887,174.33456479494174,176.35281372070312,11452700,0.0,0.0
2019-11-29 00:00:00-05:00,175.9319287277315,176.81193603073854,175.3867223588751,176.48670959472656,3139100,0.0,0.0
2019-12-02 00:00:00-05:00,176.22842341412806,176.35276050606709,172.048440696475,173.88494873046875,6883200,0.0,0.0
2019-12-03 00:00:00-05:00,172.0771573239023,174.2197576058978,171.84760291190767,173.9901885986328,4543300,0.0,0.0
2019-12-04 00:00:00-05:00,174.7171699830075,174.7171699830075,172.6223981602379,172.7467498779297,10650400,0.0,0.0
2019-12-05 00:00:00-05:00,173.36843673458054,174.11451766711338,172.2397554349477,173.98060607910156,4638600,0.0,0.0
2019-12-06 00:00:00-05:00,174.79363388349367,175.31014579067633,173.45450353236998,174.2484130859375,14526700,0.0,0.0
2019-12-09 00:00:00-05:00,173.99015520418206,175.29101680513136,173.41625468907554,174.96580505371094,10233100,0.0,0.0
2019-12-10 00:00:00-05:00,174.61193139781068,175.18583201937903,173.99018748035715,174.33453369140625,8625700,0.0,0.0
2019-12-11 00:00:00-05:00,175.10930139087824,175.11886129167996,173.3110475619061,174.0953826904297,7138800,0.0,0.0
2019-12-12 00:00:00-05:00,173.76066243292055,175.35804205555584,172.96675257341812,174.6980438232422,11192100,0.0,0.0
2019-12-13 00:00:00-05:00,174.56407883735181,177.45275973547243,174.12407528521362,177.0892791748047,8558100,0.0,0.0
2019-12-16 00:00:00-05:00,178.22756239762052,178.69626031931787,177.69191597012102,178.1414794921875,8249900,0.0,0.0
2019-12-17 00:00:00-05:00,178.39013988785712,178.65796305894128,176.09450853705897,177.4527587890625,10208700,0.0,0.0
2019-12-18 00:00:00-05:00,177.4527755400467,178.3327681274301,176.85972595214844,176.85972595214844,8968500,0.0,0.0
2019-12-19 00:00:00-05:00,176.4771053534597,178.46665929532654,176.4771053534597,178.4283905029297,5854200,0.0,0.0
2019-12-20 00:00:00-05:00,179.44233550457037,179.98754181646856,178.1988622839897,179.82493591308594,11259500,0.0,0.0
2019-12-23 00:00:00-05:00,179.96841042635148,180.21711383178769,178.868423287026,178.9449462890625,5831700,0.0,0.0
2019-12-24 00:00:00-05:00,178.96407176141054,179.84406434802972,178.7823314650481,179.41363525390625,2420900,0.0,0.0
2019-12-26 00:00:00-05:00,179.71971512243252,180.95361382192024,179.53797482357135,180.9344940185547,5237000,0.0,0.0
2019-12-27 00:00:00-05:00,181.48931212305754,181.6327836541395,180.2745329772301,181.15452575683594,5448600,0.0,0.0
2019-12-30 00:00:00-05:00,181.07794658961078,181.24055247283724,178.98317531376554,179.6623077392578,4833600,0.0,0.0
2019-12-31 00:00:00-05:00,178.92582413975532,179.8249512311545,178.42843189009957,179.7292938232422,5273000,0.0,0.0
2020-01-02 00:00:00-05:00,180.78142646368454,182.82836901549436,180.51360329580422,182.80923461914062,8733000,0.0,0.0
2020-01-03 00:00:00-05:00,180.21710604964989,182.65622372638282,179.74840815564195,181.35536193847656,4899700,0.0,0.0
2020-01-06 00:00:00-05:00,179.82492469405804,180.9823149398052,179.02145512914066,180.9631805419922,10109500,0.0,0.0
2020-01-07 00:00:00-05:00,181.3457824869002,181.83361476608013,180.39884141841068,180.48492431640625,4392300,0.0,0.0
2020-01-08 00:00:00-05:00,181.25015217182232,184.12925896682447,180.5901540511915,183.57447814941406,5712000,0.0,0.0
2020-01-09 00:00:00-05:00,184.607520257671,185.48751290332174,184.14839683282509,184.84664916992188,6748000,0.0,0.0
2020-01-10 00:00:00-05:00,185.08574613208958,186.10922470557708,184.71270567718446,185.34400939941406,6586400,0.0,0.0
2020-01-13 00:00:00-05:00,185.9848530177635,187.0944143625927,185.83180705393883,186.83615112304688,11290500,0.0,0.0
2020-01-14 00:00:00-05:00,188.18486987447739,188.38572996162426,186.65443919448578,187.52487182617188,6236500,0.0,0.0
2020-01-15 00:00:00-05:00,188.4335698547429,191.44658810314496,187.78314626401936,191.11181640625,10831100,0.0,0.0
2020-01-16 00:00:00-05:00,192.25962068753165,192.73787845043597,191.09267057842365,192.2117919921875,9983700,0.0,0.0
2020-01-17 00:00:00-05:00,192.98657842801185,195.84656527038433,191.28398186092627,195.79873657226562,12518900,0.0,0.0
2020-01-21 00:00:00-05:00,195.2535446794833,199.32829610200127,194.9378927629454,198.276123046875,14861700,0.0,0.0
2020-01-22 00:00:00-05:00,198.4865328904018,200.99261351027928,198.27609830563492,198.8595733642578,8065000,0.0,0.0
2020-01-23 00:00:00-05:00,198.85957809908396,199.3378358767107,196.37264641258648,197.5395965576172,8520800,0.0,0.0
2020-01-24 00:00:00-05:00,198.4004747440777,198.94569567133126,195.33006767516432,196.08570861816406,7812900,0.0,0.0
2020-01-27 00:00:00-05:00,191.3031182733548,194.48831694403853,190.4422600792326,192.9196319580078,7198900,0.0,0.0
2020-01-28 00:00:00-05:00,193.58920170161497,194.97614647421491,193.00572657166,194.02920532226562,7215700,0.0,0.0
2020-01-29 00:00:00-05:00,195.4161510542917,196.9657017434678,193.70397986007833,195.95179748535156,7041700,0.0,0.0
2020-01-30 00:00:00-05:00,195.1291757110221,199.43349576347111,194.47875213104794,199.15611267089844,8571900,0.0,0.0
2020-01-31 00:00:00-05:00,192.72832490249735,195.1100392992988,189.63876914369916,190.31790161132812,16699600,0.0,0.0
2020-02-03 00:00:00-05:00,191.24574740579047,193.4648561939812,191.1596644974504,192.07791137695312,10885900,0.0,0.0
2020-02-04 00:00:00-05:00,194.65092438758703,196.00917478667247,193.43614549023712,194.70831298828125,10205900,0.0,0.0
2020-02-05 00:00:00-05:00,196.56396570823924,196.65962311116897,191.25530094159035,193.99093627929688,8672400,0.0,0.0
2020-02-06 00:00:00-05:00,194.2204967382447,195.73179314731962,193.6752758370365,194.21092224121094,7001200,0.0,0.0
2020-02-07 00:00:00-05:00,193.19700430415324,194.96656388779513,192.34570605903124,193.92396545410156,5691100,0.0,0.0
2020-02-10 00:00:00-05:00,193.18745700776572,197.1665654088579,193.082239707896,197.03265380859375,6239500,0.0,0.0
2020-02-11 00:00:00-05:00,198.47703235785025,198.63963829557812,194.784880714274,195.07183837890625,10231900,0.0,0.0
2020-02-12 00:00:00-05:00,196.0857311640314,199.09874997551614,196.0857311640314,198.4196319580078,7355800,0.0,0.0
2020-02-13 00:00:00-05:00,197.92149380797957,199.6936164496146,197.37549785543607,198.6686553955078,9495300,0.3,0.0
2020-02-14 00:00:00-05:00,199.52120955840027,201.90638850994347,199.25299842526417,201.43701171875,6548800,0.0,0.0
2020-02-18 00:00:00-05:00,201.1591918708222,202.5960432413281,200.54613587072936,202.3086700439453,7651500,0.0,0.0
2020-02-19 00:00:00-05:00,203.57311392411606,205.15364464456758,202.80679024106954,204.32984924316406,5927500,0.0,0.0
2020-02-20 00:00:00-05:00,203.19950638126252,204.69382932740746,199.5115823639534,202.54812622070312,8531900,0.0,0.0
2020-02-21 00:00:00-05:00,201.06338025714587,201.3699155414975,198.68779026904804,200.01927185058594,9231500,0.0,0.0
2020-02-24 00:00:00-05:00,189.55900710353535,195.19146903080636,185.84234696198564,190.42111206054688,13316800,0.0,0.0
2020-02-25 00:00:00-05:00,190.42114294196244,191.47483994155476,179.81718593883787,180.4685516357422,18539000,0.0,0.0
2020-02-26 00:00:00-05:00,182.00116553963875,185.36339233585912,179.15619878268024,179.32862854003906,14214700,0.0,0.0
2020-02-27 00:00:00-05:00,174.45285730661388,178.49519911710726,172.42211265701374,172.4316864013672,17536600,0.0,0.0
2020-02-28 00:00:00-05:00,166.47360597302745,174.6540885809812,165.6977085127724,174.1080780029297,22659000,0.0,0.0
2020-03-02 00:00:00-05:00,178.47614332201275,184.33849348693354,175.39170055273337,184.23312377929688,17434500,0.0,0.0
2020-03-03 00:00:00-05:00,185.06645551687132,185.8710887847601,176.73272040480444,177.9109344482422,15226400,0.0,0.0
2020-03-04 00:00:00-05:00,182.3460514482832,186.3021876135929,178.33244355639738,186.110595703125,10789100,0.0,0.0
2020-03-05 00:00:00-05:00,183.18900296696822,183.8403686683024,177.82475121396024,179.0891876220703,10106900,0.0,0.0
2020-03-06 00:00:00-05:00,175.81308619573943,178.1599545791543,172.40296207826756,176.59857177734375,15183200,0.0,0.0
2020-03-09 00:00:00-04:00,164.00220144447576,172.01025267051293,161.22428037080374,163.92556762695312,20486400,0.0,0.0
2020-03-10 00:00:00-04:00,171.91445507431726,174.92226295492938,164.64399162321428,174.91268920898438,16119400,0.0,0.0
2020-03-11 00:00:00-04:00,170.1710762817204,171.20561093013637,163.0347180349724,165.6689453125,14598200,0.0,0.0
2020-03-12 00:00:00-04:00,151.82733471718578,164.7590004501953,150.38090921932778,153.3408203125,27467700,0.0,0.0
2020-03-13 00:00:00-04:00,161.6170284052484,168.89708052370005,155.3810992947867,168.42770385742188,19948900,0.0,0.0
2020-03-16 00:00:00-04:00,144.77711990979242,158.35057189015174,141.75015000803174,145.61048889160156,23692000,0.0,0.0
2020-03-17 00:00:00-04:00,149.19310360523562,156.80841479856085,142.96674615140557,151.24301147460938,22298000,0.0,0.0
2020-03-18 00:00:00-04:00,142.20996322504388,144.33648961415003,133.91453855427102,142.22911071777344,22787500,0.0,0.0
2020-03-19 00:00:00-04:00,140.73479490374996,150.62991270369105,135.5142380544711,145.8404083251953,19362800,0.0,0.0
2020-03-20 00:00:00-04:00,148.30223958567453,151.5974067423314,139.5374366806161,140.6486053466797,18692100,0.0,0.0
2020-03-23 00:00:00-04:00,135.38011328678667,137.31507687344578,128.2916390436338,130.02545166015625,30344100,0.0,0.0
2020-03-24 00:00:00-04:00,138.74236698490324,148.71411915916596,137.53541707682277,148.02442932128906,24488300,0.0,0.0
2020-03-25 00:00:00-04:00,152.6127496610871,161.09973600491313,147.11439426872985,154.96917724609375,20619600,0.0,0.0
2020-03-26 00:00:00-04:00,155.25659501798373,162.39295450719516,154.97879554425455,161.77032470703125,17062900,0.0,0.0
2020-03-27 00:00:00-04:00,154.2986802838815,160.06524785269917,151.4920230180114,154.7584686279297,14950700,0.0,0.0
2020-03-30 00:00:00-04:00,154.2603507333611,158.8870137212155,153.92509419640226,158.5996551513672,15714500,0.0,0.0
2020-03-31 00:00:00-04:00,159.42347338692,161.10938868091054,153.7814364809048,154.33702087402344,20613100,0.0,0.0
2020-04-01 00:00:00-04:00,149.73909914832723,151.4154259857875,145.04537523359247,146.6642303466797,12595200,0.0,0.0
2020-04-02 00:00:00-04:00,146.10863863261676,151.6836294788691,144.92083612849873,150.7640380859375,14051100,0.0,0.0
2020-04-03 00:00:00-04:00,149.01107998125696,151.0801496875171,144.259899118448,145.457275390625,11994700,0.0,0.0
2020-04-06 00:00:00-04:00,153.28335061046843,163.54246404261565,151.58786143265473,162.30677795410156,16479100,0.0,0.0
2020-04-07 00:00:00-04:00,170.27642518601786,171.27265011099894,161.02311542293438,161.4924774169922,15379000,0.0,0.0
2020-04-08 00:00:00-04:00,163.81063696092528,168.5905679856061,160.86030026720815,167.5751953125,11146500,0.0,0.0
2020-04-09 00:00:00-04:00,168.84919366281795,169.73046072603066,165.57317437900298,166.3778076171875,12231800,0.0,0.0
2020-04-13 00:00:00-04:00,165.00801222515764,165.0654985598851,159.15523684167414,161.8756866455078,14043700,0.0,0.0
2020-04-14 00:00:00-04:00,165.80304394460842,168.04452828137,163.6381934248822,167.2686309814453,9980500,0.0,0.0
2020-04-15 00:00:00-04:00,161.5978751342111,162.23009322138984,158.00574684306946,158.97323608398438,12118700,0.0,0.0
2020-04-16 00:00:00-04:00,160.07480192587394,160.92733304604496,153.0725494754121,155.58224487304688,20308200,0.0,0.0
2020-04-17 00:00:00-04:00,162.50788127997387,163.79147959003268,158.00574998872713,162.4025115966797,15375800,0.0,0.0
2020-04-20 00:00:00-04:00,160.2855448932653,160.38132620478117,156.32940985585688,157.3064727783203,10505200,0.0,0.0
2020-04-21 00:00:00-04:00,155.17992006839222,155.72593050672967,152.44989710951577,153.7718048095703,10562100,0.0,0.0
2020-04-22 00:00:00-04:00,157.72796422876016,160.63997650634258,156.0612114164208,159.5767059326172,14502500,0.0,0.0
2020-04-23 00:00:00-04:00,160.81244679143484,163.23593548719748,159.21275365422784,159.37559509277344,11411300,0.0,0.0
2020-04-24 00:00:00-04:00,161.34881468835806,161.64576160067352,157.10530650180607,160.27597045898438,8391400,0.0,0.0
2020-04-27 00:00:00-04:00,161.54995039635372,165.0941947494172,161.45416909430648,164.52902221679688,9903300,0.0,0.0
2020-04-28 00:00:00-04:00,167.63265567974452,167.64222942673376,163.2071582470497,164.04052734375,8614400,0.0,0.0
2020-04-29 00:00:00-04:00,169.40479180508603,174.57745117863007,168.68636608007108,174.13681030273438,12862800,0.0,0.0
2020-04-30 00:00:00-04:00,174.127219250007,174.17511721686293,170.18067233672153,171.196044921875,11331600,0.0,0.0
2020-05-01 00:00:00-04:00,167.10579107082071,172.07729854460987,166.93337594327957,168.17864990234375,10109600,0.0,0.0
2020-05-04 00:00:00-04:00,165.66895771449862,169.49098756700815,164.49074370021526,168.73423767089844,9386200,0.0,0.0
2020-05-05 00:00:00-04:00,171.55050156190606,173.47589209453375,170.7554419085121,170.92787170410156,13513000,0.0,0.0
2020-05-06 00:00:00-04:00,172.1539539809225,172.91068927416975,170.39141980149475,171.25352478027344,8540500,0.0,0.0
2020-05-07 00:00:00-04:00,174.09851426394465,177.19253053488518,174.06020465351133,175.02767944335938,9262200,0.0,0.0
2020-05-08 00:00:00-04:00,177.24041036210787,177.93010021056782,175.88976652417307,177.29788208007812,6470100,0.0,0.0
2020-05-11 00:00:00-04:00,176.12920702706288,176.84763259283346,173.79192684779775,175.83226013183594,8683100,0.0,0.0
2020-05-12 00:00:00-04:00,175.83228563290552,176.2441906175504,171.81867855141306,171.9144744873047,8219700,0.0,0.0
2020-05-13 00:00:00-04:00,171.27157569036783,173.75668915716227,167.95168324340264,169.91867065429688,13377100,0.3,0.0
2020-05-14 00:00:00-04:00,168.81529621805623,173.7183668940853,166.7811504938169,173.57443237304688,9695100,0.0,0.0
2020-05-15 00:00:00-04:00,172.69165363334326,176.68319674137828,171.62660281944162,176.0595245361328,10785900,0.0,0.0
2020-05-18 00:00:00-04:00,180.3869494222741,185.0213605712526,179.87841291698214,183.6300811767578,11802200,0.0,0.0
2020-05-19 00:00:00-04:00,183.39972010181293,186.62365634460946,181.56706268765126,181.69180297851562,7446800,0.0,0.0
2020-05-20 00:00:00-04:00,185.18442307948118,187.0938428679609,184.61831877144343,186.0095977783203,9545600,0.0,0.0
2020-05-21 00:00:00-04:00,185.66413468847477,185.77927055203787,182.32506287724414,182.9007568359375,11338100,0.0,0.0
2020-05-22 00:00:00-04:00,183.26541834433266,183.62043043824224,181.5670907345745,183.13108825683594,5807600,0.0,0.0
2020-05-26 00:00:00-04:00,187.8710472715343,188.32201570961473,184.9541444107212,185.39552307128906,9662200,0.0,0.0
2020-05-27 00:00:00-04:00,186.44138687906596,186.44138687906596,180.88586018537865,185.01173400878906,7650300,0.0,0.0
2020-05-28 00:00:00-04:00,185.70258785856328,190.26023652513155,184.9062116071199,186.3934326171875,8352200,0.0,0.0
2020-05-29 00:00:00-04:00,186.623716545102,188.7730129472394,185.45311931118334,187.33375549316406,10211900,0.0,0.0
2020-06-01 00:00:00-04:00,186.82518916509792,187.94780804291062,185.6833760915184,186.47976684570312,6011300,0.0,0.0
2020-06-02 00:00:00-04:00,188.00538069577772,189.52140009991288,187.02668165951184,188.4083709716797,8462100,0.0,0.0
2020-06-03 00:00:00-04:00,189.98198087873018,190.11631098664546,187.65039086829722,188.89773559570312,8879400,0.0,0.0
2020-06-04 00:00:00-04:00,188.0437608373464,188.50433371764117,185.29957631600732,185.79852294921875,7829800,0.0,0.0
2020-06-05 00:00:00-04:00,188.25486385803157,191.6803034770254,187.56401913892162,191.5267791748047,8561200,0.0,0.0
2020-06-08 00:00:00-04:00,191.4979719420279,191.86258845530094,189.14718808318372,191.5171661376953,7628100,0.0,0.0
2020-06-09 00:00:00-04:00,190.32737436089096,193.50333293383738,190.2122384689765,191.01821899414062,6892300,0.0,0.0
2020-06-10 00:00:00-04:00,191.80501192438385,193.9926817913328,190.89348525330212,192.3615264892578,8405300,0.0,0.0
2020-06-11 00:00:00-04:00,187.23775668264736,188.4083536511265,181.1065219042141,181.23126220703125,11974600,0.0,0.0
2020-06-12 00:00:00-04:00,186.34544190757046,187.10344429117225,180.2429905235154,184.47439575195312,11706300,0.0,0.0
2020-06-15 00:00:00-04:00,179.42742124468148,184.68550414213715,178.66941879478082,183.99465942382812,6752700,0.0,0.0
2020-06-16 00:00:00-04:00,188.88813073215383,190.34658224510653,184.03303839552515,185.06930541992188,11057200,0.0,0.0
2020-06-17 00:00:00-04:00,185.81768178922422,187.45842661032003,185.24197311884134,185.7217254638672,5968900,0.0,0.0
2020-06-18 00:00:00-04:00,184.80065283025633,186.38383008660784,184.3304901503109,186.05760192871094,5803200,0.0,0.0
2020-06-19 00:00:00-04:00,188.91690431026873,189.1184067654018,183.6204335795791,184.4168243408203,11483300,0.0,0.0
2020-06-22 00:00:00-04:00,184.21531800426828,188.40834898065657,183.54365298194648,187.06504821777344,6674500,0.0,0.0
2020-06-23 00:00:00-04:00,188.30280618509312,192.04486883382046,187.8902261724121,189.95315551757812,9866800,0.0,0.0
2020-06-24 00:00:00-04:00,189.0416358786704,189.48299987863217,182.96796886360568,183.6588134765625,9453100,0.0,0.0
2020-06-25 00:00:00-04:00,183.3614067434841,186.37425178205382,182.2099890597431,186.12477111816406,9936600,0.0,0.0
2020-06-26 00:00:00-04:00,185.28038927947298,186.26867808710358,181.4231757478099,181.60548400878906,11836000,0.0,0.0
2020-06-29 00:00:00-04:00,182.21960758181285,183.69723891700582,179.71529881536821,183.6300811767578,8020400,0.0,0.0
2020-06-30 00:00:00-04:00,183.7355429457545,185.9040180925305,182.45940005820103,185.34750366210938,9040100,0.0,0.0
2020-07-01 00:00:00-04:00,186.00003369982443,187.43929107287167,184.858220507999,185.932861328125,6394100,0.0,0.0
2020-07-02 00:00:00-04:00,188.06291515319342,189.90516236105387,187.10341048404447,187.74627685546875,6299300,0.0,0.0
2020-07-06 00:00:00-04:00,190.6823993651376,191.11417362993177,187.75590657349318,189.75167846679688,7292200,0.0,0.0
2020-07-07 00:00:00-04:00,188.8401388216889,190.84550035555398,185.96162439918652,186.33583068847656,7660100,0.0,0.0
2020-07-08 00:00:00-04:00,187.18024407651114,187.6024286346598,185.2996077649994,187.170654296875,8368000,0.0,0.0
2020-07-09 00:00:00-04:00,187.10343404112592,187.57359665892085,182.2579319236795,184.42642211914062,8548200,0.0,0.0
2020-07-10 00:00:00-04:00,183.8890615364606,185.0116948683841,181.76856444478096,184.75262451171875,7674200,0.0,0.0
2020-07-13 00:00:00-04:00,185.7697397137887,187.28575917547474,181.05856725664117,181.36561584472656,8564100,0.0,0.0
2020-07-14 00:00:00-04:00,181.8261629074808,185.63539820404264,179.600104703365,185.50106811523438,8003900,0.0,0.0
2020-07-15 00:00:00-04:00,187.32419016702002,189.76134149677176,186.62375549263996,188.5907440185547,7681100,0.0,0.0
2020-07-16 00:00:00-04:00,187.42008016579027,187.78469668620434,184.72387393653509,185.6641845703125,5064000,0.0,0.0
2020-07-17 00:00:00-04:00,186.94033807833083,187.65037696234145,185.2995782867062,187.18980407714844,6395000,0.0,0.0
2020-07-20 00:00:00-04:00,186.85398846429229,191.40203229499792,185.8273111993412,190.4329376220703,6985300,0.0,0.0
2020-07-21 00:00:00-04:00,191.90099058650426,192.06410467159677,187.75592216221162,188.52352905273438,7218700,0.0,0.0
2020-07-22 00:00:00-04:00,188.5235178279452,190.94147426481618,188.30283580135767,190.80714416503906,6823400,0.0,0.0
2020-07-23 00:00:00-04:00,190.40410663311786,192.8124580534382,188.47549290081017,189.43499755859375,6106700,0.0,0.0
2020-07-24 00:00:00-04:00,187.74627623767591,189.48297734058008,186.1726891710848,187.24732971191406,7160300,0.0,0.0
2020-07-27 00:00:00-04:00,187.25694764592322,189.79962933799337,186.3358166580923,188.9360809326172,5604700,0.0,0.0
2020-07-28 00:00:00-04:00,189.6845217011695,191.2964828688137,188.74421102004374,188.7729949951172,6897300,0.0,0.0
2020-07-29 00:00:00-04:00,185.2707807163246,190.83591155653565,185.23240696581567,190.53846740722656,9471300,0.0,0.0
2020-07-30 00:00:00-04:00,187.2953425042042,188.60026967686835,184.3400658296153,186.20150756835938,10499400,0.0,0.0
2020-07-31 00:00:00-04:00,186.54694159499812,186.806012018409,181.76861127467123,182.68972778320312,14180800,0.0,0.0
2020-08-03 00:00:00-04:00,184.03297666759903,185.5106072410389,182.50736793821005,182.96792602539062,11405200,0.0,0.0
2020-08-04 00:00:00-04:00,183.3901897069331,185.12689136109313,182.38270655967537,184.50320434570312,8204000,0.0,0.0
2020-08-05 00:00:00-04:00,185.72172441387343,190.154631371769,185.28036045783756,188.15887451171875,8876800,0.0,0.0
2020-08-06 00:00:00-04:00,188.04376778530755,190.86471455759258,186.9019546021557,190.72079467773438,7480300,0.0,0.0
2020-08-07 00:00:00-04:00,189.58855782545558,189.96276412742753,187.39129818380113,188.4083709716797,5654000,0.0,0.0
2020-08-10 00:00:00-04:00,188.40834285953835,190.27937409022422,187.42005419305093,188.8209228515625,5525400,0.0,0.0
2020-08-11 00:00:00-04:00,189.80926967792513,194.67395199307066,188.3891918595585,189.76129150390625,11549600,0.0,0.0
2020-08-12 00:00:00-04:00,190.94146733591177,192.12165421547564,190.21224891228118,190.69200134277344,5432500,0.0,0.0
2020-08-13 00:00:00-04:00,189.43311262203133,192.13339452128437,189.33701123208093,189.86553955078125,7014800,0.3,0.0
2020-08-14 00:00:00-04:00,189.31781381247757,190.3364388304746,188.12623852763815,188.96226501464844,5014400,0.0,0.0
2020-08-17 00:00:00-04:00,189.59653099368833,192.6331540195183,189.02957074415554,191.6433563232422,6256200,0.0,0.0
2020-08-18 00:00:00-04:00,192.1718740887162,192.28719871795028,189.13526589520455,191.23974609375,6519900,0.0,0.0
2020-08-19 00:00:00-04:00,191.15324087840858,194.9201841778697,191.1340176653203,193.14242553710938,9467600,0.0,0.0
2020-08-20 00:00:00-04:00,192.09500096406364,196.4577471993899,191.80672604090694,196.17906188964844,8849200,0.0,0.0
2020-08-21 00:00:00-04:00,196.515399917356,197.13041085135907,195.40068801728256,196.15985107421875,9998300,0.0,0.0
2020-08-24 00:00:00-04:00,197.00546841278484,198.3892465850014,196.67874708407157,198.35081481933594,6159600,0.0,0.0
2020-08-25 00:00:00-04:00,199.10036526401473,200.07092500558602,197.51477994796255,199.97483825683594,5828300,0.0,0.0
2020-08-26 00:00:00-04:00,199.97480846287212,202.56938490083,199.20604127232528,202.0504608154297,7035200,0.0,0.0
2020-08-27 00:00:00-04:00,202.96340013210244,203.895513396874,200.8877329116879,202.79042053222656,8619600,0.0,0.0
2020-08-28 00:00:00-04:00,203.72253833637114,207.72011619266135,202.97299432119365,207.28768920898438,7349800,0.0,0.0
2020-08-31 00:00:00-04:00,207.12430075759247,207.52791489064475,203.29970273512527,203.71292114257812,9326900,0.0,0.0
2020-09-01 00:00:00-04:00,203.92436305508875,205.53876117726514,202.87691046782564,205.0198516845703,5642900,0.0,0.0
2020-09-02 00:00:00-04:00,205.76936694976624,208.86364424698186,205.4234224487417,208.02760314941406,9863800,0.0,0.0
2020-09-03 00:00:00-04:00,206.53811334348876,206.53811334348876,199.0042273925856,200.8012237548828,11310200,0.0,0.0
2020-09-04 00:00:00-04:00,200.34960476791235,202.28111992173328,192.33522526227523,196.6691436767578,13243600,0.0,0.0
2020-09-08 00:00:00-04:00,192.9405846616907,194.3531899844332,191.43189261636806,192.3063507080078,14186900,0.0,0.0
2020-09-09 00:00:00-04:00,196.37126037681642,198.23550171171723,194.06495840147807,196.0925750732422,7532600,0.0,0.0
2020-09-10 00:00:00-04:00,196.86132316940046,198.91776713197368,192.62350635050856,193.6709442138672,7243000,0.0,0.0
2020-09-11 00:00:00-04:00,193.70941220822888,194.50700703591477,191.14366277274215,192.84454345703125,7439000,0.0,0.0
2020-09-14 00:00:00-04:00,195.41026114807192,198.3507819451693,195.20845408848055,196.9766082763672,11730500,0.0,0.0
2020-09-15 00:00:00-04:00,198.67750524332823,200.08050641164573,196.7748178840058,197.37060546875,6328600,0.0,0.0
2020-09-16 00:00:00-04:00,198.6679119972238,199.63847161060446,196.94779372969973,197.1207733154297,6135000,0.0,0.0
2020-09-17 00:00:00-04:00,194.92981493521722,197.55321915474465,194.11299695411472,197.2553253173828,7474900,0.0,0.0
2020-09-18 00:00:00-04:00,197.44752146129622,197.68776032863482,193.8439384512171,194.69918823242188,9084100,0.0,0.0
2020-09-21 00:00:00-04:00,192.10457226957107,193.39224881710575,187.0979888422568,189.74061584472656,9656000,0.0,0.0
2020-09-22 00:00:00-04:00,190.35564138763922,192.873354370533,189.11601544030617,192.7292022705078,7543100,0.0,0.0
2020-09-23 00:00:00-04:00,192.9598315705476,193.23850216217284,186.9730840207415,187.74183654785156,6310600,0.0,0.0
2020-09-24 00:00:00-04:00,187.53045335237925,189.95206523270144,185.58933386814473,187.88601684570312,9865300,0.0,0.0
2020-09-25 00:00:00-04:00,187.4055202866908,190.40369634770437,185.9544682942522,189.54844665527344,5496100,0.0,0.0
2020-09-28 00:00:00-04:00,192.79644417741756,193.84388181384918,192.02767709394928,192.49855041503906,5565300,0.0,0.0
2020-09-29 00:00:00-04:00,192.7484580558017,194.47818090730652,191.58569543636813,191.65296936035156,5513500,0.0,0.0
2020-09-30 00:00:00-04:00,193.0079534264648,194.63195620227648,191.1244738494183,192.1623077392578,9157600,0.0,0.0
2020-10-01 00:00:00-04:00,194.31478979643813,197.1880369384953,193.76703820299338,195.4102783203125,7234600,0.0,0.0
2020-10-02 00:00:00-04:00,192.19106917784546,194.91057456627377,191.61449010510597,193.5940704345703,6019700,0.0,0.0
2020-10-05 00:00:00-04:00,194.7953000702267,195.6985859428306,193.20011038659794,195.59288024902344,6090500,0.0,0.0
2020-10-06 00:00:00-04:00,196.14062041612615,197.09197160452416,191.91242223816855,192.62351989746094,5841100,0.0,0.0
2020-10-07 00:00:00-04:00,194.11297080715656,194.87211904324045,192.18145593078037,194.5646209716797,6713400,0.0,0.0
2020-10-08 00:00:00-04:00,196.03489660625368,196.32318615151303,194.33400148593748,195.05471801757812,3955600,0.0,0.0
2020-10-09 00:00:00-04:00,196.03491651639126,198.99466113316157,195.7274037267449,198.57183837890625,5562900,0.0,0.0
2020-10-12 00:00:00-04:00,198.86011064504535,199.84989352316836,197.69734817204787,198.3411865234375,6622700,0.0,0.0
2020-10-13 00:00:00-04:00,195.43913721450488,197.19768756545196,195.10279691925157,196.34243774414062,5621700,0.0,0.0
2020-10-14 00:00:00-04:00,196.71715228386904,196.96699536587187,193.27693078868597,194.30514526367188,5320000,0.0,0.0
2020-10-15 00:00:00-04:00,193.16163839682358,196.70756614543646,189.88479164840422,191.75865173339844,8885500,0.0,0.0
2020-10-16 00:00:00-04:00,192.1814553368561,194.73758528579364,191.62409950442205,192.44090270996094,6385900,0.0,0.0
2020-10-19 00:00:00-04:00,193.00788455423137,193.21929590059383,188.82772298926315,189.2793731689453,7449600,0.0,0.0
2020-10-20 00:00:00-04:00,189.8367737861087,191.8643906039678,189.0295746349372,189.9809112548828,7427000,0.0,0.0
2020-10-21 00:00:00-04:00,190.1058238171448,192.5946949840094,190.1058238171448,190.68238830566406,6067200,0.0,0.0
2020-10-22 00:00:00-04:00,191.55684826886107,191.97006672070287,188.11662613505925,190.2595672607422,4908200,0.0,0.0
2020-10-23 00:00:00-04:00,191.9508150055372,192.07574388268642,188.36645595738554,190.27874755859375,5877200,0.0,0.0
2020-10-26 00:00:00-04:00,188.34726969875055,188.75086923140017,183.2734260554174,185.53167724609375,12608700,0.0,0.0
2020-10-27 00:00:00-04:00,185.46437105624605,186.13703682695606,181.83196123139803,182.63916015625,8690400,0.0,0.0
2020-10-28 00:00:00-04:00,176.7965394980324,177.48842843819295,172.33770780756052,173.80796813964844,17809500,0.0,0.0
2020-10-29 00:00:00-04:00,175.8548429963254,179.69866470116312,172.337742617275,177.65182495117188,16820900,0.0,0.0
2020-10-30 00:00:00-04:00,175.52810851127757,177.02719651769576,172.23202402171674,174.61520385742188,10252900,0.0,0.0
2020-11-02 00:00:00-05:00,177.3058709515099,179.62177692423919,176.71008331121195,177.5269012451172,8057100,0.0,0.0
2020-11-03 00:00:00-05:00,179.53524540760623,182.12982127846013,177.9304521294743,180.9862823486328,6467900,0.0,0.0
2020-11-04 00:00:00-05:00,185.35869650390197,189.19291403511934,184.05179650298462,186.3965301513672,8102700,0.0,0.0
2020-11-05 00:00:00-05:00,190.61513743811,193.14245514660794,189.5869079939773,189.92324829101562,7132100,0.0,0.0
2020-11-06 00:00:00-05:00,189.64455980683604,191.88357305328805,187.79951247942472,190.7208251953125,6180500,0.0,0.0
2020-11-09 00:00:00-05:00,206.30750619808734,209.15192581949697,203.9916002881522,204.3759765625,17916900,0.0,0.0
2020-11-10 00:00:00-05:00,203.66489529492102,205.70211610549975,202.3291678395483,204.9813995361328,7943600,0.0,0.0
2020-11-11 00:00:00-05:00,203.88589746772075,205.91351386877483,203.40541978655168,204.39520263671875,5337200,0.0,0.0
2020-11-12 00:00:00-05:00,203.48094706949237,204.5492154479925,199.35224287886854,200.4301300048828,7302500,0.32,0.0
2020-11-13 00:00:00-05:00,202.01805768950325,203.33654536417276,199.50618476933326,202.56661987304688,6377500,0.0,0.0
2020-11-16 00:00:00-05:00,206.50287486117853,207.00331398386177,203.8658846381282,204.7031707763672,12083200,0.0,0.0
2020-11-17 00:00:00-05:00,202.64362508683018,204.11610087810132,201.62347999589545,202.78799438476562,7268800,0.0,0.0
2020-11-18 00:00:00-05:00,201.83523818896123,203.2114679746031,199.86230832136982,200.01629638671875,6977900,0.0,0.0
2020-11-19 00:00:00-05:00,199.44845740725557,200.88242886991205,197.8027413669319,199.76605224609375,5657200,0.0,0.0
2020-11-20 00:00:00-05:00,199.3426088336573,200.28575999654169,196.147422690872,196.2147979736328,9653500,0.0,0.0
2020-11-23 00:00:00-05:00,197.00395563231717,201.14229282360455,197.00395563231717,200.33387756347656,6101900,0.0,0.0
2020-11-24 00:00:00-05:00,202.9227625707229,205.78110184080867,201.527265893964,201.79673767089844,10110800,0.0,0.0
2020-11-25 00:00:00-05:00,201.78709423893363,203.98137254560828,201.01716867683,202.9612274169922,6772900,0.0,0.0
2020-11-27 00:00:00-05:00,204.02948084826718,204.05835176980503,200.95941225381048,203.06707763671875,3512900,0.0,0.0
2020-11-30 00:00:00-05:00,201.66198455693953,202.62438787381646,198.83253114081316,202.44154357910156,7725500,0.0,0.0
2020-12-01 00:00:00-05:00,204.15462526220202,205.63671994470783,203.10559446066816,203.25958251953125,8047900,0.0,0.0
2020-12-02 00:00:00-05:00,203.06707072185444,203.45202611932223,200.64181059950752,202.27789306640625,9728900,0.0,0.0
2020-12-03 00:00:00-05:00,201.89293493226774,203.17293290490295,199.804521824844,200.2279815673828,9203300,0.0,0.0
2020-12-04 00:00:00-05:00,201.85447604024327,204.72243379951854,200.67070939264917,204.68392944335938,5720100,0.0,0.0
2020-12-07 00:00:00-05:00,204.0006326066953,206.43551182780422,203.83702580475583,204.65505981445312,10624500,0.0,0.0
2020-12-08 00:00:00-05:00,202.0565692428149,205.11701936314813,201.99882739461955,204.7705535888672,8646200,0.0,0.0
2020-12-09 00:00:00-05:00,205.21328244695815,205.47313548891577,201.0941968775396,201.7005157470703,6251100,0.0,0.0
2020-12-10 00:00:00-05:00,200.67067661902198,201.43098333534624,199.4580539300183,199.8045196533203,10492000,0.0,0.0
2020-12-11 00:00:00-05:00,197.6391187057731,199.11159440436296,196.81145137907296,198.4860382080078,9227600,0.0,0.0
2020-12-14 00:00:00-05:00,200.03551665804966,203.35580485504215,199.18859711883476,199.45806884765625,11967700,0.0,0.0
2020-12-15 00:00:00-05:00,200.69957747364555,201.56574925364532,198.40906760833747,200.52635192871094,9796100,0.0,0.0
2020-12-16 00:00:00-05:00,200.6418395150004,201.26741048242357,199.3522225940124,200.4397430419922,7504400,0.0,0.0
2020-12-17 00:00:00-05:00,201.1423088417164,203.81778909551988,200.99795420702247,203.24034118652344,6517200,0.0,0.0
2020-12-18 00:00:00-05:00,203.0863422522612,204.01024116827827,201.97956968012372,203.3654327392578,13298200,0.0,0.0
2020-12-21 00:00:00-05:00,200.4397474318486,201.91222336502287,197.09057324041223,201.15191650390625,7576700,0.0,0.0
2020-12-22 00:00:00-05:00,200.5552362492582,200.56485499624966,197.8701373276542,198.10110473632812,7396200,0.0,0.0
2020-12-23 00:00:00-05:00,199.53508321538197,199.53508321538197,197.39854665820678,197.58140563964844,6523100,0.0,0.0
2020-12-24 00:00:00-05:00,198.8709978879597,200.969044513164,198.83250822116943,200.85354614257812,3367900,0.0,0.0
2020-12-28 00:00:00-05:00,201.96035354019494,205.43463030141305,201.0941816941061,204.63583374023438,5816200,0.0,0.0
2020-12-29 00:00:00-05:00,206.5413763697403,207.14769515845325,205.51159777209193,206.31039428710938,6093400,0.0,0.0
2020-12-30 00:00:00-05:00,207.87911819069728,212.10406819985383,207.5422711529186,210.150390625,8875100,0.0,0.0
2020-12-31 00:00:00-05:00,210.18890534684078,211.55553115405016,208.07162071661966,210.50650024414062,5922200,0.0,0.0
2021-01-04 00:00:00-05:00,211.96932651181734,211.96932651181734,206.18528797400242,209.57293701171875,10318300,0.0,0.0
2021-01-05 00:00:00-05:00,208.17747368186224,210.24664976891043,205.607858408321,206.4451446533203,6869700,0.0,0.0
2021-01-06 00:00:00-05:00,205.76189511876984,208.04278697926563,204.09694098235835,204.62625122070312,7206200,0.0,0.0
2021-01-07 00:00:00-05:00,204.22196876317327,207.1284307191817,204.22196876317327,205.7714385986328,10967900,0.0,0.0
2021-01-08 00:00:00-05:00,206.11791740494382,207.99460094303967,204.75130645194304,207.34979248046875,6513000,0.0,0.0
2021-01-11 00:00:00-05:00,205.91582599044773,206.78198312620057,204.49145846772535,204.88604736328125,7353100,0.0,0.0
2021-01-12 00:00:00-05:00,204.3567124606786,204.78979100709518,199.6698131058141,201.00755310058594,9331600,0.0,0.0
2021-01-13 00:00:00-05:00,201.53686782186352,203.06708546277315,200.78619446273396,201.4791259765625,6688500,0.0,0.0
2021-01-14 00:00:00-05:00,202.6532284047756,203.26916580316131,194.14557381537125,194.27069091796875,12887500,0.0,0.0
2021-01-15 00:00:00-05:00,193.96274115913056,195.61807589505557,192.89447298286623,194.0108642578125,8755000,0.0,0.0
2021-01-19 00:00:00-05:00,195.41598702901936,196.49387399283825,192.54802939451065,194.0782470703125,9772000,0.0,0.0
2021-01-20 00:00:00-05:00,195.3967666305008,199.4003684116879,194.6268409517939,198.2647247314453,12675700,0.0,0.0
2021-01-21 00:00:00-05:00,198.30321980127914,199.38110688990105,197.05209246763718,197.42742919921875,6513500,0.0,0.0
2021-01-22 00:00:00-05:00,196.32063334796052,197.61025010689264,194.21296799793012,194.42469787597656,7316200,0.0,0.0
2021-01-25 00:00:00-05:00,192.80787533606158,194.0590025743644,188.39044767365718,193.42381286621094,19282400,0.0,0.0
2021-01-26 00:00:00-05:00,194.17445353468455,195.83942155126465,193.4141615104611,194.41505432128906,9605300,0.0,0.0
2021-01-27 00:00:00-05:00,190.20938552827946,192.19193395481216,186.66774847216448,187.6397705078125,13772400,0.0,0.0
2021-01-28 00:00:00-05:00,192.48063938190128,194.4054457757203,190.719439769344,190.76756286621094,11041300,0.0,0.0
2021-01-29 00:00:00-05:00,190.3826573643096,195.41602329165465,185.56100668548032,185.98446655273438,21503000,0.0,0.0
2021-02-01 00:00:00-05:00,187.80338853917763,191.72037721017432,187.68790483677702,190.90232849121094,12970700,0.0,0.0
2021-02-02 00:00:00-05:00,193.29872901140968,196.66714091572024,192.48068024631863,194.9925537109375,11305100,0.0,0.0
2021-02-03 00:00:00-05:00,195.43523629328806,195.85868139054222,193.42380232706643,193.78952026367188,13458600,0.0,0.0
2021-02-04 00:00:00-05:00,195.5988206562387,201.79668458024642,195.4640848032191,201.3828582763672,14534800,0.0,0.0
2021-02-05 00:00:00-05:00,202.08542865430084,202.2297979516735,200.81506401104807,200.92092895507812,10284000,0.0,0.0
2021-02-08 00:00:00-05:00,202.10470837894044,202.7302646974979,198.16848210684367,199.11163330078125,8637100,0.0,0.0
2021-02-09 00:00:00-05:00,198.02408781177365,199.82379187858635,196.04153946260243,198.75552368164062,7619400,0.0,0.0
2021-02-10 00:00:00-05:00,200.15103436274856,200.15103436274856,198.1973566542015,198.67855834960938,8467600,0.0,0.0
2021-02-11 00:00:00-05:00,199.84484641083498,203.9510439722634,199.70990136537694,203.05462646484375,8411100,0.32,0.0
2021-02-12 00:00:00-05:00,201.8015841970809,203.50768691573248,200.1822287248246,202.3799285888672,6911000,0.0,0.0
2021-02-16 00:00:00-05:00,203.05462273612642,203.4305421207069,199.8641248066011,200.39425659179688,9652700,0.0,0.0
2021-02-17 00:00:00-05:00,197.84957194822536,200.76054616910943,197.6567954128087,200.01834106445312,8373200,0.0,0.0
2021-02-18 00:00:00-05:00,198.44720592181073,202.12928642525497,197.56042205863616,201.79193115234375,7328600,0.0,0.0
2021-02-19 00:00:00-05:00,201.7822354852169,201.96537830572558,196.40368736646914,197.3386688232422,15011500,0.0,0.0
2021-02-22 00:00:00-05:00,196.2013232201247,203.04498609264212,195.77720600111368,200.7991180419922,8337700,0.0,0.0
2021-02-23 00:00:00-05:00,199.91235221085353,206.18733486977916,199.09304809259118,204.4523162841797,10571700,0.0,0.0
2021-02-24 00:00:00-05:00,204.69327829286257,212.56831928006147,203.66190088486576,211.50802612304688,12039000,0.0,0.0
2021-02-25 00:00:00-05:00,211.3730664851634,212.49119106312418,204.9053227970213,206.0330810546875,11404300,0.0,0.0
2021-02-26 00:00:00-05:00,206.32225655890753,207.44038115489332,203.1317582839395,204.72218322753906,11730000,0.0,0.0
2021-03-01 00:00:00-05:00,207.20900894330876,209.93684013552496,207.03549977685554,208.80908203125,6982000,0.0,0.0
2021-03-02 00:00:00-05:00,209.12717324388035,210.062140131897,207.06443352572103,207.98013305664062,6155200,0.0,0.0
2021-03-03 00:00:00-05:00,207.38252599268435,209.34888498452383,205.17520735147164,207.09336853027344,6484600,0.0,0.0
2021-03-04 00:00:00-05:00,208.17292621723612,209.1850214461382,201.13647213523512,203.8643035888672,10658900,0.0,0.0
2021-03-05 00:00:00-05:00,206.01377772877896,208.29822446331107,202.061807394899,207.6331329345703,7582000,0.0,0.0
2021-03-08 00:00:00-05:00,209.1464722833799,217.96614310035736,208.01871399030574,212.3177032470703,14750400,0.0,0.0
2021-03-09 00:00:00-05:00,214.0430568622062,216.8769176055168,212.2405734090818,212.40443420410156,9228600,0.0,0.0
2021-03-10 00:00:00-05:00,212.75141534852435,216.09614018942133,211.47906384007567,215.1129608154297,7822900,0.0,0.0
2021-03-11 00:00:00-05:00,216.42385791392886,219.990274954689,215.72985068667867,217.98536682128906,10053400,0.0,0.0
2021-03-12 00:00:00-05:00,217.14676291885766,218.36126811211724,215.3539135147673,216.25997924804688,8172400,0.0,0.0
2021-03-15 00:00:00-04:00,216.13471439038165,218.89146160017847,213.73461922739813,215.20938110351562,9306100,0.0,0.0
2021-03-16 00:00:00-04:00,215.63347385376227,217.43595711828812,214.27437511574266,216.5877227783203,8949300,0.0,0.0
2021-03-17 00:00:00-04:00,216.92514035928323,218.07218076421304,213.75390927413508,214.9684295654297,8675600,0.0,0.0
2021-03-18 00:00:00-04:00,213.43573267475378,214.4863917157896,211.6525318237112,212.69354248046875,9321800,0.0,0.0
2021-03-19 00:00:00-04:00,211.20920202078887,212.22129727281072,199.41110678643108,199.4303741455078,32209700,0.0,0.0
2021-03-22 00:00:00-04:00,199.09299816337946,204.62575947204851,198.7845439553348,200.4906463623047,11371600,0.0,0.0
2021-03-23 00:00:00-04:00,201.50275513532108,202.37990530236925,200.0087112183735,200.63523864746094,8820700,0.0,0.0
2021-03-24 00:00:00-04:00,201.213609765742,203.51732427845616,200.42320672985983,200.55816650390625,10101600,0.0,0.0
2021-03-25 00:00:00-04:00,200.1725740502558,201.28106490026858,198.35080852747885,200.4617462158203,8390800,0.0,0.0
2021-03-26 00:00:00-04:00,200.7316223344997,205.98485992940354,200.2014758525392,205.8209991455078,7399900,0.0,0.0
2021-03-29 00:00:00-04:00,204.77999871866822,207.51746379180705,203.4980134177903,206.765625,7792300,0.0,0.0
2021-03-30 00:00:00-04:00,205.31977408422816,206.41861650089825,203.7775471125001,204.24984741210938,5498000,0.0,0.0
2021-03-31 00:00:00-04:00,204.87641680465995,206.38009455314193,203.91251930353985,204.0860137939453,13180000,0.0,0.0
2021-04-01 00:00:00-04:00,206.06195637415675,209.87899601946378,204.63539253851494,209.03076171875,6138400,0.0,0.0
2021-04-05 00:00:00-04:00,210.70794712038204,212.5489797107324,209.46451141736782,211.13204956054688,10440500,0.0,0.0
2021-04-06 00:00:00-04:00,209.76333620002003,211.47907230311208,207.56565142284805,210.7561492919922,7828100,0.0,0.0
2021-04-07 00:00:00-04:00,211.20916634952368,213.05984735395998,210.7464997753909,211.353759765625,5614300,0.0,0.0
2021-04-08 00:00:00-04:00,212.02853666956523,214.77565045905624,210.23568671080358,212.732177734375,11042000,0.0,0.0
2021-04-09 00:00:00-04:00,213.021337206683,214.56357901532442,211.58512470623452,214.48646545410156,5724900,0.0,0.0
2021-04-12 00:00:00-04:00,212.2887603383353,213.89846716820412,211.30558091071194,213.47434997558594,6315200,0.0,0.0
2021-04-13 00:00:00-04:00,213.0212910570118,213.61890264213545,212.26945238285475,213.0405731201172,4764000,0.0,0.0
2021-04-14 00:00:00-04:00,213.02129665889703,215.04548680895357,212.1248792576382,213.96591186523438,4972600,0.0,0.0
2021-04-15 00:00:00-04:00,215.80698831676108,219.41196988792632,215.77807257139108,218.11070251464844,8698100,0.0,0.0
2021-04-16 00:00:00-04:00,218.96856439886054,219.57582445021262,217.60946557340907,218.2360076904297,6829400,0.0,0.0
2021-04-19 00:00:00-04:00,217.59983253446404,219.3637664967022,216.95402305778234,217.6383819580078,6541600,0.0,0.0
2021-04-20 00:00:00-04:00,216.664855493395,217.24319981415022,213.8117274377005,215.21900939941406,5799100,0.0,0.0
2021-04-21 00:00:00-04:00,215.2479146599865,219.6432842183261,214.8237974731456,219.2384490966797,9490600,0.0,0.0
2021-04-22 00:00:00-04:00,219.09386957506214,222.59280693787215,218.69866813350725,219.3541259765625,7303000,0.0,0.0
2021-04-23 00:00:00-04:00,220.35659427993485,223.45071153287654,219.48909246736085,221.6964111328125,5345200,0.0,0.0
2021-04-26 00:00:00-04:00,222.4386382512134,224.53992781753797,221.23376633256606,222.02415466308594,5650000,0.0,0.0
2021-04-27 00:00:00-04:00,222.68919468167923,222.8145060386942,220.7228506378526,221.60963439941406,6642100,0.0,0.0
2021-04-28 00:00:00-04:00,222.61210702706495,227.74004838014133,222.34221692510383,225.0218505859375,10111400,0.0,0.0
2021-04-29 00:00:00-04:00,226.73760397094085,228.92565540608925,224.73269541338271,228.3087615966797,7411400,0.0,0.0
2021-04-30 00:00:00-04:00,226.8243528199351,227.41231613920854,223.90373004315077,225.1278839111328,10260200,0.0,0.0
2021-05-03 00:00:00-04:00,225.60018806288127,227.22917701240786,223.03621746431168,224.21217346191406,8174400,0.0,0.0
2021-05-04 00:00:00-04:00,223.2386531086124,224.00012561514728,221.91810361371674,223.6531219482422,5884500,0.0,0.0
2021-05-05 00:00:00-04:00,225.40740444510453,225.40740444510453,220.40477477288937,220.93492126464844,6523200,0.0,0.0
2021-05-06 00:00:00-04:00,221.3397610672392,223.21935802507596,220.4047794278192,222.96875,6124100,0.0,0.0
2021-05-07 00:00:00-04:00,223.9518962301376,224.80013056475053,222.3807536249504,223.73983764648438,4528700,0.0,0.0
2021-05-10 00:00:00-04:00,223.2386678203281,223.6242209387832,217.03116554100336,217.81192016601562,9627400,0.0,0.0
2021-05-11 00:00:00-04:00,215.6623971256418,218.24563494877577,214.02375987387677,217.33956909179688,7633300,0.0,0.0
2021-05-12 00:00:00-04:00,215.55639577718952,216.87693060366792,212.3562491191528,212.66470336914062,7721300,0.0,0.0
2021-05-13 00:00:00-04:00,213.82303825839222,217.0953961075382,213.22455853761235,215.9756622314453,6650100,0.32,0.0
2021-05-14 00:00:00-04:00,217.98346209851064,219.6148023031901,217.11468561625153,219.06459045410156,4777200,0.0,0.0
2021-05-17 00:00:00-04:00,218.3309834358619,219.27698559941172,217.50084171852518,218.58197021484375,5534200,0.0,0.0
2021-05-18 00:00:00-04:00,220.46430363320525,221.22688220568048,217.60701644608545,217.74217224121094,6900000,0.0,0.0
2021-05-19 00:00:00-04:00,215.02969194715658,217.04717516174802,214.09335207994692,216.7961883544922,9311900,0.0,0.0
2021-05-20 00:00:00-04:00,217.61667270619617,219.7017188599,217.42361615032087,218.58197021484375,7478600,0.0,0.0
2021-05-21 00:00:00-04:00,219.00666547443208,221.3523309433879,218.68811558433896,218.90048217773438,5603900,0.0,0.0
2021-05-24 00:00:00-04:00,220.03957760447338,222.1246238856654,219.73069004204046,221.36204528808594,4040100,0.0,0.0
2021-05-25 00:00:00-04:00,221.9219005574315,222.20184509495044,220.4932643095322,221.07244873046875,4689100,0.0,0.0
2021-05-26 00:00:00-04:00,220.13609667380464,221.39098636312005,218.52405162471695,219.1901092529297,4295600,0.0,0.0
2021-05-27 00:00:00-04:00,219.8561427982493,220.49324265284966,218.5143799264959,218.9873809814453,5969600,0.0,0.0
2021-05-28 00:00:00-04:00,219.69206970608715,221.4682136940798,219.26733641998632,219.41213989257812,5779700,0.0,0.0
2021-06-01 00:00:00-04:00,221.47789541979583,222.0956853273142,218.42755130736685,218.76541137695312,5091500,0.0,0.0
2021-06-02 00:00:00-04:00,221.26551328856863,225.0205202995582,220.840779995106,221.69024658203125,9081100,0.0,0.0
2021-06-03 00:00:00-04:00,221.05312969729857,222.39489264646502,219.86581788469238,220.1940155029297,6382400,0.0,0.0
2021-06-04 00:00:00-04:00,221.3909859145229,222.69412869252963,220.79249145294992,222.153564453125,5085700,0.0,0.0
2021-06-07 00:00:00-04:00,224.7695217483943,226.5360031564784,222.09564363268893,223.29261779785156,5421300,0.0,0.0
2021-06-08 00:00:00-04:00,224.09382011167423,224.76954017940074,222.1728874158721,223.99729919433594,4170600,0.0,0.0
2021-06-09 00:00:00-04:00,224.43166938024527,226.70012440332388,224.06485161584848,224.24826049804688,4659000,0.0,0.0
2021-06-10 00:00:00-04:00,225.01083537305846,226.13056919038942,224.0744956936576,225.83132934570312,4452500,0.0,0.0
2021-06-11 00:00:00-04:00,226.25607829180458,227.26964360305413,225.59968306807468,226.80630493164062,5378300,0.0,0.0
2021-06-14 00:00:00-04:00,226.55529730282498,227.05725607605885,223.53392645047782,225.95681762695312,5805800,0.0,0.0
2021-06-15 00:00:00-04:00,226.30436043798994,226.6518681458661,224.54751182337384,224.89501953125,7093800,0.0,0.0
2021-06-16 00:00:00-04:00,225.51277872760485,226.05334292655454,220.0878119362273,221.63229370117188,8905400,0.0,0.0
2021-06-17 00:00:00-04:00,221.25584872859264,225.242517428639,221.25584872859264,224.09381103515625,6876700,0.0,0.0
2021-06-18 00:00:00-04:00,222.45278998666657,224.12275041779,221.26547827095325,222.4141845703125,8840000,0.0,0.0
2021-06-21 00:00:00-04:00,223.41813857966997,226.85459586364672,222.40457309935084,226.1885528564453,7298400,0.0,0.0
2021-06-22 00:00:00-04:00,226.16923541703468,227.89711167675821,225.14602229604247,227.74266052246094,8858400,0.0,0.0
2021-06-23 00:00:00-04:00,227.27929394306406,227.7329849474316,225.82170001730572,226.5360107421875,6814700,0.0,0.0
2021-06-24 00:00:00-04:00,228.77550616917142,229.9821280371523,227.24068668812478,228.04188537597656,4611500,0.0,0.0
2021-06-25 00:00:00-04:00,228.19630975252377,230.20413020252352,228.11909891880117,229.0843963623047,7825200,0.0,0.0
2021-06-28 00:00:00-04:00,229.74083954433655,230.09799495967252,223.81391259232166,225.96652221679688,9301700,0.0,0.0
2021-06-29 00:00:00-04:00,226.42981672675788,228.3121436987562,226.02437885961734,227.7619171142578,11897700,0.0,0.0
2021-06-30 00:00:00-04:00,226.95108355007275,228.19631077690332,225.7058563232422,225.7058563232422,7797100,0.0,0.0
2021-07-01 00:00:00-04:00,226.07268583908137,228.0515487849747,225.92789709664095,226.98971557617188,5329600,0.0,0.0
2021-07-02 00:00:00-04:00,227.64610214979103,230.49372671582145,227.6364544777118,230.34893798828125,4383700,0.0,0.0
2021-07-06 00:00:00-04:00,231.18874268218173,232.26022345664367,228.97821796998264,231.2852783203125,8048700,0.0,0.0
2021-07-07 00:00:00-04:00,231.92240457778195,232.67533555504926,230.03042946079805,231.6714324951172,4366100,0.0,0.0
2021-07-08 00:00:00-04:00,228.7465555495388,228.84309119369328,226.41053730785907,228.3990478515625,6388000,0.0,0.0
2021-07-09 00:00:00-04:00,230.47444886510706,231.14050656345455,229.1809536206692,230.19451904296875,5615900,0.0,0.0
2021-07-12 00:00:00-04:00,229.33538087597378,230.23310047723814,229.03614100888566,229.6153106689453,7010700,0.0,0.0
2021-07-13 00:00:00-04:00,229.98212429915662,234.065328509842,229.98212429915662,233.93984985351562,8079200,0.0,0.0
2021-07-14 00:00:00-04:00,234.77965879194005,238.24507327694965,234.39354568420165,237.4535369873047,8693400,0.0,0.0
2021-07-15 00:00:00-04:00,236.7970985366636,240.16599170401557,236.7970985366636,239.92466735839844,10135100,0.0,0.0
2021-07-16 00:00:00-04:00,241.31471401967724,241.76840499799906,238.93042814782254,239.5095977783203,8674500,0.0,0.0
2021-07-19 00:00:00-04:00,235.5229513988558,235.96698001756613,230.60957574036806,232.0671844482422,11474600,0.0,0.0
2021-07-20 00:00:00-04:00,232.28916912710565,235.73528796530294,231.19837833586624,234.27767944335938,7072300,0.0,0.0
2021-07-21 00:00:00-04:00,234.84722138996307,238.33194594071776,233.89158629537565,235.2043914794922,11241400,0.0,0.0
2021-07-22 00:00:00-04:00,235.3202016934283,236.83572569886482,234.712059611085,235.66770935058594,10293600,0.0,0.0
2021-07-23 00:00:00-04:00,238.19679055524884,241.33400722949833,238.19679055524884,240.3783721923828,6766000,0.0,0.0
2021-07-26 00:00:00-04:00,240.561801405925,241.6718876620589,239.10419272419836,241.56570434570312,4879000,0.0,0.0
2021-07-27 00:00:00-04:00,240.54251377782037,243.90174533621789,239.60617391783603,242.2221221923828,7038300,0.0,0.0
2021-07-28 00:00:00-04:00,241.3726354144362,242.77231380063347,237.37630447623278,238.3705596923828,9036500,0.0,0.0
2021-07-29 00:00:00-04:00,239.4999982639166,241.69122803287414,238.52505294918237,239.31658935546875,7495300,0.0,0.0
2021-07-30 00:00:00-04:00,238.6311963889851,239.83781823836472,237.4631799579066,237.8396453857422,5804700,0.0,0.0
2021-08-02 00:00:00-04:00,237.69485839548727,239.2296778641083,230.09795716027878,231.4590301513672,9989500,0.0,0.0
2021-08-03 00:00:00-04:00,232.27954238344245,233.01316318167895,225.90857298501214,228.8623809814453,9839000,0.0,0.0
2021-08-04 00:00:00-04:00,228.7755201750051,229.30643677527402,226.89319289157143,228.45697021484375,8171800,0.0,0.0
2021-08-05 00:00:00-04:00,228.39903815795876,231.9127204086949,228.22527695170965,231.87411499023438,5337500,0.0,0.0
2021-08-06 00:00:00-04:00,231.67140127392562,234.18118067943487,231.53626021235334,233.02281188964844,4509700,0.0,0.0
2021-08-09 00:00:00-04:00,233.36070335706074,233.77577427023013,229.78910505194895,231.6714324951172,5226900,0.0,0.0
2021-08-10 00:00:00-04:00,232.163724456349,232.96492324560668,227.38550420023068,229.80841064453125,7185700,0.0,0.0
2021-08-11 00:00:00-04:00,229.8180501121554,230.0883322567996,226.43950857483077,226.90284729003906,7375700,0.0,0.0
2021-08-12 00:00:00-04:00,226.08120936376775,226.29386549343496,223.30703360313208,224.0513153076172,9867000,0.32,0.0
2021-08-13 00:00:00-04:00,224.2543060743296,225.48190920722686,223.67433214163884,224.88259887695312,5445400,0.0,0.0
2021-08-16 00:00:00-04:00,224.45730984236235,227.6181251216422,222.51440741910463,227.50213623046875,7575900,0.0,0.0
2021-08-17 00:00:00-04:00,227.1541538479956,227.8017830698955,225.4335831392226,226.69984436035156,6850500,0.0,0.0
2021-08-18 00:00:00-04:00,226.11023650512513,226.52588799514675,223.74203629248757,223.89669799804688,4996500,0.0,0.0
2021-08-19 00:00:00-04:00,221.39313847991303,224.66995749108744,221.2578131866538,223.83868408203125,5761300,0.0,0.0
2021-08-20 00:00:00-04:00,224.1286639785655,224.4089901487664,222.6110884772426,223.6356964111328,5522200,0.0,0.0
2021-08-23 00:00:00-04:00,224.93096539280185,226.81585882569127,224.25433887193793,226.32289123535156,6342000,0.0,0.0
2021-08-24 00:00:00-04:00,227.19281936773103,228.30443368762766,226.1392142444344,226.41954040527344,5081800,0.0,0.0
2021-08-25 00:00:00-04:00,227.15418823227787,227.15418823227787,224.33167838671827,224.82464599609375,5277100,0.0,0.0
2021-08-26 00:00:00-04:00,224.37997867023574,224.86328538188533,222.46607347257108,222.82373046875,5889100,0.0,0.0
2021-08-27 00:00:00-04:00,223.30705240894383,225.26927661210814,222.54341949282494,224.92129516601562,6369000,0.0,0.0
2021-08-30 00:00:00-04:00,224.92128715814164,225.86856421403093,222.2437637585175,223.51002502441406,6448000,0.0,0.0
2021-08-31 00:00:00-04:00,223.2007246744588,224.0996681411094,221.0258443204123,221.45115661621094,9405100,0.0,0.0
2021-09-01 00:00:00-04:00,221.45115288832434,223.0750564456538,221.1321686718451,222.4370880126953,8177600,0.0,0.0
2021-09-02 00:00:00-04:00,222.73673833579997,222.8527419835937,214.54953568479266,216.69540405273438,19708800,0.0,0.0
2021-09-03 00:00:00-04:00,216.5214188023447,219.71124622564233,215.89312594216764,217.5943603515625,11532000,0.0,0.0
2021-09-07 00:00:00-04:00,219.1699773055368,220.38790515584134,218.31935260093172,218.71566772460938,9662600,0.0,0.0
2021-09-08 00:00:00-04:00,219.78856657840046,222.53374518157003,219.45990680247698,221.44146728515625,10652600,0.0,0.0
2021-09-09 00:00:00-04:00,221.65409549583157,222.32106103884388,219.51788834287615,219.89486694335938,5853000,0.0,0.0
2021-09-10 00:00:00-04:00,222.17608863533377,222.35973278588352,217.31402457203598,217.40101623535156,6715400,0.0,0.0
2021-09-13 00:00:00-04:00,218.00033256725123,219.6145752763688,215.95111675077754,217.13038635253906,6808100,0.0,0.0
2021-09-14 00:00:00-04:00,217.48801559389003,218.27097009013204,214.85882595876257,215.5837860107422,6575700,0.0,0.0
2021-09-15 00:00:00-04:00,215.09079809682464,217.33333330871764,213.96952311620385,216.3377227783203,6535800,0.0,0.0
2021-09-16 00:00:00-04:00,216.38608357321723,217.6813420328261,215.31314207324857,216.84039306640625,5928500,0.0,0.0
2021-09-17 00:00:00-04:00,215.02315354757346,216.2314203294202,211.97832715705985,214.34652709960938,13787400,0.0,0.0
2021-09-20 00:00:00-04:00,209.71644577835266,213.13825065977534,209.08813823065282,212.70327758789062,8822600,0.0,0.0
2021-09-21 00:00:00-04:00,213.37992775482755,214.75251713965898,211.6690177490135,212.8192901611328,7033600,0.0,0.0
2021-09-22 00:00:00-04:00,214.00820684292083,216.61807489536042,213.71823461429454,215.31314086914062,6005900,0.0,0.0
2021-09-23 00:00:00-04:00,217.488012049304,221.06447863091145,216.86938007167106,220.6875,7952700,0.0,0.0
2021-09-24 00:00:00-04:00,221.28682151743956,224.20599841781373,220.98717369227876,223.85801696777344,6461200,0.0,0.0
2021-09-27 00:00:00-04:00,223.98363318368865,225.53988117365404,221.13212692239384,221.93441772460938,6881100,0.0,0.0
2021-09-28 00:00:00-04:00,221.22881555174874,221.22881555174874,216.52141277067847,218.02932739257812,6951400,0.0,0.0
2021-09-29 00:00:00-04:00,219.22794212473244,221.37382524898476,218.54164005823588,219.1119384765625,6432700,0.0,0.0
2021-09-30 00:00:00-04:00,219.9818854915787,221.15147947863906,215.1971519776901,215.31314086914062,7128500,0.0,0.0
2021-10-01 00:00:00-04:00,216.6857549189405,223.8290283706789,216.00912839259996,222.76576232910156,7925400,0.0,0.0
2021-10-04 00:00:00-04:00,222.3210925111209,222.64007671812416,213.43791258523697,217.22703552246094,10283400,0.0,0.0
2021-10-05 00:00:00-04:00,217.95200169883776,219.7885761466143,216.44408704129245,216.7920684814453,5814000,0.0,0.0
2021-10-06 00:00:00-04:00,214.62685309163098,219.05394465115216,213.8632349233143,218.94761657714844,5420900,0.0,0.0
2021-10-07 00:00:00-04:00,221.26749193327015,223.44237223070235,220.86151604767159,222.8527374267578,6561900,0.0,0.0
2021-10-08 00:00:00-04:00,223.28768538812105,224.95992236532248,222.49505535597336,222.58206176757812,3735200,0.0,0.0
2021-10-11 00:00:00-04:00,222.33076048812333,222.6304230553851,217.36236780736502,217.5943603515625,5620200,0.0,0.0
2021-10-12 00:00:00-04:00,218.02931357303783,218.6672819493587,215.4774548171041,216.56973266601562,5448200,0.0,0.0
2021-10-13 00:00:00-04:00,215.68048146742498,218.31933227204394,211.33072058648406,215.03285217285156,9076000,0.0,0.0
2021-10-14 00:00:00-04:00,216.63737951249422,218.11629675961836,215.6127717203009,217.6619873046875,5590500,0.0,0.0
2021-10-15 00:00:00-04:00,219.6338938159161,223.3746828840883,219.16024794901782,223.2780303955078,6355100,0.0,0.0
2021-10-18 00:00:00-04:00,222.4950770947142,224.98894156847658,220.52319214418273,222.9493865966797,5580200,0.0,0.0
2021-10-19 00:00:00-04:00,224.20598161609246,225.8395606688813,222.9783784330354,225.72357177734375,4409700,0.0,0.0
2021-10-20 00:00:00-04:00,225.66556408729124,225.99420909359304,223.58733648999544,223.69366455078125,5401800,0.0,0.0
2021-10-21 00:00:00-04:00,222.9977192530923,223.1233837209833,218.74462598641284,222.55308532714844,5982200,0.0,0.0
2021-10-22 00:00:00-04:00,222.60140601700255,225.04695162705838,221.0741697378416,223.51002502441406,3788000,0.0,0.0
2021-10-25 00:00:00-04:00,225.65592748850335,227.01885611688118,224.53465224461723,226.0715789794922,4938700,0.0,0.0
2021-10-26 00:00:00-04:00,227.666465171731,229.0487300777663,223.60669162316339,224.08033752441406,7814500,0.0,0.0
2021-10-27 00:00:00-04:00,217.24637536578877,217.24637536578877,208.45986254489875,208.5758514404297,22958100,0.0,0.0
2021-10-28 00:00:00-04:00,211.93001973738652,212.64531907044025,202.03189172700016,202.8341827392578,23199400,0.0,0.0
2021-10-29 00:00:00-04:00,202.2251943647664,206.53628183632273,201.57755041226704,204.69972229003906,14329800,0.0,0.0
2021-11-01 00:00:00-04:00,206.36229455537944,208.0635287841038,204.39039501249363,205.36668395996094,13210300,0.0,0.0
2021-11-02 00:00:00-04:00,206.04332184858893,206.22698075980168,200.8816096830066,202.15753173828125,14688700,0.0,0.0
2021-11-03 00:00:00-04:00,202.68913319553903,203.13376702748909,199.8279515078028,201.1522216796875,11486700,0.0,0.0
2021-11-04 00:00:00-04:00,202.17688817132475,205.2700484975145,200.92994846602596,201.8095703125,11368200,0.0,0.0
2021-11-05 00:00:00-04:00,204.87375499264706,210.36412805562765,204.30345649339733,209.43617248535156,14273600,0.0,0.0
2021-11-08 00:00:00-05:00,211.07938567952357,214.21121873528904,210.8667295291681,213.1286163330078,13500100,0.0,0.0
2021-11-09 00:00:00-05:00,212.35530784780443,213.05127070079763,205.81133076449208,206.26564025878906,11535000,0.0,0.0
2021-11-10 00:00:00-05:00,206.78368774101108,210.07595309415916,206.57065724195044,208.72999572753906,10063600,0.375,0.0
2021-11-11 00:00:00-05:00,209.61119386357885,209.91136921344352,203.50112727664057,203.7528839111328,13546900,0.0,0.0
2021-11-12 00:00:00-05:00,204.79863175229664,206.8127288163263,204.73084260708322,205.36993408203125,7660500,0.0,0.0
2021-11-15 00:00:00-05:00,206.85144079238125,209.54335524815662,205.0987930469283,205.57327270507812,9596900,0.0,0.0
2021-11-16 00:00:00-05:00,205.43771410645127,208.81712400288825,204.9535566060733,208.3620147705078,8719600,0.0,0.0
2021-11-17 00:00:00-05:00,199.4244982396852,200.7414074086287,193.14014249679119,198.5626983642578,38379600,0.0,0.0
2021-11-18 00:00:00-05:00,199.9570693189378,201.2836562855919,194.89278545342071,196.88751220703125,18292200,0.0,0.0
2021-11-19 00:00:00-05:00,195.63840874835057,197.05215552995122,193.51781073892707,194.4958038330078,18032600,0.0,0.0
2021-11-22 00:00:00-05:00,193.663038536829,195.30917140932857,188.43414240646152,189.38308715820312,21185800,0.0,0.0
2021-11-23 00:00:00-05:00,190.72903877365667,192.61725038580497,188.22110604841055,192.2008819580078,14742700,0.0,0.0
2021-11-24 00:00:00-05:00,191.89097111759338,197.4878303246678,191.37776537812664,196.8100128173828,12026800,0.0,0.0
2021-11-26 00:00:00-05:00,187.1946602826004,192.87866452526308,186.44905360590639,191.387451171875,10987600,0.0,0.0
2021-11-29 00:00:00-05:00,194.63134269963427,194.87342148408655,189.17004591340344,190.07057189941406,14633500,0.0,0.0
2021-11-30 00:00:00-05:00,189.0829048645605,191.39717749902363,186.45876428767244,187.63043212890625,16023000,0.0,0.0
2021-12-01 00:00:00-05:00,189.8188323005845,190.57411699376405,184.07673011072978,184.13482666015625,13204900,0.0,0.0
2021-12-02 00:00:00-05:00,185.91649165883874,193.1207580746692,185.77125030985638,192.00718688964844,13976300,0.0,0.0
2021-12-03 00:00:00-05:00,191.98783609501666,192.18149615700898,187.89185264606647,190.09962463378906,10660500,0.0,0.0
2021-12-06 00:00:00-05:00,192.47198654355623,197.74930060874402,191.47462322450653,196.25808715820312,10722100,0.0,0.0
2021-12-07 00:00:00-05:00,199.47289738193697,201.35143091550657,199.36638213698257,200.7994842529297,11897200,0.0,0.0
2021-12-08 00:00:00-05:00,201.080318457276,202.84264426702507,199.19210695564635,202.36817932128906,11749200,0.0,0.0
2021-12-09 00:00:00-05:00,201.91306387186592,205.4764562609344,200.6058326085748,204.69212341308594,10176800,0.0,0.0
2021-12-10 00:00:00-05:00,205.18597029703034,207.46151676443304,204.17892906218347,206.63844299316406,8882700,0.0,0.0
2021-12-13 00:00:00-05:00,205.71851512022414,206.56095920238945,203.3267759309222,204.33383178710938,8844300,0.0,0.0
2021-12-14 00:00:00-05:00,204.0530491126563,206.60940053881882,201.84529173439398,203.32681274414062,9832300,0.0,0.0
2021-12-15 00:00:00-05:00,202.76516174753672,205.75726642501942,201.2739630997125,205.5829620361328,10892500,0.0,0.0
2021-12-16 00:00:00-05:00,208.46856117351714,209.4175206543349,204.90516853022976,207.5777130126953,8548400,0.0,0.0
2021-12-17 00:00:00-05:00,206.05745884803218,206.45447159014242,201.2061906793122,205.16661071777344,11578400,0.0,0.0
2021-12-20 00:00:00-05:00,202.46498476714265,203.12344666644762,200.30564640129674,202.12608337402344,9434400,0.0,0.0
2021-12-21 00:00:00-05:00,203.93682777888966,209.31097911671088,203.69474902290958,208.55569458007812,6993700,0.0,0.0
2021-12-22 00:00:00-05:00,207.07417962635165,212.00289969129116,207.07417962635165,211.053955078125,6003400,0.0,0.0
2021-12-23 00:00:00-05:00,211.5187646227854,211.59623160815036,209.7564239501953,209.7564239501953,4798200,0.0,0.0
2021-12-27 00:00:00-05:00,210.7828094490125,211.20887042790167,208.07153917483558,210.73440551757812,4818400,0.0,0.0
2021-12-28 00:00:00-05:00,209.16574217714674,212.76787557844932,208.7493737708336,211.14111328125,4279800,0.0,0.0
2021-12-29 00:00:00-05:00,210.86025052246057,212.00286980505876,210.44388220125722,211.25726318359375,3223100,0.0,0.0
2021-12-30 00:00:00-05:00,211.06368008826715,212.20628501203103,210.26965447657898,210.9668426513672,3812800,0.0,0.0
2021-12-31 00:00:00-05:00,209.9403895370681,211.0733164044265,208.66222131824668,209.84356689453125,4723300,0.0,0.0
2022-01-03 00:00:00-05:00,210.62785575629843,215.02399878785323,210.1340057138269,214.41395568847656,7694500,0.0,0.0
2022-01-04 00:00:00-05:00,214.96596074706468,219.60418375934185,214.781978506699,215.41139221191406,10629300,0.0,0.0
2022-01-05 00:00:00-05:00,215.5856632883819,218.13233661153672,212.95184515633895,213.02931213378906,9594600,0.0,0.0
2022-01-06 00:00:00-05:00,210.89903518329223,214.87881090037476,210.6569564043342,212.78724670410156,7877500,0.0,0.0
2022-01-07 00:00:00-05:00,210.42456428135995,213.22299449245133,208.8074797431475,210.08566284179688,10702100,0.0,0.0
2022-01-10 00:00:00-05:00,207.20004629746737,207.41307678641658,199.95705399913876,205.2537384033203,11978600,0.0,0.0
2022-01-11 00:00:00-05:00,204.72115296095913,208.13930368609041,202.12607588563708,207.58737182617188,8803100,0.0,0.0
2022-01-12 00:00:00-05:00,207.68420600113927,210.68598854045447,207.03543669625552,208.875244140625,6923300,0.0,0.0
2022-01-13 00:00:00-05:00,209.97908679519153,213.49405974826863,207.85847485245444,208.1876983642578,8867700,0.0,0.0
2022-01-14 00:00:00-05:00,207.38403704443476,211.33476430832235,206.93862038581952,207.86819458007812,8838100,0.0,0.0
2022-01-18 00:00:00-05:00,209.03985592467177,210.03721923557075,207.53896465501415,208.875244140625,9099300,0.0,0.0
2022-01-19 00:00:00-05:00,206.25115187229358,211.31543658164617,205.38935187567088,207.87791442871094,9399800,0.0,0.0
2022-01-20 00:00:00-05:00,207.9166061866231,212.64198830119201,207.161321638844,207.55833435058594,8532700,0.0,0.0
2022-01-21 00:00:00-05:00,208.63317731807587,208.7687408406545,199.29862037323372,199.40512084960938,16200200,0.0,0.0
2022-01-24 00:00:00-05:00,195.7739529992933,196.29685146265552,189.45085615284333,195.4544219970703,16054000,0.0,0.0
2022-01-25 00:00:00-05:00,193.2950453479212,198.87254948620821,190.74838681633602,195.59963989257812,12125500,0.0,0.0
2022-01-26 00:00:00-05:00,197.80738285058231,204.1788971893854,197.21671012201398,199.3470001220703,10817600,0.0,0.0
2022-01-27 00:00:00-05:00,202.86201024762983,204.27575677245147,199.32766609854917,199.61814880371094,12009800,0.0,0.0
2022-01-28 00:00:00-05:00,213.64904848125298,220.8920414755121,209.25290431710891,220.77584838867188,26425300,0.0,0.0
2022-01-31 00:00:00-05:00,218.40343365602712,219.20713681448612,215.01433142834645,219.0037841796875,12380600,0.0,0.0
2022-02-01 00:00:00-05:00,219.7107039065951,227.1764202917668,219.2459167668569,224.99771118164062,12247200,0.0,0.0
2022-02-02 00:00:00-05:00,223.97127065892371,228.3771070253683,222.72213598899305,227.96072387695312,10590500,0.0,0.0
2022-02-03 00:00:00-05:00,225.65611626773176,226.09186982865407,223.2450214255527,224.20364379882812,9968000,0.0,0.0
2022-02-04 00:00:00-05:00,221.26001867880493,222.92552197079766,217.82249683398328,221.15350341796875,10848100,0.0,0.0
2022-02-07 00:00:00-05:00,220.7758138927524,222.63497686828526,218.84886177694386,219.96243286132812,5984500,0.0,0.0
2022-02-08 00:00:00-05:00,219.09095074703518,221.2599817073938,217.62880038834467,220.7177276611328,7542000,0.0,0.0
2022-02-09 00:00:00-05:00,222.8383726192517,225.76267376580296,222.8286800114437,223.55491638183594,7772800,0.0,0.0
2022-02-10 00:00:00-05:00,221.16411190357329,223.0262997392285,218.09925461600702,218.79757690429688,6794600,0.375,0.0
2022-02-11 00:00:00-05:00,220.407584312126,222.2018873978843,216.80928456477622,217.92466735839844,7535200,0.0,0.0
2022-02-14 00:00:00-05:00,216.56682120467622,220.4172872819653,216.10127795584933,218.5550994873047,8280800,0.0,0.0
2022-02-15 00:00:00-05:00,220.426976067969,222.38614384903886,218.13803433224084,220.96041870117188,9461700,0.0,0.0
2022-02-16 00:00:00-05:00,220.6500507670472,222.95839449547972,218.80726505400827,221.93031311035156,9561300,0.0,0.0
2022-02-17 00:00:00-05:00,221.52296991979597,221.9206285508624,217.42033751457274,217.8470916748047,8131200,0.0,0.0
2022-02-18 00:00:00-05:00,217.83738799970547,218.94306245479794,215.16048104574782,215.98489379882812,8121200,0.0,0.0
2022-02-22 00:00:00-05:00,214.36515788031875,217.58518597510562,213.2982726324171,214.6561279296875,9928800,0.0,0.0
2022-02-23 00:00:00-05:00,216.13040599632004,217.52705075225026,208.9338199116818,209.44786071777344,8669900,0.0,0.0
2022-02-24 00:00:00-05:00,197.24656307948305,211.300277251441,195.38437569178538,210.75714111328125,13463400,0.0,0.0
2022-02-25 00:00:00-05:00,210.74746838316898,214.03539608929262,207.79900822048367,212.66786193847656,8463600,0.0,0.0
2022-02-28 00:00:00-05:00,209.4963498083826,212.0665537358269,206.81945733304318,209.61273193359375,8409400,0.0,0.0
2022-03-01 00:00:00-05:00,208.0220844373322,208.6719092156311,201.03887666527302,202.67799377441406,9317800,0.0,0.0
2022-03-02 00:00:00-05:00,200.67033008761263,204.20073076710668,199.9817161492227,202.2027587890625,8865700,0.0,0.0
2022-03-03 00:00:00-05:00,204.21044575413714,205.1318387603292,200.34057736890517,200.9904022216797,8610000,0.0,0.0
2022-03-04 00:00:00-05:00,198.82754421403595,200.1562894078682,190.9326364650235,194.2593536376953,10912300,0.0,0.0
2022-03-07 00:00:00-05:00,193.82292915545352,194.15268839944724,184.32770692815654,184.9581298828125,13412400,0.0,0.0
2022-03-08 00:00:00-05:00,184.28885769231132,190.50585830725092,181.04942751705167,185.93768310546875,11070900,0.0,0.0
2022-03-09 00:00:00-05:00,190.5834629278864,194.4630245142047,189.3614063559632,193.74530029296875,8457600,0.0,0.0
2022-03-10 00:00:00-05:00,190.9714567612383,193.91993252754816,190.38953127006192,192.00924682617188,7061600,0.0,0.0
2022-03-11 00:00:00-05:00,194.7054904489261,194.7927770297859,190.54466730173263,190.78713989257812,5432100,0.0,0.0
2022-03-14 00:00:00-04:00,192.4456624163165,198.27469872646543,192.19349622563826,194.29815673828125,7994700,0.0,0.0
2022-03-15 00:00:00-04:00,196.00513812713,200.19507156093528,195.3359114148401,199.93319702148438,8277700,0.0,0.0
2022-03-16 00:00:00-04:00,203.6770167932387,207.23651335841691,200.76734512476384,205.49070739746094,9232300,0.0,0.0
2022-03-17 00:00:00-04:00,203.60912849465336,207.11043418599417,202.43556914510904,207.0231475830078,6668500,0.0,0.0
2022-03-18 00:00:00-04:00,205.3258035863176,212.65817295904066,203.95825451142062,212.5126953125,14620800,0.0,0.0
2022-03-21 00:00:00-04:00,209.82608456597757,211.49429722983083,208.0899872701173,210.5050048828125,6101500,0.0,0.0
2022-03-22 00:00:00-04:00,211.28088640984652,212.95880718121498,210.6407552993597,211.8919219970703,6259900,0.0,0.0
2022-03-23 00:00:00-04:00,208.81743717180018,210.74750988359295,207.75055165320475,208.21609497070312,6008000,0.0,0.0
2022-03-24 00:00:00-04:00,208.51675332947056,211.106359056988,207.5565564554839,210.7668914794922,5487000,0.0,0.0
2022-03-25 00:00:00-04:00,211.843486354174,212.33812519336138,209.19568936899802,211.85317993164062,5051400,0.0,0.0
2022-03-28 00:00:00-04:00,211.92104069266068,214.32636460796243,210.9608439219386,214.12269592285156,4316800,0.0,0.0
2022-03-29 00:00:00-04:00,218.07017936901303,221.92064588918186,217.0420977932338,221.2514190673828,8032500,0.0,0.0
2022-03-30 00:00:00-04:00,219.0400318564502,219.35040387038836,216.0236722929928,217.20693969726562,7084000,0.0,0.0
2022-03-31 00:00:00-04:00,217.16813971456827,219.11761388163035,213.80261920372695,215.0925750732422,10759500,0.0,0.0
2022-04-01 00:00:00-04:00,216.36314854321415,219.8062623647661,215.53873579743663,219.5443878173828,6559600,0.0,0.0
2022-04-04 00:00:00-04:00,218.9624645136126,222.33769396365489,218.1865639865423,220.8828582763672,8521200,0.0,0.0
2022-04-05 00:00:00-04:00,220.00024070160748,222.0952075126308,218.52600315318148,219.2825164794922,4658000,0.0,0.0
2022-04-06 00:00:00-04:00,216.07221725425129,216.1595038525965,212.03746898248988,212.4157257080078,7430000,0.0,0.0
2022-04-07 00:00:00-04:00,211.736766701496,212.09562140666176,207.24616950181561,209.6417999267578,6995100,0.0,0.0
2022-04-08 00:00:00-04:00,208.34217775149986,212.80368001009572,206.66427131570669,210.44683837890625,5438600,0.0,0.0
2022-04-11 00:00:00-04:00,208.7689418592886,210.7572204559148,206.98434679082683,208.28399658203125,6942700,0.0,0.0
2022-04-12 00:00:00-04:00,209.98123616405292,210.45648770761767,204.35586983350612,205.0347900390625,7446600,0.0,0.0
2022-04-13 00:00:00-04:00,204.09405617860696,207.41109479927096,200.9322183932241,206.8485565185547,8052900,0.0,0.0
2022-04-14 00:00:00-04:00,207.81844421924202,209.44785317625417,206.13082940003252,206.38299560546875,8191600,0.0,0.0
2022-04-18 00:00:00-04:00,205.2967054930435,209.33145323272268,205.1512278483197,206.7515411376953,4744400,0.0,0.0
2022-04-19 00:00:00-04:00,206.68366174031178,209.9909769421137,206.04353048860023,209.2053680419922,5028800,0.0,0.0
2022-04-20 00:00:00-04:00,212.07625189899625,214.17121884803248,210.8444868688656,211.23243713378906,7178300,0.0,0.0
2022-04-21 00:00:00-04:00,212.900662919083,217.1778836681794,208.8659295995712,209.93280029296875,8850300,0.0,0.0
2022-04-22 00:00:00-04:00,209.7291070426932,210.0394642774253,201.6887072769906,201.90208435058594,6201100,0.0,0.0
2022-04-25 00:00:00-04:00,200.13689756954616,204.19103249200708,199.14760518011144,203.6284942626953,6839400,0.0,0.0
2022-04-26 00:00:00-04:00,200.7478975018695,202.28032600791147,195.04495239257812,195.04495239257812,8155300,0.0,0.0
2022-04-27 00:00:00-04:00,210.82506047733966,215.12168242011225,206.63514186430922,207.66322326660156,15955800,0.0,0.0
2022-04-28 00:00:00-04:00,213.76382550915972,218.1574275755424,212.66785948599207,214.01600646972656,10799100,0.0,0.0
2022-04-29 00:00:00-04:00,212.03745796812717,214.53977725286006,205.95625514294903,206.7127685546875,7965000,0.0,0.0
2022-05-02 00:00:00-04:00,205.39371349393028,205.75256823993098,200.72854259850342,205.1609344482422,8803700,0.0,0.0
2022-05-03 00:00:00-04:00,207.17829946011966,207.17829946011966,200.05930711433717,202.2803497314453,6616900,0.0,0.0
2022-05-04 00:00:00-04:00,203.0465363306587,208.33243540441399,199.14757325561567,208.0608673095703,7191100,0.0,0.0
2022-05-05 00:00:00-04:00,205.8786623413775,208.11910704766154,196.95567262485736,199.06033325195312,7749600,0.0,0.0
2022-05-06 00:00:00-04:00,197.61517152181327,199.5258568181442,194.1914595500707,196.7131805419922,8825300,0.0,0.0
2022-05-09 00:00:00-04:00,194.0265887077823,194.7055090671994,186.29656058851356,187.18885803222656,10314100,0.0,0.0
2022-05-10 00:00:00-04:00,190.78716579390812,191.79584539704894,185.21998902452705,187.75140380859375,11016500,0.0,0.0
2022-05-11 00:00:00-04:00,187.66410257167558,192.34867507315525,185.6370203476837,190.79684448242188,9427300,0.0,0.0
2022-05-12 00:00:00-04:00,189.03311093100126,190.51987611264946,184.5825274753554,188.4889373779297,9308600,0.375,0.0
2022-05-13 00:00:00-04:00,191.43332901627718,194.87329195769686,190.94745762283486,193.60031127929688,6684500,0.0,0.0
2022-05-16 00:00:00-04:00,191.74432967823537,194.2902915110865,190.3450174310552,192.22047424316406,5161300,0.0,0.0
2022-05-17 00:00:00-04:00,197.11805153223824,199.01294720572005,194.49433386228824,198.2355499267578,7265600,0.0,0.0
2022-05-18 00:00:00-04:00,197.08887041418174,199.65427066470136,193.5031373171517,194.33883666992188,8748200,0.0,0.0
2022-05-19 00:00:00-04:00,190.801725368629,194.75671128246293,187.84761863332963,191.7928924560547,9012400,0.0,0.0
2022-05-20 00:00:00-04:00,194.027920779053,195.96169466455592,188.53757882381527,193.406005859375,6966600,0.0,0.0
2022-05-23 00:00:00-04:00,195.2036815455084,202.08362175447573,195.09678925363792,201.69491577148438,12187400,0.0,0.0
2022-05-24 00:00:00-04:00,198.14809606922398,198.8866153269753,193.40598602571612,196.90426635742188,7458500,0.0,0.0
2022-05-25 00:00:00-04:00,194.9218985418353,199.15869804394862,194.80529414238887,198.08006286621094,5457200,0.0,0.0
2022-05-26 00:00:00-04:00,199.314199519129,203.81337417780657,198.88663024345067,202.65699768066406,9212300,0.0,0.0
2022-05-27 00:00:00-04:00,204.06601490441324,207.20474041049505,203.71618685718659,206.86463928222656,4897200,0.0,0.0
2022-05-31 00:00:00-04:00,204.4352391467224,208.2930589496039,203.20112173474433,206.17465209960938,9586400,0.0,0.0
2022-06-01 00:00:00-04:00,206.058075517932,208.0598634282668,202.91935024573576,203.9979705810547,5246100,0.0,0.0
2022-06-02 00:00:00-04:00,205.90258623884074,209.1676427182796,205.11547692437563,208.97329711914062,5337200,0.0,0.0
2022-06-03 00:00:00-04:00,206.93262382450493,208.15702922756608,205.30010305724772,206.64109802246094,4352500,0.0,0.0
2022-06-06 00:00:00-04:00,209.36198166877418,211.4317985615399,206.0969252930227,206.92291259765625,3965100,0.0,0.0
2022-06-07 00:00:00-04:00,205.1543321544283,208.89554781009744,204.76564097122912,208.43882751464844,4493300,0.0,0.0
2022-06-08 00:00:00-04:00,207.71973458082203,209.4786014954758,206.8160208984697,207.4670867919922,3646300,0.0,0.0
2022-06-09 00:00:00-04:00,206.5828244374104,207.67118659392833,200.19848114380295,200.2859344482422,5138600,0.0,0.0
2022-06-10 00:00:00-04:00,195.9519350617734,197.67192401666705,193.5517290937525,193.87240600585938,5162500,0.0,0.0
2022-06-13 00:00:00-04:00,187.5366381304032,190.35468616639142,185.6806059245207,186.82725524902344,7119200,0.0,0.0
2022-06-14 00:00:00-04:00,187.27428426875295,188.8485029495775,186.33169251285645,188.0516815185547,6441200,0.0,0.0
2022-06-15 00:00:00-04:00,190.4421592654139,193.2116323142229,186.79812358414895,190.61708068847656,6490000,0.0,0.0
2022-06-16 00:00:00-04:00,186.0012908709273,186.44828425056886,182.2309241033544,183.70797729492188,9887200,0.0,0.0
2022-06-17 00:00:00-04:00,181.64785409690225,185.90409182798052,180.65668722804526,184.6408233642578,15089300,0.0,0.0
2022-06-21 00:00:00-04:00,190.17981778661357,191.17098491200267,188.25575608472056,188.89710998535156,6241600,0.0,0.0
2022-06-22 00:00:00-04:00,185.8458145163652,190.84057202320355,185.6320299095356,188.34320068359375,5138500,0.0,0.0
2022-06-23 00:00:00-04:00,190.59767037280426,191.88037824296862,187.9836793448414,191.0835418701172,4752800,0.0,0.0
2022-06-24 00:00:00-04:00,192.14269281461827,199.8291816461128,191.92890822006112,199.70285034179688,7754800,0.0,0.0
2022-06-27 00:00:00-04:00,199.9361027331193,201.23823466738176,196.8848306040759,197.8079833984375,6121200,0.0,0.0
2022-06-28 00:00:00-04:00,198.2355038419617,200.9466593556491,191.9191765136639,192.5216522216797,4354200,0.0,0.0
2022-06-29 00:00:00-04:00,191.74432418128023,194.97050303412732,191.74432418128023,193.8627166748047,4324600,0.0,0.0
2022-06-30 00:00:00-04:00,189.84942355160095,193.23109983874699,187.40064188830098,191.32647705078125,7045200,0.0,0.0
2022-07-01 00:00:00-04:00,191.2292324025395,194.154187312049,189.20802070889607,193.55169677734375,4131800,0.0,0.0
2022-07-05 00:00:00-04:00,190.68511185851358,194.90248746264487,188.6541726843217,194.87332153320312,4110200,0.0,0.0
2022-07-06 00:00:00-04:00,194.34858807641533,196.78765751883094,193.0561681863927,195.4369354248047,4111200,0.0,0.0
2022-07-07 00:00:00-04:00,196.81679537064588,197.68164593625724,194.38743818324093,197.0694580078125,4650700,0.0,0.0
2022-07-08 00:00:00-04:00,196.60302465905505,198.3327257821792,194.79558232698355,197.8177032470703,3621800,0.0,0.0
2022-07-11 00:00:00-04:00,196.2920786450469,200.8981456304039,196.2920786450469,199.26560974121094,5353600,0.0,0.0
2022-07-12 00:00:00-04:00,197.50672060533927,202.23910321276716,197.03056130382174,199.03236389160156,6779500,0.0,0.0
2022-07-13 00:00:00-04:00,194.766372258631,199.7611437150756,193.8626587112179,198.38125610351562,7597300,0.0,0.0
2022-07-14 00:00:00-04:00,194.34854953693048,200.2567472221673,192.38562503487455,200.091552734375,5605500,0.0,0.0
2022-07-15 00:00:00-04:00,203.45379247875093,205.7276819800726,201.32567329915008,204.1048583984375,7245700,0.0,0.0
2022-07-18 00:00:00-04:00,205.5236446052071,206.89380579453763,200.8009730296847,201.35487365722656,4648900,0.0,0.0
2022-07-19 00:00:00-04:00,202.3362905552915,208.05985515469416,202.02532573657405,207.62257385253906,4927100,0.0,0.0
2022-07-20 00:00:00-04:00,206.0094915291085,208.0793086180836,205.24182117444985,207.3407745361328,4460300,0.0,0.0
2022-07-21 00:00:00-04:00,207.1269937368004,210.7710296211749,206.71886349706483,210.0811004638672,4801300,0.0,0.0
2022-07-22 00:00:00-04:00,211.77192153230106,211.90797977182203,206.12609769697494,207.6614532470703,5071500,0.0,0.0
2022-07-25 00:00:00-04:00,208.51656992411623,208.73035452439902,205.6402047378866,208.21533203125,4357200,0.0,0.0
2022-07-26 00:00:00-04:00,207.80722769189458,209.0704816155787,205.7665616453554,206.48565673828125,6141000,0.0,0.0
2022-07-27 00:00:00-04:00,204.81426144013085,210.72246023189228,195.5146744858471,204.52273559570312,17432200,0.0,0.0
2022-07-28 00:00:00-04:00,204.68789425142458,206.7091209703353,202.0447527595889,205.37783813476562,7477100,0.0,0.0
2022-07-29 00:00:00-04:00,206.00951697814543,208.1084854267406,203.90083643744785,206.1164093017578,6059700,0.0,0.0
2022-08-01 00:00:00-04:00,202.5597828880282,207.9432462820614,201.69493239257616,205.38755798339844,8028400,0.0,0.0
2022-08-02 00:00:00-04:00,201.92816340696783,202.9387694278545,198.16750856524382,200.43167114257812,9939400,0.0,0.0
2022-08-03 00:00:00-04:00,202.11279897869895,204.38667366959857,201.0341638313308,202.5889434814453,9520100,0.0,0.0
2022-08-04 00:00:00-04:00,204.5810162205469,208.80810344983882,202.6569695744586,207.4379425048828,6789700,0.0,0.0
2022-08-05 00:00:00-04:00,204.7559444565685,209.84786755085048,204.55187193191387,209.77012634277344,5553700,0.0,0.0
2022-08-08 00:00:00-04:00,209.14816192814948,210.50861050558052,206.05802748459092,207.29214477539062,4063400,0.0,0.0
2022-08-09 00:00:00-04:00,206.0095025987331,207.4185268915494,203.82308099096352,204.31866455078125,4596800,0.0,0.0
2022-08-10 00:00:00-04:00,208.75952814896152,208.7692402399794,205.33898900294804,206.10667419433594,5746400,0.0,0.0
2022-08-11 00:00:00-04:00,207.63012206375763,207.83455603162764,205.00177233530488,205.47877502441406,6639600,0.375,0.0
2022-08-12 00:00:00-04:00,207.34785121695214,207.56201450511128,204.52481129686618,205.72216796875,6443700,0.0,0.0
2022-08-15 00:00:00-04:00,204.78761804415876,210.98859385863335,204.78761804415876,210.6770782470703,5290600,0.0,0.0
2022-08-16 00:00:00-04:00,208.85670723184631,211.83550473888343,206.50092609978506,211.3779754638672,6564400,0.0,0.0
2022-08-17 00:00:00-04:00,209.29474265304472,210.44342294797548,207.1044488345826,208.82748413085938,4902500,0.0,0.0
2022-08-18 00:00:00-04:00,208.1947466039924,210.26822973377614,206.79295602914607,209.5381317138672,4516400,0.0,0.0
2022-08-19 00:00:00-04:00,208.42835404525695,209.51862884862282,206.75399496644215,207.17259216308594,4178800,0.0,0.0
2022-08-22 00:00:00-04:00,204.36901910745408,205.64425447455704,202.67518652793524,203.07431030273438,5139500,0.0,0.0
2022-08-23 00:00:00-04:00,202.48048583157262,203.74599183879596,201.04949274820257,201.3123321533203,3525500,0.0,0.0
2022-08-24 00:00:00-04:00,201.14684373783473,202.8212027786036,200.22204118040787,201.18577575683594,4230800,0.0,0.0
2022-08-25 00:00:00-04:00,201.88667232670943,204.33980544939374,201.02029007260978,204.252197265625,4495000,0.0,0.0
2022-08-26 00:00:00-04:00,204.20354035657607,204.68052819354804,197.321142985419,197.506103515625,5060200,0.0,0.0
2022-08-29 00:00:00-04:00,195.90960996384663,198.54770366975035,195.2963229533268,196.96095275878906,4476200,0.0,0.0
2022-08-30 00:00:00-04:00,198.50877053137216,198.98577322299158,194.89722752900659,196.0361785888672,3918200,0.0,0.0
2022-08-31 00:00:00-04:00,195.66623744044898,197.77865225124597,193.3688621181373,193.43701171875,6559000,0.0,0.0
2022-09-01 00:00:00-04:00,193.44674826738807,195.11136322571073,191.44141500097905,194.8193359375,5608300,0.0,0.0
2022-09-02 00:00:00-04:00,197.0680880860198,197.10702011693968,191.62642696454847,192.51226806640625,4508100,0.0,0.0
2022-09-06 00:00:00-04:00,192.6485277467331,194.7317402000408,191.18833168542724,193.368896484375,4547800,0.0,0.0
2022-09-07 00:00:00-04:00,193.43705405135884,195.80256463808212,191.98658722341986,195.10166931152344,4098300,0.0,0.0
2022-09-08 00:00:00-04:00,192.16180875573667,195.77336712795474,191.7334970259734,195.3839874267578,4377600,0.0,0.0
2022-09-09 00:00:00-04:00,196.70787434969316,200.92296032841773,196.00697909299902,199.7548065185547,4885600,0.0,0.0
2022-09-12 00:00:00-04:00,201.02035652234017,201.69204919436328,199.51148404740036,201.14691162109375,3812300,0.0,0.0
2022-09-13 00:00:00-04:00,196.68841598486463,198.0707331654277,193.5927925549075,194.37156677246094,5217900,0.0,0.0
2022-09-14 00:00:00-04:00,194.69280946126014,195.54946257613213,192.80428683286473,194.11846923828125,4632800,0.0,0.0
2022-09-15 00:00:00-04:00,192.83346143849582,194.99455249660085,189.36793231220287,190.18563842773438,6099300,0.0,0.0
2022-09-16 00:00:00-04:00,185.17229234242026,188.67676809868547,183.22536466757944,188.17056274414062,9398200,0.0,0.0
2022-09-19 00:00:00-04:00,186.50595364219748,188.8422760223329,185.64931547130737,188.00509643554688,8133600,0.0,0.0
2022-09-20 00:00:00-04:00,186.0289748233799,187.907753198184,185.2404565125542,186.97323608398438,5292500,0.0,0.0
2022-09-21 00:00:00-04:00,187.42104825850313,187.96618579612996,182.03779279361237,182.05726623535156,6705900,0.0,0.0
2022-09-22 00:00:00-04:00,181.4050155781857,182.2421951811282,179.75985910290137,180.85986328125,6604700,0.0,0.0
2022-09-23 00:00:00-04:00,178.601427505142,179.68197305602956,177.39432689076466,179.07843017578125,10755800,0.0,0.0
2022-09-26 00:00:00-04:00,178.18285074040816,179.60411476968682,175.12617425935034,175.79786682128906,9914600,0.0,0.0
2022-09-27 00:00:00-04:00,177.66688079665832,179.94479748025404,172.32257380031467,173.15000915527344,9799600,0.0,0.0
2022-09-28 00:00:00-04:00,172.55622855542234,175.320877688692,170.19071809313954,174.42527770996094,9751000,0.0,0.0
2022-09-29 00:00:00-04:00,174.0845496990977,177.40406513785166,173.98719736828394,175.2819061279297,9105200,0.0,0.0
2022-09-30 00:00:00-04:00,175.28191902837295,178.06602656031717,172.88720599446225,172.9358673095703,9472300,0.0,0.0
2022-10-03 00:00:00-04:00,174.5810126763345,178.4943417227294,173.42258825595817,176.8297119140625,8842300,0.0,0.0
2022-10-04 00:00:00-04:00,180.13951754400946,181.26873935754935,178.21206296840307,180.7235870361328,7081400,0.0,0.0
2022-10-05 00:00:00-04:00,178.4749011849201,183.80949504775992,177.5209105438827,182.69000244140625,6119900,0.0,0.0
2022-10-06 00:00:00-04:00,181.69706117919662,183.05991977793963,180.33421743433638,180.66519165039062,5163000,0.0,0.0
2022-10-07 00:00:00-04:00,178.5819527373166,179.71117444681806,177.1022834232761,178.95187377929688,5610300,0.0,0.0
2022-10-10 00:00:00-04:00,179.24390853425209,179.8766541131349,176.09960951483643,177.34564208984375,4743800,0.0,0.0
2022-10-11 00:00:00-04:00,175.58369382000063,176.81999723721253,173.46154946741288,174.38633728027344,6294500,0.0,0.0
2022-10-12 00:00:00-04:00,174.33765885097884,175.79785480621848,173.4907499501819,173.51022338867188,4884300,0.0,0.0
2022-10-13 00:00:00-04:00,170.35617736354638,180.45099294893325,169.9667977568388,179.7598419189453,8426400,0.0,0.0
2022-10-14 00:00:00-04:00,181.83332982008346,182.1643188613808,177.23859351189066,177.77398681640625,6449400,0.0,0.0
2022-10-17 00:00:00-04:00,181.06431128621585,183.56612099675453,177.99790550437322,180.33421325683594,13952100,0.0,0.0
2022-10-18 00:00:00-04:00,184.4617060286015,185.14312788487047,180.81121588371514,182.20326232910156,5209200,0.0,0.0
2022-10-19 00:00:00-04:00,180.56785478397435,182.66079658239985,179.85721532165107,181.46343994140625,4927000,0.0,0.0
2022-10-20 00:00:00-04:00,181.51208015312898,185.9121261608494,181.48286257139236,182.2519073486328,5706700,0.0,0.0
2022-10-21 00:00:00-04:00,180.8696360801296,185.88297034585906,180.13953799169033,185.318359375,7582500,0.0,0.0
2022-10-24 00:00:00-04:00,186.3307596410637,188.0051190157332,184.08206003484256,185.6493377685547,7299200,0.0,0.0
2022-10-25 00:00:00-04:00,185.80508588732192,190.04938990890358,185.65907221554633,189.22195434570312,11907200,0.0,0.0
2022-10-26 00:00:00-04:00,191.36356586573976,200.89377243602004,191.28568695881222,197.9344482421875,15450000,0.0,0.0
2022-10-27 00:00:00-04:00,197.9247262748459,200.84511855024897,196.24062270123423,198.8689727783203,7946700,0.0,0.0
2022-10-28 00:00:00-04:00,199.56012753123227,205.90711720984928,197.91497093252434,203.7849578857422,8455600,0.0,0.0
2022-10-31 00:00:00-04:00,203.37610261840865,204.05752446613025,200.72827927821993,201.66281127929688,8674100,0.0,0.0
2022-11-01 00:00:00-04:00,203.36635787044233,204.3982272834142,199.88135513821962,201.4388885498047,5919500,0.0,0.0
2022-11-02 00:00:00-04:00,200.29992798167908,201.5070285726999,195.25739207769342,195.61756896972656,6985600,0.0,0.0
2022-11-03 00:00:00-04:00,193.0184496939804,193.5733313296081,189.02724116710667,189.58212280273438,8236200,0.0,0.0
2022-11-04 00:00:00-04:00,191.77243364676934,196.10434605532313,190.15647962572737,191.75296020507812,9680100,0.0,0.0
2022-11-07 00:00:00-05:00,193.0573811998662,195.1211200581026,191.9378887247071,194.79014587402344,7821300,0.0,0.0
2022-11-08 00:00:00-05:00,196.30875669847353,198.70346985559718,194.43970757339005,196.42556762695312,6943700,0.0,0.0
2022-11-09 00:00:00-05:00,195.81088006533443,196.42553782529836,188.62042041452602,189.20579528808594,7320200,0.45,0.0
2022-11-10 00:00:00-05:00,198.14268888735702,200.74764543892914,195.14748235982802,200.56228637695312,8048900,0.0,0.0
2022-11-11 00:00:00-05:00,200.9818197110804,201.4013377229297,197.22560013543313,200.0061798095703,9601000,0.0,0.0
2022-11-14 00:00:00-05:00,198.54271129487486,204.07458750863103,198.25978228609787,201.82086181640625,5796100,0.0,0.0
2022-11-15 00:00:00-05:00,204.87461853027344,208.5235020605873,202.45502097094388,204.87461853027344,7316100,0.0,0.0
2022-11-16 00:00:00-05:00,203.49895458651463,205.7526801793065,203.14772365730795,205.0209503173828,6125300,0.0,0.0
2022-11-17 00:00:00-05:00,202.8940477514316,206.1331639608501,202.26963891063522,205.85023498535156,5385600,0.0,0.0
2022-11-18 00:00:00-05:00,207.9771636206306,208.95280355780318,204.63072578192893,205.66490173339844,8028500,0.0,0.0
2022-11-21 00:00:00-05:00,205.1770640528032,205.42097401604067,200.8744887283938,201.2940216064453,10450900,0.0,0.0
2022-11-22 00:00:00-05:00,202.48427079879443,205.35265409720805,200.347632213095,205.20631408691406,5273100,0.0,0.0
2022-11-23 00:00:00-05:00,204.8843973563731,207.64546030719725,204.80634437093005,206.57225036621094,3807300,0.0,0.0
2022-11-25 00:00:00-05:00,206.55272862872667,208.78693743696442,206.24051671666578,208.58204650878906,1993500,0.0,0.0
2022-11-28 00:00:00-05:00,207.08930253833435,209.24547308777366,205.51852183489254,206.11366271972656,10229400,0.0,0.0
2022-11-29 00:00:00-05:00,204.25021379799395,205.03071378837302,202.29893404788015,203.96726989746094,8986900,0.0,0.0
2022-11-30 00:00:00-05:00,203.14772041405934,211.71383666992188,202.94282950567563,211.71383666992188,13918100,0.0,0.0
2022-12-01 00:00:00-05:00,211.71383666992188,213.32363638562077,210.0552519867905,211.71383666992188,11261500,0.0,0.0
2022-12-02 00:00:00-05:00,210.4747801797702,213.15778976099404,209.0210863344036,212.35777282714844,5132800,0.0,0.0
2022-12-05 00:00:00-05:00,210.39674328315533,211.62605911295185,207.86008841749802,208.4747314453125,9006300,0.0,0.0
2022-12-06 00:00:00-05:00,206.83563705188345,206.96247498941355,202.58184693967277,203.9867706298828,5986000,0.0,0.0
2022-12-07 00:00:00-05:00,203.71359997503072,203.9282419291174,200.13300357670454,202.74771118164062,7923800,0.0,0.0
2022-12-08 00:00:00-05:00,204.40627233323605,205.177036048633,202.6891517857599,204.0062713623047,4896500,0.0,0.0
2022-12-09 00:00:00-05:00,202.84529412415614,205.39171484536107,202.4647951606236,203.6160430908203,4928400,0.0,0.0
2022-12-12 00:00:00-05:00,204.88436555391772,209.5869567090977,204.36727763181966,209.362548828125,5941700,0.0,0.0
2022-12-13 00:00:00-05:00,214.19195470765743,214.62123860072066,207.44052909178797,207.8502960205078,14585000,0.0,0.0
2022-12-14 00:00:00-05:00,207.66492225753032,211.01135938196057,206.47464059726954,208.12347412109375,7001700,0.0,0.0
2022-12-15 00:00:00-05:00,204.49410953493467,206.6600310977897,201.78183206200484,202.84527587890625,10831800,0.0,0.0
2022-12-16 00:00:00-05:00,202.43551803924936,203.3233389894586,200.2988643836693,201.85012817382812,12472900,0.0,0.0
2022-12-19 00:00:00-05:00,201.5964568049918,202.41599066477153,198.98173439754157,199.83055114746094,4893600,0.0,0.0
2022-12-20 00:00:00-05:00,198.91344861147064,201.49888814514162,198.59148568871657,200.35739135742188,5024900,0.0,0.0
2022-12-21 00:00:00-05:00,201.53793542631777,202.89407425238608,200.57204659406423,201.77207946777344,4086900,0.0,0.0
2022-12-22 00:00:00-05:00,200.73790642729432,201.61597636934835,197.2060948059031,200.06471252441406,5690300,0.0,0.0
2022-12-23 00:00:00-05:00,199.15734861592625,201.21594910132202,198.56220776790903,200.81593322753906,3246000,0.0,0.0
2022-12-27 00:00:00-05:00,200.90377323764304,201.84039412373664,199.6159362672338,201.26475524902344,2904900,0.0,0.0
2022-12-28 00:00:00-05:00,201.64520222355483,203.45014158913443,199.8110097455772,199.9963836669922,3139200,0.0,0.0
2022-12-29 00:00:00-05:00,200.93303736897525,203.45019013427302,200.49400238496503,202.99163818359375,3675500,0.0,0.0
2022-12-30 00:00:00-05:00,201.28426918750318,202.97212207798808,200.689128241783,202.69894409179688,4159400,0.0,0.0
2023-01-03 00:00:00-05:00,204.18191041547652,207.15761499075077,201.1379187907149,202.33795166015625,4202800,0.0,0.0
2023-01-04 00:00:00-05:00,204.51363270794693,208.00642536430007,204.51363270794693,207.43080139160156,6606200,0.0,0.0
2023-01-05 00:00:00-05:00,208.59178907826487,208.94301999646237,205.33315576820453,205.96731567382812,5246000,0.0,0.0
2023-01-06 00:00:00-05:00,208.78693755157505,212.8260861218091,207.8991016741333,212.44558715820312,6829700,0.0,0.0
2023-01-09 00:00:00-05:00,213.7334237351601,216.79693219199154,213.0309618697774,213.27487182617188,6294500,0.0,0.0
2023-01-10 00:00:00-05:00,213.65537364491993,216.97254314180134,212.8650928703916,215.70420837402344,10857000,0.0,0.0
2023-01-11 00:00:00-05:00,215.89932496909245,216.7676437963227,214.3480612587174,216.68960571289062,5408200,0.0,0.0
2023-01-12 00:00:00-05:00,216.6895847516519,218.35792031287224,215.23587622973082,218.17254638671875,4264400,0.0,0.0
2023-01-13 00:00:00-05:00,216.50424084002643,218.30916561488422,214.77735415187038,217.626220703125,4283200,0.0,0.0
2023-01-17 00:00:00-05:00,216.9628112575148,218.93359318706146,216.9530453305324,217.5677032470703,6101100,0.0,0.0
2023-01-18 00:00:00-05:00,218.62135775780138,219.5091935064146,214.0943898968982,214.11390686035156,6558000,0.0,0.0
2023-01-19 00:00:00-05:00,212.78704593256867,216.12373225581098,212.20165609884256,215.040771484375,4853100,0.0,0.0
2023-01-20 00:00:00-05:00,215.75298773815163,218.9628361738971,215.04077484275805,218.84576416015625,5211000,0.0,0.0
2023-01-23 00:00:00-05:00,219.1286996532479,220.6897143626618,217.71401006832576,218.7189178466797,5501500,0.0,0.0
2023-01-24 00:00:00-05:00,216.61157802091586,224.39718037150917,211.35287947638864,218.43601989746094,5274900,0.0,0.0
2023-01-25 00:00:00-05:00,216.22127430534928,219.48967338752522,215.782239399988,219.42137145996094,4729600,0.0,0.0
2023-01-26 00:00:00-05:00,220.49460706972658,221.5482998988106,218.22136442277903,219.2360382080078,7043400,0.0,0.0
2023-01-27 00:00:00-05:00,222.44588997690613,227.16798336667387,221.71416007566629,225.80209350585938,11382600,0.0,0.0
2023-01-30 00:00:00-05:00,224.59228361500365,224.80692556639738,222.3775770549404,223.5190887451172,5677400,0.0,0.0
2023-01-31 00:00:00-05:00,223.23614609328493,225.17767470540184,222.8849151606176,224.60205078125,11294200,0.0,0.0
2023-02-01 00:00:00-05:00,223.78251024016922,226.99237372086586,222.25076339909046,225.27523803710938,5792700,0.0,0.0
2023-02-02 00:00:00-05:00,228.26070449568408,228.59241846980694,222.80686645251086,223.96788024902344,7190000,0.0,0.0
2023-02-03 00:00:00-05:00,223.11906315451986,225.2361996857775,222.09463841047094,224.52398681640625,5243600,0.0,0.0
2023-02-06 00:00:00-05:00,223.12882074446716,224.65081646050578,222.48489489934866,223.85079956054688,3402400,0.0,0.0
2023-02-07 00:00:00-05:00,222.46539839817044,226.4752786984359,222.3970964642116,225.6850128173828,4042600,0.0,0.0
2023-02-08 00:00:00-05:00,224.72885886845242,226.21183547284653,224.38739388451438,224.59226989746094,4978600,0.0,0.0
2023-02-09 00:00:00-05:00,227.1925817044301,227.26100250298967,223.9862163203512,224.20127868652344,5238400,0.45,0.0
2023-02-10 00:00:00-05:00,223.82001661433577,224.74868680346995,221.08287164932966,222.09951782226562,4509700,0.0,0.0
2023-02-13 00:00:00-05:00,221.78671978158377,224.67049152186675,221.19041322515315,223.7418212890625,4946700,0.0,0.0
2023-02-14 00:00:00-05:00,223.53654916362385,226.22481397808278,222.0702229011917,224.24038696289062,4829400,0.0,0.0
2023-02-15 00:00:00-05:00,222.48075485831225,223.9275405990529,221.70849638711437,223.78089904785156,4407300,0.0,0.0
2023-02-16 00:00:00-05:00,220.99490197023286,223.23348659174624,220.60387272622495,220.76028442382812,3865900,0.0,0.0
2023-02-17 00:00:00-05:00,219.14732120203186,219.72408748410362,216.76210988832116,218.54124450683594,4520200,0.0,0.0
2023-02-21 00:00:00-05:00,215.21755612042847,217.44637042400618,215.05137429876794,215.66722106933594,7276100,0.0,0.0
2023-02-22 00:00:00-05:00,215.46197847370476,216.77189298444557,214.52352312920524,215.0807342529297,4621800,0.0,0.0
2023-02-23 00:00:00-05:00,216.5861416644267,217.10424236834285,214.01517842014195,216.16580200195312,5533800,0.0,0.0
2023-02-24 00:00:00-05:00,213.57529036047245,215.2957892806546,212.5781993039936,214.62127685546875,4414400,0.0,0.0
2023-02-27 00:00:00-05:00,215.7747641807069,216.4688317483995,214.41596928958148,215.40330505371094,4255300,0.0,0.0
2023-02-28 00:00:00-05:00,215.0611836224645,216.79145277633847,214.57240820514073,215.00253295898438,5385400,0.0,0.0
2023-03-01 00:00:00-05:00,214.53327372521247,215.32508737069875,211.571281511882,213.4579620361328,4792700,0.0,0.0
2023-03-02 00:00:00-05:00,212.99855549601364,214.67017402353886,212.21651182767576,214.1422882080078,5539300,0.0,0.0
2023-03-03 00:00:00-05:00,215.2566729056085,218.99092394322165,214.96340469635373,218.7465362548828,6055400,0.0,0.0
2023-03-06 00:00:00-05:00,218.9029371155777,222.314594678168,218.66833447679764,221.65963745117188,5737600,0.0,0.0
2023-03-07 00:00:00-05:00,221.65962170687715,222.27548342241278,218.07201242002665,218.1599884033203,4386800,0.0,0.0
2023-03-08 00:00:00-05:00,216.97717860460025,217.9253891422468,216.21467527005115,217.20201110839844,4194900,0.0,0.0
2023-03-09 00:00:00-05:00,216.42973307498312,219.333060035912,214.72880429286704,215.07093811035156,5066700,0.0,0.0
2023-03-10 00:00:00-05:00,214.11291679067415,214.2008927689129,210.64260901427878,211.2877960205078,6638900,0.0,0.0
2023-03-13 00:00:00-04:00,209.8117309202317,212.95944565867126,207.72954296344793,209.6553192138672,6810800,0.0,0.0
2023-03-14 00:00:00-04:00,213.10603371839224,214.9340485922298,211.1900279530085,213.751220703125,7985600,0.0,0.0
2023-03-15 00:00:00-04:00,209.59665843252702,212.04053529056338,208.87326551270166,211.5126495361328,8372200,0.0,0.0
2023-03-16 00:00:00-04:00,210.33957556158717,212.69547625268603,204.07347219629517,212.56838989257812,13674600,0.0,0.0
2023-03-17 00:00:00-04:00,210.04634853975097,213.7512746526832,210.04634853975097,212.50978088378906,18801200,0.0,0.0
2023-03-20 00:00:00-04:00,212.12853853181838,215.59884709934317,211.97212681291055,213.25271606445312,9817400,0.0,0.0
2023-03-21 00:00:00-04:00,216.37108539716513,217.51481801628444,213.77079675049674,216.96739196777344,8971400,0.0,0.0
2023-03-22 00:00:00-04:00,217.50503153799846,219.85114726000222,214.98294893291242,215.10025024414062,6700600,0.0,0.0
2023-03-23 00:00:00-04:00,215.49127432346444,220.19329070848798,215.31530744458908,217.59300231933594,6427700,0.0,0.0
2023-03-24 00:00:00-04:00,215.7161155722604,216.36130262729768,213.3504446200307,216.0778045654297,4791500,0.0,0.0
2023-03-27 00:00:00-04:00,217.59302430294082,219.04958033339875,216.41996635146867,216.83053588867188,7210900,0.0,0.0
2023-03-28 00:00:00-04:00,217.81789614481804,218.31644172812724,213.74149581330246,215.3837890625,6418400,0.0,0.0
2023-03-29 00:00:00-04:00,217.2997127038402,218.5314359857871,215.9604731772669,218.28704833984375,4483000,0.0,0.0
2023-03-30 00:00:00-04:00,218.8931714281177,219.20599484117264,216.2440171364247,217.36819458007812,5383900,0.0,0.0
2023-03-31 00:00:00-04:00,218.58036029985098,220.77006449990884,218.2773070285119,220.3986053466797,9509000,0.0,0.0
2023-04-03 00:00:00-04:00,220.17374519777573,224.01552729618706,219.08866329843332,223.85911560058594,6421500,0.0,0.0
2023-04-04 00:00:00-04:00,223.8591240331889,224.88555531440585,221.73784067400234,222.54920959472656,5254700,0.0,0.0
2023-04-05 00:00:00-04:00,221.68894985438916,223.3410129485923,221.46411736658786,223.04774475097656,4813600,0.0,0.0
2023-04-06 00:00:00-04:00,221.08285356971194,221.6400496711303,219.636067900833,220.9166717529297,4285200,0.0,0.0
2023-04-10 00:00:00-04:00,220.4963678072835,221.39571280124278,219.2842142971064,221.34683227539062,4952200,0.0,0.0
2023-04-11 00:00:00-04:00,221.90402652364304,223.995984591137,221.12198291828506,223.32147216796875,4513300,0.0,0.0
2023-04-12 00:00:00-04:00,224.7682186899778,226.39095638421713,222.2265958943668,222.69581604003906,4373000,0.0,0.0
2023-04-13 00:00:00-04:00,224.30880849280027,227.61291998543237,223.66362139824375,227.46629333496094,7615500,0.0,0.0
2023-04-14 00:00:00-04:00,227.75954243167863,229.71464382711906,227.02637940838846,228.76641845703125,9781300,0.0,0.0
2023-04-17 00:00:00-04:00,228.7664263976004,228.79575172625073,225.75556835416535,228.23854064941406,4865000,0.0,0.0
2023-04-18 00:00:00-04:00,228.5024921272881,229.06947336294323,226.48873993086113,228.35586547851562,4796200,0.0,0.0
2023-04-19 00:00:00-04:00,228.7468588166103,228.8055094707342,226.6451308238937,227.34896850585938,3833900,0.0,0.0
2023-04-20 00:00:00-04:00,227.2414314803439,229.40181007152856,226.3029762898197,229.33338928222656,4925700,0.0,0.0
2023-04-21 00:00:00-04:00,229.72443135830082,230.28164245798686,228.1408038812833,228.79576110839844,6771500,0.0,0.0
2023-04-24 00:00:00-04:00,228.97172993740762,229.8710749236394,226.3127904493127,227.53472900390625,9124100,0.0,0.0
2023-04-25 00:00:00-04:00,227.7888895385708,229.74399112094162,224.2794708618718,224.43588256835938,6076500,0.0,0.0
2023-04-26 00:00:00-04:00,226.0292707483926,227.5444772945261,221.63029266259588,223.02818298339844,8400400,0.0,0.0
2023-04-27 00:00:00-04:00,223.5365328024483,224.47498810486363,221.52278060269825,223.868896484375,7128200,0.0,0.0
2023-04-28 00:00:00-04:00,223.5169924153097,228.3265556489216,222.9402410026634,227.50540161132812,11627900,0.0,0.0
2023-05-01 00:00:00-04:00,227.64224786079956,229.32363641413008,226.31277818877635,227.2903289794922,4571100,0.0,0.0
2023-05-02 00:00:00-04:00,226.74287317619456,227.15344266448238,221.13174192002168,221.8844451904297,5244000,0.0,0.0
2023-05-03 00:00:00-04:00,221.88442618910588,223.53648905379876,220.8482249622244,220.90687561035156,4093300,0.0,0.0
2023-05-04 00:00:00-04:00,219.79251328830068,220.98512643044896,218.46304363391778,220.53546142578125,5648700,0.0,0.0
2023-05-05 00:00:00-04:00,223.21394408307415,227.12414724788053,222.1875127690642,226.57672119140625,6237500,0.0,0.0
2023-05-08 00:00:00-04:00,226.05857563607037,228.20918396698207,226.05857563607037,227.01657104492188,2938400,0.0,0.0
2023-05-09 00:00:00-04:00,225.89242979460934,228.83485219131117,225.63827196867442,228.0234832763672,4352100,0.0,0.0
2023-05-10 00:00:00-04:00,229.040132957752,229.53867844700505,223.76135020577874,226.07815551757812,5245000,0.0,0.0
2023-05-11 00:00:00-04:00,226.00959838689212,226.76378411332803,223.58055033323097,226.26425170898438,3818000,0.45,0.0
2023-05-12 00:00:00-04:00,227.2338908922085,227.94888989868863,225.09868305671588,226.6266326904297,3432700,0.0,0.0
2023-05-15 00:00:00-04:00,226.44056784667916,228.0468760310234,225.81371623682094,228.02728271484375,2843200,0.0,0.0
2023-05-16 00:00:00-04:00,227.78241215866967,228.31132706338198,224.91261164997067,225.7353515625,4289700,0.0,0.0
2023-05-17 00:00:00-04:00,227.9489180095851,229.08509119103675,225.8137099107764,227.8705596923828,4990100,0.0,0.0
2023-05-18 00:00:00-04:00,227.6256960927166,229.33974505409344,226.38179703566271,228.80105590820312,6621900,0.0,0.0
2023-05-19 00:00:00-04:00,229.19285628890236,229.52586796329945,227.17517797949097,228.51702880859375,5399400,0.0,0.0
2023-05-22 00:00:00-04:00,228.51701270642582,229.0655060009774,226.43076540470796,226.52871704101562,3987800,0.0,0.0
2023-05-23 00:00:00-04:00,224.55999241548741,224.7754740377313,219.0652409389082,219.96633911132812,8537200,0.0,0.0
2023-05-24 00:00:00-04:00,217.97807459531748,218.51677872742138,215.50983971888274,217.68423461914062,6730800,0.0,0.0
2023-05-25 00:00:00-04:00,217.88011323402415,220.07410135356088,215.96038670658572,218.791015625,6827600,0.0,0.0
2023-05-26 00:00:00-04:00,219.22198664854318,221.56288735957108,218.75183671291413,220.3875274658203,5067300,0.0,0.0
2023-05-30 00:00:00-04:00,220.38750996229237,220.8380665451558,215.23557395910433,217.0867462158203,6916000,0.0,0.0
2023-05-31 00:00:00-04:00,215.4412471832214,216.97898603719378,211.69971637280776,216.4892578125,20460600,0.0,0.0
2023-06-01 00:00:00-04:00,218.15436819605284,222.05261629370864,217.86052822178564,221.846923828125,7003600,0.0,0.0
2023-06-02 00:00:00-04:00,224.10945232461097,225.53946547318958,222.7480083087485,224.08985900878906,5897100,0.0,0.0
2023-06-05 00:00:00-04:00,223.22792313914016,223.63929305476222,220.68133039063866,222.11134338378906,4858900,0.0,0.0
2023-06-06 00:00:00-04:00,222.03301829604175,224.5404247923295,221.51390749541912,223.53158569335938,6020100,0.0,0.0
2023-06-07 00:00:00-04:00,222.33663704477894,222.87534113681505,216.47949105533763,220.64218139648438,8517200,0.0,0.0
2023-06-08 00:00:00-04:00,220.46587350274072,220.51484931980477,217.84093709570413,218.46778869628906,6248200,0.0,0.0
2023-06-09 00:00:00-04:00,219.0456587312209,220.5540152180893,218.18373219854143,218.96730041503906,6385000,0.0,0.0
2023-06-12 00:00:00-04:00,219.7998435277983,221.79792827345378,219.0358686298723,221.523681640625,8621100,0.0,0.0
2023-06-13 00:00:00-04:00,220.9850028516728,222.48357031875548,218.0564370562226,218.81060791015625,6868700,0.0,0.0
2023-06-14 00:00:00-04:00,219.14361718017253,220.83807285252092,218.0074439781715,218.8497772216797,9160700,0.0,0.0
2023-06-15 00:00:00-04:00,217.45894301844655,222.444373170259,216.82228730662783,221.523681640625,12534000,0.0,0.0
2023-06-16 00:00:00-04:00,221.79792782558363,225.07911317323743,221.43553369264606,224.2073974609375,13628900,0.0,0.0
2023-06-20 00:00:00-04:00,222.33663090359224,224.8538413435233,221.53346938031882,221.81752014160156,12312300,0.0,0.0
2023-06-21 00:00:00-04:00,221.4747065272514,223.93315199083915,220.35812667710243,222.5814971923828,7032100,0.0,0.0
2023-06-22 00:00:00-04:00,221.70977879786096,224.22697428647336,220.8674455915836,223.6980743408203,6275500,0.0,0.0
2023-06-23 00:00:00-04:00,222.5521385315057,225.25543347267123,221.73918772834617,224.8342742919922,5424400,0.0,0.0
2023-06-26 00:00:00-04:00,224.72650914877755,225.372954046934,221.55306460399916,221.65101623535156,5165400,0.0,0.0
2023-06-27 00:00:00-04:00,222.80677053519992,223.91356121287347,221.8665006219565,222.66964721679688,4628500,0.0,0.0
2023-06-28 00:00:00-04:00,222.82637515347645,223.37486845491048,221.3767835789263,223.2769317626953,5324500,0.0,0.0
2023-06-29 00:00:00-04:00,224.08987766252145,229.8784699807652,223.90379345534686,229.50628662109375,7118900,0.0,0.0
2023-06-30 00:00:00-04:00,231.41621476189417,233.38491714498542,231.1027814765526,232.60134887695312,6879400,0.0,0.0
2023-07-03 00:00:00-04:00,232.13120949098342,233.50244272503792,230.5738771154527,233.08128356933594,3087400,0.0,0.0
2023-07-05 00:00:00-04:00,229.59439914350716,235.0695573294283,229.18302921161904,234.53085327148438,7601200,0.0,0.0
2023-07-06 00:00:00-04:00,233.37514131641106,234.67782046069203,231.82759800843792,233.9726104736328,6441800,0.0,0.0
2023-07-07 00:00:00-04:00,231.86673014142983,233.5416073112863,231.27906521601977,231.5924835205078,5729500,0.0,0.0
2023-07-10 00:00:00-04:00,232.14099574064412,234.18807132567275,231.6414782714104,233.2673797607422,4858900,0.0,0.0
2023-07-11 00:00:00-04:00,233.90403173629372,235.75520414003464,233.2282042809829,235.60829162597656,3856500,0.0,0.0
2023-07-12 00:00:00-04:00,236.58773172836038,238.9384214611586,236.27429845981618,237.2341766357422,6116000,0.0,0.0
2023-07-13 00:00:00-04:00,238.78173474785189,239.25188470958116,238.15488307753554,238.3115997314453,5819600,0.0,0.0
2023-07-14 00:00:00-04:00,239.70238124292862,239.71218537277738,236.98929754176635,238.16464233398438,4941200,0.0,0.0
2023-07-17 00:00:00-04:00,238.1156431758057,240.32920923321993,238.00790237527164,238.97756958007812,4328100,0.0,0.0
2023-07-18 00:00:00-04:00,238.1058965727966,238.1842399459966,232.79722884656974,235.82376098632812,7674000,0.0,0.0
2023-07-19 00:00:00-04:00,236.29388237080198,237.60635050362202,235.1870917351223,236.46038818359375,4835500,0.0,0.0
2023-07-20 00:00:00-04:00,236.20575924145524,236.6465117261202,234.15869851701189,234.6973876953125,4695000,0.0,0.0
2023-07-21 00:00:00-04:00,234.81493056919953,235.41239969277038,233.82566983859437,234.33499145507812,5427400,0.0,0.0
2023-07-24 00:00:00-04:00,234.75612088167253,236.32325722065107,233.296740298135,235.7943572998047,6010000,0.0,0.0
2023-07-25 00:00:00-04:00,235.0891780992122,235.85315305412945,233.6591648825107,233.7864990234375,4997500,0.0,0.0
2023-07-26 00:00:00-04:00,226.66583545841954,233.94320547517404,223.00266254149543,232.22915649414062,7551400,0.0,0.0
2023-07-27 00:00:00-04:00,232.5425863247005,233.75711790022524,228.1742182177649,229.62380981445312,8160100,0.0,0.0
2023-07-28 00:00:00-04:00,229.76091327032614,231.03420974101678,228.90879087666326,230.90687561035156,6794800,0.0,0.0
2023-07-31 00:00:00-04:00,231.15175098025512,233.52203409093613,231.15175098025512,232.84620666503906,4799600,0.0,0.0
2023-08-01 00:00:00-04:00,232.26831561790567,235.7845608933651,232.13119230465244,234.8540802001953,4627300,0.0,0.0
2023-08-02 00:00:00-04:00,233.72769781813284,233.8843994919396,231.92548658882072,232.67967224121094,4868200,0.0,0.0
2023-08-03 00:00:00-04:00,231.15174679459017,234.13909227400816,230.41715437892938,233.85504150390625,5033800,0.0,0.0
2023-08-04 00:00:00-04:00,233.11067011295614,236.94034899454618,232.95395347054085,234.08033752441406,5169700,0.0,0.0
2023-08-07 00:00:00-04:00,234.3056044725346,237.20478758254453,234.29581528704153,236.54855346679688,5649800,0.0,0.0
2023-08-08 00:00:00-04:00,235.48093616458746,236.40162769018926,232.51318408672165,234.3741455078125,5080600,0.0,0.0
2023-08-09 00:00:00-04:00,235.55933703182052,236.99913958061384,234.5700911422735,234.83453369140625,4055000,0.0,0.0
2023-08-10 00:00:00-04:00,236.12001375210033,239.38773918680585,235.59992680340255,235.6686248779297,4778000,0.45,0.0
2023-08-11 00:00:00-04:00,235.51158168439264,236.21811762731966,233.96112864149293,235.5508270263672,3607100,0.0,0.0
2023-08-14 00:00:00-04:00,236.2181376454996,238.77932691230092,235.76673382071104,238.35736083984375,4351100,0.0,0.0
2023-08-15 00:00:00-04:00,237.48401083632177,238.13167134787955,234.87376857717092,235.34478759765625,3770100,0.0,0.0
2023-08-16 00:00:00-04:00,232.10650226030248,236.56160524526024,231.60604548203094,234.81488037109375,3218600,0.0,0.0
2023-08-17 00:00:00-04:00,235.51159017451474,235.88448831711995,232.06723855864496,232.93077087402344,4177600,0.0,0.0
2023-08-18 00:00:00-04:00,231.17424615103636,234.57935231499036,230.8994838357971,233.71580505371094,4344800,0.0,0.0
2023-08-21 00:00:00-04:00,234.90318379500468,236.0316708119602,233.3134704215584,234.981689453125,3573600,0.0,0.0
2023-08-22 00:00:00-04:00,235.51159089473322,236.9148402699043,234.20646236504737,236.07093811035156,3848400,0.0,0.0
2023-08-23 00:00:00-04:00,236.80693224404567,238.00410249207044,236.21814722668762,237.7686004638672,4947700,0.0,0.0
2023-08-24 00:00:00-04:00,237.7195243172732,239.00502275477865,234.88357269628483,234.99151611328125,4570700,0.0,0.0
2023-08-25 00:00:00-04:00,236.86579143089355,238.85782580712677,235.71767420223384,238.03353881835938,3541500,0.0,0.0
2023-08-28 00:00:00-04:00,238.4653019365207,240.6437854283983,238.06298100076387,239.2699737548828,3741500,0.0,0.0
2023-08-29 00:00:00-04:00,238.9461389429255,241.23256580641817,238.84800312236786,240.75172424316406,3975600,0.0,0.0
2023-08-30 00:00:00-04:00,241.81155590787984,243.58770366003162,241.44848028240204,241.62510681152344,4573300,0.0,0.0
2023-08-31 00:00:00-04:00,240.99705966638294,243.38162245774234,240.85967849547424,241.0853729248047,5532600,0.0,0.0
2023-09-01 00:00:00-04:00,242.8418946056601,244.21570625386636,242.15498878155694,243.4699249267578,4112900,0.0,0.0
2023-09-05 00:00:00-04:00,243.705441744916,244.03907957733364,240.61434307843774,240.75172424316406,4459600,0.0,0.0
2023-09-06 00:00:00-04:00,240.8302151289152,242.0470303514227,239.64285262950708,241.55638122558594,4520300,0.0,0.0
2023-09-07 00:00:00-04:00,240.90876807412337,242.77322912891117,240.52606227978583,242.51809692382812,4007900,0.0,0.0
2023-09-08 00:00:00-04:00,243.15590184093904,243.49936223908313,241.83115810543458,242.66525268554688,3309100,0.0,0.0
2023-09-11 00:00:00-04:00,242.70453155614035,243.71526769563792,241.66435766294288,242.59658813476562,2995800,0.0,0.0
2023-09-12 00:00:00-04:00,242.32184182207695,243.12649876550415,241.40922647670496,242.67510986328125,3499600,0.0,0.0
2023-09-13 00:00:00-04:00,242.52789971460186,245.38348172456452,241.99800515348514,243.1951904296875,5657000,0.0,0.0
2023-09-14 00:00:00-04:00,240.41809524314993,240.947989762726,234.28498056857978,236.98355102539062,12000000,0.0,0.0
2023-09-15 00:00:00-04:00,237.3760488716311,239.53491707481888,235.54102587234502,236.56158447265625,13077900,0.0,0.0
2023-09-18 00:00:00-04:00,236.43402634529824,240.64378966959862,236.26720742296158,240.08445739746094,4771600,0.0,0.0
2023-09-19 00:00:00-04:00,240.41810748913605,240.53585850538974,236.9443177488246,239.00503540039062,4709000,0.0,0.0
2023-09-20 00:00:00-04:00,239.07374017408924,239.9569027675878,237.1503886719787,237.3368377685547,5756600,0.0,0.0
2023-09-21 00:00:00-04:00,236.26720218916316,236.27700978199235,231.85135972131118,232.18499755859375,6881500,0.0,0.0
2023-09-22 00:00:00-04:00,232.32242149477065,233.34296535357817,230.4873980784733,230.68365478515625,5935500,0.0,0.0
2023-09-25 00:00:00-04:00,230.9780154772254,231.0663287370392,227.86730143635364,228.99578857421875,5921600,0.0,0.0
2023-09-26 00:00:00-04:00,227.5925072386746,228.31867337017206,225.30609537923186,225.3551483154297,6193200,0.0,0.0
2023-09-27 00:00:00-04:00,225.95374336093968,226.36588685412957,223.65750891027145,225.2079620361328,6006700,0.0,0.0
2023-09-28 00:00:00-04:00,226.35610013592935,228.1911233524717,225.37480173590882,227.3275909423828,4203900,0.0,0.0
2023-09-29 00:00:00-04:00,228.48551127160727,228.67196035960916,225.35516704275466,225.70843505859375,6045200,0.0,0.0
2023-10-02 00:00:00-04:00,224.9528355741076,227.04299084450517,224.49162415905374,226.9448699951172,5175200,0.0,0.0
2023-10-03 00:00:00-04:00,226.15982735197616,227.41588801671884,223.52013244807307,224.53086853027344,5585700,0.0,0.0
2023-10-04 00:00:00-04:00,225.1883332699262,227.36681672841854,224.59956326462427,226.8957977294922,5430900,0.0,0.0
2023-10-05 00:00:00-04:00,226.10096242109762,229.81026908472208,225.91451333389864,229.11354064941406,6126200,0.0,0.0
2023-10-06 00:00:00-04:00,228.8093250967212,232.1653635193892,228.39718160342065,230.64434814453125,6401300,0.0,0.0
2023-10-09 00:00:00-04:00,228.44625907210093,230.77193137211486,227.3668248967983,230.0555877685547,5372200,0.0,0.0
2023-10-10 00:00:00-04:00,230.5069973496344,233.76491535461187,229.8985971089034,232.1752166748047,4644000,0.0,0.0
2023-10-11 00:00:00-04:00,233.10743809368202,234.04947617328725,230.49718075405562,231.27239990234375,4760900,0.0,0.0
2023-10-12 00:00:00-04:00,232.28315405543717,233.2840676563733,230.49718375556492,232.35183715820312,4472800,0.0,0.0
2023-10-13 00:00:00-04:00,231.9691132767512,234.1868421278644,231.81210194921456,233.2251739501953,4966800,0.0,0.0
2023-10-16 00:00:00-04:00,234.53032575387581,236.2083526645226,233.87285759982876,235.580322265625,6227300,0.0,0.0
2023-10-17 00:00:00-04:00,235.14853255746306,236.96392555298937,233.83358136542304,236.6891632080078,4527600,0.0,0.0
2023-10-18 00:00:00-04:00,235.47235363512345,236.32607838993013,232.55789639987225,233.02891540527344,9528300,0.0,0.0
2023-10-19 00:00:00-04:00,233.02893368956038,233.47051497761106,229.0448645566259,229.4373779296875,5927400,0.0,0.0
2023-10-20 00:00:00-04:00,229.7514157475918,231.36074464068054,228.28927563574464,229.01544189453125,5748300,0.0,0.0
2023-10-23 00:00:00-04:00,227.03319327962149,230.075224240076,226.95468761258894,227.20001220703125,5071700,0.0,0.0
2023-10-24 00:00:00-04:00,228.53457796519822,232.10650345142355,228.53457796519822,230.26165771484375,6844100,0.0,0.0
2023-10-25 00:00:00-04:00,227.90652366848465,234.02000771039184,226.9644707390729,232.42050170898438,10365300,0.0,0.0
2023-10-26 00:00:00-04:00,230.1831613560376,231.20370505265873,226.05188871047446,226.95468139648438,6414500,0.0,0.0
2023-10-27 00:00:00-04:00,226.84674548491566,227.06263232712925,223.7654691600969,224.98228454589844,5540900,0.0,0.0
2023-10-30 00:00:00-04:00,227.84765341752956,229.0154007838442,225.72804550758482,228.72100830078125,5170300,0.0,0.0
2023-10-31 00:00:00-04:00,229.2018466397338,231.31163195413995,228.63269184004398,230.70323181152344,4828400,0.0,0.0
2023-11-01 00:00:00-04:00,231.72380877582293,234.5695682102979,231.2724049133885,234.11817932128906,4996200,0.0,0.0
2023-11-02 00:00:00-04:00,235.4233031140225,238.70083618164062,234.72657466060141,238.70083618164062,6286700,0.0,0.0
2023-11-03 00:00:00-04:00,240.53584369800313,240.73211534424382,237.72932985379867,239.04428100585938,5029800,0.0,0.0
2023-11-06 00:00:00-05:00,239.43678180872138,240.2021932740065,238.0727777899775,238.9363250732422,5254100,0.0,0.0
2023-11-07 00:00:00-05:00,238.85784690842172,240.4868058444807,238.828409154324,240.19241333007812,4219700,0.0,0.0
2023-11-08 00:00:00-05:00,239.44504177063902,240.6841046911439,238.76650195513517,239.85806274414062,5117500,0.52,0.0
2023-11-09 00:00:00-05:00,240.27104694749312,240.41854905641935,236.96686465983606,237.625732421875,4866600,0.0,0.0
2023-11-10 00:00:00-05:00,239.926859759925,241.19543794119613,237.95025643750182,241.17576599121094,4094400,0.0,0.0
2023-11-13 00:00:00-05:00,240.92994265621425,241.59863896798004,240.0547283626956,240.6054229736328,4088500,0.0,0.0
2023-11-14 00:00:00-05:00,242.08049495592877,243.8112515245751,241.50029994207202,242.83770751953125,14092000,0.0,0.0
2023-11-15 00:00:00-05:00,242.70984409921516,244.11609589733285,241.26426340705615,243.98825073242188,13258900,0.0,0.0
2023-11-16 00:00:00-05:00,244.46026973711773,245.30598349985044,243.16220617414476,244.44061279296875,7051600,0.0,0.0
2023-11-17 00:00:00-05:00,245.30601134401115,246.08289587980323,244.52914181352165,245.4141845703125,7238200,0.0,0.0
2023-11-20 00:00:00-05:00,245.46336270042508,246.76142644116453,241.51998409519558,245.8173828125,8604200,0.0,0.0
2023-11-21 00:00:00-05:00,245.87637593601352,249.13138616693575,245.87637593601352,248.03982543945312,7213700,0.0,0.0
2023-11-22 00:00:00-05:00,248.79705618195655,250.31146644333924,248.4627080081232,249.50509643554688,5701400,0.0,0.0
2023-11-24 00:00:00-05:00,249.9672662299883,250.46878844345724,249.28872646715834,250.075439453125,1640900,0.0,0.0
2023-11-27 00:00:00-05:00,250.07545168505155,250.74414800238472,248.32502308344075,249.91810607910156,5478900,0.0,0.0
2023-11-28 00:00:00-05:00,249.63289270992584,249.92789692003373,247.4300995742162,248.73800659179688,5234900,0.0,0.0
2023-11-29 00:00:00-05:00,249.7017593228158,251.81605151131345,249.30841031371537,250.00660705566406,4955100,0.0,0.0
2023-11-30 00:00:00-05:00,250.02623892953065,252.50436429917514,248.96417876883993,252.41586303710938,6874700,0.0,0.0
2023-12-01 00:00:00-05:00,251.5406886682694,252.64209290097372,249.682086844378,252.1897430419922,3939400,0.0,0.0
2023-12-04 00:00:00-05:00,251.65870034153858,253.11412465469792,250.12461823254048,250.21311950683594,5247500,0.0,0.0
2023-12-05 00:00:00-05:00,249.9672738457816,250.58681277946752,247.95132644697878,250.3802947998047,4199100,0.0,0.0
2023-12-06 00:00:00-05:00,251.55052224334267,252.56339514949877,249.3182284457674,250.0655975341797,3874000,0.0,0.0
2023-12-07 00:00:00-05:00,250.6556474807784,251.8848969013241,249.28873941124053,251.57020568847656,3589300,0.0,0.0
2023-12-08 00:00:00-05:00,250.76378877144316,251.78652007763642,249.6525561998969,251.4915008544922,3732300,0.0,0.0
2023-12-11 00:00:00-05:00,250.76383709665657,253.35015127703699,250.76383709665657,252.25857543945312,6479300,0.0,0.0
2023-12-12 00:00:00-05:00,253.02555135876983,255.40536193357957,252.14050875215798,255.24801635742188,5946600,0.0,0.0
2023-12-13 00:00:00-05:00,254.84482723638132,258.11952393691223,254.39247745571174,258.02117919921875,4859900,0.0,0.0
2023-12-14 00:00:00-05:00,258.81778506234036,258.8767859175413,252.1405748497591,254.431884765625,8168700,0.0,0.0
2023-12-15 00:00:00-05:00,250.28194112118902,254.07781737885722,250.22294027347587,253.74346923828125,13374000,0.0,0.0
2023-12-18 00:00:00-05:00,254.40235450036874,255.27755375694008,253.66481388625164,254.07781982421875,6041100,0.0,0.0
2023-12-19 00:00:00-05:00,254.31378857311958,256.0150594950761,252.92723881679584,255.67086791992188,8731200,0.0,0.0
2023-12-20 00:00:00-05:00,256.1724740592856,256.48716529906375,252.80927520669945,252.83877563476562,7240900,0.0,0.0
2023-12-21 00:00:00-05:00,253.2321333211624,255.67091519712895,252.76993998005486,255.22840881347656,6246700,0.0,0.0
2023-12-22 00:00:00-05:00,255.68078184896638,256.8706724692162,253.9303530813478,254.13685607910156,5111500,0.0,0.0
2023-12-26 00:00:00-05:00,254.23516688941874,255.4250573507542,254.23516688941874,254.85470581054688,2085100,0.0,0.0
2023-12-27 00:00:00-05:00,254.9432465462794,255.45459731701771,254.0188597606534,254.62855529785156,4034700,0.0,0.0
2023-12-28 00:00:00-05:00,254.24504065093333,256.6346653365383,254.24504065093333,256.0741271972656,3020500,0.0,0.0
2023-12-29 00:00:00-05:00,256.241279304345,257.1164785438654,255.35623658676815,256.0249328613281,4074900,0.0,0.0
2024-01-02 00:00:00-05:00,255.297200892084,255.76923767079677,253.38945685330268,254.5695037841797,5471000,0.0,0.0
2024-01-03 00:00:00-05:00,254.25482875145062,254.5596764787564,252.59290145840683,253.69432067871094,4148300,0.0,0.0
2024-01-04 00:00:00-05:00,253.78278523684574,256.7034469199368,253.71394091854845,255.29718017578125,3843000,0.0,0.0
2024-01-05 00:00:00-05:00,256.4478043566916,257.11650068884524,254.45152882852878,255.37591552734375,3748400,0.0,0.0
2024-01-08 00:00:00-05:00,256.6051627053084,258.2572466705079,255.6316185848529,258.1785888671875,4659000,0.0,0.0
2024-01-09 00:00:00-05:00,257.6474609380659,259.24054349026216,256.80176230343227,258.9553527832031,7055800,0.0,0.0
2024-01-10 00:00:00-05:00,260.5681399130611,260.9614888397447,258.49317705811114,260.1649475097656,4355800,0.0,0.0
2024-01-11 00:00:00-05:00,261.0500664247955,261.7679501835766,258.04090274046007,259.6438293457031,5599000,0.0,0.0
2024-01-12 00:00:00-05:00,260.72547649908967,261.138482354162,259.32905334530597,259.78143310546875,4656100,0.0,0.0
2024-01-16 00:00:00-05:00,259.1422515746486,261.2467151353618,257.9917050571849,260.83367919921875,6196400,0.0,0.0
2024-01-17 00:00:00-05:00,260.0273747796466,262.66284647060667,259.99787435066605,262.2006530761719,5118700,0.0,0.0
2024-01-18 00:00:00-05:00,263.4298260256499,264.3148686986883,261.9940888000275,263.6855163574219,6694300,0.0,0.0
2024-01-19 00:00:00-05:00,263.72481288737293,266.6454745235754,262.61358037778814,266.3996276855469,7226500,0.0,0.0
2024-01-22 00:00:00-05:00,267.71740354135494,267.825591771928,265.8686302386586,266.6947021484375,5984300,0.0,0.0
2024-01-23 00:00:00-05:00,267.0388533833855,267.3535445738665,265.42611355072705,266.7536926269531,5883000,0.0,0.0
2024-01-24 00:00:00-05:00,268.0419061104385,268.3270668437943,266.57663850297735,267.1371765136719,5021700,0.0,0.0
2024-01-25 00:00:00-05:00,267.4322284866226,268.24842686379344,266.3013089129451,268.08123779296875,6894900,0.0,0.0
2024-01-26 00:00:00-05:00,261.5220254153432,266.3701176843398,261.18767732892263,263.4888000488281,8586500,0.0,0.0
2024-01-29 00:00:00-05:00,262.53496569973623,270.5004105618207,262.27927534281287,269.11383056640625,6574500,0.0,0.0
2024-01-30 00:00:00-05:00,270.0283678237029,274.01110517261696,269.63501882902864,272.54583740234375,6549000,0.0,0.0
2024-01-31 00:00:00-05:00,272.51628911408693,275.3386059186926,268.64174067531974,268.7204284667969,6139300,0.0,0.0
2024-02-01 00:00:00-05:00,268.8483377281884,272.58519842824285,268.8188072913933,272.447509765625,7065000,0.0,0.0
2024-02-02 00:00:00-05:00,272.9981667701074,273.87339597742243,271.1002362554655,272.5753173828125,4848700,0.0,0.0
2024-02-05 00:00:00-05:00,272.79166439738873,273.38170285170713,270.55938575705676,271.00189208984375,4899100,0.0,0.0
2024-02-06 00:00:00-05:00,270.23486196905975,272.2803246915351,269.4776644287743,272.1623229980469,4400000,0.0,0.0
2024-02-07 00:00:00-05:00,274.73881374783946,274.89615935437877,272.45734746892833,274.7486572265625,4785900,0.0,0.0
2024-02-08 00:00:00-05:00,275.4087876413675,275.52700939402297,271.21173502268084,271.704345703125,5833400,0.52,0.0
2024-02-09 00:00:00-05:00,270.93580654926257,273.08358136338717,270.0392517268757,272.34466552734375,4618300,0.0,0.0
2024-02-12 00:00:00-05:00,272.3446776032524,272.58115112653405,270.1870408610098,271.0047912597656,3676200,0.0,0.0
2024-02-13 00:00:00-05:00,269.7043029387208,273.8914930300068,268.72894357405136,271.7338562011719,5493800,0.0,0.0
2024-02-14 00:00:00-05:00,272.384089859988,273.5368118234208,270.65009103176885,273.4579772949219,4218400,0.0,0.0
2024-02-15 00:00:00-05:00,273.54665029836144,276.96536894169213,273.4579840015479,276.82745361328125,4834800,0.0,0.0
2024-02-16 00:00:00-05:00,276.807731582462,276.96537057769405,273.76340177429296,274.4432067871094,6630700,0.0,0.0
2024-02-20 00:00:00-05:00,270.51223352742016,272.7486751699554,269.30040044187126,271.0836486816406,6157200,0.0,0.0
2024-02-21 00:00:00-05:00,270.57130434492547,272.8767183566813,269.4875550060919,272.6698303222656,4770100,0.0,0.0
2024-02-22 00:00:00-05:00,275.05405040551386,279.86193472469955,274.85702420329994,279.5565185546875,5100200,0.0,0.0
2024-02-23 00:00:00-05:00,280.5121647923733,281.7239976211666,279.31019379630163,279.4087219238281,5107700,0.0,0.0
2024-02-26 00:00:00-05:00,278.85701096411447,281.1328694826165,278.4826221053887,279.9505920410156,3856900,0.0,0.0
2024-02-27 00:00:00-05:00,279.97032864655483,279.97032864655483,277.37919201499636,278.985107421875,4145200,0.0,0.0
2024-02-28 00:00:00-05:00,277.93086232609033,281.9013019278962,277.911138662626,281.40869140625,4358800,0.0,0.0
2024-02-29 00:00:00-05:00,281.2806392084779,281.43827820096067,278.0096977642289,278.4629211425781,6633700,0.0,0.0
2024-03-01 00:00:00-05:00,279.01466751242407,280.6993874161044,277.9407499010226,278.9752502441406,3955700,0.0,0.0
2024-03-04 00:00:00-05:00,278.63042807387336,278.81762252258847,274.01959969477633,276.3841247558594,5920300,0.0,0.0
2024-03-05 00:00:00-05:00,276.12792985016307,276.8372903038528,273.57621059681713,275.2510986328125,6227900,0.0,0.0
2024-03-06 00:00:00-05:00,275.86188463978635,277.83232667292765,275.1820797330278,276.2855224609375,4535200,0.0,0.0
2024-03-07 00:00:00-05:00,276.7289802290094,277.0147028418647,272.07873421014517,274.147705078125,5668500,0.0,0.0
2024-03-08 00:00:00-05:00,274.8766982649203,277.5072519399692,274.7091974417077,275.9013366699219,3928800,0.0,0.0
2024-03-11 00:00:00-04:00,275.3200846385791,276.6205538110621,273.88163999543445,276.4136657714844,4614000,0.0,0.0
2024-03-12 00:00:00-04:00,277.15258645298604,280.2757510337411,276.14767160550036,279.7240295410156,7988700,0.0,0.0
2024-03-13 00:00:00-04:00,280.45307786050313,281.87179883156864,279.62549563847585,280.9259948730469,5783800,0.0,0.0
2024-03-14 00:00:00-04:00,284.6895176814504,284.7683522169831,280.34468845710944,282.1772155761719,5484500,0.0,0.0
2024-03-15 00:00:00-04:00,279.3594369555743,281.40871372542904,278.46291219364576,278.85699462890625,9845000,0.0,0.0
2024-03-18 00:00:00-04:00,279.67475690920253,281.9998947393958,279.06392453287924,280.8373107910156,4095600,0.0,0.0
2024-03-19 00:00:00-04:00,282.42355789523805,283.8028617821618,281.0343921734388,283.1033630371094,6595200,0.0,0.0
2024-03-20 00:00:00-04:00,283.3890137606855,285.5860375875582,282.48259711260226,285.0047607421875,6105000,0.0,0.0
2024-03-21 00:00:00-04:00,285.6845613751677,286.6599206353756,283.64514649785866,286.0786437988281,5057600,0.0,0.0
2024-03-22 00:00:00-04:00,285.71417336000616,286.19692216955417,278.7092644382012,279.07379150390625,8744100,0.0,0.0
2024-03-25 00:00:00-04:00,278.8274321268233,279.31018084278264,275.9013242677126,277.05401611328125,8519200,0.0,0.0
2024-03-26 00:00:00-04:00,279.93092436420665,279.93092436420665,274.29545749496054,276.4530944824219,8752400,0.0,0.0
2024-03-27 00:00:00-04:00,276.10825630566666,277.0934775592105,272.8865936305422,274.89642333984375,5190700,0.0,0.0
2024-03-28 00:00:00-04:00,274.37422850045795,275.6648658019069,273.02448033532147,274.95550537109375,5844400,0.0,0.0
2024-04-01 00:00:00-04:00,276.21657454985336,276.7387705993727,272.6993580557942,274.1673278808594,5084000,0.0,0.0
2024-04-02 00:00:00-04:00,273.89154291323405,275.2018741158661,272.8866279322659,274.3250427246094,6912300,0.0,0.0
2024-04-03 00:00:00-04:00,276.33484963096123,276.33484963096123,272.47276934475815,272.8668518066406,4536600,0.0,0.0
2024-04-04 00:00:00-04:00,274.2461417743895,274.95550219701386,269.5170923346028,269.9505920410156,4018600,0.0,0.0
2024-04-05 00:00:00-04:00,272.01949028674954,273.8519866869241,270.9652967318681,273.04412841796875,4392100,0.0,0.0
2024-04-08 00:00:00-04:00,272.1673661285219,273.87180968878374,271.0836167568689,273.6550598144531,5542400,0.0,0.0
2024-04-09 00:00:00-04:00,273.5269258603123,273.8914528394129,269.2806255255729,272.63037109375,7313900,0.0,0.0
2024-04-10 00:00:00-04:00,271.34960265069043,272.7289061471813,270.0687972087937,270.4234924316406,5276000,0.0,0.0
2024-04-11 00:00:00-04:00,269.9505488581258,272.3939077155472,268.1574394563059,271.605712890625,8102300,0.0,0.0
2024-04-12 00:00:00-04:00,271.477708503965,272.9062913698927,270.00973843522627,271.88165283203125,9038400,0.0,0.0
2024-04-15 00:00:00-04:00,273.7831096656257,273.8028032639335,266.34467221867743,267.2707824707031,10267500,0.0,0.0
2024-04-16 00:00:00-04:00,266.54175593598535,270.07869648999673,266.1772288970704,267.33978271484375,8237100,0.0,0.0
2024-04-17 00:00:00-04:00,269.26094364840793,269.9506105194267,267.48755750373846,268.65997314453125,5940900,0.0,0.0
2024-04-18 00:00:00-04:00,268.54174399424033,269.11315904881087,265.8717729510428,267.3594665527344,8231800,0.0,0.0
2024-04-19 00:00:00-04:00,267.45802565835356,267.98019174106867,264.32502916206295,265.7929992675781,7905400,0.0,0.0
2024-04-22 00:00:00-04:00,266.9457177415937,269.71418713202047,265.37918944840726,268.3052978515625,6463700,0.0,0.0
2024-04-23 00:00:00-04:00,269.9604924038244,270.8274919403925,268.6796867005969,270.0589904785156,6438000,0.0,0.0
2024-04-24 00:00:00-04:00,278.3939429706005,278.8175808421241,270.4333393728859,270.95550537109375,8807200,0.0,0.0
2024-04-25 00:00:00-04:00,268.9357779086206,272.1377461626205,266.4924190016071,271.0934143066406,8064600,0.0,0.0
2024-04-26 00:00:00-04:00,270.9456999903768,272.6796689093154,269.78311608878676,270.4629211425781,6840600,0.0,0.0
2024-04-29 00:00:00-04:00,268.2953961629842,270.4136153488353,267.083563480897,267.8224792480469,4128600,0.0,0.0
2024-04-30 00:00:00-04:00,266.53192750588045,268.05900855395146,264.6107338691479,264.6402893066406,6376400,0.0,0.0
2024-05-01 00:00:00-04:00,264.18707466396404,266.90629496089207,262.7683536452683,263.3693542480469,6119900,0.0,0.0
2024-05-02 00:00:00-04:00,265.36933461971523,265.48755635234596,262.70922536926423,263.655029296875,5061700,0.0,0.0
2024-05-03 00:00:00-04:00,265.02450613102246,265.467867703221,262.561453100065,264.52203369140625,3862000,0.0,0.0
2024-05-06 00:00:00-04:00,265.66487173338965,268.74861868142955,265.58606727226476,268.6402587890625,3958700,0.0,0.0
2024-05-07 00:00:00-04:00,269.67477088302957,273.7732950297811,268.7979095088898,272.374267578125,6377100,0.0,0.0
2024-05-08 00:00:00-04:00,273.6944458605695,274.43336178359107,270.8570339720819,273.0934753417969,9029700,0.0,0.0
2024-05-09 00:00:00-04:00,272.709217606693,274.6698282505494,272.31513513787695,274.42352294921875,8948800,0.0,0.0
2024-05-10 00:00:00-04:00,275.4185269516101,276.87666490019257,275.1131108375886,276.5909423828125,8986400,0.0,0.0
2024-05-13 00:00:00-04:00,277.30034077216953,277.98014578156506,274.97523325396634,275.2609558105469,10528400,0.0,0.0
2024-05-14 00:00:00-04:00,275.3102029374873,275.85206254803865,270.21659631873723,273.63531494140625,18526100,0.0,0.0
2024-05-15 00:00:00-04:00,273.0540642510524,277.5663944269939,272.975259780103,277.33978271484375,21288400,0.0,0.0
2024-05-16 00:00:00-04:00,278.08991716298056,278.7216401229303,275.6420659986968,276.21453857421875,10341500,0.52,0.0
2024-05-17 00:00:00-04:00,276.42179059205904,277.270664496175,274.4970719571172,276.4711608886719,6177800,0.0,0.0
2024-05-20 00:00:00-04:00,275.60257954683095,276.63896427202883,274.5760447839983,274.931396484375,5460900,0.0,0.0
2024-05-21 00:00:00-04:00,274.39836811972134,274.8227900209365,271.3187941316,272.37493896484375,6578200,0.0,0.0
2024-05-22 00:00:00-04:00,271.9603949267609,274.47734658468073,271.55570302982517,272.0097351074219,4202500,0.0,0.0
2024-05-23 00:00:00-04:00,271.67407937678183,273.84558901262346,269.49271978046136,270.67718505859375,6115900,0.0,0.0
2024-05-24 00:00:00-04:00,271.4470897386064,271.67409067210735,269.80859242202126,270.9338073730469,4339700,0.0,0.0
2024-05-28 00:00:00-04:00,270.67725534713264,270.90425633014246,266.7290768910463,267.4693603515625,6212100,0.0,0.0
2024-05-29 00:00:00-04:00,265.51497070829936,267.62726039861616,264.7845674168328,265.37677001953125,5469700,0.0,0.0
2024-05-30 00:00:00-04:00,265.21889491649733,268.12080843766523,264.83393306550886,267.7851867675781,4901900,0.0,0.0
2024-05-31 00:00:00-04:00,267.9233402797892,269.22624614597527,265.5248295639957,268.93011474609375,8910000,0.0,0.0
2024-06-03 00:00:00-04:00,269.5520187871643,269.59150900722744,264.5871854221996,266.87713623046875,4838800,0.0,0.0
2024-06-04 00:00:00-04:00,266.13679313755625,269.45324794696313,265.82093169222077,268.8906555175781,4188500,0.0,0.0
2024-06-05 00:00:00-04:00,269.9863215892631,271.36817807318107,268.4958745304237,270.9437561035156,5368700,0.0,0.0
2024-06-06 00:00:00-04:00,271.2398661319613,273.5594271554032,270.5291927571667,273.45086669921875,4862400,0.0,0.0
2024-06-07 00:00:00-04:00,274.11213842752596,276.6981903750235,273.27314452064377,275.0597229003906,4515600,0.0,0.0
2024-06-10 00:00:00-04:00,274.53655892001944,274.9511007223029,269.8382176794319,271.4767150878906,5213800,0.0,0.0
2024-06-11 00:00:00-04:00,270.98319063293866,271.299021962775,268.69324028894096,271.11151123046875,6244600,0.0,0.0
2024-06-12 00:00:00-04:00,273.18432116290523,274.00358504353994,266.40332962849203,266.8179016113281,7536600,0.0,0.0
2024-06-13 00:00:00-04:00,266.81788131357195,268.3379081831795,265.8308367956515,267.6766052246094,7361200,0.0,0.0
2024-06-14 00:00:00-04:00,266.60073037999655,268.0319268580065,265.7814665614855,267.1534729003906,8537300,0.0,0.0
2024-06-17 00:00:00-04:00,265.5149908859168,268.3083137816134,265.5149908859168,267.6568908691406,9258200,0.0,0.0
2024-06-18 00:00:00-04:00,267.7851836129398,270.3515055559987,267.7851836129398,270.07513427734375,6707500,0.0,0.0
2024-06-20 00:00:00-04:00,269.65066652702774,274.4378379710254,269.56183614421604,273.233642578125,10164400,0.0,0.0
2024-06-21 00:00:00-04:00,273.5791372511416,273.9443388964981,271.02266548923086,271.6543884277344,14594700,0.0,0.0
2024-06-24 00:00:00-04:00,271.7531135654778,276.7574366785951,271.70374326450144,272.72039794921875,24149600,0.0,0.0
2024-06-25 00:00:00-04:00,273.26326189179235,274.3292566435725,269.98626708984375,269.98626708984375,18325800,0.0,0.0
2024-06-26 00:00:00-04:00,269.37432626889114,270.9042332413483,268.2293509995455,270.0553894042969,12172000,0.0,0.0
2024-06-27 00:00:00-04:00,265.0313694565726,267.08440908135236,263.0474000646319,263.13623046875,10529100,0.0,0.0
2024-06-28 00:00:00-04:00,263.73831156855744,265.12016789189846,257.8653845415974,259.069580078125,13957300,0.0,0.0
2024-07-01 00:00:00-04:00,260.37251298449655,262.3268420857099,257.9147513575653,259.8296203613281,7955800,0.0,0.0
2024-07-02 00:00:00-04:00,259.82957155570443,264.75494384765625,259.00045783180497,264.75494384765625,8697800,0.0,0.0
2024-07-03 00:00:00-04:00,265.58407686577385,266.25525991166137,264.67598265141373,265.5050964355469,5017800,0.0,0.0
2024-07-05 00:00:00-04:00,265.51496429230957,267.0448711826576,264.7648008507418,266.8573303222656,7986400,0.0,0.0
2024-07-08 00:00:00-04:00,266.74876612296725,267.92335144370156,262.52421702625963,262.9486389160156,8561100,0.0,0.0
2024-07-09 00:00:00-04:00,263.5408856673846,264.08374810208585,260.500801813083,262.0010986328125,6431300,0.0,0.0
2024-07-10 00:00:00-04:00,255.7629747914554,260.0665046225865,255.16089208446755,259.59271240234375,9635500,0.0,0.0
2024-07-11 00:00:00-04:00,258.73401768773215,260.2145846556575,257.38177134324764,259.1485595703125,8803600,0.0,0.0
2024-07-12 00:00:00-04:00,260.9153239824876,263.9356775629029,260.24414099177443,262.29718017578125,6627800,0.0,0.0
2024-07-15 00:00:00-04:00,262.22815464183657,265.751881004632,261.8135826521019,264.9721374511719,6845200,0.0,0.0
2024-07-16 00:00:00-04:00,265.0411654559129,266.709272989877,263.90607036034487,265.76171875,7869900,0.0,0.0
2024-07-17 00:00:00-04:00,264.96223391944886,269.3743241380767,264.76481296614764,269.16705322265625,5324700,0.0,0.0
2024-07-18 00:00:00-04:00,268.7623591347733,270.07511508454115,265.0806722537845,265.66302490234375,5550800,0.0,0.0
2024-07-19 00:00:00-04:00,266.8178957867097,267.43973868628376,260.885748273121,262.0208435058594,6839900,0.0,0.0
2024-07-22 00:00:00-04:00,263.76793709293264,264.9227623968229,261.5865468572101,264.24169921875,5313600,0.0,0.0
2024-07-23 00:00:00-04:00,264.0639891074897,264.2317999105182,260.4415228785526,261.3594970703125,8109200,0.0,0.0
2024-07-24 00:00:00-04:00,252.75249935154562,253.86786448702082,249.85058603131748,250.87710571289062,13065900,0.0,0.0
2024-07-25 00:00:00-04:00,252.08129993237114,254.87463773764222,249.4261477577695,250.4526824951172,8573300,0.0,0.0
2024-07-26 00:00:00-04:00,252.278684107085,257.8160190637147,252.278684107085,256.0985412597656,7062200,0.0,0.0
2024-07-29 00:00:00-04:00,256.9473998301463,259.3064202311207,255.2299221285265,258.2108154296875,6068100,0.0,0.0
2024-07-30 00:00:00-04:00,259.81975738339406,260.87587219821154,257.62851719618044,259.6914367675781,5941800,0.0,0.0
2024-07-31 00:00:00-04:00,261.1127842080853,262.9091824685601,260.8265328428374,262.2281494140625,7642500,0.0,0.0
2024-08-01 00:00:00-04:00,262.8795529933477,263.5408860735961,260.75741330596077,262.4847412109375,7269700,0.0,0.0
2024-08-02 00:00:00-04:00,260.4119096502471,264.4884078238293,259.4742355477034,263.12628173828125,7017900,0.0,0.0
2024-08-05 00:00:00-04:00,258.06279356651714,259.5137501694966,251.21268734546524,253.11769104003906,9631300,0.0,0.0
2024-08-06 00:00:00-04:00,253.17690041221064,257.11519811285024,252.45636218370188,254.9141082763672,21586800,0.0,0.0
2024-08-07 00:00:00-04:00,256.29600504203904,258.635295929883,252.9893995999673,253.19667053222656,12908600,0.0,0.0
2024-08-08 00:00:00-04:00,254.78581795044016,257.0757685666827,254.57854702636075,256.4637756347656,8223700,0.0,0.0
2024-08-09 00:00:00-04:00,256.3252930984267,258.6494747152461,256.16704567989024,256.9088134765625,7228100,0.52,0.0
2024-08-12 00:00:00-04:00,257.64070459211496,258.7286368284504,256.39452492298415,257.03741455078125,26769400,0.0,0.0
2024-08-13 00:00:00-04:00,257.2747497558594,258.80772447648155,256.42417364635253,257.2747497558594,12005700,0.0,0.0
2024-08-14 00:00:00-04:00,258.0066259060042,258.62971570997246,255.9000004478679,258.273681640625,8552300,0.0,0.0
2024-08-15 00:00:00-04:00,259.95499544814714,264.4550715617028,259.95499544814714,263.87152099609375,7397800,0.0,0.0
2024-08-16 00:00:00-04:00,263.9209785620274,265.49352261227324,262.47701242111253,264.4451599121094,5111100,0.0,0.0
2024-08-19 00:00:00-04:00,264.48475067307976,265.36496613614923,262.31878619546114,263.545166015625,6555900,0.0,0.0
2024-08-20 00:00:00-04:00,264.06933777062517,265.0979309082031,262.86272760421906,265.0979309082031,6803600,0.0,0.0
2024-08-21 00:00:00-04:00,265.6121680314057,266.31436631626354,264.45502735464316,265.2561340332031,6639700,0.0,0.0
2024-08-22 00:00:00-04:00,265.98807780945026,266.54192875328965,263.64409610380636,264.9990539550781,4425200,0.0,0.0
2024-08-23 00:00:00-04:00,265.75072685807237,266.2551085093339,262.3979214395611,264.5045471191406,3697400,0.0,0.0
2024-08-26 00:00:00-04:00,264.7815011893839,267.40240870041964,264.73206206342,265.26611328125,4612200,0.0,0.0
2024-08-27 00:00:00-04:00,265.5727009049103,267.97605204868364,264.94964116812605,267.7485656738281,6594100,0.0,0.0
2024-08-28 00:00:00-04:00,268.1837298931054,268.9947367517079,264.7320460691463,266.2353515625,5455100,0.0,0.0
2024-08-29 00:00:00-04:00,268.00565491989545,272.9606431665216,267.4814735626241,271.3089904785156,5565100,0.0,0.0
2024-08-30 00:00:00-04:00,271.981498752442,273.94964612134396,271.2496309233239,273.3364562988281,6296100,0.0,0.0
2024-09-03 00:00:00-04:00,273.336471336143,278.9936880287238,273.336471336143,275.482666015625,7278300,0.0,0.0
2024-09-04 00:00:00-04:00,275.6508241840625,278.5585566691658,275.6409544699037,277.4112854003906,6107500,0.0,0.0
2024-09-05 00:00:00-04:00,277.91567949861,278.4101913838389,274.36508778458017,275.5617980957031,6447400,0.0,0.0
2024-09-06 00:00:00-04:00,274.7211446665305,277.2036041949525,274.3848801785654,276.3035888671875,7187700,0.0,0.0
2024-09-09 00:00:00-04:00,278.9937143010236,283.82015517357473,278.55854142349125,282.4750671386719,10933900,0.0,0.0
2024-09-10 00:00:00-04:00,282.79158931194524,283.256431740462,280.45750745478927,282.20806884765625,5314400,0.0,0.0
2024-09-11 00:00:00-04:00,281.89156353762405,282.0399412594647,275.2453221366819,280.84320068359375,6281800,0.0,0.0
2024-09-12 00:00:00-04:00,280.8827740850073,282.86082178983133,278.38054494570946,282.23773193359375,4160800,0.0,0.0
2024-09-13 00:00:00-04:00,283.34543818316337,285.5707418853645,282.4157533329681,284.1960144042969,4987600,0.0,0.0
2024-09-16 00:00:00-04:00,284.88830561925977,287.7070296055238,284.5817106428442,287.2916564941406,4458900,0.0,0.0
2024-09-17 00:00:00-04:00,287.7070428583821,289.85323797476497,286.89603602674515,288.35980224609375,5135700,0.0,0.0
2024-09-18 00:00:00-04:00,288.63667326276794,288.8146902851127,284.9674037833809,285.3135681152344,5890000,0.0,0.0
2024-09-19 00:00:00-04:00,287.8949882447724,288.2807220866763,279.76520987870526,282.10919189453125,10382100,0.0,0.0
2024-09-20 00:00:00-04:00,282.3662853246312,283.84982097432277,280.1409818500938,281.644287109375,27810900,0.0,0.0
2024-09-23 00:00:00-04:00,281.77287493572635,285.7092005303872,281.4959494786846,285.4619445800781,6505600,0.0,0.0
2024-09-24 00:00:00-04:00,277.1047208417307,277.9157277180452,269.71671078725956,269.78594970703125,13690200,0.0,0.0
2024-09-25 00:00:00-04:00,271.1804479861817,271.2397870017281,265.2858743752154,266.6705017089844,11671300,0.0,0.0
2024-09-26 00:00:00-04:00,267.5309145905451,270.2408299079998,267.03640273363095,268.7078552246094,9552500,0.0,0.0
2024-09-27 00:00:00-04:00,270.1617715452645,274.92887397649326,269.78593763488186,272.14971923828125,6509600,0.0,0.0
2024-09-30 00:00:00-04:00,271.98156802739135,272.6639969217782,270.20133710971203,271.93212890625,5969900,0.0,0.0
2024-10-01 00:00:00-04:00,273.92994966711785,275.99700598772864,271.3485816037428,274.55303955078125,5781600,0.0,0.0
2024-10-02 00:00:00-04:00,273.534291262883,274.59255386303965,272.34745075283337,273.9595642089844,4741600,0.0,0.0
2024-10-03 00:00:00-04:00,273.6332192090877,274.6420125868415,272.81231257927755,273.82110595703125,3036700,0.0,0.0
2024-10-04 00:00:00-04:00,274.30574351814363,275.3837757853776,272.0804400772435,274.8793640136719,4259300,0.0,0.0
2024-10-07 00:00:00-04:00,274.55302956612184,274.57279917758075,270.24086984166365,270.78485107421875,4339300,0.0,0.0
2024-10-08 00:00:00-04:00,271.6947301244493,273.06948774711844,271.0024315473182,271.9419860839844,4370900,0.0,0.0
2024-10-09 00:00:00-04:00,271.98157197985284,274.44423182770663,271.4079513993001,273.890380859375,4115800,0.0,0.0
2024-10-10 00:00:00-04:00,273.7420400729797,274.6222858516943,272.3277431075768,274.4244689941406,4063900,0.0,0.0
2024-10-11 00:00:00-04:00,273.0101439514207,275.7398291727192,272.34748471111936,274.7903747558594,4746300,0.0,0.0
2024-10-14 00:00:00-04:00,276.0167380740133,278.28161093893755,274.93870579591123,277.59918212890625,3996600,0.0,0.0
2024-10-15 00:00:00-04:00,277.9157096847333,279.5377233321136,275.76951458938026,276.2244873046875,5807000,0.0,0.0
2024-10-16 00:00:00-04:00,275.5617996542724,284.4432440289553,275.2947741004782,284.3641052246094,9442700,0.0,0.0
2024-10-17 00:00:00-04:00,285.4026364792854,287.7367184153602,284.4531517957774,287.2026672363281,8815800,0.0,0.0
2024-10-18 00:00:00-04:00,286.73778569662414,287.84548749373874,284.9179553926671,287.4300842285156,5350900,0.0,0.0
2024-10-21 00:00:00-04:00,286.4213540634027,287.2521305946053,283.1872262933238,283.7015380859375,6313100,0.0,0.0
2024-10-22 00:00:00-04:00,281.92124922370334,283.38501545418455,280.41794376890044,281.66412353515625,5736500,0.0,0.0
2024-10-23 00:00:00-04:00,282.9004201846117,282.9201897979452,280.4179604022373,280.64544677734375,5249300,0.0,0.0
2024-10-24 00:00:00-04:00,279.2904516329402,280.5069316173495,278.6376922883882,280.111328125,4679900,0.0,0.0
2024-10-25 00:00:00-04:00,280.88276854747363,281.96080090343605,277.6981105981872,278.6376953125,4464600,0.0,0.0
2024-10-28 00:00:00-04:00,278.9442835579841,281.51575149805836,278.4398717569286,281.0706787109375,4306200,0.0,0.0
2024-10-29 00:00:00-04:00,281.14979251198,282.56411952375953,278.2618598386176,278.7860412597656,7534800,0.0,0.0
2024-10-30 00:00:00-04:00,289.131192654303,292.5334366889096,285.16519785162643,286.9751281738281,9606800,0.0,0.0
2024-10-31 00:00:00-04:00,288.883952192088,293.0873032558338,286.4410622489125,286.6685485839844,7950200,0.0,0.0
2024-11-01 00:00:00-04:00,285.32349384341217,289.4576366637813,284.03777485280773,287.5487976074219,5470700,0.0,0.0
2024-11-04 00:00:00-05:00,288.3499116774509,289.93235598528514,287.5686045124736,288.6466369628906,4281600,0.0,0.0
2024-11-05 00:00:00-05:00,288.50815661723516,291.54446726773324,288.3795786795911,290.0708312988281,3753700,0.0,0.0
2024-11-06 00:00:00-05:00,302.95780741285546,305.60838421333796,299.49622377289853,304.02593994140625,10320500,0.0,0.0
2024-11-07 00:00:00-05:00,304.1248033771723,304.2533812939965,301.0786235049947,302.4434509277344,6237300,0.0,0.0
2024-11-08 00:00:00-05:00,303.52152916448046,307.7347500379499,302.3346885287191,304.4907531738281,6240600,0.0,0.0
2024-11-11 00:00:00-05:00,306.6864174796185,309.01062968076644,305.9050801476126,307.50732421875,4674100,0.0,0.0
2024-11-12 00:00:00-05:00,306.229047250672,307.7252920530031,305.30748334778315,307.03167724609375,4616400,0.59,0.0
2024-11-13 00:00:00-05:00,306.6749275411851,308.12166942881066,305.03994167859054,306.6650390625,4046400,0.0,0.0
2024-11-14 00:00:00-05:00,306.48663474835115,308.45855452661425,305.030004470335,305.4461975097656,4415800,0.0,0.0
2024-11-15 00:00:00-05:00,304.7625106111865,307.8937716895116,303.87070282862504,306.8236083984375,5106300,0.0,0.0
2024-11-18 00:00:00-05:00,306.6650322851682,309.56837423494426,305.8921282450232,309.3206481933594,4585600,0.0,0.0
2024-11-19 00:00:00-05:00,307.1803099043606,309.39003721362,305.7038722851678,309.01348876953125,4885500,0.0,0.0
2024-11-20 00:00:00-05:00,309.0233369379995,309.4494486817772,303.4346535600061,304.5940246582031,6349900,0.0,0.0
2024-11-21 00:00:00-05:00,304.5048502927646,308.09194891872653,303.8607686071072,307.0812072753906,5757100,0.0,0.0
2024-11-22 00:00:00-05:00,305.16873808500833,308.75580610269594,305.0993675401375,307.10101318359375,5919200,0.0,0.0
2024-11-25 00:00:00-05:00,309.0233282134078,310.8069736802772,307.04152007688117,310.34124755859375,14189300,0.0,0.0
2024-11-26 00:00:00-05:00,311.3421215572309,311.63938073060933,308.7063126732852,308.9837646484375,7071500,0.0,0.0
2024-11-27 00:00:00-05:00,307.9432484179726,313.49231728446864,306.6748924119157,311.8375244140625,5204300,0.0,0.0
2024-11-29 00:00:00-05:00,311.43125782733915,313.37342139471383,310.846628037568,312.21405029296875,3853300,0.0,0.0
2024-12-02 00:00:00-05:00,314.01747087251084,314.53276030498955,310.85648470015155,313.7697448730469,5597500,0.0,0.0
2024-12-03 00:00:00-05:00,314.21572789921237,314.4337280328339,309.9250957783882,310.1629333496094,5009900,0.0,0.0
2024-12-04 00:00:00-05:00,309.578305227165,310.0043867779849,305.9912066012031,307.0812072753906,5981800,0.0,0.0
2024-12-05 00:00:00-05:00,307.16051478783714,308.2604040062033,306.02095069169417,306.2686767578125,5200100,0.0,0.0
2024-12-06 00:00:00-05:00,306.06057234425356,309.71701122476054,305.99120179335057,308.1811218261719,4302700,0.0,0.0
2024-12-09 00:00:00-05:00,308.99358699963926,310.16287672468104,304.84172698000833,305.4956970214844,5785300,0.0,0.0
2024-12-10 00:00:00-05:00,304.5642771952526,310.1331837766131,303.8508552559972,309.53863525390625,4539500,0.0,0.0
2024-12-11 00:00:00-05:00,310.19264342109153,312.67979227309525,308.37927189314206,310.9358215332031,4321800,0.0,0.0
2024-12-12 00:00:00-05:00,311.9564559995197,312.67979668525186,310.57908469710617,311.371826171875,3218500,0.0,0.0
2024-12-13 00:00:00-05:00,312.9572486574793,314.06708672221254,311.4808111306398,311.8771667480469,4682200,0.0,0.0
2024-12-16 00:00:00-05:00,311.8771596786045,314.6715166139761,311.242996753127,313.0167236328125,6562500,0.0,0.0
2024-12-17 00:00:00-05:00,312.9473924485104,315.93991244450143,312.27358480543927,315.4048156738281,8843900,0.0,0.0
2024-12-18 00:00:00-05:00,315.6029968758346,318.6946132313208,306.7443106510776,306.9623107910156,10479200,0.0,0.0
2024-12-19 00:00:00-05:00,308.9936541167707,313.9878199254982,308.3991357681105,312.01593017578125,8317100,0.0,0.0
2024-12-20 00:00:00-05:00,310.71783231409603,317.08933896124967,309.43955744920964,314.8201599121094,24387000,0.0,0.0
2024-12-23 00:00:00-05:00,312.7788680571313,315.07777278954,310.49980075999747,314.3345947265625,7984600,0.0,0.0
2024-12-24 00:00:00-05:00,315.27600586736105,318.6153482173613,314.39408660507786,317.7334289550781,2684100,0.0,0.0
2024-12-26 00:00:00-05:00,316.86141308939995,318.5261550644452,316.55423521828936,317.9910583496094,2856000,0.0,0.0
2024-12-27 00:00:00-05:00,316.3659421146555,318.5756691509963,314.6715045655296,315.7615051269531,3489200,0.0,0.0
2024-12-30 00:00:00-05:00,311.81771162915373,314.22560146350486,310.38091875120523,312.4419860839844,3478500,0.0,0.0
2024-12-31 00:00:00-05:00,313.24463378700017,314.770634736431,312.32310013000483,313.1653747558594,3963800,0.0,0.0
2025-01-02 00:00:00-05:00,314.8895443318197,316.77225631682643,309.56839346640714,311.540283203125,5369500,0.0,0.0
2025-01-03 00:00:00-05:00,311.3222833235061,313.04647724468725,309.1720380815693,312.045654296875,4271300,0.0,0.0
2025-01-06 00:00:00-05:00,312.1447399431988,312.5212883754562,309.2314791925708,310.1926574707031,6567300,0.0,0.0
2025-01-07 00:00:00-05:00,310.0439871757871,312.32305442754614,308.48826053732944,308.8350830078125,4958600,0.0,0.0
2025-01-08 00:00:00-05:00,308.1711697340607,311.18352661280704,307.3883470414932,309.7566223144531,5161600,0.0,0.0
2025-01-10 00:00:00-05:00,308.36937828225047,309.01345992069463,303.20674597658063,304.9111022949219,6660100,0.0,0.0
2025-01-13 00:00:00-05:00,302.2257770711499,304.1283264160156,301.07632458529287,304.1283264160156,9568400,0.0,0.0
2025-01-14 00:00:00-05:00,305.94166066613013,307.33883916631174,304.72283765788785,306.278564453125,5107600,0.0,0.0
2025-01-15 00:00:00-05:00,310.8268108506683,314.30489414248854,310.2818256565633,313.4031677246094,5222000,0.0,0.0
2025-01-16 00:00:00-05:00,312.87796273017324,316.2767564612195,312.87796273017324,314.36431884765625,4606700,0.0,0.0
2025-01-17 00:00:00-05:00,314.61205666824657,317.67394675631306,313.82923394981077,316.7127685546875,5805800,0.0,0.0
2025-01-21 00:00:00-05:00,317.3965310355639,321.6276812051789,317.0893531439055,320.68634033203125,5653000,0.0,0.0
2025-01-22 00:00:00-05:00,321.8159289099539,322.77710714206955,319.447683723604,320.616943359375,5026500,0.0,0.0
2025-01-23 00:00:00-05:00,320.8151346058415,325.5219292790962,320.6268603997117,325.2246398925781,5297100,0.0,0.0
2025-01-24 00:00:00-05:00,325.03636968275924,328.07845269289544,324.82828827763444,327.1965637207031,4327500,0.0,0.0
2025-01-27 00:00:00-05:00,326.9983571738793,332.4384110755195,325.066082058218,331.4970703125,6636500,0.0,0.0
2025-01-28 00:00:00-05:00,331.62592680786554,334.7571575148241,329.8621185154663,331.4376525878906,5999600,0.0,0.0
2025-01-29 00:00:00-05:00,331.45746796599275,334.04371351474384,331.45746796599275,332.8249206542969,5087300,0.0,0.0
2025-01-30 00:00:00-05:00,336.4218780598746,341.30702826782493,335.9165072659505,339.9296569824219,8081300,0.0,0.0
2025-01-31 00:00:00-05:00,343.31857591186593,348.0550967303691,338.60186229076385,338.6910400390625,8624100,0.0,0.0
2025-02-03 00:00:00-05:00,336.90739977567614,342.8528244775998,336.1543029699678,342.6744689941406,8004500,0.0,0.0
2025-02-04 00:00:00-05:00,341.4655738991025,342.8627523702409,339.42431378268606,342.01055908203125,5532600,0.0,0.0
2025-02-05 00:00:00-05:00,342.8528532939754,346.30121079731924,342.10967514377165,346.2615661621094,4939100,0.0,0.0
2025-02-06 00:00:00-05:00,346.59840306222884,347.46048471166984,343.44733557117195,344.3193359375,4294500,0.0,0.0
2025-02-07 00:00:00-05:00,344.83465447272994,347.55964096640815,344.0518317037109,344.8544616699219,4261200,0.0,0.0
2025-02-10 00:00:00-05:00,345.5283223077836,348.69919774760405,344.5374180628401,348.0353088378906,6067000,0.0,0.0
2025-02-11 00:00:00-05:00,345.71264864977434,349.5042791298253,343.67788914806516,348.11468505859375,5154800,0.59,0.0
2025-02-12 00:00:00-05:00,346.56628888262685,349.2164379800256,344.9086810525097,348.87896728515625,6760100,0.0,0.0
2025-02-13 00:00:00-05:00,350.49682566406943,353.43482867534993,348.12459564923915,352.9881896972656,4279200,0.0,0.0
2025-02-14 00:00:00-05:00,351.7970911114926,352.78966255968066,350.59608814063046,351.18170166015625,5720300,0.0,0.0
2025-02-18 00:00:00-05:00,351.06262171904,354.0899527247787,349.7821959826771,354.0800476074219,5822000,0.0,0.0
2025-02-19 00:00:00-05:00,353.3752656172826,354.49687616706933,351.54893784159145,352.5911560058594,4152300,0.0,0.0
2025-02-20 00:00:00-05:00,352.5911926687716,353.4845009804059,346.4670130499755,347.8863830566406,5697000,0.0,0.0
2025-02-21 00:00:00-05:00,347.88641086108873,350.69540545577865,344.89879093885025,345.94097900390625,6924100,0.0,0.0
2025-02-24 00:00:00-05:00,346.16924295568987,348.19406698825713,344.77961863534074,347.26104736328125,5055900,0.0,0.0
2025-02-25 00:00:00-05:00,348.75983463042496,349.97077304262325,343.42973065153546,349.4744873046875,6191900,0.0,0.0
2025-02-26 00:00:00-05:00,347.40003519752565,349.21642776785734,346.39752826001717,348.0253601074219,5960600,0.0,0.0
2025-02-27 00:00:00-05:00,349.28591060328654,357.63344069207915,349.06754365801817,353.0973815917969,7298100,0.0,0.0
2025-02-28 00:00:00-05:00,352.07502261037274,361.2960201782356,351.0824511263666,360.0155944824219,15857300,0.0,0.0
2025-03-03 00:00:00-05:00,360.3034291662752,363.81714051066433,356.86914049919346,359.1322021484375,9099600,0.0,0.0
2025-03-04 00:00:00-05:00,357.4348709967223,357.5936860550418,347.79701121969657,349.6134338378906,8955800,0.0,0.0
2025-03-05 00:00:00-05:00,348.2238562418129,351.47948964577205,346.3479118029868,350.06011962890625,8244200,0.0,0.0
2025-03-06 00:00:00-05:00,343.3900407238917,346.2784275336947,337.8614402796064,341.6034240722656,8611100,0.0,0.0
2025-03-07 00:00:00-05:00,338.3378661750698,343.81688062691603,336.62073674535804,342.75482177734375,6358700,0.0,0.0
2025-03-10 00:00:00-04:00,337.41476025635785,342.44710506283326,335.13185790834467,338.9433288574219,8204300,0.0,0.0
2025-03-11 00:00:00-04:00,335.8961733059806,337.0872411029214,327.1317487363501,329.6727600097656,9776100,0.0,0.0
2025-03-12 00:00:00-04:00,333.47424630087136,333.662837308143,326.66519009566895,330.36749267578125,6295400,0.0,0.0
2025-03-13 00:00:00-04:00,328.5312520376789,333.7025716918127,325.26571340391433,326.109375,7915300,0.0,0.0
2025-03-14 00:00:00-04:00,324.77933571343476,330.29803123253635,323.9555146363559,329.3352355957031,7810600,0.0,0.0
2025-03-17 00:00:00-04:00,327.5783764672847,333.61319796124707,327.31039306247374,332.0647888183594,6149400,0.0,0.0
2025-03-18 00:00:00-04:00,332.79929864348503,333.30548949840875,329.8314893326802,332.28314208984375,7778300,0.0,0.0
2025-03-19 00:00:00-04:00,334.29807405874635,338.49666247094683,332.015171691123,337.34527587890625,5614900,0.0,0.0
2025-03-20 00:00:00-04:00,336.4817415891937,339.69766358563754,335.1516994018881,336.97802734375,5432700,0.0,0.0
2025-03-21 00:00:00-04:00,334.86388445718694,336.90857958250007,333.0276208917873,333.1665954589844,17279700,0.0,0.0
2025-03-24 00:00:00-04:00,336.1343574479224,342.65555995835115,335.14178587400806,341.3155822753906,5675100,0.0,0.0
2025-03-25 00:00:00-04:00,342.00044568976176,342.96324129038476,338.13935816971735,342.05999755859375,3931200,0.0,0.0
2025-03-26 00:00:00-04:00,343.4198125365693,344.79950149712596,340.4520333673521,341.6232604980469,6187100,0.0,0.0
2025-03-27 00:00:00-04:00,341.4445929646102,348.23377832935,340.76965162042114,347.26104736328125,7254800,0.0,0.0
2025-03-28 00:00:00-04:00,346.5960305247208,349.0079719025993,339.0723218953758,340.3031311035156,5687600,0.0,0.0
2025-03-31 00:00:00-04:00,336.8291431228227,349.24619193619026,332.0052299024805,347.8565979003906,9950800,0.0,0.0
2025-04-01 00:00:00-04:00,347.83680550634335,347.84674091575613,340.0252716008477,343.7771911621094,7473300,0.0,0.0
2025-04-02 00:00:00-04:00,340.88877765525837,345.61342795544533,340.5016602087513,343.7572937011719,5682500,0.0,0.0
2025-04-03 00:00:00-04:00,331.41965769547744,342.1791304160362,328.54120605708124,336.868896484375,8792900,0.0,0.0
2025-04-04 00:00:00-04:00,327.54863339961895,332.1640853575281,309.8014480525167,310.803955078125,13201700,0.0,0.0
2025-04-07 00:00:00-04:00,299.8260810630953,319.78667944095287,296.778879280273,309.99993896484375,12163400,0.0,0.0
2025-04-08 00:00:00-04:00,319.8462363061084,323.8562337207618,301.6722542325901,305.9800109863281,9569300,0.0,0.0
2025-04-09 00:00:00-04:00,303.36957174968546,331.54866125033834,303.36957174968546,329.9605407714844,11361800,0.0,0.0
2025-04-10 00:00:00-04:00,325.5832807256775,327.707398198318,310.94285163126773,322.1986083984375,8709800,0.0,0.0
2025-04-11 00:00:00-04:00,322.01994237069283,334.4767320151453,320.1439981157205,330.9233093261719,6804500,0.0,0.0
2025-04-14 00:00:00-04:00,333.9109984216604,337.0872092038152,330.66530036126704,332.69012451171875,5011800,0.0,0.0
2025-04-15 00:00:00-04:00,334.21867337845134,336.868852585166,332.5114492037403,333.3154296875,4386200,0.0,0.0
2025-04-16 00:00:00-04:00,332.51146424051313,334.7149742599511,326.4170604757067,328.86871337890625,5850600,0.0,0.0
2025-04-17 00:00:00-04:00,328.6106446651179,331.83650195069123,326.0001768459444,327.1614685058594,5655900,0.0,0.0
2025-04-21 00:00:00-04:00,326.55601758292966,326.70489724705635,314.29775372186907,317.7221374511719,6362300,0.0,0.0
2025-04-22 00:00:00-04:00,321.45417419696156,330.08955789982576,319.99512324951644,328.93817138671875,5435500,0.0,0.0
2025-04-23 00:00:00-04:00,334.7348143715311,338.7150359152207,330.72484718434157,331.8861389160156,8906000,0.0,0.0
2025-04-24 00:00:00-04:00,330.80424492707886,334.26830994302304,328.78932589248984,333.2161865234375,8055200,0.0,0.0
2025-04-25 00:00:00-04:00,332.27327882511344,333.8713045630103,329.7025220135741,332.68023681640625,4452800,0.0,0.0
2025-04-28 00:00:00-04:00,334.2782499885968,336.81923076822625,332.53131434352156,335.0028381347656,5422900,0.0,0.0
2025-04-29 00:00:00-04:00,335.9854769850612,339.7274609052591,333.96062249755994,338.9830322265625,5519500,0.0,0.0
2025-04-30 00:00:00-04:00,331.95563272299455,343.9458837593796,330.76453474263207,342.9334716796875,9526700,0.0,0.0
2025-05-01 00:00:00-04:00,343.01285133188384,343.1518258838107,337.5934193334326,339.9061279296875,5849900,0.0,0.0
2025-05-02 00:00:00-04:00,344.6407012581754,347.4893768134938,343.54886647454805,345.01788330078125,6113700,0.0,0.0
2025-05-05 00:00:00-04:00,344.42227821624135,348.44218029809224,343.5488105315736,346.05010986328125,3865300,0.0,0.0
2025-05-06 00:00:00-04:00,343.8267349226389,347.0525920478919,343.1915049630753,345.1170959472656,3438500,0.0,0.0
2025-05-07 00:00:00-04:00,346.1097084540244,348.54149055488324,344.6307562601749,347.25115966796875,5454000,0.0,0.0
2025-05-08 00:00:00-04:00,349.38517160328274,352.69042140438404,348.34298363388575,348.66058349609375,4156400,0.0,0.0
2025-05-09 00:00:00-04:00,349.21642550515,351.17179261651313,348.06506919478625,349.9211730957031,3086600,0.0,0.0
2025-05-12 00:00:00-04:00,356.4721729946727,359.20174484896734,348.521664918718,353.20660400390625,7985400,0.0,0.0
2025-05-13 00:00:00-04:00,353.46504012260726,356.7956827823217,352.53047100994274,354.08148193359375,5406200,0.59,0.0
2025-05-14 00:00:00-04:00,354.60843571646035,356.3383686851556,353.15685277328083,354.3996276855469,6207600,0.0,0.0
2025-05-15 00:00:00-04:00,354.8271684149894,361.6276291533864,354.6183603822515,360.20587158203125,5826100,0.0,0.0
2025-05-16 00:00:00-04:00,360.8521118874645,364.0733745386476,358.8040213942823,363.0095520019531,5838100,0.0,0.0
2025-05-19 00:00:00-04:00,360.9217005235553,367.01627342168587,360.22576479180896,365.77349853515625,5081500,0.0,0.0
2025-05-20 00:00:00-04:00,365.6542347658321,366.1215193850763,362.58209856997917,364.71966552734375,5281400,0.0,0.0
2025-05-21 00:00:00-04:00,361.61765852652974,363.8745267472765,356.01024379987655,356.2289733886719,6125500,0.0,0.0
2025-05-22 00:00:00-04:00,355.6921622338131,357.9192053579718,354.49908607947845,355.90093994140625,4936600,0.0,0.0
2025-05-23 00:00:00-04:00,351.70532922064507,353.94232424749015,350.1841738160379,351.4965515136719,5345900,0.0,0.0
2025-05-27 00:00:00-04:00,353.35573603736145,357.919202224785,352.4311187134989,357.2232360839844,6316000,0.0,0.0
2025-05-28 00:00:00-04:00,357.2629964880913,358.8239291058765,355.9705226776412,357.6507568359375,3299000,0.0,0.0
2025-05-29 00:00:00-04:00,358.26718946920096,360.94164374427885,356.646605985657,360.3053283691406,4590400,0.0,0.0
2025-05-30 00:00:00-04:00,359.261361876337,364.9184754550031,359.261361876337,363.07916259765625,8726900,0.0,0.0
2025-06-02 00:00:00-04:00,360.673186316356,363.34764060177986,357.879430482929,363.2084655761719,3845700,0.0,0.0
2025-06-03 00:00:00-04:00,362.47269995679756,364.759424071339,359.4105158276682,363.74530029296875,5221300,0.0,0.0
2025-06-04 00:00:00-04:00,364.590403043131,367.5233641421073,364.19272111645273,365.8729553222656,4202300,0.0,0.0
2025-06-05 00:00:00-04:00,367.86139642324355,368.8556164135767,363.8149137807032,364.6500549316406,6881900,0.0,0.0
2025-06-06 00:00:00-04:00,366.87714142448755,368.8556295666219,365.4255583411851,368.08013916015625,5008500,0.0,0.0
2025-06-09 00:00:00-04:00,367.6526239175377,367.6526239175377,359.95734045158093,364.54071044921875,4999900,0.0,0.0
2025-06-10 00:00:00-04:00,364.878716628449,369.2930555729926,364.5605589669432,368.5573425292969,4109300,0.0,0.0
2025-06-11 00:00:00-04:00,367.8613865449288,373.33954825373667,367.2449750220648,371.1522521972656,5562700,0.0,0.0
2025-06-12 00:00:00-04:00,370.0785154760185,372.0073046717984,367.4139828602532,369.2532958984375,4874000,0.0,0.0
2025-06-13 00:00:00-04:00,359.4204335216589,360.91176332088634,343.00585382231685,350.81048583984375,14181700,0.0,0.0
2025-06-16 00:00:00-04:00,354.4294650172824,358.137916403319,352.2819462555537,353.4253234863281,7234700,0.0,0.0
2025-06-17 00:00:00-04:00,351.44680457851234,357.5215043223713,351.2778041760744,355.77166748046875,5559600,0.0,0.0
2025-06-18 00:00:00-04:00,355.78162171567277,356.4079851502761,336.0861265714273,338.41259765625,15008600,0.0,0.0
2025-06-20 00:00:00-04:00,336.99087607586944,338.0347949237182,332.98417074968575,336.6130676269531,19332100,0.0,0.0
2025-06-23 00:00:00-04:00,335.5492476029829,342.30993141821295,333.690061070854,341.76312255859375,7553300,0.0,0.0
2025-06-24 00:00:00-04:00,349.48815421768734,352.5105910872146,345.90898699511126,349.5975341796875,10172000,0.0,0.0
2025-06-25 00:00:00-04:00,348.42437750857823,349.25951858703286,343.2643737792969,343.2643737792969,6836300,0.0,0.0
2025-06-26 00:00:00-04:00,341.79294279383276,344.9048561792952,340.05305783248224,344.0299377441406,8829500,0.0,0.0
2025-06-27 00:00:00-04:00,344.58668785023735,349.9753733140441,343.66207058124957,346.5950012207031,6601900,0.0,0.0
2025-06-30 00:00:00-04:00,347.3307668769442,353.5545635131853,347.0424345782502,352.997802734375,7080100,0.0,0.0
2025-07-01 00:00:00-04:00,351.7749178698538,354.93653009978243,349.388796004647,353.4153747558594,6653400,0.0,0.0
2025-07-02 00:00:00-04:00,352.5504158741135,354.30022243121664,347.9769978343392,352.172607421875,5131400,0.0,0.0
2025-07-03 00:00:00-04:00,352.5404582199922,356.92497196219716,351.56611171910697,356.7857666015625,3702800,0.0,0.0
2025-07-07 00:00:00-04:00,356.845464239106,357.58117734742814,352.4410464750277,354.5786437988281,5138000,0.0,0.0
2025-07-08 00:00:00-04:00,354.6183647363144,356.20912272568273,351.20819758727356,352.50067138671875,6966800,0.0,0.0
2025-07-09 00:00:00-04:00,353.01768458170665,355.692138671875,351.705306967111,355.692138671875,7297100,0.0,0.0
2025-07-10 00:00:00-04:00,354.767488787687,355.55293103791666,351.4070508681062,353.822998046875,6121300,0.0,0.0
2025-07-11 00:00:00-04:00,350.4724897455271,351.7649635641954,342.3994284803042,345.9189453125,7580200,0.0,0.0
2025-07-14 00:00:00-04:00,345.382081112289,349.9355951083556,343.015832789593,348.4740905761719,5598900,0.0,0.0
2025-07-15 00:00:00-04:00,346.1078386697819,348.1857546915019,344.7557141229187,345.0141906738281,4891700,0.0,0.0
2025-07-16 00:00:00-04:00,345.2826639034013,348.64313227631465,343.8012555074003,347.8775634765625,5544200,0.0,0.0
2025-07-17 00:00:00-04:00,347.97699015945284,349.3390666663444,346.4657867250158,347.7880859375,4747100,0.0,0.0
2025-07-18 00:00:00-04:00,347.4798818290788,347.4798818290788,345.15341072472773,347.032470703125,4927600,0.0,0.0
2025-07-21 00:00:00-04:00,347.04242165312115,351.60588769225996,346.3862328294221,348.91156005859375,5216300,0.0,0.0
2025-07-22 00:00:00-04:00,349.0706158942277,352.43108403908155,348.17582404493845,349.8262023925781,4614200,0.0,0.0
2025-07-23 00:00:00-04:00,350.95964746352973,353.72357775115313,349.17998523156797,353.2364196777344,4385600,0.0,0.0
2025-07-24 00:00:00-04:00,352.7691347853894,355.11547933584245,351.8146617746286,351.9240417480469,5887200,0.0,0.0
2025-07-25 00:00:00-04:00,351.95388105478474,355.582777997423,350.9696129610146,354.976318359375,3915400,0.0,0.0
2025-07-28 00:00:00-04:00,354.3201185715658,356.24890774506116,352.67966168556023,353.4153747558594,3921000,0.0,0.0
2025-07-29 00:00:00-04:00,354.2306210458319,356.2488862541361,348.78228500364895,349.259521484375,7402300,0.0,0.0
2025-07-30 00:00:00-04:00,349.66718668152214,354.5587320980825,345.2230220609473,348.8817443847656,12129700,0.0,0.0
2025-07-31 00:00:00-04:00,346.9131368342799,350.780666746719,343.0953361207494,343.47314453125,8641700,0.0,0.0
2025-08-01 00:00:00-04:00,342.111094619033,344.1691372200112,336.14577485354397,337.3885498046875,8658700,0.0,0.0
2025-08-04 00:00:00-04:00,339.72495201332026,342.3894540638036,338.0347660466138,340.1723327636719,7335300,0.0,0.0
2025-08-05 00:00:00-04:00,340.17233340900947,340.480539151342,333.6104759874195,335.4796142578125,7295600,0.0,0.0
2025-08-06 00:00:00-04:00,336.34459648145895,339.4565097752272,333.49119008351096,337.7762756347656,5944100,0.0,0.0
2025-08-07 00:00:00-04:00,339.4565124616352,340.1723520439536,326.80011183390815,330.1705017089844,8797100,0.0,0.0
2025-08-08 00:00:00-04:00,331.751286289915,335.42991202689075,330.8067955971987,334.8333740234375,6073900,0.0,0.0
2025-08-11 00:00:00-04:00,334.783685102111,335.9071281268536,332.57651566265065,333.9584655761719,5715800,0.0,0.0
2025-08-12 00:00:00-04:00,333.84894997860204,337.2850261197865,333.46050732909305,335.3827209472656,5682800,0.59,0.0
2025-08-13 00:00:00-04:00,335.6217849724466,342.09558618081985,335.42257893128226,341.1693115234375,5693400,0.0,0.0
2025-08-14 00:00:00-04:00,341.55773293031257,344.6850608988738,340.29286279189733,344.0974426269531,6224000,0.0,0.0
2025-08-15 00:00:00-04:00,344.8543977666452,346.9558785686944,341.4780469796213,343.0815734863281,4946600,0.0,0.0
2025-08-18 00:00:00-04:00,342.45409285637004,344.3364894908787,339.5757572803942,341.3585205078125,3999600,0.0,0.0
2025-08-19 00:00:00-04:00,341.17927471045255,344.9440378209097,340.51199223443484,341.0697326660156,4457200,0.0,0.0
2025-08-20 00:00:00-04:00,342.01586914906005,346.039593838693,341.4680981636876,342.5437316894531,5834400,0.0,0.0
2025-08-21 00:00:00-04:00,341.50795467286497,343.13135922785364,338.35071837042835,342.3047180175781,6073600,0.0,0.0
2025-08-22 00:00:00-04:00,343.82854031012994,349.7844479666891,343.82854031012994,348.6291198730469,4973200,0.0,0.0
2025-08-25 00:00:00-04:00,348.20082587581777,349.3063676468326,346.0993451607829,347.4140319824219,8019800,0.0,0.0
2025-08-26 00:00:00-04:00,347.28454198788506,351.97554893901935,346.04954976671655,349.7644958496094,5876200,0.0,0.0
2025-08-27 00:00:00-04:00,349.29640058585716,352.00543842090394,348.4299121185624,348.9378662109375,5531100,0.0,0.0
2025-08-28 00:00:00-04:00,349.1868671034665,349.62509605771004,347.1949283640224,348.4498291015625,4987100,0.0,0.0
2025-08-29 00:00:00-04:00,349.0474346520695,351.20870166850244,347.5933278083949,350.36212158203125,3671900,0.0,0.0
2025-09-02 00:00:00-04:00,347.90205015208494,348.7585995956409,344.6850582193853,348.65899658203125,4940300,0.0,0.0
2025-09-03 00:00:00-04:00,347.9319480564761,349.4757188699106,345.86034506911096,349.4557800292969,4176400,0.0,0.0
2025-09-04 00:00:00-04:00,349.3163554918516,351.20869125607726,347.7427068329104,349.5752868652344,4324000,0.0,0.0
2025-09-05 00:00:00-04:00,349.9637226051439,351.19871489948525,338.8287923269697,341.83660888671875,5448300,0.0,0.0
2025-09-08 00:00:00-04:00,340.9601658905973,342.9919520077189,339.6255705218194,340.9203186035156,4711600,0.0,0.0
2025-09-09 00:00:00-04:00,340.3127677727729,344.9241107011969,339.91438611386513,342.6034851074219,4646200,0.0,0.0
2025-09-10 00:00:00-04:00,341.2290336271523,341.2290336271523,335.0839199528726,336.75714111328125,6557900,0.0,0.0
2025-09-11 00:00:00-04:00,337.36473596665724,342.14537707283733,336.50818645167647,342.10552978515625,5157600,0.0,0.0
2025-09-12 00:00:00-04:00,339.8446834033817,341.8067443574847,337.80295827006614,338.0618896484375,3518300,0.0,0.0
2025-09-15 00:00:00-04:00,339.2370898085397,341.3286314243895,337.02606713399587,337.6833801269531,4367500,0.0,0.0
2025-09-16 00:00:00-04:00,334.8847522042262,339.1674390000394,332.12592781868733,338.65948486328125,5527700,0.0,0.0
2025-09-17 00:00:00-04:00,338.5698181836777,344.8045959472656,338.15149768935095,344.8045959472656,5763500,0.0,0.0
2025-09-18 00:00:00-04:00,343.34054286819156,343.8783444611386,336.8169250488281,336.8169250488281,7526600,0.0,0.0
2025-09-19 00:00:00-04:00,339.07776508719815,341.308726624151,336.8866204387113,340.2330627441406,13674300,0.0,0.0
2025-09-22 00:00:00-04:00,337.6435732483086,343.4699695296953,337.2949779029044,342.97198486328125,5621800,0.0,0.0
2025-09-23 00:00:00-04:00,343.2010826702708,343.8683955239399,336.26914434314534,337.3348388671875,10142700,0.0,0.0
2025-09-24 00:00:00-04:00,337.76307872075415,338.5299641513985,336.5579643598641,337.31488037109375,5207400,0.0,0.0
2025-09-25 00:00:00-04:00,336.986245742455,338.82879517404456,333.16172697127865,333.58001708984375,5398700,0.0,0.0
2025-09-26 00:00:00-04:00,335.870772959751,338.13161256415685,334.8748035560274,336.01019287109375,9619200,0.0,0.0
2025-09-29 00:00:00-04:00,336.02014683051596,339.2670166635244,334.19750588460323,338.7889404296875,7217800,0.0,0.0
2025-09-30 00:00:00-04:00,338.4503185350138,344.21695930197603,337.1456010921614,340.0040283203125,8164400,0.0,0.0
2025-10-01 00:00:00-04:00,338.9383303898218,347.9518409378596,338.9383303898218,346.4280090332031,8381000,0.0,0.0
2025-10-02 00:00:00-04:00,344.8245038053001,345.78062585482786,342.17522173126287,344.55560302734375,5198000,0.0,0.0
2025-10-03 00:00:00-04:00,344.7149246402009,351.7365265398504,344.6053826050675,348.4299011230469,5199700,0.0,0.0
2025-10-06 00:00:00-04:00,348.59926099013336,349.7047724397164,342.9620705133982,347.8721923828125,4735600,0.0,0.0
2025-10-07 00:00:00-04:00,348.649038694597,353.0113894416703,348.649038694597,350.9995422363281,5044600,0.0,0.0
2025-10-08 00:00:00-04:00,352.3540458932983,353.56912975217324,349.6848552507119,349.94378662109375,3927500,0.0,0.0
2025-10-09 00:00:00-04:00,350.053372578839,351.4477236851982,344.1870981171116,345.6412353515625,4434800,0.0,0.0
2025-10-10 00:00:00-04:00,346.22883102731305,348.9876551929239,341.8664803982835,342.2648620605469,6296200,0.0,0.0
2025-10-13 00:00:00-04:00,342.3345802589799,346.25870186147023,339.3566416804042,341.916259765625,4030700,0.0,0.0
2025-10-14 00:00:00-04:00,339.62557092345327,348.59926508965935,338.84871599460195,346.975830078125,5731000,0.0,0.0
2025-10-15 00:00:00-04:00,346.97582147163655,348.66895120043125,342.61347067376323,344.2966613769531,3778200,0.0,0.0
2025-10-16 00:00:00-04:00,343.60943841195035,344.29665972034013,332.8231033275876,334.0481262207031,6241500,0.0,0.0
2025-10-17 00:00:00-04:00,336.40854379107526,342.0656725867902,335.641658362382,340.511962890625,6267100,0.0,0.0
2025-10-20 00:00:00-04:00,340.52192718186024,343.56959107313133,337.57386630815864,343.0218200683594,4665000,0.0,0.0
2025-10-21 00:00:00-04:00,341.73700528252846,348.2406840511567,341.61749382129113,345.8105163574219,4121800,0.0,0.0
2025-10-22 00:00:00-04:00,346.41806300253444,346.7666583503171,343.1114375002872,343.96795654296875,5074400,0.0,0.0
2025-10-23 00:00:00-04:00,344.8046050728569,345.75075772943865,343.07159771571963,344.5655517578125,7217200,0.0,0.0
2025-10-24 00:00:00-04:00,346.7965606090745,347.6729881581522,343.9281638460587,345.9798583984375,3576700,0.0,0.0
2025-10-27 00:00:00-04:00,347.5932968196336,348.11118993015566,343.6193889117696,346.4180603027344,5400300,0.0,0.0
2025-10-28 00:00:00-04:00,347.17499127440243,348.47973911832344,345.1033883485486,345.50177001953125,7445400,0.0,0.0
2025-10-29 00:00:00-04:00,344.605395498532,349.5653338093142,337.6336100404692,339.9044189453125,8361700,0.0,0.0
2025-10-30 00:00:00-04:00,340.84064122785446,348.31041155130293,340.41238169067435,343.6393127441406,6411800,0.0,0.0
2025-10-31 00:00:00-04:00,340.70120303053983,341.6175082630505,336.8069893774489,339.3666076660156,7301600,0.0,0.0
2025-11-03 00:00:00-05:00,339.62556434648224,339.83470940935274,333.47048076827303,335.5420837402344,5538000,0.0,0.0
2025-11-04 00:00:00-05:00,335.12376505447554,338.9482835653288,332.9027425465992,338.9283447265625,5920200,0.0,0.0
2025-11-05 00:00:00-05:00,338.75906718983583,340.73106709286975,335.00424320677166,338.66943359375,4984600,0.0,0.0
2025-11-06 00:00:00-05:00,337.225272127104,337.2850278589407,332.36493664056536,335.6018371582031,8507900,0.0,0.0
2025-11-07 00:00:00-05:00,335.37277903778016,336.9264888333082,333.50035174712497,334.6656188964844,5318400,0.0,0.0
2025-11-10 00:00:00-05:00,335.2930683266491,337.31488484751645,332.9724731650907,333.5003356933594,5295800,0.0,0.0
2025-11-11 00:00:00-05:00,334.14772643061497,337.72325285148054,331.85700901827914,337.553955078125,4453300,0.0,0.0
2025-11-12 00:00:00-05:00,337.5539392647252,343.5515814566134,336.70568232861064,338.1826477050781,6389600,0.67,0.0
2025-11-13 00:00:00-05:00,338.3423280213681,340.7573310621838,334.90940445750977,335.3883972167969,4961700,0.0,0.0
2025-11-14 00:00:00-05:00,335.19879671610136,335.38837770243606,328.35289786675315,329.3408508300781,6422300,0.0,0.0
2025-11-17 00:00:00-05:00,330.47852149051675,332.6739759173699,324.2613310180461,325.07965087890625,6494800,0.0,0.0
2025-11-18 00:00:00-05:00,323.83221811811876,324.33118917839323,317.3455943345509,320.51904296875,9170400,0.0,0.0
2025-11-19 00:00:00-05:00,320.85834726361674,323.90208907652226,319.21174881651825,323.4530029296875,7066700,0.0,0.0
2025-11-20 00:00:00-05:00,323.4530151026438,327.7242064226939,322.4750512555066,323.1037292480469,6510300,0.0,0.0
2025-11-21 00:00:00-05:00,324.71042849279974,330.39868059498417,323.6226751809159,327.3050842285156,8930000,0.0,0.0
2025-11-24 00:00:00-05:00,328.5624708767812,330.0494254219168,325.3291479858861,328.6223449707031,9337100,0.0,0.0
2025-11-25 00:00:00-05:00,328.22316412466176,335.36843350968144,328.22316412466176,333.8415832519531,5854300,0.0,0.0
2025-11-26 00:00:00-05:00,333.841586342223,335.01915077050296,332.3746101630006,333.1031188964844,4309900,0.0,0.0
2025-11-28 00:00:00-05:00,332.74383871779224,334.3305630576491,331.3167887740865,333.75177001953125,4586200,0.0,0.0
2025-12-01 00:00:00-05:00,332.25485376399234,332.6140983109483,329.4606279939679,329.7101135253906,7082300,0.0,0.0
2025-12-02 00:00:00-05:00,330.7679320657214,332.1151295810464,326.53663671382,328.9416809082031,8201900,0.0,0.0
2025-12-03 00:00:00-05:00,328.93170166015625,331.66608389546013,328.67225740707886,328.93170166015625,6296700,0.0,0.0
2025-12-04 00:00:00-05:00,330.5982707162828,331.69601316055844,323.61267574060867,326.4268798828125,6277500,0.0,0.0
2025-12-05 00:00:00-05:00,326.15742105214764,333.4224387208775,325.7283132347316,330.558349609375,5266600,0.0,0.0
2025-12-08 00:00:00-05:00,329.2011721972187,330.6581592570448,324.0417977110623,326.16741943359375,6059400,0.0,0.0
2025-12-09 00:00:00-05:00,325.9378840225944,327.5545759522349,324.4010749776002,325.828125,4325400,0.0,0.0
2025-12-10 00:00:00-05:00,325.9678233516992,328.0834557386547,324.63055413261685,325.0596923828125,5467500,0.0,0.0
2025-12-11 00:00:00-05:00,331.91557675720895,346.60528693573457,329.38079508046536,344.91876220703125,12953600,0.0,0.0
2025-12-12 00:00:00-05:00,347.28386033910544,349.1200701989689,345.25803903865176,347.11419677734375,6942300,0.0,0.0
2025-12-15 00:00:00-05:00,347.11421561078276,347.7329653453619,343.12244688455576,346.1761779785156,7004600,0.0,0.0
2025-12-16 00:00:00-05:00,345.28799394865695,346.904655405941,343.0126869986315,344.3998107910156,7269300,0.0,0.0
2025-12-17 00:00:00-05:00,344.8389016551313,347.07431280569114,342.9727546862657,343.7012634277344,7263500,0.0,0.0
2025-12-18 00:00:00-05:00,344.4597058800123,346.81483473957803,343.56153357971857,345.2979736328125,6805000,0.0,0.0
2025-12-19 00:00:00-05:00,345.3378535964944,349.18992596210575,345.3378535964944,348.5312805175781,18623900,0.0,0.0
2025-12-22 00:00:00-05:00,349.27975255876925,352.71267599172904,348.8705926226271,351.3654479980469,5043500,0.0,0.0
2025-12-23 00:00:00-05:00,351.2756364751809,355.6466279609035,351.2756364751809,352.6528015136719,3703200,0.0,0.0
2025-12-24 00:00:00-05:00,352.6527918079347,355.2574061270487,352.28355809570263,354.4091796875,2023600,0.0,0.0
2025-12-26 00:00:00-05:00,354.3692705227613,355.9959211320052,352.982116288697,354.26947021484375,2017000,0.0,0.0
2025-12-29 00:00:00-05:00,354.75844298281737,355.8162592189493,353.0719183232759,353.8802490234375,3989900,0.0,0.0
2025-12-30 00:00:00-05:00,353.27152636221,354.1397311728781,351.9342875158643,352.8923034667969,3366500,0.0,0.0
2025-12-31 00:00:00-05:00,352.9222335935573,354.46906219163503,349.9683333708139,349.98828125,3503200,0.0,0.0
2026-01-02 00:00:00-05:00,349.1500062568855,349.32962853016494,342.7731719172512,345.7669982910156,5403800,0.0,0.0
2026-01-05 00:00:00-05:00,343.7910798703184,356.80425438171716,343.34199370889576,353.0719299316406,7592200,0.0,0.0
2026-01-06 00:00:00-05:00,352.95216786632784,357.8820044617432,351.2756323845481,356.8241882324219,6775400,0.0,0.0
2026-01-07 00:00:00-05:00,356.41501956274413,357.54269902318487,353.78046822093927,355.14764404296875,6333900,0.0,0.0
2026-01-08 00:00:00-05:00,354.2694768864638,355.6167049317765,348.7807948501946,351.50518798828125,6357600,0.0,0.0
2026-01-09 00:00:00-05:00,351.4352976810692,353.97007917190984,348.44147134622284,349.0502014160156,4902900,0.0,0.0
2026-01-12 00:00:00-05:00,342.0745948107181,345.7969298399835,336.62583942441455,342.4937438964844,13281300,0.0,0.0
2026-01-13 00:00:00-05:00,336.3065196930893,336.8254386707351,323.16360758569283,327.2052917480469,20383500,0.0,0.0
2026-01-14 00:00:00-05:00,327.98368499941245,329.22112357393314,323.27339662748295,328.4926452636719,9388400,0.0,0.0
2026-01-15 00:00:00-05:00,328.65226616102615,331.00742540917696,325.6983660025441,327.0755310058594,8587700,0.0,0.0
2026-01-16 00:00:00-05:00,326.1075285720045,328.57244685544373,324.7303635575226,327.6243896484375,8341600,0.0,0.0
2026-01-20 00:00:00-05:00,321.5668970946223,327.644360890433,320.89826248076747,325.1495056152344,8279900,0.0,0.0
2026-01-21 00:00:00-05:00,325.75825361952474,327.9936647784267,322.3353193026403,324.6106262207031,8974600,0.0,0.0
2026-01-22 00:00:00-05:00,325.7881853155845,327.7142368080782,323.33325615728353,325.6883850097656,6938700,0.0,0.0
2026-01-23 00:00:00-05:00,325.1894097523205,327.1254199321477,323.9519712494617,325.5087585449219,5667900,0.0,0.0
2026-01-26 00:00:00-05:00,327.32501347087873,331.3167819278407,324.3611241733934,327.8139953613281,7540200,0.0,0.0
2026-01-27 00:00:00-05:00,327.80404260907557,328.25309829578197,324.24138188731973,324.5906677246094,6365800,0.0,0.0
2026-01-28 00:00:00-05:00,326.05764337353963,327.71423096530964,324.21144434052763,326.30712890625,8106000,0.0,0.0
2026-01-29 00:00:00-05:00,329.3209038427684,332.6739747908746,322.844269146056,331.1171875,10214200,0.0,0.0
2026-01-30 00:00:00-05:00,331.53632717586584,332.3147207991864,320.9381868988181,321.1676940917969,11199100,0.0,0.0
2026-02-02 00:00:00-05:00,324.16154631106275,334.00127208429024,323.4430267202089,333.15301513671875,8502400,0.0,0.0
2026-02-03 00:00:00-05:00,330.96751673112385,335.0990119599509,328.19323869876354,328.25311279296875,9081200,0.0,0.0
2026-02-04 00:00:00-05:00,326.4368440875912,330.62821332543064,323.7524077058803,329.2710266113281,8472300,0.0,0.0
2026-02-05 00:00:00-05:00,332.3147289199413,336.89527963696725,328.1433381303329,328.45269775390625,8339000,0.0,0.0
2026-02-06 00:00:00-05:00,331.09724465448534,334.4403569413341,326.4268827108616,330.89764404296875,7798800,0.0,0.0
2026-02-09 00:00:00-05:00,330.07936733351744,332.1351258012084,322.9540455040185,324.9100036621094,8513400,0.0,0.0
2026-02-10 00:00:00-05:00,324.7099914550781,329.8800048828125,324.54998779296875,328.1700134277344,5801800,0.67,0.0
2026-02-11 00:00:00-05:00,326.9200134277344,331.0400085449219,326.4200134277344,329.239990234375,8264300,0.0,0.0
2026-02-12 00:00:00-05:00,328.8900146484375,332.239990234375,324.0,324.17999267578125,9392600,0.0,0.0
2026-02-13 00:00:00-05:00,323.8299865722656,326.4800109863281,312.82000732421875,314.0799865722656,11653900,0.0,0.0
2026-02-17 00:00:00-05:00,314.4100036621094,321.3800048828125,314.4100036621094,319.5,8591700,0.0,0.0
2026-02-18 00:00:00-05:00,319.5,322.2799987792969,316.7200012207031,320.29998779296875,5658901,0.0,0.0
