Date,Open,High,Low,Close,Volume,Dividends,Stock Splits,Capital Gains
2016-02-19 00:00:00-05:00,147.9474860455668,148.72402311317236,147.41572178690825,148.6143035888672,1136900,0.0,0.0,0.0
2016-02-22 00:00:00-05:00,150.05768904064428,150.8764321081702,149.9986112610196,150.7413787841797,2603100,0.0,0.0,0.0
2016-02-23 00:00:00-05:00,150.17588193703074,150.4037828484566,148.74097555427488,148.8507080078125,2076000,0.0,0.0,0.0
2016-02-24 00:00:00-05:00,147.5338966561452,149.7791093139899,146.52947161600585,149.55120849609375,2599800,0.0,0.0,0.0
2016-02-25 00:00:00-05:00,149.99016235111628,151.34910583496094,149.2558308310677,151.34910583496094,2546000,0.0,0.0,0.0
2016-02-26 00:00:00-05:00,152.10034637792015,152.23539972331815,150.868020019502,151.07058715820312,2560800,0.0,0.0,0.0
2016-02-29 00:00:00-05:00,151.03679991039914,151.8892998330452,149.72006225585938,149.72006225585938,3128400,0.0,0.0,0.0
2016-03-01 00:00:00-05:00,150.95237103715908,153.40859985351562,150.52190312394487,153.40859985351562,3041400,0.0,0.0,0.0
2016-03-02 00:00:00-05:00,153.07944591187794,154.07543523907668,152.69961969183427,154.05856323242188,3839200,0.0,0.0,0.0
2016-03-03 00:00:00-05:00,153.8475167826466,154.65781084110043,153.36639422093378,154.62405395507812,3150400,0.0,0.0,0.0
2016-03-04 00:00:00-05:00,154.84348197179582,155.8648047076981,154.08382979952393,155.1220245361328,2821000,0.0,0.0,0.0
2016-03-07 00:00:00-05:00,154.33712514275473,155.63697818397546,154.25271358137587,155.29090881347656,3449900,0.0,0.0,0.0
2016-03-08 00:00:00-05:00,154.32017724262397,154.74220911840226,153.43390772761137,153.54364013671875,3385400,0.0,0.0,0.0
2016-03-09 00:00:00-05:00,154.33708405848998,154.64938356954534,153.62806061807802,154.38772583007812,1641600,0.0,0.0,0.0
2016-03-10 00:00:00-05:00,154.78444986782557,155.63694981300787,152.8008944515677,154.47213745117188,2090500,0.0,0.0,0.0
2016-03-11 00:00:00-05:00,155.7888987129902,157.00434005469577,155.6960511577841,156.97901916503906,2231000,0.0,0.0,0.0
2016-03-14 00:00:00-04:00,156.4894387816416,157.1646924640289,156.2109090340724,156.74266052246094,1412800,0.0,0.0,0.0
2016-03-15 00:00:00-04:00,155.89855768757437,156.54005432128906,155.66222088969724,156.54005432128906,1325300,0.0,0.0,0.0
2016-03-16 00:00:00-04:00,156.05051985978605,157.78084035064583,156.03363497751374,157.47698974609375,2700700,0.0,0.0,0.0
2016-03-17 00:00:00-04:00,157.35037029754946,158.88657257854368,156.99586505102573,158.4729766845703,1937300,0.0,0.0,0.0
2016-03-18 00:00:00-04:00,158.97945935996512,159.35083670082568,158.60806913971004,159.06385803222656,2623400,0.0,0.0,0.0
2016-03-21 00:00:00-04:00,158.83980456531987,159.48474423496026,158.6106935286467,159.30653381347656,1535400,1.006,0.0,0.0
2016-03-22 00:00:00-04:00,158.59370033319453,159.71385040381605,158.44095965911757,159.22166442871094,1521600,0.0,0.0,0.0
2016-03-23 00:00:00-04:00,158.83981462427533,158.99256827358002,157.99122064607488,158.203369140625,1633300,0.0,0.0,0.0
2016-03-24 00:00:00-04:00,157.2020067272994,158.1100083390678,156.9983395469973,158.09303283691406,1874800,0.0,0.0,0.0
2016-03-28 00:00:00-04:00,158.48340670725312,158.6361603565578,157.7705908732087,158.203369140625,1271200,0.0,0.0,0.0
2016-03-29 00:00:00-04:00,157.83000530758528,159.7223663330078,157.52451094463896,159.7223663330078,1604900,0.0,0.0,0.0
2016-03-30 00:00:00-04:00,160.52852411821743,160.99525340411796,160.02785676994083,160.3927459716797,1908400,0.0,0.0,0.0
2016-03-31 00:00:00-04:00,160.25699430533487,160.630364817065,159.80724048690473,160.01089477539062,3007800,0.0,0.0,0.0
2016-04-01 00:00:00-04:00,159.02648246002653,161.1988935948201,158.77191466359895,161.03765869140625,2971800,0.0,0.0,0.0
2016-04-04 00:00:00-04:00,161.01222345170854,161.1479886451275,160.23999983653263,160.5285186767578,1259500,0.0,0.0,0.0
2016-04-05 00:00:00-04:00,159.3150466901607,159.7138869172293,158.6870824510806,158.89923095703125,1737500,0.0,0.0,0.0
2016-04-06 00:00:00-04:00,159.01803238152195,160.70673913738977,158.76345158663233,160.63035583496094,1860800,0.0,0.0,0.0
2016-04-07 00:00:00-04:00,159.67993118955266,159.9599687629597,158.05911354431046,158.7379913330078,2635300,0.0,0.0,0.0
2016-04-08 00:00:00-04:00,159.79874293376412,160.18910189276838,158.6786055248484,159.17079162597656,2043800,0.0,0.0,0.0
2016-04-11 00:00:00-04:00,159.75626305083821,160.37574584359695,158.71249630945016,158.7549285888672,1355300,0.0,0.0,0.0
2016-04-12 00:00:00-04:00,158.9331105303651,160.53695212716843,158.54276467423992,160.29934692382812,1590700,0.0,0.0,0.0
2016-04-13 00:00:00-04:00,161.13104850326405,161.95418579904094,160.98678906308393,161.90325927734375,1972900,0.0,0.0,0.0
2016-04-14 00:00:00-04:00,161.94567109014184,162.3445112942948,161.58078189615995,161.8862762451172,3214800,0.0,0.0,0.0
2016-04-15 00:00:00-04:00,161.91175134496243,161.9541836382182,161.41956522993456,161.7080841064453,2059700,0.0,0.0,0.0
2016-04-18 00:00:00-04:00,161.2243643106582,162.87911987304688,161.10556167921786,162.87911987304688,2345300,0.0,0.0,0.0
2016-04-19 00:00:00-04:00,163.23555972853222,163.5919676926371,162.62457094763298,163.371337890625,1633300,0.0,0.0,0.0
2016-04-20 00:00:00-04:00,163.43915819779136,164.14347960167365,162.97242905481718,163.5070343017578,1636800,0.0,0.0,0.0
2016-04-21 00:00:00-04:00,163.52402420161224,163.6258642635553,162.39539288322155,162.59906005859375,1814700,0.0,0.0,0.0
2016-04-22 00:00:00-04:00,162.33603091790022,162.87913054700633,161.81838807230562,162.6415252685547,1863900,0.0,0.0,0.0
2016-04-25 00:00:00-04:00,162.14084322941636,162.38692976389092,161.52985458349602,162.37844848632812,2368000,0.0,0.0,0.0
2016-04-26 00:00:00-04:00,162.69242869538388,163.06581209496917,162.20024266397743,162.61605834960938,1715300,0.0,0.0,0.0
2016-04-27 00:00:00-04:00,162.25968021544818,163.30344731135918,161.91175353397182,162.9555206298828,1971700,0.0,0.0,0.0
2016-04-28 00:00:00-04:00,162.26816228126805,163.2694970882027,161.10559252611077,161.48745727539062,1578800,0.0,0.0,0.0
2016-04-29 00:00:00-04:00,160.91038578054528,161.21588013021605,159.5780999698397,160.57095336914062,2785500,0.0,0.0,0.0
2016-05-02 00:00:00-04:00,161.0716205352463,162.03901715008047,160.6727803305894,161.85232543945312,1638900,0.0,0.0,0.0
2016-05-03 00:00:00-04:00,160.7576503236833,160.94434204060045,159.77327817057773,160.46913146972656,2351900,0.0,0.0,0.0
2016-05-04 00:00:00-04:00,159.5271453857422,160.19752875787975,159.08587300556184,159.5271453857422,2079600,0.0,0.0,0.0
2016-05-05 00:00:00-04:00,160.01936968667084,160.29939429953635,159.17077572436833,159.5102081298828,1611600,0.0,0.0,0.0
2016-05-06 00:00:00-04:00,158.8652852967703,160.14665754997304,158.6870748629459,160.08724975585938,1551400,0.0,0.0,0.0
2016-05-09 00:00:00-04:00,160.00236202179948,160.61335058773153,159.84112712960717,160.25694274902344,1569000,0.0,0.0,0.0
2016-05-10 00:00:00-04:00,160.9019412141738,162.25969706661556,160.84253340693922,162.2427215576172,1021100,0.0,0.0,0.0
2016-05-11 00:00:00-04:00,161.83530137546617,162.14079560870275,160.71515153742817,160.7236328125,2725500,0.0,0.0,0.0
2016-05-12 00:00:00-04:00,161.3516348730789,161.4789187717663,159.84113884892,160.8170166015625,1783200,0.0,0.0,0.0
2016-05-13 00:00:00-04:00,160.4691572397952,160.98680018373722,159.07746336651948,159.33203125,1658700,0.0,0.0,0.0
2016-05-16 00:00:00-04:00,159.51872666102201,161.36866866409355,159.47629436329427,160.91891479492188,1075000,0.0,0.0,0.0
2016-05-17 00:00:00-04:00,160.68126931353308,160.9358371392475,158.96710591213167,159.50172424316406,3327100,0.0,0.0,0.0
2016-05-18 00:00:00-04:00,159.11138335912597,160.55399064521188,158.5003946111455,159.4762725830078,1942000,0.0,0.0,0.0
2016-05-19 00:00:00-04:00,158.8143762938886,159.1877597594439,157.81304149855214,158.95864868164062,1796000,0.0,0.0,0.0
2016-05-20 00:00:00-04:00,159.51018935794144,160.42667228319388,159.45078157228386,159.9514617919922,1588700,0.0,0.0,0.0
2016-05-23 00:00:00-04:00,159.9430189293588,160.19759975954688,159.55267287845342,159.73936462402344,1415400,0.0,0.0,0.0
2016-05-24 00:00:00-04:00,160.49453495278172,162.08988234681712,160.45210267693494,161.76742553710938,1985400,0.0,0.0,0.0
2016-05-25 00:00:00-04:00,162.40395008735769,163.28648229251527,162.3869745790319,162.87066650390625,2006700,0.0,0.0,0.0
2016-05-26 00:00:00-04:00,163.0488333512621,163.2355250473454,162.65847445531097,162.94700622558594,1225300,0.0,0.0,0.0
2016-05-27 00:00:00-04:00,163.09124908691064,163.63434861626544,163.0657923080748,163.58343505859375,988600,0.0,0.0,0.0
2016-05-31 00:00:00-04:00,163.91441220598446,164.00775805940253,162.8282129744922,163.38827514648438,2821900,0.0,0.0,0.0
2016-06-01 00:00:00-04:00,162.82824519348262,163.82958004781497,162.61609666178316,163.6938018798828,2375500,0.0,0.0,0.0
2016-06-02 00:00:00-04:00,163.31190810284528,164.1859588623047,162.86215433141533,164.1859588623047,1601700,0.0,0.0,0.0
2016-06-03 00:00:00-04:00,163.6513595472273,163.99927324947498,162.5821228105863,163.71075439453125,1897100,0.0,0.0,0.0
2016-06-06 00:00:00-04:00,164.02470027126824,164.83087479103074,163.8804408699725,164.4999237060547,1177600,0.0,0.0,0.0
2016-06-07 00:00:00-04:00,164.6696673740598,165.28913736503054,164.6442105900827,164.7969512939453,1551200,0.0,0.0,0.0
2016-06-08 00:00:00-04:00,164.91577557851147,165.43341850150807,164.80546714963967,165.34007263183594,1041100,0.0,0.0,0.0
2016-06-09 00:00:00-04:00,164.64418972006905,165.21274607101634,164.41506574480172,165.08544921875,1521600,0.0,0.0,0.0
2016-06-10 00:00:00-04:00,163.83802625295147,164.14350761847984,163.03185170997943,163.4985809326172,1932900,0.0,0.0,0.0
2016-06-13 00:00:00-04:00,162.95545578538494,163.75313597729485,162.18323236993913,162.26809692382812,2318200,0.0,0.0,0.0
2016-06-14 00:00:00-04:00,161.93723047140244,162.4633547245061,161.06317949352774,161.91177368164062,2051200,0.0,0.0,0.0
2016-06-15 00:00:00-04:00,162.30211521292915,162.89614148679263,161.53838564441804,161.67416381835938,1590700,0.0,0.0,0.0
2016-06-16 00:00:00-04:00,160.8934121515249,162.36147600516927,160.01936145121797,162.2002410888672,2744400,0.0,0.0,0.0
2016-06-17 00:00:00-04:00,162.1663324849724,162.1663324849724,161.0037498002909,161.59776306152344,1701000,0.0,0.0,0.0
2016-06-20 00:00:00-04:00,163.4052497289179,163.99926290708171,162.55665577482213,162.63302612304688,1192800,0.0,0.0,0.0
2016-06-21 00:00:00-04:00,163.0193348465173,163.4457521628966,162.592917530138,163.09609985351562,1826500,0.953,0.0,0.0
2016-06-22 00:00:00-04:00,163.27521305402985,163.92337580348715,162.7038153234259,162.82321166992188,2245900,0.0,0.0,0.0
2016-06-23 00:00:00-04:00,164.18775592125846,164.97236235933553,163.74427819078844,164.92971801757812,2582200,0.0,0.0,0.0
2016-06-24 00:00:00-04:00,159.4801410549544,161.8851419418122,158.6273060760509,158.91726684570312,10310500,0.0,0.0,0.0
2016-06-27 00:00:00-04:00,157.8255975907848,157.8255975907848,155.44619435147175,156.1114044189453,7717000,0.0,0.0,0.0
2016-06-28 00:00:00-04:00,157.6635829412509,159.00253997331782,157.37362220000267,158.99400329589844,4475900,0.0,0.0,0.0
2016-06-29 00:00:00-04:00,160.29032006715647,161.91923788200094,160.21356804779182,161.7316131591797,4147800,0.0,0.0,0.0
2016-06-30 00:00:00-04:00,162.14947948576048,163.9489613765542,161.63777341688774,163.9148406982422,3822200,0.0,0.0,0.0
2016-07-01 00:00:00-04:00,163.82102738537128,164.69944615494262,163.80398005954186,164.2559814453125,2170900,0.0,0.0,0.0
2016-07-05 00:00:00-04:00,163.51397121460025,163.59073621724167,162.52469298679844,163.1046142578125,2233000,0.0,0.0,0.0
2016-07-06 00:00:00-04:00,162.64415710461603,164.16220225649076,162.01305456436475,164.06838989257812,2197800,0.0,0.0,0.0
2016-07-07 00:00:00-04:00,164.22185043408808,164.81883213120076,163.26667971870773,163.9574737548828,1704900,0.0,0.0,0.0
2016-07-08 00:00:00-04:00,165.1344092766813,166.60980986189148,164.946784576455,166.44776916503906,2048200,0.0,0.0,0.0
2016-07-11 00:00:00-04:00,166.83150285403212,167.50524948580096,166.65241487268236,167.0276641845703,3590400,0.0,0.0,0.0
2016-07-12 00:00:00-04:00,167.87201527742604,168.46899709299035,167.65880655663682,168.20462036132812,2356700,0.0,0.0,0.0
2016-07-13 00:00:00-04:00,168.59686822439883,168.59686822439883,167.74403365440398,168.14486694335938,2767300,0.0,0.0,0.0
2016-07-14 00:00:00-04:00,169.3559862709435,169.54361102353408,168.7675280026576,169.12571716308594,3691100,0.0,0.0,0.0
2016-07-15 00:00:00-04:00,169.65443378628456,169.65443378628456,168.48605418313826,168.8698272705078,2346500,0.0,0.0,0.0
2016-07-18 00:00:00-04:00,168.9892312551462,169.4924137392527,168.77602252885242,169.35595703125,1155700,0.0,0.0,0.0
2016-07-19 00:00:00-04:00,168.97215609118516,169.19388844524187,168.75894740001402,169.16830444335938,1003200,0.0,0.0,0.0
2016-07-20 00:00:00-04:00,169.64590089586233,170.0893786461306,169.21095982226228,169.8505859375,1096900,0.0,0.0,0.0
2016-07-21 00:00:00-04:00,169.77382683987625,169.9870355360554,168.83570337139759,169.21095275878906,4509800,0.0,0.0,0.0
2016-07-22 00:00:00-04:00,169.3900716765332,170.0382345596212,169.1171712625186,169.99559020996094,1678900,0.0,0.0,0.0
2016-07-25 00:00:00-04:00,169.79940558899682,169.85909725520264,169.0062624968716,169.58619689941406,1172600,0.0,0.0,0.0
2016-07-26 00:00:00-04:00,169.45828613379877,169.92734791513092,168.83572032215466,169.5776824951172,1405300,0.0,0.0,0.0
2016-07-27 00:00:00-04:00,169.96141426913016,170.00405860492643,168.73334328547747,169.46678161621094,2120100,0.0,0.0,0.0
2016-07-28 00:00:00-04:00,169.27912166773967,169.8931635381981,168.84416775178573,169.65435791015625,937200,0.0,0.0,0.0
2016-07-29 00:00:00-04:00,169.39851314745238,170.22576361565464,169.1341365466659,169.95285034179688,1758600,0.0,0.0,0.0
2016-08-01 00:00:00-04:00,169.99558289307822,170.31966432067324,169.35595671538988,169.7567901611328,2111500,0.0,0.0,0.0
2016-08-02 00:00:00-04:00,169.53503906008788,169.66297209926276,167.90613433903815,168.6992645263672,4085800,0.0,0.0,0.0
2016-08-03 00:00:00-04:00,168.63950441524293,169.21942564849942,168.3495307853925,169.18531799316406,2057500,0.0,0.0,0.0
2016-08-04 00:00:00-04:00,169.28772268056733,169.62885142526238,168.90394958947854,169.34742736816406,1384700,0.0,0.0,0.0
2016-08-05 00:00:00-04:00,170.0040901169693,170.75458892377898,169.8761700990934,170.71194458007812,1818600,0.0,0.0,0.0
2016-08-08 00:00:00-04:00,170.91659334488872,171.00186900096404,170.38782701903673,170.6266326904297,1441900,0.0,0.0,0.0
2016-08-09 00:00:00-04:00,170.72900990563753,171.18953499666515,170.4475728448657,170.73753356933594,1821100,0.0,0.0,0.0
2016-08-10 00:00:00-04:00,170.85693450537016,170.90810251538574,169.9955759725777,170.30259704589844,1222300,0.0,0.0,0.0
2016-08-11 00:00:00-04:00,170.83129994039808,171.32594557953,170.56692329141217,171.13832092285156,1644700,0.0,0.0,0.0
2016-08-12 00:00:00-04:00,170.83985343772449,171.16392177489737,170.60104774943554,170.9677734375,1718400,0.0,0.0,0.0
2016-08-15 00:00:00-04:00,171.32597617515273,171.76945389860984,171.2918685102218,171.46243286132812,1051100,0.0,0.0,0.0
2016-08-16 00:00:00-04:00,171.0871913194813,171.1298356625181,170.5669615661754,170.5754852294922,1731200,0.0,0.0,0.0
2016-08-17 00:00:00-04:00,170.60955626211106,171.01891320704428,169.83347368964937,170.85687255859375,3157700,0.0,0.0,0.0
2016-08-18 00:00:00-04:00,170.882510303579,171.3004040540153,170.7801742884627,171.26629638671875,5211200,0.0,0.0,0.0
2016-08-19 00:00:00-04:00,170.8568862385799,171.18096756142918,170.40488492682894,171.02745056152344,1190800,0.0,0.0,0.0
2016-08-22 00:00:00-04:00,170.8227818313637,171.2065548185987,170.4645928423961,171.01040649414062,880300,0.0,0.0,0.0
2016-08-23 00:00:00-04:00,171.57332042564784,171.85475750667928,171.30042002215637,171.3260040283203,1214400,0.0,0.0,0.0
2016-08-24 00:00:00-04:00,171.23218730149244,171.3089393180271,170.10645201930134,170.49874877929688,1161300,0.0,0.0,0.0
2016-08-25 00:00:00-04:00,170.1234357558884,170.7460143592252,169.99551577614673,170.3622283935547,1262600,0.0,0.0,0.0
2016-08-26 00:00:00-04:00,170.53283845435197,171.46242518751967,169.23652602015395,170.03819274902344,2890600,0.0,0.0,0.0
2016-08-29 00:00:00-04:00,170.1661281949996,171.12129901570367,170.13202052850008,170.89956665039062,1140700,0.0,0.0,0.0
2016-08-30 00:00:00-04:00,170.80575427130992,171.05308365298768,170.09789981922313,170.5754852294922,1407400,0.0,0.0,0.0
2016-08-31 00:00:00-04:00,170.31109678191757,170.41344580079652,169.41561769277376,170.1575927734375,2343900,0.0,0.0,0.0
2016-09-01 00:00:00-04:00,170.14051919966167,170.38783553182733,169.0659521842141,170.1234588623047,2196100,0.0,0.0,0.0
2016-09-02 00:00:00-04:00,170.9166127423113,171.274801770216,170.37932269384157,170.8824920654297,1555800,0.0,0.0,0.0
2016-09-06 00:00:00-04:00,171.1553926205735,171.45387694821346,170.49870627860665,171.41976928710938,1589600,0.0,0.0,0.0
2016-09-07 00:00:00-04:00,171.2662440503811,171.54766800595218,170.83982676673395,171.41122436523438,1455400,0.0,0.0,0.0
2016-09-08 00:00:00-04:00,171.095682150624,171.351535146522,170.72896949997525,171.01040649414062,2180400,0.0,0.0,0.0
2016-09-09 00:00:00-04:00,169.78236731028323,169.867642989261,166.87419728333606,166.88272094726562,3435600,0.0,0.0,0.0
2016-09-12 00:00:00-04:00,166.20041774753705,169.67144794332515,166.13218941518528,169.27061462402344,2799900,0.0,0.0,0.0
2016-09-13 00:00:00-04:00,168.11673802136482,168.339461223366,166.2920782870055,166.8574676513672,3365300,0.883,0.0,0.0
2016-09-14 00:00:00-04:00,166.90029740219322,168.00536469716297,166.29207315239444,166.75466918945312,2967100,0.0,0.0,0.0
2016-09-15 00:00:00-04:00,166.6262056112492,168.81923030984208,166.50627569636663,168.46800231933594,1874400,0.0,0.0,0.0
2016-09-16 00:00:00-04:00,167.91968721128467,168.06531540602805,167.19153316619224,167.80831909179688,1774100,0.0,0.0,0.0
2016-09-19 00:00:00-04:00,168.4422671496774,168.99908168885483,167.59418310544126,167.8597412109375,2061400,0.0,0.0,0.0
2016-09-20 00:00:00-04:00,168.63933704700946,168.78496530273057,167.84264944643985,167.87692260742188,1294100,0.0,0.0,0.0
2016-09-21 00:00:00-04:00,168.49368808421872,169.9071486235663,167.8854637296551,169.7615203857422,2238800,0.0,0.0,0.0
2016-09-22 00:00:00-04:00,170.6952444945301,171.08074557764937,170.45538470627437,170.78091430664062,2215200,0.0,0.0,0.0
2016-09-23 00:00:00-04:00,170.45539132981517,170.56675947561075,169.80434517516244,169.8643035888672,1413400,0.0,0.0,0.0
2016-09-26 00:00:00-04:00,169.16183401553764,169.27320214371707,168.33088660845246,168.5107879638672,2451600,0.0,0.0,0.0
2016-09-27 00:00:00-04:00,168.35662750675166,169.6244598527575,168.03967268809518,169.53880310058594,1468000,0.0,0.0,0.0
2016-09-28 00:00:00-04:00,169.77009441856376,170.53252189097938,168.87062659467364,170.45541381835938,1419900,0.0,0.0,0.0
2016-09-29 00:00:00-04:00,170.2240777192274,170.56673078058236,168.36514499367863,168.8534393310547,2074600,0.0,0.0,0.0
2016-09-30 00:00:00-04:00,169.62438339913137,170.76372356766302,169.40166025821597,170.2069091796875,3147400,0.0,0.0,0.0
2016-10-03 00:00:00-04:00,169.77004489191262,169.9156861691626,169.14469716754388,169.66725158691406,2136000,0.0,0.0,0.0
2016-10-04 00:00:00-04:00,169.83008911848023,170.0185523059616,168.31382186333707,168.87921142578125,2846600,0.0,0.0,0.0
2016-10-05 00:00:00-04:00,169.41886970291515,169.9928209090311,169.37603479202122,169.58163452148438,1126700,0.0,0.0,0.0
2016-10-06 00:00:00-04:00,169.39319840662546,169.90717820524762,168.89634211799017,169.7786865234375,1117400,0.0,0.0,0.0
2016-10-07 00:00:00-04:00,169.97564713125016,170.1298501624451,168.4593805028206,169.1532745361328,1795100,0.0,0.0,0.0
2016-10-10 00:00:00-04:00,169.15329303171276,170.42968696547192,169.15329303171276,169.93283081054688,1297400,0.0,0.0,0.0
2016-10-11 00:00:00-04:00,169.61588374790296,169.67585523359077,167.20871092350734,167.8683319091797,2643500,0.0,0.0,0.0
2016-10-12 00:00:00-04:00,168.00535044887195,168.53647967124238,167.55132927372335,168.08245849609375,1458700,0.0,0.0,0.0
2016-10-13 00:00:00-04:00,166.90031650051293,167.99682216892722,166.12076562130912,167.5428009033203,2407100,0.0,0.0,0.0
2016-10-14 00:00:00-04:00,168.4594323591567,168.86205702890084,167.56852626163862,167.58566284179688,1218800,0.0,0.0,0.0
2016-10-17 00:00:00-04:00,167.59419354906825,167.84261509412906,166.8831759250965,167.08877563476562,1323200,0.0,0.0,0.0
2016-10-18 00:00:00-04:00,168.50223650028525,168.55363315999267,167.74839703894548,168.07391357421875,1263300,0.0,0.0,0.0
2016-10-19 00:00:00-04:00,168.32233757391307,168.82775545766012,168.0139445637428,168.5364990234375,1041300,0.0,0.0,0.0
2016-10-20 00:00:00-04:00,168.2195552264177,168.7335480072715,167.6456040282459,168.26239013671875,1309600,0.0,0.0,0.0
2016-10-21 00:00:00-04:00,167.50854925750934,168.39090664299914,167.37149583489315,168.30523681640625,1376300,0.0,0.0,0.0
2016-10-24 00:00:00-04:00,169.07618103102385,169.31604081451707,168.71639135578405,168.9905242919922,817000,0.0,0.0,0.0
2016-10-25 00:00:00-04:00,168.87057760332007,169.09330078830234,168.3137500337995,168.5107879638672,1465300,0.0,0.0,0.0
2016-10-26 00:00:00-04:00,167.69699809564824,168.63931382216415,167.49997319696917,168.13389587402344,1202300,0.0,0.0,0.0
2016-10-27 00:00:00-04:00,168.79345214041723,168.81916353543258,167.602715216715,167.68838500976562,1635500,0.0,0.0,0.0
2016-10-28 00:00:00-04:00,167.6541590000667,168.24523363526222,166.53194199713786,167.1573028564453,2632000,0.0,0.0,0.0
2016-10-31 00:00:00-04:00,167.4656958741628,167.67985732892834,167.02879814075925,167.1573028564453,1816300,0.0,0.0,0.0
2016-11-01 00:00:00-04:00,167.49140937186175,167.50853287840172,164.86150019490208,165.99227905273438,2456600,0.0,0.0,0.0
2016-11-02 00:00:00-04:00,165.69241092685203,166.02650222941946,164.5616453917685,164.89573669433594,3395900,0.0,0.0,0.0
2016-11-03 00:00:00-04:00,165.15271764393685,165.33261899113575,163.9534189005308,164.2532501220703,1512200,0.0,0.0,0.0
2016-11-04 00:00:00-04:00,164.30469633360428,165.08424728765198,163.893509936316,164.0305633544922,2221300,0.0,0.0,0.0
2016-11-07 00:00:00-05:00,166.33497856256858,167.67991926957617,166.19791204375582,167.62850952148438,2699100,0.0,0.0,0.0
2016-11-08 00:00:00-05:00,167.31150067884371,168.9134242528015,167.06307913106752,168.39944458007812,3055900,0.0,0.0,0.0
2016-11-09 00:00:00-05:00,166.994562566394,170.76379949486414,166.9774259875121,170.1984100341797,6119100,0.0,0.0,0.0
2016-11-10 00:00:00-05:00,170.9265443595315,171.70609521539515,169.281785906155,170.5924530029297,5126400,0.0,0.0,0.0
2016-11-11 00:00:00-05:00,169.97571185945233,170.43830805782105,169.35892564254848,170.27554321289062,1954200,0.0,0.0,0.0
2016-11-14 00:00:00-05:00,170.7295161513465,170.89228095010287,169.6672706188267,170.3011932373047,2651000,0.0,0.0,0.0
2016-11-15 00:00:00-05:00,170.72098273197938,171.6889969353253,170.53253262976432,171.68043518066406,2532400,0.0,0.0,0.0
2016-11-16 00:00:00-05:00,171.1407255127117,171.57761023811318,171.0293573572373,171.38916015625,1195000,0.0,0.0,0.0
2016-11-17 00:00:00-05:00,171.50904569258694,172.29715818798402,171.43193764338807,172.2029266357422,1178200,0.0,0.0,0.0
2016-11-18 00:00:00-05:00,172.32285410486114,172.45992055554697,171.706068148151,171.89453125,1668300,0.0,0.0,0.0
2016-11-21 00:00:00-05:00,172.39998497446337,173.19665937610833,172.28005507298846,173.1623992919922,2641300,0.0,0.0,0.0
2016-11-22 00:00:00-05:00,173.53934160915577,173.66783327568757,172.84546046712373,173.4793701171875,2773400,0.0,0.0,0.0
2016-11-23 00:00:00-05:00,173.16237188494253,173.6506662381212,172.84541713936278,173.63352966308594,1466300,0.0,0.0,0.0
2016-11-25 00:00:00-05:00,173.96763342249847,174.32742309570312,173.86484010769078,174.32742309570312,1843100,0.0,0.0,0.0
2016-11-28 00:00:00-05:00,173.95905440348443,174.21603766499638,173.34226843310282,173.50502014160156,2193000,0.0,0.0,0.0
2016-11-29 00:00:00-05:00,173.4793739984764,174.1989665612945,173.18811750023454,173.77920532226562,1689600,0.0,0.0,0.0
2016-11-30 00:00:00-05:00,174.35314592432675,174.49021241091597,173.30803683899842,173.3851318359375,2360100,0.0,0.0,0.0
2016-12-01 00:00:00-05:00,173.6249476258203,173.65065902299332,172.391388773449,172.70834350585938,3284100,0.0,0.0,0.0
2016-12-02 00:00:00-05:00,172.7854426867286,173.23946388201762,172.48562452134757,172.82827758789062,2118900,0.0,0.0,0.0
2016-12-05 00:00:00-05:00,173.5906777175602,174.15606699582077,173.40221462480667,173.8219757080078,2070500,0.0,0.0,0.0
2016-12-06 00:00:00-05:00,174.04470309420083,174.43876586261104,173.5906819246662,174.43019104003906,2413300,0.0,0.0,0.0
2016-12-07 00:00:00-05:00,174.28457453855148,176.74315671992923,174.15608290510698,176.64035034179688,2253900,0.0,0.0,0.0
2016-12-08 00:00:00-05:00,176.68317469453086,177.55695696391453,176.42617837160907,177.10293579101562,2983000,0.0,0.0,0.0
2016-12-09 00:00:00-05:00,177.3428028554951,178.2080103379334,177.30852970629124,178.18231201171875,1972000,0.0,0.0,0.0
2016-12-12 00:00:00-05:00,178.11378216085257,178.54210503438424,177.6169260589906,177.98529052734375,2419600,0.0,0.0,0.0
2016-12-13 00:00:00-05:00,178.6363622974255,179.63863639716425,178.58496563662536,179.20175170898438,2670200,0.0,0.0,0.0
2016-12-14 00:00:00-05:00,178.9019348466979,179.54441930124622,177.3085728765629,177.7197723388672,4232900,0.0,0.0,0.0
2016-12-15 00:00:00-05:00,177.9425097730008,179.23604053898777,177.82257985477275,178.37939453125,2812500,0.0,0.0,0.0
2016-12-16 00:00:00-05:00,178.8848232994513,178.90194680799075,177.79687922369044,178.0709991455078,3074000,0.0,0.0,0.0
2016-12-19 00:00:00-05:00,178.26798516376272,178.86763457233528,178.12234388397383,178.47357177734375,2042000,0.0,0.0,0.0
2016-12-20 00:00:00-05:00,178.97041141901815,179.30450270673728,178.7648117529696,179.15887451171875,3195300,0.0,0.0,0.0
2016-12-21 00:00:00-05:00,179.09046363047858,179.2103935830899,178.67071533203125,178.67071533203125,1546600,0.0,0.0,0.0
2016-12-22 00:00:00-05:00,178.57236240913684,178.64132415713814,178.00343785295763,178.44305419921875,1863700,1.296,0.0,0.0
2016-12-23 00:00:00-05:00,178.41722507980245,178.62411035846776,178.23621196994216,178.59825134277344,1278900,0.0,0.0,0.0
2016-12-27 00:00:00-05:00,178.84816978862668,179.42570954544715,178.84816978862668,179.03781127929688,1818500,0.0,0.0,0.0
2016-12-28 00:00:00-05:00,179.29647784550576,179.35682431981255,177.49489620082406,177.6241912841797,2228000,0.0,0.0,0.0
2016-12-29 00:00:00-05:00,177.65860712010087,177.97754363254208,177.15001597334384,177.5896453857422,1772700,0.0,0.0,0.0
2016-12-30 00:00:00-05:00,177.89133530400917,177.94305331566665,176.28801117709904,176.9776153564453,4251000,0.0,0.0,0.0
2017-01-03 00:00:00-05:00,178.15858071706936,178.71888995192734,177.19314261198298,178.21031188964844,4750200,0.0,0.0,0.0
2017-01-04 00:00:00-05:00,178.60680246917175,179.45156070231462,178.53784073438985,179.26193237304688,4622400,0.0,0.0,0.0
2017-01-05 00:00:00-05:00,179.0809054505084,179.3308802291136,178.44301927118627,179.12400817871094,2772100,0.0,0.0,0.0
2017-01-06 00:00:00-05:00,179.2878437245768,180.23603826017566,178.77925242620944,179.82228088378906,2194600,0.0,0.0,0.0
2017-01-09 00:00:00-05:00,179.58949140714105,179.7101711595948,179.20159314233302,179.25331115722656,1705200,0.0,0.0,0.0
2017-01-10 00:00:00-05:00,179.21026481682932,180.0033184717583,178.8740844611334,179.22750854492188,2189400,0.0,0.0,0.0
2017-01-11 00:00:00-05:00,179.15849842734804,179.7360382080078,178.53785591464649,179.7360382080078,5677600,0.0,0.0,0.0
2017-01-12 00:00:00-05:00,179.27057682821547,179.4602183414475,178.0379069922073,179.33953857421875,3244600,0.0,0.0,0.0
2017-01-13 00:00:00-05:00,179.45154424396492,179.9687506308408,179.40845467264595,179.6929168701172,2822700,0.0,0.0,0.0
2017-01-17 00:00:00-05:00,179.11543280217657,179.4774853038472,178.71891915270467,179.0550994873047,1690000,0.0,0.0,0.0
2017-01-18 00:00:00-05:00,179.3050637329778,179.48608997310433,178.79648561768812,179.4343719482422,1980500,0.0,0.0,0.0
2017-01-19 00:00:00-05:00,179.52919805619788,179.66710840889954,178.40859258942425,178.8309783935547,1666900,0.0,0.0,0.0
2017-01-20 00:00:00-05:00,179.41710832747754,179.89982737680955,178.9171455540672,179.4084930419922,2082500,0.0,0.0,0.0
2017-01-23 00:00:00-05:00,179.15851822576712,179.47746795563697,178.28790081598467,178.99473571777344,4586600,0.0,0.0,0.0
2017-01-24 00:00:00-05:00,179.17579109670837,180.50326879571847,179.0809703215569,180.1326141357422,1940100,0.0,0.0,0.0
2017-01-25 00:00:00-05:00,181.0031905679317,181.6841795674378,180.83940807050348,181.63246154785156,2873000,0.0,0.0,0.0
2017-01-26 00:00:00-05:00,181.58069913605013,181.79619961598996,181.23590362938862,181.4945068359375,2485100,0.0,0.0,0.0
2017-01-27 00:00:00-05:00,181.58074224379033,181.67556300359877,181.04630513565658,181.23594665527344,1428200,0.0,0.0,0.0
2017-01-30 00:00:00-05:00,180.57219061179705,180.60667806046558,179.19299518653617,180.1411895751953,2782300,0.0,0.0,0.0
2017-01-31 00:00:00-05:00,179.58954850050088,180.1326141357422,179.11544462474345,180.1326141357422,3787100,0.0,0.0,0.0
2017-02-01 00:00:00-05:00,180.69286907939286,180.89975431059602,179.61536649561992,180.15843200683594,2698800,0.0,0.0,0.0
2017-02-02 00:00:00-05:00,179.80502188243898,180.50324150612482,179.4947005882332,180.23602294921875,1661300,0.0,0.0,0.0
2017-02-03 00:00:00-05:00,181.0893635525053,181.64965953499498,180.82214506383772,181.57208251953125,4264400,0.0,0.0,0.0
2017-02-06 00:00:00-05:00,181.12386357613724,181.485902852846,180.8825040583314,181.1928253173828,1345500,0.0,0.0,0.0
2017-02-07 00:00:00-05:00,181.58074224379033,181.74452475192388,181.01183083804833,181.23594665527344,1194600,0.0,0.0,0.0
2017-02-08 00:00:00-05:00,181.2359142324446,181.54623546783722,180.7014772199208,181.46865844726562,1096100,0.0,0.0,0.0
2017-02-09 00:00:00-05:00,181.46866723291527,182.77890082080137,181.46866723291527,182.50306701660156,1237100,0.0,0.0,0.0
2017-02-10 00:00:00-05:00,182.8564958088722,183.43403559368193,182.75304662060722,183.23577880859375,1412400,0.0,0.0,0.0
2017-02-13 00:00:00-05:00,183.70123037168773,184.4684115571798,183.66675608212756,184.20980834960938,1756300,0.0,0.0,0.0
2017-02-14 00:00:00-05:00,184.0805742717009,184.97705078125,183.74439393648123,184.97705078125,2528100,0.0,0.0,0.0
2017-02-15 00:00:00-05:00,184.76148554306266,186.09759112919693,184.7356265381076,185.91656494140625,2050200,0.0,0.0,0.0
2017-02-16 00:00:00-05:00,185.96831998308215,186.1062303095153,185.09768952745372,185.77005004882812,1920100,0.0,0.0,0.0
2017-02-17 00:00:00-05:00,185.19254797794233,186.05455017089844,185.1494452376726,186.05455017089844,1452600,0.0,0.0,0.0
2017-02-21 00:00:00-05:00,186.46831606402804,187.33031823558193,186.4079695985268,187.1492919921875,1893000,0.0,0.0,0.0
2017-02-22 00:00:00-05:00,186.81307452373105,187.21821651604787,186.66653576207915,187.06304931640625,1471400,0.0,0.0,0.0
2017-02-23 00:00:00-05:00,187.51989945255468,187.51989945255468,186.45102544663195,187.16648864746094,1717200,0.0,0.0,0.0
2017-02-24 00:00:00-05:00,186.382069003871,187.4164687483397,186.33035098961355,187.39060974121094,1637700,0.0,0.0,0.0
2017-02-27 00:00:00-05:00,187.33033880733964,187.8302885470069,187.07173549685297,187.66651916503906,1942200,0.0,0.0,0.0
2017-02-28 00:00:00-05:00,187.34752295408023,187.55440818182151,186.8130858904662,187.1147918701172,2181000,0.0,0.0,0.0
2017-03-01 00:00:00-05:00,188.6921968007569,190.20932845140288,188.66633779790308,189.7696990966797,3325500,0.0,0.0,0.0
2017-03-02 00:00:00-05:00,189.63185777651324,189.65771678877312,188.5629703750395,188.6577911376953,1657100,0.0,0.0,0.0
2017-03-03 00:00:00-05:00,188.51984043616528,188.8560207001464,188.18366017218418,188.76119995117188,1765900,0.0,0.0,0.0
2017-03-06 00:00:00-05:00,187.97679204088317,188.47674165164824,187.5975090370415,188.175048828125,1530600,0.0,0.0,0.0
2017-03-07 00:00:00-05:00,187.89921769962612,188.2009237016892,187.41649861881197,187.60614013671875,1743200,0.0,0.0,0.0
2017-03-08 00:00:00-05:00,187.8733093473391,188.0888098198993,187.11475662803872,187.20956420898438,1784400,0.0,0.0,0.0
2017-03-09 00:00:00-05:00,187.3389209429628,187.7785372858171,186.58898331306185,187.4078826904297,1636200,0.0,0.0,0.0
2017-03-10 00:00:00-05:00,188.39058384452554,188.3991991314245,187.2785936384,188.06301879882812,1819900,0.0,0.0,0.0
2017-03-13 00:00:00-04:00,188.07159963873622,188.2698695790854,187.79576582428334,188.175048828125,1388100,0.0,0.0,0.0
2017-03-14 00:00:00-04:00,187.71818136079585,187.75265565382153,186.95961538316237,187.5371551513672,1428400,0.0,0.0,0.0
2017-03-15 00:00:00-04:00,188.02849231733535,189.51113674530632,187.80436338906378,189.0973663330078,3358800,0.0,0.0,0.0
2017-03-16 00:00:00-04:00,189.3042335385631,189.33870782642347,188.4767059457603,188.77841186523438,1710900,0.0,0.0,0.0
2017-03-17 00:00:00-04:00,189.037086808369,189.1577665913412,188.39920043945312,188.39920043945312,1588500,0.0,0.0,0.0
2017-03-20 00:00:00-04:00,188.42500830778525,188.6836115305624,187.89918657761064,188.23536682128906,1035900,0.0,0.0,0.0
2017-03-21 00:00:00-04:00,188.7784594144031,188.89052389610947,185.6838750401093,185.83041381835938,3468700,0.0,0.0,0.0
2017-03-22 00:00:00-04:00,185.82865455798049,186.48681820543896,185.28306336244037,186.20970153808594,2600300,0.998,0.0,0.0
2017-03-23 00:00:00-04:00,186.0192108154297,187.07574555027497,185.70744625081497,186.0192108154297,2436700,0.0,0.0,0.0
2017-03-24 00:00:00-04:00,186.31365542207587,186.8592467253368,185.2224860298367,185.95858764648438,2647600,0.0,0.0,0.0
2017-03-27 00:00:00-04:00,184.34780167889696,185.94992769993576,184.1312988768259,185.65548706054688,2082900,0.0,0.0,0.0
2017-03-28 00:00:00-04:00,185.4649771565246,187.4568057246975,185.36971538804684,187.03245544433594,3057200,0.0,0.0,0.0
2017-03-29 00:00:00-04:00,186.81592032672413,187.46542866833448,186.60807290026764,187.30953979492188,1748500,0.0,0.0,0.0
2017-03-30 00:00:00-04:00,187.20556262995953,188.03693885478418,187.0410184552553,187.811767578125,2494800,0.0,0.0,0.0
2017-03-31 00:00:00-04:00,187.54338143939964,188.01969023738408,187.3615264892578,187.3615264892578,1331400,0.0,0.0,0.0
2017-04-03 00:00:00-04:00,187.5000639879117,187.65595286189713,185.96723381036117,187.127685546875,2843700,0.0,0.0,0.0
2017-04-04 00:00:00-04:00,186.80726091689112,187.27490109841403,186.47817246905007,187.23159790039062,2481600,0.0,0.0,0.0
2017-04-05 00:00:00-04:00,187.82916985173532,188.72981569126418,186.48684984021511,186.66004943847656,2311800,0.0,0.0,0.0
2017-04-06 00:00:00-04:00,186.80727570278395,187.6472943823785,186.38292547141617,187.14501953125,1635500,0.0,0.0,0.0
2017-04-07 00:00:00-04:00,186.93716555006472,187.61265318335472,186.53879461065407,186.98046875,1835900,0.0,0.0,0.0
2017-04-10 00:00:00-04:00,187.11038208007812,187.82051762333816,186.62541791116033,187.11038208007812,1311900,0.0,0.0,0.0
2017-04-11 00:00:00-04:00,186.73801989083893,186.9545227147297,185.5429200743911,186.87657165527344,1787300,0.0,0.0,0.0
2017-04-12 00:00:00-04:00,186.61676110203604,186.7899607018311,185.86332236078982,186.10580444335938,2002700,0.0,0.0,0.0
2017-04-13 00:00:00-04:00,185.75939154980318,186.4002445575126,184.86740112304688,184.86740112304688,1806800,0.0,0.0,0.0
2017-04-17 00:00:00-04:00,185.32634960639922,186.49546971439412,185.15315005336114,186.48680114746094,1746900,0.0,0.0,0.0
2017-04-18 00:00:00-04:00,185.8027067738352,186.40025661988628,185.30907404386875,185.9759063720703,2695900,0.0,0.0,0.0
2017-04-19 00:00:00-04:00,186.46086864929663,186.79861248744214,185.37835465340942,185.56887817382812,2032400,0.0,0.0,0.0
2017-04-20 00:00:00-04:00,186.17506678511117,187.49140738685588,185.8633022534948,187.08438110351562,2734000,0.0,0.0,0.0
2017-04-21 00:00:00-04:00,187.03238991910436,187.07569311038395,186.1317311118923,186.53875732421875,2594400,0.0,0.0,0.0
2017-04-24 00:00:00-04:00,188.5739581145183,188.74715772940166,188.12362854439468,188.53065490722656,2366400,0.0,0.0,0.0
2017-04-25 00:00:00-04:00,189.14550132829876,189.9682092904927,189.04157100300193,189.66510009765625,1745100,0.0,0.0,0.0
2017-04-26 00:00:00-04:00,189.621796784009,190.4358361202186,189.49188719008862,189.5265350341797,2824500,0.0,0.0,0.0
2017-04-27 00:00:00-04:00,189.8295969410842,189.96816186403214,189.19741264976702,189.67372131347656,1154200,0.0,0.0,0.0
2017-04-28 00:00:00-04:00,189.9422124669192,189.95086782061034,189.16279456345882,189.31002807617188,1257600,0.0,0.0,0.0
2017-05-01 00:00:00-04:00,189.79503750909927,190.15010530946714,189.35336329400826,189.76905822753906,1506700,0.0,0.0,0.0
2017-05-02 00:00:00-04:00,189.90751238958606,189.98546340848802,189.45719626445631,189.82957458496094,2573000,0.0,0.0,0.0
2017-05-03 00:00:00-04:00,189.4658995511257,189.80364333756145,188.99825939078391,189.63909912109375,1654600,0.0,0.0,0.0
2017-05-04 00:00:00-04:00,189.8902984707416,189.9595809593683,189.05892182150492,189.81234741210938,1439100,0.0,0.0,0.0
2017-05-05 00:00:00-04:00,190.14141152662594,190.5744171142578,189.7603644952248,190.5744171142578,1729700,0.0,0.0,0.0
2017-05-08 00:00:00-04:00,190.6350426622462,190.73895977384794,190.15007852239572,190.5830841064453,2225000,0.0,0.0,0.0
2017-05-09 00:00:00-04:00,190.77355114014378,190.94676390590553,190.0374497427713,190.34054565429688,1636900,0.0,0.0,0.0
2017-05-10 00:00:00-04:00,190.31463163845203,190.71300263630954,190.13277667203695,190.6956787109375,1066900,0.0,0.0,0.0
2017-05-11 00:00:00-04:00,190.29726810877204,190.4617991041481,189.32732677140163,190.30592346191406,1855700,0.0,0.0,0.0
2017-05-12 00:00:00-04:00,190.08948875233722,190.1760951718789,189.76040021522005,190.0115509033203,1056500,0.0,0.0,0.0
2017-05-15 00:00:00-04:00,190.41853172500834,191.1459779036673,190.37522852559934,190.9727783203125,1440600,0.0,0.0,0.0
2017-05-16 00:00:00-04:00,191.28452269604395,191.3364812441462,190.52242875246455,190.9381103515625,2452500,0.0,0.0,0.0
2017-05-17 00:00:00-04:00,189.31870472367072,189.71707568103946,187.4221381238302,187.5520477294922,3507700,0.0,0.0,0.0
2017-05-18 00:00:00-04:00,187.34416996381088,188.99825422247588,187.1709703985791,188.2361602783203,2894500,0.0,0.0,0.0
2017-05-19 00:00:00-04:00,188.6864979157875,190.063452358472,188.64319471902854,189.40528869628906,2436500,0.0,0.0,0.0
2017-05-22 00:00:00-04:00,189.88161184754077,190.5657680987552,189.8556325685612,190.4618377685547,1865000,0.0,0.0,0.0
2017-05-23 00:00:00-04:00,190.79091005745215,190.9900889174802,190.43584232249867,190.83421325683594,1259000,0.0,0.0,0.0
2017-05-24 00:00:00-04:00,191.07671009124613,191.38847465092297,190.76494553156925,191.293212890625,1453900,0.0,0.0,0.0
2017-05-25 00:00:00-04:00,191.76086092046134,192.46234111896982,191.57035060640095,192.18521118164062,1564600,0.0,0.0,0.0
2017-05-26 00:00:00-04:00,192.04664259396324,192.31511717104766,191.96870475591413,192.19386291503906,1196000,0.0,0.0,0.0
2017-05-30 00:00:00-04:00,191.87344370042828,192.22851147189235,191.7522026582555,192.0120086669922,1511700,0.0,0.0,0.0
2017-05-31 00:00:00-04:00,192.28912414424573,192.32377199280424,191.31919581312616,191.9687042236328,2326200,0.0,0.0,0.0
2017-06-01 00:00:00-04:00,192.37568877460757,193.51016110430936,192.13320674448565,193.46685791015625,2112900,0.0,0.0,0.0
2017-06-02 00:00:00-04:00,193.53612330759495,194.26358254807667,193.267662027516,194.07305908203125,1857600,0.0,0.0,0.0
2017-06-05 00:00:00-04:00,193.97782411228994,194.22896150802939,193.82193524843632,193.94317626953125,1831200,0.0,0.0,0.0
2017-06-06 00:00:00-04:00,193.4409050875798,193.94319313702357,193.29368477875204,193.38894653320312,1449400,0.0,0.0,0.0
2017-06-07 00:00:00-04:00,193.71804967275605,193.92588390600844,193.0598726960372,193.70938110351562,1328800,0.0,0.0,0.0
2017-06-08 00:00:00-04:00,193.83062777642184,194.25496479556796,193.32833970857297,193.77865600585938,1116100,0.0,0.0,0.0
2017-06-09 00:00:00-04:00,194.0904353146735,194.7919023063584,192.34110212024152,193.5535125732422,2117600,0.0,0.0,0.0
2017-06-12 00:00:00-04:00,193.30234058655037,193.53615406581042,192.69612225409114,193.4755401611328,1812100,0.0,0.0,0.0
2017-06-13 00:00:00-04:00,193.97784894308748,194.48013701314366,193.67473974440946,194.4195098876953,2170700,0.0,0.0,0.0
2017-06-14 00:00:00-04:00,194.6966473012812,194.71395801126243,193.44958903994444,194.211669921875,1886000,0.0,0.0,0.0
2017-06-15 00:00:00-04:00,192.99926766353508,193.9258928294157,192.69615844038475,193.8219757080078,2170900,0.0,0.0,0.0
2017-06-16 00:00:00-04:00,193.98651757442843,194.0384761344935,193.06854777519183,193.87393188476562,1603600,0.0,0.0,0.0
2017-06-19 00:00:00-04:00,194.61866266897422,195.51932157532866,194.52340092338443,195.4586944580078,1433100,0.0,0.0,0.0
2017-06-20 00:00:00-04:00,195.1642693745231,195.1642693745231,194.14236936661203,194.17701721191406,1366000,0.0,0.0,0.0
2017-06-21 00:00:00-04:00,194.48013761078423,194.59271007880554,193.674740339575,194.09909057617188,1422000,0.0,0.0,0.0
2017-06-22 00:00:00-04:00,194.13371628023015,194.55806649730948,193.87391029455466,193.9864959716797,1344400,0.0,0.0,0.0
2017-06-23 00:00:00-04:00,194.0995484963053,194.5606121661529,193.75158042348366,194.31703186035156,1257400,1.01,0.0,0.0
2017-06-26 00:00:00-04:00,194.86512088342542,195.25658833751643,194.20397614483022,194.37796020507812,1321700,0.0,0.0,0.0
2017-06-27 00:00:00-04:00,194.1779134845389,194.44759081665867,192.80341659986635,192.8295135498047,3476700,0.0,0.0,0.0
2017-06-28 00:00:00-04:00,193.76032072937605,194.7259476247073,193.56023970396774,194.53456115722656,2875800,0.0,0.0,0.0
2017-06-29 00:00:00-04:00,194.69984588981853,194.79553912120616,191.75077138049807,192.8555908203125,4613000,0.0,0.0,0.0
2017-06-30 00:00:00-04:00,193.62110377578873,193.91687797741423,193.00344515556444,193.17742919921875,2982300,0.0,0.0,0.0
2017-07-03 00:00:00-04:00,194.07345696929752,194.45622982455953,193.53410245913642,193.60369873046875,1762500,0.0,0.0,0.0
2017-07-05 00:00:00-04:00,193.85604025281862,194.14311999297192,193.12529906377537,193.9430389404297,2043800,0.0,0.0,0.0
2017-07-06 00:00:00-04:00,193.2644296738447,193.34272050310494,192.01172330915358,192.20310974121094,2540700,0.0,0.0,0.0
2017-07-07 00:00:00-04:00,192.70768190604923,193.5776154478933,192.58589174115636,193.4210205078125,2148000,0.0,0.0,0.0
2017-07-10 00:00:00-04:00,193.29925504833506,193.9865100677435,193.16006247805814,193.6211395263672,1800100,0.0,0.0,0.0
2017-07-11 00:00:00-04:00,193.4906232133675,193.7863974416307,192.4467055832938,193.4732208251953,1638700,0.0,0.0,0.0
2017-07-12 00:00:00-04:00,194.4040447103602,195.10868873745997,194.4040447103602,194.92601013183594,1492100,0.0,0.0,0.0
2017-07-13 00:00:00-04:00,195.00431689616593,195.39578435719255,194.7694311098967,195.256591796875,1485500,0.0,0.0,0.0
2017-07-14 00:00:00-04:00,195.31750186549485,196.51800124566356,195.20440624613775,196.14393615722656,1642400,0.0,0.0,0.0
2017-07-17 00:00:00-04:00,196.12655986208952,196.4832358827986,196.03086661931724,196.17005920410156,1176200,0.0,0.0,0.0
2017-07-18 00:00:00-04:00,195.84815855967452,196.3353192591361,195.50017714996375,196.3179168701172,3146500,0.0,0.0,0.0
2017-07-19 00:00:00-04:00,196.58755795149182,197.3531036376953,196.57016883980978,197.3531036376953,1255300,0.0,0.0,0.0
2017-07-20 00:00:00-04:00,197.58804459970068,197.69243239548672,196.95298344430955,197.41404724121094,1698100,0.0,0.0,0.0
2017-07-21 00:00:00-04:00,196.91816535562515,197.28353586569065,196.70068196100524,197.27484130859375,2461700,0.0,0.0,0.0
2017-07-24 00:00:00-04:00,197.1878435832697,197.32703614228345,196.79637612591,197.2052459716797,1278200,0.0,0.0,0.0
2017-07-25 00:00:00-04:00,197.9185833914695,197.98817967054896,197.49232443404054,197.6750030517578,1349500,0.0,0.0,0.0
2017-07-26 00:00:00-04:00,197.97078665690626,197.9881757707339,197.45751576807177,197.73590087890625,1574100,0.0,0.0,0.0
2017-07-27 00:00:00-04:00,198.1273755870665,198.15347253289704,196.30050973412963,197.5010223388672,1834500,0.0,0.0,0.0
2017-07-28 00:00:00-04:00,197.07474702816768,197.4053260357125,196.6832795726784,197.27484130859375,2364100,0.0,0.0,0.0
2017-07-31 00:00:00-04:00,197.67504667851688,197.73594841395226,196.98780484139928,197.1617889404297,3020000,0.0,0.0,0.0
2017-08-01 00:00:00-04:00,197.73590571653983,197.7533081049259,197.19653786963548,197.60540771484375,1674500,0.0,0.0,0.0
2017-08-02 00:00:00-04:00,197.7446028052217,197.84029603137068,196.85726682403404,197.718505859375,1889300,0.0,0.0,0.0
2017-08-03 00:00:00-04:00,197.63149862195718,197.63149862195718,197.0834495088043,197.3705291748047,1266400,0.0,0.0,0.0
2017-08-04 00:00:00-04:00,197.78809424649396,197.9881752480451,197.3357250796485,197.7010955810547,1039800,0.0,0.0,0.0
2017-08-07 00:00:00-04:00,197.76195129848534,198.04903089869555,197.648855714549,198.02293395996094,848500,0.0,0.0,0.0
2017-08-08 00:00:00-04:00,197.77069279985287,198.88420669728544,197.24003279606606,197.63150024414062,1064700,0.0,0.0,0.0
2017-08-09 00:00:00-04:00,196.9094969450083,197.60543328089506,196.6050148424568,197.51844787597656,1536600,0.0,0.0,0.0
2017-08-10 00:00:00-04:00,196.81380297099244,196.90949620793887,194.73466198109676,194.8042449951172,3043300,0.0,0.0,0.0
2017-08-11 00:00:00-04:00,194.97821541308969,195.57847170062425,194.75202418930397,195.06520080566406,1584300,0.0,0.0,0.0
2017-08-14 00:00:00-04:00,196.22218133257334,197.1878079658468,196.22218133257334,196.97901916503906,2201900,0.0,0.0,0.0
2017-08-15 00:00:00-04:00,197.3357335320704,197.36183047799346,196.69199116712414,196.9964599609375,1309700,0.0,0.0,0.0
2017-08-16 00:00:00-04:00,197.43145205319,197.81422500794616,196.9268889104782,197.30966186523438,1531400,0.0,0.0,0.0
2017-08-17 00:00:00-04:00,196.77026398827357,197.0399412542085,194.23875427246094,194.23875427246094,3396200,0.0,0.0,0.0
2017-08-18 00:00:00-04:00,194.07343596746682,195.0999642658674,193.5166791311897,193.88204956054688,2691100,0.0,0.0,0.0
2017-08-21 00:00:00-04:00,193.8647142243518,194.30837559574888,193.22965311881427,194.1169891357422,1281300,0.0,0.0,0.0
2017-08-22 00:00:00-04:00,194.62154103258015,196.25702040610648,194.59544408718412,196.08302307128906,1455700,0.0,0.0,0.0
2017-08-23 00:00:00-04:00,195.26525988521874,195.78721196897516,195.09126258316948,195.41314697265625,1462900,0.0,0.0,0.0
2017-08-24 00:00:00-04:00,195.7698779329034,195.8829735638943,194.7607649090114,194.96084594726562,1345100,0.0,0.0,0.0
2017-08-25 00:00:00-04:00,195.69155374569178,196.23961614203543,195.27398934921382,195.3870849609375,1220800,0.0,0.0,0.0
2017-08-28 00:00:00-04:00,195.8742274120335,195.91772674127495,195.03039086644932,195.45664978027344,801000,0.0,0.0,0.0
2017-08-29 00:00:00-04:00,194.2126846103054,195.8742610440513,194.12568593688462,195.60458374023438,1397400,0.0,0.0,0.0
2017-08-30 00:00:00-04:00,195.61323078762376,196.81374316375522,195.46534369803422,196.578857421875,1377800,0.0,0.0,0.0
2017-08-31 00:00:00-04:00,197.15304698649584,197.9794812138201,197.0834507087872,197.73590087890625,2202700,0.0,0.0,0.0
2017-09-01 00:00:00-04:00,198.1361142925387,198.44059642724991,197.9186308460696,198.07522583007812,1393700,0.0,0.0,0.0
2017-09-05 00:00:00-04:00,197.56196163890576,197.77944507828187,195.71769304658412,196.6137237548828,2222300,0.0,0.0,0.0
2017-09-06 00:00:00-04:00,197.26614431811333,197.59672334382512,196.77028905367936,197.3009490966797,1523300,0.0,0.0,0.0
2017-09-07 00:00:00-04:00,197.58805587767833,197.58805587767833,196.90080078516687,197.25747680664062,1620300,0.0,0.0,0.0
2017-09-08 00:00:00-04:00,196.99647174929524,197.4575355203704,196.82248767468585,196.95297241210938,1896900,0.0,0.0,0.0
2017-09-11 00:00:00-04:00,198.21437710982113,199.22349000277535,198.20566927833013,199.10169982910156,2007200,0.0,0.0,0.0
2017-09-12 00:00:00-04:00,199.49316968100908,199.84113779418774,199.3278801813028,199.8324432373047,1535000,0.0,0.0,0.0
2017-09-13 00:00:00-04:00,199.53667644229168,199.95425415039062,199.4583855998234,199.95425415039062,1155800,0.0,0.0,0.0
2017-09-14 00:00:00-04:00,199.62367606321075,200.03254594132923,199.48448349318443,199.88465881347656,1857300,0.0,0.0,0.0
2017-09-15 00:00:00-04:00,199.75415503602596,200.19782968091283,199.64107269101066,200.16302490234375,1419700,0.0,0.0,0.0
2017-09-18 00:00:00-04:00,200.4848893838667,200.86764899103292,200.1891018920517,200.510986328125,1325200,0.0,0.0,0.0
2017-09-19 00:00:00-04:00,200.77199727130858,200.8242044447491,200.46752843398207,200.75460815429688,1302400,0.0,0.0,0.0
2017-09-20 00:00:00-04:00,200.82977830019232,200.91722258893392,199.91167997903167,200.86476135253906,1850500,1.176,0.0,0.0
2017-09-21 00:00:00-04:00,200.70735275302886,200.74233580336275,200.12151341011852,200.29640197753906,1899900,0.0,0.0,0.0
2017-09-22 00:00:00-04:00,200.01657454698804,200.46250833625626,199.99034393245012,200.2701416015625,1599200,0.0,0.0,0.0
2017-09-25 00:00:00-04:00,200.0778056824864,200.410064609692,199.23838591759298,199.97286987304688,1523300,0.0,0.0,0.0
2017-09-26 00:00:00-04:00,200.3138900347875,200.51500922881016,199.82423404297177,200.04283142089844,2335000,0.0,0.0,0.0
2017-09-27 00:00:00-04:00,200.6986156699412,201.16204102556944,199.8854398602208,200.82102966308594,2103600,0.0,0.0,0.0
2017-09-28 00:00:00-04:00,200.5499357213254,201.1182834446089,200.4887220644771,201.0570831298828,1084700,0.0,0.0,0.0
2017-09-29 00:00:00-04:00,201.0308858439938,201.83532255371495,200.8822412354488,201.77410888671875,1726200,0.0,0.0,0.0
2017-10-02 00:00:00-04:00,201.98399851922645,202.62229919433594,201.90530665697867,202.62229919433594,1960600,0.0,0.0,0.0
2017-10-03 00:00:00-04:00,202.77085317507547,203.0768947364997,202.56974739186214,203.03317260742188,1316400,0.0,0.0,0.0
2017-10-04 00:00:00-04:00,202.96325504770365,203.54035523046687,202.84084107034082,203.31301879882812,1006700,0.0,0.0,0.0
2017-10-05 00:00:00-04:00,203.61030950362203,204.54589919286673,203.52286522965616,204.51966857910156,1471800,0.0,0.0,0.0
2017-10-06 00:00:00-04:00,204.13499337253677,204.34483832882367,203.89015201999217,204.3273468017578,1101500,0.0,0.0,0.0
2017-10-09 00:00:00-04:00,204.5371740872145,204.54591317835943,203.7152458873799,203.9688262939453,768300,0.0,0.0,0.0
2017-10-10 00:00:00-04:00,204.4672496840983,204.82575260261007,203.98633276196372,204.4847412109375,1027600,0.0,0.0,0.0
2017-10-11 00:00:00-04:00,204.37980659264622,204.81700134277344,204.25739259629557,204.81700134277344,1036400,0.0,0.0,0.0
2017-10-12 00:00:00-04:00,204.4933990582527,204.84316274544693,204.29229327694128,204.5021514892578,1079400,0.0,0.0,0.0
2017-10-13 00:00:00-04:00,204.93064379437664,205.01808807309743,204.62461550310115,204.7295379638672,1067900,0.0,0.0,0.0
2017-10-16 00:00:00-04:00,204.96568488337138,205.21051292256982,204.6421516341876,205.05311584472656,1767300,0.0,0.0,0.0
2017-10-17 00:00:00-04:00,205.01811373284102,205.21048049640416,204.79951635080334,205.1842498779297,1332100,0.0,0.0,0.0
2017-10-18 00:00:00-04:00,205.53401029863622,205.56024091838006,205.2017379923794,205.3678741455078,1527800,0.0,0.0,0.0
2017-10-19 00:00:00-04:00,204.63337378786824,205.47279357910156,204.27487089046002,205.47279357910156,1653600,0.0,0.0,0.0
2017-10-20 00:00:00-04:00,206.18102311543433,206.52203444762867,205.94493424172333,206.4958038330078,1296300,0.0,0.0,0.0
2017-10-23 00:00:00-04:00,206.78434566920328,206.78434566920328,205.61265378044578,205.7438201904297,1101000,0.0,0.0,0.0
2017-10-24 00:00:00-04:00,206.0761032088366,206.25973086746853,205.71761366732812,206.0323944091797,1818400,0.0,0.0,0.0
2017-10-25 00:00:00-04:00,205.74382570238987,205.84000906877236,203.9862944932301,205.0443115234375,1943400,0.0,0.0,0.0
2017-10-26 00:00:00-04:00,205.56895131545764,205.84000989213163,205.1929569391409,205.23667907714844,3298200,0.0,0.0,0.0
2017-10-27 00:00:00-04:00,206.03237713686192,207.12536387914528,205.74382703584433,206.98545837402344,2825000,0.0,0.0,0.0
2017-10-30 00:00:00-04:00,206.03244513423357,206.89808238085135,205.94500082914212,206.23355102539062,1292500,0.0,0.0,0.0
2017-10-31 00:00:00-04:00,206.58325079153053,206.7668784502431,206.26847004954078,206.46958923339844,1357600,0.0,0.0,0.0
2017-11-01 00:00:00-04:00,207.25653486680835,207.57131560948082,206.46958968118943,206.8280792236328,2078300,0.0,0.0,0.0
2017-11-02 00:00:00-04:00,206.74934546712944,207.02915644484494,205.7612946396108,206.9154815673828,1908100,0.0,0.0,0.0
2017-11-03 00:00:00-04:00,207.08168224975066,207.61506041800774,206.6532265597979,207.60630798339844,1934200,0.0,0.0,0.0
2017-11-06 00:00:00-05:00,207.44011707869595,208.00846477244545,207.41388646773038,207.9210205078125,1688600,0.0,0.0,0.0
2017-11-07 00:00:00-05:00,208.00849337525358,208.29704347767435,207.32647071212207,207.8336181640625,1502700,0.0,0.0,0.0
2017-11-08 00:00:00-05:00,207.5888226209005,208.20963171890435,207.3614728029339,208.13967895507812,4711000,0.0,0.0,0.0
2017-11-09 00:00:00-05:00,206.99414655652822,207.52752448926813,205.90116008305463,207.3876190185547,1644100,0.0,0.0,0.0
2017-11-10 00:00:00-05:00,206.98549159361482,207.38770330773795,206.70568053846355,207.26528930664062,1019000,0.0,0.0,0.0
2017-11-13 00:00:00-05:00,206.64445099874033,207.6849765320467,206.62695947473452,207.51010131835938,900000,0.0,0.0,0.0
2017-11-14 00:00:00-05:00,206.74062546599095,207.09912831099427,206.04111129923695,207.00294494628906,2763300,0.0,0.0,0.0
2017-11-15 00:00:00-05:00,206.12857394427363,206.5657686696938,205.32413725055537,205.9449462890625,2436200,0.0,0.0,0.0
2017-11-16 00:00:00-05:00,206.8106012188333,208.04348023174904,206.7931096936352,207.7024688720703,1072300,0.0,0.0,0.0
2017-11-17 00:00:00-05:00,207.3789263913716,207.57129312117067,207.04665415951453,207.14283752441406,1370500,0.0,0.0,0.0
2017-11-20 00:00:00-05:00,207.3352199811939,207.6412616223946,207.10788352969772,207.41392517089844,1420400,0.0,0.0,0.0
2017-11-21 00:00:00-05:00,208.1571097180855,208.97903777545648,208.10464849606126,208.79541015625,1151500,0.0,0.0,0.0
2017-11-22 00:00:00-05:00,208.85667835338293,208.93537020696988,208.4894363611855,208.64682006835938,2143500,0.0,0.0,0.0
2017-11-24 00:00:00-05:00,209.08399963378906,209.22390514697494,208.97033807868408,209.08399963378906,1219300,0.0,0.0,0.0
2017-11-27 00:00:00-05:00,209.14521061779664,209.44249982291228,208.83042988822598,209.02279663085938,2654000,0.0,0.0,0.0
2017-11-28 00:00:00-05:00,209.49495852924903,211.14755400404636,209.36380545272692,211.0950927734375,1800500,0.0,0.0,0.0
2017-11-29 00:00:00-05:00,211.25250735650712,211.75964152260363,210.5879628012602,211.01641845703125,2442100,0.0,0.0,0.0
2017-11-30 00:00:00-05:00,211.86454232202527,213.7007519530396,211.80332866326347,212.78265380859375,5451700,0.0,0.0,0.0
2017-12-01 00:00:00-05:00,212.69523231616864,213.0974573310627,209.43376342487477,212.38919067382812,3775600,0.0,0.0,0.0
2017-12-04 00:00:00-05:00,213.96309005997364,214.28662322051937,212.11812783582315,212.16184997558594,2162000,0.0,0.0,0.0
2017-12-05 00:00:00-05:00,212.39794594649817,212.98378528092857,211.27872851025435,211.40988159179688,1886300,0.0,0.0,0.0
2017-12-06 00:00:00-05:00,211.36614000026668,211.82956530190404,211.01638958692178,211.401123046875,1204800,0.0,0.0,0.0
2017-12-07 00:00:00-05:00,211.33119522078576,212.39795145206392,211.20878122746487,212.1006622314453,2670000,0.0,0.0,0.0
2017-12-08 00:00:00-05:00,212.87011878437892,213.28108291226573,212.6515214117636,213.25485229492188,1685700,0.0,0.0,0.0
2017-12-11 00:00:00-05:00,213.36846987198257,213.97180059304264,213.2635340886757,213.945556640625,2513300,0.0,0.0,0.0
2017-12-12 00:00:00-05:00,214.17300643895146,214.73261529023696,213.95440902294735,214.3129119873047,1855000,0.0,0.0,0.0
2017-12-13 00:00:00-05:00,214.5402175504858,214.9249510818977,214.19920616439356,214.26040649414062,1808300,0.0,0.0,0.0
2017-12-14 00:00:00-05:00,214.57517297097567,214.6451257304032,213.35103303630575,213.41224670410156,1932900,0.0,0.0,0.0
2017-12-15 00:00:00-05:00,214.35653794164568,215.58069100337386,214.28659853663015,215.20469665527344,3170800,0.0,0.0,0.0
2017-12-18 00:00:00-05:00,216.4289104498475,216.85735280087505,216.36769677562867,216.54257202148438,2089600,0.0,0.0,0.0
2017-12-19 00:00:00-05:00,216.7786187150071,216.80484932966968,215.6506622581466,215.75558471679688,3170300,0.0,0.0,0.0
2017-12-20 00:00:00-05:00,216.6037572520191,216.6474793932731,215.33589520839914,215.58946228027344,2570000,0.0,0.0,0.0
2017-12-21 00:00:00-05:00,216.16650154503287,216.6823879767797,215.81675119791106,216.02659606933594,2262400,0.0,0.0,0.0
2017-12-22 00:00:00-05:00,216.05292396075245,216.0879070164888,215.48457605523848,215.98297119140625,1888500,0.0,0.0,0.0
2017-12-26 00:00:00-05:00,215.83706962732117,215.8810023473527,215.48562127345292,215.73162841796875,1492300,1.184,0.0,0.0
2017-12-27 00:00:00-05:00,215.88101513407858,216.15337924546878,215.59107525235797,215.85464477539062,1379100,0.0,0.0,0.0
2017-12-28 00:00:00-05:00,216.25008417210512,216.32037386599163,215.93378725280996,216.2588653564453,2346700,0.0,0.0,0.0
2017-12-29 00:00:00-05:00,216.8035377110996,216.8123322995559,215.28356201688243,215.51199340820312,2326700,0.0,0.0,0.0
2018-01-02 00:00:00-05:00,216.26763402079453,217.09352111816406,215.9074177942634,217.09352111816406,2784300,0.0,0.0,0.0
2018-01-03 00:00:00-05:00,217.22529405205657,218.50804387448207,217.17256673603475,218.38504028320312,2917700,0.0,0.0,0.0
2018-01-04 00:00:00-05:00,219.00886840756203,219.75567119116883,218.9210029476615,219.3427276611328,2918000,0.0,0.0,0.0
2018-01-05 00:00:00-05:00,220.05440052601585,220.88027416024153,219.606305460023,220.7484893798828,2190200,0.0,0.0,0.0
2018-01-08 00:00:00-05:00,220.66940569689032,221.30199941864925,220.41460392781158,221.20535278320312,2476200,0.0,0.0,0.0
2018-01-09 00:00:00-05:00,221.56557927835365,222.23332457484275,221.32836667644074,221.6710205078125,2129800,0.0,0.0,0.0
2018-01-10 00:00:00-05:00,220.97688554426475,221.55676529809605,220.37066224495143,221.29318237304688,1953600,0.0,0.0,0.0
2018-01-11 00:00:00-05:00,221.8203663934136,222.92739868164062,221.69736280583282,222.92739868164062,2280300,0.0,0.0,0.0
2018-01-12 00:00:00-05:00,223.19095376467652,224.5352118776986,223.07673137390213,224.40342712402344,2054900,0.0,0.0,0.0
2018-01-16 00:00:00-05:00,225.61591339595827,226.15184702916602,222.98889210248325,223.58633422851562,3719600,0.0,0.0,0.0
2018-01-17 00:00:00-05:00,224.4825086021467,226.10792547512702,223.8147768079456,225.74769592285156,1867700,0.0,0.0,0.0
2018-01-18 00:00:00-05:00,225.65985102977956,226.03764298019308,224.93939185961554,225.44020080566406,3154200,0.0,0.0,0.0
2018-01-19 00:00:00-05:00,225.93221552145118,226.40666751387016,225.3874872548231,226.3978729248047,2541200,0.0,0.0,0.0
2018-01-22 00:00:00-05:00,226.19581191169314,228.24294020638183,226.19581191169314,228.21658325195312,1607800,0.0,0.0,0.0
2018-01-23 00:00:00-05:00,228.2957000729238,228.9898024296372,228.00577351584334,228.73500061035156,2161100,0.0,0.0,0.0
2018-01-24 00:00:00-05:00,229.3411866959224,229.86835258661918,227.575190346558,228.6207275390625,2935500,0.0,0.0,0.0
2018-01-25 00:00:00-05:00,229.46427537183837,229.50819470446186,228.02335660798863,228.72622680664062,3585600,0.0,0.0,0.0
2018-01-26 00:00:00-05:00,229.6047773036082,231.39713077133672,229.2884938278303,231.38833618164062,2857300,0.0,0.0,0.0
2018-01-29 00:00:00-05:00,230.92268259382664,231.2917068011584,229.73659272711674,229.789306640625,5145000,0.0,0.0,0.0
2018-01-30 00:00:00-05:00,228.1463374269613,228.74377968226364,227.08321089331366,227.3380126953125,6678900,0.0,0.0,0.0
2018-01-31 00:00:00-05:00,228.28686493806092,228.77011153107244,226.6351177334175,227.54884338378906,5585800,0.0,0.0,0.0
2018-02-01 00:00:00-05:00,226.9338175396996,228.54164527268136,226.6350964728581,227.32040405273438,3125700,0.0,0.0,0.0
2018-02-02 00:00:00-05:00,226.12553338835897,226.23975580754845,222.36512220900082,222.45298767089844,5532200,0.0,0.0,0.0
2018-02-05 00:00:00-05:00,220.7572250727339,222.69893867701464,212.5510970825252,213.3154754638672,8559200,0.0,0.0,0.0
2018-02-06 00:00:00-05:00,209.8098901396853,217.72607914085836,208.81706686795022,217.2604217529297,11701700,0.0,0.0,0.0
2018-02-07 00:00:00-05:00,216.75963133036544,219.89622953431407,216.06552912013888,216.07431030273438,6240200,0.0,0.0,0.0
2018-02-08 00:00:00-05:00,216.3554381451952,216.51357984765843,207.96479816732304,208.0438690185547,6985700,0.0,0.0,0.0
2018-02-09 00:00:00-05:00,210.51277195029948,212.79712614823853,204.20441078824456,211.25079345703125,9713100,0.0,0.0,0.0
2018-02-12 00:00:00-05:00,213.0606615731001,215.5383218870755,211.44403956467514,214.15013122558594,4236200,0.0,0.0,0.0
2018-02-13 00:00:00-05:00,213.17491239165133,215.25719195851326,212.59503265700644,214.87060546875,3077700,0.0,0.0,0.0
2018-02-14 00:00:00-05:00,213.50003883058895,217.99847157269576,213.35945945580133,217.6821746826172,3650800,0.0,0.0,0.0
2018-02-15 00:00:00-05:00,219.29880814010792,220.5024871826172,216.99686447537863,220.5024871826172,2923800,0.0,0.0,0.0
2018-02-16 00:00:00-05:00,219.88744376146414,222.28602038575173,219.79957831180099,220.47610473632812,3007500,0.0,0.0,0.0
2018-02-20 00:00:00-05:00,219.65024569636012,220.9769283540668,218.42020968301534,219.14065551757812,3454400,0.0,0.0,0.0
2018-02-21 00:00:00-05:00,219.52722137455464,221.7940133049523,217.9896697998047,217.9896697998047,2798000,0.0,0.0,0.0
2018-02-22 00:00:00-05:00,218.92099727709203,220.44097316801435,217.7260994478849,218.25326538085938,3177700,0.0,0.0,0.0
2018-02-23 00:00:00-05:00,219.49211900164477,221.83798217773438,219.03524270548715,221.83798217773438,2923100,0.0,0.0,0.0
2018-02-26 00:00:00-05:00,222.7780309623693,224.48251876849022,222.27723544563463,224.3946533203125,1892000,0.0,0.0,0.0
2018-02-27 00:00:00-05:00,224.59674793228012,225.22054705141466,221.53042602539062,221.53042602539062,2947100,0.0,0.0,0.0
2018-02-28 00:00:00-05:00,222.61108803156813,223.00646913021947,219.07032775878906,219.07032775878906,2716600,0.0,0.0,0.0
2018-03-01 00:00:00-05:00,219.23726035968951,220.55516158258175,214.773966609395,216.1797332763672,5182300,0.0,0.0,0.0
2018-03-02 00:00:00-05:00,214.58948847827932,217.77001944380484,213.78995844235783,217.33071899414062,3276500,0.0,0.0,0.0
2018-03-05 00:00:00-05:00,216.1534126618353,220.3443296025682,216.0919041593623,219.82595825195312,3024600,0.0,0.0,0.0
2018-03-06 00:00:00-05:00,220.722094083416,220.74845103490944,218.9736736648412,220.3794403076172,1932000,0.0,0.0,0.0
2018-03-07 00:00:00-05:00,218.36744957032104,220.5903220568343,218.20930785223368,220.28280639648438,2730200,0.0,0.0,0.0
2018-03-08 00:00:00-05:00,220.8802260399,221.42496762827562,219.96648714690872,221.3107452392578,3021600,0.0,0.0,0.0
2018-03-09 00:00:00-05:00,222.63749175539465,225.15030460000037,222.3299894440919,225.14151000976562,2450800,0.0,0.0,0.0
2018-03-12 00:00:00-04:00,225.48411607294838,226.0200496762991,224.55278798881864,224.9217987060547,2029200,0.0,0.0,0.0
2018-03-13 00:00:00-04:00,225.97613510904972,226.42420328163863,222.9098135094234,223.4369659423828,3080600,0.0,0.0,0.0
2018-03-14 00:00:00-04:00,224.33318816469784,224.4913299048566,221.81160766088462,222.2596893310547,2352700,0.0,0.0,0.0
2018-03-15 00:00:00-04:00,222.76930269209097,223.34918261247228,221.60076166697897,222.04884338378906,2161500,0.0,0.0,0.0
2018-03-16 00:00:00-04:00,222.48809256530305,223.23490866067405,222.25966116744596,222.27723693847656,1554600,0.0,0.0,0.0
2018-03-19 00:00:00-04:00,221.62709267343996,221.6358738567611,217.77881616968097,219.30758666992188,2715800,0.0,0.0,0.0
2018-03-20 00:00:00-04:00,219.64142366909948,220.230084609334,219.06154391076055,219.6941375732422,1991400,0.0,0.0,0.0
2018-03-21 00:00:00-04:00,219.5975443882029,221.51288820555783,219.04402144722974,219.18460083007812,2777300,0.0,0.0,0.0
2018-03-22 00:00:00-04:00,217.11103687502919,217.9632806946914,213.5263441236052,213.73721313476562,3589400,0.0,0.0,0.0
2018-03-23 00:00:00-04:00,214.15019958430995,214.4577018718365,209.0367356392271,209.18609619140625,3815500,0.0,0.0,0.0
2018-03-26 00:00:00-04:00,212.5524143431532,215.19143777912225,210.34586580193303,214.94430541992188,5529000,1.084,0.0,0.0
2018-03-27 00:00:00-04:00,215.77393851134318,216.27702450252352,209.86039197263693,211.21961975097656,3363600,0.0,0.0,0.0
2018-03-28 00:00:00-04:00,211.35206559184982,212.90547102081803,209.64860300042213,210.62831115722656,4384100,0.0,0.0,0.0
2018-03-29 00:00:00-04:00,211.69625240448497,215.01489624815068,211.01663174712684,213.66448974609375,2910800,0.0,0.0,0.0
2018-04-02 00:00:00-04:00,212.87897558183928,213.3291066281872,206.46232876260368,208.72183227539062,4696400,0.0,0.0,0.0
2018-04-03 00:00:00-04:00,209.8957020085399,211.82864050800785,208.23637334822914,211.3696746826172,3287900,0.0,0.0,0.0
2018-04-04 00:00:00-04:00,208.18346016102217,214.3088417342913,208.03341645998046,213.80575561523438,4598000,0.0,0.0,0.0
2018-04-05 00:00:00-04:00,215.27086529820212,216.14466334861885,214.29999204322004,215.35031127929688,3436600,0.0,0.0,0.0
2018-04-06 00:00:00-04:00,213.54094441545078,214.9266499002551,209.16314617085217,210.6106414794922,4931600,0.0,0.0,0.0
2018-04-09 00:00:00-04:00,211.961076920836,214.69720287903849,211.22851455498775,211.46681213378906,2956000,0.0,0.0,0.0
2018-04-10 00:00:00-04:00,214.2558768017843,215.69455085063365,213.2143922894498,214.95314025878906,2903800,0.0,0.0,0.0
2018-04-11 00:00:00-04:00,213.59388983286573,215.35030724639333,213.5497561703514,213.81454467773438,2068300,0.0,0.0,0.0
2018-04-12 00:00:00-04:00,215.10316093779645,216.46238876818697,214.89132745209702,215.6062469482422,1723600,0.0,0.0,0.0
2018-04-13 00:00:00-04:00,216.98316246529254,216.98316246529254,214.03521673305326,215.006103515625,2887700,0.0,0.0,0.0
2018-04-16 00:00:00-04:00,216.4800522650507,217.4332827814629,215.7209990835207,216.753662109375,2149200,0.0,0.0,0.0
2018-04-17 00:00:00-04:00,218.37768780537067,219.60452821846872,217.9010792606742,219.0837860107422,2301800,0.0,0.0,0.0
2018-04-18 00:00:00-04:00,219.47212491722038,219.96638958513228,218.8366379248473,219.20733642578125,1365100,0.0,0.0,0.0
2018-04-19 00:00:00-04:00,218.5541929384158,218.79250392711322,217.08905509442585,218.00697326660156,1997100,0.0,0.0,0.0
2018-04-20 00:00:00-04:00,217.9628500678643,218.12172855718862,215.3326481241866,216.2417449951172,2103900,0.0,0.0,0.0
2018-04-23 00:00:00-04:00,216.72718532689635,217.19497250765843,215.13846779425978,216.1446533203125,1472600,0.0,0.0,0.0
2018-04-24 00:00:00-04:00,217.09787685754586,217.23026436946495,211.83745974482528,213.1967010498047,3653500,0.0,0.0,0.0
2018-04-25 00:00:00-04:00,213.16137977978826,214.14992254216278,211.47558717213025,213.74391174316406,2354800,0.0,0.0,0.0
2018-04-26 00:00:00-04:00,214.67064605156415,216.6565392807058,214.2734700992759,215.94161987304688,2106800,0.0,0.0,0.0
2018-04-27 00:00:00-04:00,216.444752438237,216.74485327072745,215.26204567040293,216.171142578125,2178600,0.0,0.0,0.0
2018-04-30 00:00:00-04:00,216.69186459764816,217.1684865727854,214.34410743981257,214.4058837890625,2146100,0.0,0.0,0.0
2018-05-01 00:00:00-04:00,213.99108530938057,214.93549459575163,212.49945626766427,214.86488342285156,2323100,0.0,0.0,0.0
2018-05-02 00:00:00-04:00,214.6618873430738,215.37680695933602,213.02903593559003,213.3997344970703,1636400,0.0,0.0,0.0
2018-05-03 00:00:00-04:00,212.60530998550186,213.50557184218448,209.99275131643734,212.89657592773438,2666500,0.0,0.0,0.0
2018-05-04 00:00:00-04:00,212.04930840683662,216.29470551709,211.7315648877894,215.72100830078125,1785200,0.0,0.0,0.0
2018-05-07 00:00:00-04:00,216.40945608597949,217.29207549921472,215.76514768527474,216.3917999267578,3127200,0.0,0.0,0.0
2018-05-08 00:00:00-04:00,216.09169908356122,216.70952994075878,214.9796035406056,216.38296508789062,1924500,0.0,0.0,0.0
2018-05-09 00:00:00-04:00,217.0008178535693,218.8013556002855,216.55950812991586,218.48361206054688,1506200,0.0,0.0,0.0
2018-05-10 00:00:00-04:00,219.2073969389751,220.83141371548916,219.11030824756907,220.5313262939453,1537600,0.0,0.0,0.0
2018-05-11 00:00:00-04:00,220.69013830379095,221.46684764833833,220.19587361824358,221.06967163085938,1703500,0.0,0.0,0.0
2018-05-14 00:00:00-04:00,221.64338311108045,222.2082589977836,220.84020967915345,221.3168182373047,1478200,0.0,0.0,0.0
2018-05-15 00:00:00-04:00,220.21350767106014,220.23116382740096,218.9425337685473,219.79867553710938,2600600,0.0,0.0,0.0
2018-05-16 00:00:00-04:00,219.84284269786878,221.1314594854047,219.83402135220462,220.73428344726562,2588700,0.0,0.0,0.0
2018-05-17 00:00:00-04:00,220.469534716764,221.52868896653234,219.842882368947,220.54898071289062,1714200,0.0,0.0,0.0
2018-05-18 00:00:00-04:00,220.2400199957028,220.52246467101034,219.67514411279112,220.001708984375,1702800,0.0,0.0,0.0
2018-05-21 00:00:00-04:00,221.33448162307573,222.13765508122617,221.03438077682313,221.61691284179688,1262900,0.0,0.0,0.0
2018-05-22 00:00:00-04:00,222.12885338411672,222.36716442590526,220.74314773841658,220.9814453125,1055400,0.0,0.0,0.0
2018-05-23 00:00:00-04:00,219.87812936814512,221.6698455810547,219.72808569394658,221.6698455810547,1484100,0.0,0.0,0.0
2018-05-24 00:00:00-04:00,221.30802090933443,221.5374971336888,219.56042458181116,221.24623107910156,2025300,0.0,0.0,0.0
2018-05-25 00:00:00-04:00,220.69017028808594,221.21974736661042,220.2047403450938,220.69017028808594,1654700,0.0,0.0,0.0
2018-05-29 00:00:00-04:00,219.1367533141701,219.8428515591579,217.09790456419944,218.13938903808594,4465800,0.0,0.0,0.0
2018-05-30 00:00:00-04:00,219.35741002205614,221.4315711089879,219.2691426903001,221.01673889160156,1359700,0.0,0.0,0.0
2018-05-31 00:00:00-04:00,220.64606830700475,220.91967821534308,219.13678293597943,219.5869140625,2378800,0.0,0.0,0.0
2018-06-01 00:00:00-04:00,220.8578702890774,222.11118834351694,220.80491527473137,221.8993682861328,1953900,0.0,0.0,0.0
2018-06-04 00:00:00-04:00,222.57015189265667,223.12620647281634,222.38480934440642,222.8790740966797,2031500,0.0,0.0,0.0
2018-06-05 00:00:00-04:00,223.00263048235766,223.41746269571775,222.30535358428273,223.18797302246094,1491200,0.0,0.0,0.0
2018-06-06 00:00:00-04:00,223.62927046952436,225.0326455346701,223.05557325327263,224.97085571289062,2763200,0.0,0.0,0.0
2018-06-07 00:00:00-04:00,225.39452330304073,225.68578933594162,224.0794289496535,224.86495971679688,2615900,0.0,0.0,0.0
2018-06-08 00:00:00-04:00,224.503008783481,225.61510407030502,224.352965143269,225.57098388671875,1517500,0.0,0.0,0.0
2018-06-11 00:00:00-04:00,225.7651855079185,226.54190827164732,225.68575300292528,225.86227416992188,2648000,0.0,0.0,0.0
2018-06-12 00:00:00-04:00,226.29481849654655,226.50663854969216,225.59754157439747,226.24183654785156,1182200,0.0,0.0,0.0
2018-06-13 00:00:00-04:00,226.4183954551909,226.6302155310131,225.2709873295662,225.3415985107422,2507800,0.0,0.0,0.0
2018-06-14 00:00:00-04:00,226.22414905956597,226.49775888583653,225.4739307403889,225.99465942382812,1913800,0.0,0.0,0.0
2018-06-15 00:00:00-04:00,225.3062723687059,226.01237062724925,224.30008672728542,225.800537109375,2000100,0.0,0.0,0.0
2018-06-18 00:00:00-04:00,224.3442141899545,225.38571218526195,223.92939542237193,225.26214599609375,2015800,0.0,0.0,0.0
2018-06-19 00:00:00-04:00,223.1526574496209,224.591331335715,222.79078027483482,224.40597534179688,1863300,0.0,0.0,0.0
2018-06-20 00:00:00-04:00,225.04145738444907,225.39449973836824,224.46776019240482,224.81198120117188,1578200,0.0,0.0,0.0
2018-06-21 00:00:00-04:00,224.7678565113211,224.77667785682527,222.93200656872037,223.4086151123047,4037600,0.0,0.0,0.0
2018-06-22 00:00:00-04:00,224.53837893003458,224.64430242029823,223.58516179158843,223.80581665039062,3092000,0.0,0.0,0.0
2018-06-25 00:00:00-04:00,222.74664274867052,222.87020891990485,219.19852263135567,220.70779418945312,6690000,0.0,0.0,0.0
2018-06-26 00:00:00-04:00,221.23735570418623,222.00523018112742,220.57539123297443,221.19322204589844,2968600,0.0,0.0,0.0
2018-06-27 00:00:00-04:00,221.77578871111606,223.06440554144152,219.26913928582536,219.35740661621094,3433800,0.0,0.0,0.0
2018-06-28 00:00:00-04:00,219.2926780522328,221.33220018132357,218.69855880053444,220.69374084472656,2638400,1.157,0.0,0.0
2018-06-29 00:00:00-04:00,221.66916809719447,222.89288415276448,220.88883938599614,221.2523956298828,3711600,0.0,0.0,0.0
2018-07-02 00:00:00-04:00,219.52320227360087,221.58932550958698,219.3103915397022,221.509521484375,1943100,0.0,0.0,0.0
2018-07-03 00:00:00-04:00,222.2899052356313,222.3608466747705,220.30359906251778,220.61395263671875,1157900,0.0,0.0,0.0
2018-07-05 00:00:00-04:00,221.74901910354663,222.52048532584766,220.72038845334725,222.50274658203125,1948100,0.0,0.0,0.0
2018-07-06 00:00:00-04:00,222.49382585545123,224.69295593983165,222.14799486020314,224.35598754882812,2622200,0.0,0.0,0.0
2018-07-09 00:00:00-04:00,225.2782213033417,226.40439449803105,225.24274382359886,226.34231567382812,3979500,0.0,0.0,0.0
2018-07-10 00:00:00-04:00,226.7856557561625,227.27335601925654,226.51962882039808,227.13150024414062,1314500,0.0,0.0,0.0
2018-07-11 00:00:00-04:00,225.76591958433272,226.48418289655993,225.26046701309542,225.57969665527344,2335100,0.0,0.0,0.0
2018-07-12 00:00:00-04:00,226.70584348403688,227.59259088385173,226.12944955574227,227.51278686523438,2874000,0.0,0.0,0.0
2018-07-13 00:00:00-04:00,227.44186051075812,228.0359932503315,226.99850028580707,227.70790100097656,1814500,0.0,0.0,0.0
2018-07-16 00:00:00-04:00,227.79655725107028,227.902962611433,227.1492218936856,227.5659942626953,993500,0.0,0.0,0.0
2018-07-17 00:00:00-04:00,226.87438353657598,228.8340881956765,226.83004344952548,228.54147338867188,1825900,0.0,0.0,0.0
2018-07-18 00:00:00-04:00,228.5680198946495,229.06459627680434,228.14237139792397,228.95819091796875,2606800,0.0,0.0,0.0
2018-07-19 00:00:00-04:00,228.33747583372534,228.6921694130346,227.6724152245009,228.0891876220703,2050500,0.0,0.0,0.0
2018-07-20 00:00:00-04:00,227.89411375819245,228.4704942367432,227.69902822037977,227.8763885498047,2710700,0.0,0.0,0.0
2018-07-23 00:00:00-04:00,227.65468285542124,228.43499788080018,227.3620410421926,228.3108673095703,1447000,0.0,0.0,0.0
2018-07-24 00:00:00-04:00,229.5257176850172,230.17305309656692,228.62124498486983,229.3838348388672,2916000,0.0,0.0,0.0
2018-07-25 00:00:00-04:00,229.25972510867018,231.66280345439594,229.16216880371482,231.48544311523438,2608700,0.0,0.0,0.0
2018-07-26 00:00:00-04:00,230.67852749229243,231.44999355386514,230.64305001205102,230.8026580810547,2166500,0.0,0.0,0.0
2018-07-27 00:00:00-04:00,231.20171477003623,231.21056384441712,228.40843814129815,229.30406188964844,2666200,0.0,0.0,0.0
2018-07-30 00:00:00-04:00,229.31289399059577,229.4725020354772,227.57487658087888,227.98277282714844,1601400,0.0,0.0,0.0
2018-07-31 00:00:00-04:00,228.7985754504271,229.74740175043056,228.42615666254713,229.1355438232422,1992500,0.0,0.0,0.0
2018-08-01 00:00:00-04:00,229.34836431293115,229.83606456643182,228.2044525708533,228.8517608642578,1651700,0.0,0.0,0.0
2018-08-02 00:00:00-04:00,227.65470653934813,230.19966765886244,227.43301965351745,230.01345825195312,1767300,0.0,0.0,0.0
2018-08-03 00:00:00-04:00,230.1996069018373,231.13955688476562,230.0133975440746,231.13955688476562,2017600,0.0,0.0,0.0
2018-08-06 00:00:00-04:00,231.05091879311993,232.1770783387734,230.7317026931433,232.0086212158203,1843000,0.0,0.0,0.0
2018-08-07 00:00:00-04:00,232.50519764978142,233.01949927579494,232.39876522173032,232.6559295654297,2619200,0.0,0.0,0.0
2018-08-08 00:00:00-04:00,232.53178405761716,232.92195508459105,232.1416130306433,232.5317840576172,1560400,0.0,0.0,0.0
2018-08-09 00:00:00-04:00,232.6204611923677,232.98403091696025,232.11503568092633,232.23916625976562,1084400,0.0,0.0,0.0
2018-08-10 00:00:00-04:00,230.87360789801522,231.40566190659274,230.0489390684851,230.66079711914062,2395500,0.0,0.0,0.0
2018-08-13 00:00:00-04:00,230.917938237651,231.50319488194393,229.57894074564499,229.79177856445312,3684700,0.0,0.0,0.0
2018-08-14 00:00:00-04:00,230.50111711371488,231.50314598724677,230.1552726445635,231.2725830078125,1531800,0.0,0.0,0.0
2018-08-15 00:00:00-04:00,230.04889251494623,230.15529788285096,228.23994713779493,229.570068359375,2587800,0.0,0.0,0.0
2018-08-16 00:00:00-04:00,230.8735956502621,232.23034547778568,230.86474657587246,231.4322509765625,1693100,0.0,0.0,0.0
2018-08-17 00:00:00-04:00,231.18395054452458,232.66483088797148,230.86473440996872,232.20370483398438,2278800,0.0,0.0,0.0
2018-08-20 00:00:00-04:00,232.68252484424332,232.9840157290693,232.23915112043136,232.71800231933594,1245500,0.0,0.0,0.0
2018-08-21 00:00:00-04:00,233.2234649658203,234.07473497524094,233.0904311938042,233.2234649658203,1937900,0.0,0.0,0.0
2018-08-22 00:00:00-04:00,232.89538955013617,233.6136529008136,232.6737026626089,233.15252685546875,1708100,0.0,0.0,0.0
2018-08-23 00:00:00-04:00,232.93083326583172,233.77325423875155,232.51406084681668,232.8155517578125,2308100,0.0,0.0,0.0
2018-08-24 00:00:00-04:00,233.35647679930042,234.35850581035677,233.31212318719278,234.27870178222656,2328900,0.0,0.0,0.0
2018-08-27 00:00:00-04:00,235.3250563905006,236.18520254982266,235.21865102009147,236.04331970214844,2371000,0.0,0.0,0.0
2018-08-28 00:00:00-04:00,236.5487917136227,236.61084347720362,235.77732565336777,236.1763458251953,3026900,0.0,0.0,0.0
2018-08-29 00:00:00-04:00,236.39805122844984,237.69269521183926,236.17636431739183,237.47100830078125,2116100,0.0,0.0,0.0
2018-08-30 00:00:00-04:00,237.03644839039805,237.3911419427023,235.98121680585916,236.50439453125,2625500,0.0,0.0,0.0
2018-08-31 00:00:00-04:00,236.16743066000086,236.9566488606116,235.72405694587363,236.51327514648438,3172400,0.0,0.0,0.0
2018-09-04 00:00:00-04:00,236.18524169921875,236.4601313054693,235.2186900092747,236.18524169921875,3623300,0.0,0.0,0.0
2018-09-05 00:00:00-04:00,235.79507699166805,235.99016256219767,234.562484736642,235.5201873779297,4595500,0.0,0.0,0.0
2018-09-06 00:00:00-04:00,235.5999878626059,235.86600133595047,233.8353686795079,234.82852172851562,1687900,0.0,0.0,0.0
2018-09-07 00:00:00-04:00,233.77324026693356,235.21864297545827,233.61363221677857,234.2609405517578,2634100,0.0,0.0,0.0
2018-09-10 00:00:00-04:00,235.23638437619718,235.49354873785106,234.553598518164,234.70433044433594,2832700,0.0,0.0,0.0
2018-09-11 00:00:00-04:00,234.1279061924862,235.919126131468,233.81753920180495,235.59103393554688,3420400,0.0,0.0,0.0
2018-09-12 00:00:00-04:00,235.5289498579025,236.10535728258384,234.83728800966634,235.6176300048828,3019800,0.0,0.0,0.0
2018-09-13 00:00:00-04:00,236.56644827808833,237.13397955074595,236.29155877457623,236.9566192626953,2087500,0.0,0.0,0.0
2018-09-14 00:00:00-04:00,237.17842790897905,237.31143466264018,236.29168013604553,237.08087158203125,1861000,0.0,0.0,0.0
2018-09-17 00:00:00-04:00,236.95666099817709,236.99213847431201,235.51125828626343,235.7418212890625,2515300,0.0,0.0,0.0
2018-09-18 00:00:00-04:00,235.96350716352714,237.57739405355187,235.95463102918447,237.027587890625,1823600,0.0,0.0,0.0
2018-09-19 00:00:00-04:00,237.07190752463774,237.67488922304784,236.9655021733161,237.29359436035156,2077500,0.0,0.0,0.0
2018-09-20 00:00:00-04:00,238.43752921893295,239.5104860310409,238.34884906373918,239.2001190185547,3349700,0.0,0.0,0.0
2018-09-21 00:00:00-04:00,239.90960995637747,240.01604242549817,238.86325403188675,239.03173828125,1352500,0.0,0.0,0.0
2018-09-24 00:00:00-04:00,238.4730547172837,238.5972123859239,237.66611105529967,238.233642578125,2070900,0.0,0.0,0.0
2018-09-25 00:00:00-04:00,238.62377669386245,238.68585551854625,237.7813556771202,237.9409637451172,2360400,0.0,0.0,0.0
2018-09-26 00:00:00-04:00,238.1164947109224,239.20321626657665,236.8961654196692,237.24354553222656,2568400,1.207,0.0,0.0
2018-09-27 00:00:00-04:00,237.7245296215144,238.93594251149207,237.47511948630333,237.9026641845703,3077500,0.0,0.0,0.0
2018-09-28 00:00:00-04:00,237.38595064574307,238.41031235063517,237.32359133913207,237.8758544921875,1774300,0.0,0.0,0.0
2018-10-01 00:00:00-04:00,239.13189883541776,239.77324303772272,238.1788123658287,238.75779724121094,1968800,0.0,0.0,0.0
2018-10-02 00:00:00-04:00,238.69542606006394,239.31896493099507,238.32129730077259,238.73106384277344,3034100,0.0,0.0,0.0
2018-10-03 00:00:00-04:00,239.6307003187225,240.031550607648,238.47273065863504,238.9359130859375,2505800,0.0,0.0,0.0
2018-10-04 00:00:00-04:00,238.3391869090698,238.4193515516325,235.48876164971415,236.97633361816406,5004400,0.0,0.0,0.0
2018-10-05 00:00:00-04:00,237.1099065012699,237.62653207195476,234.2862032045117,235.64016723632812,2564700,0.0,0.0,0.0
2018-10-08 00:00:00-04:00,234.9542047719458,235.91623444572795,233.71607067893206,235.57774353027344,3219600,0.0,0.0,0.0
2018-10-09 00:00:00-04:00,235.2481960631578,236.45071970263785,234.75826492961914,235.27491760253906,2078000,0.0,0.0,0.0
2018-10-10 00:00:00-04:00,234.82061178450294,234.82061178450294,227.47188982446738,227.67677307128906,5803900,0.0,0.0,0.0
2018-10-11 00:00:00-04:00,226.9730956210821,228.29142173991056,221.30789786387277,222.88453674316406,9037000,0.0,0.0,0.0
2018-10-12 00:00:00-04:00,226.59899940698833,226.82168799532775,222.95581736379526,225.8953094482422,7116700,0.0,0.0,0.0
2018-10-15 00:00:00-04:00,225.53007036764186,226.7503993387833,224.50569482669894,224.65713500976562,3306200,0.0,0.0,0.0
2018-10-16 00:00:00-04:00,226.3762469930198,229.9036392181924,225.98431301335296,229.4404296875,3308500,0.0,0.0,0.0
2018-10-17 00:00:00-04:00,229.59190877984057,230.1174505272292,227.20469390516118,229.52066040039062,2845800,0.0,0.0,0.0
2018-10-18 00:00:00-04:00,228.7011765754497,229.23563461566962,225.08471613321464,226.296142578125,3046800,0.0,0.0,0.0
2018-10-19 00:00:00-04:00,226.84837709578238,228.58534511805024,225.4944268666012,226.1179656982422,2684200,0.0,0.0,0.0
2018-10-22 00:00:00-04:00,226.74152889663577,227.01766057821928,224.6215291345433,225.18270874023438,2102000,0.0,0.0,0.0
2018-10-23 00:00:00-04:00,221.79783179213166,224.9867339766288,219.87379914587095,223.82875061035156,5206500,0.0,0.0,0.0
2018-10-24 00:00:00-04:00,223.74856358346392,224.0692356590738,216.67597262105787,217.1480712890625,4065700,0.0,0.0,0.0
2018-10-25 00:00:00-04:00,218.86722058201232,222.5014857591876,217.940828602081,221.0406494140625,4443800,0.0,0.0,0.0
2018-10-26 00:00:00-04:00,217.64690340964313,219.9984942288791,214.7074114876402,217.13026428222656,5278700,0.0,0.0,0.0
2018-10-29 00:00:00-04:00,220.04303523234677,221.218837440926,212.70321485422764,216.00791931152344,5126200,0.0,0.0,0.0
2018-10-30 00:00:00-04:00,215.83867214700476,219.4640486702146,215.3843923472985,219.3126220703125,3619100,0.0,0.0,0.0
2018-10-31 00:00:00-04:00,221.54840256002606,223.6505831755694,221.14756585790866,221.61074829101562,4073400,0.0,0.0,0.0
2018-11-01 00:00:00-04:00,222.35900123923258,224.060331629945,221.31682033465526,223.90890502929688,2870700,0.0,0.0,0.0
2018-11-02 00:00:00-04:00,224.86200566025224,225.2717450049484,220.68436604162295,222.51931762695312,3184500,0.0,0.0,0.0
2018-11-05 00:00:00-05:00,222.9736340812236,224.28303046339863,222.14522547292995,223.78421020507812,1912100,0.0,0.0,0.0
2018-11-06 00:00:00-05:00,223.73963528126018,225.34299557287898,223.68619220351133,225.2004852294922,2255200,0.0,0.0,0.0
2018-11-07 00:00:00-05:00,227.20471048016992,230.09966201448321,226.83058170569242,229.95713806152344,3090800,0.0,0.0,0.0
2018-11-08 00:00:00-05:00,229.36028703884475,230.20651439042746,228.61205678338973,229.56517028808594,2466900,0.0,0.0,0.0
2018-11-09 00:00:00-05:00,228.47843798139377,228.60315660973495,226.08230715886498,227.44515991210938,3078700,0.0,0.0,0.0
2018-11-12 00:00:00-05:00,226.86621454308064,227.10672200947704,222.6440342735786,223.0537872314453,2710200,0.0,0.0,0.0
2018-11-13 00:00:00-05:00,223.5436437271527,225.36967866728924,222.04716984630616,222.6796112060547,3097000,0.0,0.0,0.0
2018-11-14 00:00:00-05:00,224.43449277855518,224.77297022043612,219.71349156824448,221.15650939941406,3619900,0.0,0.0,0.0
2018-11-15 00:00:00-05:00,220.03413384307498,223.92672583513178,218.6178241579291,223.4457244873047,3911900,0.0,0.0,0.0
2018-11-16 00:00:00-05:00,222.48372474710695,224.8887588487818,222.02943131565922,224.0158233642578,2342800,0.0,0.0,0.0
2018-11-19 00:00:00-05:00,223.52590279859336,223.766410283148,219.43734352033002,220.30137634277344,2973700,0.0,0.0,0.0
2018-11-20 00:00:00-05:00,217.20151306571933,218.5198391418849,215.4111019162146,216.2484130859375,5000900,0.0,0.0,0.0
2018-11-21 00:00:00-05:00,217.5577954018764,218.62669764834257,216.9164513356308,216.9698944091797,2425500,0.0,0.0,0.0
2018-11-23 00:00:00-05:00,215.38439086020446,216.7650627333262,215.32203153558783,215.57144165039062,830900,0.0,0.0,0.0
2018-11-26 00:00:00-05:00,217.5489425444967,218.9830576671482,217.21046511612872,218.9474334716797,2498500,0.0,0.0,0.0
2018-11-27 00:00:00-05:00,217.99428734598445,219.6600070630495,217.45092670096466,219.63328552246094,2849700,0.0,0.0,0.0
2018-11-28 00:00:00-05:00,220.65766014735607,224.7640380859375,219.79362737387916,224.7640380859375,3723300,0.0,0.0,0.0
2018-11-29 00:00:00-05:00,224.06033481396466,225.58353067573512,223.0092512444711,224.30084228515625,3279400,0.0,0.0,0.0
2018-11-30 00:00:00-05:00,224.14942164796872,226.198159349012,223.89110886968973,225.7884063720703,2992800,0.0,0.0,0.0
2018-12-03 00:00:00-05:00,229.50283861119155,229.58300323568133,227.19578824977253,228.57644653320312,3943500,0.0,0.0,0.0
2018-12-04 00:00:00-05:00,227.89947966358469,228.2735812246903,220.96049646401312,221.4860382080078,3837400,0.0,0.0,0.0
2018-12-06 00:00:00-05:00,217.718145089968,220.98721145038118,214.78756968295824,220.92486572265625,7712700,0.0,0.0,0.0
2018-12-07 00:00:00-05:00,220.5774881758945,222.01160311992587,215.00135764715833,215.79412841796875,3928400,0.0,0.0,0.0
2018-12-10 00:00:00-05:00,215.5625421299533,217.00555975680888,211.66103391887614,216.05245971679688,5983700,0.0,0.0,0.0
2018-12-11 00:00:00-05:00,219.08102062301535,219.2324472252463,214.84103498505246,216.11480712890625,4543200,0.0,0.0,0.0
2018-12-12 00:00:00-05:00,218.94739518615629,220.15882149775547,217.2104271343346,217.30841064453125,4117000,0.0,0.0,0.0
2018-12-13 00:00:00-05:00,218.11011810416917,218.91179160970677,216.1860853806791,217.2371826171875,2610800,0.0,0.0,0.0
2018-12-14 00:00:00-05:00,215.25077755942564,216.12372658550456,212.68541434158226,213.22877502441406,5088500,0.0,0.0,0.0
2018-12-17 00:00:00-05:00,212.30545789812197,213.3443303826573,207.48724979931643,208.87539672851562,6127200,1.289,0.0,0.0
2018-12-18 00:00:00-05:00,210.460511878248,211.06949743832624,207.30807825698952,208.79473876953125,4691400,0.0,0.0,0.0
2018-12-19 00:00:00-05:00,208.85745450738614,212.25168428978557,203.99446577397075,205.4632110595703,8215600,0.0,0.0,0.0
2018-12-20 00:00:00-05:00,204.50495164689798,205.89308464528582,200.19721609906568,202.08688354492188,12141900,0.0,0.0,0.0
2018-12-21 00:00:00-05:00,203.06306984557204,205.49903961040621,197.53736313844502,198.0657501220703,11811600,0.0,0.0,0.0
2018-12-24 00:00:00-05:00,196.7940672153091,197.7433765152966,192.61172485351562,192.61172485351562,8493500,0.0,0.0,0.0
2018-12-26 00:00:00-05:00,194.2326278467238,202.48984393639887,192.3966933628055,202.35549926757812,11598000,0.0,0.0,0.0
2018-12-27 00:00:00-05:00,199.67779993114738,204.2989656156618,196.6686614783336,204.2362823486328,9578400,0.0,0.0,0.0
2018-12-28 00:00:00-05:00,205.3736583924945,206.94091764030506,202.8660408629144,203.97654724121094,7436100,0.0,0.0,0.0
2018-12-31 00:00:00-05:00,205.36469637924307,205.95578029674058,203.69892312610588,205.81248474121094,6683900,0.0,0.0,0.0
2019-01-02 00:00:00-05:00,202.5615500865058,206.74390568593617,202.418268187037,205.9737091064453,4891300,0.0,0.0,0.0
2019-01-03 00:00:00-05:00,204.281073522949,204.56765099289933,200.58233696643578,201.05699157714844,3329600,0.0,0.0,0.0
2019-01-04 00:00:00-05:00,203.77954207941033,208.32907393068854,203.4302676688505,207.69322204589844,5100100,0.0,0.0,0.0
2019-01-07 00:00:00-05:00,208.03349530437768,210.66649285815416,207.16479852067852,209.25148010253906,3706000,0.0,0.0,0.0
2019-01-08 00:00:00-05:00,211.40086842294656,211.76805812472983,209.05444833568595,211.28443908691406,3546600,0.0,0.0,0.0
2019-01-09 00:00:00-05:00,211.99200376887094,213.09355947632926,210.87253269796093,212.2606658935547,4565000,0.0,0.0,0.0
2019-01-10 00:00:00-05:00,211.04266689147235,213.29952424777545,210.32621638571547,213.14727783203125,2813500,0.0,0.0,0.0
2019-01-11 00:00:00-05:00,212.11735802681008,213.147265819857,211.57105566443664,213.0487518310547,2551000,0.0,0.0,0.0
2019-01-14 00:00:00-05:00,211.44569153022573,212.60097960902448,211.0785017563016,211.8755645751953,2653400,0.0,0.0,0.0
2019-01-15 00:00:00-05:00,212.22483087183528,214.57123766495627,212.22483087183528,214.35630798339844,5103700,0.0,0.0,0.0
2019-01-16 00:00:00-05:00,214.68765232113708,215.62801060982395,214.50853971029582,214.83094787597656,4066700,0.0,0.0,0.0
2019-01-17 00:00:00-05:00,214.04284792006104,217.22214818501146,213.99806634850063,216.4340362548828,3059000,0.0,0.0,0.0
2019-01-18 00:00:00-05:00,218.12666537359803,219.74765706249568,217.4102012591383,219.3446502685547,4943300,0.0,0.0,0.0
2019-01-22 00:00:00-05:00,217.97445402334822,218.14461581525623,214.91158276525982,216.42510986328125,5786300,0.0,0.0,0.0
2019-01-23 00:00:00-05:00,217.3385678515945,217.92965181001253,214.5622880144427,216.74749755859375,3076400,0.0,0.0,0.0
2019-01-24 00:00:00-05:00,216.63999419119435,217.463936765271,215.75338202072808,216.96240234375,2197100,0.0,0.0,0.0
2019-01-25 00:00:00-05:00,218.61921964101202,219.51479630355922,218.2251637230248,218.8072967529297,3677500,0.0,0.0,0.0
2019-01-28 00:00:00-05:00,216.81019221508276,217.16843114752334,215.50265769157414,217.11468505859375,2407800,0.0,0.0,0.0
2019-01-29 00:00:00-05:00,217.22211833487154,217.73258991734474,216.07578132062056,216.84597778320312,2436900,0.0,0.0,0.0
2019-01-30 00:00:00-05:00,218.21621765091527,221.01041252627164,217.51766893207616,220.2760467529297,6028400,0.0,0.0,0.0
2019-01-31 00:00:00-05:00,220.1865148382655,222.57770327878106,220.02530390660573,222.11199951171875,5308100,0.0,0.0,0.0
2019-02-01 00:00:00-05:00,222.38064745115722,223.25830878792266,221.61941545793775,222.300048828125,3718500,0.0,0.0,0.0
2019-02-04 00:00:00-05:00,222.37169658436935,223.91208959634693,221.73583111675586,223.88522338867188,2541700,0.0,0.0,0.0
2019-02-05 00:00:00-05:00,224.28824954534724,225.0853123278689,223.82254579638783,224.87933349609375,3613300,0.0,0.0,0.0
2019-02-06 00:00:00-05:00,224.56588276985815,224.98680495940994,223.84941859623274,224.60169982910156,2052200,0.0,0.0,0.0
2019-02-07 00:00:00-05:00,223.03444196812882,223.51806109646813,220.86714773537287,222.39859008789062,3907800,0.0,0.0,0.0
2019-02-08 00:00:00-05:00,221.2163896865527,222.73888096717218,220.4909747658942,222.6851348876953,2512600,0.0,0.0,0.0
2019-02-11 00:00:00-05:00,223.24939364473528,223.45537249167612,222.30008438053525,222.80160522460938,2986600,0.0,0.0,0.0
2019-02-12 00:00:00-05:00,224.2345033396952,226.00774141750114,224.19867261829194,225.68533325195312,5980500,0.0,0.0,0.0
2019-02-13 00:00:00-05:00,226.41971287901734,227.17199404401518,226.03460778345325,226.365966796875,3569100,0.0,0.0,0.0
2019-02-14 00:00:00-05:00,225.37185577456717,226.90329784028702,224.63749003648442,225.8644256591797,3247800,0.0,0.0,0.0
2019-02-15 00:00:00-05:00,227.5033005047149,228.3720108155601,227.3062725786214,228.35409545898438,2806600,0.0,0.0,0.0
2019-02-19 00:00:00-05:00,227.61081322564127,229.34823421306044,227.61081322564127,228.74819946289062,2509300,0.0,0.0,0.0
2019-02-20 00:00:00-05:00,228.73925981473613,229.6079703509787,228.2735560808269,229.276611328125,2156300,0.0,0.0,0.0
2019-02-21 00:00:00-05:00,228.66760450611906,228.945231101576,227.5123028899976,228.44371032714844,2020000,0.0,0.0,0.0
2019-02-22 00:00:00-05:00,228.98998862177612,229.99303006529124,228.775045312988,229.81390380859375,2119400,0.0,0.0,0.0
2019-02-25 00:00:00-05:00,231.13940627478763,231.6050963580723,230.05576603110237,230.15426635742188,2941300,0.0,0.0,0.0
2019-02-26 00:00:00-05:00,229.76023664034102,230.736439486466,229.63487008971737,229.984130859375,4629600,0.0,0.0,0.0
2019-02-27 00:00:00-05:00,229.3213445783103,230.18109047130878,228.4615986853118,229.86766052246094,2136400,0.0,0.0,0.0
2019-02-28 00:00:00-05:00,229.64381012260128,230.0557677890716,229.13332479822438,229.33035278320312,2207000,0.0,0.0,0.0
2019-03-01 00:00:00-05:00,230.8886229636032,231.24684817142173,229.56315963076003,230.90652465820312,2867000,0.0,0.0,0.0
2019-03-04 00:00:00-05:00,231.83794767820467,232.0439401687195,227.91533082635306,230.01992797851562,3384200,0.0,0.0,0.0
2019-03-05 00:00:00-05:00,230.1542443318543,230.3154689071463,229.2318151017487,229.75125122070312,2475900,0.0,0.0,0.0
2019-03-06 00:00:00-05:00,229.82289427745707,229.82289427745707,228.01383913614302,228.28250122070312,2514900,0.0,0.0,0.0
2019-03-07 00:00:00-05:00,227.90635973971519,228.0138382385324,225.64055173273604,226.4465789794922,6441200,0.0,0.0,0.0
2019-03-08 00:00:00-05:00,224.68228805144662,226.08833637183042,224.1986689782684,225.9898223876953,4522300,0.0,0.0,0.0
2019-03-11 00:00:00-04:00,226.61676821398635,229.37514665046342,226.5988665154474,229.28558349609375,1884200,0.0,0.0,0.0
2019-03-12 00:00:00-04:00,229.73330469091786,230.57514890006556,229.5989736641027,230.10049438476562,2271900,0.0,0.0,0.0
2019-03-13 00:00:00-04:00,230.91545883133662,232.48271782410077,230.78112781240813,231.66773986816406,1974300,0.0,0.0,0.0
2019-03-14 00:00:00-04:00,231.66780261267849,232.06185859547946,231.09464766640863,231.5872039794922,1557500,0.0,0.0,0.0
2019-03-15 00:00:00-04:00,231.97226273683202,233.36042299485018,231.83793170046417,232.71560668945312,3151200,0.0,0.0,0.0
2019-03-18 00:00:00-04:00,232.84992848064286,233.7365406162996,232.64393601250336,233.54847717285156,1830000,0.0,0.0,0.0
2019-03-19 00:00:00-04:00,234.47095658567036,235.1695053867965,232.74249994492465,233.62014770507812,4061800,0.0,0.0,0.0
2019-03-20 00:00:00-04:00,233.33360859076268,234.4351506643675,231.81111695836316,232.78729248046875,3415200,0.0,0.0,0.0
2019-03-21 00:00:00-04:00,232.0712751233156,235.83585234253036,232.0712751233156,235.44859313964844,2968300,1.455,0.0,0.0
2019-03-22 00:00:00-04:00,234.22373372911196,234.71004766818322,230.89143608014177,230.9724884033203,4317400,0.0,0.0,0.0
2019-03-25 00:00:00-04:00,230.63928113534894,231.71101885083985,229.61257707239,230.765380859375,2893600,0.0,0.0,0.0
2019-03-26 00:00:00-04:00,232.36849617295573,233.36816912033822,231.21570604780274,232.4315185546875,3177600,0.0,0.0,0.0
2019-03-27 00:00:00-04:00,232.4945440717926,233.01691793212723,229.86474101531203,231.35076904296875,2714300,0.0,0.0,0.0
2019-03-28 00:00:00-04:00,231.86412938226349,232.55759539051274,230.80137918841564,232.2513885498047,1716700,0.0,0.0,0.0
2019-03-29 00:00:00-04:00,233.56626433536928,233.9085035663442,232.52154417727522,233.74639892578125,2831100,0.0,0.0,0.0
2019-04-01 00:00:00-04:00,235.47558685420515,236.6644092724743,235.23242987601984,236.4392547607422,3303900,0.0,0.0,0.0
2019-04-02 00:00:00-04:00,236.56535684184732,236.72746149558932,235.79081102172128,236.5203094482422,1512600,0.0,0.0,0.0
2019-04-03 00:00:00-04:00,237.64611802560478,237.9883573362587,236.3222081834196,236.96163940429688,1933900,0.0,0.0,0.0
2019-04-04 00:00:00-04:00,237.19572171174863,237.72708295170682,236.56530569970076,237.52894592285156,1738500,0.0,0.0,0.0
2019-04-05 00:00:00-04:00,238.14138351868985,238.71776464951716,237.87118167341953,238.67274475097656,1505000,0.0,0.0,0.0
2019-04-08 00:00:00-04:00,238.27656031262572,238.9430089758551,237.68214901108902,238.8799591064453,1720100,0.0,0.0,0.0
2019-04-09 00:00:00-04:00,237.9613158977704,238.24952028659865,237.12374765962878,237.6100616455078,2016900,0.0,0.0,0.0
2019-04-10 00:00:00-04:00,237.9883476224784,238.51970903613176,237.62810585716755,238.4296417236328,2990600,0.0,0.0,0.0
2019-04-11 00:00:00-04:00,238.87992672010333,238.87992672010333,237.84422144248657,238.3845977783203,1567700,0.0,0.0,0.0
2019-04-12 00:00:00-04:00,239.8615284076379,240.25780244143004,239.23111243364082,239.99664306640625,1903400,0.0,0.0,0.0
2019-04-15 00:00:00-04:00,240.07771811248577,240.14076796126025,239.08703293416173,239.83453369140625,1584500,0.0,0.0,0.0
2019-04-16 00:00:00-04:00,240.64513482316664,240.68113975333353,239.4382825455886,240.00567626953125,2447700,0.0,0.0,0.0
2019-04-17 00:00:00-04:00,240.9963849600781,241.01438742691082,239.0240291969493,239.42030334472656,1872400,0.0,0.0,0.0
2019-04-18 00:00:00-04:00,239.9607185632392,240.10482077529707,238.73586350309048,239.8706512451172,2788900,0.0,0.0,0.0
2019-04-22 00:00:00-04:00,239.16814681857875,240.2038521642762,239.08709448557812,240.10479736328125,1126500,0.0,0.0,0.0
2019-04-23 00:00:00-04:00,240.4289768361102,242.43736489775864,240.20382233306495,242.17617797851562,2618300,0.0,0.0,0.0
2019-04-24 00:00:00-04:00,242.16725265096844,242.45542960048255,241.57284131218526,241.69891357421875,1393400,0.0,0.0,0.0
2019-04-25 00:00:00-04:00,241.61784066035995,242.15821705731133,240.4470480375363,241.60882568359375,1237400,0.0,0.0,0.0
2019-04-26 00:00:00-04:00,241.6178432362783,242.75263093350583,240.87932973539418,242.7165985107422,2172600,0.0,0.0,0.0
2019-04-29 00:00:00-04:00,242.7706246499765,243.53615556916242,242.68055733865737,243.02279663085938,1892500,0.0,0.0,0.0
2019-04-30 00:00:00-04:00,242.77061417919887,243.44607775793267,241.46470693310687,243.1759033203125,2024600,0.0,0.0,0.0
2019-05-01 00:00:00-04:00,243.779320566471,243.95044021818265,241.36567045821337,241.40170288085938,2669400,0.0,0.0,0.0
2019-05-02 00:00:00-04:00,241.25754064993401,242.08609377184902,239.50132465497194,240.92431640625,3009000,0.0,0.0,0.0
2019-05-03 00:00:00-04:00,242.19419308188589,243.45505272470945,241.99605603196514,243.2118682861328,1969000,0.0,0.0,0.0
2019-05-06 00:00:00-04:00,239.24915676732815,242.59044171984092,238.94294995756624,242.24822998046875,3966900,0.0,0.0,0.0
2019-05-07 00:00:00-04:00,239.99675845648702,240.53710741266227,236.3942854969854,238.32159423828125,4752500,0.0,0.0,0.0
2019-05-08 00:00:00-04:00,237.8892733857901,239.40230516731316,237.28584717755507,237.85324096679688,2662500,0.0,0.0,0.0
2019-05-09 00:00:00-04:00,235.9078936589413,237.61906245296595,234.34082705073834,237.1237335205078,3094800,0.0,0.0,0.0
2019-05-10 00:00:00-04:00,236.29515252651615,239.00602164231188,233.5032310846753,238.23147583007812,3131900,0.0,0.0,0.0
2019-05-13 00:00:00-04:00,233.59331483763185,234.46691550388556,231.52190417811082,232.38648986816406,5548200,0.0,0.0,0.0
2019-05-14 00:00:00-04:00,233.25106434390915,235.79982886457708,233.1159771308149,234.4038543701172,4702600,0.0,0.0,0.0
2019-05-15 00:00:00-04:00,232.92685836345896,236.36722602443027,232.71970631063058,235.7908172607422,2444100,0.0,0.0,0.0
2019-05-16 00:00:00-04:00,236.38523432306405,239.20417337977483,236.36723185551065,237.95230102539062,3221500,0.0,0.0,0.0
2019-05-17 00:00:00-04:00,235.86287289707715,238.6817842895921,235.8358279704444,236.51129150390625,2719500,0.0,0.0,0.0
2019-05-20 00:00:00-04:00,234.9712530518346,236.06099323977236,234.1787047389043,234.8992156982422,2762600,0.0,0.0,0.0
2019-05-21 00:00:00-04:00,236.412245661226,237.32187871582093,236.18709114154862,236.8895721435547,2760500,0.0,0.0,0.0
2019-05-22 00:00:00-04:00,236.07001500358433,237.12375028736594,235.84486047569524,236.2411346435547,3421500,0.0,0.0,0.0
2019-05-23 00:00:00-04:00,234.23272740216657,234.2507573531359,232.07124960631208,233.47621154785156,3813200,0.0,0.0,0.0
2019-05-24 00:00:00-04:00,234.70108126829018,235.05230803362576,233.3141217050122,233.8815155029297,1833100,0.0,0.0,0.0
2019-05-28 00:00:00-04:00,234.12470922693538,235.02532746405896,231.72007392524034,231.78309631347656,2565900,0.0,0.0,0.0
2019-05-29 00:00:00-04:00,230.67530628802945,231.02653303662774,228.84705274002016,230.18896484375,4593500,0.0,0.0,0.0
2019-05-30 00:00:00-04:00,230.81038193374349,231.62093264380684,229.78367795457112,230.82838439941406,2977200,0.0,0.0,0.0
2019-05-31 00:00:00-04:00,228.423797471784,229.1983296701149,227.64926527345315,227.73931884765625,3698600,0.0,0.0,0.0
2019-06-03 00:00:00-04:00,227.70327240253545,228.72097523757787,225.8480013435791,227.06382751464844,3825600,0.0,0.0,0.0
2019-06-04 00:00:00-04:00,229.18928352225942,232.1433234466263,228.78400813760697,232.06227111816406,3536300,0.0,0.0,0.0
2019-06-05 00:00:00-04:00,233.47619772616292,234.05260642943102,231.83709388118865,234.0255889892578,2646500,0.0,0.0,0.0
2019-06-06 00:00:00-04:00,234.31384122131692,236.1961298971626,233.71942993136273,235.5476837158203,2277500,0.0,0.0,0.0
2019-06-07 00:00:00-04:00,236.52032503633478,238.92498749738357,236.36723534816068,237.8982696533203,1877400,0.0,0.0,0.0
2019-06-10 00:00:00-04:00,239.34828473774127,240.5551097424206,238.93398060600208,239.0150604248047,2845900,0.0,0.0,0.0
2019-06-11 00:00:00-04:00,240.69015433724212,241.05039603108227,238.38457451504982,238.969970703125,1894500,0.0,0.0,0.0
2019-06-12 00:00:00-04:00,238.77188634527866,239.29426027861126,238.0874077366437,238.51971435546875,1711900,0.0,0.0,0.0
2019-06-13 00:00:00-04:00,239.40230559380495,239.88861957000773,238.76284696543752,239.58241271972656,1813700,0.0,0.0,0.0
2019-06-14 00:00:00-04:00,239.3032050331368,239.82557887317762,238.58272161511985,239.22215270996094,1203300,0.0,0.0,0.0
2019-06-17 00:00:00-04:00,239.51038881677124,240.0687676624464,239.22218441749237,239.43832397460938,1782500,0.0,0.0,0.0
2019-06-18 00:00:00-04:00,241.05042059951867,242.86067171277085,240.7351987785256,241.82496643066406,2340700,0.0,0.0,0.0
2019-06-19 00:00:00-04:00,242.03209467107587,242.9147102863209,241.1495065405135,242.4644012451172,1684500,0.0,0.0,0.0
2019-06-20 00:00:00-04:00,244.91408242789285,245.13923694748277,242.92372417042918,244.72496032714844,3288100,0.0,0.0,0.0
2019-06-21 00:00:00-04:00,244.5447915585161,245.6795789738356,244.22058228824122,244.4367218017578,2226000,0.0,0.0,0.0
2019-06-24 00:00:00-04:00,244.5988627411977,244.89608210107616,243.977434062924,244.1215362548828,3518400,0.0,0.0,0.0
2019-06-25 00:00:00-04:00,244.15758344309188,244.18460088792577,241.60881871346268,241.70790100097656,2287100,0.0,0.0,0.0
2019-06-26 00:00:00-04:00,242.5364011657652,243.0047400865313,241.38361129759076,241.4736785888672,2988700,0.0,0.0,0.0
2019-06-27 00:00:00-04:00,242.15817708041084,242.79189679396046,241.8685026887216,242.32115173339844,2054600,1.386,0.0,0.0
2019-06-28 00:00:00-04:00,243.25350601959374,244.02298697202127,242.78273352823354,243.66087341308594,2883300,0.0,0.0,0.0
2019-07-01 00:00:00-04:00,246.65743312525103,246.8294419190358,244.701986543932,245.73403930664062,4497900,0.0,0.0,0.0
2019-07-02 00:00:00-04:00,245.7611988289099,246.4673300191818,244.99169016101823,246.44923400878906,3040700,0.0,0.0,0.0
2019-07-03 00:00:00-04:00,247.06489605322514,248.38662348075496,246.92910687017485,248.34136962890625,2335800,0.0,0.0,0.0
2019-07-05 00:00:00-04:00,247.27308997152176,248.27795741306912,246.1142820982054,248.02447509765625,3362500,0.0,0.0,0.0
2019-07-08 00:00:00-04:00,246.95621901428436,247.20063949855157,246.26818377745943,246.78421020507812,3131800,0.0,0.0,0.0
2019-07-09 00:00:00-04:00,245.69787434477234,247.3455233532798,245.64355867438223,247.092041015625,2532900,0.0,0.0,0.0
2019-07-10 00:00:00-04:00,248.06969042847905,249.12890099870043,247.56272587636337,248.24169921875,2853200,0.0,0.0,0.0
2019-07-11 00:00:00-04:00,248.83917825200155,249.05644086258556,247.9157845295257,248.73960876464844,2249400,0.0,0.0,0.0
2019-07-12 00:00:00-04:00,249.31004967815477,250.03427708582444,249.0112858425501,249.9618377685547,2932300,0.0,0.0,0.0
2019-07-15 00:00:00-04:00,250.34202152650587,250.36011753819727,249.59967063467622,250.02516174316406,1466200,0.0,0.0,0.0
2019-07-16 00:00:00-04:00,249.97085035891917,250.1066395176758,248.9478593171205,249.2104034423828,1564000,0.0,0.0,0.0
2019-07-17 00:00:00-04:00,249.2104217578799,249.31905309286898,247.52658081054688,247.52658081054688,1758100,0.0,0.0,0.0
2019-07-18 00:00:00-04:00,247.06486079503662,248.7668253197271,246.6665274965984,248.43186950683594,3461100,0.0,0.0,0.0
2019-07-19 00:00:00-04:00,249.42763803276335,249.4457616702246,246.87471925287534,247.10104370117188,2319400,0.0,0.0,0.0
2019-07-22 00:00:00-04:00,247.4360308617434,248.1511963173116,246.9562240755712,247.69854736328125,1304100,0.0,0.0,0.0
2019-07-23 00:00:00-04:00,248.69436621414755,249.4095592558802,247.9520429693407,249.40049743652344,1753000,0.0,0.0,0.0
2019-07-24 00:00:00-04:00,248.75773231532992,250.57738976292364,248.65816281695254,250.55023193359375,1669900,0.0,0.0,0.0
2019-07-25 00:00:00-04:00,250.2333770556227,250.2333770556227,248.66720186038117,249.3280792236328,1874200,0.0,0.0,0.0
2019-07-26 00:00:00-04:00,250.04323605635534,251.2653658506577,249.95270076076062,251.11148071289062,1796900,0.0,0.0,0.0
2019-07-29 00:00:00-04:00,250.97571900838918,251.01191102858726,250.09757903739956,250.6588592529297,2925900,0.0,0.0,0.0
2019-07-30 00:00:00-04:00,249.36436042861254,250.3692280089758,248.99318491057173,250.0523681640625,1751100,0.0,0.0,0.0
2019-07-31 00:00:00-04:00,250.21534249468078,250.41448154422721,245.3991502150979,247.21878051757812,4910000,0.0,0.0,0.0
2019-08-01 00:00:00-04:00,247.3998282471089,250.11572215832314,244.37613634125722,245.14564514160156,6921000,0.0,0.0,0.0
2019-08-02 00:00:00-04:00,244.33087139027882,244.5028525795387,241.85033627739506,243.35313415527344,5310400,0.0,0.0,0.0
2019-08-05 00:00:00-04:00,239.51466946740092,239.61423897413442,234.20057527173688,236.1741180419922,7354000,0.0,0.0,0.0
2019-08-06 00:00:00-04:00,237.66781468844042,239.42409451506276,236.33702590491723,239.2158660888672,4366800,0.0,0.0,0.0
2019-08-07 00:00:00-04:00,236.4275807550063,240.11214949381355,234.46307233974028,239.3788604736328,4261200,0.0,0.0,0.0
2019-08-08 00:00:00-04:00,240.8092771268601,244.05929375473798,240.2660927807725,244.05023193359375,3618800,0.0,0.0,0.0
2019-08-09 00:00:00-04:00,243.27169117693558,243.787717691955,240.80927939531193,242.34829711914062,2616300,0.0,0.0,0.0
2019-08-12 00:00:00-04:00,241.02641697354954,241.52434721514945,238.60928792524595,239.50552368164062,2104500,0.0,0.0,0.0
2019-08-13 00:00:00-04:00,239.19777613559637,244.52093140445265,238.91713603915966,243.21730041503906,3402300,0.0,0.0,0.0
2019-08-14 00:00:00-04:00,239.5056081425166,240.03973058359747,235.8934783935547,235.8934783935547,4354800,0.0,0.0,0.0
2019-08-15 00:00:00-04:00,236.84395821667314,237.43239614241762,234.77988075433709,236.63575744628906,2775200,0.0,0.0,0.0
2019-08-16 00:00:00-04:00,238.15671873093095,240.51953292471265,238.1114372606582,240.1031036376953,2432700,0.0,0.0,0.0
2019-08-19 00:00:00-04:00,242.945769128515,243.65192812320942,242.2939810611116,243.05442810058594,1430800,0.0,0.0,0.0
2019-08-20 00:00:00-04:00,242.60171166291332,243.06339474902623,241.0717561879112,241.17132568359375,1865000,0.0,0.0,0.0
2019-08-21 00:00:00-04:00,243.14486602926502,243.4617257783284,242.54739380559735,243.12677001953125,2007400,0.0,0.0,0.0
2019-08-22 00:00:00-04:00,243.77857514513934,244.34891714366404,241.44291912415136,243.03622436523438,1883700,0.0,0.0,0.0
2019-08-23 00:00:00-04:00,241.88653662586472,243.3802725644388,235.67617896044726,236.79876708984375,4184200,0.0,0.0,0.0
2019-08-26 00:00:00-04:00,238.82666382142884,239.42416381835938,237.43249716192423,239.42416381835938,2260000,0.0,0.0,0.0
2019-08-27 00:00:00-04:00,240.73683080709836,241.0446287791831,237.83080464322552,238.4826202392578,2490400,0.0,0.0,0.0
2019-08-28 00:00:00-04:00,237.84892543812018,240.31133681284612,237.18804803015172,240.1393280029297,3124000,0.0,0.0,0.0
2019-08-29 00:00:00-04:00,242.53836123933678,243.73336108579164,241.6240015288298,243.26258850097656,3128700,0.0,0.0,0.0
2019-08-30 00:00:00-04:00,244.5661949224933,244.62051058024431,242.31201224333842,243.16299438476562,4209200,0.0,0.0,0.0
2019-09-03 00:00:00-04:00,241.56060463011264,242.4387446187062,240.51951766487204,241.8140869140625,3368500,0.0,0.0,0.0
2019-09-04 00:00:00-04:00,243.751489380907,244.48477855937358,243.0544198585692,244.40330505371094,1486100,0.0,0.0,0.0
2019-09-05 00:00:00-04:00,246.75706801629278,248.44997075658986,246.6574708758337,247.6352081298828,1755800,0.0,0.0,0.0
2019-09-06 00:00:00-04:00,247.98829302272884,248.40475002562079,247.318381293518,247.8162841796875,1890800,0.0,0.0,0.0
2019-09-09 00:00:00-04:00,248.77581357897589,248.80297140669595,247.11006901465683,247.87957763671875,2158500,0.0,0.0,0.0
2019-09-10 00:00:00-04:00,247.24584855480103,247.94294548504547,246.12328821595784,247.9338836669922,1870400,0.0,0.0,0.0
2019-09-11 00:00:00-04:00,248.1873451766195,249.71730041503906,247.59890722972543,249.71730041503906,2080300,0.0,0.0,0.0
2019-09-12 00:00:00-04:00,250.50498400089185,251.4917554353041,249.80791453644483,250.45066833496094,2433700,0.0,0.0,0.0
2019-09-13 00:00:00-04:00,250.95759484074037,251.2563585854698,249.99798138508737,250.3872528076172,2292000,0.0,0.0,0.0
2019-09-16 00:00:00-04:00,249.3008409874669,249.9526563213713,248.9930431391632,249.56338500976562,1432400,0.0,0.0,0.0
2019-09-17 00:00:00-04:00,249.37326503206333,250.29668625037036,249.26463374226012,250.24237060546875,1789200,0.0,0.0,0.0
2019-09-18 00:00:00-04:00,249.86220936499848,250.47780527921122,248.00635980296062,250.39633178710938,2028700,0.0,0.0,0.0
2019-09-19 00:00:00-04:00,250.76754744196083,251.65474943296329,250.07047792385342,250.34205627441406,2267900,0.0,0.0,0.0
2019-09-20 00:00:00-04:00,250.93044024418097,251.13866868629594,248.5042487449569,249.0021514892578,2052700,0.0,0.0,0.0
2019-09-23 00:00:00-04:00,248.58571053649274,249.77164840111683,248.35032427626356,249.1741485595703,1286400,0.0,0.0,0.0
2019-09-24 00:00:00-04:00,250.14286091695973,250.4778167200662,246.29534483614313,247.110107421875,5124900,0.0,0.0,0.0
2019-09-25 00:00:00-04:00,247.21867450684525,249.02926983907713,245.87885164258867,248.6219024658203,2649200,0.0,0.0,0.0
2019-09-26 00:00:00-04:00,248.63195605981238,248.82296574347163,246.82184714365889,248.13168334960938,2355000,1.301,0.0,0.0
2019-09-27 00:00:00-04:00,248.83205972840886,248.8593468248718,245.339172586157,246.73997497558594,2836500,0.0,0.0,0.0
2019-09-30 00:00:00-04:00,247.24940041805883,248.56831401409457,247.2221133163203,247.95889282226562,2735200,0.0,0.0,0.0
2019-10-01 00:00:00-04:00,248.72290236505856,249.30503632158903,244.76610696675553,244.97532653808594,3696000,0.0,0.0,0.0
2019-10-02 00:00:00-04:00,243.52913181728408,243.52913181728408,239.45408179949547,240.65476989746094,4463500,0.0,0.0,0.0
2019-10-03 00:00:00-04:00,240.45464623872195,242.61951561239246,237.94412172014523,242.56494140625,2988800,0.0,0.0,0.0
2019-10-04 00:00:00-04:00,243.27439833935858,246.10326272789308,243.19250928309043,245.93043518066406,1907800,0.0,0.0,0.0
2019-10-07 00:00:00-04:00,245.1936731938051,246.64905001976842,244.59332921213257,244.87530517578125,1821900,0.0,0.0,0.0
2019-10-08 00:00:00-04:00,243.11973568056516,243.7928359163071,241.0094409708335,241.0731201171875,2153100,0.0,0.0,0.0
2019-10-09 00:00:00-04:00,242.90142808684504,244.17487216221744,242.31018916888632,243.31983947753906,1921200,0.0,0.0,0.0
2019-10-10 00:00:00-04:00,243.24707905348188,245.775785017439,243.09243367310748,244.97532653808594,1559300,0.0,0.0,0.0
2019-10-11 00:00:00-04:00,247.50402394062212,249.55063930767415,247.3584835167743,247.53131103515625,2806500,0.0,0.0,0.0
2019-10-14 00:00:00-04:00,247.22203276442585,247.8223765660696,246.94005688533503,247.30389404296875,1215500,0.0,0.0,0.0
2019-10-15 00:00:00-04:00,248.20439854310428,250.36926712901982,248.11343231296573,249.6961669921875,1783800,0.0,0.0,0.0
2019-10-16 00:00:00-04:00,249.29593074311018,249.89627453426706,248.88659659855017,249.3050079345703,1150800,0.0,0.0,0.0
2019-10-17 00:00:00-04:00,250.3601840101517,250.79680529749325,249.40510790790282,249.97816467285156,3100600,0.0,0.0,0.0
2019-10-18 00:00:00-04:00,249.55975376352688,250.1146284472367,248.1498740704146,248.95033264160156,1152200,0.0,0.0,0.0
2019-10-21 00:00:00-04:00,250.18736739497297,250.79681623352488,249.7507738475922,250.6876678466797,3017500,0.0,0.0,0.0
2019-10-22 00:00:00-04:00,251.13331588969402,251.35161261952547,249.70522667772698,249.8052978515625,1601500,0.0,0.0,0.0
2019-10-23 00:00:00-04:00,249.60522030791174,250.57850630451688,249.39600073810928,250.5421142578125,1296500,0.0,0.0,0.0
2019-10-24 00:00:00-04:00,251.3971450056913,251.51539833733054,250.1873523532262,250.95144653320312,2220600,0.0,0.0,0.0
2019-10-25 00:00:00-04:00,250.4420043150384,252.45225513916006,250.39653508294262,251.99745178222656,5500900,0.0,0.0,0.0
2019-10-28 00:00:00-04:00,253.07077458888074,253.84394582774985,253.07077458888074,253.46189880371094,1795900,0.0,0.0,0.0
2019-10-29 00:00:00-04:00,253.16176704870557,254.171417255679,253.0344087744948,253.29820251464844,1599200,0.0,0.0,0.0
2019-10-30 00:00:00-04:00,253.498295731773,254.40790243998305,252.30671316473737,254.18960571289062,1811300,0.0,0.0,0.0
2019-10-31 00:00:00-04:00,254.09870440513677,254.09870440513677,252.0975580322422,253.37100219726562,2312100,0.0,0.0,0.0
2019-11-01 00:00:00-04:00,254.73539351258552,255.79054081565172,254.6080629851286,255.78146362304688,2361900,0.0,0.0,0.0
2019-11-04 00:00:00-05:00,257.2276565905665,257.32769999163037,256.4726675722161,256.8001403808594,3797500,0.0,0.0,0.0
2019-11-05 00:00:00-05:00,257.0366996262139,257.2550241532697,256.2453460830088,256.4727478027344,2995600,0.0,0.0,0.0
2019-11-06 00:00:00-05:00,256.54554050771117,256.81841147693973,255.70868993707708,256.60919189453125,1457200,0.0,0.0,0.0
2019-11-07 00:00:00-05:00,257.8371667982548,258.53758188434034,257.0367082764427,257.518798828125,2689600,0.0,0.0,0.0
2019-11-08 00:00:00-05:00,257.1822726642637,258.1464538574219,256.50917237141806,258.1464538574219,2328700,0.0,0.0,0.0
2019-11-11 00:00:00-05:00,256.90020351964796,257.75523600475464,256.7273760327226,257.6460876464844,1123700,0.0,0.0,0.0
2019-11-12 00:00:00-05:00,257.946328502474,258.98329375717316,257.4460557800147,258.1555480957031,1737600,0.0,0.0,0.0
2019-11-13 00:00:00-05:00,257.26413621843506,258.6194695278358,257.0458394207878,258.26470947265625,1721400,0.0,0.0,0.0
2019-11-14 00:00:00-05:00,258.000960892394,258.69224338473697,257.409694093739,258.6103820800781,2244000,0.0,0.0,0.0
2019-11-15 00:00:00-05:00,259.820126828447,260.5386962890625,259.2379650912906,260.5386962890625,1892400,0.0,0.0,0.0
2019-11-18 00:00:00-05:00,260.31129878664575,260.92074763017695,259.88378242867606,260.7024230957031,2278500,0.0,0.0,0.0
2019-11-19 00:00:00-05:00,261.27546051756804,261.27546051756804,260.03840853627287,260.5750732421875,3212500,0.0,0.0,0.0
2019-11-20 00:00:00-05:00,260.0657368354073,260.5296452813925,258.2283407159597,259.6564025878906,2816300,0.0,0.0,0.0
2019-11-21 00:00:00-05:00,259.7109680286846,259.8201441809425,258.4830208455466,259.25616455078125,2307200,0.0,0.0,0.0
2019-11-22 00:00:00-05:00,259.9201898809841,260.02023332267174,258.8741474245145,259.8292236328125,1266500,0.0,0.0,0.0
2019-11-25 00:00:00-05:00,260.69334851690576,261.82125221349787,260.6660614196979,261.8030700683594,2040300,0.0,0.0,0.0
2019-11-26 00:00:00-05:00,261.88489847240385,262.5852857187844,261.57563548988526,262.3305969238281,1795700,0.0,0.0,0.0
2019-11-27 00:00:00-05:00,262.93098253776384,263.5859006516045,262.6581115565807,263.5677185058594,1631500,0.0,0.0,0.0
2019-11-29 00:00:00-05:00,263.10381416343404,263.3130337582566,262.40342679485667,262.55804443359375,1988500,0.0,0.0,0.0
2019-12-02 00:00:00-05:00,262.90364666027926,262.90364666027926,260.0019988097345,260.42041015625,4416100,0.0,0.0,0.0
2019-12-03 00:00:00-05:00,257.89177841579004,258.719524154645,256.6001519618875,258.5921936035156,3236000,0.0,0.0,0.0
2019-12-04 00:00:00-05:00,259.6108810045544,260.78428155307563,259.30161802257913,260.2475891113281,3188800,0.0,0.0,0.0
2019-12-05 00:00:00-05:00,260.90253610163256,260.90253610163256,259.5017614557308,260.729736328125,1597200,0.0,0.0,0.0
2019-12-06 00:00:00-05:00,262.49444156265326,263.4677279584804,262.46715445618196,263.04931640625,1609400,0.0,0.0,0.0
2019-12-09 00:00:00-05:00,262.7580958178719,263.349334649943,262.2123262194236,262.24871826171875,1478900,0.0,0.0,0.0
2019-12-10 00:00:00-05:00,262.2487271466212,262.82178385645716,261.37551241491667,262.0031433105469,1822700,0.0,0.0,0.0
2019-12-11 00:00:00-05:00,262.3761312605768,262.9491603115338,262.0395533773789,262.6853942871094,1835400,0.0,0.0,0.0
2019-12-12 00:00:00-05:00,262.7400112932919,265.6962343109822,262.5216867174005,264.9958190917969,3276600,0.0,0.0,0.0
2019-12-13 00:00:00-05:00,264.7774572428777,266.29651291129613,264.05886005178166,265.0958251953125,3519600,0.0,0.0,0.0
2019-12-16 00:00:00-05:00,266.7512772433346,267.524420752931,266.71488520179065,266.9695739746094,3141900,0.0,0.0,0.0
2019-12-17 00:00:00-05:00,267.41532474589883,267.59725723024553,266.9696262459491,267.0242004394531,3658200,0.0,0.0,0.0
2019-12-18 00:00:00-05:00,267.44261818386826,267.6245506725287,267.0333117228829,267.0423889160156,3294400,0.0,0.0,0.0
2019-12-19 00:00:00-05:00,267.2243409883922,268.22491423135153,267.1970538889935,268.1521301269531,2331600,0.0,0.0,0.0
2019-12-20 00:00:00-05:00,269.1436260886824,269.93497972999234,269.0435548849178,269.51654052734375,4985600,0.0,0.0,0.0
2019-12-23 00:00:00-05:00,270.0822828422152,270.11885125232317,269.62527534319975,269.7806701660156,2325200,1.429,0.0,0.0
2019-12-24 00:00:00-05:00,269.96345642950735,270.0000248396153,269.497327748108,269.7806701660156,1305900,0.0,0.0,0.0
2019-12-26 00:00:00-05:00,270.1463477472188,271.1791894529635,270.10977932666594,271.1609191894531,2390300,0.0,0.0,0.0
2019-12-27 00:00:00-05:00,271.9286886598707,271.9286886598707,270.6856134028622,271.1609191894531,2225400,0.0,0.0,0.0
2019-12-30 00:00:00-05:00,271.233978504678,271.31623651572073,269.1865936248763,269.6710205078125,2345400,0.0,0.0,0.0
2019-12-31 00:00:00-05:00,269.20484207259705,270.53929618837685,268.87581005508616,270.3656311035156,2512700,0.0,0.0,0.0
2020-01-02 00:00:00-05:00,271.7274737315257,272.787734270274,270.8591484948513,272.76031494140625,3142400,0.0,0.0,0.0
2020-01-03 00:00:00-05:00,269.8355064997902,271.79148407402056,269.67099049601387,270.7677917480469,3247900,0.0,0.0,0.0
2020-01-06 00:00:00-05:00,269.1042915467012,271.84633637320974,269.04030380630394,271.7823486328125,2777100,0.0,0.0,0.0
2020-01-07 00:00:00-05:00,271.29793959241164,271.70922960720367,270.6032792649528,271.0328674316406,2251800,0.0,0.0,0.0
2020-01-08 00:00:00-05:00,271.19737911986124,273.573823665969,270.97802444879784,272.4313049316406,3719500,0.0,0.0,0.0
2020-01-09 00:00:00-05:00,273.9578185537297,274.3782577855966,273.3728353671899,274.31427001953125,2168500,0.0,0.0,0.0
2020-01-10 00:00:00-05:00,274.88086155211505,274.990538888903,273.0985490422623,273.52813720703125,3666800,0.0,0.0,0.0
2020-01-13 00:00:00-05:00,274.1222324728097,275.41099692525427,273.729212730911,275.3378601074219,2728000,0.0,0.0,0.0
2020-01-14 00:00:00-05:00,275.0179464833289,275.9502316051976,274.4969513151434,274.97222900390625,2620100,0.0,0.0,0.0
2020-01-15 00:00:00-05:00,274.9447732475731,276.3066462918742,274.8350959411215,275.5845947265625,2822300,0.0,0.0,0.0
2020-01-16 00:00:00-05:00,276.8918186341667,277.8972411206541,276.6815850572308,277.8880920410156,2582600,0.0,0.0,0.0
2020-01-17 00:00:00-05:00,278.5643345846828,278.95738222399206,278.04336724670964,278.82940673828125,2218000,0.0,0.0,0.0
2020-01-21 00:00:00-05:00,277.9336292560201,278.9756195961833,277.8605203396059,278.2535400390625,2757900,0.0,0.0,0.0
2020-01-22 00:00:00-05:00,279.05792204612203,279.61548571000066,278.15305610704445,278.32672119140625,2765300,0.0,0.0,0.0
2020-01-23 00:00:00-05:00,277.71435634830766,278.74719791782815,276.6358251792713,278.6009521484375,2673100,0.0,0.0,0.0
2020-01-24 00:00:00-05:00,279.1583988983183,279.249778059055,274.9447763708291,276.05987548828125,3448200,0.0,0.0,0.0
2020-01-27 00:00:00-05:00,271.3162197219624,273.04372152751256,270.95976836284075,271.6726989746094,4302000,0.0,0.0,0.0
2020-01-28 00:00:00-05:00,273.0162273008751,275.3195345162611,272.5774901626274,274.6157531738281,3562500,0.0,0.0,0.0
2020-01-29 00:00:00-05:00,275.8314934586573,275.97773923126323,274.1314386524807,274.3416442871094,2739400,0.0,0.0,0.0
2020-01-30 00:00:00-05:00,272.4130405321787,275.3835893053181,271.7366504593134,275.2007751464844,4432700,0.0,0.0,0.0
2020-01-31 00:00:00-05:00,274.6066155740072,274.75286129286707,269.37844967222185,270.2650451660156,6184700,0.0,0.0,0.0
2020-02-03 00:00:00-05:00,271.57216313657665,273.9029183870268,271.4899051244705,272.2302551269531,3205200,0.0,0.0,0.0
2020-02-04 00:00:00-05:00,275.57554031644315,277.15679641034285,275.2647785435748,276.4255676269531,2292800,0.0,0.0,0.0
2020-02-05 00:00:00-05:00,279.1401043165051,279.76162766373994,277.7416628384682,279.5514221191406,3049900,0.0,0.0,0.0
2020-02-06 00:00:00-05:00,280.419789299464,280.67571238231477,279.51492338037116,280.5020751953125,1925500,0.0,0.0,0.0
2020-02-07 00:00:00-05:00,279.5331793491233,280.227839635718,278.5369064027572,279.076171875,2249000,0.0,0.0,0.0
2020-02-10 00:00:00-05:00,278.21706756622973,281.1144797908632,278.18049915231967,281.0779113769531,2246900,0.0,0.0,0.0
2020-02-11 00:00:00-05:00,282.36660938661964,283.06126961938463,281.1601030539816,281.5896911621094,2438800,0.0,0.0,0.0
2020-02-12 00:00:00-05:00,282.9424371511748,283.591379890032,282.58598586126044,283.3994445800781,2115800,0.0,0.0,0.0
2020-02-13 00:00:00-05:00,282.0650443916722,284.0027517961206,281.84566181644345,283.12530517578125,2043400,0.0,0.0,0.0
2020-02-14 00:00:00-05:00,283.4452521090195,283.6463365771504,282.4307085835853,283.60064697265625,1637000,0.0,0.0,0.0
2020-02-18 00:00:00-05:00,282.6499738442598,283.18011813494263,281.5440235663853,282.8236389160156,3000300,0.0,0.0,0.0
2020-02-19 00:00:00-05:00,283.7286307952975,284.7980130348218,283.45440947971593,284.1856384277344,2257500,0.0,0.0,0.0
2020-02-20 00:00:00-05:00,283.66456927687955,284.4323385525226,280.30100067115063,283.0704650878906,4617300,0.0,0.0,0.0
2020-02-21 00:00:00-05:00,281.7907782869286,282.04670133935,279.3412250861066,280.13641357421875,2678000,0.0,0.0,0.0
2020-02-24 00:00:00-05:00,271.42588365667626,273.63781220592386,269.78981690769365,270.7677917480469,7097000,0.0,0.0,0.0
2020-02-25 00:00:00-05:00,272.12974875601327,272.58675634462435,261.7373727604329,262.63311767578125,8465800,0.0,0.0,0.0
2020-02-26 00:00:00-05:00,263.79389895342706,267.1483468258185,260.93305496556684,261.4723205566406,10233700,0.0,0.0,0.0
2020-02-27 00:00:00-05:00,256.44523618910017,260.0190387569249,249.8551669035767,249.8826141357422,14897000,0.0,0.0,0.0
2020-02-28 00:00:00-05:00,242.50647455025086,249.45299435971162,239.70044171259164,248.3744354248047,23179600,0.0,0.0,0.0
2020-03-02 00:00:00-05:00,250.44010246561652,259.61682059972566,247.23190098620614,259.46142578125,12428600,0.0,0.0,0.0
2020-03-03 00:00:00-05:00,259.89101593145284,263.52880559163833,249.85512141457912,252.30470275878906,9805900,0.0,0.0,0.0
2020-03-04 00:00:00-05:00,257.0484833560405,262.9164448315588,254.73602620813492,262.7610778808594,5253900,0.0,0.0,0.0
2020-03-05 00:00:00-05:00,256.19842675120833,259.04102827651997,251.91169361073068,253.9591064453125,6220000,0.0,0.0,0.0
2020-03-06 00:00:00-05:00,246.16256445152385,250.86058777130376,243.67644215243482,249.69979858398438,6669100,0.0,0.0,0.0
2020-03-09 00:00:00-04:00,232.0592575239888,238.54875536878475,229.55485151396923,230.43231201171875,16425900,0.0,0.0,0.0
2020-03-10 00:00:00-04:00,239.20030896927972,242.2582550048828,229.57645393165572,242.2582550048828,10879100,1.178,0.0,0.0
2020-03-11 00:00:00-04:00,235.6923872510231,236.66578922834918,227.39089436424172,230.246826171875,11480100,0.0,0.0,0.0
2020-03-12 00:00:00-04:00,215.7467947693821,223.77277953054417,207.3626572482,207.97792053222656,24669300,0.0,0.0,0.0
2020-03-13 00:00:00-04:00,220.99950001760547,227.53783350502397,209.46558022024368,227.40927124023438,19533600,0.0,0.0,0.0
2020-03-16 00:00:00-04:00,204.64442803143774,215.59063014321373,200.3192020786242,200.71408081054688,17271500,0.0,0.0,0.0
2020-03-17 00:00:00-04:00,205.47092041986045,214.83763667119044,198.90503962921449,213.8550567626953,15115500,0.0,0.0,0.0
2020-03-18 00:00:00-04:00,198.42752634470398,206.3800582321851,191.29228608920977,202.16502380371094,20177500,0.0,0.0,0.0
2020-03-19 00:00:00-04:00,200.5855707695101,207.53715384313875,194.78188419618934,202.33953857421875,12441200,0.0,0.0,0.0
2020-03-20 00:00:00-04:00,204.59855525212572,206.21476857536638,192.89015514560236,193.52378845214844,11533200,0.0,0.0,0.0
2020-03-23 00:00:00-04:00,192.50444059185477,193.5604866089816,184.16622262521713,187.5823211669922,14128200,0.0,0.0,0.0
2020-03-24 00:00:00-04:00,198.7122004538535,205.9760030220372,197.27964558327184,205.47093200683594,13160800,0.0,0.0,0.0
2020-03-25 00:00:00-04:00,206.61882477560923,216.27021461294498,202.32115994614975,208.10647583007812,11876400,0.0,0.0,0.0
2020-03-26 00:00:00-04:00,210.5399838629204,221.7157642543952,210.15429709158366,220.61380004882812,12411100,0.0,0.0,0.0
2020-03-27 00:00:00-04:00,213.68976814075856,220.06281297122433,211.81643037522613,213.83670043945312,11170600,0.0,0.0,0.0
2020-03-30 00:00:00-04:00,215.7283921416644,221.40352914804555,213.9376986732313,220.75152587890625,8727800,0.0,0.0,0.0
2020-03-31 00:00:00-04:00,219.88834050624996,222.17492719541846,216.20593896611578,217.47320556640625,10386300,0.0,0.0,0.0
2020-04-01 00:00:00-04:00,209.3002710268019,212.1745728675832,205.81989796454272,207.67486572265625,13710100,0.0,0.0,0.0
2020-04-02 00:00:00-04:00,206.92185050750925,213.2122369186941,206.36168340113656,212.53269958496094,6547000,0.0,0.0,0.0
2020-04-03 00:00:00-04:00,211.6052115650798,213.69896180695633,206.93103812334263,209.39210510253906,5490200,0.0,0.0,0.0
2020-04-06 00:00:00-04:00,217.60179250323867,225.2604610598565,216.65592444685547,223.6350555419922,7624000,0.0,0.0,0.0
2020-04-07 00:00:00-04:00,231.33959539282225,232.1477089805217,223.5707361737459,223.75439453125,12936600,0.0,0.0,0.0
2020-04-08 00:00:00-04:00,226.1236816416514,232.3773434576337,224.11258919603847,231.3488311767578,6958600,0.0,0.0,0.0
2020-04-09 00:00:00-04:00,234.2781626685499,237.28104046070266,232.45992117428224,234.78323364257812,8812600,0.0,0.0,0.0
2020-04-13 00:00:00-04:00,233.83743074151266,234.12210334916054,229.00714640228412,232.50588989257812,7666400,0.0,0.0,0.0
2020-04-14 00:00:00-04:00,237.1433042898525,240.25637471164058,236.19745034323762,239.60438537597656,6631100,0.0,0.0,0.0
2020-04-15 00:00:00-04:00,234.24143441501334,235.91274360808978,232.4323709509067,234.38836669921875,4888900,0.0,0.0,0.0
2020-04-16 00:00:00-04:00,235.55458098832554,236.2800222426102,232.69863596851198,235.57293701171875,6165700,0.0,0.0,0.0
2020-04-17 00:00:00-04:00,240.88082896587656,242.43276824699132,238.3003915155085,242.07461547851562,6738800,0.0,0.0,0.0
2020-04-20 00:00:00-04:00,238.43808536522263,241.60625145214013,237.4554914745592,237.71261596679688,6498700,0.0,0.0,0.0
2020-04-21 00:00:00-04:00,233.47928013598715,234.61798452107513,229.57647997638855,230.44886779785156,6526100,0.0,0.0,0.0
2020-04-22 00:00:00-04:00,234.93016816510703,237.13411043306095,233.69044976361835,235.51788330078125,5626800,0.0,0.0,0.0
2020-04-23 00:00:00-04:00,236.69334991873126,239.58600795008894,235.26998695830093,235.47201538085938,7665400,0.0,0.0,0.0
2020-04-24 00:00:00-04:00,236.92287384676314,239.4023104805274,235.03116632079667,238.8880615234375,4768200,0.0,0.0,0.0
2020-04-27 00:00:00-04:00,240.60531320577243,243.26839443836585,240.20125640916166,242.3408966064453,3892200,0.0,0.0,0.0
2020-04-28 00:00:00-04:00,245.62845054153993,245.91312310345683,240.87160510078235,241.22056579589844,5849500,0.0,0.0,0.0
2020-04-29 00:00:00-04:00,246.08765010440442,248.86092411458253,245.1050559659747,247.43756103515625,6773100,0.0,0.0,0.0
2020-04-30 00:00:00-04:00,246.17944765550038,246.63860063219815,243.5622981079021,245.27952575683594,7386600,0.0,0.0,0.0
2020-05-01 00:00:00-04:00,240.72471462920174,241.3767039511756,237.60245224623367,238.59423828125,4790700,0.0,0.0,0.0
2020-05-04 00:00:00-04:00,236.84942109253183,239.585954173119,235.57296270368016,239.3472137451172,4128900,0.0,0.0,0.0
2020-05-05 00:00:00-04:00,241.92767145636216,244.09485966786227,241.14710593038438,241.55116271972656,4437200,0.0,0.0,0.0
2020-05-06 00:00:00-04:00,243.08474044473243,243.45205719002,239.80640976795772,239.92576599121094,3021400,0.0,0.0,0.0
2020-05-07 00:00:00-04:00,242.84600837482625,244.5448518836104,242.34092331117043,242.76333618164062,3410200,0.0,0.0,0.0
2020-05-08 00:00:00-04:00,245.67435284205428,247.1528397725718,244.61830676281,246.82223510742188,3201100,0.0,0.0,0.0
2020-05-11 00:00:00-04:00,244.98561140115,248.12622945507988,244.66419877780396,246.8589630126953,3469300,0.0,0.0,0.0
2020-05-12 00:00:00-04:00,247.9242528268818,248.30992563584329,241.81749578174464,241.89097595214844,5159900,0.0,0.0,0.0
2020-05-13 00:00:00-04:00,241.39505516772618,242.3409090756255,235.4168750950446,237.60244750976562,5617500,0.0,0.0,0.0
2020-05-14 00:00:00-04:00,235.38934444999444,240.59615135395686,233.22215592771335,240.4675750732422,7737600,0.0,0.0,0.0
2020-05-15 00:00:00-04:00,238.33709245643936,241.6154228263961,237.43714269391023,241.55116271972656,3385900,0.0,0.0,0.0
2020-05-18 00:00:00-04:00,247.31815732542321,250.4220358217645,247.0793888181746,248.93435668945312,6759200,0.0,0.0,0.0
2020-05-19 00:00:00-04:00,248.50270597518607,250.0087408594724,246.418162007976,246.5834503173828,4921100,0.0,0.0,0.0
2020-05-20 00:00:00-04:00,249.70571488647047,251.4229421757947,249.49449447261128,250.6056365966797,4896200,0.0,0.0,0.0
2020-05-21 00:00:00-04:00,250.51388299488804,251.23935263214372,247.89673313263927,248.80584716796875,3581300,0.0,0.0,0.0
2020-05-22 00:00:00-04:00,248.64049485309866,249.52206060075832,247.48342054247232,249.36593627929688,2296400,0.0,0.0,0.0
2020-05-26 00:00:00-04:00,254.85748072342588,255.0503171499385,252.1209185649412,252.57090759277344,4911800,0.0,0.0,0.0
2020-05-27 00:00:00-04:00,255.08702690751215,256.2532653808594,250.56894928082545,256.2532653808594,5152400,0.0,0.0,0.0
2020-05-28 00:00:00-04:00,257.1532217462094,258.99902572872907,255.11458135527664,255.7482147216797,4630600,0.0,0.0,0.0
2020-05-29 00:00:00-04:00,255.31653964308768,257.4470156513128,252.86465102616594,256.8960266113281,7049300,0.0,0.0,0.0
2020-06-01 00:00:00-04:00,256.2716427936819,258.4939274521614,255.81248982835456,258.01641845703125,3888200,0.0,0.0,0.0
2020-06-02 00:00:00-04:00,258.76948919776754,260.13775634765625,257.54812636542175,260.13775634765625,4343900,0.0,0.0,0.0
2020-06-03 00:00:00-04:00,261.90084815190204,264.40780526831594,261.65288762867243,263.5721435546875,5568100,0.0,0.0,0.0
2020-06-04 00:00:00-04:00,262.6354473987254,264.24248247896236,260.98250824026877,262.9017639160156,3818600,0.0,0.0,0.0
2020-06-05 00:00:00-04:00,267.80552125595517,271.24916795860975,267.7871372045478,269.6237487792969,6015500,0.0,0.0,0.0
2020-06-08 00:00:00-04:00,270.3767674110948,273.03068459974105,269.8717104356589,272.8929443359375,5559700,0.0,0.0,0.0
2020-06-09 00:00:00-04:00,270.4319116630898,272.17671539680083,269.64218199370373,270.9553527832031,4686400,0.0,0.0,0.0
2020-06-10 00:00:00-04:00,271.38697065000116,272.17672838153794,268.68714877211215,269.26568603515625,5602600,0.0,0.0,0.0
2020-06-11 00:00:00-04:00,262.96609476637303,263.48037191291513,253.2687855724344,253.74632263183594,7748200,0.0,0.0,0.0
2020-06-12 00:00:00-04:00,260.2018798851264,260.9365131059903,252.07487026618773,256.80413818359375,6232200,0.0,0.0,0.0
2020-06-15 00:00:00-04:00,251.53314171288915,260.2019505921492,250.4862596629954,259.1459045410156,4431400,0.0,0.0,0.0
2020-06-16 00:00:00-04:00,266.3546676943127,266.49243602610164,259.7244966657741,264.21502685546875,5295000,0.0,0.0,0.0
2020-06-17 00:00:00-04:00,265.1423837884929,265.40867223268185,262.5252072452008,263.0027160644531,2662800,0.0,0.0,0.0
2020-06-18 00:00:00-04:00,261.68966824666205,263.6640205893411,261.30396738659914,263.2416076660156,2756300,0.0,0.0,0.0
2020-06-19 00:00:00-04:00,266.3454228583898,266.55661525734774,260.49581937918424,261.6896057128906,3479500,0.0,0.0,0.0
2020-06-22 00:00:00-04:00,261.12024254965456,263.7282274860789,260.1192926568502,263.4251708984375,2518000,0.0,0.0,0.0
2020-06-23 00:00:00-04:00,265.85876772445215,266.7035935148271,264.25173229277766,264.6190490722656,2503600,0.0,0.0,0.0
2020-06-24 00:00:00-04:00,262.7088913612213,263.27826445535646,256.1797510613923,257.85107421875,4532300,0.0,0.0,0.0
2020-06-25 00:00:00-04:00,257.3643904190453,260.8906812999279,255.4910387551653,260.5784606933594,3897400,0.0,0.0,0.0
2020-06-26 00:00:00-04:00,259.62342038501515,259.80709275727037,253.92991313873537,254.47171020507812,4479000,0.0,0.0,0.0
2020-06-29 00:00:00-04:00,255.59148225288453,258.2037846996865,253.58838745292397,258.1853332519531,3464600,1.433,0.0,0.0
2020-06-30 00:00:00-04:00,257.8068533855474,263.0314861673693,257.6776087479408,261.6283874511719,5215700,0.0,0.0,0.0
2020-07-01 00:00:00-04:00,262.4960491422033,264.47145231401043,262.10837162166234,263.41912841796875,3712600,0.0,0.0,0.0
2020-07-02 00:00:00-04:00,266.5484292698373,267.73918147011653,264.1668685289807,264.7484130859375,3661100,0.0,0.0,0.0
2020-07-06 00:00:00-04:00,268.3114047972977,269.151381958539,267.6006158868262,268.85601806640625,3573800,0.0,0.0,0.0
2020-07-07 00:00:00-04:00,267.3883841384478,269.2437543126931,265.745304167095,266.068359375,3420300,0.0,0.0,0.0
2020-07-08 00:00:00-04:00,266.7699386831893,268.20070044267015,265.19148084367384,268.0437927246094,2434200,0.0,0.0,0.0
2020-07-09 00:00:00-04:00,268.6345667149288,268.8930278296173,263.45610461237095,266.6776428222656,3164600,0.0,0.0,0.0
2020-07-10 00:00:00-04:00,266.5114811122729,269.5484201759746,265.2376270539966,269.35455322265625,2712400,0.0,0.0,0.0
2020-07-13 00:00:00-04:00,271.47758530389234,273.64682695364354,266.4098615838054,266.9175720214844,3657900,0.0,0.0,0.0
2020-07-14 00:00:00-04:00,265.6530325990378,270.7576606346559,264.58225709774985,270.4899597167969,4053100,0.0,0.0,0.0
2020-07-15 00:00:00-04:00,273.4068757973091,273.92379798133703,270.7853338154116,272.88995361328125,6601400,0.0,0.0,0.0
2020-07-16 00:00:00-04:00,271.2007117243183,272.4099434636269,270.6007157588071,272.0960998535156,3082900,0.0,0.0,0.0
2020-07-17 00:00:00-04:00,272.97306749972745,273.5546120847783,271.15459978035193,272.8161315917969,2246000,0.0,0.0,0.0
2020-07-20 00:00:00-04:00,272.6130397437918,275.70536151456525,271.9392097787102,275.0869140625,2539900,0.0,0.0,0.0
2020-07-21 00:00:00-04:00,276.7946104998907,277.2469386190117,274.7638524641857,275.65924072265625,3305500,0.0,0.0,0.0
2020-07-22 00:00:00-04:00,275.28074005807383,277.4407424757219,275.1791866754999,277.2284240722656,4121100,0.0,0.0,0.0
2020-07-23 00:00:00-04:00,276.85914524558814,277.49607216456957,272.65914603910363,273.9145202636719,3487100,0.0,0.0,0.0
2020-07-24 00:00:00-04:00,272.17917584237074,273.05611253231075,270.73917424531476,272.14227294921875,2851000,0.0,0.0,0.0
2020-07-27 00:00:00-04:00,272.75145206161505,274.2652873006106,272.0683542981583,274.1268310546875,2253300,0.0,0.0,0.0
2020-07-28 00:00:00-04:00,273.3976584113007,274.4591941201975,272.1145926539799,272.4284362792969,3135600,0.0,0.0,0.0
2020-07-29 00:00:00-04:00,273.23146013783276,276.24070753082367,273.13914657808186,275.7237854003906,2370800,0.0,0.0,0.0
2020-07-30 00:00:00-04:00,272.9914973671629,275.13304837228515,271.08074438609907,274.7176513671875,2951700,0.0,0.0,0.0
2020-07-31 00:00:00-04:00,276.4161478007115,277.0161437988281,272.52996310076423,277.0161437988281,4460300,0.0,0.0,0.0
2020-08-03 00:00:00-04:00,278.44686808509977,279.5268832721113,277.96687698539733,278.7607116699219,3767700,0.0,0.0,0.0
2020-08-04 00:00:00-04:00,278.04986379066406,279.9329528808594,278.04986379066406,279.9329528808594,2129200,0.0,0.0,0.0
2020-08-05 00:00:00-04:00,281.1792025760894,281.90844318989605,280.90229002408563,281.67767333984375,2615100,0.0,0.0,0.0
2020-08-06 00:00:00-04:00,281.15142482406566,283.65298951152766,280.84682111057356,283.5699157714844,4088200,0.0,0.0,0.0
2020-08-07 00:00:00-04:00,282.67462578516694,283.9392401050736,281.83462011811497,283.7176818847656,3319600,0.0,0.0,0.0
2020-08-10 00:00:00-04:00,284.19764484933575,284.7699494788288,282.3884174015512,284.62225341796875,2118200,0.0,0.0,0.0
2020-08-11 00:00:00-04:00,285.71153831075134,286.26539160913626,281.6038517022068,282.3238525390625,3571200,0.0,0.0,0.0
2020-08-12 00:00:00-04:00,284.5391477205671,286.90222808873904,284.49300503116643,286.19146728515625,2947400,0.0,0.0,0.0
2020-08-13 00:00:00-04:00,285.50843407776193,286.8746016684547,284.82536436748876,285.7023010253906,4074200,0.0,0.0,0.0
2020-08-14 00:00:00-04:00,285.36997780813175,286.17305234213325,284.6222857819823,285.7023010253906,2097600,0.0,0.0,0.0
2020-08-17 00:00:00-04:00,286.56077440895416,286.95769179457784,286.237690981295,286.6253967285156,2183400,0.0,0.0,0.0
2020-08-18 00:00:00-04:00,287.0130539238921,287.5853586104568,285.4899786389691,287.2253723144531,2415800,0.0,0.0,0.0
2020-08-19 00:00:00-04:00,287.58529337142573,288.25915128153116,285.51760512253406,286.0068359375,2498300,0.0,0.0,0.0
2020-08-20 00:00:00-04:00,284.4099944783677,287.326928907048,284.3269207086769,286.91156005859375,2409300,0.0,0.0,0.0
2020-08-21 00:00:00-04:00,286.5976785915761,288.0930625888927,286.3115262548128,287.9361267089844,2316200,0.0,0.0,0.0
2020-08-24 00:00:00-04:00,290.17929816022394,290.92701857499225,289.26545834350827,290.8623962402344,2349600,0.0,0.0,0.0
2020-08-25 00:00:00-04:00,291.40690609004355,291.93306805119107,290.3084394708665,291.877685546875,2890800,0.0,0.0,0.0
2020-08-26 00:00:00-04:00,292.3853765786874,295.04384954541064,291.9238369155797,294.8592224121094,2606000,0.0,0.0,0.0
2020-08-27 00:00:00-04:00,295.58840741075494,296.76994759943074,293.9730188934952,295.449951171875,2295900,0.0,0.0,0.0
2020-08-28 00:00:00-04:00,296.43773458844396,297.4900304650219,295.3392678393801,297.3700256347656,3538700,0.0,0.0,0.0
2020-08-31 00:00:00-04:00,297.2131419177428,297.99773694175065,296.12388671907445,296.32696533203125,5068000,0.0,0.0,0.0
2020-09-01 00:00:00-04:00,297.0561331030883,299.1699924868499,296.25305865763625,299.09613037109375,3008000,0.0,0.0,0.0
2020-09-02 00:00:00-04:00,300.86845333005374,304.3115490775982,299.79767801845696,303.45306396484375,5273100,0.0,0.0,0.0
2020-09-03 00:00:00-04:00,301.8560999448303,302.3176394863281,290.59452386422896,292.9483642578125,6892000,0.0,0.0,0.0
2020-09-04 00:00:00-04:00,293.32694933595553,295.01620052000436,283.29308013100626,290.6038818359375,5133900,0.0,0.0,0.0
2020-09-08 00:00:00-04:00,285.55458707315836,286.69919639064847,282.32380952333796,282.61920166015625,4278300,0.0,0.0,0.0
2020-09-09 00:00:00-04:00,286.29297834319254,290.4560741148101,285.4991438357751,288.19451904296875,3339800,0.0,0.0,0.0
2020-09-10 00:00:00-04:00,289.8929453346068,290.5021808479883,282.2960232812137,283.15447998046875,3589000,0.0,0.0,0.0
2020-09-11 00:00:00-04:00,284.816126031612,285.77613645625405,280.7730620867809,283.3669128417969,3690100,0.0,0.0,0.0
2020-09-14 00:00:00-04:00,286.2284640766087,288.693098608274,285.7946156073698,287.0500183105469,3056100,0.0,0.0,0.0
2020-09-15 00:00:00-04:00,289.35771288259036,290.08695352707343,287.55769670840334,288.5269470214844,2570900,0.0,0.0,0.0
2020-09-16 00:00:00-04:00,289.67152894438976,290.9361431483013,287.1146092828367,287.36383056640625,2313400,0.0,0.0,0.0
2020-09-17 00:00:00-04:00,282.9054042317872,286.40385511739197,282.42538488167287,284.85308837890625,2848300,0.0,0.0,0.0
2020-09-18 00:00:00-04:00,285.63759696416435,285.6745280155454,279.2775684878841,281.53912353515625,3420800,0.0,0.0,0.0
2020-09-21 00:00:00-04:00,277.3576372976767,278.53917767018436,273.99761513733466,278.4837951660156,4536800,0.0,0.0,0.0
2020-09-22 00:00:00-04:00,279.7945401219343,281.760703446949,277.54225265094874,281.2991638183594,2741500,0.0,0.0,0.0
2020-09-23 00:00:00-04:00,281.797665848987,282.0468871348944,274.3115057622529,274.7822570800781,2755800,0.0,0.0,0.0
2020-09-24 00:00:00-04:00,273.5176082568265,278.27146072454525,272.34530775939464,275.5391540527344,3130700,0.0,0.0,0.0
2020-09-25 00:00:00-04:00,274.6899439408889,280.65305689739455,273.89610921184095,279.9515075683594,2683800,0.0,0.0,0.0
2020-09-28 00:00:00-04:00,283.7730783605786,285.24998284789814,282.8592106091265,284.6407470703125,2437900,0.0,0.0,0.0
2020-09-29 00:00:00-04:00,284.4451580204751,285.0662702535683,282.4149937721838,283.0175476074219,2303900,1.309,0.0,0.0
2020-09-30 00:00:00-04:00,283.70353459079354,288.069765104416,283.5273995669314,285.1960144042969,4304500,0.0,0.0,0.0
2020-10-01 00:00:00-04:00,287.52281847969857,288.4034652737102,285.29798935504135,287.0036926269531,3005700,0.0,0.0,0.0
2020-10-02 00:00:00-04:00,282.47989411313387,286.0581569413684,282.00710760744573,284.33392333984375,3125100,0.0,0.0,0.0
2020-10-05 00:00:00-04:00,286.16016926110933,289.4974278304684,286.16016926110933,289.302734375,2364500,0.0,0.0,0.0
2020-10-06 00:00:00-04:00,289.46023823981847,291.3791647833782,284.76026857465916,285.2608642578125,3389800,0.0,0.0,0.0
2020-10-07 00:00:00-04:00,287.9400000726691,290.9064581988695,287.9307491637516,290.15557861328125,1707800,0.0,0.0,0.0
2020-10-08 00:00:00-04:00,291.97244823405674,292.7975046314358,291.1288617331156,292.72332763671875,1731700,0.0,0.0,0.0
2020-10-09 00:00:00-04:00,294.29942668018265,295.8104655205552,293.72468195837837,295.3283996582031,2794100,0.0,0.0,0.0
2020-10-12 00:00:00-04:00,297.7015151983832,301.48372273761566,297.25653795660855,300.09320068359375,2194300,0.0,0.0,0.0
2020-10-13 00:00:00-04:00,300.01897234210895,300.10240024838265,297.30279848343105,298.1741943359375,2229700,0.0,0.0,0.0
2020-10-14 00:00:00-04:00,298.7026286888553,299.70379195265735,295.6527429056825,296.3109436035156,1902100,0.0,0.0,0.0
2020-10-15 00:00:00-04:00,292.66776051794136,296.3665678712094,292.22281163230747,295.95867919921875,2481700,0.0,0.0,0.0
2020-10-16 00:00:00-04:00,297.2471602797466,298.6933004736087,295.6248850875085,295.70831298828125,1669600,0.0,0.0,0.0
2020-10-19 00:00:00-04:00,296.9226554229742,297.4696187304155,290.4613649152448,291.2400817871094,2229600,0.0,0.0,0.0
2020-10-20 00:00:00-04:00,292.4545157181599,295.41169394388794,291.80559431624897,292.3896179199219,3066600,0.0,0.0,0.0
2020-10-21 00:00:00-04:00,292.389672190314,294.34565937558614,291.6295134447505,291.86126708984375,2607700,0.0,0.0,0.0
2020-10-22 00:00:00-04:00,292.0651042296982,294.01183979200084,290.14617796299007,293.46490478515625,2362400,0.0,0.0,0.0
2020-10-23 00:00:00-04:00,294.64232156334333,294.64232156334333,292.23207790853183,294.4661865234375,1429300,0.0,0.0,0.0
2020-10-26 00:00:00-04:00,291.36990611553034,292.0836970492143,285.85415888631354,289.0430908203125,3335800,0.0,0.0,0.0
2020-10-27 00:00:00-04:00,289.3953811995736,289.66422332712136,287.8936222288544,288.0882873535156,2196100,0.0,0.0,0.0
2020-10-28 00:00:00-04:00,282.8600347368783,283.425500194129,277.75217405859524,278.1693420410156,5650500,0.0,0.0,0.0
2020-10-29 00:00:00-04:00,278.4010170711109,283.8982065753035,276.889978824778,281.0986328125,5365200,0.0,0.0,0.0
2020-10-30 00:00:00-04:00,279.55052690558745,280.75563459704983,274.7393187583447,277.9375305175781,5892100,0.0,0.0,0.0
2020-11-02 00:00:00-05:00,281.2283786154148,283.02678897203515,278.6883679899813,281.1727600097656,4080400,0.0,0.0,0.0
2020-11-03 00:00:00-05:00,284.1948671375793,288.0605021012257,283.74988995382034,286.13232421875,3378300,0.0,0.0,0.0
2020-11-04 00:00:00-05:00,290.3317136843613,296.3202202615789,289.2285640135263,292.5750732421875,5750200,0.0,0.0,0.0
2020-11-05 00:00:00-05:00,297.5161089718421,299.93560383182654,297.1267503384998,298.3040771484375,3950300,0.0,0.0,0.0
2020-11-06 00:00:00-05:00,297.9795345148215,299.35152611957915,296.1162263709001,298.26690673828125,3640600,0.0,0.0,0.0
2020-11-09 00:00:00-05:00,309.9565550069173,310.73527208324634,301.53927578467625,301.9842529296875,8097300,0.0,0.0,0.0
2020-11-10 00:00:00-05:00,301.06650458592253,302.4848357128305,298.5543030819722,301.59490966796875,4120800,0.0,0.0,0.0
2020-11-11 00:00:00-05:00,303.52310830846204,304.5242715480384,302.36434015188655,303.7177734375,2773500,0.0,0.0,0.0
2020-11-12 00:00:00-05:00,302.89267058128655,303.5415919657645,299.1753621411865,300.90887451171875,2532700,0.0,0.0,0.0
2020-11-13 00:00:00-05:00,302.62388501519484,305.66449134485987,302.10475917526935,304.9970397949219,1996100,0.0,0.0,0.0
2020-11-16 00:00:00-05:00,307.444356054434,308.8070685133987,306.294867116888,308.6958312988281,3018800,0.0,0.0,0.0
2020-11-17 00:00:00-05:00,306.5914562308434,308.23226139272117,305.2194648527923,307.15692138671875,3052100,0.0,0.0,0.0
2020-11-18 00:00:00-05:00,307.4257886702382,307.8985750650706,303.4025495864483,303.43035888671875,2647800,0.0,0.0,0.0
2020-11-19 00:00:00-05:00,302.9113080159536,305.0712396451968,301.65983261375015,304.700439453125,2962200,0.0,0.0,0.0
2020-11-20 00:00:00-05:00,304.44086066034754,304.6726143046226,302.5775523074991,302.6609802246094,3516800,0.0,0.0,0.0
2020-11-23 00:00:00-05:00,304.3202471459113,305.54391278693237,302.26227430973256,304.4500427246094,2222600,0.0,0.0,0.0
2020-11-24 00:00:00-05:00,306.86032488708383,309.85459186052805,306.0074874027305,309.3818054199219,2659700,0.0,0.0,0.0
2020-11-25 00:00:00-05:00,309.3169253646655,309.3169253646655,307.90784528860314,308.8719482421875,2256900,0.0,0.0,0.0
2020-11-27 00:00:00-05:00,309.8916710223429,310.18829414826246,308.8626702632518,309.75262451171875,984700,0.0,0.0,0.0
2020-11-30 00:00:00-05:00,309.0666945500624,309.27991811501755,305.9519387451583,308.3621826171875,4175700,0.0,0.0,0.0
2020-12-01 00:00:00-05:00,311.40276309158793,313.14552681055073,310.84654866244443,311.7550048828125,3224200,0.0,0.0,0.0
2020-12-02 00:00:00-05:00,310.7538135513335,312.5058563115427,310.22540847673133,312.4131774902344,2270300,0.0,0.0,0.0
2020-12-03 00:00:00-05:00,312.3204650878906,313.60900055877613,311.3656412646343,312.3204650878906,2851100,0.0,0.0,0.0
2020-12-04 00:00:00-05:00,312.8673878709577,315.0365983653679,312.82104846292344,315.0087890625,2907000,0.0,0.0,0.0
2020-12-07 00:00:00-05:00,314.32284666099406,314.84197257286536,313.2475063320491,314.4248046875,1943100,0.0,0.0,0.0
2020-12-08 00:00:00-05:00,313.22903018948915,315.8339393964953,313.191941677897,315.3333435058594,1948200,0.0,0.0,0.0
2020-12-09 00:00:00-05:00,315.91731962182627,316.0470869574342,311.71794453346604,312.5337219238281,2545800,0.0,0.0,0.0
2020-12-10 00:00:00-05:00,311.23582828186346,313.3308900313988,310.40152091911705,312.3853454589844,2738600,0.0,0.0,0.0
2020-12-11 00:00:00-05:00,310.83717509329074,312.2184174026221,309.4095650929674,311.9866638183594,2387900,0.0,0.0,0.0
2020-12-14 00:00:00-05:00,314.03547837187625,314.99030228867423,310.4479363572104,310.5591735839844,2654600,0.0,0.0,0.0
2020-12-15 00:00:00-05:00,312.9972280947705,314.85125732421875,311.699385001964,314.85125732421875,2757400,0.0,0.0,0.0
2020-12-16 00:00:00-05:00,315.02741279315313,316.1491210194156,314.2209144800563,315.3333435058594,2943200,0.0,0.0,0.0
2020-12-17 00:00:00-05:00,316.82580655889296,317.270783803207,316.07492690865564,317.0483093261719,2627000,0.0,0.0,0.0
2020-12-18 00:00:00-05:00,317.40050411370464,317.502462128067,313.97981838989426,315.7782287597656,6025700,0.0,0.0,0.0
2020-12-21 00:00:00-05:00,312.24630137048786,315.5372200281352,309.72482063912327,314.80487060546875,3918100,0.0,0.0,0.0
2020-12-22 00:00:00-05:00,315.0496324841917,315.124084400477,313.18802211194037,314.1839904785156,2371900,1.383,0.0,0.0
2020-12-23 00:00:00-05:00,315.11483134088655,316.24109778995313,314.32364116191985,314.4353332519531,3682200,0.0,0.0,0.0
2020-12-24 00:00:00-05:00,314.9565809172722,315.71053092846535,314.39809206300095,315.6919250488281,1447500,0.0,0.0,0.0
2020-12-28 00:00:00-05:00,318.09344222523765,318.7636232788005,317.4884243699486,318.4378356933594,2798800,0.0,0.0,0.0
2020-12-29 00:00:00-05:00,319.8526032517294,319.9829012118408,317.28357174693866,317.7676086425781,2555500,0.0,0.0,0.0
2020-12-30 00:00:00-05:00,318.5960708029374,319.18248274919944,317.9352069233702,318.1958312988281,2009100,0.0,0.0,0.0
2020-12-31 00:00:00-05:00,318.1678460549868,320.5413879956896,317.6186743857318,319.908447265625,3507000,0.0,0.0,0.0
2021-01-04 00:00:00-05:00,321.14637545041984,321.2115386268842,312.16411163482445,315.57086181640625,5402600,0.0,0.0,0.0
2021-01-05 00:00:00-05:00,314.98448867817007,318.6984209152779,314.9751999417631,317.6466064453125,3299700,0.0,0.0,0.0
2021-01-06 00:00:00-05:00,316.27833401914484,322.52402949377864,315.8222201159544,319.5733642578125,4805000,0.0,0.0,0.0
2021-01-07 00:00:00-05:00,321.8165972618005,325.03720387122536,321.63045325580674,324.348388671875,3638900,0.0,0.0,0.0
2021-01-08 00:00:00-05:00,325.6701782056542,326.35896507011097,322.65437798189777,326.1728210449219,3758500,0.0,0.0,0.0
2021-01-11 00:00:00-05:00,323.3245519413486,325.6143536905914,323.1756480737201,324.0412902832031,2975000,0.0,0.0,0.0
2021-01-12 00:00:00-05:00,324.19951185306843,324.9907021300997,322.0307477536516,324.0692138671875,2298400,0.0,0.0,0.0
2021-01-13 00:00:00-05:00,324.022613924883,325.8376955918728,323.28729820245513,324.87896728515625,3039900,0.0,0.0,0.0
2021-01-14 00:00:00-05:00,325.64218892193213,326.0796684807018,323.50132002343224,323.78057861328125,3497400,0.0,0.0,0.0
2021-01-15 00:00:00-05:00,322.30997870829503,323.0453229349733,319.75958097784815,321.4722595214844,3622100,0.0,0.0,0.0
2021-01-19 00:00:00-05:00,323.73410803456136,324.46945225712125,322.3937459808003,324.01336669921875,3433800,0.0,0.0,0.0
2021-01-20 00:00:00-05:00,326.0797439803053,329.2351594129867,325.7539564196756,328.4160461425781,2920600,0.0,0.0,0.0
2021-01-21 00:00:00-05:00,329.0023747090819,329.3560852049479,327.9226373449346,328.72314453125,2580800,0.0,0.0,0.0
2021-01-22 00:00:00-05:00,327.0663150390655,328.6114549820698,326.7032873991796,327.5503234863281,1812200,0.0,0.0,0.0
2021-01-25 00:00:00-05:00,328.30434444150853,329.207226760086,323.8923362073901,328.8814392089844,3549000,0.0,0.0,0.0
2021-01-26 00:00:00-05:00,329.7192264649809,330.1101488486594,328.20200902877724,328.3881530761719,2430200,0.0,0.0,0.0
2021-01-27 00:00:00-05:00,325.3536953325156,325.37230121254424,318.3260982131178,320.42041015625,5010400,0.0,0.0,0.0
2021-01-28 00:00:00-05:00,322.0307359915605,326.7778490744341,321.66770826129294,323.1104736328125,3432200,0.0,0.0,0.0
2021-01-29 00:00:00-05:00,321.4163624386983,322.26339863501187,315.1427440687651,316.6413269042969,5803600,0.0,0.0,0.0
2021-02-01 00:00:00-05:00,319.85266518323755,322.8498597171852,317.77695890837896,321.8445739746094,3334000,0.0,0.0,0.0
2021-02-02 00:00:00-05:00,324.897578859128,327.9599362522042,324.85104995646066,326.47064208984375,2955200,0.0,0.0,0.0
2021-02-03 00:00:00-05:00,327.364192648727,328.3880556203659,325.6701204063953,326.79638671875,3392800,0.0,0.0,0.0
2021-02-04 00:00:00-05:00,327.75513824477804,330.4731020581229,327.56899423937637,330.4544677734375,1988300,0.0,0.0,0.0
2021-02-05 00:00:00-05:00,332.2044076037392,332.41850304997683,330.7337477207536,331.7762451171875,2091800,0.0,0.0,0.0
2021-02-08 00:00:00-05:00,333.1537924031871,334.2242126464844,332.3532852016277,334.2242126464844,3371100,0.0,0.0,0.0
2021-02-09 00:00:00-05:00,333.4330665043995,334.46624672405574,333.0141927685849,333.9543151855469,1891200,0.0,0.0,0.0
2021-02-10 00:00:00-05:00,335.583242939027,335.6576948664765,331.6459261851757,333.82403564453125,2400000,0.0,0.0,0.0
2021-02-11 00:00:00-05:00,334.8200076823302,335.1830354288152,332.14860068777364,334.3639221191406,2237200,0.0,0.0,0.0
2021-02-12 00:00:00-05:00,333.6471895534201,336.19758712622036,333.56339207458467,336.0672607421875,2144500,0.0,0.0,0.0
2021-02-16 00:00:00-05:00,337.0910941691088,337.2958724473229,335.07126281237566,335.750732421875,4408500,0.0,0.0,0.0
2021-02-17 00:00:00-05:00,334.1869691718242,335.99273342072763,333.15378909850165,335.8251953125,3211800,0.0,0.0,0.0
2021-02-18 00:00:00-05:00,333.4516927112742,335.02475599325004,331.8227833819082,334.3918151855469,3010500,0.0,0.0,0.0
2021-02-19 00:00:00-05:00,335.52741498954447,335.750799189866,333.3586509622878,333.7774963378906,2487100,0.0,0.0,0.0
2021-02-22 00:00:00-05:00,331.2177816019482,333.40517991683123,330.9571572328936,331.1526184082031,3291000,0.0,0.0,0.0
2021-02-23 00:00:00-05:00,329.21650554419074,332.81871725546074,325.344352361355,331.5714416503906,5251100,0.0,0.0,0.0
2021-02-24 00:00:00-05:00,330.57551715137083,335.6297834269539,329.69126910498954,335.2388610839844,3301200,0.0,0.0,0.0
2021-02-25 00:00:00-05:00,334.1870430462757,335.3412325882108,325.85632381706034,327.1966857910156,7049200,0.0,0.0,0.0
2021-02-26 00:00:00-05:00,329.01170561793595,329.9425107908833,323.65025873186494,325.4001770019531,7579500,0.0,0.0,0.0
2021-03-01 00:00:00-05:00,330.0169843178585,334.52210664715875,329.9704554185319,333.3399658203125,3721100,0.0,0.0,0.0
2021-03-02 00:00:00-05:00,333.5820273188674,333.8147286573726,330.58483294268393,330.7616882324219,5462600,0.0,0.0,0.0
2021-03-03 00:00:00-05:00,330.15664044151464,331.0315996672853,326.3030929910878,326.39617919921875,6317600,0.0,0.0,0.0
2021-03-04 00:00:00-05:00,326.2379585983379,328.5928950016919,318.26097832348347,322.3751220703125,6604500,0.0,0.0,0.0
2021-03-05 00:00:00-05:00,325.5677417405209,329.2537509790955,318.8845668696311,328.28570556640625,8721300,0.0,0.0,0.0
2021-03-08 00:00:00-05:00,329.16067764990527,331.7389980645578,326.39618481578714,326.6754150390625,5663500,0.0,0.0,0.0
2021-03-09 00:00:00-05:00,330.20322999073505,333.6565102210517,329.7192213878481,331.2457275390625,6075100,0.0,0.0,0.0
2021-03-10 00:00:00-05:00,333.5074935309954,334.9409415001033,332.18576604744135,333.2934265136719,7231400,0.0,0.0,0.0
2021-03-11 00:00:00-05:00,335.7042291144713,338.5897311071066,335.2388264835921,336.8118896484375,3340700,0.0,0.0,0.0
2021-03-12 00:00:00-05:00,335.55530637507144,337.37038804931694,334.78275048452,337.2865905761719,4847300,0.0,0.0,0.0
2021-03-15 00:00:00-04:00,337.57515103473145,339.5112134476298,335.50876225256246,339.24127197265625,3154800,0.0,0.0,0.0
2021-03-16 00:00:00-04:00,339.8556487290798,340.46998367580807,338.1150472496456,338.85968017578125,3698400,0.0,0.0,0.0
2021-03-17 00:00:00-04:00,337.7241321443883,340.7213268581975,336.5978654928116,339.9673767089844,5011600,0.0,0.0,0.0
2021-03-18 00:00:00-04:00,337.63102054734435,339.5205541916661,334.41973086333564,334.9689025878906,5067500,0.0,0.0,0.0
2021-03-19 00:00:00-04:00,334.76415233637096,336.1789947068676,332.4278501269619,334.37322998046875,5382800,0.0,0.0,0.0
2021-03-22 00:00:00-04:00,334.89442777073975,338.34770728344085,334.86650474956673,337.01666259765625,3417600,0.0,0.0,0.0
2021-03-23 00:00:00-04:00,336.51401298789693,337.8264517682642,333.70299142509026,334.54071044921875,4954600,0.0,0.0,0.0
2021-03-24 00:00:00-04:00,335.7508058577855,337.20286000056427,332.6884765625,332.6884765625,4099000,0.0,0.0,0.0
2021-03-25 00:00:00-04:00,331.44115311786385,335.31330674271874,329.6354168909013,334.5593566894531,5487300,0.0,0.0,0.0
2021-03-26 00:00:00-04:00,335.68300195066104,340.3534391951672,335.10387229331616,340.0171813964844,3322600,1.263,0.0,0.0
2021-03-29 00:00:00-04:00,338.67211862946385,340.6430296117719,337.3083303272426,339.81170654296875,3143300,0.0,0.0,0.0
2021-03-30 00:00:00-04:00,338.6627783027766,339.51280139013016,337.45779738706767,338.9429931640625,3696200,0.0,0.0,0.0
2021-03-31 00:00:00-04:00,339.4380913451778,341.70791726939296,339.4380913451778,340.2880859375,7470300,0.0,0.0,0.0
2021-04-01 00:00:00-04:00,342.06284278146126,344.01508217226046,341.9040353689455,343.8936462402344,5132000,0.0,0.0,0.0
2021-04-05 00:00:00-04:00,346.4437955607281,349.4141875608936,346.3690525824318,348.8537292480469,3764100,0.0,0.0,0.0
2021-04-06 00:00:00-04:00,348.4520313348549,349.6569837627689,348.10642349865833,348.65753173828125,3583500,0.0,0.0,0.0
2021-04-07 00:00:00-04:00,348.5454493719042,349.42346546164555,348.153120050028,349.0965576171875,2768900,0.0,0.0,0.0
2021-04-08 00:00:00-04:00,350.2548420555289,350.80595034010764,349.4048188859301,350.7966003417969,3949400,0.0,0.0,0.0
2021-04-09 00:00:00-04:00,350.67514838362007,353.4587109420407,350.5910554216819,353.318603515625,2627500,0.0,0.0,0.0
2021-04-12 00:00:00-04:00,352.80487282778125,353.692238881009,352.2257146118595,353.4774169921875,2747500,0.0,0.0,0.0
2021-04-13 00:00:00-04:00,353.43071412495124,355.06536739476746,353.01039181636725,354.4395446777344,2985500,0.0,0.0,0.0
2021-04-14 00:00:00-04:00,354.44883614337317,355.42964512583114,352.8048615211354,353.2999267578125,3691100,0.0,0.0,0.0
2021-04-15 00:00:00-04:00,355.26154438542545,357.32589862214405,355.2148514052307,357.0923767089844,3573800,0.0,0.0,0.0
2021-04-16 00:00:00-04:00,358.2786011738071,358.82970938108264,356.9989058528009,358.343994140625,3252500,0.0,0.0,0.0
2021-04-19 00:00:00-04:00,357.40055380503475,357.8395760691924,355.29885693523306,356.57855224609375,3945700,0.0,0.0,0.0
2021-04-20 00:00:00-04:00,355.4109896929113,356.0368409414867,352.5900553404736,353.9631652832031,4106700,0.0,0.0,0.0
2021-04-21 00:00:00-04:00,353.3466924840158,357.44735115216497,353.21593502975173,357.2885437011719,3640100,0.0,0.0,0.0
2021-04-22 00:00:00-04:00,357.1203541229579,357.867612750406,353.04771763692435,354.00982666015625,3965000,0.0,0.0,0.0
2021-04-23 00:00:00-04:00,354.55160400640113,359.11927711994383,354.4488395568469,357.7835388183594,3781100,0.0,0.0,0.0
2021-04-26 00:00:00-04:00,358.4374609599175,359.1100052020879,358.0544816061447,358.5588684082031,3125200,0.0,0.0,0.0
2021-04-27 00:00:00-04:00,358.8764476229705,359.0445765402796,357.4939877886637,358.4467468261719,3370600,0.0,0.0,0.0
2021-04-28 00:00:00-04:00,358.78304075696934,359.7825212967118,357.9797106249038,358.27862548828125,3960400,0.0,0.0,0.0
2021-04-29 00:00:00-04:00,360.9314041995283,361.24899052871035,357.57803349618104,360.66986083984375,4209900,0.0,0.0,0.0
2021-04-30 00:00:00-04:00,358.6055807540722,359.39956093038455,357.5033642065802,358.2879943847656,5219200,0.0,0.0,0.0
2021-05-03 00:00:00-04:00,360.146789939769,360.5017477662369,358.65224417331507,359.1006164550781,4180800,0.0,0.0,0.0
2021-05-04 00:00:00-04:00,357.3071567617641,357.7181575612582,353.5054421255778,356.91485595703125,5485600,0.0,0.0,0.0
2021-05-05 00:00:00-04:00,358.428110082971,358.6055890149207,356.29839140566696,356.98028564453125,4410700,0.0,0.0,0.0
2021-05-06 00:00:00-04:00,357.0642894594252,359.96928784119615,355.2054359888743,359.8852233886719,4737300,0.0,0.0,0.0
2021-05-07 00:00:00-04:00,360.57645445376045,363.0611306793832,359.9319317840344,362.4539794921875,3516600,0.0,0.0,0.0
2021-05-10 00:00:00-04:00,362.8089900605246,363.04251197463583,358.77372454321994,358.9045104980469,5942700,0.0,0.0,0.0
2021-05-11 00:00:00-04:00,354.719798666188,356.57862403889425,352.1043645485062,355.7566223144531,7081500,0.0,0.0,0.0
2021-05-12 00:00:00-04:00,353.12238552146084,354.2712947042258,347.6019259287385,348.1623840332031,7707400,0.0,0.0,0.0
2021-05-13 00:00:00-04:00,349.5449365819923,354.0659174526705,349.50759359983886,352.3005065917969,7179100,0.0,0.0,0.0
2021-05-14 00:00:00-04:00,354.77575298631535,358.4934313087522,354.77575298631535,357.70880126953125,5167900,0.0,0.0,0.0
2021-05-17 00:00:00-04:00,356.7281123692083,357.5220926720507,354.9533513138583,356.84954833984375,3781600,0.0,0.0,0.0
2021-05-18 00:00:00-04:00,357.0549146973564,357.26041506908035,353.58945836636667,353.7669372558594,3128300,0.0,0.0,0.0
2021-05-19 00:00:00-04:00,349.40483247676514,352.9356827383885,348.0597439479473,352.83294677734375,5086300,0.0,0.0,0.0
2021-05-20 00:00:00-04:00,353.6174575373786,357.74610769140287,353.5053716155258,356.5971984863281,4776700,0.0,0.0,0.0
2021-05-21 00:00:00-04:00,357.97038873872003,359.1099767112611,355.89671319872195,356.3263854980469,3567500,0.0,0.0,0.0
2021-05-24 00:00:00-04:00,358.40007060289014,360.9314399965494,358.16654870479374,359.9226379394531,2962500,0.0,0.0,0.0
2021-05-25 00:00:00-04:00,360.9313956167901,361.26768193186683,358.63354840376815,359.1659851074219,4031800,0.0,0.0,0.0
2021-05-26 00:00:00-04:00,359.7077077759121,360.32420887092564,358.75494890511925,359.8197937011719,2642700,0.0,0.0,0.0
2021-05-27 00:00:00-04:00,360.8193107263097,361.286354466429,359.9225947269852,359.9786376953125,3015900,0.0,0.0,0.0
2021-05-28 00:00:00-04:00,361.5199028289304,361.7440747186671,360.50175082159,360.6792297363281,3370100,0.0,0.0,0.0
2021-06-01 00:00:00-04:00,362.89307457471904,363.00516053870905,359.9787254865999,360.3990478515625,4389000,0.0,0.0,0.0
2021-06-02 00:00:00-04:00,360.9781125494735,361.7160211230495,360.062696570827,361.0061340332031,3209200,0.0,0.0,0.0
2021-06-03 00:00:00-04:00,358.8484265195888,360.660530140448,357.4753166812531,359.633056640625,3391000,0.0,0.0,0.0
2021-06-04 00:00:00-04:00,361.31442554987865,363.1732507687748,361.267732571892,362.8930358886719,2628100,0.0,0.0,0.0
2021-06-07 00:00:00-04:00,362.9116856705663,363.0704930971864,361.72540474096775,362.58477783203125,2500600,0.0,0.0,0.0
2021-06-08 00:00:00-04:00,363.3600758116895,363.43479027688835,360.9688138400485,362.6408386230469,2386600,0.0,0.0,0.0
2021-06-09 00:00:00-04:00,363.43471299121876,363.4814344648624,361.87480299687587,362.0709533691406,2968100,0.0,0.0,0.0
2021-06-10 00:00:00-04:00,363.22930720241993,364.63043866702935,362.0336761595303,363.7430725097656,2611800,0.0,0.0,0.0
2021-06-11 00:00:00-04:00,364.2941398879982,364.48096879806883,363.10785897670894,364.3782043457031,2241500,0.0,0.0,0.0
2021-06-14 00:00:00-04:00,364.49030998730825,365.29364013671875,363.36007198674133,365.29364013671875,2252200,0.0,0.0,0.0
2021-06-15 00:00:00-04:00,365.36835256725084,365.41507405007803,363.74304929398795,364.5276794433594,2405000,0.0,0.0,0.0
2021-06-16 00:00:00-04:00,364.6864855767175,364.83591450417833,360.5764774192765,362.5287170410156,4194300,0.0,0.0,0.0
2021-06-17 00:00:00-04:00,362.070982383808,363.2759632078807,360.0907214984094,362.3979187011719,4065300,0.0,0.0,0.0
2021-06-18 00:00:00-04:00,359.42755595549323,359.9786641886634,357.30715897540074,357.58740234375,5211100,0.0,0.0,0.0
2021-06-21 00:00:00-04:00,359.15671092703536,362.7809756658956,358.36273070231084,362.5941467285156,4389800,0.0,0.0,0.0
2021-06-22 00:00:00-04:00,362.6501961991695,365.3123518209663,361.9309589389616,364.51837158203125,2705400,0.0,0.0,0.0
2021-06-23 00:00:00-04:00,364.62107232977473,365.359009458749,364.01392113766974,364.1260070800781,2404200,0.0,0.0,0.0
2021-06-24 00:00:00-04:00,366.0596774843684,366.6481288465905,365.85417703044897,366.2091064453125,2987800,0.0,0.0,0.0
2021-06-25 00:00:00-04:00,367.0029573500999,367.9557448032406,366.6666995474058,367.56341552734375,2862800,0.0,0.0,0.0
2021-06-28 00:00:00-04:00,368.058543864283,368.45087320746575,366.93762731755413,368.3294372558594,2418500,0.0,0.0,0.0
2021-06-29 00:00:00-04:00,368.6695970143059,369.22257453751666,368.0228881848539,368.49151611328125,2927600,1.333,0.0,0.0
2021-06-30 00:00:00-04:00,368.0790947490606,369.4006288444183,368.0790947490606,368.8288879394531,3795900,0.0,0.0,0.0
2021-07-01 00:00:00-04:00,369.56007789841493,371.01284205089684,369.4757282796701,370.90972900390625,3414500,0.0,0.0,0.0
2021-07-02 00:00:00-04:00,371.9500542578559,374.01200032355644,371.65012546920667,373.7308349609375,4363100,0.0,0.0,0.0
2021-07-06 00:00:00-04:00,373.74953932258717,373.9557367726299,370.4972600803743,373.0278625488281,4331300,0.0,0.0,0.0
2021-07-07 00:00:00-04:00,373.65582767056753,374.58370187216764,371.7906689525607,374.3118896484375,4747800,0.0,0.0,0.0
2021-07-08 00:00:00-04:00,369.46632115659304,371.97816033463823,368.36033735489553,371.3314514160156,5817100,0.0,0.0,0.0
2021-07-09 00:00:00-04:00,372.68107345773785,375.51157601947864,372.4842577246834,375.2491455078125,3332200,0.0,0.0,0.0
2021-07-12 00:00:00-04:00,375.18356789661374,376.8050310845832,374.78055467855575,376.60821533203125,2929200,0.0,0.0,0.0
2021-07-13 00:00:00-04:00,375.91455962037026,377.245475498033,375.07103508515394,375.3334655761719,4313100,0.0,0.0,0.0
2021-07-14 00:00:00-04:00,376.8331674759895,377.3111772172997,374.73372306406,375.84906005859375,3332200,0.0,0.0,0.0
2021-07-15 00:00:00-04:00,374.65862739727817,375.2584848435076,372.8497305531795,374.639892578125,4483900,0.0,0.0,0.0
2021-07-16 00:00:00-04:00,375.68967008858584,375.7271683352173,371.2845843025741,371.7250671386719,4516600,0.0,0.0,0.0
2021-07-19 00:00:00-04:00,367.19810142926093,367.64799454119634,363.58966063058097,366.1671142578125,12336200,0.0,0.0,0.0
2021-07-20 00:00:00-04:00,366.7950930723065,372.55921099353736,365.5391736298442,371.3407897949219,4043100,0.0,0.0,0.0
2021-07-21 00:00:00-04:00,372.54048985065134,374.54620262701127,372.34364551531326,374.46185302734375,2996600,0.0,0.0,0.0
2021-07-22 00:00:00-04:00,374.63057084498945,375.427244129594,373.68396177760036,375.258544921875,2575700,0.0,0.0,0.0
2021-07-23 00:00:00-04:00,376.9362103529827,379.35431794141965,376.3832042125912,379.0075378417969,3151900,0.0,0.0,0.0
2021-07-26 00:00:00-04:00,378.5764287221053,379.98231262041514,378.48269740832836,379.9729309082031,2374300,0.0,0.0,0.0
2021-07-27 00:00:00-04:00,379.0732088994765,379.0732088994765,375.652201542721,378.285888671875,3626100,0.0,0.0,0.0
2021-07-28 00:00:00-04:00,378.81073987403056,379.36371743756587,376.8143801769058,378.0796813964844,3763700,0.0,0.0,0.0
2021-07-29 00:00:00-04:00,378.9888048615817,380.6477662104572,378.97945175190785,379.71051025390625,2274200,0.0,0.0,0.0
2021-07-30 00:00:00-04:00,377.3298448010949,379.14812351340345,377.21737867089513,377.8547058105469,5204500,0.0,0.0,0.0
2021-08-02 00:00:00-04:00,379.3824702071159,379.9260660842261,376.7206666859504,377.086181640625,5814700,0.0,0.0,0.0
2021-08-03 00:00:00-04:00,377.78906260301085,380.20719863144666,375.76461520620654,380.1322021484375,4129600,0.0,0.0,0.0
2021-08-04 00:00:00-04:00,378.9419713818615,379.45745074117,378.0328319170062,378.31402587890625,3880200,0.0,0.0,0.0
2021-08-05 00:00:00-04:00,379.3074567428088,380.70395881675313,379.00752800392263,380.67584228515625,3052800,0.0,0.0,0.0
2021-08-06 00:00:00-04:00,380.93827773221466,381.631837922472,380.6852289445535,381.3319091796875,2486900,0.0,0.0,0.0
2021-08-09 00:00:00-04:00,381.22886118837835,381.5100265348661,380.2353721604124,380.9664306640625,1984400,0.0,0.0,0.0
2021-08-10 00:00:00-04:00,381.3787821983444,382.0911057988072,380.7414550836034,381.44439697265625,2400700,0.0,0.0,0.0
2021-08-11 00:00:00-04:00,382.4004132844376,382.4660280631488,381.37880776951624,382.3629150390625,3554400,0.0,0.0,0.0
2021-08-12 00:00:00-04:00,382.23170322061543,383.64694016201906,381.43502999502647,383.4782409667969,2319300,0.0,0.0,0.0
2021-08-13 00:00:00-04:00,383.9375570969993,384.2374572753906,383.5063987480178,384.2374572753906,2253800,0.0,0.0,0.0
2021-08-16 00:00:00-04:00,383.0659449099058,385.22165117072655,381.603827635228,385.1560363769531,3379100,0.0,0.0,0.0
2021-08-17 00:00:00-04:00,382.7847270476521,383.3845560152317,379.8792277221213,382.61602783203125,5186300,0.0,0.0,0.0
2021-08-18 00:00:00-04:00,381.66936397101955,383.1033644111261,378.2202689860652,378.5014343261719,4878300,0.0,0.0,0.0
2021-08-19 00:00:00-04:00,375.9239784886369,380.10413193830277,375.77401410712133,379.0356750488281,5505700,0.0,0.0,0.0
2021-08-20 00:00:00-04:00,379.28866794421407,382.3253961674066,378.89503652819263,382.0348205566406,3263600,0.0,0.0,0.0
2021-08-23 00:00:00-04:00,383.57203098704497,386.22445297162653,383.5532961634126,385.4184265136719,3259400,0.0,0.0,0.0
2021-08-24 00:00:00-04:00,386.0557044238731,386.48683413460526,385.54022511339656,386.027587890625,3006500,0.0,0.0,0.0
2021-08-25 00:00:00-04:00,386.2056864403239,387.2835250677698,385.8401714914044,386.73992919921875,3261400,0.0,0.0,0.0
2021-08-26 00:00:00-04:00,386.5337636529367,386.7680776609752,384.4624358306561,384.4811706542969,4707600,0.0,0.0,0.0
2021-08-27 00:00:00-04:00,385.2965117353148,388.3332115978313,385.2308969598211,387.8927001953125,3882200,0.0,0.0,0.0
2021-08-30 00:00:00-04:00,388.6425357365135,390.42331622966975,388.3894869399868,389.67352294921875,2811800,0.0,0.0,0.0
2021-08-31 00:00:00-04:00,389.57976706061436,389.91716543469744,388.5675147328084,389.0080261230469,6062900,0.0,0.0,0.0
2021-09-01 00:00:00-04:00,389.94530168412786,390.45142787362397,389.1111588152793,389.4204406738281,3256400,0.0,0.0,0.0
2021-09-02 00:00:00-04:00,390.6482582958102,391.2481158174474,389.4298370338084,390.5826721191406,2835500,0.0,0.0,0.0
2021-09-03 00:00:00-04:00,389.50486681184543,390.8920160989528,389.1112352781594,390.4327697753906,3740000,0.0,0.0,0.0
2021-09-07 00:00:00-04:00,390.151507022164,390.17027044612735,388.417606472384,388.98931884765625,3542500,0.0,0.0,0.0
2021-09-08 00:00:00-04:00,388.52077062241494,389.20497787353366,386.7774880029097,388.614501953125,4012600,0.0,0.0,0.0
2021-09-09 00:00:00-04:00,388.3425923251929,389.96405527137165,386.68365973835205,386.87109375,3887800,0.0,0.0,0.0
2021-09-10 00:00:00-04:00,388.67071038725805,389.05498879685376,383.731381342386,383.8813171386719,4035500,0.0,0.0,0.0
2021-09-13 00:00:00-04:00,386.6367847106466,386.81486561578805,382.6909454708498,384.7810363769531,4738300,0.0,0.0,0.0
2021-09-14 00:00:00-04:00,386.1681786703277,386.31814305172884,381.9224104439666,382.7846984863281,3657700,0.0,0.0,0.0
2021-09-15 00:00:00-04:00,383.14085908845414,386.393138305039,382.1192535585411,385.9807434082031,3891400,0.0,0.0,0.0
2021-09-16 00:00:00-04:00,385.4652109534074,386.3274989381254,382.6159737055983,385.31524658203125,3351500,0.0,0.0,0.0
2021-09-17 00:00:00-04:00,384.60299229463584,385.00600549631844,381.2475999107193,381.53814697265625,5396100,0.0,0.0,0.0
2021-09-20 00:00:00-04:00,375.94271657919404,377.37674562688477,370.75033926262535,375.3053894042969,10942700,0.0,0.0,0.0
2021-09-21 00:00:00-04:00,377.3954556801136,378.5576438172139,374.37749060554535,374.9398498535156,6418100,0.0,0.0,0.0
2021-09-22 00:00:00-04:00,376.93624371035867,380.3853387939728,376.0833373505964,378.55767822265625,6004800,0.0,0.0,0.0
2021-09-23 00:00:00-04:00,380.25411750672475,384.57488246921685,380.0291852233092,383.1315002441406,4098000,0.0,0.0,0.0
2021-09-24 00:00:00-04:00,381.62253372434566,384.39680344371885,381.4163362626014,383.7688293457031,3417700,0.0,0.0,0.0
2021-09-27 00:00:00-04:00,382.79407432625476,383.8719129105862,382.01613589734393,382.68157958984375,3546600,0.0,0.0,0.0
2021-09-28 00:00:00-04:00,380.1041292413026,380.40405800220566,374.2743962391107,375.0335998535156,8234300,0.0,0.0,0.0
2021-09-29 00:00:00-04:00,376.22597037281616,377.815130079767,375.05994187101885,375.6241455078125,4724200,1.308,0.0,0.0
2021-09-30 00:00:00-04:00,376.9311658738884,377.56117070261615,370.80961034577456,370.86602783203125,9511200,0.0,0.0,0.0
2021-10-01 00:00:00-04:00,372.5868747313952,376.93119367306815,369.3333130688526,375.3044128417969,8482200,0.0,0.0,0.0
2021-10-04 00:00:00-04:00,374.3640398280704,375.13511703682195,368.57160567609026,370.6873474121094,8820400,0.0,0.0,0.0
2021-10-05 00:00:00-04:00,371.9568511736693,376.4610389238479,371.2328075627597,374.28887939453125,5523200,0.0,0.0,0.0
2021-10-06 00:00:00-04:00,371.10111183789513,376.1506777554739,369.605991052554,375.9532165527344,6590000,0.0,0.0,0.0
2021-10-07 00:00:00-04:00,379.0187358060241,381.82090021783495,378.81186210410755,379.18798828125,4409200,0.0,0.0,0.0
2021-10-08 00:00:00-04:00,379.93088666289833,380.2600078549432,377.9561882072193,378.4733581542969,3960900,0.0,0.0,0.0
2021-10-11 00:00:00-04:00,377.92792022399647,380.5890406981645,375.7181396484375,375.7181396484375,3695700,0.0,0.0,0.0
2021-10-12 00:00:00-04:00,376.64898954443674,376.9969355828524,374.12891323915113,374.9658203125,6201300,0.0,0.0,0.0
2021-10-13 00:00:00-04:00,375.79333800775254,376.95933753781145,373.0757716684984,376.1694641113281,6492400,0.0,0.0,0.0
2021-10-14 00:00:00-04:00,379.6111490364127,382.66722086465836,379.159780404854,382.4885559082031,3785200,0.0,0.0,0.0
2021-10-15 00:00:00-04:00,384.51967727781766,385.77971577551824,383.91785242701775,385.4693908691406,3501600,0.0,0.0,0.0
2021-10-18 00:00:00-04:00,383.8425808363959,386.90803603145537,383.2125473341769,386.6447448730469,3402700,0.0,0.0,0.0
2021-10-19 00:00:00-04:00,388.1116845757993,389.6538391113281,387.54750969361663,389.6538391113281,2838300,0.0,0.0,0.0
2021-10-20 00:00:00-04:00,389.992342964672,391.3840412955838,389.9077167325781,391.1677551269531,3208200,0.0,0.0,0.0
2021-10-21 00:00:00-04:00,390.5941805063592,392.34318008652036,390.1804331160139,392.1269226074219,2579500,0.0,0.0,0.0
2021-10-22 00:00:00-04:00,391.7225211141476,393.05780187140397,389.95472544052654,391.73193359375,3648900,0.0,0.0,0.0
2021-10-25 00:00:00-04:00,392.71930933173024,394.1298038804709,391.1113248846246,393.7630615234375,2511500,0.0,0.0,0.0
2021-10-26 00:00:00-04:00,395.19226355610823,396.37708789378877,393.8663955345558,394.13909912109375,3085300,0.0,0.0,0.0
2021-10-27 00:00:00-04:00,394.6188411372069,395.21125355344094,392.3808514299186,392.4278564453125,2873500,0.0,0.0,0.0
2021-10-28 00:00:00-04:00,393.79127155339154,396.2925520049223,393.763062810188,396.26434326171875,3643600,0.0,0.0,0.0
2021-10-29 00:00:00-04:00,394.1392028060672,397.3081094225293,393.8759116280504,396.9696044921875,4637400,0.0,0.0,0.0
2021-11-01 00:00:00-04:00,397.9381479760666,398.29547787142303,396.14211471549226,397.8064880371094,3937300,0.0,0.0,0.0
2021-11-02 00:00:00-04:00,397.9004865954673,399.6024809702498,397.7688553663807,399.3486022949219,2989200,0.0,0.0,0.0
2021-11-03 00:00:00-04:00,398.8314781138306,402.14142853770386,398.4083182432668,401.7558898925781,3562900,0.0,0.0,0.0
2021-11-04 00:00:00-04:00,402.32001892888206,403.74930956819134,402.02851905307944,403.636474609375,4287300,0.0,0.0,0.0
2021-11-05 00:00:00-04:00,405.79927292307906,406.9370925282563,403.68353108573956,405.0093994140625,4942900,0.0,0.0,0.0
2021-11-08 00:00:00-05:00,406.1096216911482,406.54216534607764,404.8119620297731,405.4984130859375,3511600,0.0,0.0,0.0
2021-11-09 00:00:00-05:00,405.8086331675712,405.98729808434234,402.78077075779345,404.07843017578125,4696000,0.0,0.0,0.0
2021-11-10 00:00:00-05:00,402.54577256243135,404.08792717785457,399.46149202817253,400.8249816894531,6350700,0.0,0.0,0.0
2021-11-11 00:00:00-05:00,402.1790192994791,402.29185427065937,400.9471897031196,400.9565734863281,3634600,0.0,0.0,0.0
2021-11-12 00:00:00-05:00,402.1413753997001,404.5016119679358,401.26687572578203,403.9374084472656,3655500,0.0,0.0,0.0
2021-11-15 00:00:00-05:00,405.2351297474787,405.2915472384929,403.0723540377793,404.1255187988281,3122300,0.0,0.0,0.0
2021-11-16 00:00:00-05:00,403.89042656060235,406.7772457993769,403.8434215514261,405.66766357421875,3267000,0.0,0.0,0.0
2021-11-17 00:00:00-05:00,405.5078101103678,405.6488825363655,404.19135414156324,404.6897277832031,3764900,0.0,0.0,0.0
2021-11-18 00:00:00-05:00,405.69583688431396,406.3822878771686,403.2133527703608,406.09075927734375,4732200,0.0,0.0,0.0
2021-11-19 00:00:00-05:00,406.1001787957973,407.15334345757674,404.6990967400285,405.3291015625,4886200,0.0,0.0,0.0
2021-11-22 00:00:00-05:00,407.0968957188641,409.428923508491,404.0784456720802,404.2571105957031,4868300,0.0,0.0,0.0
2021-11-23 00:00:00-05:00,403.9374613977558,405.55482973084673,401.5584282557206,404.78375244140625,6795200,0.0,0.0,0.0
2021-11-24 00:00:00-05:00,402.98773692335305,405.9873912820558,402.18845085377546,405.780517578125,4569600,0.0,0.0,0.0
2021-11-26 00:00:00-05:00,399.8187691214563,401.06939493866275,395.78474685822687,396.9507751464844,7702500,0.0,0.0,0.0
2021-11-29 00:00:00-05:00,401.2480558780125,403.3826225438017,399.2169403956791,401.7464294433594,6300800,0.0,0.0,0.0
2021-11-30 00:00:00-05:00,399.4520178390987,401.17283714282803,393.65020005586507,394.0545349121094,8657600,0.0,0.0,0.0
2021-12-01 00:00:00-05:00,399.14173867694143,401.7276452856652,389.26827707999627,389.52215576171875,8337000,0.0,0.0,0.0
2021-12-02 00:00:00-05:00,389.6915381382409,396.87564380601776,389.3247956950153,395.46514892578125,10417700,0.0,0.0,0.0
2021-12-03 00:00:00-05:00,396.93204264797635,397.9382025024332,388.1399525684501,391.96710205078125,10228900,0.0,0.0,0.0
2021-12-06 00:00:00-05:00,394.38367385765883,398.38007499082164,392.11747588914585,396.6498718261719,7289500,0.0,0.0,0.0
2021-12-07 00:00:00-05:00,401.50198303997786,405.3761367874674,401.46436181717735,404.8025207519531,4731900,0.0,0.0,0.0
2021-12-08 00:00:00-05:00,405.23515179728236,406.35414659093084,403.62716712612024,405.9403991699219,4476500,0.0,0.0,0.0
2021-12-09 00:00:00-05:00,404.7742939227051,405.5829923455644,403.03467832736965,403.1757507324219,5035400,0.0,0.0,0.0
2021-12-10 00:00:00-05:00,405.69589057368466,407.1251815366792,403.3544785582522,407.0217590332031,6238300,0.0,0.0,0.0
2021-12-13 00:00:00-05:00,406.56093972618675,406.84305585719693,403.1663632467385,403.4108581542969,5923900,0.0,0.0,0.0
2021-12-14 00:00:00-05:00,400.3923964348644,402.68680332267434,397.94756203991415,400.66510009765625,6522900,0.0,0.0,0.0
2021-12-15 00:00:00-05:00,400.68387042400053,407.1439594993102,398.3894923813017,406.92767333984375,6871300,0.0,0.0,0.0
2021-12-16 00:00:00-05:00,408.6296016311666,408.8552715373222,401.84983369899413,403.25091552734375,7159500,0.0,0.0,0.0
2021-12-17 00:00:00-05:00,400.43946286887785,403.20403485806725,397.449220903947,399.06658935546875,8882700,0.0,0.0,0.0
2021-12-20 00:00:00-05:00,394.36494777991663,395.1454089253827,391.4593033035764,394.7504577636719,9903400,0.0,0.0,0.0
2021-12-21 00:00:00-05:00,397.9432395022141,401.9071111678335,395.9329915347256,401.756103515625,6916700,1.533,0.0,0.0
2021-12-22 00:00:00-05:00,401.5296077169064,405.90871443783897,401.406912198986,405.8143310546875,4992200,0.0,0.0,0.0
2021-12-23 00:00:00-05:00,406.6826253790957,409.693273906193,406.6448662647838,408.31536865234375,5032700,0.0,0.0,0.0
2021-12-27 00:00:00-05:00,409.5799712266287,414.1478441945675,409.5516590950784,414.1383972167969,4986300,0.0,0.0,0.0
2021-12-28 00:00:00-05:00,414.582035857243,415.4408757131965,413.05312291873287,413.8270263671875,4865800,0.0,0.0,0.0
2021-12-29 00:00:00-05:00,413.8458438995432,415.2143308447735,412.93982685538543,414.3271789550781,4596700,0.0,0.0,0.0
2021-12-30 00:00:00-05:00,414.6858937460495,415.60132913266085,412.7322698386165,413.1569519042969,3751800,0.0,0.0,0.0
2021-12-31 00:00:00-05:00,412.64727929464306,413.7326161669205,411.8545107409335,412.0243835449219,5185600,0.0,0.0,0.0
2022-01-03 00:00:00-05:00,413.3078889698681,414.5725455745847,411.146662289581,414.5536804199219,6017300,0.0,0.0,0.0
2022-01-04 00:00:00-05:00,415.8089020449578,416.4506917449297,412.6378278643307,414.3838195800781,6262200,0.0,0.0,0.0
2022-01-05 00:00:00-05:00,414.1100821940949,414.70466575426167,406.32392925274416,406.4466247558594,7539600,0.0,0.0,0.0
2022-01-06 00:00:00-05:00,406.0125388137799,408.4946460633029,403.84183624035944,405.8992614746094,7971500,0.0,0.0,0.0
2022-01-07 00:00:00-05:00,406.02192420968106,407.10726100788213,403.1811776198827,404.4930114746094,6157500,0.0,0.0,0.0
2022-01-10 00:00:00-05:00,401.4635373250755,404.1155462272303,396.1689376978658,403.96453857421875,10481500,0.0,0.0,0.0
2022-01-11 00:00:00-05:00,403.63417416047304,407.66411672655363,400.8972291045343,407.503662109375,7282400,0.0,0.0,0.0
2022-01-12 00:00:00-05:00,409.1835409002846,410.5803398193897,406.89961899403886,408.7210998535156,8270300,0.0,0.0,0.0
2022-01-13 00:00:00-05:00,409.68377794247107,410.2783615142886,402.13356888170154,403.0867919921875,7521300,0.0,0.0,0.0
2022-01-14 00:00:00-05:00,400.11385792406446,403.5397407065141,399.03793942909454,403.2094421386719,9960800,0.0,0.0,0.0
2022-01-18 00:00:00-05:00,398.85867441984357,401.0860011248051,393.8660904903678,396.1405944824219,10681500,0.0,0.0,0.0
2022-01-19 00:00:00-05:00,397.4901624574872,398.7831310077999,391.73312292529334,391.9784851074219,8184100,0.0,0.0,0.0
2022-01-20 00:00:00-05:00,393.71507435132725,398.0375560633068,387.2218904052495,387.66546630859375,8907600,0.0,0.0,0.0
2022-01-21 00:00:00-05:00,386.6745541895005,388.7697385887554,380.02094323604024,380.04925537109375,16225900,0.0,0.0,0.0
2022-01-24 00:00:00-05:00,374.92453087463383,382.1161006887313,365.09037050091393,381.634765625,22970700,0.0,0.0,0.0
2022-01-25 00:00:00-05:00,375.7833734423389,381.5309669097696,370.64922873021527,377.0008239746094,16836300,0.0,0.0,0.0
2022-01-26 00:00:00-05:00,382.85224479377825,385.2494443314204,372.1686916309453,376.15142822265625,14377300,0.0,0.0,0.0
2022-01-27 00:00:00-05:00,380.27577163712226,383.14485960827716,372.6217597899258,374.24505615234375,12455200,0.0,0.0,0.0
2022-01-28 00:00:00-05:00,375.45298507822446,383.48449946364593,371.1870990132317,383.41845703125,12096800,0.0,0.0,0.0
2022-01-31 00:00:00-05:00,382.861681303178,390.6950117836867,381.6158898797187,390.4307556152344,9200400,0.0,0.0,0.0
2022-02-01 00:00:00-05:00,391.0442756930981,393.59248326946744,387.79768285877947,392.9790344238281,8154900,0.0,0.0,0.0
2022-02-02 00:00:00-05:00,395.42335159925193,397.4996419001965,393.12053543143554,396.7257385253906,6726500,0.0,0.0,0.0
2022-02-03 00:00:00-05:00,391.2801707122811,393.01671546145315,386.7500564798118,387.50506591796875,7658300,0.0,0.0,0.0
2022-02-04 00:00:00-05:00,387.26908257662546,392.8373558229354,385.117274214257,389.3265075683594,8210000,0.0,0.0,0.0
2022-02-07 00:00:00-05:00,389.99665345140033,391.3084874057925,386.8538625445269,388.04302978515625,5620900,0.0,0.0,0.0
2022-02-08 00:00:00-05:00,387.62770460210515,392.10119391094423,386.3347360078971,391.18572998046875,5565700,0.0,0.0,0.0
2022-02-09 00:00:00-05:00,395.0174735303484,397.2070409858804,394.8287355921713,396.9239196777344,6284500,0.0,0.0,0.0
2022-02-10 00:00:00-05:00,391.60097938266057,397.1409400445504,388.02408898296784,389.9493713378906,9260500,0.0,0.0,0.0
2022-02-11 00:00:00-05:00,389.92109274659714,391.8558510465071,380.8797303166331,382.1726989746094,10458600,0.0,0.0,0.0
2022-02-14 00:00:00-05:00,381.6914279059844,383.16371657510604,377.73700305186134,380.9269714355469,10167600,0.0,0.0,0.0
2022-02-15 00:00:00-05:00,385.2305092945248,387.22189177890397,384.5509893721349,387.0425720214844,6815000,0.0,0.0,0.0
2022-02-16 00:00:00-05:00,385.2494557802843,388.7319922571786,383.47515191867524,387.50506591796875,7743800,0.0,0.0,0.0
2022-02-17 00:00:00-05:00,384.5793644090963,385.041834344186,378.67134483039865,379.2658996582031,7541000,0.0,0.0,0.0
2022-02-18 00:00:00-05:00,379.5396405463577,380.6344245315162,374.67919826871656,376.8404541015625,10570800,0.0,0.0,0.0
2022-02-22 00:00:00-05:00,374.7263140044446,377.8596577780778,369.4978147986101,372.7160949707031,10414700,0.0,0.0,0.0
2022-02-23 00:00:00-05:00,375.37751917672136,375.92492547634276,365.60001202265045,366.0058288574219,12154900,0.0,0.0,0.0
2022-02-24 00:00:00-05:00,356.5209294730469,372.0083013679735,356.2755384286899,371.6307678222656,21277200,0.0,0.0,0.0
2022-02-25 00:00:00-05:00,372.7444196638333,379.8887835692605,371.2815492808081,379.7472229003906,11665200,0.0,0.0,0.0
2022-02-28 00:00:00-05:00,374.8490588965428,380.2002831185845,373.73540978989587,378.7940368652344,11855900,0.0,0.0,0.0
2022-03-01 00:00:00-05:00,377.5199354182763,379.3225514567867,370.70586994987275,373.11248779296875,9124400,0.0,0.0,0.0
2022-03-02 00:00:00-05:00,375.35863193615006,381.3799280671172,374.4714800973189,379.9642639160156,8185200,0.0,0.0,0.0
2022-03-03 00:00:00-05:00,382.24816829077344,382.73895027360794,376.4533982769009,378.05780029296875,8745300,0.0,0.0,0.0
2022-03-04 00:00:00-05:00,374.6130483346553,376.02871251441144,371.25320765217486,375.0,6317700,0.0,0.0,0.0
2022-03-07 00:00:00-05:00,374.42428789238613,374.6790970607965,363.88229659450076,363.9294738769531,8411500,0.0,0.0,0.0
2022-03-08 00:00:00-05:00,364.07111939769715,370.65865889972025,360.18276602706436,361.18316650390625,9356100,0.0,0.0,0.0
2022-03-09 00:00:00-05:00,368.90321395615246,372.6500063001771,366.86465408316,370.80963134765625,5812600,0.0,0.0,0.0
2022-03-10 00:00:00-05:00,366.60042512962025,369.9697130365007,364.7978091525645,369.1580505371094,6394800,0.0,0.0,0.0
2022-03-11 00:00:00-05:00,371.4891394383052,372.0270987213048,363.99555498963434,364.4485778808594,5872800,0.0,0.0,0.0
2022-03-14 00:00:00-04:00,365.30743524240665,368.3275015913284,360.758427362328,361.7871398925781,6455000,0.0,0.0,0.0
2022-03-15 00:00:00-04:00,364.1654188306699,370.3094102340039,363.0045927031621,369.7242736816406,5739400,0.0,0.0,0.0
2022-03-16 00:00:00-04:00,373.26343296114754,378.0294905591637,368.59172992803485,377.99176025390625,7407300,0.0,0.0,0.0
2022-03-17 00:00:00-04:00,376.2269781632951,382.75789368497385,375.90606889270873,382.6163330078125,5177500,0.0,0.0,0.0
2022-03-18 00:00:00-04:00,381.26670086326806,387.2124791096708,380.5682869244728,386.84442138671875,5875000,0.0,0.0,0.0
2022-03-21 00:00:00-04:00,386.7972405201011,388.5998565470594,383.5789601705671,386.8633117675781,4159500,0.0,0.0,0.0
2022-03-22 00:00:00-04:00,388.08077786683947,392.1578690869723,388.08077786683947,391.3556823730469,4231700,0.0,0.0,0.0
2022-03-23 00:00:00-04:00,388.9867594158547,390.36466445234447,386.2781266269989,386.31585693359375,3742600,0.0,0.0,0.0
2022-03-24 00:00:00-04:00,388.14729816069223,392.13396958514676,387.12457084260967,392.0581970214844,2977300,1.374,0.0,0.0
2022-03-25 00:00:00-04:00,392.78740725721076,394.27410439704204,390.34424757997067,394.0468444824219,3638000,0.0,0.0,0.0
2022-03-28 00:00:00-04:00,393.45975461969965,396.82143290110616,391.74576859017725,396.7646179199219,3395300,0.0,0.0,0.0
2022-03-29 00:00:00-04:00,400.5240420826395,402.19069197784097,397.95780235896433,401.78350830078125,5510600,0.0,0.0,0.0
2022-03-30 00:00:00-04:00,400.8080900085609,401.5183060945854,397.33275324549055,399.2834777832031,4794300,0.0,0.0,0.0
2022-03-31 00:00:00-04:00,398.6395118507747,399.30239168470905,393.03352744300497,393.1471862792969,5876600,0.0,0.0,0.0
2022-04-01 00:00:00-04:00,394.5770958912039,394.7096834268039,390.96920062757835,394.2362060546875,4663100,0.0,0.0,0.0
2022-04-04 00:00:00-04:00,394.35933894438995,397.68313064902355,393.66805153521256,397.5789794921875,5117200,0.0,0.0,0.0
2022-04-05 00:00:00-04:00,396.3573940189682,398.4975210888876,391.5658051003788,392.6642761230469,4112000,0.0,0.0,0.0
2022-04-06 00:00:00-04:00,388.9711765431346,390.77038494650867,386.01668208727534,388.68707275390625,5540700,0.0,0.0,0.0
2022-04-07 00:00:00-04:00,387.8726767939276,392.3233468417936,386.11132590698344,390.6472473144531,4954100,0.0,0.0,0.0
2022-04-08 00:00:00-04:00,390.003380403364,392.24765888714353,388.2325793684416,389.7003479003906,4752800,0.0,0.0,0.0
2022-04-11 00:00:00-04:00,386.8310373207196,387.3613296989029,382.50344693200276,382.9485168457031,3342800,0.0,0.0,0.0
2022-04-12 00:00:00-04:00,385.7230726811188,387.97682965128394,380.07923035919316,381.5470275878906,6615800,0.0,0.0,0.0
2022-04-13 00:00:00-04:00,381.21557937565024,386.5469392242258,381.13035691628545,385.85565185546875,4358700,0.0,0.0,0.0
2022-04-14 00:00:00-04:00,386.0924200273871,387.0961898238045,380.99779847645704,381.1682434082031,3735700,0.0,0.0,0.0
2022-04-18 00:00:00-04:00,380.24965607034056,382.7780378869592,379.19855020306215,381.2344970703125,4305900,0.0,0.0,0.0
2022-04-19 00:00:00-04:00,381.22512444166586,388.03373308314127,381.0167931893997,387.3235168457031,3841500,0.0,0.0,0.0
2022-04-20 00:00:00-04:00,389.0279663049351,389.5677374605904,386.0450645533776,387.0298767089844,5067100,0.0,0.0,0.0
2022-04-21 00:00:00-04:00,390.5052320921247,391.7362617948244,380.48643394408606,381.2913513183594,4670200,0.0,0.0,0.0
2022-04-22 00:00:00-04:00,380.36330303801157,380.5716342257568,370.35398502926466,370.88427734375,6326400,0.0,0.0,0.0
2022-04-25 00:00:00-04:00,368.76315927624756,373.1570146203178,364.5776062500746,372.9107971191406,8141200,0.0,0.0,0.0
2022-04-26 00:00:00-04:00,370.6381450372616,370.8180687815987,362.1534371572248,362.2481384277344,8493000,0.0,0.0,0.0
2022-04-27 00:00:00-04:00,363.15716990420776,368.12868266039317,361.26326028280386,363.1855773925781,6415700,0.0,0.0,0.0
2022-04-28 00:00:00-04:00,367.63624591830217,373.9524177958942,363.50750826043077,372.2857971191406,7030200,0.0,0.0,0.0
2022-04-29 00:00:00-04:00,368.7631422619678,370.6854593048241,357.9489059847491,358.6117858886719,8221900,0.0,0.0,0.0
2022-05-02 00:00:00-04:00,358.6970337632433,361.9924181280255,352.579684658555,360.86553955078125,10737000,0.0,0.0,0.0
2022-05-03 00:00:00-04:00,361.376874212573,364.6344009288481,359.84281211105997,362.4280090332031,5607700,0.0,0.0,0.0
2022-05-04 00:00:00-04:00,363.0151257292215,373.98084951830253,360.1079675785836,373.4221496582031,7367500,0.0,0.0,0.0
2022-05-05 00:00:00-04:00,369.52073566480453,369.6059581364371,356.38647605910177,360.3068542480469,10477300,0.0,0.0,0.0
2022-05-06 00:00:00-04:00,357.95841766674477,361.054949670877,353.1668283630783,358.04364013671875,7959600,0.0,0.0,0.0
2022-05-09 00:00:00-04:00,352.6081041047623,353.7444615165942,345.1650526434487,346.49078369140625,10793200,0.0,0.0,0.0
2022-05-10 00:00:00-04:00,352.17241691616175,353.42240394855344,343.65930414161903,347.3808288574219,7870800,0.0,0.0,0.0
2022-05-11 00:00:00-04:00,346.5570536539988,351.66112506258935,341.1593996668642,341.7843933105469,8026900,0.0,0.0,0.0
2022-05-12 00:00:00-04:00,338.8582552489513,344.4547608099627,335.2408814780755,341.5191955566406,7679200,0.0,0.0,0.0
2022-05-13 00:00:00-04:00,345.3828172072659,350.9224793891656,344.35063999511874,349.57781982421875,5377400,0.0,0.0,0.0
2022-05-16 00:00:00-04:00,348.204711087139,351.651640130314,346.0646130767067,348.32781982421875,4719800,0.0,0.0,0.0
2022-05-17 00:00:00-04:00,353.83919712546725,355.63840578651315,350.44908215369935,355.2975158691406,4513300,0.0,0.0,0.0
2022-05-18 00:00:00-04:00,351.30135292632326,351.47179787927547,339.956822377683,341.2257385253906,6883600,0.0,0.0,0.0
2022-05-19 00:00:00-04:00,338.22381554016295,343.01540390579083,336.97382842771304,338.9434814453125,6359500,0.0,0.0,0.0
2022-05-20 00:00:00-04:00,342.23896901295836,342.7503327433465,331.2069503644992,339.0287780761719,8755900,0.0,0.0,0.0
2022-05-23 00:00:00-04:00,341.935914538983,346.1782825616112,339.81474497705284,345.4585876464844,5254900,0.0,0.0,0.0
2022-05-24 00:00:00-04:00,341.70864145911537,343.9434408901967,336.83183007453806,342.96807861328125,5567300,0.0,0.0,0.0
2022-05-25 00:00:00-04:00,341.4151285817686,347.68396541146444,341.15943226292353,345.82794189453125,5704600,0.0,0.0,0.0
2022-05-26 00:00:00-04:00,347.0115803814971,354.28418594013874,346.841106563099,352.7027587890625,4248300,0.0,0.0,0.0
2022-05-27 00:00:00-04:00,355.0512067075836,361.60411721766127,354.9186191747496,361.54730224609375,3911800,0.0,0.0,0.0
2022-05-31 00:00:00-04:00,360.0606068442643,362.5416236092915,356.92618900462895,359.5397644042969,5016500,0.0,0.0,0.0
2022-06-01 00:00:00-04:00,361.36742886253796,362.34282010740253,354.2558175424685,356.52850341796875,4245800,0.0,0.0,0.0
2022-06-02 00:00:00-04:00,356.4432210579088,363.38438627325974,354.3504592686508,363.2991638183594,3273700,0.0,0.0,0.0
2022-06-03 00:00:00-04:00,359.0000078969462,360.4109901511375,356.509541134346,357.4186096191406,2749500,0.0,0.0,0.0
2022-06-06 00:00:00-04:00,361.1021972758322,362.6457379505239,357.39015129994385,358.3939208984375,2659500,0.0,0.0,0.0
2022-06-07 00:00:00-04:00,355.25957307235495,362.314369128855,354.83343184464763,361.8977355957031,2649900,0.0,0.0,0.0
2022-06-08 00:00:00-04:00,360.3163190369495,361.9545613246952,357.2481945823748,357.939453125,3436400,0.0,0.0,0.0
2022-06-09 00:00:00-04:00,356.28223782835903,358.3655497907119,349.4452235321563,349.52099609375,3022000,0.0,0.0,0.0
2022-06-10 00:00:00-04:00,343.6782850739239,344.39797994114525,339.22761502871475,339.2654724121094,7629700,0.0,0.0,0.0
2022-06-13 00:00:00-04:00,330.59141438069554,332.2296567766798,324.8623487412543,326.1880798339844,10399700,0.0,0.0,0.0
2022-06-14 00:00:00-04:00,327.9967114752411,328.89633004544135,322.5043854957732,325.3736572265625,7584200,0.0,0.0,0.0
2022-06-15 00:00:00-04:00,328.4228480984994,334.1235051991249,323.83011185441455,330.03265380859375,7887600,0.0,0.0,0.0
2022-06-16 00:00:00-04:00,322.4191828337086,322.7600726925483,316.8226764609511,319.1900634765625,8821900,0.0,0.0,0.0
2022-06-17 00:00:00-04:00,319.41731153990906,322.7884682132511,316.51015345681833,320.02337646484375,7084000,0.0,0.0,0.0
2022-06-21 00:00:00-04:00,324.9853853664177,329.06675780600983,324.90961280721206,327.8641357421875,5628300,0.0,0.0,0.0
2022-06-22 00:00:00-04:00,323.9343141771788,330.97021093214124,323.50820181841186,327.17291259765625,4876100,0.0,0.0,0.0
2022-06-23 00:00:00-04:00,329.18985851389516,331.0648102764388,325.8849959435423,330.61029052734375,6708800,0.0,0.0,0.0
2022-06-24 00:00:00-04:00,333.35648637168475,340.922645732851,333.2996713974125,340.9037170410156,5458600,0.0,0.0,0.0
2022-06-27 00:00:00-04:00,341.850654551646,341.99269198015554,338.60260679174803,339.62530517578125,4608600,0.0,0.0,0.0
2022-06-28 00:00:00-04:00,340.9794136010294,343.59301765154794,332.286376953125,332.286376953125,8797800,0.0,0.0,0.0
2022-06-29 00:00:00-04:00,333.20118166162723,334.0854514586867,330.70999800942695,332.4500427246094,3775900,1.432,0.0,0.0
2022-06-30 00:00:00-04:00,328.87484849529807,332.640147360356,325.61349107173226,329.82568359375,7159600,0.0,0.0,0.0
2022-07-01 00:00:00-04:00,329.1410896758452,333.58147345084876,326.6974364454912,333.2106628417969,7481500,0.0,0.0,0.0
2022-07-05 00:00:00-04:00,328.4944937275841,333.83818190653653,325.92722756224254,333.8001403808594,6180600,0.0,0.0,0.0
2022-07-06 00:00:00-04:00,333.96182554186004,337.24218925525753,331.7748873824103,335.0077209472656,5450900,0.0,0.0,0.0
2022-07-07 00:00:00-04:00,336.6051179827093,340.6841793657287,336.5956003469187,339.92352294921875,3737500,0.0,0.0,0.0
2022-07-08 00:00:00-04:00,338.41178068743363,341.3973883132963,337.04257559239176,339.72393798828125,4791300,0.0,0.0,0.0
2022-07-11 00:00:00-04:00,337.39433168828674,338.08845177452065,335.17889861843724,335.88250732421875,3491700,0.0,0.0,0.0
2022-07-12 00:00:00-04:00,335.264439897185,337.45134887572215,331.2519148797886,332.7827453613281,4080300,0.0,0.0,0.0
2022-07-13 00:00:00-04:00,327.7908916471283,333.7431288140404,327.43908729369224,331.23291015625,5603500,0.0,0.0,0.0
2022-07-14 00:00:00-04:00,326.52625978492017,330.84305892809107,324.28227403445914,330.3581237792969,4624800,0.0,0.0,0.0
2022-07-15 00:00:00-04:00,334.4372302536032,336.7001933500747,332.6020965119521,336.6051330566406,4520500,0.0,0.0,0.0
2022-07-18 00:00:00-04:00,339.41961617135877,340.0376531999718,332.7162401383045,333.8191833496094,3544900,0.0,0.0,0.0
2022-07-19 00:00:00-04:00,337.49888431993674,343.33699594873275,336.8332882338445,342.8805847167969,3620200,0.0,0.0,0.0
2022-07-20 00:00:00-04:00,342.9662626496834,346.33219831037655,341.7777186690804,345.0771179199219,4270600,0.0,0.0,0.0
2022-07-21 00:00:00-04:00,344.5446374688327,348.5952048042048,342.3101979085929,348.5666809082031,4604000,0.0,0.0,0.0
2022-07-22 00:00:00-04:00,348.66171357997086,349.75516810527887,343.2609773551647,345.3908386230469,4533900,0.0,0.0,0.0
2022-07-25 00:00:00-04:00,345.95179575337477,346.522302544996,343.67931523937153,345.73309326171875,3902200,0.0,0.0,0.0
2022-07-26 00:00:00-04:00,344.31647814881825,344.4020498447384,340.8269288073564,341.58758544921875,2987200,0.0,0.0,0.0
2022-07-27 00:00:00-04:00,344.6681560738148,352.1226986934857,344.4114410802717,350.5348205566406,4500300,0.0,0.0,0.0
2022-07-28 00:00:00-04:00,351.2575082661937,355.526748492873,347.98663326733725,354.96575927734375,4345300,0.0,0.0,0.0
2022-07-29 00:00:00-04:00,356.30639099173067,360.9940003275823,355.5457056219948,360.1667785644531,5246400,0.0,0.0,0.0
2022-08-01 00:00:00-04:00,357.6280787409887,361.3268410590132,356.98151786319806,359.0828552246094,4421400,0.0,0.0,0.0
2022-08-02 00:00:00-04:00,357.6185631397203,360.9655211467318,355.5647849300149,356.7628173828125,4132600,0.0,0.0,0.0
2022-08-03 00:00:00-04:00,358.6455023941711,363.3141063305334,358.3792697203974,362.3347473144531,3854800,0.0,0.0,0.0
2022-08-04 00:00:00-04:00,362.1540759436181,362.7721129524727,360.5471623102856,362.0494689941406,3410600,0.0,0.0,0.0
2022-08-05 00:00:00-04:00,358.1320123900125,361.9829117163807,358.02743446374996,361.2983093261719,2852100,0.0,0.0,0.0
2022-08-08 00:00:00-04:00,363.00977787385636,365.03506102607037,359.95760570975483,360.9750061035156,3450800,0.0,0.0,0.0
2022-08-09 00:00:00-04:00,360.38547752998284,360.7563171146881,358.5598905478115,359.54876708984375,2360500,0.0,0.0,0.0
2022-08-10 00:00:00-04:00,366.06197575546537,367.24103094638446,364.2649126041152,367.0793762207031,3651000,0.0,0.0,0.0
2022-08-11 00:00:00-04:00,369.7512203835621,371.4437056079054,366.451821607113,367.0793762207031,3575400,0.0,0.0,0.0
2022-08-12 00:00:00-04:00,368.87646782114075,373.4119405458328,368.05873459238285,373.3644104003906,3664400,0.0,0.0,0.0
2022-08-15 00:00:00-04:00,371.2915839835624,375.35166837765144,371.2630600916285,374.9618225097656,3203900,0.0,0.0,0.0
2022-08-16 00:00:00-04:00,373.90639926826,377.3769707253743,373.14574276699915,375.617919921875,3864800,0.0,0.0,0.0
2022-08-17 00:00:00-04:00,372.30900892355237,375.437264691116,371.10145872952825,373.0506591796875,3222300,0.0,0.0,0.0
2022-08-18 00:00:00-04:00,373.1266916407414,374.64800446032,371.9381478647069,374.20111083984375,3258100,0.0,0.0,0.0
2022-08-19 00:00:00-04:00,371.4912872765669,371.7289960529104,368.21089455615214,369.0381164550781,2899000,0.0,0.0,0.0
2022-08-22 00:00:00-04:00,364.5786895841301,364.68329653238897,360.45206879834814,361.2602844238281,4153700,0.0,0.0,0.0
2022-08-23 00:00:00-04:00,360.8989342573123,363.095360810152,359.91005772159974,360.4045104980469,2869200,0.0,0.0,0.0
2022-08-24 00:00:00-04:00,360.27146130871284,362.8196927501315,359.58685878534186,361.498046875,2241200,0.0,0.0,0.0
2022-08-25 00:00:00-04:00,362.9908085805082,366.765625,361.9829257194313,366.765625,2631300,0.0,0.0,0.0
2022-08-26 00:00:00-04:00,366.59439261507475,367.0698100761329,354.1955261230469,354.1955261230469,5153200,0.0,0.0,0.0
2022-08-29 00:00:00-04:00,351.5903041830028,354.7090423250812,350.6489866667529,351.8565368652344,4953200,0.0,0.0,0.0
2022-08-30 00:00:00-04:00,353.0451013076641,353.1877498026887,346.12302215050124,348.0342102050781,5044500,0.0,0.0,0.0
2022-08-31 00:00:00-04:00,349.53655476478843,350.6585624848859,345.2577958650885,345.29583740234375,4062500,0.0,0.0,0.0
2022-09-01 00:00:00-04:00,343.3465562748143,346.76956839699096,340.8838968775608,346.3606872558594,6126800,0.0,0.0,0.0
2022-09-02 00:00:00-04:00,349.8597475606168,350.98172588912934,341.14057790028403,342.7284851074219,4544200,0.0,0.0,0.0
2022-09-06 00:00:00-04:00,343.5937687632105,344.46854985066403,339.4481415232761,341.5780029296875,5680300,0.0,0.0,0.0
2022-09-07 00:00:00-04:00,341.2166829077136,348.3669816999865,341.0550571842502,347.7013854980469,4137000,0.0,0.0,0.0
2022-09-08 00:00:00-04:00,345.5144580798759,350.36372282031897,344.45901604582707,349.973876953125,3692000,0.0,0.0,0.0
2022-09-09 00:00:00-04:00,352.03719316015275,356.19233808170594,351.7899957552901,355.3746337890625,2621600,0.0,0.0,0.0
2022-09-12 00:00:00-04:00,357.3428187020119,359.900567187973,357.0480621717055,359.2825012207031,2961400,0.0,0.0,0.0
2022-09-13 00:00:00-04:00,351.18143223747137,352.3129283274773,342.566868555654,343.61279296875,5549200,0.0,0.0,0.0
2022-09-14 00:00:00-04:00,344.7538053672639,346.2656588323192,341.85376968716406,344.8964538574219,3555500,0.0,0.0,0.0
2022-09-15 00:00:00-04:00,343.4035830303493,346.0754271441577,339.82843403086946,341.0455017089844,3807500,0.0,0.0,0.0
2022-09-16 00:00:00-04:00,337.12806182505767,338.9536778280677,335.35000498328,338.3641357421875,4452300,0.0,0.0,0.0
2022-09-19 00:00:00-04:00,335.4546174882529,340.9599609375,335.40708733930273,340.9599609375,3412600,0.0,0.0,0.0
2022-09-20 00:00:00-04:00,337.9077395558063,338.85857453502024,334.53225796928825,337.1185302734375,3624000,0.0,0.0,0.0
2022-09-21 00:00:00-04:00,338.8586410394414,341.6350634740258,331.1853942871094,331.1853942871094,5102400,0.0,0.0,0.0
2022-09-22 00:00:00-04:00,330.4627674181811,331.40411401286644,327.72438637298967,328.38995361328125,5555600,0.0,0.0,0.0
2022-09-23 00:00:00-04:00,325.2616574855327,325.2616574855327,318.82451431965916,322.93212890625,10491500,0.0,0.0,0.0
2022-09-26 00:00:00-04:00,321.60098642255406,324.86234405529814,318.5963438366709,319.80389404296875,5405700,0.0,0.0,0.0
2022-09-27 00:00:00-04:00,323.0842420471008,325.03344224616893,316.70411812162513,318.90057373046875,5795700,0.0,0.0,0.0
2022-09-28 00:00:00-04:00,319.74002619683927,326.71167533350234,318.1929016445869,325.16455078125,8683900,1.469,0.0,0.0
2022-09-29 00:00:00-04:00,321.98434942701607,322.12759631431214,315.66213421240724,318.3839416503906,7230100,0.0,0.0,0.0
2022-09-30 00:00:00-04:00,317.61038625028146,321.0675472151101,313.36054391703766,313.5324401855469,7736600,0.0,0.0,0.0
2022-10-03 00:00:00-04:00,316.8655050818562,323.4264756254366,315.2515219497715,321.8220520019531,5739000,0.0,0.0,0.0
2022-10-04 00:00:00-04:00,326.7498776883338,331.70639437364247,326.74031818183465,331.591796875,5110000,0.0,0.0,0.0
2022-10-05 00:00:00-04:00,327.68579509445317,332.95751348678056,325.5274449326763,331.018798828125,4755800,0.0,0.0,0.0
2022-10-06 00:00:00-04:00,329.653130785576,332.3271988715433,327.08412984274526,327.5329895019531,3879600,0.0,0.0,0.0
2022-10-07 00:00:00-04:00,323.82750486466614,324.0758188819396,316.7317278072131,318.3361511230469,5168100,0.0,0.0,0.0
2022-10-10 00:00:00-04:00,319.4248804998749,319.61589576311616,313.8762280973123,315.9581604003906,3933900,0.0,0.0,0.0
2022-10-11 00:00:00-04:00,314.3919385858575,318.55580309392326,312.14764044741077,313.876220703125,4968100,0.0,0.0,0.0
2022-10-12 00:00:00-04:00,314.34424889071175,315.70991798359665,312.7111758555498,312.9021911621094,3235100,0.0,0.0,0.0
2022-10-13 00:00:00-04:00,306.4079790303939,322.490479041827,305.4816103822044,321.0961608886719,6396900,0.0,0.0,0.0
2022-10-14 00:00:00-04:00,323.38826248157113,324.88764807008823,313.2746231077017,313.8667297363281,4879400,0.0,0.0,0.0
2022-10-17 00:00:00-04:00,319.52040801656597,322.89162069423406,319.4153408717933,321.8410949707031,3889500,0.0,0.0,0.0
2022-10-18 00:00:00-04:00,329.17561614711644,329.48122891942603,322.57643789079896,325.63250732421875,4903300,0.0,0.0,0.0
2022-10-19 00:00:00-04:00,323.78934203897063,326.30104428384686,320.79057124087586,323.378662109375,4403200,0.0,0.0,0.0
2022-10-20 00:00:00-04:00,322.9584616968553,327.0172883453185,319.9787809462024,320.72369384765625,3459100,0.0,0.0,0.0
2022-10-21 00:00:00-04:00,320.40857873184774,328.8987037941761,319.10020857277885,328.43072509765625,4362400,0.0,0.0,0.0
2022-10-24 00:00:00-04:00,329.9110486033281,333.5210162308578,327.44708532804316,332.4322814941406,5639400,0.0,0.0,0.0
2022-10-25 00:00:00-04:00,332.394001733567,338.10501983978986,332.37491186579473,337.8376159667969,5203400,0.0,0.0,0.0
2022-10-26 00:00:00-04:00,334.9248744587706,340.1488248675655,334.67656041520394,335.31640625,4277700,0.0,0.0,0.0
2022-10-27 00:00:00-04:00,336.2141251030689,337.87587648799763,332.91933000134827,333.52099609375,4145300,0.0,0.0,0.0
2022-10-28 00:00:00-04:00,333.3395346556331,341.87739902843623,333.2535865217265,341.30438232421875,4388100,0.0,0.0,0.0
2022-10-31 00:00:00-04:00,339.1842492639967,340.86509053242617,338.1241639633901,338.98370361328125,6431000,0.0,0.0,0.0
2022-11-01 00:00:00-04:00,342.4026308614527,342.6318258741736,336.4433273719976,337.61798095703125,8014300,0.0,0.0,0.0
2022-11-02 00:00:00-04:00,336.9113028020408,341.0656375959732,328.91780552573243,329.0037536621094,5022500,0.0,0.0,0.0
2022-11-03 00:00:00-04:00,325.9859089404553,328.34480506060964,323.65566220051164,325.49884033203125,4534800,0.0,0.0,0.0
2022-11-04 00:00:00-04:00,330.8277698343266,332.36533473630004,324.70610130932073,330.2643127441406,3655400,0.0,0.0,0.0
2022-11-07 00:00:00-05:00,331.4485438031505,333.97933566696565,329.57671668904305,333.43499755859375,3316600,0.0,0.0,0.0
2022-11-08 00:00:00-05:00,334.45686093891175,337.9522304763941,331.46764979882005,335.2495422363281,3237200,0.0,0.0,0.0
2022-11-09 00:00:00-05:00,333.3776742478658,334.46640876924727,327.9149700625653,328.40203857421875,3570800,0.0,0.0,0.0
2022-11-10 00:00:00-05:00,340.4830142694288,346.6811010426543,338.4679402351457,346.37548828125,4603600,0.0,0.0,0.0
2022-11-11 00:00:00-05:00,347.33052679119737,350.51072416420317,345.4682298829216,349.6894226074219,4877400,0.0,0.0,0.0
2022-11-14 00:00:00-05:00,348.1709330119415,351.24609225924286,346.5665097033071,346.88165283203125,5274300,0.0,0.0,0.0
2022-11-15 00:00:00-05:00,352.0674216397022,353.10838788582026,346.2800142046811,349.7467346191406,4597800,0.0,0.0,0.0
2022-11-16 00:00:00-05:00,348.2950984404082,349.0781911002067,346.52830919891636,347.0917663574219,2755100,0.0,0.0,0.0
2022-11-17 00:00:00-05:00,342.6604489680837,346.66197674566564,342.4408134793522,346.0889892578125,3278500,0.0,0.0,0.0
2022-11-18 00:00:00-05:00,349.02085142756164,349.1450084240862,344.9811441566043,347.6169738769531,2574400,0.0,0.0,0.0
2022-11-21 00:00:00-05:00,346.4518910371532,347.37825972088757,344.63736255262836,346.39459228515625,2397900,0.0,0.0,0.0
2022-11-22 00:00:00-05:00,348.1136511077467,351.14104211276515,346.8721101117055,351.0073547363281,2316000,0.0,0.0,0.0
2022-11-23 00:00:00-05:00,350.6921553916839,353.7004562950756,350.5106996381451,353.203857421875,2590900,0.0,0.0,0.0
2022-11-25 00:00:00-05:00,352.7741786438296,353.68142842572325,352.4590063240828,353.16571044921875,1423400,0.0,0.0,0.0
2022-11-28 00:00:00-05:00,350.3579345115308,351.80958071076293,346.81482543679493,347.578857421875,3553600,0.0,0.0,0.0
2022-11-29 00:00:00-05:00,347.5596968341197,348.7534693447291,345.21992020022714,346.96759033203125,2507800,0.0,0.0,0.0
2022-11-30 00:00:00-05:00,347.10133565098346,357.74022199321166,345.38228560612845,357.64471435546875,4748800,0.0,0.0,0.0
2022-12-01 00:00:00-05:00,358.9626355684511,360.04181064549635,355.3144595639663,357.6924743652344,4608600,0.0,0.0,0.0
2022-12-02 00:00:00-05:00,353.0319225634573,358.0171171976403,353.0319225634573,357.17669677734375,3596000,0.0,0.0,0.0
2022-12-05 00:00:00-05:00,354.57911885891025,355.44818882693977,349.5270649513969,350.81634521484375,3707000,0.0,0.0,0.0
2022-12-06 00:00:00-05:00,350.5776290388772,351.0742280128562,343.73969520027293,345.7452392578125,3911000,0.0,0.0,0.0
2022-12-07 00:00:00-05:00,344.80922577335946,347.25406944045454,344.1025218032128,345.0766296386719,3338000,0.0,0.0,0.0
2022-12-08 00:00:00-05:00,346.7957350621789,348.7248611751255,345.3345585023357,347.7984924316406,3604500,0.0,0.0,0.0
2022-12-09 00:00:00-05:00,346.6715855356197,349.0018321336172,345.0862519225663,345.2581481933594,4271400,0.0,0.0,0.0
2022-12-12 00:00:00-05:00,345.9839612823041,350.18603515625,345.31543694435913,350.18603515625,2946200,0.0,0.0,0.0
2022-12-13 00:00:00-05:00,360.1468509368846,360.2232687037107,350.30061695177034,352.7741394042969,6161800,0.0,0.0,0.0
2022-12-14 00:00:00-05:00,352.49714641437845,356.0306954952525,347.86530332765113,350.6444091796875,4707100,0.0,0.0,0.0
2022-12-15 00:00:00-05:00,346.16540485540986,346.9007582853607,340.42573686441443,342.0206298828125,5126800,0.0,0.0,0.0
2022-12-16 00:00:00-05:00,339.65214786127433,340.77906211311694,335.96579234919506,337.9426574707031,4533100,0.0,0.0,0.0
2022-12-19 00:00:00-05:00,338.20057440698895,338.4011200533582,333.5400812781386,335.0299072265625,5538500,0.0,0.0,0.0
2022-12-20 00:00:00-05:00,334.3696719472757,336.97976201472085,333.1797585665523,335.5403747558594,5068200,1.672,0.0,0.0
2022-12-21 00:00:00-05:00,337.96811120468044,341.5665790442345,337.4883154927399,340.5589904785156,3832400,0.0,0.0,0.0
2022-12-22 00:00:00-05:00,337.7570525029018,338.01613168529747,330.4257588265814,335.77069091796875,6458200,0.0,0.0,0.0
2022-12-23 00:00:00-05:00,334.8302876306837,337.72827298454894,333.314145798371,337.6514892578125,4572000,0.0,0.0,0.0
2022-12-27 00:00:00-05:00,337.54598696579706,337.8146714713779,334.753571594717,336.30810546875,4303200,0.0,0.0,0.0
2022-12-28 00:00:00-05:00,336.26008786685446,337.9681596749526,331.9227152668404,332.18182373046875,4464600,0.0,0.0,0.0
2022-12-29 00:00:00-05:00,334.81109450607744,338.86057205814234,334.38887187718643,338.0736999511719,4086600,0.0,0.0,0.0
2022-12-30 00:00:00-05:00,335.6555281489359,337.28681617282933,333.7075585221274,337.14288330078125,5325400,0.0,0.0,0.0
2023-01-03 00:00:00-05:00,338.9084804720828,340.6933356873755,333.1605374105452,335.8473815917969,4957300,0.0,0.0,0.0
2023-01-04 00:00:00-05:00,337.8721889523033,340.2327759540736,335.0893793278541,338.265625,3119100,0.0,0.0,0.0
2023-01-05 00:00:00-05:00,336.55752837253505,336.6246775195959,333.9954062506423,334.5711669921875,3216500,0.0,0.0,0.0
2023-01-06 00:00:00-05:00,337.38279774864577,343.2171309136875,334.6479559078081,342.1807556152344,3464800,0.0,0.0,0.0
2023-01-09 00:00:00-05:00,344.23431776559033,347.11309267058743,341.8257333907307,341.9312744140625,3775300,0.0,0.0,0.0
2023-01-10 00:00:00-05:00,341.46106054225703,344.4454055509941,340.6166152756766,344.3686218261719,3495700,0.0,0.0,0.0
2023-01-11 00:00:00-05:00,345.8464439076633,348.82118399839084,345.1267501414106,348.76361083984375,5710500,0.0,0.0,0.0
2023-01-12 00:00:00-05:00,349.7519511779561,351.3544527244206,346.0287311454737,350.068603515625,4743500,0.0,0.0,0.0
2023-01-13 00:00:00-05:00,347.06508452488947,351.91103969878634,346.8635784875579,351.4312438964844,3015200,0.0,0.0,0.0
2023-01-17 00:00:00-05:00,351.39280637287214,352.86098016576597,350.1261385911262,350.8938293457031,4942000,0.0,0.0,0.0
2023-01-18 00:00:00-05:00,351.8534458610398,352.8034321227396,345.0499160140712,345.1938781738281,3931800,0.0,0.0,0.0
2023-01-19 00:00:00-05:00,343.30349923374837,344.8388223619559,341.47067576870825,342.70855712890625,3569900,0.0,0.0,0.0
2023-01-20 00:00:00-05:00,343.9656294923124,349.20499156208933,342.4590636136913,349.0130615234375,3265100,0.0,0.0,0.0
2023-01-23 00:00:00-05:00,349.780716164525,355.04886426600143,348.955452225095,353.2640380859375,3243300,0.0,0.0,0.0
2023-01-24 00:00:00-05:00,351.7574899973339,353.71503572178125,350.65396554509516,352.8898010253906,2702400,0.0,0.0,0.0
2023-01-25 00:00:00-05:00,349.08025570785355,353.2832718979258,347.04592605781636,353.01458740234375,3061700,0.0,0.0,0.0
2023-01-26 00:00:00-05:00,355.4903120260472,357.0256645124204,352.7554699853845,356.7857666015625,3460900,0.0,0.0,0.0
2023-01-27 00:00:00-05:00,355.90300555347,359.92366812722145,355.7782539378908,357.802978515625,5549500,0.0,0.0,0.0
2023-01-30 00:00:00-05:00,355.19284796067404,357.246388174614,352.99537485426475,353.33123779296875,3280600,0.0,0.0,0.0
2023-01-31 00:00:00-05:00,353.7150402759506,358.4458490486357,353.4463558033861,358.3498840332031,4181700,0.0,0.0,0.0
2023-02-01 00:00:00-05:00,357.3903398985484,364.7983890935818,354.81864113621214,362.274658203125,4941700,0.0,0.0,0.0
2023-02-02 00:00:00-05:00,365.8442912987049,368.87660421743465,364.0690410119142,367.46600341796875,5207900,0.0,0.0,0.0
2023-02-03 00:00:00-05:00,362.94634816563575,367.71551967777725,362.52412551102435,363.5412902832031,6472500,0.0,0.0,0.0
2023-02-06 00:00:00-05:00,361.3630050882744,362.6584596526404,359.8660444801577,361.4397888183594,2880100,0.0,0.0,0.0
2023-02-07 00:00:00-05:00,360.6048920569372,367.2836405875162,359.4821571352532,366.10333251953125,4504600,0.0,0.0,0.0
2023-02-08 00:00:00-05:00,364.347331237798,365.53721543214203,361.50694834593924,362.09228515625,2921500,0.0,0.0,0.0
2023-02-09 00:00:00-05:00,365.57558034953,365.6043669235807,357.87966694775156,358.9927673339844,3327700,0.0,0.0,0.0
2023-02-10 00:00:00-05:00,357.92763300784344,360.2210707718362,357.15997151408345,359.8659973144531,3256700,0.0,0.0,0.0
2023-02-13 00:00:00-05:00,360.47049627170696,364.1073558038769,360.0386977210725,364.02099609375,2980600,0.0,0.0,0.0
2023-02-14 00:00:00-05:00,362.68719884516923,366.0074065538589,360.27864406896396,363.8866882324219,4718000,0.0,0.0,0.0
2023-02-15 00:00:00-05:00,361.9100119180336,365.1534366223104,361.12313967811957,365.10546875,2820200,0.0,0.0,0.0
2023-02-16 00:00:00-05:00,360.48012291652145,364.09777209342116,359.93314876890224,360.02911376953125,3077500,0.0,0.0,0.0
2023-02-17 00:00:00-05:00,358.1003747228137,359.3190747575742,356.31554846083304,359.0983581542969,3285300,0.0,0.0,0.0
2023-02-21 00:00:00-05:00,355.43270889624785,356.3347273077586,351.67112637048456,351.9685974121094,3109200,0.0,0.0,0.0
2023-02-22 00:00:00-05:00,352.3428193212758,353.70545221136297,350.09737860190126,351.52716064453125,3872000,0.0,0.0,0.0
2023-02-23 00:00:00-05:00,354.156412064814,354.63620777434954,349.4160281118505,353.29278564453125,2867200,0.0,0.0,0.0
2023-02-24 00:00:00-05:00,348.62918685726083,350.27968541495744,347.1130451665948,349.51202392578125,4055000,0.0,0.0,0.0
2023-02-27 00:00:00-05:00,352.64031360314993,353.86858970028936,349.8575037735509,350.72113037109375,3300100,0.0,0.0,0.0
2023-02-28 00:00:00-05:00,350.26050637230725,352.0357272379568,349.3392774381007,349.3968505859375,3022200,0.0,0.0,0.0
2023-03-01 00:00:00-05:00,348.6580049341875,349.7807399800719,346.844392056265,348.1206359863281,3764700,0.0,0.0,0.0
2023-03-02 00:00:00-05:00,346.23024863634123,351.55597039153224,345.96156415522984,350.72113037109375,2727200,0.0,0.0,0.0
2023-03-03 00:00:00-05:00,352.4483996114126,356.6514154172417,351.8822440933522,356.27716064453125,4913600,0.0,0.0,0.0
2023-03-06 00:00:00-05:00,357.2175667350342,359.30946932654024,356.29633774430715,356.708984375,2638300,0.0,0.0,0.0
2023-03-07 00:00:00-05:00,356.6130319119244,356.8625350995787,350.6251896835151,351.19134521484375,3546100,0.0,0.0,0.0
2023-03-08 00:00:00-05:00,351.3160586128697,352.45797493359794,349.71355707666174,351.73828125,2906300,0.0,0.0,0.0
2023-03-09 00:00:00-05:00,352.505980777071,353.97415475644414,344.34945216179506,345.2994384765625,4409600,0.0,0.0,0.0
2023-03-10 00:00:00-05:00,344.81002585036396,346.6428492625947,338.8701809756614,340.3479309082031,8360400,0.0,0.0,0.0
2023-03-13 00:00:00-04:00,336.58636437247577,344.176737564053,335.62677275712207,339.7721862792969,6478700,0.0,0.0,0.0
2023-03-14 00:00:00-04:00,344.37826569049906,346.9019964862458,341.25959274058204,345.41461181640625,4798800,0.0,0.0,0.0
2023-03-15 00:00:00-04:00,340.13684236983715,343.4186586430834,338.32322940956857,343.2843017578125,6610400,0.0,0.0,0.0
2023-03-16 00:00:00-04:00,341.17323245662436,349.5408730371277,340.64543946452875,349.1570129394531,5016700,0.0,0.0,0.0
2023-03-17 00:00:00-04:00,348.10145808252,349.0898362588469,343.9368340538996,345.33782958984375,5189900,0.0,0.0,0.0
2023-03-20 00:00:00-04:00,345.90393461930705,348.8882500021986,345.2802060274378,348.4564514160156,3099800,0.0,0.0,0.0
2023-03-21 00:00:00-04:00,351.6135917671242,353.523169814853,350.1358123992163,353.01458740234375,4117600,0.0,0.0,0.0
2023-03-22 00:00:00-04:00,352.91859075002725,356.21958813386345,347.04589495546617,347.1610412597656,4094800,0.0,0.0,0.0
2023-03-23 00:00:00-04:00,349.7520345821354,353.408077047304,345.56819904910935,347.98638916015625,4787200,0.0,0.0,0.0
2023-03-24 00:00:00-04:00,346.85610267205976,350.37302755420126,344.6784868173415,350.3055725097656,3740400,1.487,0.0,0.0
2023-03-27 00:00:00-04:00,352.3964358893386,353.07089804760074,350.1513652269453,350.8836669921875,4144800,0.0,0.0,0.0
2023-03-28 00:00:00-04:00,350.28622692385056,350.92216846294434,348.49402269458966,350.2669372558594,2413700,0.0,0.0,0.0
2023-03-29 00:00:00-04:00,354.00552651743186,355.489390275851,352.9360084027494,355.2485046386719,3636100,0.0,0.0,0.0
2023-03-30 00:00:00-04:00,357.6959175944453,357.9368032361018,355.64356722273374,357.3683166503906,3316700,0.0,0.0,0.0
2023-03-31 00:00:00-04:00,358.2258304653196,362.61958192508223,358.1005652351755,362.35943603515625,4159800,0.0,0.0,0.0
2023-04-03 00:00:00-04:00,361.90663062681256,364.1324118291601,361.54047970954525,363.795166015625,3525300,0.0,0.0,0.0
2023-04-04 00:00:00-04:00,364.4021848856108,364.604520601901,360.49020421073556,361.7427978515625,2713300,0.0,0.0,0.0
2023-04-05 00:00:00-04:00,361.0490727777704,361.7332092585829,359.2954474315046,360.8659973144531,3227700,0.0,0.0,0.0
2023-04-06 00:00:00-04:00,360.04695959919957,362.4750762529096,359.1315824096144,362.24383544921875,3076200,0.0,0.0,0.0
2023-04-10 00:00:00-04:00,359.93130280487156,362.6677894853536,359.3628162368442,362.63885498046875,2671100,0.0,0.0,0.0
2023-04-11 00:00:00-04:00,363.15913810260764,363.9877998878277,361.99325998890737,362.68701171875,3069000,0.0,0.0,0.0
2023-04-12 00:00:00-04:00,364.60448372185465,364.81646425247425,360.67324317807186,361.2417297363281,3624200,0.0,0.0,0.0
2023-04-13 00:00:00-04:00,362.2052700389041,366.30997055896125,361.75240388103396,365.9245300292969,2680900,0.0,0.0,0.0
2023-04-14 00:00:00-04:00,365.44279490484047,367.4276903279332,362.9857730127072,365.1730041503906,2981700,0.0,0.0,0.0
2023-04-17 00:00:00-04:00,365.0284509849387,366.45450452469794,363.91073811404374,366.41595458984375,2721000,0.0,0.0,0.0
2023-04-18 00:00:00-04:00,367.9191281278745,367.996228007963,365.41391131479315,366.6665344238281,3019300,0.0,0.0,0.0
2023-04-19 00:00:00-04:00,364.9224663534699,367.42765336204144,364.8646561551172,366.6471862792969,2671300,0.0,0.0,0.0
2023-04-20 00:00:00-04:00,364.0071664018192,366.21368745684185,363.1977940482497,364.5756530761719,2953200,0.0,0.0,0.0
2023-04-21 00:00:00-04:00,364.87434348844556,365.27904436164994,363.08216817637265,364.7876281738281,2762300,0.0,0.0,0.0
2023-04-24 00:00:00-04:00,364.6816317616092,365.6355295729073,363.4772034523993,365.2693786621094,2310400,0.0,0.0,0.0
2023-04-25 00:00:00-04:00,363.4290133301969,363.9300743324359,359.420672337227,359.4977722167969,3795400,0.0,0.0,0.0
2023-04-26 00:00:00-04:00,360.0373200751824,361.0201229103518,357.4550330459237,357.89825439453125,3766900,0.0,0.0,0.0
2023-04-27 00:00:00-04:00,360.2588993498965,365.30785235875175,360.0469188355181,364.99951171875,4302400,0.0,0.0,0.0
2023-04-28 00:00:00-04:00,364.2576739057891,368.1889150040543,364.2191239661526,368.1214599609375,3386900,0.0,0.0,0.0
2023-05-01 00:00:00-04:00,367.8131309579308,369.6535008709129,367.610765838319,367.8709411621094,3069300,0.0,0.0,0.0
2023-05-02 00:00:00-04:00,367.1675432505672,367.21570861889353,361.0105212861271,363.7469787597656,4311600,0.0,0.0,0.0
2023-05-03 00:00:00-04:00,364.13236228955583,366.3388829242179,360.943038856718,361.21282958984375,5513000,0.0,0.0,0.0
2023-05-04 00:00:00-04:00,360.21072801086746,360.47087390248515,357.3972003515744,358.5727233886719,4421500,0.0,0.0,0.0
2023-05-05 00:00:00-04:00,362.04146405544446,366.23287997948427,361.7427682208678,365.1537170410156,3139400,0.0,0.0,0.0
2023-05-08 00:00:00-04:00,365.5776739511424,365.78000964855704,364.1034550600096,365.3560485839844,2957600,0.0,0.0,0.0
2023-05-09 00:00:00-04:00,363.9397257429545,364.77800323497206,363.5735747912707,363.77593994140625,2271000,0.0,0.0,0.0
2023-05-10 00:00:00-04:00,366.41591935624996,366.9458559383533,361.9450977075574,365.36566162109375,3512900,0.0,0.0,0.0
2023-05-11 00:00:00-04:00,364.6719660589829,365.06702205039716,362.9376011549563,364.85504150390625,2676600,0.0,0.0,0.0
2023-05-12 00:00:00-04:00,366.0016817290316,366.1558520817336,362.13786629034337,364.3636474609375,2531000,0.0,0.0,0.0
2023-05-15 00:00:00-04:00,364.9321331269433,365.9920359208368,363.16886301913854,365.6258850097656,3882600,0.0,0.0,0.0
2023-05-16 00:00:00-04:00,364.59490116737936,365.4524387969933,363.16884752326223,363.2073974609375,2275300,0.0,0.0,0.0
2023-05-17 00:00:00-04:00,365.03808802108176,368.1599563629291,363.52531921395837,367.5433044433594,3222600,0.0,0.0,0.0
2023-05-18 00:00:00-04:00,367.3602586018916,371.5131248274153,367.1097281179897,371.1373291015625,3340600,0.0,0.0,0.0
2023-05-19 00:00:00-04:00,371.94667958266837,372.44774052114667,369.46075277516286,370.549560546875,3649000,0.0,0.0,0.0
2023-05-22 00:00:00-04:00,370.63630219954746,372.14907114753976,369.4896841464819,370.7519226074219,2784000,0.0,0.0,0.0
2023-05-23 00:00:00-04:00,369.21992659344403,370.10636940351463,366.2232935299702,366.6087341308594,2887300,0.0,0.0,0.0
2023-05-24 00:00:00-04:00,365.095882017516,365.42348292977795,362.84119615901915,363.862548828125,3611600,0.0,0.0,0.0
2023-05-25 00:00:00-04:00,367.100109964827,368.3430882341644,365.1055989991322,367.0326843261719,3315900,0.0,0.0,0.0
2023-05-26 00:00:00-04:00,367.72641860632325,372.4766766527455,367.6300584635891,371.80218505859375,3042800,0.0,0.0,0.0
2023-05-30 00:00:00-04:00,373.62327480555933,374.1050460885643,370.73264710752994,371.91778564453125,3968500,0.0,0.0,0.0
2023-05-31 00:00:00-04:00,370.2990500827589,371.1180671645313,368.47796987986356,369.8943786621094,4205300,0.0,0.0,0.0
2023-06-01 00:00:00-04:00,370.1930519243762,374.40372807722997,369.0078840262452,373.440185546875,3563600,0.0,0.0,0.0
2023-06-02 00:00:00-04:00,375.8587025640455,379.59725273682113,375.33841070658843,378.92279052734375,7368900,0.0,0.0,0.0
2023-06-05 00:00:00-04:00,379.19258331363653,380.377721955817,377.5063836734718,378.19049072265625,3481200,0.0,0.0,0.0
2023-06-06 00:00:00-04:00,377.7568437294243,379.43342775632806,377.1401917900343,378.9709167480469,2894700,0.0,0.0,0.0
2023-06-07 00:00:00-04:00,379.31786579741043,380.36812380668994,377.2655151516206,377.7279968261719,3942900,0.0,0.0,0.0
2023-06-08 00:00:00-04:00,377.67016825891346,380.33920021435364,377.02461115123526,379.9923095703125,3455400,0.0,0.0,0.0
2023-06-09 00:00:00-04:00,380.64749512962584,382.45895993556593,379.7128576246455,380.62823486328125,3060100,0.0,0.0,0.0
2023-06-12 00:00:00-04:00,381.5435979758331,384.15479011070573,380.88836667954854,384.1258850097656,3792700,0.0,0.0,0.0
2023-06-13 00:00:00-04:00,385.436316207883,387.1996157056057,384.8389244759727,386.6600341796875,3913100,0.0,0.0,0.0
2023-06-14 00:00:00-04:00,386.9683251472985,388.73162455238645,383.9331718722132,386.9587097167969,5161300,0.0,0.0,0.0
2023-06-15 00:00:00-04:00,386.38061951096245,393.05796330965273,386.2746439292322,391.9209899902344,5285000,0.0,0.0,0.0
2023-06-16 00:00:00-04:00,393.79017438644394,393.85762941653456,390.12872476271826,390.4755859375,5141900,0.0,0.0,0.0
2023-06-20 00:00:00-04:00,388.7798036991782,389.57956054337893,386.6311224682262,388.673828125,4242900,0.0,0.0,0.0
2023-06-21 00:00:00-04:00,387.6428263646282,388.3654833245292,386.0626317695712,386.5444030761719,3423500,0.0,0.0,0.0
2023-06-22 00:00:00-04:00,385.6868104854066,388.03785665826695,385.36885438230814,387.9511413574219,3141000,0.0,0.0,0.0
2023-06-23 00:00:00-04:00,384.77143850677305,386.6503582654559,384.38602736280836,385.0412292480469,4215300,0.0,0.0,0.0
2023-06-26 00:00:00-04:00,384.4920585206855,386.2456837559014,383.22982003037106,383.451416015625,3250700,0.0,0.0,0.0
2023-06-27 00:00:00-04:00,384.2607987433874,388.24023461013945,383.86577213154436,387.7006530761719,4302400,0.0,0.0,0.0
2023-06-28 00:00:00-04:00,386.7178205016581,388.77978633299944,386.1011391358453,387.8740539550781,4320700,0.0,0.0,0.0
2023-06-29 00:00:00-04:00,387.5122904970685,389.5146700960005,387.11568177066937,389.3598937988281,3914800,1.576,0.0,0.0
2023-06-30 00:00:00-04:00,392.1554754022601,394.8833523867606,392.0490832994514,393.97406005859375,5173700,0.0,0.0,0.0
2023-07-03 00:00:00-04:00,393.62586652471504,394.7286071777344,393.39368729205546,394.7286071777344,2372000,0.0,0.0,0.0
2023-07-05 00:00:00-04:00,392.7455870000935,394.5157875696352,392.7455870000935,393.84832763671875,4230100,0.0,0.0,0.0
2023-07-06 00:00:00-04:00,390.58839458962535,391.1397796169769,388.4409214225471,390.6367492675781,6040300,0.0,0.0,0.0
2023-07-07 00:00:00-04:00,389.8628888350087,393.393636345178,389.5533362452606,389.72747802734375,3673200,0.0,0.0,0.0
2023-07-10 00:00:00-04:00,389.4759984195823,390.9076276169037,388.92461335385383,390.772216796875,3362300,0.0,0.0,0.0
2023-07-11 00:00:00-04:00,391.54605934114187,393.70321534994554,390.57872957369733,393.277587890625,3177800,0.0,0.0,0.0
2023-07-12 00:00:00-04:00,396.78896103198514,397.69825328648466,395.4347053935472,396.3730163574219,4246400,0.0,0.0,0.0
2023-07-13 00:00:00-04:00,398.0949411599614,400.2907693274987,397.6983323725925,399.6039733886719,3273400,0.0,0.0,0.0
2023-07-14 00:00:00-04:00,400.416487306136,401.161320601542,398.6172385834654,399.2846984863281,3680900,0.0,0.0,0.0
2023-07-17 00:00:00-04:00,399.16861079145906,401.6836740163236,399.1492748240859,400.6776428222656,2963700,0.0,0.0,0.0
2023-07-18 00:00:00-04:00,400.3875013658007,404.2761567316081,400.02959404493976,403.7151184082031,3594000,0.0,0.0,0.0
2023-07-19 00:00:00-04:00,404.4115505739245,405.66906742486174,403.85048279447676,404.5856628417969,3494900,0.0,0.0,0.0
2023-07-20 00:00:00-04:00,403.6667618398676,404.49868091770645,401.2678025431252,401.9449157714844,4085000,0.0,0.0,0.0
2023-07-21 00:00:00-04:00,403.4828916348962,403.66668664620875,401.9061689639652,401.99322509765625,3176700,0.0,0.0,0.0
2023-07-24 00:00:00-04:00,402.97024238297263,404.4406025987253,402.4285400468205,403.69573974609375,3471100,0.0,0.0,0.0
2023-07-25 00:00:00-04:00,403.45393075904025,405.9399756195407,403.4442775342868,404.8855895996094,3949300,0.0,0.0,0.0
2023-07-26 00:00:00-04:00,403.9762685414792,406.17212609253664,402.9702372782709,404.9822998046875,6138800,0.0,0.0,0.0
2023-07-27 00:00:00-04:00,408.010036881766,408.35826143330195,401.36448600489473,402.2350769042969,4149400,0.0,0.0,0.0
2023-07-28 00:00:00-04:00,405.2435090435103,406.87829894067954,404.49867564585276,406.1528015136719,2701200,0.0,0.0,0.0
2023-07-31 00:00:00-04:00,406.5880547506244,407.21681319506246,405.35952705337417,406.936279296875,3452100,0.0,0.0,0.0
2023-08-01 00:00:00-04:00,405.5626971211694,406.35588511318383,404.87587171560125,405.67877197265625,3118000,0.0,0.0,0.0
2023-08-02 00:00:00-04:00,402.85413079941355,403.0863100084273,399.39110335755856,400.0585632324219,4973700,0.0,0.0,0.0
2023-08-03 00:00:00-04:00,398.23027925564475,400.6582862214495,397.6595582816405,398.9267578125,3022300,0.0,0.0,0.0
2023-08-04 00:00:00-04:00,400.61963156375094,402.534955198968,396.6342375031038,396.9728088378906,5717300,0.0,0.0,0.0
2023-08-07 00:00:00-04:00,398.82041131403685,400.706686710783,398.19165284845485,400.5519104003906,2598000,0.0,0.0,0.0
2023-08-08 00:00:00-04:00,398.3076899707925,399.25565419137456,395.7636081157304,398.82037353515625,3780100,0.0,0.0,0.0
2023-08-09 00:00:00-04:00,399.1783022613922,399.24602242951977,395.49277823783115,396.1698913574219,3145900,0.0,0.0,0.0
2023-08-10 00:00:00-04:00,398.3463511606744,401.49017262655326,395.2702498574563,396.40203857421875,4588300,0.0,0.0,0.0
2023-08-11 00:00:00-04:00,394.6221916641784,397.0018146337334,394.03210515351043,396.03448486328125,2918900,0.0,0.0,0.0
2023-08-14 00:00:00-04:00,395.2122771313978,398.28837893815,394.9704446713595,398.26904296875,2772900,0.0,0.0,0.0
2023-08-15 00:00:00-04:00,396.6922620008025,398.25933150556034,393.1324955306659,393.7032165527344,4686100,0.0,0.0,0.0
2023-08-16 00:00:00-04:00,393.30659766614934,394.77692825185414,390.6754595776621,390.7915344238281,3353700,0.0,0.0,0.0
2023-08-17 00:00:00-04:00,392.0877017932989,392.329534198242,387.28975514498387,387.6283264160156,7102500,0.0,0.0,0.0
2023-08-18 00:00:00-04:00,385.1616808881892,388.88587662882935,384.8521282982502,387.98626708984375,4157700,0.0,0.0,0.0
2023-08-21 00:00:00-04:00,389.00203951093545,391.1785316704256,386.92225671986006,390.54974365234375,3292400,0.0,0.0,0.0
2023-08-22 00:00:00-04:00,392.107168958536,392.15552364384087,388.92464541844936,389.4566650390625,2646100,0.0,0.0,0.0
2023-08-23 00:00:00-04:00,390.3755539671512,394.35129420760103,390.28849784049936,393.6548156738281,3250000,0.0,0.0,0.0
2023-08-24 00:00:00-04:00,395.2509460900709,395.7152454820051,388.2861600054417,388.4216003417969,3458800,0.0,0.0,0.0
2023-08-25 00:00:00-04:00,389.91122541000914,392.54236325959556,386.65132918707235,390.9946594238281,4417800,0.0,0.0,0.0
2023-08-28 00:00:00-04:00,393.08411465172827,394.1288473441037,391.86529920470645,393.5677795410156,3236700,0.0,0.0,0.0
2023-08-29 00:00:00-04:00,393.49039832402127,399.4878546401618,393.2872673403168,399.1589660644531,3482700,0.0,0.0,0.0
2023-08-30 00:00:00-04:00,399.53621828650006,401.4708778486012,398.9267958011483,400.82275390625,3004500,0.0,0.0,0.0
2023-08-31 00:00:00-04:00,401.42248082348203,402.5252213068641,400.14559856225304,400.3100280761719,4751100,0.0,0.0,0.0
2023-09-01 00:00:00-04:00,402.85420428820987,403.26049583767923,399.7103820944808,401.161376953125,3588000,0.0,0.0,0.0
2023-09-05 00:00:00-04:00,400.6680078557957,400.92917626975697,399.28470383072363,399.41046142578125,4426700,0.0,0.0,0.0
2023-09-06 00:00:00-04:00,398.6365775441753,398.66559625451816,394.5060608084956,396.6535339355469,3744100,0.0,0.0,0.0
2023-09-07 00:00:00-04:00,393.86767773997065,396.0538229589548,393.5677783506025,395.4734191894531,2245800,0.0,0.0,0.0
2023-09-08 00:00:00-04:00,395.4638126317862,397.4178083817728,395.14457723663645,396.01519775390625,4124400,0.0,0.0,0.0
2023-09-11 00:00:00-04:00,398.4238307914556,398.9074957254997,396.88577984366316,398.6172790527344,3346600,0.0,0.0,0.0
2023-09-12 00:00:00-04:00,397.2823007792462,398.6849110654698,395.91836242438785,396.4794006347656,7595300,0.0,0.0,0.0
2023-09-13 00:00:00-04:00,396.6342340022744,397.9594710959267,395.6282027513928,396.94378662109375,2529700,0.0,0.0,0.0
2023-09-14 00:00:00-04:00,399.18798040181764,400.96786359703293,397.9788182158919,400.3777770996094,3660900,0.0,0.0,0.0
2023-09-15 00:00:00-04:00,398.8687147565523,399.187950080903,395.13483637989543,395.3863220214844,4004000,0.0,0.0,0.0
2023-09-18 00:00:00-04:00,395.2315992584956,396.93410916411847,394.82533727137564,395.8216857910156,3014600,0.0,0.0,0.0
2023-09-19 00:00:00-04:00,394.8833793318595,395.45410038179085,392.4553720430395,395.0284729003906,3623300,0.0,0.0,0.0
2023-09-20 00:00:00-04:00,396.08281384274505,396.45040385495474,391.1204077190339,391.3332214355469,4009400,0.0,0.0,0.0
2023-09-21 00:00:00-04:00,388.6730445962996,388.9148770106877,384.6973338736276,384.9198303222656,4633100,0.0,0.0,0.0
2023-09-22 00:00:00-04:00,385.77115546071707,387.2511690389754,383.60434591361104,383.99127197265625,7204200,0.0,0.0,0.0
2023-09-25 00:00:00-04:00,382.8304445247768,385.61635902425735,382.4531717393811,385.5873107910156,3227900,0.0,0.0,0.0
2023-09-26 00:00:00-04:00,382.7917240299999,383.41079970989426,379.15455477872797,379.9284362792969,5734700,0.0,0.0,0.0
2023-09-27 00:00:00-04:00,380.97311935306493,381.50516839180847,376.72655738933514,380.0154724121094,4837700,0.0,0.0,0.0
2023-09-28 00:00:00-04:00,379.54261623664894,383.8150986879977,379.0182570929691,382.23236083984375,4065800,1.493,0.0,0.0
2023-09-29 00:00:00-04:00,385.12599284774785,385.24251052011095,379.96015872964784,381.3196105957031,5766600,0.0,0.0,0.0
2023-10-02 00:00:00-04:00,380.5427618847848,382.3488746355272,378.66870024993517,381.29046630859375,5886200,0.0,0.0,0.0
2023-10-03 00:00:00-04:00,379.26104022469,380.5719233644596,374.84291035962667,376.16351318359375,6886700,0.0,0.0,0.0
2023-10-04 00:00:00-04:00,376.49360704230867,379.5231847957463,375.20213380733935,378.93084716796875,4333700,0.0,0.0,0.0
2023-10-05 00:00:00-04:00,378.59100286555747,379.4649149408645,375.7362016885568,378.61041259765625,3329100,0.0,0.0,0.0
2023-10-06 00:00:00-04:00,376.4547683352631,384.6113308888631,375.2118638474115,383.12567138671875,4897200,0.0,0.0,0.0
2023-10-09 00:00:00-04:00,381.3875520187509,386.1649839244194,380.9408910723727,385.6794738769531,2959500,0.0,0.0,0.0
2023-10-10 00:00:00-04:00,386.24264325457733,390.0393352909298,385.873680519201,387.6700439453125,3289600,0.0,0.0,0.0
2023-10-11 00:00:00-04:00,388.6701888780325,389.4664324394617,386.4562643258205,389.3110656738281,4181800,0.0,0.0,0.0
2023-10-12 00:00:00-04:00,389.8451883031218,390.15589223612955,384.7182029936954,386.970947265625,3872900,0.0,0.0,0.0
2023-10-13 00:00:00-04:00,388.22356665390447,389.3402339079742,383.514112965158,384.93182373046875,3769800,0.0,0.0,0.0
2023-10-16 00:00:00-04:00,387.01947719007933,389.9616668227682,386.7961319055851,388.9615173339844,5150900,0.0,0.0,0.0
2023-10-17 00:00:00-04:00,386.1067000915642,390.8355629064151,385.79596656934007,388.97119140625,4214600,0.0,0.0,0.0
2023-10-18 00:00:00-04:00,387.3302279056584,388.22354981689796,382.79555092989835,383.7665710449219,7329300,0.0,0.0,0.0
2023-10-19 00:00:00-04:00,384.49482968894966,386.07759719122777,379.8048156505678,380.5136413574219,6708900,0.0,0.0,0.0
2023-10-20 00:00:00-04:00,380.037816484461,380.4650676597732,375.62937733911036,375.7750244140625,7549600,0.0,0.0,0.0
2023-10-23 00:00:00-04:00,374.3088429580097,378.63958435464235,372.72607543618585,375.1147766113281,5537100,0.0,0.0,0.0
2023-10-24 00:00:00-04:00,377.0277299018119,378.9503606056928,375.3478542529731,377.92108154296875,4451500,0.0,0.0,0.0
2023-10-25 00:00:00-04:00,376.3673700360831,376.44503859998343,372.0171896281737,372.590087890625,5471200,0.0,0.0,0.0
2023-10-26 00:00:00-04:00,371.5413474905892,372.2890221424509,367.19116768923567,368.01654052734375,6959400,0.0,0.0,0.0
2023-10-27 00:00:00-04:00,369.5022811965708,369.85186384535314,365.05502213229045,366.38531494140625,5638800,0.0,0.0,0.0
2023-10-30 00:00:00-04:00,368.90022985886475,371.70646238732087,367.7349939484121,370.793701171875,5795800,0.0,0.0,0.0
2023-10-31 00:00:00-04:00,371.26947976236283,373.3377569746273,369.5313457735186,373.0367431640625,4523200,0.0,0.0,0.0
2023-11-01 00:00:00-04:00,373.9300911844427,377.8044515322918,373.47371059552677,377.1441650390625,5549200,0.0,0.0,0.0
2023-11-02 00:00:00-04:00,380.57189994752224,384.4365706060189,380.56220989710454,384.3103332519531,4752200,0.0,0.0,0.0
2023-11-03 00:00:00-04:00,386.38831797906414,389.23339966252587,386.31061977914703,387.8642578125,5981400,0.0,0.0,0.0
2023-11-06 00:00:00-05:00,388.52455022521895,389.11688788412226,386.9126533341267,388.6119384765625,4007100,0.0,0.0,0.0
2023-11-07 00:00:00-05:00,388.6605093431241,390.3889239119359,387.6603598392585,389.7091979980469,3358600,0.0,0.0,0.0
2023-11-08 00:00:00-05:00,390.3403364599928,390.83556616309033,387.9807648743751,390.0296325683594,3731900,0.0,0.0,0.0
2023-11-09 00:00:00-05:00,391.1366005646183,391.20457908296567,386.6699022184734,387.08746337890625,4145600,0.0,0.0,0.0
2023-11-10 00:00:00-05:00,388.9809519609867,393.3699522991486,387.5729905464592,393.127197265625,3992800,0.0,0.0,0.0
2023-11-13 00:00:00-05:00,391.8939723021966,393.73890444174293,391.14629754332,392.72906494140625,2872900,0.0,0.0,0.0
2023-11-14 00:00:00-05:00,398.1570786186832,401.52651945383786,398.01143153451994,400.2738952636719,6973100,0.0,0.0,0.0
2023-11-15 00:00:00-05:00,401.5556380887468,402.701434630974,400.41953159641633,401.1477966308594,4414800,0.0,0.0,0.0
2023-11-16 00:00:00-05:00,400.7787675230785,401.9537230068,399.8174672483768,401.7109680175781,3798900,0.0,0.0,0.0
2023-11-17 00:00:00-05:00,401.94404153209314,402.7694145005401,400.9050429674973,402.3033142089844,4696200,0.0,0.0,0.0
2023-11-20 00:00:00-05:00,401.9926047201516,406.08062070758893,401.98291466964275,405.3329162597656,3517600,0.0,0.0,0.0
2023-11-21 00:00:00-05:00,404.33276445068606,404.7600156661197,403.26463641210194,404.2745056152344,5248200,0.0,0.0,0.0
2023-11-22 00:00:00-05:00,405.9543603515675,407.1584157337263,404.97362061618827,406.0223388671875,3692800,0.0,0.0,0.0
2023-11-24 00:00:00-05:00,406.0708594968594,406.36215364597393,405.7309965674398,406.2456359863281,1351300,0.0,0.0,0.0
2023-11-27 00:00:00-05:00,405.68245127156854,406.40099658394644,405.13868244601036,405.53680419921875,3632600,0.0,0.0,0.0
2023-11-28 00:00:00-05:00,405.15813230518427,407.1001724839988,404.6337731596135,405.9349365234375,3382400,0.0,0.0,0.0
2023-11-29 00:00:00-05:00,407.8866538799963,408.9159326968526,405.2746077410369,405.6727294921875,4092600,0.0,0.0,0.0
2023-11-30 00:00:00-05:00,406.4107864948173,407.53717343759416,404.4978755922607,407.245849609375,4405700,0.0,0.0,0.0
2023-12-01 00:00:00-05:00,406.6923317931172,410.12975121354697,406.12915317877344,409.634521484375,4973600,0.0,0.0,0.0
2023-12-04 00:00:00-05:00,406.5175499224089,407.7021956034625,405.40088275881124,407.5759582519531,5806100,0.0,0.0,0.0
2023-12-05 00:00:00-05:00,406.21661351716347,408.28489141993487,405.88647018352293,407.4497985839844,3419300,0.0,0.0,0.0
2023-12-06 00:00:00-05:00,409.3917524639001,409.4500409299111,405.36202514949713,405.75042724609375,4201800,0.0,0.0,0.0
2023-12-07 00:00:00-05:00,407.6439056619623,409.45001827933487,407.12926624497584,408.9256591796875,3248300,0.0,0.0,0.0
2023-12-08 00:00:00-05:00,408.187638750006,411.10069850801426,407.974013182425,410.66375732421875,5125300,0.0,0.0,0.0
2023-12-11 00:00:00-05:00,410.1685993563501,412.4019337078096,409.98410316878295,412.25628662109375,5247100,0.0,0.0,0.0
2023-12-12 00:00:00-05:00,411.92616458722284,414.30517578125,411.00368360182057,414.30517578125,5982600,0.0,0.0,0.0
2023-12-13 00:00:00-05:00,414.50902881461633,420.07295453627273,414.14975615031426,419.9467468261719,8659100,0.0,0.0,0.0
2023-12-14 00:00:00-05:00,421.636342783794,422.7432902722005,418.74269226056015,421.1799621582031,8349100,0.0,0.0,0.0
2023-12-15 00:00:00-05:00,420.63617042992763,421.66544929416517,419.7136895453847,420.5390625,5326000,0.0,0.0,0.0
2023-12-18 00:00:00-05:00,422.04417868139626,423.7531538590247,421.8596824969029,422.9180908203125,4280500,0.0,0.0,0.0
2023-12-19 00:00:00-05:00,423.40358482175895,425.5204013884109,423.31619657449494,425.49127197265625,4061500,0.0,0.0,0.0
2023-12-20 00:00:00-05:00,424.6342101600891,426.38924765090684,419.16429074569925,419.34954833984375,5783200,1.801,0.0,0.0
2023-12-21 00:00:00-05:00,422.31366086273715,423.78596189215233,420.10032942029534,423.4349365234375,4621600,0.0,0.0,0.0
2023-12-22 00:00:00-05:00,424.5854767853542,425.9310195278165,422.65494133354196,424.41973876953125,4037800,0.0,0.0,0.0
2023-12-26 00:00:00-05:00,424.7902575667637,426.9840695117388,424.70247890414333,426.1845397949219,3835800,0.0,0.0,0.0
2023-12-27 00:00:00-05:00,425.9895110690228,427.0815371139658,425.5215169100347,426.96453857421875,4271000,0.0,0.0,0.0
2023-12-28 00:00:00-05:00,427.30581291331765,427.8810755825207,426.7305502441146,427.0328063964844,4703700,0.0,0.0,0.0
2023-12-29 00:00:00-05:00,426.93531544523984,427.393579591352,424.07849181896665,425.89202880859375,4376900,0.0,0.0,0.0
2024-01-02 00:00:00-05:00,423.07421370465056,424.40023690855486,421.56290312773865,423.1717224121094,9076000,0.0,0.0,0.0
2024-01-03 00:00:00-05:00,421.52395662689344,422.1869682810306,419.5056422700079,420.03216552734375,4805000,0.0,0.0,0.0
2024-01-04 00:00:00-05:00,419.5835429101154,421.9723720274806,418.4915169440545,418.7060241699219,3945300,0.0,0.0,0.0
2024-01-05 00:00:00-05:00,418.86209556569025,421.50441198254254,417.93583721566944,419.24237060546875,5724600,0.0,0.0,0.0
2024-01-08 00:00:00-05:00,419.70062019652414,425.37525791520454,419.6226013295678,425.23876953125,7222400,0.0,0.0,0.0
2024-01-09 00:00:00-05:00,422.79136807347874,425.5311926329064,422.3428638098734,424.2051696777344,7939600,0.0,0.0,0.0
2024-01-10 00:00:00-05:00,424.88771729985325,427.78355012647484,424.60498075256584,427.0035400390625,4278800,0.0,0.0,0.0
2024-01-11 00:00:00-05:00,427.97854488675523,428.38803974656804,423.1619069753079,426.8572692871094,4796600,0.0,0.0,0.0
2024-01-12 00:00:00-05:00,428.144302628481,428.81707397038366,425.8237622197697,427.0522766113281,5182700,0.0,0.0,0.0
2024-01-16 00:00:00-05:00,425.88225360029514,427.04253866089954,423.8834294492437,425.5994873046875,5730800,0.0,0.0,0.0
2024-01-17 00:00:00-05:00,422.7719604610846,423.629989483882,421.0266527785979,423.230224609375,6044600,0.0,0.0,0.0
2024-01-18 00:00:00-05:00,424.70245389978317,427.44230847590586,423.31793155020307,426.9937744140625,4331300,0.0,0.0,0.0
2024-01-19 00:00:00-05:00,428.037124406923,432.53198744437367,427.3643529698995,432.2200012207031,4836800,0.0,0.0,0.0
2024-01-22 00:00:00-05:00,433.66297603516983,434.7842814789598,432.60019961717154,433.2047119140625,5870400,0.0,0.0,0.0
2024-01-23 00:00:00-05:00,433.72144971534453,434.6867471295188,432.6976827897849,434.4917297363281,3251600,0.0,0.0,0.0
2024-01-24 00:00:00-05:00,437.1243699774609,437.97263920763385,434.61854196603304,434.8525390625,4568200,0.0,0.0,0.0
2024-01-25 00:00:00-05:00,436.9488395865396,437.5533518776746,434.96950518969476,437.2998352050781,4167100,0.0,0.0,0.0
2024-01-26 00:00:00-05:00,436.9098017305421,438.28459399133317,435.99327355668134,437.03656005859375,6404000,0.0,0.0,0.0
2024-01-29 00:00:00-05:00,437.03660986108446,440.3321779885932,436.52957649109896,440.2151794433594,4543300,0.0,0.0,0.0
2024-01-30 00:00:00-05:00,439.58136149314623,440.5271392872866,439.19135647355216,439.90313720703125,3410000,0.0,0.0,0.0
2024-01-31 00:00:00-05:00,437.82633886615014,438.24559353253636,432.6684352724393,432.7366943359375,7108000,0.0,0.0,0.0
2024-02-01 00:00:00-05:00,434.228511459849,438.4308776855469,433.54598029448005,438.4308776855469,6138400,0.0,0.0,0.0
2024-02-02 00:00:00-05:00,438.77215941083944,444.49556639603264,438.4601434520213,442.9355163574219,6253500,0.0,0.0,0.0
2024-02-05 00:00:00-05:00,442.39925159681627,442.8087464960685,439.2889113978016,441.31695556640625,7101900,0.0,0.0,0.0
2024-02-06 00:00:00-05:00,442.2529676589243,442.9452586192977,440.9171847227478,442.6917419433594,4383600,0.0,0.0,0.0
2024-02-07 00:00:00-05:00,444.7587730691368,446.7380776366971,443.90074413740047,446.3285827636719,6763400,0.0,0.0,0.0
2024-02-08 00:00:00-05:00,446.3773732004895,446.88437682918646,445.61685287970386,446.6308898925781,4184600,0.0,0.0,0.0
2024-02-09 00:00:00-05:00,447.0891715237607,449.5169807666698,446.7284160665954,449.1659851074219,4002600,0.0,0.0,0.0
2024-02-12 00:00:00-05:00,449.10736876839127,451.1841819483175,448.2688594639852,448.96112060546875,4564200,0.0,0.0,0.0
2024-02-13 00:00:00-05:00,443.13051329776835,444.32004804976066,439.7374068522137,442.63323974609375,8152200,0.0,0.0,0.0
2024-02-14 00:00:00-05:00,445.1780489598419,447.21588264759595,443.05249612202067,446.8453674316406,5624000,0.0,0.0,0.0
2024-02-15 00:00:00-05:00,447.4401420947711,450.01422914018434,446.98187795057163,449.86798095703125,5695700,0.0,0.0,0.0
2024-02-16 00:00:00-05:00,449.56565845021254,450.6089449975968,446.9525919389414,447.5668640136719,5527900,0.0,0.0,0.0
2024-02-20 00:00:00-05:00,446.0166012365055,446.6211135517279,443.0817588130453,445.1098327636719,5306800,0.0,0.0,0.0
2024-02-21 00:00:00-05:00,443.94952966346364,445.70456726610394,442.2724811686278,445.5583190917969,4208600,0.0,0.0,0.0
2024-02-22 00:00:00-05:00,451.65223108803946,455.65957975364233,450.7747123059454,454.9185791015625,4328500,0.0,0.0,0.0
2024-02-23 00:00:00-05:00,456.4006663456906,457.1611866845251,454.45061114298875,455.1233825683594,4050600,0.0,0.0,0.0
2024-02-26 00:00:00-05:00,455.52313892033425,455.9131440024708,453.32932685840063,453.4560852050781,3450800,0.0,0.0,0.0
2024-02-27 00:00:00-05:00,454.0800179208022,454.4797827393678,452.32498044193096,454.2945251464844,3586900,0.0,0.0,0.0
2024-02-28 00:00:00-05:00,452.8905387857414,454.19707213672274,452.5200235545492,453.5925598144531,2800600,0.0,0.0,0.0
2024-02-29 00:00:00-05:00,455.30863223764146,456.7906634538268,452.8710632768548,455.2696228027344,7332900,0.0,0.0,0.0
2024-03-01 00:00:00-05:00,456.14712146342094,459.9887323558187,455.7571163980742,459.6572265625,4839400,0.0,0.0,0.0
2024-03-04 00:00:00-05:00,458.8576893763687,460.79801438534633,458.8479593348417,459.1112060546875,3970200,0.0,0.0,0.0
2024-03-05 00:00:00-05:00,457.2391892781621,457.65844399050224,452.4712901946606,454.50909423828125,4616500,0.0,0.0,0.0
2024-03-06 00:00:00-05:00,457.5316304521957,458.9064227259698,455.64983461690326,456.9173583984375,5325100,0.0,0.0,0.0
2024-03-07 00:00:00-05:00,459.85222872014754,462.34829676215,459.0234493866009,461.4415283203125,7149800,0.0,0.0,0.0
2024-03-08 00:00:00-05:00,461.9387870859662,464.4056055728663,458.0874461548185,458.6432189941406,6285600,0.0,0.0,0.0
2024-03-11 00:00:00-04:00,457.4829293307155,458.7114437857365,455.71813188049384,458.262939453125,5323900,0.0,0.0,0.0
2024-03-12 00:00:00-04:00,460.1350065354004,463.6743314861237,457.8436858814079,463.1673278808594,4811000,0.0,0.0,0.0
2024-03-13 00:00:00-04:00,463.44032903553335,463.59633700968857,461.09050913718977,462.4653015136719,3544500,0.0,0.0,0.0
2024-03-14 00:00:00-04:00,463.2940797221629,463.4598177374049,458.7017084369918,461.4512634277344,5153000,0.0,0.0,0.0
2024-03-15 00:00:00-04:00,458.6627101442895,459.9984931175296,457.0149112159261,458.272705078125,6807100,0.0,0.0,0.0
2024-03-18 00:00:00-04:00,462.11427917448134,463.41105261118247,460.70047744732,461.1392517089844,3939100,0.0,0.0,0.0
2024-03-19 00:00:00-04:00,460.4080262570034,463.8596023993774,459.52074760573834,463.7231140136719,4550200,0.0,0.0,0.0
2024-03-20 00:00:00-04:00,463.6645822838791,468.03268640836455,463.06980004038905,467.7694396972656,6179400,0.0,0.0,0.0
2024-03-21 00:00:00-04:00,470.56777251780255,471.1722848136431,469.1929801568693,469.3294982910156,5044700,0.0,0.0,0.0
2024-03-22 00:00:00-04:00,469.3910908881875,469.83127619445946,468.3640316417753,468.7161560058594,5881500,1.543,0.0,0.0
2024-03-25 00:00:00-04:00,467.2978594921503,468.33470997004906,467.12176745065995,467.5032653808594,6081300,0.0,0.0,0.0
2024-03-26 00:00:00-04:00,468.5988389223591,468.90206711249414,466.0262650470057,466.19256591796875,8073500,0.0,0.0,0.0
2024-03-27 00:00:00-04:00,469.03898439194006,470.36927184182366,467.02397085091934,470.2616882324219,4951400,0.0,0.0,0.0
2024-03-28 00:00:00-04:00,470.36924340770963,471.63108205313506,470.0073278689919,470.2029724121094,4065000,0.0,0.0,0.0
2024-04-01 00:00:00-04:00,470.9268707355166,471.43550482861974,468.37384938375635,469.5867919921875,5734000,0.0,0.0,0.0
2024-04-02 00:00:00-04:00,465.9283855151703,466.573976700671,464.34376617401716,466.5152893066406,4817800,0.0,0.0,0.0
2024-04-03 00:00:00-04:00,465.44908553179926,468.34443969822314,465.4001893215098,466.9358825683594,6224800,0.0,0.0,0.0
2024-04-04 00:00:00-04:00,470.69204107780087,470.9659255199938,460.9788599342782,461.1842956542969,6871200,0.0,0.0,0.0
2024-04-05 00:00:00-04:00,462.5244322245102,467.88474695897827,462.10382925177197,466.0849304199219,5588200,0.0,0.0,0.0
2024-04-08 00:00:00-04:00,466.7304897771649,467.6304129108142,465.5762645512492,466.270751953125,4736800,0.0,0.0,0.0
2024-04-09 00:00:00-04:00,467.93364638521456,468.14884345106606,462.4167924340217,466.8478698730469,5250400,0.0,0.0,0.0
2024-04-10 00:00:00-04:00,461.60496522451746,464.0308205278945,460.39205249841376,462.32879638671875,6933400,0.0,0.0,0.0
2024-04-11 00:00:00-04:00,463.629740598607,467.00438526436534,460.39202323943107,465.664306640625,5109900,0.0,0.0,0.0
2024-04-12 00:00:00-04:00,462.44614395300835,463.69819148882027,457.6922857603869,459.3160400390625,6959700,0.0,0.0,0.0
2024-04-15 00:00:00-04:00,463.1308791209657,463.2482539155038,452.74279188797806,453.4861755371094,9530000,0.0,0.0,0.0
2024-04-16 00:00:00-04:00,453.91657279184096,455.34471240494787,451.5102999338306,452.67431640625,6761400,0.0,0.0,0.0
2024-04-17 00:00:00-04:00,454.9534110887034,455.08057706397057,448.7127557780506,449.9452209472656,7156200,0.0,0.0,0.0
2024-04-18 00:00:00-04:00,451.2853203946228,453.1829592257607,448.20411255269687,448.9181823730469,5637300,0.0,0.0,0.0
2024-04-19 00:00:00-04:00,448.96705663080405,449.89632348504716,443.98821020123944,445.1620178222656,9787500,0.0,0.0,0.0
2024-04-22 00:00:00-04:00,447.5584513576664,451.64719522603156,445.4065107517967,449.02569580078125,5818100,0.0,0.0,0.0
2024-04-23 00:00:00-04:00,451.10925053258774,454.97300671153613,450.6104076512242,454.6893310546875,4257400,0.0,0.0,0.0
2024-04-24 00:00:00-04:00,455.4033309720112,456.1271620013293,452.34167616786306,454.356689453125,7687800,0.0,0.0,0.0
2024-04-25 00:00:00-04:00,448.75183896865457,453.33942593107423,447.27483310385867,452.4786376953125,4876200,0.0,0.0,0.0
2024-04-26 00:00:00-04:00,455.16861697624626,458.39657307998345,454.6599829164915,457.007568359375,4907100,0.0,0.0,0.0
2024-04-29 00:00:00-04:00,458.6019592285156,459.1693105122501,456.02938563953126,458.6019592285156,3253200,0.0,0.0,0.0
2024-04-30 00:00:00-04:00,457.21300752781934,458.1129008596049,451.2853117021935,451.3537902832031,4364800,0.0,0.0,0.0
2024-05-01 00:00:00-04:00,450.708158471573,456.87060333297114,449.40721480538303,449.8865051269531,6115400,0.0,0.0,0.0
2024-05-02 00:00:00-04:00,453.24158901247836,454.79689443661505,449.133322362507,454.08282470703125,3972400,0.0,0.0,0.0
2024-05-03 00:00:00-04:00,459.5019049758737,460.71481766107877,457.23255943160655,459.71710205078125,4586900,0.0,0.0,0.0
2024-05-06 00:00:00-04:00,461.908168970012,464.44160775486125,461.5169097098225,464.35357666015625,4782500,0.0,0.0,0.0
2024-05-07 00:00:00-04:00,465.31217410063385,466.23164975429495,464.3437723838486,465.0187072753906,3451300,0.0,0.0,0.0
2024-05-08 00:00:00-04:00,463.24827482710697,465.46869439380265,463.16024372722956,465.038330078125,3214900,0.0,0.0,0.0
2024-05-09 00:00:00-04:00,465.2045233488015,467.7086181640625,464.56872338849536,467.7086181640625,3486000,0.0,0.0,0.0
2024-05-10 00:00:00-04:00,469.21506401289804,469.8997901294739,467.1609155143395,468.2857971191406,3347200,0.0,0.0,0.0
2024-05-13 00:00:00-04:00,469.8606388863461,469.9291174658531,467.2978564069065,468.31512451171875,3108400,0.0,0.0,0.0
2024-05-14 00:00:00-04:00,468.52056990883426,470.95618646259084,468.0314883614185,470.53558349609375,3257700,0.0,0.0,0.0
2024-05-15 00:00:00-04:00,472.78535038573096,476.5904191830615,472.1984465539904,476.2676086425781,4399500,0.0,0.0,0.0
2024-05-16 00:00:00-04:00,476.41431314141255,477.90114011829735,475.22095299736094,475.35791015625,3347400,0.0,0.0,0.0
2024-05-17 00:00:00-04:00,475.47526052229335,476.10129918590815,474.1156294422026,476.0621643066406,3274000,0.0,0.0,0.0
2024-05-20 00:00:00-04:00,476.15020984436217,477.9402350972109,475.8274291713186,476.5317077636719,2599600,0.0,0.0,0.0
2024-05-21 00:00:00-04:00,475.90568041193455,477.91090277827726,475.7296182224462,477.8131103515625,2453600,0.0,0.0,0.0
2024-05-22 00:00:00-04:00,477.13817257116887,477.76418141375194,474.3504018496969,476.4241027832031,3250600,0.0,0.0,0.0
2024-05-23 00:00:00-04:00,479.2118952591312,479.29013517381793,471.7582970989041,472.8831787109375,3811300,0.0,0.0,0.0
2024-05-24 00:00:00-04:00,474.5851781215483,476.75670145446014,473.75373349454173,476.1013488769531,2555200,0.0,0.0,0.0
2024-05-28 00:00:00-04:00,476.756703085578,477.0012438678184,473.9493796816458,476.4828186035156,4034700,0.0,0.0,0.0
2024-05-29 00:00:00-04:00,472.6386040244549,474.0960574088934,472.4136157777215,473.127685546875,5605000,0.0,0.0,0.0
2024-05-30 00:00:00-04:00,471.5919456085481,472.20819308103927,468.7357263359797,469.9486389160156,3386800,0.0,0.0,0.0
2024-05-31 00:00:00-04:00,470.7312183724126,474.32109021876346,466.0751821403255,474.03741455078125,5334000,0.0,0.0,0.0
2024-06-03 00:00:00-04:00,475.68066764257196,475.7882810980475,469.9095117589292,474.5557861328125,4211300,0.0,0.0,0.0
2024-06-04 00:00:00-04:00,473.4309099206822,475.78828642205536,472.0223527592711,475.1329040527344,2560300,0.0,0.0,0.0
2024-06-05 00:00:00-04:00,477.21640714376656,480.8160400390625,475.4459343938619,480.8160400390625,3026100,0.0,0.0,0.0
2024-06-06 00:00:00-04:00,481.0997553796658,481.43232726525275,478.9478143815439,480.70849609375,21344000,0.0,0.0,0.0
2024-06-07 00:00:00-04:00,479.8378872083857,482.7528239347545,478.8499627958554,480.0824279785156,3063600,0.0,0.0,0.0
2024-06-10 00:00:00-04:00,479.46621184267497,481.9311720670289,478.86951683904664,481.65728759765625,3461900,0.0,0.0,0.0
2024-06-11 00:00:00-04:00,480.26826511832104,482.8799735895436,478.42931381291595,482.7528076171875,4028400,0.0,0.0,0.0
2024-06-12 00:00:00-04:00,487.05674761419414,489.228270900921,485.8633874322781,486.7731018066406,3698800,0.0,0.0,0.0
2024-06-13 00:00:00-04:00,488.39681401219406,488.54356235516127,485.2275751846627,487.6925354003906,8808900,0.0,0.0,0.0
2024-06-14 00:00:00-04:00,486.40135965763267,488.142488663456,485.45254032096017,488.08380126953125,5812000,0.0,0.0,0.0
2024-06-17 00:00:00-04:00,487.59473749535,493.17024907925065,487.0371773816096,491.95733642578125,4609500,0.0,0.0,0.0
2024-06-18 00:00:00-04:00,492.06494553989427,493.3463368389079,491.65413374617896,493.2680969238281,3431700,0.0,0.0,0.0
2024-06-20 00:00:00-04:00,494.10927856655604,494.69615249324636,490.24552272590336,491.89862060546875,4810900,0.0,0.0,0.0
2024-06-21 00:00:00-04:00,491.13568169910087,492.2312195574815,489.91297786587825,490.8226623535156,4338100,0.0,0.0,0.0
2024-06-24 00:00:00-04:00,491.06720310718595,493.42457967971706,489.50213623046875,489.50213623046875,7022800,0.0,0.0,0.0
2024-06-25 00:00:00-04:00,490.7541947825462,491.8497326655006,489.3945636121124,491.5367431640625,6325200,0.0,0.0,0.0
2024-06-26 00:00:00-04:00,490.5194362903712,492.76919941266254,489.95211484384157,492.0845031738281,3202700,0.0,0.0,0.0
2024-06-27 00:00:00-04:00,492.016028557451,493.4637206602633,491.3508848282541,492.84747314453125,3619700,0.0,0.0,0.0
2024-06-28 00:00:00-04:00,493.7349027930898,496.4442356559475,489.84762126260244,490.9470520019531,5598600,1.784,0.0,0.0
2024-07-01 00:00:00-04:00,492.28203297708467,492.46854674594846,489.44511241851865,492.0758972167969,4368500,0.0,0.0,0.0
2024-07-02 00:00:00-04:00,490.51510703177547,495.34475327640445,490.43655914969395,495.2662353515625,4210100,0.0,0.0,0.0
2024-07-03 00:00:00-04:00,494.9619230849468,497.82832159775126,494.9619230849468,497.5043640136719,2131100,0.0,0.0,0.0
2024-07-05 00:00:00-04:00,497.8184660952298,500.73393439281756,497.19020291321345,500.47869873046875,3156900,0.0,0.0,0.0
2024-07-08 00:00:00-04:00,501.12660857445115,501.82356373605774,499.9682819774738,500.959716796875,3143400,0.0,0.0,0.0
2024-07-09 00:00:00-04:00,501.82359263411945,502.6089216955272,501.1659113747585,501.5094909667969,3140600,0.0,0.0,0.0
2024-07-10 00:00:00-04:00,502.57941758242686,506.7022823545802,502.2947339571424,506.3390808105469,3446900,0.0,0.0,0.0
2024-07-11 00:00:00-04:00,506.52561509576645,507.3010881698215,501.4505293757344,502.0002746582031,5537800,0.0,0.0,0.0
2024-07-12 00:00:00-04:00,503.08006034997476,508.51837766155603,502.76592874341054,505.10223388671875,5238200,0.0,0.0,0.0
2024-07-15 00:00:00-04:00,507.0949768207367,509.5883177481637,504.8961155438757,506.6335754394531,7771500,0.0,0.0,0.0
2024-07-16 00:00:00-04:00,507.8312320905592,509.8632316559583,507.1145950036732,509.5097961425781,4164300,0.0,0.0,0.0
2024-07-17 00:00:00-04:00,504.1303730312227,505.6519010473802,502.1670956130912,502.39288330078125,4984300,0.0,0.0,0.0
2024-07-18 00:00:00-04:00,503.8261166006516,504.74885947381057,496.58161742753657,498.6136169433594,5055900,0.0,0.0,0.0
2024-07-19 00:00:00-04:00,498.31914849194055,499.8505026654021,494.3140453019339,495.2858581542969,4039400,0.0,0.0,0.0
2024-07-22 00:00:00-04:00,498.93751639306373,500.9498938037573,497.1411306627736,500.42962646484375,4342900,0.0,0.0,0.0
2024-07-23 00:00:00-04:00,500.3020264844312,502.25547807919696,499.15349592542435,499.5952453613281,3116000,0.0,0.0,0.0
2024-07-24 00:00:00-04:00,495.168034364711,495.43309600353206,487.4327161138898,488.1591491699219,6157400,0.0,0.0,0.0
2024-07-25 00:00:00-04:00,488.4143495081131,493.9017364990313,484.8510259992704,485.6952209472656,5646600,0.0,0.0,0.0
2024-07-26 00:00:00-04:00,489.2095113772384,493.6563640218893,488.5322081473616,491.1433410644531,3636000,0.0,0.0,0.0
2024-07-29 00:00:00-04:00,492.60599194691747,493.5385308366276,489.6119756195603,491.5065612792969,3096200,0.0,0.0,0.0
2024-07-30 00:00:00-04:00,492.8317385104083,493.7741333103211,485.8326791589675,488.93463134765625,3817800,0.0,0.0,0.0
2024-07-31 00:00:00-04:00,495.21714466685705,499.3105616211576,494.06861410809086,496.6405029296875,5367600,0.0,0.0,0.0
2024-08-01 00:00:00-04:00,498.51545360527206,500.5376271732335,486.6474438936866,489.8672180175781,6939200,0.0,0.0,0.0
2024-08-02 00:00:00-04:00,483.368769875795,484.45837457507946,476.88012176596,480.9146728515625,8561200,0.0,0.0,0.0
2024-08-05 00:00:00-04:00,461.53712007953163,472.34494271635316,460.2806236347774,466.4747619628906,15244300,0.0,0.0,0.0
2024-08-06 00:00:00-04:00,468.62454917112825,477.92063961131873,467.20116096450005,471.1277160644531,8255000,0.0,0.0,0.0
2024-08-07 00:00:00-04:00,476.78201039545206,479.5796572047794,467.3680672845184,467.85888671875,5976400,0.0,0.0,0.0
2024-08-08 00:00:00-04:00,472.6492424167421,479.3047520880049,470.83323465558965,478.7746887207031,4177200,0.0,0.0,0.0
2024-08-09 00:00:00-04:00,477.9893739498988,482.1907868178562,476.89976926079066,480.8263244628906,7661300,0.0,0.0,0.0
2024-08-12 00:00:00-04:00,481.92573724019627,483.30985149243537,479.0200948865088,481.07171630859375,3578100,0.0,0.0,0.0
2024-08-13 00:00:00-04:00,484.0853699342882,489.229147635775,483.8694082010146,489.062255859375,3247900,0.0,0.0,0.0
2024-08-14 00:00:00-04:00,489.75922991864184,491.65378556122914,487.3640289153936,490.623046875,3700500,0.0,0.0,0.0
2024-08-15 00:00:00-04:00,495.81593222349204,499.25166798417683,495.22694295878415,499.0455322265625,4279000,0.0,0.0,0.0
2024-08-16 00:00:00-04:00,497.5338238095264,500.74377201713133,497.34731003419483,500.0959167480469,3449300,0.0,0.0,0.0
2024-08-19 00:00:00-04:00,500.4983049909868,504.9058532714844,499.7130059953846,504.9058532714844,3804300,0.0,0.0,0.0
2024-08-20 00:00:00-04:00,504.48383527329986,506.01518952599866,502.8445151235252,504.0715637207031,3156000,0.0,0.0,0.0
2024-08-21 00:00:00-04:00,505.023662996331,507.1734542726193,503.43341300175877,505.83843994140625,3344100,0.0,0.0,0.0
2024-08-22 00:00:00-04:00,507.5563412056606,508.1257084987814,500.73396936342857,501.74505615234375,3677100,0.0,0.0,0.0
2024-08-23 00:00:00-04:00,504.88628671221477,508.04713480119364,502.84446128905324,507.1734619140625,5102800,0.0,0.0,0.0
2024-08-26 00:00:00-04:00,508.1355060749083,508.77353532520686,504.4445347221622,505.92681884765625,3398600,0.0,0.0,0.0
2024-08-27 00:00:00-04:00,504.8175059114684,507.10474076094096,503.7376674388543,506.6040954589844,3031800,0.0,0.0,0.0
2024-08-28 00:00:00-04:00,506.32927176010264,506.75136924661496,500.7928446075243,503.70831298828125,3940400,0.0,0.0,0.0
2024-08-29 00:00:00-04:00,505.53412050248915,508.57723651734005,502.72664811124105,503.7868347167969,3487100,0.0,0.0,0.0
2024-08-30 00:00:00-04:00,505.9562483703659,509.0582604989013,502.7168523462317,508.52813720703125,5637700,0.0,0.0,0.0
2024-09-03 00:00:00-04:00,505.6617877207395,505.96609336050005,495.825777459785,498.2406005859375,5866400,0.0,0.0,0.0
2024-09-04 00:00:00-04:00,496.39508138839454,500.1743966090499,495.74719621137615,497.0036926269531,3601400,0.0,0.0,0.0
2024-09-05 00:00:00-04:00,497.0626168165061,499.59526173950223,493.60725896652445,495.77667236328125,3425600,0.0,0.0,0.0
2024-09-06 00:00:00-04:00,496.06132687539366,497.63195488123233,486.69648472656,487.5210876464844,7411400,0.0,0.0,0.0
2024-09-09 00:00:00-04:00,491.4084077892647,494.127536583124,489.5923699493829,493.00848388671875,3656800,0.0,0.0,0.0
2024-09-10 00:00:00-04:00,494.6968861761585,495.4429112946436,490.32858152502206,495.0404357910156,2975400,0.0,0.0,0.0
2024-09-11 00:00:00-04:00,495.050278877784,501.0677297342999,487.138272257942,500.105712890625,5956900,0.0,0.0,0.0
2024-09-12 00:00:00-04:00,500.72415881750686,504.6998141455928,498.7314331446617,504.40533447265625,4092900,0.0,0.0,0.0
2024-09-13 00:00:00-04:00,504.9845138797788,508.0276305494928,504.78817410842845,507.0852355957031,4416600,0.0,0.0,0.0
2024-09-16 00:00:00-04:00,506.85939471955345,508.0864431962287,505.2004227825095,507.8507995605469,4256300,0.0,0.0,0.0
2024-09-17 00:00:00-04:00,509.90246412534833,511.17858259110403,506.0348048305493,508.0864562988281,8150000,0.0,0.0,0.0
2024-09-18 00:00:00-04:00,508.66553384351573,513.1319779409436,506.0052714000922,506.43719482421875,6921300,0.0,0.0,0.0
2024-09-19 00:00:00-04:00,515.242615680791,516.9310057808678,512.6020047198014,515.2720336914062,5558400,0.0,0.0,0.0
2024-09-20 00:00:00-04:00,513.8977237400459,515.2818080478771,511.55159269264277,514.2609252929688,5612700,0.0,0.0,0.0
2024-09-23 00:00:00-04:00,515.3604208784242,516.1751979389159,514.2119201450934,515.5272827148438,29289200,0.0,0.0,0.0
2024-09-24 00:00:00-04:00,516.3518402574448,517.1666172461506,513.7701253928715,517.009521484375,4650600,0.0,0.0,0.0
2024-09-25 00:00:00-04:00,516.9408063036645,517.6181394882489,515.0168325554673,515.9591674804688,35418000,0.0,0.0,0.0
2024-09-26 00:00:00-04:00,519.9446641495737,520.1900738768217,515.8414206997265,518.0108642578125,5273900,0.0,0.0,0.0
2024-09-27 00:00:00-04:00,519.0240637775081,519.6936506487082,516.2964333527217,517.3402099609375,5598600,1.639,0.0,0.0
2024-09-30 00:00:00-04:00,516.2963815870172,519.8806933921356,514.1989719928821,519.5950927734375,8013000,0.0,0.0,0.0
2024-10-01 00:00:00-04:00,518.9747864917691,519.0338659192496,512.2690010175648,514.7406005859375,9198700,0.0,0.0,0.0
2024-10-02 00:00:00-04:00,513.864179564776,515.8335738489774,511.62895792098533,514.8292236328125,3270600,0.0,0.0,0.0
2024-10-03 00:00:00-04:00,513.5786870782091,515.7450330137334,511.86532350684195,513.8544311523438,4008000,0.0,0.0,0.0
2024-10-04 00:00:00-04:00,518.1082681847485,518.955153479573,514.3073513005461,518.5908203125,5354400,0.0,0.0,0.0
2024-10-07 00:00:00-04:00,517.1038915690165,517.6749726606348,512.8401359509694,513.9232788085938,3970500,0.0,0.0,0.0
2024-10-08 00:00:00-04:00,516.2964062061026,519.3095770186451,515.4889473476901,518.7876586914062,2626700,0.0,0.0,0.0
2024-10-09 00:00:00-04:00,518.807408798312,522.9037828057103,518.2559807705255,522.3326416015625,2941800,0.0,0.0,0.0
2024-10-10 00:00:00-04:00,521.1706972463293,522.7757584626111,520.0087617825992,521.4562377929688,3637600,0.0,0.0,0.0
2024-10-11 00:00:00-04:00,521.3971449214538,525.2669975384784,521.2888426583984,524.5580444335938,5429200,0.0,0.0,0.0
2024-10-14 00:00:00-04:00,526.0744651170455,529.7473663430533,525.798721059824,528.851318359375,2638900,0.0,0.0,0.0
2024-10-15 00:00:00-04:00,529.1566054527757,529.383066584672,523.6816912250445,524.8239135742188,4811300,0.0,0.0,0.0
2024-10-16 00:00:00-04:00,524.7746671183824,527.5318072346914,524.0755104759186,527.0296020507812,3237200,0.0,0.0,0.0
2024-10-17 00:00:00-04:00,530.3776003492821,530.5154723813738,526.9607299183853,527.1083984375,3225300,0.0,0.0,0.0
2024-10-18 00:00:00-04:00,528.683918600564,529.8655070878592,527.3643979882257,529.1368408203125,5070400,0.0,0.0,0.0
2024-10-21 00:00:00-04:00,528.5066148357525,529.3830097058442,525.5427269590164,528.319580078125,3671400,0.0,0.0,0.0
2024-10-22 00:00:00-04:00,525.9366438495247,529.0581774646578,525.3064231731743,527.9552612304688,3366600,0.0,0.0,0.0
2024-10-23 00:00:00-04:00,526.1040851111385,526.5372942118834,519.9398705982637,523.14013671875,5227800,0.0,0.0,0.0
2024-10-24 00:00:00-04:00,525.0110164044149,525.0208729931076,521.9289092011797,524.3217163085938,4477800,0.0,0.0,0.0
2024-10-25 00:00:00-04:00,526.4683698772109,529.0384150856562,523.2779005378368,524.1149291992188,4327200,0.0,0.0,0.0
2024-10-28 00:00:00-04:00,527.3349811053929,527.3743473615142,525.5033984255507,525.7495727539062,3408000,0.0,0.0,0.0
2024-10-29 00:00:00-04:00,524.9617125627484,527.6204067500333,523.6126823453332,526.5864868164062,3027600,0.0,0.0,0.0
2024-10-30 00:00:00-04:00,526.1729518001898,527.9946777744298,524.4399351241578,525.0011596679688,3067000,0.0,0.0,0.0
2024-10-31 00:00:00-04:00,520.9934914763129,521.1313034136526,514.5141667799356,514.6716918945312,7972800,0.0,0.0,0.0
2024-11-01 00:00:00-04:00,517.1236480314029,520.9837050218574,516.5131404657903,516.9070434570312,6106900,0.0,0.0,0.0
2024-11-04 00:00:00-05:00,517.0251520185151,518.2265139540754,514.041550509334,515.784423828125,3681500,0.0,0.0,0.0
2024-11-05 00:00:00-05:00,516.6903001840348,522.0569120922574,516.4539824657015,521.9879760742188,3300300,0.0,0.0,0.0
2024-11-06 00:00:00-05:00,533.3613084895724,535.8131951131707,529.9345210688032,534.9860229492188,7483300,0.0,0.0,0.0
2024-11-07 00:00:00-05:00,536.8765978414441,540.0867204450632,536.807721923977,539.1513061523438,6051300,0.0,0.0,0.0
2024-11-08 00:00:00-05:00,539.6829443398788,542.8044173042773,539.6730877527413,541.5341796875,6798000,0.0,0.0,0.0
2024-11-11 00:00:00-05:00,542.9915628074039,543.2869599433791,540.4510272357238,541.9773559570312,4893100,0.0,0.0,0.0
2024-11-12 00:00:00-05:00,541.9675179645928,542.5090894159871,538.0680953324859,540.3526000976562,4818600,0.0,0.0,0.0
2024-11-13 00:00:00-05:00,540.7563122823057,542.450022795247,538.5998229130552,540.6283569335938,3701600,0.0,0.0,0.0
2024-11-14 00:00:00-05:00,540.6972312010464,541.1600701570928,536.5418376909768,537.1917114257812,3940300,0.0,0.0,0.0
2024-11-15 00:00:00-05:00,533.8339776629193,534.2672468997476,528.5363011267192,530.259521484375,7360100,0.0,0.0,0.0
2024-11-18 00:00:00-05:00,530.673022655521,533.6369709803192,529.9148466453553,532.455322265625,4494500,0.0,0.0,0.0
2024-11-19 00:00:00-05:00,529.2747649831633,535.054932957306,528.6839706813164,534.3952026367188,6978400,0.0,0.0,0.0
2024-11-20 00:00:00-05:00,534.4739432019171,534.7594837364816,529.215634022886,534.5921020507812,3949100,0.0,0.0,0.0
2024-11-21 00:00:00-05:00,537.231081708542,538.6982708288807,531.7758210959372,537.2901611328125,4530600,0.0,0.0,0.0
2024-11-22 00:00:00-05:00,537.4674487188558,539.6633043070516,537.0243229455975,539.0921630859375,5574600,0.0,0.0,0.0
2024-11-25 00:00:00-05:00,542.7651412005546,543.9270767540783,538.8263521644129,540.8252563476562,4305000,0.0,0.0,0.0
2024-11-26 00:00:00-05:00,542.0758546176188,544.3603595276916,541.4357773428228,543.858154296875,4438600,0.0,0.0,0.0
2024-11-27 00:00:00-05:00,543.5922503270687,543.927073837852,540.7070945857015,542.1250610351562,3312200,0.0,0.0,0.0
2024-11-29 00:00:00-05:00,542.8537331433125,546.2115844708725,542.6371285937415,544.980712890625,3988700,0.0,0.0,0.0
2024-12-02 00:00:00-05:00,545.8767074684978,547.0682126778416,545.4139286482231,546.5167846679688,5441000,0.0,0.0,0.0
2024-12-03 00:00:00-05:00,546.3099519242384,546.930315919938,545.3153982136361,546.644775390625,4202900,0.0,0.0,0.0
2024-12-04 00:00:00-05:00,548.3090089026244,550.3276263272016,547.6590750344797,550.09130859375,5490300,0.0,0.0,0.0
2024-12-05 00:00:00-05:00,550.0814417711372,550.8494743905665,548.9293627914171,549.175537109375,3021600,0.0,0.0,0.0
2024-12-06 00:00:00-05:00,549.9238135734491,551.3910628787769,549.5398273443196,550.2684936523438,5134900,0.0,0.0,0.0
2024-12-09 00:00:00-05:00,550.1601541414793,550.3176792374908,546.8810958762028,547.4029541015625,4412300,0.0,0.0,0.0
2024-12-10 00:00:00-05:00,548.0627977578887,548.3581949048565,545.0988494974883,545.8472290039062,4110100,0.0,0.0,0.0
2024-12-11 00:00:00-05:00,548.3976238378538,550.82985751171,548.1415929141683,549.9830322265625,3514400,0.0,0.0,0.0
2024-12-12 00:00:00-05:00,549.1360812046911,549.65799957923,547.1174639262896,547.1470336914062,4048600,0.0,0.0,0.0
2024-12-13 00:00:00-05:00,548.9785537286709,549.618570857473,545.719208352386,547.1076049804688,4666900,0.0,0.0,0.0
2024-12-16 00:00:00-05:00,548.6043987026724,550.2488263268185,547.9052419996391,549.2542724609375,22846800,0.0,0.0,0.0
2024-12-17 00:00:00-05:00,546.9697263174605,547.8756910167414,545.8077908304499,546.9500732421875,6110900,0.0,0.0,0.0
2024-12-18 00:00:00-05:00,546.8023283135317,548.998243878771,530.2889975860617,530.8896484375,24584900,0.0,0.0,0.0
2024-12-19 00:00:00-05:00,535.3699994821861,536.7583960285048,530.4071474492761,530.6926879882812,16792100,0.0,0.0,0.0
2024-12-20 00:00:00-05:00,528.3983506276538,541.130478225008,527.6499711386772,536.6993408203125,9389400,0.0,0.0,0.0
2024-12-23 00:00:00-05:00,536.7082784612965,540.7090551558558,533.754619374369,540.5411376953125,7063400,1.739,0.0,0.0
2024-12-24 00:00:00-05:00,541.4005510162119,546.181766974605,540.8868502133581,546.1027221679688,3439300,0.0,0.0,0.0
2024-12-26 00:00:00-05:00,544.502411962251,547.2387128489642,543.2379362291318,546.0928344726562,4492000,0.0,0.0,0.0
2024-12-27 00:00:00-05:00,542.6945865289347,542.941548772665,536.599575235856,540.4324340820312,7077100,0.0,0.0,0.0
2024-12-30 00:00:00-05:00,533.9916750188233,537.4788110733174,530.8700985794202,534.4164428710938,6505100,0.0,0.0,0.0
2024-12-31 00:00:00-05:00,535.8586629858863,536.4711244976893,530.8700379588074,532.2628784179688,6040800,0.0,0.0,0.0
2025-01-02 00:00:00-05:00,535.4339716670654,536.9354612523327,527.303932829695,530.9293823242188,7142700,0.0,0.0,0.0
2025-01-03 00:00:00-05:00,533.6261680721794,538.2591824185126,532.6482071828427,537.7850341796875,6416300,0.0,0.0,0.0
2025-01-06 00:00:00-05:00,541.6178984275143,544.7295867149661,539.1877680931589,540.91650390625,5983400,0.0,0.0,0.0
2025-01-07 00:00:00-05:00,542.645156230296,542.9217225652088,533.0037414748513,534.8312377929688,5383200,0.0,0.0,0.0
2025-01-08 00:00:00-05:00,534.7423858477217,536.4019648019425,531.5417649864734,535.5524291992188,4317000,0.0,0.0,0.0
2025-01-10 00:00:00-05:00,532.1642108980712,532.203703156442,525.5357217247836,527.4027709960938,7935200,0.0,0.0,0.0
2025-01-13 00:00:00-05:00,522.9672998530626,528.410297354038,522.5919123987168,528.0843505859375,5621000,0.0,0.0,0.0
2025-01-14 00:00:00-05:00,530.791070190626,531.3738673782814,525.3480121611635,528.756103515625,8820000,0.0,0.0,0.0
2025-01-15 00:00:00-05:00,536.2440161646512,539.4940179021722,535.1771222859164,538.4271240234375,5307300,0.0,0.0,0.0
2025-01-16 00:00:00-05:00,539.7112388619859,539.8693284551752,536.7872446166343,537.6268920898438,3632800,0.0,0.0,0.0
2025-01-17 00:00:00-05:00,542.2500312774469,544.4233110362724,541.0251082207039,542.7835083007812,6558700,0.0,0.0,0.0
2025-01-21 00:00:00-05:00,545.6087669895801,547.7227783203125,543.8108745741129,547.7227783203125,5301700,0.0,0.0,0.0
2025-01-22 00:00:00-05:00,550.4196539429232,552.1385017658783,549.9652216417583,550.8345336914062,4780000,0.0,0.0,0.0
2025-01-23 00:00:00-05:00,550.2714016783408,553.886962890625,550.0343275582278,553.886962890625,6217900,0.0,0.0,0.0
2025-01-24 00:00:00-05:00,553.9462039776735,554.8352318840543,551.2395074179414,552.2174682617188,3612100,0.0,0.0,0.0
2025-01-27 00:00:00-05:00,540.2843043595416,544.6901330783796,540.1855435663423,544.5320434570312,7617400,0.0,0.0,0.0
2025-01-28 00:00:00-05:00,545.5890947054413,549.8862748511843,542.5465023229207,549.095947265625,4164700,0.0,0.0,0.0
2025-01-29 00:00:00-05:00,548.424109718153,548.7501167687154,544.2751318801,546.6854858398438,4174500,0.0,0.0,0.0
2025-01-30 00:00:00-05:00,548.6217129075114,551.0024628426007,545.6680539443307,549.5404052734375,4296500,0.0,0.0,0.0
2025-01-31 00:00:00-05:00,551.8322058739351,554.0746424072779,545.9940447885657,546.6065063476562,6233900,0.0,0.0,0.0
2025-02-03 00:00:00-05:00,538.3678391941515,545.2531783623799,536.3822529748279,543.0206298828125,7824000,0.0,0.0,0.0
2025-02-04 00:00:00-05:00,543.0206080248129,547.100429223299,542.556287641614,546.626220703125,4181400,0.0,0.0,0.0
2025-02-05 00:00:00-05:00,545.6285390012484,548.9773012624718,543.7219373875864,548.86865234375,3424200,0.0,0.0,0.0
2025-02-06 00:00:00-05:00,550.5183532959477,550.8740247627633,547.4560454811386,550.8443603515625,3606300,0.0,0.0,0.0
2025-02-07 00:00:00-05:00,551.3185073471434,552.4051774322511,545.0851825172764,545.490234375,10161600,0.0,0.0,0.0
2025-02-10 00:00:00-05:00,548.6909393757012,550.0146837781282,547.5055083260033,549.392333984375,3517600,0.0,0.0,0.0
2025-02-11 00:00:00-05:00,547.367167006775,550.3504906089416,547.2585180752653,549.88623046875,2752900,0.0,0.0,0.0
2025-02-12 00:00:00-05:00,544.3048399192652,549.165040482456,543.7022664544098,548.0685424804688,3579500,0.0,0.0,0.0
2025-02-13 00:00:00-05:00,549.1156365105155,554.064769807043,547.9598700254376,553.8572998046875,3388500,0.0,0.0,0.0
2025-02-14 00:00:00-05:00,554.084545197337,555.0328416785459,553.2646136200251,553.8770751953125,3380600,0.0,0.0,0.0
2025-02-18 00:00:00-05:00,554.973604311495,555.4774169921875,552.6916753351705,555.4774169921875,3844900,0.0,0.0,0.0
2025-02-19 00:00:00-05:00,554.2030372397794,557.0677630187575,553.7190009012271,556.82080078125,3857600,0.0,0.0,0.0
2025-02-20 00:00:00-05:00,555.5565184705714,555.6453911329806,551.4371439514927,554.479736328125,4446800,0.0,0.0,0.0
2025-02-21 00:00:00-05:00,554.2820798659222,554.3809009473965,544.571567080223,545.0457153320312,6148700,0.0,0.0,0.0
2025-02-24 00:00:00-05:00,546.8830632578486,547.7721514636128,541.8450575412311,542.4674072265625,4772300,0.0,0.0,0.0
2025-02-25 00:00:00-05:00,542.5069299896343,543.0897874539279,535.58209855392,539.7705688476562,5491500,0.0,0.0,0.0
2025-02-26 00:00:00-05:00,541.3511447099773,544.6505266334785,537.6368227916381,540.1064453125,4180800,0.0,0.0,0.0
2025-02-27 00:00:00-05:00,542.1611915908907,543.1984209975662,531.0676061568121,531.43310546875,5521400,0.0,0.0,0.0
2025-02-28 00:00:00-05:00,531.8776695913098,540.2447824127394,529.072212048552,539.6915893554688,7328100,0.0,0.0,0.0
2025-03-03 00:00:00-05:00,541.5388398067154,542.6155614641715,526.770485035803,530.3958740234375,7290000,0.0,0.0,0.0
2025-03-04 00:00:00-05:00,526.5827880333838,531.7393911905449,519.7666057835498,524.0045166015625,10477400,0.0,0.0,0.0
2025-03-05 00:00:00-05:00,523.8069673095536,531.2553275624223,520.5273011748162,529.8822631835938,6221700,0.0,0.0,0.0
2025-03-06 00:00:00-05:00,522.7598456987832,526.9483160600154,517.8502045252245,520.2704467773438,7228900,0.0,0.0,0.0
2025-03-07 00:00:00-05:00,518.5219583662081,524.4292760256219,513.809899395455,523.075927734375,7308300,0.0,0.0,0.0
2025-03-10 00:00:00-04:00,515.55843300618,517.3365492019306,504.62290685930265,509.2460632324219,11176900,0.0,0.0,0.0
2025-03-11 00:00:00-04:00,508.08040143542496,511.24153034628665,501.36301003653375,505.06744384765625,11208900,0.0,0.0,0.0
2025-03-12 00:00:00-04:00,510.6093063124816,511.4489538816328,502.9139538263318,507.517333984375,8590600,0.0,0.0,0.0
2025-03-13 00:00:00-04:00,507.2703816285941,507.8136865541547,499.2786863321991,500.88885498046875,21650000,0.0,0.0,0.0
2025-03-14 00:00:00-04:00,505.0674335731741,512.1206597297542,504.63277760310376,511.17236328125,7412300,0.0,0.0,0.0
2025-03-17 00:00:00-04:00,511.1624972142992,517.4748670430284,510.7969978934044,515.0743408203125,6269800,0.0,0.0,0.0
2025-03-18 00:00:00-04:00,513.0097118859065,513.2072937299635,507.82350502035905,509.64111328125,6010600,0.0,0.0,0.0
2025-03-19 00:00:00-04:00,511.25143543795303,518.5813196577442,510.1450491960087,514.9954223632812,5373900,0.0,0.0,0.0
2025-03-20 00:00:00-04:00,511.66632094491393,518.2453691569285,511.03408307591843,513.8099365234375,6029700,0.0,0.0,0.0
2025-03-21 00:00:00-04:00,509.522637902448,514.6199727458982,508.40636365661,513.9383544921875,5059000,0.0,0.0,0.0
2025-03-24 00:00:00-04:00,520.0827231017273,523.9452464626007,519.4900378181367,522.9573974609375,22376300,0.0,0.0,0.0
2025-03-25 00:00:00-04:00,524.1428799033082,525.1405568466157,522.6808222373711,524.2021484375,6260200,0.0,0.0,0.0
2025-03-26 00:00:00-04:00,524.1131347306863,524.9527822179454,516.7437598829023,518.0872802734375,4410200,0.0,0.0,0.0
2025-03-27 00:00:00-04:00,516.7410625360311,520.1014950117816,514.6990410659895,516.6618041992188,5534900,1.812,0.0,0.0
2025-03-28 00:00:00-04:00,515.2245175617469,515.9184213728878,505.70828233714,506.3426818847656,5831800,0.0,0.0,0.0
2025-03-31 00:00:00-04:00,500.90060587446084,510.83318959203325,498.2539215344847,509.425537109375,8196700,0.0,0.0,0.0
2025-04-01 00:00:00-04:00,507.88899664238534,512.8354429025339,504.4393834033737,511.2989807128906,7697000,0.0,0.0,0.0
2025-04-02 00:00:00-04:00,505.6885262829775,516.9394618351629,505.48033696477086,514.3819580078125,6308600,0.0,0.0,0.0
2025-04-03 00:00:00-04:00,496.6282100473456,499.2650021779499,489.19365600472065,489.847900390625,16226000,0.0,0.0,0.0
2025-04-04 00:00:00-04:00,477.08027982805794,479.08264212513336,460.1889648648284,461.4577941894531,30966500,0.0,0.0,0.0
2025-04-07 00:00:00-04:00,445.61724442148136,476.5648144939119,438.9360382602086,459.514892578125,31285300,0.0,0.0,0.0
2025-04-08 00:00:00-04:00,475.49421836531945,478.2796953773555,445.6767151923528,452.75439453125,19002700,0.0,0.0,0.0
2025-04-09 00:00:00-04:00,449.53276574745655,497.67894360145067,449.20565868956226,494.7447814941406,29286600,0.0,0.0,0.0
2025-04-10 00:00:00-04:00,484.88161330021615,486.0215722141904,464.243283817939,477.8534851074219,16651300,0.0,0.0,0.0
2025-04-11 00:00:00-04:00,476.4954628526351,488.6980423833212,473.8289335886968,486.2694091796875,11541200,0.0,0.0,0.0
2025-04-14 00:00:00-04:00,495.6864705183345,495.8946598052031,486.4081619166348,491.1563720703125,7701500,0.0,0.0,0.0
2025-04-15 00:00:00-04:00,491.7015771483047,494.91329481076025,489.11436686494386,489.77850341796875,8200600,0.0,0.0,0.0
2025-04-16 00:00:00-04:00,484.3859624920668,487.4787320749711,474.056905878682,479.0132751464844,6374900,0.0,0.0,0.0
2025-04-17 00:00:00-04:00,480.5596469080012,483.9002348637186,477.29834754785674,479.6773986816406,5638900,0.0,0.0,0.0
2025-04-21 00:00:00-04:00,474.8400122537218,475.30591219634726,463.2520179532064,468.248046875,7762500,0.0,0.0,0.0
2025-04-22 00:00:00-04:00,473.8982711372528,482.2348873956928,473.0259453561578,480.0639953613281,6236300,0.0,0.0,0.0
2025-04-23 00:00:00-04:00,492.35580332247525,496.8066131593746,486.41808273369134,487.776123046875,8047600,0.0,0.0,0.0
2025-04-24 00:00:00-04:00,488.9557595496154,498.6107573778755,487.92482625286993,498.0259094238281,6184300,0.0,0.0,0.0
2025-04-25 00:00:00-04:00,498.05564535568453,502.10002943222764,495.3891162269271,501.693603515625,6933400,0.0,0.0,0.0
2025-04-28 00:00:00-04:00,502.3874965974864,504.3006478642491,496.58853853513,502.00091552734375,4210000,0.0,0.0,0.0
2025-04-29 00:00:00-04:00,500.1373105544346,506.0948457482734,499.8597550899236,505.0440979003906,6525500,0.0,0.0,0.0
2025-04-30 00:00:00-04:00,498.86849585667727,507.03658283821744,493.4164895895997,505.29193115234375,7873700,0.0,0.0,0.0
2025-05-01 00:00:00-04:00,510.63488828843447,513.9160022160769,508.2954965913198,508.8703918457031,5784500,0.0,0.0,0.0
2025-05-02 00:00:00-04:00,514.5901076266572,517.8513770115861,512.3795861668541,516.166259765625,6285400,0.0,0.0,0.0
2025-05-05 00:00:00-04:00,512.5678771246153,516.3049382357101,511.76494776095285,513.4699096679688,4793500,0.0,0.0,0.0
2025-05-06 00:00:00-04:00,508.4144683184942,513.3113636430429,507.4727460440511,509.09844970703125,4694300,0.0,0.0,0.0
2025-05-07 00:00:00-04:00,510.4267343233471,513.65829688405,506.640091055815,511.3982238769531,5460000,0.0,0.0,0.0
2025-05-08 00:00:00-04:00,515.0064339222881,519.6555110570382,511.8442676770843,514.8082275390625,5088200,0.0,0.0,0.0
2025-05-09 00:00:00-04:00,516.1464446914268,517.0782446412209,512.8454854380793,514.124267578125,4739500,0.0,0.0,0.0
2025-05-12 00:00:00-04:00,529.8358773001077,531.2434692382812,525.7617562628097,531.2434692382812,7793600,0.0,0.0,0.0
2025-05-13 00:00:00-04:00,531.6498801343447,536.7549037687634,531.1046916591708,534.7327270507812,7356800,0.0,0.0,0.0
2025-05-14 00:00:00-04:00,535.654652505881,536.6954779615137,533.5432343374993,535.3969116210938,5031300,0.0,0.0,0.0
2025-05-15 00:00:00-04:00,533.5630713925327,538.5095182163107,533.1467533168634,538.0238037109375,7362200,0.0,0.0,0.0
2025-05-16 00:00:00-04:00,538.7275325280139,541.7013538699605,536.9730190779994,541.4932250976562,7255300,0.0,0.0,0.0
2025-05-19 00:00:00-04:00,535.9123526778604,542.6728471701973,535.8628010889862,542.04833984375,7766100,0.0,0.0,0.0
2025-05-20 00:00:00-04:00,540.4623654796756,541.2950622365233,537.2605699138555,540.1253662109375,7158200,0.0,0.0,0.0
2025-05-21 00:00:00-04:00,536.1898889900331,539.9369330263775,530.1530653793247,531.0947875976562,6339500,0.0,0.0,0.0
2025-05-22 00:00:00-04:00,530.9262117830532,534.5245404406996,529.7763608206399,531.3425903320312,5816600,0.0,0.0,0.0
2025-05-23 00:00:00-04:00,524.810096688613,530.1431547355588,524.4928818026269,527.7542114257812,6455900,0.0,0.0,0.0
2025-05-27 00:00:00-04:00,534.0190140793562,538.777176913718,532.4924741465733,538.5987548828125,6118100,0.0,0.0,0.0
2025-05-28 00:00:00-04:00,539.0447667832817,540.1451267013113,534.9012494914662,535.5257568359375,4910500,0.0,0.0,0.0
2025-05-29 00:00:00-04:00,540.3929684461187,540.5218388879958,534.0388691283658,537.587646484375,4659500,0.0,0.0,0.0
2025-05-30 00:00:00-04:00,536.626075577532,538.6483129572406,531.4813618655656,537.0325317382812,6171500,0.0,0.0,0.0
2025-06-02 00:00:00-04:00,535.5356590729748,540.1549682617188,533.1070262140589,540.1549682617188,5933500,0.0,0.0,0.0
2025-06-03 00:00:00-04:00,539.7783266905233,544.0804209045141,539.3421638183513,543.218017578125,4993600,0.0,0.0,0.0
2025-06-04 00:00:00-04:00,543.9615929902021,544.8537637674294,542.663026504943,542.8712158203125,4543400,0.0,0.0,0.0
2025-06-05 00:00:00-04:00,544.6851423662704,545.8251315086663,538.5987668351376,540.33349609375,6372100,0.0,0.0,0.0
2025-06-06 00:00:00-04:00,545.4980143155444,547.5004069515952,543.9120002787595,545.8548583984375,4736000,0.0,0.0,0.0
2025-06-09 00:00:00-04:00,546.4892488564764,547.8770564156325,545.3988718475345,546.439697265625,4516400,0.0,0.0,0.0
2025-06-10 00:00:00-04:00,546.9651577293034,549.8992898382805,545.9341941212333,549.5523681640625,5984100,0.0,0.0,0.0
2025-06-11 00:00:00-04:00,550.5633807405866,551.3762325554322,546.1026484290911,548.03564453125,20800600,0.0,0.0,0.0
2025-06-12 00:00:00-04:00,546.7866182561522,550.1569734657926,546.3207485991272,550.107421875,8422900,0.0,0.0,0.0
2025-06-13 00:00:00-04:00,545.4385278337941,548.4222718808753,542.633205824081,543.9813842773438,7100600,0.0,0.0,0.0
2025-06-16 00:00:00-04:00,547.1236892885053,550.8409662130922,547.0542928589398,549.235107421875,7421300,0.0,0.0,0.0
2025-06-17 00:00:00-04:00,546.9749237624104,548.3329639672315,543.8524477341375,544.5562133789062,4753300,0.0,0.0,0.0
2025-06-18 00:00:00-04:00,545.3591595323294,547.8869560888908,543.6046460726902,544.4472045898438,4602300,0.0,0.0,0.0
2025-06-20 00:00:00-04:00,546.9055246902658,547.8967984409572,541.8500527627587,542.9404296875,9978500,0.0,0.0,0.0
2025-06-23 00:00:00-04:00,543.8723116025063,548.8683707824362,540.9877311733076,548.5313110351562,9820200,0.0,0.0,0.0
2025-06-24 00:00:00-04:00,552.3179998170391,555.5396400823059,551.5150703556442,554.5582885742188,6770000,0.0,0.0,0.0
2025-06-25 00:00:00-04:00,555.6288829762656,556.1245199415973,553.4679130677265,554.8358154296875,16472300,0.0,0.0,0.0
2025-06-26 00:00:00-04:00,556.6201177570802,559.6236460944064,556.0650068150547,559.2271728515625,6081400,0.0,0.0,0.0
2025-06-27 00:00:00-04:00,560.1787151579756,563.370648212912,558.2953312645185,562.002685546875,6056500,0.0,0.0,0.0
2025-06-30 00:00:00-04:00,564.2846802657554,565.9253560347773,562.1766965355931,564.8117065429688,5750600,1.745,0.0,0.0
2025-07-01 00:00:00-04:00,563.3499953622305,565.5772943130643,562.5942916419095,564.5531616210938,7412700,0.0,0.0,0.0
2025-07-02 00:00:00-04:00,564.1554596971229,567.1086641933864,563.5986349041015,567.0588989257812,6164000,0.0,0.0,0.0
2025-07-03 00:00:00-04:00,568.9381831259236,572.4084000655041,568.8884785496117,571.9609375,4837000,0.0,0.0,0.0
2025-07-07 00:00:00-04:00,569.7535487161342,570.34023265111,564.7619711549579,567.3770751953125,6417800,0.0,0.0,0.0
2025-07-08 00:00:00-04:00,567.9140988935585,568.5902389814745,566.2535168016856,566.999267578125,6944600,0.0,0.0,0.0
2025-07-09 00:00:00-04:00,569.2165984292465,571.0063879156759,567.5262180906509,570.3600463867188,7156500,0.0,0.0,0.0
2025-07-10 00:00:00-04:00,570.5291847441787,572.9951144781767,569.4552866677095,572.0305786132812,4961700,0.0,0.0,0.0
2025-07-11 00:00:00-04:00,569.2066329278995,571.12569067815,568.13273498379,569.9722290039062,4428900,0.0,0.0,0.0
2025-07-14 00:00:00-04:00,569.6043847666239,571.4240335455327,568.3416214626598,571.0958862304688,4747000,0.0,0.0,0.0
2025-07-15 00:00:00-04:00,573.5817135367072,573.8899547404444,568.6100420639461,568.6199951171875,5399000,0.0,0.0,0.0
2025-07-16 00:00:00-04:00,570.1512791910823,571.006392074588,564.9508698316273,570.4893188476562,6141200,0.0,0.0,0.0
2025-07-17 00:00:00-04:00,570.7677814602514,574.3772197431613,570.548996360714,573.9098510742188,6495300,0.0,0.0,0.0
2025-07-18 00:00:00-04:00,575.1925121224881,575.2223712812718,572.5774688443802,573.6513061523438,4262400,0.0,0.0,0.0
2025-07-21 00:00:00-04:00,574.7053355807578,577.2409366690971,574.3175913166746,574.675537109375,5913800,0.0,0.0,0.0
2025-07-22 00:00:00-04:00,575.0036844306926,575.5605092268993,572.3786272388537,574.675537109375,4767700,0.0,0.0,0.0
2025-07-23 00:00:00-04:00,577.280674513253,579.6571480667276,575.590294057537,579.5576782226562,4257300,0.0,0.0,0.0
2025-07-24 00:00:00-04:00,580.0349470309084,581.4369315691747,579.4184039841032,579.9553833007812,3840900,0.0,0.0,0.0
2025-07-25 00:00:00-04:00,580.5022770204185,582.7196229809774,580.2835526159447,582.2622680664062,4210100,0.0,0.0,0.0
2025-07-28 00:00:00-04:00,582.7196231504169,583.1770387544675,580.9298336348198,582.123046875,4193100,0.0,0.0,0.0
2025-07-29 00:00:00-04:00,583.4952882151412,583.7538248554031,579.8162389969906,580.6116943359375,5053400,0.0,0.0,0.0
2025-07-30 00:00:00-04:00,581.3474979837358,582.8291071535077,577.2607983452607,579.90576171875,6974700,0.0,0.0,0.0
2025-07-31 00:00:00-04:00,584.4995637453875,584.8276503765786,576.5548421923058,577.7281494140625,7046800,0.0,0.0,0.0
2025-08-01 00:00:00-04:00,572.4680605049679,572.4780135581487,566.0645452593706,568.2123413085938,8781300,0.0,0.0,0.0
2025-08-04 00:00:00-04:00,571.9112155806541,576.9226990593714,571.821759483875,576.8530883789062,6640100,0.0,0.0,0.0
2025-08-05 00:00:00-04:00,577.4993696841069,578.2053688527969,573.1342884318043,574.078857421875,4647400,0.0,0.0,0.0
2025-08-06 00:00:00-04:00,574.9737967215798,578.9710399429853,574.1385292240667,578.3446044921875,4545000,0.0,0.0,0.0
2025-08-07 00:00:00-04:00,581.5562545219639,582.202596045287,575.033424420063,577.9965209960938,4594300,0.0,0.0,0.0
2025-08-08 00:00:00-04:00,579.6273096503606,582.848943202314,579.2991623250759,582.42138671875,4342300,0.0,0.0,0.0
2025-08-11 00:00:00-04:00,582.709758498944,584.0321794205664,580.1344059606674,581.2281494140625,5373900,0.0,0.0,0.0
2025-08-12 00:00:00-04:00,583.4256648697123,587.6118342238035,582.113136278719,587.432861328125,5851900,0.0,0.0,0.0
2025-08-13 00:00:00-04:00,589.5009855528509,590.6644003150951,587.4626124897578,589.4811401367188,5393000,0.0,0.0,0.0
2025-08-14 00:00:00-04:00,587.5720308747713,590.1473835172615,587.1544274452207,589.4910888671875,6236700,0.0,0.0,0.0
2025-08-15 00:00:00-04:00,590.4953263506237,590.5848431369229,587.3134445954516,588.2183227539062,7196300,0.0,0.0,0.0
2025-08-18 00:00:00-04:00,587.6316695923985,588.6658161133237,587.0052341235611,588.009521484375,5311700,0.0,0.0,0.0
2025-08-19 00:00:00-04:00,587.9001698021217,588.7652358099382,583.6145912878824,584.7978515625,6739300,0.0,0.0,0.0
2025-08-20 00:00:00-04:00,584.4796646468747,584.6685905986217,578.5534101457016,583.2566528320312,7113600,0.0,0.0,0.0
2025-08-21 00:00:00-04:00,581.6158896228477,583.1372500622058,579.3488392314234,580.9596557617188,4807300,0.0,0.0,0.0
2025-08-22 00:00:00-04:00,582.9483777281517,590.9527565438972,582.5208212704941,589.8490600585938,6389300,0.0,0.0,0.0
2025-08-25 00:00:00-04:00,588.6955984869797,589.8689056549586,587.2040970665975,587.353271484375,6483000,0.0,0.0,0.0
2025-08-26 00:00:00-04:00,587.0350815288523,590.067788967958,586.4483975958944,589.6998901367188,4776600,0.0,0.0,0.0
2025-08-27 00:00:00-04:00,589.1629254383371,591.7680762129852,589.0833617085332,591.0521240234375,6171400,0.0,0.0,0.0
2025-08-28 00:00:00-04:00,591.6985229421906,593.6871915548227,589.9087333286917,593.1403198242188,5058700,0.0,0.0,0.0
2025-08-29 00:00:00-04:00,591.8675229239278,592.1757641209703,587.9001388851298,589.7197875976562,7512000,0.0,0.0,0.0
2025-09-02 00:00:00-04:00,582.7395625599719,585.4640288556581,580.3630889966092,585.3745727539062,11116700,0.0,0.0,0.0
2025-09-03 00:00:00-04:00,587.4626141789571,588.8745518170082,585.4441472155382,588.367431640625,8205900,0.0,0.0,0.0
2025-09-04 00:00:00-04:00,589.1131869374856,593.3888727855248,588.2481209907708,593.2098999023438,8045600,0.0,0.0,0.0
2025-09-05 00:00:00-04:00,595.5166829585872,596.2027760002211,588.098988494133,591.589111328125,6641500,0.0,0.0,0.0
2025-09-08 00:00:00-04:00,592.9314964147533,594.0252398919042,591.6587800425785,593.1204223632812,9472200,0.0,0.0,0.0
2025-09-09 00:00:00-04:00,593.2297601857944,594.9797982287735,591.6388496136398,594.5621948242188,7844800,0.0,0.0,0.0
2025-09-10 00:00:00-04:00,597.5153133777854,598.3406277884415,594.7709411702801,596.2823486328125,21641100,0.0,0.0,0.0
2025-09-11 00:00:00-04:00,598.0224899876716,601.8009483112475,597.48557129658,601.1447143554688,9109700,0.0,0.0,0.0
2025-09-12 00:00:00-04:00,601.1646163190375,602.5466949070278,600.5282277855256,601.0154418945312,8130500,0.0,0.0,0.0
2025-09-15 00:00:00-04:00,603.0338727963833,604.3265558928599,602.7654438134858,604.1475830078125,7710700,0.0,0.0,0.0
2025-09-16 00:00:00-04:00,604.7142838329603,604.972820445287,602.6262062076754,603.35205078125,6393200,0.0,0.0,0.0
2025-09-17 00:00:00-04:00,603.4018786860435,604.883427145041,598.1418111766942,602.6561279296875,11613600,0.0,0.0,0.0
2025-09-18 00:00:00-04:00,605.1021242579728,607.8464966277915,603.6305289191104,605.4899291992188,11057500,0.0,0.0,0.0
2025-09-19 00:00:00-04:00,607.1604419651136,609.1988152649645,605.4004507275611,608.3139038085938,6065700,0.0,0.0,0.0
2025-09-22 00:00:00-04:00,607.06100972383,611.734332486025,607.0510566703133,611.2769775390625,11583800,0.0,0.0,0.0
2025-09-23 00:00:00-04:00,611.2272788400776,611.7741505845999,606.8820426660336,608.0751953125,10753000,0.0,0.0,0.0
2025-09-24 00:00:00-04:00,609.1590241288386,609.2683863358677,604.7441774305381,606.0467529296875,23787300,0.0,0.0,0.0
2025-09-25 00:00:00-04:00,603.1830577473652,604.4856332301953,599.9315652221774,603.1532592773438,6965700,0.0,0.0,0.0
2025-09-26 00:00:00-04:00,604.5850658369075,607.2399212153283,603.1333160253357,606.7029418945312,6438600,0.0,0.0,0.0
2025-09-29 00:00:00-04:00,609.0663138092174,609.9538168146053,606.762835120086,608.408203125,5658800,1.74,0.0,0.0
2025-09-30 00:00:00-04:00,607.7101682589858,611.1304814223963,606.5534685833694,610.65185546875,6515700,0.0,0.0,0.0
2025-10-01 00:00:00-04:00,607.9794413478384,613.6533866263884,607.849803338256,612.835693359375,10020000,0.0,0.0,0.0
2025-10-02 00:00:00-04:00,614.670432550915,614.7402423108704,611.2900455607868,613.5137329101562,7139500,0.0,0.0,0.0
2025-10-03 00:00:00-04:00,614.2117886646731,616.674789059916,612.55643913542,613.5635986328125,7210700,0.0,0.0,0.0
2025-10-06 00:00:00-04:00,615.7175430885821,616.5352363432314,613.7430892832919,615.65771484375,6056400,0.0,0.0,0.0
2025-10-07 00:00:00-04:00,616.5550943874372,616.9938551057744,612.0877567919383,613.4638671875,7466300,0.0,0.0,0.0
2025-10-08 00:00:00-04:00,614.4809513135795,617.1534417101326,613.7231472159369,617.0238037109375,5035200,0.0,0.0,0.0
2025-10-09 00:00:00-04:00,617.4825145204802,617.84154485691,613.5437101040723,615.3585205078125,5898500,0.0,0.0,0.0
2025-10-10 00:00:00-04:00,616.2460205619025,617.8514625298008,598.5361295990145,598.8153686523438,13664200,0.0,0.0,0.0
2025-10-13 00:00:00-04:00,605.6559795199996,609.3056849779514,604.8682308333726,607.8896484375,6968400,0.0,0.0,0.0
2025-10-14 00:00:00-04:00,602.4949567872518,610.4125525025372,598.8153675509674,607.0321044921875,7493500,0.0,0.0,0.0
2025-10-15 00:00:00-04:00,611.3399153130877,614.4710687969058,604.1103749130206,609.7045288085938,6504900,0.0,0.0,0.0
2025-10-16 00:00:00-04:00,611.3797933420311,613.065026608591,602.4351358323087,605.6759643554688,7594800,0.0,0.0,0.0
2025-10-17 00:00:00-04:00,604.628928320771,610.2928919918451,603.3923764901953,609.0364379882812,6911000,0.0,0.0,0.0
2025-10-20 00:00:00-04:00,611.7786392610752,616.2659399291223,611.7786392610752,615.4282836914062,4086200,0.0,0.0,0.0
2025-10-21 00:00:00-04:00,615.5878847487681,616.9938788873429,614.2416579901371,615.3485717773438,4216200,0.0,0.0,0.0
2025-10-22 00:00:00-04:00,616.0864577544928,616.0864577544928,608.1090343116314,612.2373046875,6961600,0.0,0.0,0.0
2025-10-23 00:00:00-04:00,612.5165706286896,616.7246324654526,612.2572946173415,615.6975708007812,5851800,0.0,0.0,0.0
2025-10-24 00:00:00-04:00,620.164924846306,622.0296428376574,619.4569674184256,620.7931518554688,5694900,0.0,0.0,0.0
2025-10-27 00:00:00-04:00,625.968475034147,628.5112666277245,625.3900947829738,628.2221069335938,7804300,0.0,0.0,0.0
2025-10-28 00:00:00-04:00,629.927311668165,631.6025633391333,627.863145985299,629.9073486328125,5625600,0.0,0.0,0.0
2025-10-29 00:00:00-04:00,631.4230799481803,632.3404666326501,626.0981228453509,630.1666259765625,6104500,0.0,0.0,0.0
2025-10-30 00:00:00-04:00,627.035457448466,628.8503286011702,623.3359053837717,623.4755249023438,6243300,0.0,0.0,0.0
2025-10-31 00:00:00-04:00,628.0625937585746,628.1622872095131,622.737636666961,625.2704467773438,7058600,0.0,0.0,0.0
2025-11-03 00:00:00-05:00,628.6409053492039,628.7605618340095,623.3957396012149,626.4970092773438,5568100,0.0,0.0,0.0
2025-11-04 00:00:00-05:00,619.8957203832224,623.4057455130561,618.449800128511,619.237548828125,8390500,0.0,0.0,0.0
2025-11-05 00:00:00-05:00,618.8386813614137,624.2333872092119,618.0808163928704,621.1022338867188,10323100,0.0,0.0,0.0
2025-11-06 00:00:00-05:00,620.2048049141433,621.0324187716259,613.0849399136996,614.5009155273438,7099400,0.0,0.0,0.0
2025-11-07 00:00:00-05:00,612.3570228505718,615.2787468868712,606.2043911907548,615.1491088867188,7571300,0.0,0.0,0.0
2025-11-10 00:00:00-05:00,620.9327254539305,625.4399891576033,618.9084250490456,624.7020263671875,8425000,0.0,0.0,0.0
2025-11-11 00:00:00-05:00,623.3957610351957,626.7163807600025,622.3088711170228,626.1380004882812,5639200,0.0,0.0,0.0
2025-11-12 00:00:00-05:00,627.8731005018319,627.9927569829758,624.3330702021078,626.4470825195312,6090200,0.0,0.0,0.0
2025-11-13 00:00:00-05:00,623.9042907847992,624.2533395737732,614.770167837483,616.2459716796875,13065800,0.0,0.0,0.0
2025-11-14 00:00:00-05:00,610.0236276722206,619.4668739039655,608.1090629972355,616.0864868164062,9681700,0.0,0.0,0.0
2025-11-17 00:00:00-05:00,614.0023759723429,617.7019282870357,607.0919396909817,610.3128051757812,8902500,0.0,0.0,0.0
2025-11-18 00:00:00-05:00,607.0021652922746,609.7843308752952,601.2983363244247,605.2870483398438,8542600,0.0,0.0,0.0
2025-11-19 00:00:00-05:00,605.8055832653334,611.8384978456554,603.9607674925649,607.4808349609375,7449400,0.0,0.0,0.0
2025-11-20 00:00:00-05:00,616.9739140162726,619.3771469668188,597.6685634485882,598.2669067382812,13985000,0.0,0.0,0.0
2025-11-21 00:00:00-05:00,600.5504241627623,609.2857127977412,596.6913503410358,604.2200317382812,9821400,0.0,0.0,0.0
2025-11-24 00:00:00-05:00,607.5605896212248,614.3513687918355,606.5932953943952,613.20458984375,6242700,0.0,0.0,0.0
2025-11-25 00:00:00-05:00,613.04509684152,619.9953980241507,609.2657534123575,618.908447265625,7389500,0.0,0.0,0.0
2025-11-26 00:00:00-05:00,621.3017203458503,625.041137834417,620.5039901208723,623.1864013671875,5323200,0.0,0.0,0.0
2025-11-28 00:00:00-05:00,624.2633690469028,626.8560074871706,623.9442647851458,626.6365966796875,2953200,0.0,0.0,0.0
2025-12-01 00:00:00-05:00,622.4085340135617,626.2377240597434,622.3387242546335,623.7547607421875,9191600,0.0,0.0,0.0
2025-12-02 00:00:00-05:00,625.2405467866423,626.995589690376,622.8572769148013,624.811767578125,5280600,0.0,0.0,0.0
2025-12-03 00:00:00-05:00,624.004071588352,628.00276494655,623.1863783574937,626.99560546875,6338400,0.0,0.0,0.0
2025-12-04 00:00:00-05:00,628.3517225601405,628.4015692831588,624.7119988361619,627.5240478515625,5147700,0.0,0.0,0.0
2025-12-05 00:00:00-05:00,628.5212598985469,631.1936895443081,627.7035666627454,628.7007446289062,5693100,0.0,0.0,0.0
2025-12-08 00:00:00-05:00,629.5782378188794,629.6879127831298,624.9314154850509,626.8359985351562,6876700,0.0,0.0,0.0
2025-12-09 00:00:00-05:00,626.4072448918602,628.4315453690031,625.8886928754664,626.3274536132812,12849000,0.0,0.0,0.0
2025-12-10 00:00:00-05:00,625.8587921660036,631.7222032923954,624.7020316782604,630.3759765625,22457400,0.0,0.0,0.0
2025-12-11 00:00:00-05:00,628.2221396062009,632.0812135947486,625.4998631440401,631.9216918945312,33921000,0.0,0.0,0.0
2025-12-12 00:00:00-05:00,631.0142102350223,631.6424372281339,622.7176821817394,625.1009521484375,8534700,0.0,0.0,0.0
2025-12-15 00:00:00-05:00,628.7805367860499,628.7805367860499,622.8074504984702,624.1935424804688,11337200,0.0,0.0,0.0
2025-12-16 00:00:00-05:00,622.7874927567435,624.4527629350972,618.898535167976,622.448486328125,15819600,0.0,0.0,0.0
2025-12-17 00:00:00-05:00,623.4256900570984,623.8744323108245,615.4183218393827,615.6077880859375,21356900,0.0,0.0,0.0
2025-12-18 00:00:00-05:00,621.2917429200417,624.1736019573118,618.818760947447,620.2546997070312,37062400,0.0,0.0,0.0
2025-12-19 00:00:00-05:00,622.2190873074787,626.3574002086103,622.0994308206766,625.7890014648438,10487000,0.0,0.0,0.0
2025-12-22 00:00:00-05:00,628.969970703125,630.27001953125,627.7999877929688,629.72998046875,9850100,1.771,0.0,0.0
2025-12-23 00:00:00-05:00,628.9400024414062,632.8800048828125,628.9199829101562,632.6699829101562,13798500,0.0,0.0,0.0
2025-12-24 00:00:00-05:00,632.6699829101562,635.3200073242188,632.5399780273438,634.780029296875,3275200,0.0,0.0,0.0
2025-12-26 00:00:00-05:00,635.1400146484375,636.0800170898438,633.8800048828125,634.8400268554688,3852100,0.0,0.0,0.0
2025-12-29 00:00:00-05:00,632.2999877929688,633.7899780273438,630.9500122070312,632.5999755859375,6579400,0.0,0.0,0.0
2025-12-30 00:00:00-05:00,632.2000122070312,633.2100219726562,631.4099731445312,631.719970703125,4180400,0.0,0.0,0.0
2025-12-31 00:00:00-05:00,631.9400024414062,632.1400146484375,626.9400024414062,627.1300048828125,5556800,0.0,0.0,0.0
2026-01-02 00:00:00-05:00,630.6400146484375,631.6599731445312,625.2100219726562,628.2999877929688,11337000,0.0,0.0,0.0
2026-01-05 00:00:00-05:00,631.3800048828125,634.0399780273438,631.22998046875,632.4600219726562,16175600,0.0,0.0,0.0
2026-01-06 00:00:00-05:00,632.6400146484375,636.6799926757812,632.530029296875,636.2100219726562,8672000,0.0,0.0,0.0
2026-01-07 00:00:00-05:00,636.5800170898438,638.219970703125,633.9299926757812,634.1699829101562,8820100,0.0,0.0,0.0
2026-01-08 00:00:00-05:00,633.47998046875,635.0999755859375,632.239990234375,634.0599975585938,9017400,0.0,0.0,0.0
2026-01-09 00:00:00-05:00,635.1500244140625,639.4400024414062,633.7999877929688,638.3099975585938,7864100,0.0,0.0,0.0
2026-01-12 00:00:00-05:00,635.1900024414062,640.1599731445312,635.1599731445312,639.3400268554688,7929800,0.0,0.0,0.0
2026-01-13 00:00:00-05:00,639.6799926757812,640.1500244140625,635.8200073242188,638.030029296875,8860000,0.0,0.0,0.0
2026-01-14 00:00:00-05:00,635.489990234375,636.1199951171875,631.0,634.9400024414062,8683400,0.0,0.0,0.0
2026-01-15 00:00:00-05:00,638.77001953125,639.5800170898438,635.7000122070312,636.6199951171875,6937000,0.0,0.0,0.0
2026-01-16 00:00:00-05:00,637.9600219726562,638.510009765625,634.6799926757812,636.0900268554688,6733700,0.0,0.0,0.0
2026-01-20 00:00:00-05:00,626.760009765625,629.760009765625,622.219970703125,623.1500244140625,14877600,0.0,0.0,0.0
2026-01-21 00:00:00-05:00,625.02001953125,633.4000244140625,623.6500244140625,630.2899780273438,10403800,0.0,0.0,0.0
2026-01-22 00:00:00-05:00,634.4299926757812,635.6199951171875,631.75,633.5700073242188,6085500,0.0,0.0,0.0
2026-01-23 00:00:00-05:00,632.8800048828125,635.469970703125,631.969970703125,633.8300170898438,5850400,0.0,0.0,0.0
2026-01-26 00:00:00-05:00,635.030029296875,638.3900146484375,634.52001953125,637.0900268554688,9007400,0.0,0.0,0.0
2026-01-27 00:00:00-05:00,638.4199829101562,640.5999755859375,637.8699951171875,639.7000122070312,4339600,0.0,0.0,0.0
2026-01-28 00:00:00-05:00,641.0499877929688,641.8099975585938,638.219970703125,639.5999755859375,5568700,0.0,0.0,0.0
2026-01-29 00:00:00-05:00,640.4299926757812,641.0399780273438,629.8200073242188,638.27001953125,8697200,0.0,0.0,0.0
2026-01-30 00:00:00-05:00,636.25,638.4500122070312,631.9500122070312,636.219970703125,6562300,0.0,0.0,0.0
2026-02-02 00:00:00-05:00,634.1799926757812,640.9600219726562,634.0700073242188,639.6799926757812,9490300,0.0,0.0,0.0
2026-02-03 00:00:00-05:00,640.3300170898438,641.0,629.1099853515625,634.1500244140625,9702800,0.0,0.0,0.0
2026-02-04 00:00:00-05:00,634.9299926757812,635.9199829101562,627.0,630.9099731445312,11322000,0.0,0.0,0.0
2026-02-05 00:00:00-05:00,626.239990234375,628.75,621.5,623.0999755859375,11714700,0.0,0.0,0.0
2026-02-06 00:00:00-05:00,626.719970703125,636.719970703125,626.2000122070312,635.239990234375,12987900,0.0,0.0,0.0
2026-02-09 00:00:00-05:00,634.0700073242188,639.989990234375,633.1099853515625,638.22998046875,8908500,0.0,0.0,0.0
2026-02-10 00:00:00-05:00,639.1400146484375,640.6199951171875,636.0800170898438,636.4400024414062,13645300,0.0,0.0,0.0
2026-02-11 00:00:00-05:00,640.489990234375,641.1500244140625,633.8400268554688,636.3499755859375,5345000,0.0,0.0,0.0
2026-02-12 00:00:00-05:00,638.510009765625,639.52001953125,625.760009765625,626.489990234375,8951100,0.0,0.0,0.0
2026-02-13 00:00:00-05:00,626.9299926757812,631.1699829101562,623.1199951171875,626.8900146484375,9312800,0.0,0.0,0.0
2026-02-17 00:00:00-05:00,625.5399780273438,629.9299926757812,621.510009765625,627.989990234375,8718600,0.0,0.0,0.0
2026-02-18 00:00:00-05:00,629.1099853515625,633.7550048828125,628.0,631.1500244140625,9495872,0.0,0.0,0.0
